file,line,category,old_text,new_text
original dataset/test.csv,131,card_payment_wrong_exchange_rate,My exchange went wrong. I swapped Russian Ruble for UK pounds and was charged too much.,My exchange went wrong. I swapped LKR for USD and was charged too much.
original dataset/test.csv,150,card_payment_wrong_exchange_rate,I'm pretty sure something went wrong with my exchange. I changed Russian Ruble to UK pounds and was charged way too much!,I'm pretty sure something went wrong with my exchange. I changed LKR to USD and was charged way too much!
original dataset/test.csv,162,extra_charge_on_statement,My statement has a dollar I have been charged showing up on it.,My statement has Rs 10 I have been charged showing up on it.
original dataset/test.csv,163,extra_charge_on_statement,Why is there a fee for an extra pound in my statement?,Why is there a fee for an extra Rs 10 in my statement?
original dataset/test.csv,165,extra_charge_on_statement,Why is there an extra dollar charged to my account?,Why is there an extra Rs 10 charged to my account?
original dataset/test.csv,167,extra_charge_on_statement,I would like a refund on the extra pound I was charged.,I would like a refund on the extra Rs 10 I was charged.
original dataset/test.csv,168,extra_charge_on_statement,Can you explain what this random $1 charge is?,Can you explain what this random Rs 10 charge is?
original dataset/test.csv,169,extra_charge_on_statement,What is this $1 charge on my statement?,What is this Rs 10 charge on my statement?
original dataset/test.csv,171,extra_charge_on_statement,"I do not remember purchasing anything for 1£, and it is on my statement. Can you please tell me what that is about?","I do not remember purchasing anything for Rs 10, and it is on my statement. Can you please tell me what that is about?"
original dataset/test.csv,172,extra_charge_on_statement,I can see an extra 1£ charge on my app. Why did you charge me extra?,I can see an extra Rs 10 charge on my app. Why did you charge me extra?
original dataset/test.csv,173,extra_charge_on_statement,Can you tell me why I noticed a $1 charge on my statement?,Can you tell me why I noticed a Rs 10 charge on my statement?
original dataset/test.csv,174,extra_charge_on_statement,When will the $1 transaction be credited to me?,When will the Rs 10 transaction be credited to me?
original dataset/test.csv,176,extra_charge_on_statement,"I noticed an extra $1 charge on my statement, can you tell me why that is?","I noticed an extra Rs 10 charge on my statement, can you tell me why that is?"
original dataset/test.csv,177,extra_charge_on_statement,There is an extra $1 charge,There is an extra Rs 10 charge
original dataset/test.csv,179,extra_charge_on_statement,Why is there an extra 1 pound charge on my card?,Why is there an extra 1 Rs 10 charge on my card?
original dataset/test.csv,182,extra_charge_on_statement,Where did this 1 euro fee come from?,Where did this Rs 10 fee come from?
original dataset/test.csv,184,extra_charge_on_statement,I have a 1 euro fee on my statement.,I have a Rs 10 fee on my statement.
original dataset/test.csv,185,extra_charge_on_statement,Why was I overcharged a pound!?,Why was I overcharged Rs 10!?
original dataset/test.csv,186,extra_charge_on_statement,"Something went wrong, I was charged an extra pound?","Something went wrong, I was charged an extra Rs 10?"
original dataset/test.csv,192,extra_charge_on_statement,For some reason my account's been charged an extra dollar.,For some reason my account's been charged an extra Rs 10.
original dataset/test.csv,193,extra_charge_on_statement,There is a transaction for $1 and I don't know why it was charged.,There is a transaction for Rs 10 and I don't know why it was charged.
original dataset/test.csv,194,extra_charge_on_statement,"Can you help me with a weird charge?  It's a pound charge that never goes away from the statement view on the app I'm using.  It's not described as anything but ""Pending"", and that status has never changed during the last two days.","Can you help me with a weird charge?  It's a Rs 10 charge that never goes away from the statement view on the app I'm using.  It's not described as anything but ""Pending"", and that status has never changed during the last two days."
original dataset/test.csv,196,extra_charge_on_statement,"$1 extra has been charged on my statement, why is that?","Rs 10 extra has been charged on my statement, why is that?"
original dataset/test.csv,198,extra_charge_on_statement,"It's been two weeks, why has the transaction for $1.00 not been reversed?","It's been two weeks, why has the transaction for Rs 10 not been reversed?"
original dataset/test.csv,200,extra_charge_on_statement,I'm quite confused as to what is going on. There is some odd extra pound charge on my statement in the app that's just listed as pending and doesn't go away since a couple days.,I'm quite confused as to what is going on. There is some odd extra Rs 10 charge on my statement in the app that's just listed as pending and doesn't go away since a couple days.
original dataset/test.csv,405,exchange_via_app,How do I change GBP to AUD?,How do I change LKR to USD?
original dataset/test.csv,411,exchange_via_app,How do I interconvert between AUD and GBP?,How do I interconvert between USD and LKR?
original dataset/test.csv,413,exchange_via_app,What is the best way to exchange currency between USD and GBP using your app?,What is the best way to exchange currency between USD and LKR using your app?
original dataset/test.csv,414,exchange_via_app,If I wanted to make a change from GBP to AUD what is the process?,If I wanted to make a change from LKR to USD what is the process?
original dataset/test.csv,417,exchange_via_app,How do I exchange my GBP to AUD?,How do I exchange my LKR to USD?
original dataset/test.csv,421,exchange_via_app,"I need AUD not GBP, how do I change it?","I need USD not LKR, how do I change it?"
original dataset/test.csv,423,exchange_via_app,If I need GBP instead of AUD what do I do?,If I need LKR instead of USD what do I do?
original dataset/test.csv,425,exchange_via_app,"I might need AUD instead of GBP, how to change?","I might need USD instead of LKR, how to change?"
original dataset/test.csv,429,exchange_via_app,Where do I go to change GBP?,Where do I go to change LKR?
original dataset/test.csv,434,exchange_via_app,Can I exchange between GBP and USD on the app?,Can I exchange between LKR and USD on the app?
original dataset/test.csv,437,exchange_via_app,"I think I want AUD and not GBP, can you help?","I think I want USD and not LKR, can you help?"
original dataset/test.csv,439,exchange_via_app,Can I use this app to change dollars into euros?,Can I use this app to change USD into euros?
original dataset/test.csv,762,wrong_amount_of_cash_received,"I don't know if this is an issue with the ATM or my account, but I just tried withdrawing 30 pounds from the ATM I'm at now and it only gave me 10. Is this a glitch or what exactly is going on?","I don't know if this is an issue with the ATM or my account, but I just tried withdrawing Rs 30,000 from the ATM I'm at now and it only gave me Rs 10,000. Is this a glitch or what exactly is going on?"
original dataset/test.csv,768,wrong_amount_of_cash_received,I'm at an ATM and withdrew 30 pounds and was only given 10. What should I do?,"I'm at an ATM and withdrew Rs 30,000 and was only given Rs 10,000. What should I do?"
original dataset/test.csv,778,wrong_amount_of_cash_received,Why did I only get $20 when I tried to get $100,"Why did I only get Rs 20,000 when I tried to get Rs 100,000"
original dataset/test.csv,781,wrong_amount_of_cash_received,I tried to get $100 but I just got $20,"I tried to get Rs 100,000 but I just got Rs 20,000"
original dataset/test.csv,783,wrong_amount_of_cash_received,I asked for $100 cash but only got $20?,"I asked for Rs 100,000 cash but only got Rs 20,000?"
original dataset/test.csv,788,wrong_amount_of_cash_received,I asked for 100 but only got 20.,"I asked for Rs 100,000 but only got Rs 20,000."
original dataset/test.csv,792,wrong_amount_of_cash_received,What do I do if the ATM didn't give me the correct amount I withdrew? I pulled out 30 pounds and the ATM gave me 10 pounds.,"What do I do if the ATM didn't give me the correct amount I withdrew? I pulled out Rs 30,000 and the ATM gave me Rs 10,000."
original dataset/test.csv,795,wrong_amount_of_cash_received,I just got $20 when I tried to get $100,"I just got Rs 20,000 when I tried to get Rs 100,000"
original dataset/test.csv,2042,transfer_timing,What is the number of days I have to wait for my Europe transfer?,What is the number of days I have to wait for my overseas transfer?
original dataset/test.csv,2048,transfer_timing,Do transfers from Europe take longer?,Do transfers from overseas take longer?
original dataset/test.csv,2051,transfer_timing,"If I started the Bank transfer from Europe, how long will the process take to complete?","If I started the Bank transfer from overseas, how long will the process take to complete?"
original dataset/test.csv,2060,transfer_timing,How long is my Europe transfer wait?,How long is my overseas transfer wait?
original dataset/test.csv,2069,transfer_timing,"I initiated a Bank transfer form Europe, how long will this take?","I initiated a Bank transfer form overseas, how long will this take?"
original dataset/test.csv,2070,transfer_timing,How long does it take to process transfers from Europe?,How long does it take to process transfers from overseas?
original dataset/test.csv,2078,transfer_timing,If my transfer is from Europe how long will it take?,If my transfer is from overseas how long will it take?
original dataset/test.csv,2247,receiving_money,Is there a problem with receiving my salary in GBP?,Is there a problem with receiving my salary in LKR?
original dataset/test.csv,2248,receiving_money,Do I need to choose GBP to get my salary deposited properly?,Do I need to choose LKR to get my salary deposited properly?
original dataset/test.csv,2249,receiving_money,"I get paid in GBP. Should I configure this and if so, where?","I get paid in LKR. Should I configure this and if so, where?"
original dataset/test.csv,2252,receiving_money,My salary is received in the form of GBP. Do I need to do anything specific to configure this?,My salary is received in the form of LKR. Do I need to do anything specific to configure this?
original dataset/test.csv,2254,receiving_money,Is GBP a supported currency?,Is LKR a supported currency?
original dataset/test.csv,2255,receiving_money,Do I need to establish I am paid in GBP before a transfer?,Do I need to establish I am paid in LKR before a transfer?
original dataset/test.csv,2256,receiving_money,"Salary in GBP has been received, does it need to be configured elsewhere?","Salary in LKR has been received, does it need to be configured elsewhere?"
original dataset/test.csv,2264,receiving_money,Is it possible to deposit money in GBP?,Is it possible to deposit money in LKR?
original dataset/test.csv,2265,receiving_money,I received my salary in GBP. How do I change this to my currency?,I received my salary in LKR. How do I change this to my currency?
original dataset/test.csv,2273,receiving_money,I receive my salary in GBP. Do I need to configure this somehwere?,I receive my salary in LKR. Do I need to configure this somehwere?
original dataset/test.csv,2279,receiving_money,My salary is in GBP; how can I note this in the app?,My salary is in LKR; how can I note this in the app?
original dataset/test.csv,2577,wrong_exchange_rate_for_cash_withdrawal,Will there be additional costs of I make a withdrawal from a local ATM of British pounds? I need some cash to feel comfortable on the journey home,Will there be additional costs of I make a withdrawal from a local ATM of US dollars? I need some cash to feel comfortable on the journey home
original dataset/test.csv,2601,wrong_exchange_rate_for_cash_withdrawal,"Is there a local ATM that will provide British pounds, I have no money for my homeward journey and do not feel comfortable waiting until  I arrive in Britain. Will a withdrawal involve extra charges?","Is there a local ATM that will provide US dollars, I have no money for my homeward journey and do not feel comfortable waiting until  I arrive in Sri Lanka. Will a withdrawal involve extra charges?"
original dataset/test.csv,2682,balance_not_updated_after_bank_transfer,I made a transfer a few hours ago from a UK banking account.  I do not yet see the transfer.  Please check on this for me.,I made a transfer a few hours ago from a local bank account.  I do not yet see the transfer.  Please check on this for me.
original dataset/test.csv,2688,balance_not_updated_after_bank_transfer,The amount of time that transfers usually take from a UK account is what?I just completed a transfer and it is not showing up at all. I'm wondering at this point if everything is actually okay.,The amount of time that transfers usually take from a local bank account is what?I just completed a transfer and it is not showing up at all. I'm wondering at this point if everything is actually okay.
original dataset/test.csv,2693,balance_not_updated_after_bank_transfer,How long does a UK transfer take?,How long does a local bank transfer take?
original dataset/test.csv,2694,balance_not_updated_after_bank_transfer,Hello I made a bank transfer couple hours ago from my UK account but it doesn't show up yet. Can you please check if everything is alright with it?,Hello I made a bank transfer couple hours ago from my local bank account but it doesn't show up yet. Can you please check if everything is alright with it?
original dataset/test.csv,2698,balance_not_updated_after_bank_transfer,"Could you please check one of my transfer which i made few hours ago from my UK bank account, as its not showing yet.","Could you please check one of my transfer which i made few hours ago from my local bank account, as its not showing yet."
original dataset/test.csv,2712,balance_not_updated_after_bank_transfer,"I made a bank transfer a couple of hours ago from my UK account.  It hasn't appeared, can you check to make sure it went through?","I made a bank transfer a couple of hours ago from my local bank account.  It hasn't appeared, can you check to make sure it went through?"
original dataset/test.csv,2714,balance_not_updated_after_bank_transfer,"Hey, I try to make a bank transfer from my UK account a few hours ago, but it haven't show up yet. Please check my account to make sure everything alright with it?","Hey, I try to make a bank transfer from my local bank account a few hours ago, but it haven't show up yet. Please check my account to make sure everything alright with it?"
original dataset/test.csv,2718,balance_not_updated_after_bank_transfer,I need to know the time frame that is typical for a transfer from a UK account. I just made a transfer and it doesn't appear. I want to make sure everything is okay.,I need to know the time frame that is typical for a transfer from a local bank account. I just made a transfer and it doesn't appear. I want to make sure everything is okay.
original dataset/test.csv,2744,cash_withdrawal_not_recognised,There is an unauthorized cash withdrawal from my account for 500£.  I definitely didn't make this withdrawal.  I need your help.,"There is an unauthorized cash withdrawal from my account for Rs 500,000.  I definitely didn't make this withdrawal.  I need your help."
original dataset/test.csv,2756,cash_withdrawal_not_recognised,"Someone has stolen my card. Even though I have my card with me, someone just made a 500£ cash withdrawal. Please help as soon as possible.","Someone has stolen my card. Even though I have my card with me, someone just made a Rs 500,000 cash withdrawal. Please help as soon as possible."
original dataset/test.csv,2802,top_up_by_card_charge,Is there a fee for using a European bank card to top up?,Is there a fee for using a foreign bank card to top up?
original dataset/test.csv,2810,top_up_by_card_charge,Is there an additional charge for topping up using a European card?,Is there an additional charge for topping up using a foreign card?
original dataset/test.csv,2814,top_up_by_card_charge,Are there any fees if I use a European bank card for a top up?,Are there any fees if I use a foreign bank card for a top up?
original dataset/test.csv,2819,top_up_by_card_charge,"If I use a European bank card for top up, Do I get charged?","If I use a foreign bank card for top up, Do I get charged?"
original dataset/test.csv,2820,top_up_by_card_charge,Will there be any extra fees for European bank card for top up?,Will there be any extra fees for foreign bank card for top up?
original dataset/test.csv,2821,top_up_by_card_charge,Will I be charged if I use European bank card for top up?,Will I be charged if I use foreign bank card for top up?
original dataset/test.csv,2822,top_up_by_card_charge,I want to use a European bank card for a top up. Must I pay?,I want to use a foreign bank card for a top up. Must I pay?
original dataset/test.csv,2830,top_up_by_card_charge,"I need to use a European card for a top up, what will the charge be?","I need to use a foreign card for a top up, what will the charge be?"
original dataset/test.csv,2835,top_up_by_card_charge,Is there a charge or discount if I use a European bank in a top up?,Is there a charge or discount if I use a foreign bank in a top up?
original dataset/test.csv,3043,country_support,Are your cards available in Europe?,Are your cards available in Sri Lanka?
original dataset/test.csv,3047,country_support,Can I get a card outside the UK?,Can I get a card outside Sri Lanka?
original dataset/test.csv,3048,country_support,"I'm not in the UK, can I still get a card?","I'm not in Sri Lanka, can I still get a card?"
original dataset/test.csv,3049,country_support,"I'm not in the UK, is it possible for me to still get a card?","I'm not in Sri Lanka, is it possible for me to still get a card?"
original dataset/test.csv,3052,country_support,Can I get a card despite the fact I'm not in the UK?,Can I get a card despite the fact I'm not in Sri Lanka?
original dataset/test.csv,3057,country_support,Is it possible to get a card if I'm not in the UK?,Is it possible to get a card if I'm not in Sri Lanka?
original dataset/test.csv,3061,country_support,Can I get a card even if I live outside the UK?,Can I get a card even if I live outside Sri Lanka?
original dataset/test.csv,3063,country_support,"I would like to receive and use the card in Europe, is that possible?","I would like to receive and use the card in Sri Lanka, is that possible?"
original dataset/test.csv,3072,country_support,I don't live in the UK.  Can I still get a card?,I don't live in Sri Lanka.  Can I still get a card?
original dataset/test.csv,3076,country_support,"I'm not in the UK, can I get a card?","I'm not in Sri Lanka, can I get a card?"
original dataset/test.csv,3077,country_support,"If i'm not in the UK, can I still get a card?","If i'm not in Sri Lanka, can I still get a card?"
original dataset/test.csv,3081,country_support,Can the card be mailed and used in Europe?,Can the card be mailed and used in Sri Lanka?
original dataset/train.csv,411,card_payment_wrong_exchange_rate,I think something went wrong with my exchange between Russian Ruble and UK pounds. I was overcharged during the swap.,I think something went wrong with my exchange between LKR and USD. I was overcharged during the swap.
original dataset/train.csv,457,card_payment_wrong_exchange_rate,I question today's exchange rate for rubles into pounds. I was hoping for a better return.,I question today's exchange rate for LKR into USD. I was hoping for a better return.
original dataset/train.csv,472,card_payment_wrong_exchange_rate,The fee charged when I changed rubles into British pounds was too much.,The fee charged when I changed LKR into USD was too much.
original dataset/train.csv,479,card_payment_wrong_exchange_rate,It seems that something went wrong with my exchange. I changed Russian Ruble into UK pounds but have been charged entirely too much!,It seems that something went wrong with my exchange. I changed LKR into USD but have been charged entirely too much!
original dataset/train.csv,486,card_payment_wrong_exchange_rate,I exchanged Russian rubles for British pounds today and got less than I expected. Was exchange rate correct?,I exchanged LKR for USD today and got less than I expected. Was exchange rate correct?
original dataset/train.csv,489,card_payment_wrong_exchange_rate,My client was converting their Russian ruble into UK pound currency when they noticed their bill was much too high for the exchange. What happened?,My client was converting their LKR into USD when they noticed their bill was much too high for the exchange. What happened?
original dataset/train.csv,490,card_payment_wrong_exchange_rate,I have been overcharged. I just changed over Russian Ruble to UK pounds and it was too much. It seems something was wrong with my exchange.,I have been overcharged. I just changed over LKR to USD and it was too much. It seems something was wrong with my exchange.
original dataset/train.csv,491,card_payment_wrong_exchange_rate,What is your exchange rate between UK pounds and Russian rubles for my last transaction,What is your exchange rate between USD and LKR for my last transaction
original dataset/train.csv,495,card_payment_wrong_exchange_rate,My exchange seems to have something wrong with it. I changed over Russian Ruble to UK pounds and it appears I was charged way more than I was supposed to be.,My exchange seems to have something wrong with it. I changed over LKR to USD and it appears I was charged way more than I was supposed to be.
original dataset/train.csv,501,card_payment_wrong_exchange_rate,I have been charged way to much so something is apparently wrong with my exchange. I changed Russian Ruble into UK pounds.,I have been charged way to much so something is apparently wrong with my exchange. I changed LKR into USD.
original dataset/train.csv,505,card_payment_wrong_exchange_rate,Why was I charged extra on my last UK pound to Russian ruble exchange?,Why was I charged extra on my last USD to LKR exchange?
original dataset/train.csv,565,card_payment_wrong_exchange_rate,"I'm going on a trip soon and I needed to convert my Russian ruble to UK pounds, but when I did, your company charged me above the exchange rate. Did you mess up my transaction?","I'm going on a trip soon and I needed to convert my LKR to USD, but when I did, your company charged me above the exchange rate. Did you mess up my transaction?"
original dataset/train.csv,574,extra_charge_on_statement,Why did they charge me an extra $1?,Why did they charge me an extra Rs 10?
original dataset/train.csv,575,extra_charge_on_statement,Why is there a 1 euro fee on my statement?,Why is there a Rs 10 fee on my statement?
original dataset/train.csv,576,extra_charge_on_statement,Why do I see an extra £1 charge on my statement?,Why do I see an extra Rs 10 charge on my statement?
original dataset/train.csv,577,extra_charge_on_statement,I am inquiring about a $1 charge on my statement.,I am inquiring about a Rs 10 charge on my statement.
original dataset/train.csv,578,extra_charge_on_statement,What is the $1 transaction on my account?,What is the Rs 10 transaction on my account?
original dataset/train.csv,579,extra_charge_on_statement,What is this extra pound charge for?,What is this extra Rs 10 charge for?
original dataset/train.csv,580,extra_charge_on_statement,I was charged $1 in a transaction.,I was charged Rs 10 in a transaction.
original dataset/train.csv,582,extra_charge_on_statement,There is a pending 1£ charge on my statement.  I haven't purchased anything for 1£.  Why is it on my statement?,There is a pending Rs 10 charge on my statement.  I haven't purchased anything for Rs 10.  Why is it on my statement?
original dataset/train.csv,584,extra_charge_on_statement,"I have a strange transaction for £1 on my statement, what is that?","I have a strange transaction for Rs 10 on my statement, what is that?"
original dataset/train.csv,585,extra_charge_on_statement,I have no idea why there is a dollar that has been charged to my account.,I have no idea why there is Rs 10 that has been charged to my account.
original dataset/train.csv,586,extra_charge_on_statement,I have been charged a pound for something that appears on my statement,I have been charged Rs 10 for something that appears on my statement
original dataset/train.csv,587,extra_charge_on_statement,Why is there a $1 charge on my statement?,Why is there a Rs 10 charge on my statement?
original dataset/train.csv,589,extra_charge_on_statement,Is there a reason why there is an extra £1 charge on my account?,Is there a reason why there is an extra Rs 10 charge on my account?
original dataset/train.csv,592,extra_charge_on_statement,There has been a charge pending on my account statement that I can't figue out it's for a dollar.,There has been a charge pending on my account statement that I can't figue out it's for Rs 10.
original dataset/train.csv,596,extra_charge_on_statement,I see a $1 charge in a transaction.,I see a Rs 10 charge in a transaction.
original dataset/train.csv,597,extra_charge_on_statement,I had to pay a pound more than I anticipated!,I had to pay a Rs 10 more than I anticipated!
original dataset/train.csv,599,extra_charge_on_statement,My statement contained a one pound extra fee,My statement contained a Rs 10 extra fee
original dataset/train.csv,600,extra_charge_on_statement,I checked my account today and saw that I was charged an extra pound that I did not spend.,I checked my account today and saw that I was charged an extra Rs 10 that I did not spend.
original dataset/train.csv,602,extra_charge_on_statement,I see I was charged $1 for a transaction.,I see I was charged Rs 10 for a transaction.
original dataset/train.csv,603,extra_charge_on_statement,$1 charge in transaction.,Rs 10 charge in transaction.
original dataset/train.csv,605,extra_charge_on_statement,Why is there an extra pound charge that is pending?,Why is there an extra Rs 10 charge that is pending?
original dataset/train.csv,606,extra_charge_on_statement,I was wrongfully charged one pound.,I was wrongfully charged Rs 10.
original dataset/train.csv,608,extra_charge_on_statement,"I just checked my statement and saw a $1 charge, why is it there?","I just checked my statement and saw a Rs 10 charge, why is it there?"
original dataset/train.csv,609,extra_charge_on_statement,There is an odd 1£ charge that appears as pending on my statement. What's the reason for that? I haven't purchased anything for a pound.,There is an odd Rs 10 charge that appears as pending on my statement. What's the reason for that? I haven't purchased anything for Rs 10.
original dataset/train.csv,610,extra_charge_on_statement,Why have I been charged an extra pound?,Why have I been charged an extra Rs 10?
original dataset/train.csv,611,extra_charge_on_statement,I think I may have been charged $1 extra on my app.  Could you provide some insight as to why this may have happened?,I think I may have been charged Rs 10 extra on my app.  Could you provide some insight as to why this may have happened?
original dataset/train.csv,613,extra_charge_on_statement,Is the 1 pound charge I can see an error or an incorrect entry?,Is the 1 Rs 10 charge I can see an error or an incorrect entry?
original dataset/train.csv,614,extra_charge_on_statement,Why did I get a $1 extra fee on the statement?,Why did I get a Rs 10 extra fee on the statement?
original dataset/train.csv,615,extra_charge_on_statement,Why was I charged $1 in a transaction?,Why was I charged Rs 10 in a transaction?
original dataset/train.csv,617,extra_charge_on_statement,"My statement shows a 1£ purchase pending. I do not remember making this purchase, please let me know what this is about.","My statement shows a Rs 10 purchase pending. I do not remember making this purchase, please let me know what this is about."
original dataset/train.csv,618,extra_charge_on_statement,I am seeing and extra 1$ charged to my account and wanted to know about it.,I am seeing and extra Rs 10 charged to my account and wanted to know about it.
original dataset/train.csv,620,extra_charge_on_statement,An extra pound was charged!,An extra Rs 10 was charged!
original dataset/train.csv,621,extra_charge_on_statement,I got billed an extra pound!,I got billed an extra Rs 10!
original dataset/train.csv,623,extra_charge_on_statement,"There must have been a mistake, why was I charged an extra pound?","There must have been a mistake, why was I charged an extra Rs 10?"
original dataset/train.csv,626,extra_charge_on_statement,"I looked at my statement, and there is a charge for 1£ that I don't recognize.  Why is it on there?","I looked at my statement, and there is a charge for Rs 10 that I don't recognize.  Why is it on there?"
original dataset/train.csv,629,extra_charge_on_statement,Why have I been charged an extra £1?,Why have I been charged an extra Rs 10?
original dataset/train.csv,631,extra_charge_on_statement,Why is there a charge for $1 on my account?,Why is there a charge for Rs 10 on my account?
original dataset/train.csv,632,extra_charge_on_statement,"On my statement, there is a strange 1£ charge that appears as pending. What's causing that? I haven't purchased anything that's just a pound.","On my statement, there is a strange Rs 10 charge that appears as pending. What's causing that? I haven't purchased anything that's just Rs 10."
original dataset/train.csv,633,extra_charge_on_statement,what was the $1 fee i got,what was the Rs 10 fee i got
original dataset/train.csv,635,extra_charge_on_statement,I was overcharged one extra pound!,I was overcharged one extra Rs 10!
original dataset/train.csv,636,extra_charge_on_statement,I noticed an extra pound charge?,I noticed an extra Rs 10 charge?
original dataset/train.csv,637,extra_charge_on_statement,I have been charged an extra pound!,I have been charged an extra Rs 10!
original dataset/train.csv,638,extra_charge_on_statement,Why does my statement show a $1 charge on my account?,Why does my statement show a Rs 10 charge on my account?
original dataset/train.csv,639,extra_charge_on_statement,Why has my card been charged an extra pound?,Why has my card been charged an extra Rs 10?
original dataset/train.csv,642,extra_charge_on_statement,I was made to pay an additional pound!,I was made to pay an additional Rs 10!
original dataset/train.csv,643,extra_charge_on_statement,I was charged an extra pound for no reason. Why is that?,I was charged an extra Rs 10 for no reason. Why is that?
original dataset/train.csv,645,extra_charge_on_statement,When did I get a $1 extra fee on my statement?,When did I get a Rs 10 extra fee on my statement?
original dataset/train.csv,647,extra_charge_on_statement,I was charged an extra dollar on my account and would like to know the reason.,I was charged an extra Rs 10 on my account and would like to know the reason.
original dataset/train.csv,649,extra_charge_on_statement,I was overcharged a pound.,I was overcharged Rs 10.
original dataset/train.csv,651,extra_charge_on_statement,What was the $1 charge for on my statement?,What was the Rs 10 charge for on my statement?
original dataset/train.csv,652,extra_charge_on_statement,I had a dollar charged to my account that's still pending and wanted to know what the charge is for?,I had Rs 10 charged to my account that's still pending and wanted to know what the charge is for?
original dataset/train.csv,654,extra_charge_on_statement,What am I being charged an extra pound when I haven't bought something worth that much?,What am I being charged an extra Rs 10 when I haven't bought something worth that much?
original dataset/train.csv,657,extra_charge_on_statement,Why did I get charged one pound seemingly randomly?,Why did I get charged Rs 10 seemingly randomly?
original dataset/train.csv,658,extra_charge_on_statement,Why was I charged an extra pound?,Why was I charged an extra Rs 10?
original dataset/train.csv,659,extra_charge_on_statement,I am being charged a pound out of nowhere. What is this?,I am being charged Rs 10 out of nowhere. What is this?
original dataset/train.csv,664,extra_charge_on_statement,"Hello, there seems to be a billing mistake associated with my account.  My app was charged $1 more than it should have.  Could you please explain why this may have happened?","Hello, there seems to be a billing mistake associated with my account.  My app was charged Rs 10 more than it should have.  Could you please explain why this may have happened?"
original dataset/train.csv,665,extra_charge_on_statement,Why is there a pending hold on one pound on my statement?,Why is there a pending hold on Rs 10 on my statement?
original dataset/train.csv,667,extra_charge_on_statement,What is this $1 charge on my account?,What is this Rs 10 charge on my account?
original dataset/train.csv,668,extra_charge_on_statement,There is a 1£ charge that appears as pending on my statement. What is that? I haven't purchased anything for a pound there.,There is a Rs 10 charge that appears as pending on my statement. What is that? I haven't purchased anything for Rs 10 there.
original dataset/train.csv,669,extra_charge_on_statement,Why did a transaction I made charge me $1?,Why did a transaction I made charge me Rs 10?
original dataset/train.csv,670,extra_charge_on_statement,"There seems to be an additional charge of £1 on my statement, what is the reason for this?","There seems to be an additional charge of Rs 10 on my statement, what is the reason for this?"
original dataset/train.csv,671,extra_charge_on_statement,I still have not received an answer as to why I was charged $1.00 in a transaction?,I still have not received an answer as to why I was charged Rs 10 in a transaction?
original dataset/train.csv,674,extra_charge_on_statement,There is some odd 1£ charge that appears as pending on my statement. What's that about? Pretty sure I haven't purchased anything for a pound there.,There is some odd Rs 10 charge that appears as pending on my statement. What's that about? Pretty sure I haven't purchased anything for Rs 10 there.
original dataset/train.csv,676,extra_charge_on_statement,Can you tell me about why the account I have was charged an extra 1$,Can you tell me about why the account I have was charged an extra Rs 10
original dataset/train.csv,678,extra_charge_on_statement,Can you tell me why I was charged $1 for a transaction?,Can you tell me why I was charged Rs 10 for a transaction?
original dataset/train.csv,680,extra_charge_on_statement,"There is an extra charge on my account I didn't authorise, it's just £1, what is it?","There is an extra charge on my account I didn't authorise, it's just Rs 10, what is it?"
original dataset/train.csv,681,extra_charge_on_statement,What is the dollar that I have pending on my statement there?,What is the Rs 10 that I have pending on my statement there?
original dataset/train.csv,682,extra_charge_on_statement,"I see an extra $1  charge on my statement, why is this?","I see an extra Rs 10  charge on my statement, why is this?"
original dataset/train.csv,684,extra_charge_on_statement,"There is an unexplained $1 charge on my statement, can you please explain this to me?","There is an unexplained Rs 10 charge on my statement, can you please explain this to me?"
original dataset/train.csv,686,extra_charge_on_statement,"Hello, I see that I have been charged an extra $1 on my app.  Could you please provide me with a reason for this charge?","Hello, I see that I have been charged an extra Rs 10 on my app.  Could you please provide me with a reason for this charge?"
original dataset/train.csv,692,extra_charge_on_statement,Why was I charged an additional $1?,Why was I charged an additional Rs 10?
original dataset/train.csv,693,extra_charge_on_statement,I checked my statement and am being charged one pound. Where did this charge come from?,I checked my statement and am being charged Rs 10. Where did this charge come from?
original dataset/train.csv,694,extra_charge_on_statement,I do not know why I was charged for the $1 transaction.,I do not know why I was charged for the Rs 10 transaction.
original dataset/train.csv,695,extra_charge_on_statement,I wanted to know about a pending dollar that is on my statement.,I wanted to know about a pending Rs 10 that is on my statement.
original dataset/train.csv,696,extra_charge_on_statement,"I'm pretty frustrated about a pound charge that keeps  showing up in my account statement. It's listed in the app as ""pending"", it never changes, and now I'm thinking someone's hacked my account!","I'm pretty frustrated about a Rs 10 charge that keeps  showing up in my account statement. It's listed in the app as ""pending"", it never changes, and now I'm thinking someone's hacked my account!"
original dataset/train.csv,697,extra_charge_on_statement,How come there is a $1 extra charge on my statement?,How come there is a Rs 10 extra charge on my statement?
original dataset/train.csv,698,extra_charge_on_statement,I was charged an extra pound.,I was charged an extra Rs 10.
original dataset/train.csv,699,extra_charge_on_statement,There is a charge for an additional pound.,There is a charge for an additional Rs 10.
original dataset/train.csv,700,extra_charge_on_statement,There is a strange 1£ charge that appears as pending on my statement. What's the cause for that? I haven't purchased anything for a pound.,There is a strange Rs 10 charge that appears as pending on my statement. What's the cause for that? I haven't purchased anything for Rs 10.
original dataset/train.csv,703,extra_charge_on_statement,Why is there an extra charge of 1 dollar on my statement?,Why is there an extra charge of 1 Rs 10 on my statement?
original dataset/train.csv,704,extra_charge_on_statement,"I checked my statement and saw a charge of one pound, where is this charge coming from?","I checked my statement and saw a charge of Rs 10, where is this charge coming from?"
original dataset/train.csv,708,extra_charge_on_statement,There is an extra 1£ charge on my app. Why did you charge me extra?,There is an extra Rs 10 charge on my app. Why did you charge me extra?
original dataset/train.csv,709,extra_charge_on_statement,Why i'm I being charged an extra pound,Why i'm I being charged an extra Rs 10
original dataset/train.csv,710,extra_charge_on_statement,The $1.00 has still not been reverted as indicated in the previous email.,The Rs 10 has still not been reverted as indicated in the previous email.
original dataset/train.csv,711,extra_charge_on_statement,My statement shows and extra 1$ that was charged to it and I would like to know why.,My statement shows and extra Rs 10 that was charged to it and I would like to know why.
original dataset/train.csv,712,extra_charge_on_statement,"There is an extra $1 charge on my statement, why is that?","There is an extra Rs 10 charge on my statement, why is that?"
original dataset/train.csv,713,extra_charge_on_statement,Is the 1 pound charge going to be reimbursed on my card?,Is the 1 Rs 10 charge going to be reimbursed on my card?
original dataset/train.csv,714,extra_charge_on_statement,I  see an extra 1£ charge on my app. Why did It charge me extra?,I  see an extra Rs 10 charge on my app. Why did It charge me extra?
original dataset/train.csv,717,extra_charge_on_statement,There is a charge for 1£ on my statement.  I do not think that I bought anything that costed 1£.  What is going on?,There is a charge for Rs 10 on my statement.  I do not think that I bought anything that costed Rs 10.  What is going on?
original dataset/train.csv,719,extra_charge_on_statement,There is  an extra 1£ charge on my app. Why did it charge me extra?,There is  an extra Rs 10 charge on my app. Why did it charge me extra?
original dataset/train.csv,721,extra_charge_on_statement,How come I was charged a transaction of $1?,How come I was charged a transaction of Rs 10?
original dataset/train.csv,724,extra_charge_on_statement,What is this random charge of one pound doing on my account?,What is this random charge of Rs 10 doing on my account?
original dataset/train.csv,725,extra_charge_on_statement,I had to pay one pound more than the set price!,I had to pay one Rs 10 more than the set price!
original dataset/train.csv,726,extra_charge_on_statement,My statement is showing an extra £1 charge and I am unsure why. Is there an explanation for this?,My statement is showing an extra Rs 10 charge and I am unsure why. Is there an explanation for this?
original dataset/train.csv,727,extra_charge_on_statement,Do I have a $1 extra fee on the statement?,Do I have a Rs 10 extra fee on the statement?
original dataset/train.csv,728,extra_charge_on_statement,Why is it showing that my account has been charged a dollar that is showing as pending?,Why is it showing that my account has been charged Rs 10 that is showing as pending?
original dataset/train.csv,729,extra_charge_on_statement,"I do not understand why there is a pending 1£ charge on my statement, I do not recall making this transaction. Can you please tell me what this is about?","I do not understand why there is a pending Rs 10 charge on my statement, I do not recall making this transaction. Can you please tell me what this is about?"
original dataset/train.csv,732,extra_charge_on_statement,How long will the $1 charge show as pending?,How long will the Rs 10 charge show as pending?
original dataset/train.csv,733,extra_charge_on_statement,I've been charged an extra £1 and I don't know what it's for,I've been charged an extra Rs 10 and I don't know what it's for
original dataset/train.csv,734,extra_charge_on_statement,I was overcharged an additional pound.,I was overcharged an additional Rs 10.
original dataset/train.csv,735,extra_charge_on_statement,I've been charged an extra £1 and I don't know why,I've been charged an extra Rs 10 and I don't know why
original dataset/train.csv,736,extra_charge_on_statement,My statement is showing I was Charged a dollar and I am not sure why.,My statement is showing I was Charged Rs 10 and I am not sure why.
original dataset/train.csv,1359,exchange_via_app,Can I change from AUD to GBP?,Can I change from USD to LKR?
original dataset/train.csv,1360,exchange_via_app,"I need to exchange between different currencies, like GBP and USD. Can I do that with your app?","I need to exchange between different currencies, like LKR and USD. Can I do that with your app?"
original dataset/train.csv,1362,exchange_via_app,Does the app allowing exchanges between USD and GBP,Does the app allowing exchanges between USD and LKR
original dataset/train.csv,1363,exchange_via_app,What if I need to use GBP instead of USD?,What if I need to use LKR instead of USD?
original dataset/train.csv,1365,exchange_via_app,Is it possible to change from AUD to GBP?,Is it possible to change from USD to LKR?
original dataset/train.csv,1367,exchange_via_app,How can I change USD to GBP?,How can I change USD to LKR?
original dataset/train.csv,1370,exchange_via_app,How can I exchange AUD for GBP?,How can I exchange USD for LKR?
original dataset/train.csv,1378,exchange_via_app,"I do not need GBP, I need AUD, how do I convert it?","I do not need LKR, I need USD, how do I convert it?"
original dataset/train.csv,1379,exchange_via_app,"Instead of GBP, how do I exchange for AUD?","Instead of LKR, how do I exchange for USD?"
original dataset/train.csv,1381,exchange_via_app,"Using your app, would I be able to exchange between USD and GBP?","Using your app, would I be able to exchange between USD and LKR?"
original dataset/train.csv,1382,exchange_via_app,Can I use this app for both USD and GBP?,Can I use this app for both USD and LKR?
original dataset/train.csv,1384,exchange_via_app,Does your app allow currency exchanges between USD and GBP?,Does your app allow currency exchanges between USD and LKR?
original dataset/train.csv,1389,exchange_via_app,Can I exchange USD for GBP in your app?,Can I exchange USD for LKR in your app?
original dataset/train.csv,1392,exchange_via_app,I want to exchange USD and GBP with the app,I want to exchange USD and LKR with the app
original dataset/train.csv,1393,exchange_via_app,How do I change my AUD into GBP?,How do I change my USD into LKR?
original dataset/train.csv,1395,exchange_via_app,Can I use your app to exchange between USD and GBP,Can I use your app to exchange between USD and LKR
original dataset/train.csv,1403,exchange_via_app,"I might need to exchange between USD and GBP, is this possible with your app?","I might need to exchange between USD and LKR, is this possible with your app?"
original dataset/train.csv,1404,exchange_via_app,"I need to exchange my GBP to AUD, how would I do this?","I need to exchange my LKR to USD, how would I do this?"
original dataset/train.csv,1407,exchange_via_app,Where can i exchange between GBP and USD,Where can i exchange between LKR and USD
original dataset/train.csv,1410,exchange_via_app,"I no longer need AUD, I need GBP instead, how can I make this happen?","I no longer need USD, I need LKR instead, how can I make this happen?"
original dataset/train.csv,1411,exchange_via_app,"I am trying to exchange AUD for GBP, how do I do that?","I am trying to exchange USD for LKR, how do I do that?"
original dataset/train.csv,1412,exchange_via_app,How do I exchange USD to GBP?,How do I exchange USD to LKR?
original dataset/train.csv,1414,exchange_via_app,How do I exchange AUD for GBP?,How do I exchange USD for LKR?
original dataset/train.csv,1418,exchange_via_app,Can I exchange from USD to GBP?,Can I exchange from USD to LKR?
original dataset/train.csv,1419,exchange_via_app,Does your app allow currency exchange from USD to GBP?,Does your app allow currency exchange from USD to LKR?
original dataset/train.csv,1422,exchange_via_app,Is it possible to change from USD to GBP with your App?,Is it possible to change from USD to LKR with your App?
original dataset/train.csv,1423,exchange_via_app,"If I need to make an exchange from USD to GBP, how can I do so in the app?","If I need to make an exchange from USD to LKR, how can I do so in the app?"
original dataset/train.csv,1424,exchange_via_app,Can I use this app to exchange between dollars and pounds?,Can I use this app to exchange between USD and LKR?
original dataset/train.csv,1426,exchange_via_app,Is it possible to exchange USD and GBP on the app?,Is it possible to exchange USD and LKR on the app?
original dataset/train.csv,1427,exchange_via_app,"I may need to exchange my USD for GBP, can your app do that?","I may need to exchange my USD for LKR, can your app do that?"
original dataset/train.csv,1429,exchange_via_app,I need Australian dollars instead of UK currency.,I need USD instead of LKR.
original dataset/train.csv,1430,exchange_via_app,I'm having difficulties changing AUD for GBP. How do I do this?,I'm having difficulties changing USD for LKR. How do I do this?
original dataset/train.csv,1432,exchange_via_app,Will you tell me how to exchange USD for GBP in the app?,Will you tell me how to exchange USD for LKR in the app?
original dataset/train.csv,1435,exchange_via_app,How can I exchange GBP for AUD?,How can I exchange LKR for USD?
original dataset/train.csv,1439,exchange_via_app,What's the process of changing from GBP to AUD?,What's the process of changing from LKR to USD?
original dataset/train.csv,1443,exchange_via_app,Will it be possible to change from USD to GBP with this App?,Will it be possible to change from USD to LKR with this App?
original dataset/train.csv,1446,exchange_via_app,"I can't figure out how to change GBP to AUD, what do I do?","I can't figure out how to change LKR to USD, what do I do?"
original dataset/train.csv,1447,exchange_via_app,"I accidentally chose to exchange GBP, but I need to pick AUD. How can I change it?","I accidentally chose to exchange LKR, but I need to pick USD. How can I change it?"
original dataset/train.csv,1448,exchange_via_app,How can I exchange USD and GBP in the app?,How can I exchange USD and LKR in the app?
original dataset/train.csv,1451,exchange_via_app,How can I change the currency I'm exchanging from AUD to GBP?,How can I change the currency I'm exchanging from USD to LKR?
original dataset/train.csv,1457,exchange_via_app,Can I use your app to exchange USD for GBP?,Can I use your app to exchange USD for LKR?
original dataset/train.csv,1459,exchange_via_app,Can you  tell me how to get AUD not GBP?,Can you  tell me how to get USD not LKR?
original dataset/train.csv,1464,exchange_via_app,How do I change to AUD from GBP?,How do I change to USD from LKR?
original dataset/train.csv,1465,exchange_via_app,How do I start an exchange between GBP and AUD?,How do I start an exchange between LKR and USD?
original dataset/train.csv,1468,exchange_via_app,Can I exchange USD and GBP from the app?,Can I exchange USD and LKR from the app?
original dataset/train.csv,1473,exchange_via_app,My plans may change so I may need to change from GBP to AUD.,My plans may change so I may need to change from LKR to USD.
original dataset/train.csv,1475,exchange_via_app,"I may no longer need GBP, but instead I will need AUD, how can I go about making this change?","I may no longer need LKR, but instead I will need USD, how can I go about making this change?"
original dataset/train.csv,2335,wrong_amount_of_cash_received,why did i only get 20.00,"why did i only get Rs 20,000.00"
original dataset/train.csv,2337,wrong_amount_of_cash_received,"I tried to withdraw $100, all it gave me was $20.","I tried to withdraw Rs 100,000, all it gave me was Rs 20,000."
original dataset/train.csv,2341,wrong_amount_of_cash_received,I received $20 but I entered $100,"I received Rs 20,000 but I entered Rs 100,000"
original dataset/train.csv,2347,wrong_amount_of_cash_received,I tried to withdraw $100 but only got $20. What happened?,"I tried to withdraw Rs 100,000 but only got Rs 20,000. What happened?"
original dataset/train.csv,2348,wrong_amount_of_cash_received,how come when i asked for 100 it only gave me 20.00 in the app,"how come when i asked for Rs 100,000 it only gave me Rs 20,000.00 in the app"
original dataset/train.csv,2349,wrong_amount_of_cash_received,Asked for $100 but only got $20. Why would this happen?,"Asked for Rs 100,000 but only got Rs 20,000. Why would this happen?"
original dataset/train.csv,2350,wrong_amount_of_cash_received,I wanted to withdraw $100 from the ATM but I only got $20,"I wanted to withdraw Rs 100,000 from the ATM but I only got Rs 20,000"
original dataset/train.csv,2359,wrong_amount_of_cash_received,I was only given $20 after trying to withdraw $100,"I was only given Rs 20,000 after trying to withdraw Rs 100,000"
original dataset/train.csv,2361,wrong_amount_of_cash_received,I went tot the ATM earlier today and didn't realize this till now but I did not get all the money I requested.  I believe my account was charged for 100 but I only got 80.  Is there any way we can solve this problem?,"I went tot the ATM earlier today and didn't realize this till now but I did not get all the money I requested.  I believe my account was charged for Rs 100,000 but I only got Rs 80,000.  Is there any way we can solve this problem?"
original dataset/train.csv,2364,wrong_amount_of_cash_received,I'm at the ATM right now and it only allowed me to withdraw 10 pounds instead of my requested 30. What's going on? How can I fix this?,"I'm at the ATM right now and it only allowed me to withdraw Rs 10,000 instead of my requested Rs 30,000. What's going on? How can I fix this?"
original dataset/train.csv,2365,wrong_amount_of_cash_received,I got $20 when I should've gotten $100,"I got Rs 20,000 when I should've gotten Rs 100,000"
original dataset/train.csv,2371,wrong_amount_of_cash_received,I only got $20 of the $100 that I attempted to withdraw.,"I only got Rs 20,000 of the Rs 100,000 that I attempted to withdraw."
original dataset/train.csv,2373,wrong_amount_of_cash_received,I tried taking out 30 pounds from the ATM just now and it only gave me 10. Why would it do that? I need the 30 pounds now!,"I tried taking out Rs 30,000 from the ATM just now and it only gave me Rs 10,000. Why would it do that? I need the Rs 30,000 now!"
original dataset/train.csv,2379,wrong_amount_of_cash_received,Why did I only get $20 now the full amount I wanted?,"Why did I only get Rs 20,000 now the full amount I wanted?"
original dataset/train.csv,2386,wrong_amount_of_cash_received,ATM is broken. It did not give me the full amount (30 pounds.)  I'm standing here with only 10 pounds and it's telling me it gave me 30 pounds. I need assistance now!,"ATM is broken. It did not give me the full amount (Rs 30,000.)  I'm standing here with only Rs 10,000 and it's telling me it gave me Rs 30,000. I need assistance now!"
original dataset/train.csv,2390,wrong_amount_of_cash_received,The ATM only gave me 10 pounds when I withdrew 30. What do I do?,"The ATM only gave me Rs 10,000 when I withdrew Rs 30,000. What do I do?"
original dataset/train.csv,2397,wrong_amount_of_cash_received,"I only received $20, but I requested $100.","I only received Rs 20,000, but I requested Rs 100,000."
original dataset/train.csv,2405,wrong_amount_of_cash_received,Why can't I take $100 out,"Why can't I take Rs 100,000 out"
original dataset/train.csv,2406,wrong_amount_of_cash_received,I requested $100 but only got $20,"I requested Rs 100,000 but only got Rs 20,000"
original dataset/train.csv,2420,wrong_amount_of_cash_received,Got only $20 when I tried to withdraw $100.,"Got only Rs 20,000 when I tried to withdraw Rs 100,000."
original dataset/train.csv,2424,wrong_amount_of_cash_received,I tried to withdraw 40 pounds but only 20 came out. Did you steal my money?,"I tried to withdraw Rs 40,000 but only Rs 20,000 came out. Did you steal my money?"
original dataset/train.csv,2427,wrong_amount_of_cash_received,I selected to withdrawal 30 pounds but only received 10. I'm still standing in front of the ATM. The app shows i took out 30 pounds also. How do i fix this?,"I selected to withdrawal Rs 30,000 but only received Rs 10,000. I'm still standing in front of the ATM. The app shows i took out Rs 30,000 also. How do i fix this?"
original dataset/train.csv,2433,wrong_amount_of_cash_received,"I asked for $40 and I only received $20, what happened?","I asked for Rs 40,000 and I only received Rs 20,000, what happened?"
original dataset/train.csv,2439,wrong_amount_of_cash_received,"If the ATM only gave me 10 pounds instead of the 30 I requested, what do I do?","If the ATM only gave me Rs 10,000 instead of the Rs 30,000 I requested, what do I do?"
original dataset/train.csv,2445,wrong_amount_of_cash_received,"When I went to $100, all the machine would give me was $20.","When I went to Rs 100,000, all the machine would give me was Rs 20,000."
original dataset/train.csv,2449,wrong_amount_of_cash_received,i asked for 100 only got 80,"i asked for Rs 100,000 only got Rs 80,000"
original dataset/train.csv,2459,wrong_amount_of_cash_received,What happened! I asked for 30 pounds at your ATM and only go 10. The machine lied about it too. It said I received the full 30 pounds. Someone better help me asap on this.,"What happened! I asked for Rs 30,000 at your ATM and only go Rs 10,000. The machine lied about it too. It said I received the full Rs 30,000. Someone better help me asap on this."
original dataset/train.csv,2464,wrong_amount_of_cash_received,I withdrew $100 but only received $20,"I withdrew Rs 100,000 but only received Rs 20,000"
original dataset/train.csv,2466,wrong_amount_of_cash_received,"Hey I am standing in front of an ATM here, it only gave me 10 pounds even though I wanted to withdraw 30! Seems like the app has 30 pounds, what do I do??","Hey I am standing in front of an ATM here, it only gave me Rs 10,000 even though I wanted to withdraw Rs 30,000! Seems like the app has Rs 30,000, what do I do??"
original dataset/train.csv,2467,wrong_amount_of_cash_received,$20 came out instead of $100,"Rs 20,000 came out instead of Rs 100,000"
original dataset/train.csv,2470,wrong_amount_of_cash_received,I wanted to take out $100 but I only got $20.,"I wanted to take out Rs 100,000 but I only got Rs 20,000."
original dataset/train.csv,2473,wrong_amount_of_cash_received,I wanted $100 but only got $20,"I wanted Rs 100,000 but only got Rs 20,000"
original dataset/train.csv,2482,wrong_amount_of_cash_received,ATM only gave me $20 instead of $100,"ATM only gave me Rs 20,000 instead of Rs 100,000"
original dataset/train.csv,2483,wrong_amount_of_cash_received,I was only given $20 when I tried to get $100,"I was only given Rs 20,000 when I tried to get Rs 100,000"
original dataset/train.csv,2484,wrong_amount_of_cash_received,I needed $100 but all it gave me was $20.,"I needed Rs 100,000 but all it gave me was Rs 20,000."
original dataset/train.csv,2486,wrong_amount_of_cash_received,Why did I only get $20 when I asked for $100?,"Why did I only get Rs 20,000 when I asked for Rs 100,000?"
original dataset/train.csv,2493,wrong_amount_of_cash_received,Why is my withdrawal wrong? I took out $100 but only received $20.,"Why is my withdrawal wrong? I took out Rs 100,000 but only received Rs 20,000."
original dataset/train.csv,2495,wrong_amount_of_cash_received,The ATM I'm standing in front of only gave me 10 pounds rather than the 30 pounds I wanted. The app shows I took out 30 pounds also. What do I need to do to fix this?,"The ATM I'm standing in front of only gave me Rs 10,000 rather than the Rs 30,000 I wanted. The app shows I took out Rs 30,000 also. What do I need to do to fix this?"
original dataset/train.csv,2497,wrong_amount_of_cash_received,"I am at the ATM and tried to withdraw 30 pounds and it only gave me 10 pounds, what do I do?","I am at the ATM and tried to withdraw Rs 30,000 and it only gave me Rs 10,000, what do I do?"
original dataset/train.csv,2503,wrong_amount_of_cash_received,I tried to withdraw 50 pounds but it only gave me 30. Where is the rest of my money?,"I tried to withdraw Rs 50,000 but it only gave me Rs 30,000. Where is the rest of my money?"
original dataset/train.csv,2508,wrong_amount_of_cash_received,So I just went to the ATM to get some cash.  I input that I needed 100 pounds but I only got 80.  I have the receipt  and I am in need of the extra money.  How do I go about obtaining the missing amount?,"So I just went to the ATM to get some cash.  I input that I needed Rs 100,000 but I only got Rs 80,000.  I have the receipt  and I am in need of the extra money.  How do I go about obtaining the missing amount?"
original dataset/train.csv,2511,wrong_amount_of_cash_received,"I'm stuck here at your broken ATM and I don't know what to do next. Asked for 30 pounds, got 10. ATM said I got 30. Something very wrong here and I want my money now!","I'm stuck here at your broken ATM and I don't know what to do next. Asked for Rs 30,000, got Rs 10,000. ATM said I got Rs 30,000. Something very wrong here and I want my money now!"
original dataset/train.csv,2512,wrong_amount_of_cash_received,The machine only paid me a hundred when I wanted 20,"The machine only paid me a hundred when I wanted Rs 20,000"
original dataset/train.csv,2864,transfer_not_received_by_recipient,"I completed a transfer within the UK two days ago, but it is still not showing received.  I have verified the account number is correct already.  Is there anything else I need to do or is there a problem?","I completed a transfer within Sri Lanka two days ago, but it is still not showing received.  I have verified the account number is correct already.  Is there anything else I need to do or is there a problem?"
original dataset/train.csv,6605,transfer_timing,How long will this transfer from europe take?,How long will this transfer from overseas take?
original dataset/train.csv,6609,transfer_timing,How long does a European transfer take?,How long does a overseas transfer take?
original dataset/train.csv,6613,transfer_timing,How long do transfers from Europe take?,How long do transfers from overseas take?
original dataset/train.csv,6619,transfer_timing,Where's the money from my transfer from Europe?,Where's the money from my transfer from overseas?
original dataset/train.csv,6620,transfer_timing,How long will a transfer from Europe take?,How long will a transfer from overseas take?
original dataset/train.csv,6625,transfer_timing,What is the timeframe for a transfer in Europe?,What is the timeframe for a transfer overseas?
original dataset/train.csv,6629,transfer_timing,"My Bank is in Europe, how long will the transfer take?","My Bank is overseas, how long will the transfer take?"
original dataset/train.csv,6635,transfer_timing,How long do I have to wait for Europe transfers?,How long do I have to wait for overseas transfers?
original dataset/train.csv,6647,transfer_timing,How long does it take in Europe to do a transfer?,How long does it take overseas to do a transfer?
original dataset/train.csv,6648,transfer_timing,What's the wait time for European transfers?,What's the wait time for overseas transfers?
original dataset/train.csv,6655,transfer_timing,How long until transfers from Europe go through?,How long until transfers from overseas go through?
original dataset/train.csv,6661,transfer_timing,How long do European transfers take?,How long do overseas transfers take?
original dataset/train.csv,6669,transfer_timing,How fast are transfers from Europe?,How fast are transfers from overseas?
original dataset/train.csv,6670,transfer_timing,"I need to make a transfer from Europe, how many days does this take?","I need to make a transfer from overseas, how many days does this take?"
original dataset/train.csv,6678,transfer_timing,How long will a transfer take from Europe?,How long will a transfer take from overseas?
original dataset/train.csv,6682,transfer_timing,How long does it take transfers from Europe to complete?,How long does it take transfers from overseas to complete?
original dataset/train.csv,6693,transfer_timing,How long will it take to transfer from europe?,How long will it take to transfer from overseas?
original dataset/train.csv,6694,transfer_timing,how long does it take for a transfer from Europe to go through?,how long does it take for a transfer from overseas to go through?
original dataset/train.csv,6697,transfer_timing,"I'm having money transferred from Europe, how long will this take?","I'm having money transferred from overseas, how long will this take?"
original dataset/train.csv,6700,transfer_timing,What is the time frame for european transfers?,What is the time frame for overseas transfers?
original dataset/train.csv,6701,transfer_timing,When will I receive a transfer from europe?,When will I receive a transfer from overseas?
original dataset/train.csv,6704,transfer_timing,How long does it take to get money from Europe?,How long does it take to get money from overseas?
original dataset/train.csv,6705,transfer_timing,What's the transfer time from Europe?,What's the transfer time from overseas?
original dataset/train.csv,6706,transfer_timing,When will my transfer arrive from Europe?,When will my transfer arrive from overseas?
original dataset/train.csv,6711,transfer_timing,"If I get a transfer from Europe, how long until it is in my account?","If I get a transfer from overseas, how long until it is in my account?"
original dataset/train.csv,6716,transfer_timing,When can I expect a transfer from Europe to go through?,When can I expect a transfer from overseas to go through?
original dataset/train.csv,6717,transfer_timing,Why hasn't my transfer from Europe gone through?,Why hasn't my transfer from overseas gone through?
original dataset/train.csv,7337,receiving_money,Salary in GBP has been received. Does it need to be configured into another place?,Salary in LKR has been received. Does it need to be configured into another place?
original dataset/train.csv,7338,receiving_money,I am paid by my employer in GBP; do I need to do anything in the app to indicate this?,I am paid by my employer in LKR; do I need to do anything in the app to indicate this?
original dataset/train.csv,7342,receiving_money,I received a transfer in GBP how do I change it to a different currency?,I received a transfer in LKR how do I change it to a different currency?
original dataset/train.csv,7347,receiving_money,How do I transfer funds if I am paid in GBP?,How do I transfer funds if I am paid in LKR?
original dataset/train.csv,7352,receiving_money,My salary is in GBP - what should I do?,My salary is in LKR - what should I do?
original dataset/train.csv,7356,receiving_money,My salary is deposited in GBP. Do I need to choose the currency?,My salary is deposited in LKR. Do I need to choose the currency?
original dataset/train.csv,7364,receiving_money,Can my friend send me money if it is not in US dollars?,Can my friend send me money if it is not in Sri Lankan Rupees?
original dataset/train.csv,7365,receiving_money,"Do I need to select a preference to receive my salary payments in GBP and, if so, where?","Do I need to select a preference to receive my salary payments in LKR and, if so, where?"
original dataset/train.csv,7372,receiving_money,"How do I know what my account is set to, I am paid in GBP?","How do I know what my account is set to, I am paid in LKR?"
original dataset/train.csv,7374,receiving_money,Can I transfer my salary if its in GBP?,Can I transfer my salary if its in LKR?
original dataset/train.csv,7376,receiving_money,"My salary is in GBP, do I need to exchange it before putting it into my account?","My salary is in LKR, do I need to exchange it before putting it into my account?"
original dataset/train.csv,7377,receiving_money,Do I need to convert my currency from GBP before transferring?,Do I need to convert my currency from LKR before transferring?
original dataset/train.csv,7390,receiving_money,"My salary is received in the form of GBP. Is it necessary to configure this? If so, where is this done?","My salary is received in the form of LKR. Is it necessary to configure this? If so, where is this done?"
original dataset/train.csv,7392,receiving_money,I use GBP for my salary deposits. Must I set this up somewhere?,I use LKR for my salary deposits. Must I set this up somewhere?
original dataset/train.csv,7394,receiving_money,What will I need to configure if my salary is in GBP?,What will I need to configure if my salary is in LKR?
original dataset/train.csv,7397,receiving_money,"My salary is in GBP, is this something I need to configure?","My salary is in LKR, is this something I need to configure?"
original dataset/train.csv,7401,receiving_money,My salary comes in GBP can I change my options somewhere?,My salary comes in LKR can I change my options somewhere?
original dataset/train.csv,7411,receiving_money,How to receive transfers from my employer when I get paid in GBP?,How to receive transfers from my employer when I get paid in LKR?
original dataset/train.csv,7416,receiving_money,"I have obtained the salary in GBP, will it need to be configured?","I have obtained the salary in LKR, will it need to be configured?"
original dataset/train.csv,7424,receiving_money,"If my salary is in GBP, do I need to do something?","If my salary is in LKR, do I need to do something?"
original dataset/train.csv,7426,receiving_money,My salary is in GBP. Do I need to configure this somewhere?,My salary is in LKR. Do I need to configure this somewhere?
original dataset/train.csv,7427,receiving_money,How can I configure what currency my salary is in if it's in GBP?,How can I configure what currency my salary is in if it's in LKR?
original dataset/train.csv,8617,balance_not_updated_after_bank_transfer,Hello. Can you help figure out why the recent transfer from my UK bank account isn't showing up?,Hello. Can you help figure out why the recent transfer from my local bank account isn't showing up?
original dataset/train.csv,8623,balance_not_updated_after_bank_transfer,How long will it take for a bank transfer to show up on my account? It's been a couple hours but I havnt seen anything yet. Also it's from a UK account if that makes any difference.,How long will it take for a bank transfer to show up on my account? It's been a couple hours but I havnt seen anything yet. Also it's from a local bank account if that makes any difference.
original dataset/train.csv,8625,balance_not_updated_after_bank_transfer,Can you please check my UK Account to make sure everything went alright?  I made the transfer a couple of hours ago.,Can you please check my local bank account to make sure everything went alright?  I made the transfer a couple of hours ago.
original dataset/train.csv,8626,balance_not_updated_after_bank_transfer,"Hi, I am unable to see transaction in my account which i made couples of hours ago from my UK account. Please help me in this.","Hi, I am unable to see transaction in my account which i made couples of hours ago from my local bank account. Please help me in this."
original dataset/train.csv,8627,balance_not_updated_after_bank_transfer,"Hello I made a bank account transfer from the UK. The transfer was a couple hours ago, nothing has shown up yet.  Can you check to see if everything okay. Please.","Hello I made a bank account transfer from a local bank. The transfer was a couple hours ago, nothing has shown up yet.  Can you check to see if everything okay. Please."
original dataset/train.csv,8634,balance_not_updated_after_bank_transfer,I just made a transfer from a UK account. How long does that typically take to show up? I just want to make sure it worked alright.,I just made a transfer from a local bank account. How long does that typically take to show up? I just want to make sure it worked alright.
original dataset/train.csv,8636,balance_not_updated_after_bank_transfer,Im going to need to make a transfer from a UK account but I need it to go through ASAP. Is that going to be possible or will it take forever?? Im hoping it will be a couple hours and not a couple weeks.,Im going to need to make a transfer from a local bank account but I need it to go through ASAP. Is that going to be possible or will it take forever?? Im hoping it will be a couple hours and not a couple weeks.
original dataset/train.csv,8646,balance_not_updated_after_bank_transfer,What's the time frame normally for a UK account transfer? I just made one and it's not showing up anywhere. I want to be sure that everything is good.,What's the time frame normally for a local bank account transfer? I just made one and it's not showing up anywhere. I want to be sure that everything is good.
original dataset/train.csv,8657,balance_not_updated_after_bank_transfer,How long to UK transfers usually take? I made a transfer but it didn't pop up in my history yet. I just want to make sure it went through.,How long to local bank transfers usually take? I made a transfer but it didn't pop up in my history yet. I just want to make sure it went through.
original dataset/train.csv,8660,balance_not_updated_after_bank_transfer,"For you, how long do transfers normally take from a UK account? I completed one just now but nothing appears. I just need to be sure everything is okay.","For you, how long do transfers normally take from a local bank account? I completed one just now but nothing appears. I just need to be sure everything is okay."
original dataset/train.csv,8680,balance_not_updated_after_bank_transfer,After making a transfer from a UK account it's not showing up. How long do these transfers normally take for you? I want to be certain everything is all right.,After making a transfer from a local bank account it's not showing up. How long do these transfers normally take for you? I want to be certain everything is all right.
original dataset/train.csv,8683,balance_not_updated_after_bank_transfer,Please check to see if the band transfer I made a while ago from my UK account has safely arrived.,Please check to see if the band transfer I made a while ago from my local bank account has safely arrived.
original dataset/train.csv,8685,balance_not_updated_after_bank_transfer,"I made a bank transfer earlier from my UK account.  I don't see it yet, can you check the status?","I made a bank transfer earlier from my local bank account.  I don't see it yet, can you check the status?"
original dataset/train.csv,8687,balance_not_updated_after_bank_transfer,"I made a bank transfer from my UK account today, but it's not showing.  Can you check status?","I made a bank transfer from my local bank account today, but it's not showing.  Can you check status?"
original dataset/train.csv,8693,balance_not_updated_after_bank_transfer,What is the time frame that transfers normally take from a UK account? I just completed a transfer and nothing shows up. I need to know if everything is alright.,What is the time frame that transfers normally take from a local bank account? I just completed a transfer and nothing shows up. I need to know if everything is alright.
original dataset/train.csv,8699,balance_not_updated_after_bank_transfer,"How long does a transfer from a UK account take? I just made one and it doesn't seem to be working, wondering if everything is okay","How long does a transfer from a local bank account take? I just made one and it doesn't seem to be working, wondering if everything is okay"
original dataset/train.csv,8703,balance_not_updated_after_bank_transfer,"How long do transfers from a UK bank account usually take for you? I just made a transfer and I'm not seeing anything, wondering if it worked","How long do transfers from a local bank account usually take for you? I just made a transfer and I'm not seeing anything, wondering if it worked"
original dataset/train.csv,8711,balance_not_updated_after_bank_transfer,I need to know if everything is okay here. After making a transfer from a UK account it doesn't show up. How long does this normally take to process?,I need to know if everything is okay here. After making a transfer from a local bank account it doesn't show up. How long does this normally take to process?
original dataset/train.csv,8713,balance_not_updated_after_bank_transfer,How long does it typically take to make a transfer from a UK bank? I just made one and it hasn't shown up in my account yet.,How long does it typically take to make a transfer from a local bank? I just made one and it hasn't shown up in my account yet.
original dataset/train.csv,8714,balance_not_updated_after_bank_transfer,"Hi. A couple hours ago I make a transfer from my UK bank account, but it hasn't shown up. Please, would you see what the delay is?","Hi. A couple hours ago I make a transfer from my local bank account, but it hasn't shown up. Please, would you see what the delay is?"
original dataset/train.csv,8720,balance_not_updated_after_bank_transfer,"Hi. About two hours ago I made a transfer from my bank which is in the UK, but I don't see it yet! Would you check what's going on with it, please?","Hi. About two hours ago I made a transfer from my bank which is in Sri Lanka, but I don't see it yet! Would you check what's going on with it, please?"
original dataset/train.csv,8721,balance_not_updated_after_bank_transfer,When does a UK transfer show up?,When does a local bank transfer show up?
original dataset/train.csv,8740,balance_not_updated_after_bank_transfer,I made a transfer from my UK account a couple of hours ago.  Could you please make sure everything went alright.,I made a transfer from my local bank account a couple of hours ago.  Could you please make sure everything went alright.
original dataset/train.csv,8748,balance_not_updated_after_bank_transfer,Good afternoon. I made a transfer from my UK bank account.  I haven't seen anything on the account in the pass few hours. Please check the account to make sure everything is fine.,Good afternoon. I made a transfer from my local bank account.  I haven't seen anything on the account in the pass few hours. Please check the account to make sure everything is fine.
original dataset/train.csv,8750,balance_not_updated_after_bank_transfer,I want to be sure that everything is okay here. I just made a transfer from a UK account and it is still not showing up. How long does this typically take?,I want to be sure that everything is okay here. I just made a transfer from a local bank account and it is still not showing up. How long does this typically take?
original dataset/train.csv,8753,balance_not_updated_after_bank_transfer,"How long do tranfers from a UK account usuallt take for you? I just made a transfer and nothing shows up, so just wondering if things went ok","How long do tranfers from a local bank account usuallt take for you? I just made a transfer and nothing shows up, so just wondering if things went ok"
original dataset/train.csv,8758,balance_not_updated_after_bank_transfer,What's the normal time frame for a transfer from a UK account? After just making a transfer it doesn't appear at all. I need to know if things went okay.,What's the normal time frame for a transfer from a local bank account? After just making a transfer it doesn't appear at all. I need to know if things went okay.
original dataset/train.csv,8772,balance_not_updated_after_bank_transfer,Hello I have a UK account.  Can you please check if everything is alright with it?  I made a transfer a couple hours ago but it doesn't show up yet.,Hello I have a local bank account.  Can you please check if everything is alright with it?  I made a transfer a couple hours ago but it doesn't show up yet.
original dataset/train.csv,8773,balance_not_updated_after_bank_transfer,How long does a transfer from the UK account usually take? After completing the transfer it is not showing up. I need to know that everything I actually went okay.,How long does a transfer from the local bank account usually take? After completing the transfer it is not showing up. I need to know that everything I actually went okay.
original dataset/train.csv,8780,balance_not_updated_after_bank_transfer,A few hours ago I made a bank transfer from my UK account but I don't see that it has arrived.   Can you check and see if all is ok please?,A few hours ago I made a bank transfer from my local bank account but I don't see that it has arrived.   Can you check and see if all is ok please?
original dataset/train.csv,8785,balance_not_updated_after_bank_transfer,What is the amount of time transfers usually take from the UK? I had just completed a transfer and nothing seems to be showing up so I need to be sure things are alright.,What is the amount of time transfers usually take from a local bank? I had just completed a transfer and nothing seems to be showing up so I need to be sure things are alright.
original dataset/train.csv,8790,cash_withdrawal_not_recognised,"Someone has a copy of my card !! I definitely still have it here but someone just made a 500£ cash withdrawal, HELP!","Someone has a copy of my card !! I definitely still have it here but someone just made a Rs 500,000 cash withdrawal, HELP!"
original dataset/train.csv,8793,cash_withdrawal_not_recognised,"Someone has a copy of my card. I have my card with me, but someone just made a 500£ cash withdrawal. Help me.","Someone has a copy of my card. I have my card with me, but someone just made a Rs 500,000 cash withdrawal. Help me."
original dataset/train.csv,8796,cash_withdrawal_not_recognised,"Someone has copied my card. I have my card with me, but someone just made a 500£ cash withdrawal. Please help now.","Someone has copied my card. I have my card with me, but someone just made a Rs 500,000 cash withdrawal. Please help now."
original dataset/train.csv,8801,cash_withdrawal_not_recognised,"A 500 pound cash withdrawal was just made from my account, but I didn't make it. I am pretty sure my card has been compromised - can you help me?","A Rs 500,000 cash withdrawal was just made from my account, but I didn't make it. I am pretty sure my card has been compromised - can you help me?"
original dataset/train.csv,8812,cash_withdrawal_not_recognised,"Help! I think someone has a copy of my card - I still have my card, but a five hundred pound cash withdrawal that I didn't authorize is shown on my account.","Help! I think someone has a copy of my card - I still have my card, but a Rs 500,000 cash withdrawal that I didn't authorize is shown on my account."
original dataset/train.csv,8814,cash_withdrawal_not_recognised,I was checking my account when I saw a $500 cash withdraw that I know I didn't do.  I have my card so I don't understand how this happened.  Please help me.,"I was checking my account when I saw a Rs 500,000 cash withdraw that I know I didn't do.  I have my card so I don't understand how this happened.  Please help me."
original dataset/train.csv,8823,cash_withdrawal_not_recognised,Somebody made a withdrawal from my account for 500. I have my card so how can this be? Does somebody have a duplicate card or something? Help please.,"Somebody made a withdrawal from my account for Rs 500,000. I have my card so how can this be? Does somebody have a duplicate card or something? Help please."
original dataset/train.csv,8833,cash_withdrawal_not_recognised,I think someone may have cloned my card or something.  My card isn't lost but I just saw a charge of $500 cash withdraw.  Can you help me?,"I think someone may have cloned my card or something.  My card isn't lost but I just saw a charge of Rs 500,000 cash withdraw.  Can you help me?"
original dataset/train.csv,8860,cash_withdrawal_not_recognised,"I was trying to use my card and it was declined, when I tried to find out what happened I found cash withdraw for $500 that I didn't do.  Can you please help figure this out?","I was trying to use my card and it was declined, when I tried to find out what happened I found cash withdraw for Rs 500,000 that I didn't do.  Can you please help figure this out?"
original dataset/train.csv,8895,cash_withdrawal_not_recognised,I think somebody made an unauthorized copy of my card.  My account has a cash withdrawal for 500£ that I did not make.  Please help.,"I think somebody made an unauthorized copy of my card.  My account has a cash withdrawal for Rs 500,000 that I did not make.  Please help."
original dataset/train.csv,8904,cash_withdrawal_not_recognised,I have my card here with me and someone has just made a withdrawal for 500. Please help!,"I have my card here with me and someone has just made a withdrawal for Rs 500,000. Please help!"
original dataset/train.csv,8910,cash_withdrawal_not_recognised,There's a $200 withdrawal on my statement that seems fishy to me.,"There's a Rs 200,000 withdrawal on my statement that seems fishy to me."
original dataset/train.csv,8916,cash_withdrawal_not_recognised,I need your help immediately.  There is a 500£ cash withdrawal that I know nothing about.  I think my account has become compromised.,"I need your help immediately.  There is a Rs 500,000 cash withdrawal that I know nothing about.  I think my account has become compromised."
original dataset/train.csv,8919,cash_withdrawal_not_recognised,"I think someone might have a copy of my card because a 500 dollar withdrawal was made, and it wasn't me. Can you please help?","I think someone might have a copy of my card because a Rs 500,000 withdrawal was made, and it wasn't me. Can you please help?"
original dataset/train.csv,9079,top_up_by_card_charge,Do you charge if I use a European bank card for top up?,Do you charge if I use a foreign bank card for top up?
original dataset/train.csv,9087,top_up_by_card_charge,Do I get charged for a top up from a European bank?,Do I get charged for a top up from a foreign bank?
original dataset/train.csv,9091,top_up_by_card_charge,What is the fee if I use a European bank for a top up?,What is the fee if I use a foreign bank for a top up?
original dataset/train.csv,9094,top_up_by_card_charge,Are there any charges for European bank card for top up?,Are there any charges for foreign bank card for top up?
original dataset/train.csv,9095,top_up_by_card_charge,Are there still fees for european top-ups?,Are there still fees for foreign top-ups?
original dataset/train.csv,9098,top_up_by_card_charge,If I top up using a European card is there a charge?,If I top up using a foreign card is there a charge?
original dataset/train.csv,9101,top_up_by_card_charge,Is there a fee for european bank cards?,Is there a fee for foreign bank cards?
original dataset/train.csv,9111,top_up_by_card_charge,Do I get charged if I top up with my European bank card?,Do I get charged if I top up with my foreign bank card?
original dataset/train.csv,9117,top_up_by_card_charge,Will you charge me for topping up with a European card?,Will you charge me for topping up with a foreign card?
original dataset/train.csv,9125,top_up_by_card_charge,Can I top up for free using a European card?,Can I top up for free using a foreign card?
original dataset/train.csv,9142,top_up_by_card_charge,Will you charge me more if I use a European bank card for a top up?,Will you charge me more if I use a foreign bank card for a top up?
original dataset/train.csv,9152,top_up_by_card_charge,Is there a charge for using an European bank card for top up?,Is there a charge for using an foreign bank card for top up?
original dataset/train.csv,9160,top_up_by_card_charge,Will I be charged a fee for topping up using a European card?,Will I be charged a fee for topping up using a foreign card?
original dataset/train.csv,9161,top_up_by_card_charge,I need to know what charges I will incur for using a European card for top up.,I need to know what charges I will incur for using a foreign card for top up.
original dataset/train.csv,9165,top_up_by_card_charge,What are the top up fees for using an European bank card?,What are the top up fees for using an foreign bank card?
original dataset/train.csv,9167,top_up_by_card_charge,European bank card for top up will come with any extra fees?,foreign bank card for top up will come with any extra fees?
original dataset/train.csv,9169,top_up_by_card_charge,"If I were to use a European bank card for a top up, will I incur a charge?","If I were to use a foreign bank card for a top up, will I incur a charge?"
original dataset/train.csv,9178,top_up_by_card_charge,What are the fees for using a European bank card?,What are the fees for using a foreign bank card?
original dataset/train.csv,9880,country_support,Are these cards available in europe?,Are these cards available in Sri Lanka?
original dataset/train.csv,9881,country_support,If I live outside of the UK am I still eligible for a card?,If I live outside of Sri Lanka am I still eligible for a card?
original dataset/train.csv,9884,country_support,Do you have to be in the UK to get a card?,Do you have to be in Sri Lanka to get a card?
original dataset/train.csv,9887,country_support,Do you provide cards to people not in the UK?,Do you provide cards to people not in Sri Lanka?
original dataset/train.csv,9892,country_support,Can the card be mailed to Europe?,Can the card be mailed to Sri Lanka?
original dataset/train.csv,9908,country_support,Is it possible to get one of your cards in the European Union?,Is it possible to get one of your cards in Sri Lanka?
original dataset/train.csv,9910,country_support,"Although I am not located in the UK area, may i still receive a card?","Although I am not located in Sri Lanka, may i still receive a card?"
original dataset/train.csv,9918,country_support,Any chance of getting the card outside the UK?,Any chance of getting the card outside Sri Lanka?
original dataset/train.csv,9923,country_support,I don't live in the UK. Can I still get a card?,I don't live in Sri Lanka. Can I still get a card?
original dataset/train.csv,9925,country_support,Can I use it outside of Europe?,Can I use it outside of Sri Lanka?
original dataset/train.csv,9929,country_support,Are cards available to those outside of the UK?,Are cards available to those outside of Sri Lanka?
original dataset/train.csv,9931,country_support,Is it possible to get a card outside the UK?,Is it possible to get a card outside Sri Lanka?
original dataset/train.csv,9936,country_support,Is it possible to get a card when i'm not in the UK?,Is it possible to get a card when i'm not in Sri Lanka?
original dataset/train.csv,9937,country_support,Can I get a card if I don't reside in the UK?,Can I get a card if I don't reside in Sri Lanka?
original dataset/train.csv,9938,country_support,"If I don't live in the UK, can I get a card?","If I don't live in Sri Lanka, can I get a card?"
original dataset/train.csv,9955,country_support,Are you only able to get a card if you're in the UK?,Are you only able to get a card if you're in Sri Lanka?
original dataset/train.csv,9963,country_support,Can I get a card although I'm not in the UK,Can I get a card although I'm not in Sri Lanka
original dataset/train.csv,9964,country_support,"If I don't live in the UK, can I still get a card?","If I don't live in Sri Lanka, can I still get a card?"
original dataset/train.csv,9966,country_support,"I'm not in the UK, but can I still get a card?","I'm not in Sri Lanka, but can I still get a card?"
original dataset/train.csv,9969,country_support,Can I have a card even if I am not living in the UK?,Can I have a card even if I am not living in Sri Lanka?
original dataset/train.csv,9984,country_support,Where in the European Union can I get a card?,Where in Sri Lanka can I get a card?
original dataset/train.csv,9986,country_support,I live in the UK. Can I get a card?,I live in Sri Lanka. Can I get a card?
original dataset/train.csv,9988,country_support,I am not in the UK can i get a card?,I am not in Sri Lanka can i get a card?
original dataset/train.csv,9991,country_support,"I want a card, but I'm not in the UK- can I get one still?","I want a card, but I'm not in Sri Lanka- can I get one still?"
llm-zeroshot/english/test_labeled.csv,131,card_payment_wrong_exchange_rate,My exchange went wrong. I swapped Russian Ruble for UK pounds and was charged too much.,My exchange went wrong. I swapped LKR for USD and was charged too much.
llm-zeroshot/english/test_labeled.csv,150,card_payment_wrong_exchange_rate,I'm pretty sure something went wrong with my exchange. I changed Russian Ruble to UK pounds and was charged way too much!,I'm pretty sure something went wrong with my exchange. I changed LKR to USD and was charged way too much!
llm-zeroshot/english/test_labeled.csv,162,extra_charge_on_statement,My statement has a dollar I have been charged showing up on it.,My statement has Rs 10 I have been charged showing up on it.
llm-zeroshot/english/test_labeled.csv,163,extra_charge_on_statement,Why is there a fee for an extra pound in my statement?,Why is there a fee for an extra Rs 10 in my statement?
llm-zeroshot/english/test_labeled.csv,165,extra_charge_on_statement,Why is there an extra dollar charged to my account?,Why is there an extra Rs 10 charged to my account?
llm-zeroshot/english/test_labeled.csv,167,extra_charge_on_statement,I would like a refund on the extra pound I was charged.,I would like a refund on the extra Rs 10 I was charged.
llm-zeroshot/english/test_labeled.csv,168,extra_charge_on_statement,Can you explain what this random $1 charge is?,Can you explain what this random Rs 10 charge is?
llm-zeroshot/english/test_labeled.csv,169,extra_charge_on_statement,What is this $1 charge on my statement?,What is this Rs 10 charge on my statement?
llm-zeroshot/english/test_labeled.csv,171,extra_charge_on_statement,"I do not remember purchasing anything for 1£, and it is on my statement. Can you please tell me what that is about?","I do not remember purchasing anything for Rs 10, and it is on my statement. Can you please tell me what that is about?"
llm-zeroshot/english/test_labeled.csv,172,extra_charge_on_statement,I can see an extra 1£ charge on my app. Why did you charge me extra?,I can see an extra Rs 10 charge on my app. Why did you charge me extra?
llm-zeroshot/english/test_labeled.csv,173,extra_charge_on_statement,Can you tell me why I noticed a $1 charge on my statement?,Can you tell me why I noticed a Rs 10 charge on my statement?
llm-zeroshot/english/test_labeled.csv,174,extra_charge_on_statement,When will the $1 transaction be credited to me?,When will the Rs 10 transaction be credited to me?
llm-zeroshot/english/test_labeled.csv,176,extra_charge_on_statement,"I noticed an extra $1 charge on my statement, can you tell me why that is?","I noticed an extra Rs 10 charge on my statement, can you tell me why that is?"
llm-zeroshot/english/test_labeled.csv,177,extra_charge_on_statement,There is an extra $1 charge,There is an extra Rs 10 charge
llm-zeroshot/english/test_labeled.csv,179,extra_charge_on_statement,Why is there an extra 1 pound charge on my card?,Why is there an extra 1 Rs 10 charge on my card?
llm-zeroshot/english/test_labeled.csv,182,extra_charge_on_statement,Where did this 1 euro fee come from?,Where did this Rs 10 fee come from?
llm-zeroshot/english/test_labeled.csv,184,extra_charge_on_statement,I have a 1 euro fee on my statement.,I have a Rs 10 fee on my statement.
llm-zeroshot/english/test_labeled.csv,185,extra_charge_on_statement,Why was I overcharged a pound!?,Why was I overcharged Rs 10!?
llm-zeroshot/english/test_labeled.csv,186,extra_charge_on_statement,"Something went wrong, I was charged an extra pound?","Something went wrong, I was charged an extra Rs 10?"
llm-zeroshot/english/test_labeled.csv,192,extra_charge_on_statement,For some reason my account's been charged an extra dollar.,For some reason my account's been charged an extra Rs 10.
llm-zeroshot/english/test_labeled.csv,193,extra_charge_on_statement,There is a transaction for $1 and I don't know why it was charged.,There is a transaction for Rs 10 and I don't know why it was charged.
llm-zeroshot/english/test_labeled.csv,194,extra_charge_on_statement,"Can you help me with a weird charge?  It's a pound charge that never goes away from the statement view on the app I'm using.  It's not described as anything but ""Pending"", and that status has never changed during the last two days.","Can you help me with a weird charge?  It's a Rs 10 charge that never goes away from the statement view on the app I'm using.  It's not described as anything but ""Pending"", and that status has never changed during the last two days."
llm-zeroshot/english/test_labeled.csv,196,extra_charge_on_statement,"$1 extra has been charged on my statement, why is that?","Rs 10 extra has been charged on my statement, why is that?"
llm-zeroshot/english/test_labeled.csv,198,extra_charge_on_statement,"It's been two weeks, why has the transaction for $1.00 not been reversed?","It's been two weeks, why has the transaction for Rs 10 not been reversed?"
llm-zeroshot/english/test_labeled.csv,200,extra_charge_on_statement,I'm quite confused as to what is going on. There is some odd extra pound charge on my statement in the app that's just listed as pending and doesn't go away since a couple days.,I'm quite confused as to what is going on. There is some odd extra Rs 10 charge on my statement in the app that's just listed as pending and doesn't go away since a couple days.
llm-zeroshot/english/test_labeled.csv,405,exchange_via_app,How do I change GBP to AUD?,How do I change LKR to USD?
llm-zeroshot/english/test_labeled.csv,411,exchange_via_app,How do I interconvert between AUD and GBP?,How do I interconvert between USD and LKR?
llm-zeroshot/english/test_labeled.csv,413,exchange_via_app,What is the best way to exchange currency between USD and GBP using your app?,What is the best way to exchange currency between USD and LKR using your app?
llm-zeroshot/english/test_labeled.csv,414,exchange_via_app,If I wanted to make a change from GBP to AUD what is the process?,If I wanted to make a change from LKR to USD what is the process?
llm-zeroshot/english/test_labeled.csv,417,exchange_via_app,How do I exchange my GBP to AUD?,How do I exchange my LKR to USD?
llm-zeroshot/english/test_labeled.csv,421,exchange_via_app,"I need AUD not GBP, how do I change it?","I need USD not LKR, how do I change it?"
llm-zeroshot/english/test_labeled.csv,423,exchange_via_app,If I need GBP instead of AUD what do I do?,If I need LKR instead of USD what do I do?
llm-zeroshot/english/test_labeled.csv,425,exchange_via_app,"I might need AUD instead of GBP, how to change?","I might need USD instead of LKR, how to change?"
llm-zeroshot/english/test_labeled.csv,429,exchange_via_app,Where do I go to change GBP?,Where do I go to change LKR?
llm-zeroshot/english/test_labeled.csv,434,exchange_via_app,Can I exchange between GBP and USD on the app?,Can I exchange between LKR and USD on the app?
llm-zeroshot/english/test_labeled.csv,437,exchange_via_app,"I think I want AUD and not GBP, can you help?","I think I want USD and not LKR, can you help?"
llm-zeroshot/english/test_labeled.csv,439,exchange_via_app,Can I use this app to change dollars into euros?,Can I use this app to change USD into euros?
llm-zeroshot/english/test_labeled.csv,762,wrong_amount_of_cash_received,"I don't know if this is an issue with the ATM or my account, but I just tried withdrawing 30 pounds from the ATM I'm at now and it only gave me 10. Is this a glitch or what exactly is going on?","I don't know if this is an issue with the ATM or my account, but I just tried withdrawing Rs 30,000 from the ATM I'm at now and it only gave me Rs 10,000. Is this a glitch or what exactly is going on?"
llm-zeroshot/english/test_labeled.csv,768,wrong_amount_of_cash_received,I'm at an ATM and withdrew 30 pounds and was only given 10. What should I do?,"I'm at an ATM and withdrew Rs 30,000 and was only given Rs 10,000. What should I do?"
llm-zeroshot/english/test_labeled.csv,778,wrong_amount_of_cash_received,Why did I only get $20 when I tried to get $100,"Why did I only get Rs 20,000 when I tried to get Rs 100,000"
llm-zeroshot/english/test_labeled.csv,781,wrong_amount_of_cash_received,I tried to get $100 but I just got $20,"I tried to get Rs 100,000 but I just got Rs 20,000"
llm-zeroshot/english/test_labeled.csv,783,wrong_amount_of_cash_received,I asked for $100 cash but only got $20?,"I asked for Rs 100,000 cash but only got Rs 20,000?"
llm-zeroshot/english/test_labeled.csv,788,wrong_amount_of_cash_received,I asked for 100 but only got 20.,"I asked for Rs 100,000 but only got Rs 20,000."
llm-zeroshot/english/test_labeled.csv,792,wrong_amount_of_cash_received,What do I do if the ATM didn't give me the correct amount I withdrew? I pulled out 30 pounds and the ATM gave me 10 pounds.,"What do I do if the ATM didn't give me the correct amount I withdrew? I pulled out Rs 30,000 and the ATM gave me Rs 10,000."
llm-zeroshot/english/test_labeled.csv,795,wrong_amount_of_cash_received,I just got $20 when I tried to get $100,"I just got Rs 20,000 when I tried to get Rs 100,000"
llm-zeroshot/english/test_labeled.csv,2042,transfer_timing,What is the number of days I have to wait for my Europe transfer?,What is the number of days I have to wait for my overseas transfer?
llm-zeroshot/english/test_labeled.csv,2048,transfer_timing,Do transfers from Europe take longer?,Do transfers from overseas take longer?
llm-zeroshot/english/test_labeled.csv,2051,transfer_timing,"If I started the Bank transfer from Europe, how long will the process take to complete?","If I started the Bank transfer from overseas, how long will the process take to complete?"
llm-zeroshot/english/test_labeled.csv,2060,transfer_timing,How long is my Europe transfer wait?,How long is my overseas transfer wait?
llm-zeroshot/english/test_labeled.csv,2069,transfer_timing,"I initiated a Bank transfer form Europe, how long will this take?","I initiated a Bank transfer form overseas, how long will this take?"
llm-zeroshot/english/test_labeled.csv,2070,transfer_timing,How long does it take to process transfers from Europe?,How long does it take to process transfers from overseas?
llm-zeroshot/english/test_labeled.csv,2078,transfer_timing,If my transfer is from Europe how long will it take?,If my transfer is from overseas how long will it take?
llm-zeroshot/english/test_labeled.csv,2247,receiving_money,Is there a problem with receiving my salary in GBP?,Is there a problem with receiving my salary in LKR?
llm-zeroshot/english/test_labeled.csv,2248,receiving_money,Do I need to choose GBP to get my salary deposited properly?,Do I need to choose LKR to get my salary deposited properly?
llm-zeroshot/english/test_labeled.csv,2249,receiving_money,"I get paid in GBP. Should I configure this and if so, where?","I get paid in LKR. Should I configure this and if so, where?"
llm-zeroshot/english/test_labeled.csv,2252,receiving_money,My salary is received in the form of GBP. Do I need to do anything specific to configure this?,My salary is received in the form of LKR. Do I need to do anything specific to configure this?
llm-zeroshot/english/test_labeled.csv,2254,receiving_money,Is GBP a supported currency?,Is LKR a supported currency?
llm-zeroshot/english/test_labeled.csv,2255,receiving_money,Do I need to establish I am paid in GBP before a transfer?,Do I need to establish I am paid in LKR before a transfer?
llm-zeroshot/english/test_labeled.csv,2256,receiving_money,"Salary in GBP has been received, does it need to be configured elsewhere?","Salary in LKR has been received, does it need to be configured elsewhere?"
llm-zeroshot/english/test_labeled.csv,2264,receiving_money,Is it possible to deposit money in GBP?,Is it possible to deposit money in LKR?
llm-zeroshot/english/test_labeled.csv,2265,receiving_money,I received my salary in GBP. How do I change this to my currency?,I received my salary in LKR. How do I change this to my currency?
llm-zeroshot/english/test_labeled.csv,2273,receiving_money,I receive my salary in GBP. Do I need to configure this somehwere?,I receive my salary in LKR. Do I need to configure this somehwere?
llm-zeroshot/english/test_labeled.csv,2279,receiving_money,My salary is in GBP; how can I note this in the app?,My salary is in LKR; how can I note this in the app?
llm-zeroshot/english/test_labeled.csv,2577,wrong_exchange_rate_for_cash_withdrawal,Will there be additional costs of I make a withdrawal from a local ATM of British pounds? I need some cash to feel comfortable on the journey home,Will there be additional costs of I make a withdrawal from a local ATM of US dollars? I need some cash to feel comfortable on the journey home
llm-zeroshot/english/test_labeled.csv,2601,wrong_exchange_rate_for_cash_withdrawal,"Is there a local ATM that will provide British pounds, I have no money for my homeward journey and do not feel comfortable waiting until  I arrive in Britain. Will a withdrawal involve extra charges?","Is there a local ATM that will provide US dollars, I have no money for my homeward journey and do not feel comfortable waiting until  I arrive in Sri Lanka. Will a withdrawal involve extra charges?"
llm-zeroshot/english/test_labeled.csv,2682,balance_not_updated_after_bank_transfer,I made a transfer a few hours ago from a UK banking account.  I do not yet see the transfer.  Please check on this for me.,I made a transfer a few hours ago from a local bank account.  I do not yet see the transfer.  Please check on this for me.
llm-zeroshot/english/test_labeled.csv,2688,balance_not_updated_after_bank_transfer,The amount of time that transfers usually take from a UK account is what?I just completed a transfer and it is not showing up at all. I'm wondering at this point if everything is actually okay.,The amount of time that transfers usually take from a local bank account is what?I just completed a transfer and it is not showing up at all. I'm wondering at this point if everything is actually okay.
llm-zeroshot/english/test_labeled.csv,2693,balance_not_updated_after_bank_transfer,How long does a UK transfer take?,How long does a local bank transfer take?
llm-zeroshot/english/test_labeled.csv,2694,balance_not_updated_after_bank_transfer,Hello I made a bank transfer couple hours ago from my UK account but it doesn't show up yet. Can you please check if everything is alright with it?,Hello I made a bank transfer couple hours ago from my local bank account but it doesn't show up yet. Can you please check if everything is alright with it?
llm-zeroshot/english/test_labeled.csv,2698,balance_not_updated_after_bank_transfer,"Could you please check one of my transfer which i made few hours ago from my UK bank account, as its not showing yet.","Could you please check one of my transfer which i made few hours ago from my local bank account, as its not showing yet."
llm-zeroshot/english/test_labeled.csv,2712,balance_not_updated_after_bank_transfer,"I made a bank transfer a couple of hours ago from my UK account.  It hasn't appeared, can you check to make sure it went through?","I made a bank transfer a couple of hours ago from my local bank account.  It hasn't appeared, can you check to make sure it went through?"
llm-zeroshot/english/test_labeled.csv,2714,balance_not_updated_after_bank_transfer,"Hey, I try to make a bank transfer from my UK account a few hours ago, but it haven't show up yet. Please check my account to make sure everything alright with it?","Hey, I try to make a bank transfer from my local bank account a few hours ago, but it haven't show up yet. Please check my account to make sure everything alright with it?"
llm-zeroshot/english/test_labeled.csv,2718,balance_not_updated_after_bank_transfer,I need to know the time frame that is typical for a transfer from a UK account. I just made a transfer and it doesn't appear. I want to make sure everything is okay.,I need to know the time frame that is typical for a transfer from a local bank account. I just made a transfer and it doesn't appear. I want to make sure everything is okay.
llm-zeroshot/english/test_labeled.csv,2744,cash_withdrawal_not_recognised,There is an unauthorized cash withdrawal from my account for 500£.  I definitely didn't make this withdrawal.  I need your help.,"There is an unauthorized cash withdrawal from my account for Rs 500,000.  I definitely didn't make this withdrawal.  I need your help."
llm-zeroshot/english/test_labeled.csv,2756,cash_withdrawal_not_recognised,"Someone has stolen my card. Even though I have my card with me, someone just made a 500£ cash withdrawal. Please help as soon as possible.","Someone has stolen my card. Even though I have my card with me, someone just made a Rs 500,000 cash withdrawal. Please help as soon as possible."
llm-zeroshot/english/test_labeled.csv,2802,top_up_by_card_charge,Is there a fee for using a European bank card to top up?,Is there a fee for using a foreign bank card to top up?
llm-zeroshot/english/test_labeled.csv,2810,top_up_by_card_charge,Is there an additional charge for topping up using a European card?,Is there an additional charge for topping up using a foreign card?
llm-zeroshot/english/test_labeled.csv,2814,top_up_by_card_charge,Are there any fees if I use a European bank card for a top up?,Are there any fees if I use a foreign bank card for a top up?
llm-zeroshot/english/test_labeled.csv,2819,top_up_by_card_charge,"If I use a European bank card for top up, Do I get charged?","If I use a foreign bank card for top up, Do I get charged?"
llm-zeroshot/english/test_labeled.csv,2820,top_up_by_card_charge,Will there be any extra fees for European bank card for top up?,Will there be any extra fees for foreign bank card for top up?
llm-zeroshot/english/test_labeled.csv,2821,top_up_by_card_charge,Will I be charged if I use European bank card for top up?,Will I be charged if I use foreign bank card for top up?
llm-zeroshot/english/test_labeled.csv,2822,top_up_by_card_charge,I want to use a European bank card for a top up. Must I pay?,I want to use a foreign bank card for a top up. Must I pay?
llm-zeroshot/english/test_labeled.csv,2830,top_up_by_card_charge,"I need to use a European card for a top up, what will the charge be?","I need to use a foreign card for a top up, what will the charge be?"
llm-zeroshot/english/test_labeled.csv,2835,top_up_by_card_charge,Is there a charge or discount if I use a European bank in a top up?,Is there a charge or discount if I use a foreign bank in a top up?
llm-zeroshot/english/test_labeled.csv,3043,country_support,Are your cards available in Europe?,Are your cards available in Sri Lanka?
llm-zeroshot/english/test_labeled.csv,3047,country_support,Can I get a card outside the UK?,Can I get a card outside Sri Lanka?
llm-zeroshot/english/test_labeled.csv,3048,country_support,"I'm not in the UK, can I still get a card?","I'm not in Sri Lanka, can I still get a card?"
llm-zeroshot/english/test_labeled.csv,3049,country_support,"I'm not in the UK, is it possible for me to still get a card?","I'm not in Sri Lanka, is it possible for me to still get a card?"
llm-zeroshot/english/test_labeled.csv,3052,country_support,Can I get a card despite the fact I'm not in the UK?,Can I get a card despite the fact I'm not in Sri Lanka?
llm-zeroshot/english/test_labeled.csv,3057,country_support,Is it possible to get a card if I'm not in the UK?,Is it possible to get a card if I'm not in Sri Lanka?
llm-zeroshot/english/test_labeled.csv,3061,country_support,Can I get a card even if I live outside the UK?,Can I get a card even if I live outside Sri Lanka?
llm-zeroshot/english/test_labeled.csv,3063,country_support,"I would like to receive and use the card in Europe, is that possible?","I would like to receive and use the card in Sri Lanka, is that possible?"
llm-zeroshot/english/test_labeled.csv,3072,country_support,I don't live in the UK.  Can I still get a card?,I don't live in Sri Lanka.  Can I still get a card?
llm-zeroshot/english/test_labeled.csv,3076,country_support,"I'm not in the UK, can I get a card?","I'm not in Sri Lanka, can I get a card?"
llm-zeroshot/english/test_labeled.csv,3077,country_support,"If i'm not in the UK, can I still get a card?","If i'm not in Sri Lanka, can I still get a card?"
llm-zeroshot/english/test_labeled.csv,3081,country_support,Can the card be mailed and used in Europe?,Can the card be mailed and used in Sri Lanka?
llm-zeroshot/english/train_labeled.csv,411,card_payment_wrong_exchange_rate,I think something went wrong with my exchange between Russian Ruble and UK pounds. I was overcharged during the swap.,I think something went wrong with my exchange between LKR and USD. I was overcharged during the swap.
llm-zeroshot/english/train_labeled.csv,457,card_payment_wrong_exchange_rate,I question today's exchange rate for rubles into pounds. I was hoping for a better return.,I question today's exchange rate for LKR into USD. I was hoping for a better return.
llm-zeroshot/english/train_labeled.csv,472,card_payment_wrong_exchange_rate,The fee charged when I changed rubles into British pounds was too much.,The fee charged when I changed LKR into USD was too much.
llm-zeroshot/english/train_labeled.csv,479,card_payment_wrong_exchange_rate,It seems that something went wrong with my exchange. I changed Russian Ruble into UK pounds but have been charged entirely too much!,It seems that something went wrong with my exchange. I changed LKR into USD but have been charged entirely too much!
llm-zeroshot/english/train_labeled.csv,486,card_payment_wrong_exchange_rate,I exchanged Russian rubles for British pounds today and got less than I expected. Was exchange rate correct?,I exchanged LKR for USD today and got less than I expected. Was exchange rate correct?
llm-zeroshot/english/train_labeled.csv,489,card_payment_wrong_exchange_rate,My client was converting their Russian ruble into UK pound currency when they noticed their bill was much too high for the exchange. What happened?,My client was converting their LKR into USD when they noticed their bill was much too high for the exchange. What happened?
llm-zeroshot/english/train_labeled.csv,490,card_payment_wrong_exchange_rate,I have been overcharged. I just changed over Russian Ruble to UK pounds and it was too much. It seems something was wrong with my exchange.,I have been overcharged. I just changed over LKR to USD and it was too much. It seems something was wrong with my exchange.
llm-zeroshot/english/train_labeled.csv,491,card_payment_wrong_exchange_rate,What is your exchange rate between UK pounds and Russian rubles for my last transaction,What is your exchange rate between USD and LKR for my last transaction
llm-zeroshot/english/train_labeled.csv,495,card_payment_wrong_exchange_rate,My exchange seems to have something wrong with it. I changed over Russian Ruble to UK pounds and it appears I was charged way more than I was supposed to be.,My exchange seems to have something wrong with it. I changed over LKR to USD and it appears I was charged way more than I was supposed to be.
llm-zeroshot/english/train_labeled.csv,501,card_payment_wrong_exchange_rate,I have been charged way to much so something is apparently wrong with my exchange. I changed Russian Ruble into UK pounds.,I have been charged way to much so something is apparently wrong with my exchange. I changed LKR into USD.
llm-zeroshot/english/train_labeled.csv,505,card_payment_wrong_exchange_rate,Why was I charged extra on my last UK pound to Russian ruble exchange?,Why was I charged extra on my last USD to LKR exchange?
llm-zeroshot/english/train_labeled.csv,565,card_payment_wrong_exchange_rate,"I'm going on a trip soon and I needed to convert my Russian ruble to UK pounds, but when I did, your company charged me above the exchange rate. Did you mess up my transaction?","I'm going on a trip soon and I needed to convert my LKR to USD, but when I did, your company charged me above the exchange rate. Did you mess up my transaction?"
llm-zeroshot/english/train_labeled.csv,574,extra_charge_on_statement,Why did they charge me an extra $1?,Why did they charge me an extra Rs 10?
llm-zeroshot/english/train_labeled.csv,575,extra_charge_on_statement,Why is there a 1 euro fee on my statement?,Why is there a Rs 10 fee on my statement?
llm-zeroshot/english/train_labeled.csv,576,extra_charge_on_statement,Why do I see an extra £1 charge on my statement?,Why do I see an extra Rs 10 charge on my statement?
llm-zeroshot/english/train_labeled.csv,577,extra_charge_on_statement,I am inquiring about a $1 charge on my statement.,I am inquiring about a Rs 10 charge on my statement.
llm-zeroshot/english/train_labeled.csv,578,extra_charge_on_statement,What is the $1 transaction on my account?,What is the Rs 10 transaction on my account?
llm-zeroshot/english/train_labeled.csv,579,extra_charge_on_statement,What is this extra pound charge for?,What is this extra Rs 10 charge for?
llm-zeroshot/english/train_labeled.csv,580,extra_charge_on_statement,I was charged $1 in a transaction.,I was charged Rs 10 in a transaction.
llm-zeroshot/english/train_labeled.csv,582,extra_charge_on_statement,There is a pending 1£ charge on my statement.  I haven't purchased anything for 1£.  Why is it on my statement?,There is a pending Rs 10 charge on my statement.  I haven't purchased anything for Rs 10.  Why is it on my statement?
llm-zeroshot/english/train_labeled.csv,584,extra_charge_on_statement,"I have a strange transaction for £1 on my statement, what is that?","I have a strange transaction for Rs 10 on my statement, what is that?"
llm-zeroshot/english/train_labeled.csv,585,extra_charge_on_statement,I have no idea why there is a dollar that has been charged to my account.,I have no idea why there is Rs 10 that has been charged to my account.
llm-zeroshot/english/train_labeled.csv,586,extra_charge_on_statement,I have been charged a pound for something that appears on my statement,I have been charged Rs 10 for something that appears on my statement
llm-zeroshot/english/train_labeled.csv,587,extra_charge_on_statement,Why is there a $1 charge on my statement?,Why is there a Rs 10 charge on my statement?
llm-zeroshot/english/train_labeled.csv,589,extra_charge_on_statement,Is there a reason why there is an extra £1 charge on my account?,Is there a reason why there is an extra Rs 10 charge on my account?
llm-zeroshot/english/train_labeled.csv,592,extra_charge_on_statement,There has been a charge pending on my account statement that I can't figue out it's for a dollar.,There has been a charge pending on my account statement that I can't figue out it's for Rs 10.
llm-zeroshot/english/train_labeled.csv,596,extra_charge_on_statement,I see a $1 charge in a transaction.,I see a Rs 10 charge in a transaction.
llm-zeroshot/english/train_labeled.csv,597,extra_charge_on_statement,I had to pay a pound more than I anticipated!,I had to pay a Rs 10 more than I anticipated!
llm-zeroshot/english/train_labeled.csv,599,extra_charge_on_statement,My statement contained a one pound extra fee,My statement contained a Rs 10 extra fee
llm-zeroshot/english/train_labeled.csv,600,extra_charge_on_statement,I checked my account today and saw that I was charged an extra pound that I did not spend.,I checked my account today and saw that I was charged an extra Rs 10 that I did not spend.
llm-zeroshot/english/train_labeled.csv,602,extra_charge_on_statement,I see I was charged $1 for a transaction.,I see I was charged Rs 10 for a transaction.
llm-zeroshot/english/train_labeled.csv,603,extra_charge_on_statement,$1 charge in transaction.,Rs 10 charge in transaction.
llm-zeroshot/english/train_labeled.csv,605,extra_charge_on_statement,Why is there an extra pound charge that is pending?,Why is there an extra Rs 10 charge that is pending?
llm-zeroshot/english/train_labeled.csv,606,extra_charge_on_statement,I was wrongfully charged one pound.,I was wrongfully charged Rs 10.
llm-zeroshot/english/train_labeled.csv,608,extra_charge_on_statement,"I just checked my statement and saw a $1 charge, why is it there?","I just checked my statement and saw a Rs 10 charge, why is it there?"
llm-zeroshot/english/train_labeled.csv,609,extra_charge_on_statement,There is an odd 1£ charge that appears as pending on my statement. What's the reason for that? I haven't purchased anything for a pound.,There is an odd Rs 10 charge that appears as pending on my statement. What's the reason for that? I haven't purchased anything for Rs 10.
llm-zeroshot/english/train_labeled.csv,610,extra_charge_on_statement,Why have I been charged an extra pound?,Why have I been charged an extra Rs 10?
llm-zeroshot/english/train_labeled.csv,611,extra_charge_on_statement,I think I may have been charged $1 extra on my app.  Could you provide some insight as to why this may have happened?,I think I may have been charged Rs 10 extra on my app.  Could you provide some insight as to why this may have happened?
llm-zeroshot/english/train_labeled.csv,613,extra_charge_on_statement,Is the 1 pound charge I can see an error or an incorrect entry?,Is the 1 Rs 10 charge I can see an error or an incorrect entry?
llm-zeroshot/english/train_labeled.csv,614,extra_charge_on_statement,Why did I get a $1 extra fee on the statement?,Why did I get a Rs 10 extra fee on the statement?
llm-zeroshot/english/train_labeled.csv,615,extra_charge_on_statement,Why was I charged $1 in a transaction?,Why was I charged Rs 10 in a transaction?
llm-zeroshot/english/train_labeled.csv,617,extra_charge_on_statement,"My statement shows a 1£ purchase pending. I do not remember making this purchase, please let me know what this is about.","My statement shows a Rs 10 purchase pending. I do not remember making this purchase, please let me know what this is about."
llm-zeroshot/english/train_labeled.csv,618,extra_charge_on_statement,I am seeing and extra 1$ charged to my account and wanted to know about it.,I am seeing and extra Rs 10 charged to my account and wanted to know about it.
llm-zeroshot/english/train_labeled.csv,620,extra_charge_on_statement,An extra pound was charged!,An extra Rs 10 was charged!
llm-zeroshot/english/train_labeled.csv,621,extra_charge_on_statement,I got billed an extra pound!,I got billed an extra Rs 10!
llm-zeroshot/english/train_labeled.csv,623,extra_charge_on_statement,"There must have been a mistake, why was I charged an extra pound?","There must have been a mistake, why was I charged an extra Rs 10?"
llm-zeroshot/english/train_labeled.csv,626,extra_charge_on_statement,"I looked at my statement, and there is a charge for 1£ that I don't recognize.  Why is it on there?","I looked at my statement, and there is a charge for Rs 10 that I don't recognize.  Why is it on there?"
llm-zeroshot/english/train_labeled.csv,629,extra_charge_on_statement,Why have I been charged an extra £1?,Why have I been charged an extra Rs 10?
llm-zeroshot/english/train_labeled.csv,631,extra_charge_on_statement,Why is there a charge for $1 on my account?,Why is there a charge for Rs 10 on my account?
llm-zeroshot/english/train_labeled.csv,632,extra_charge_on_statement,"On my statement, there is a strange 1£ charge that appears as pending. What's causing that? I haven't purchased anything that's just a pound.","On my statement, there is a strange Rs 10 charge that appears as pending. What's causing that? I haven't purchased anything that's just Rs 10."
llm-zeroshot/english/train_labeled.csv,633,extra_charge_on_statement,what was the $1 fee i got,what was the Rs 10 fee i got
llm-zeroshot/english/train_labeled.csv,635,extra_charge_on_statement,I was overcharged one extra pound!,I was overcharged one extra Rs 10!
llm-zeroshot/english/train_labeled.csv,636,extra_charge_on_statement,I noticed an extra pound charge?,I noticed an extra Rs 10 charge?
llm-zeroshot/english/train_labeled.csv,637,extra_charge_on_statement,I have been charged an extra pound!,I have been charged an extra Rs 10!
llm-zeroshot/english/train_labeled.csv,638,extra_charge_on_statement,Why does my statement show a $1 charge on my account?,Why does my statement show a Rs 10 charge on my account?
llm-zeroshot/english/train_labeled.csv,639,extra_charge_on_statement,Why has my card been charged an extra pound?,Why has my card been charged an extra Rs 10?
llm-zeroshot/english/train_labeled.csv,642,extra_charge_on_statement,I was made to pay an additional pound!,I was made to pay an additional Rs 10!
llm-zeroshot/english/train_labeled.csv,643,extra_charge_on_statement,I was charged an extra pound for no reason. Why is that?,I was charged an extra Rs 10 for no reason. Why is that?
llm-zeroshot/english/train_labeled.csv,645,extra_charge_on_statement,When did I get a $1 extra fee on my statement?,When did I get a Rs 10 extra fee on my statement?
llm-zeroshot/english/train_labeled.csv,647,extra_charge_on_statement,I was charged an extra dollar on my account and would like to know the reason.,I was charged an extra Rs 10 on my account and would like to know the reason.
llm-zeroshot/english/train_labeled.csv,649,extra_charge_on_statement,I was overcharged a pound.,I was overcharged Rs 10.
llm-zeroshot/english/train_labeled.csv,651,extra_charge_on_statement,What was the $1 charge for on my statement?,What was the Rs 10 charge for on my statement?
llm-zeroshot/english/train_labeled.csv,652,extra_charge_on_statement,I had a dollar charged to my account that's still pending and wanted to know what the charge is for?,I had Rs 10 charged to my account that's still pending and wanted to know what the charge is for?
llm-zeroshot/english/train_labeled.csv,654,extra_charge_on_statement,What am I being charged an extra pound when I haven't bought something worth that much?,What am I being charged an extra Rs 10 when I haven't bought something worth that much?
llm-zeroshot/english/train_labeled.csv,657,extra_charge_on_statement,Why did I get charged one pound seemingly randomly?,Why did I get charged Rs 10 seemingly randomly?
llm-zeroshot/english/train_labeled.csv,658,extra_charge_on_statement,Why was I charged an extra pound?,Why was I charged an extra Rs 10?
llm-zeroshot/english/train_labeled.csv,659,extra_charge_on_statement,I am being charged a pound out of nowhere. What is this?,I am being charged Rs 10 out of nowhere. What is this?
llm-zeroshot/english/train_labeled.csv,664,extra_charge_on_statement,"Hello, there seems to be a billing mistake associated with my account.  My app was charged $1 more than it should have.  Could you please explain why this may have happened?","Hello, there seems to be a billing mistake associated with my account.  My app was charged Rs 10 more than it should have.  Could you please explain why this may have happened?"
llm-zeroshot/english/train_labeled.csv,665,extra_charge_on_statement,Why is there a pending hold on one pound on my statement?,Why is there a pending hold on Rs 10 on my statement?
llm-zeroshot/english/train_labeled.csv,667,extra_charge_on_statement,What is this $1 charge on my account?,What is this Rs 10 charge on my account?
llm-zeroshot/english/train_labeled.csv,668,extra_charge_on_statement,There is a 1£ charge that appears as pending on my statement. What is that? I haven't purchased anything for a pound there.,There is a Rs 10 charge that appears as pending on my statement. What is that? I haven't purchased anything for Rs 10 there.
llm-zeroshot/english/train_labeled.csv,669,extra_charge_on_statement,Why did a transaction I made charge me $1?,Why did a transaction I made charge me Rs 10?
llm-zeroshot/english/train_labeled.csv,670,extra_charge_on_statement,"There seems to be an additional charge of £1 on my statement, what is the reason for this?","There seems to be an additional charge of Rs 10 on my statement, what is the reason for this?"
llm-zeroshot/english/train_labeled.csv,671,extra_charge_on_statement,I still have not received an answer as to why I was charged $1.00 in a transaction?,I still have not received an answer as to why I was charged Rs 10 in a transaction?
llm-zeroshot/english/train_labeled.csv,674,extra_charge_on_statement,There is some odd 1£ charge that appears as pending on my statement. What's that about? Pretty sure I haven't purchased anything for a pound there.,There is some odd Rs 10 charge that appears as pending on my statement. What's that about? Pretty sure I haven't purchased anything for Rs 10 there.
llm-zeroshot/english/train_labeled.csv,676,extra_charge_on_statement,Can you tell me about why the account I have was charged an extra 1$,Can you tell me about why the account I have was charged an extra Rs 10
llm-zeroshot/english/train_labeled.csv,678,extra_charge_on_statement,Can you tell me why I was charged $1 for a transaction?,Can you tell me why I was charged Rs 10 for a transaction?
llm-zeroshot/english/train_labeled.csv,680,extra_charge_on_statement,"There is an extra charge on my account I didn't authorise, it's just £1, what is it?","There is an extra charge on my account I didn't authorise, it's just Rs 10, what is it?"
llm-zeroshot/english/train_labeled.csv,681,extra_charge_on_statement,What is the dollar that I have pending on my statement there?,What is the Rs 10 that I have pending on my statement there?
llm-zeroshot/english/train_labeled.csv,682,extra_charge_on_statement,"I see an extra $1  charge on my statement, why is this?","I see an extra Rs 10  charge on my statement, why is this?"
llm-zeroshot/english/train_labeled.csv,684,extra_charge_on_statement,"There is an unexplained $1 charge on my statement, can you please explain this to me?","There is an unexplained Rs 10 charge on my statement, can you please explain this to me?"
llm-zeroshot/english/train_labeled.csv,686,extra_charge_on_statement,"Hello, I see that I have been charged an extra $1 on my app.  Could you please provide me with a reason for this charge?","Hello, I see that I have been charged an extra Rs 10 on my app.  Could you please provide me with a reason for this charge?"
llm-zeroshot/english/train_labeled.csv,692,extra_charge_on_statement,Why was I charged an additional $1?,Why was I charged an additional Rs 10?
llm-zeroshot/english/train_labeled.csv,693,extra_charge_on_statement,I checked my statement and am being charged one pound. Where did this charge come from?,I checked my statement and am being charged Rs 10. Where did this charge come from?
llm-zeroshot/english/train_labeled.csv,694,extra_charge_on_statement,I do not know why I was charged for the $1 transaction.,I do not know why I was charged for the Rs 10 transaction.
llm-zeroshot/english/train_labeled.csv,695,extra_charge_on_statement,I wanted to know about a pending dollar that is on my statement.,I wanted to know about a pending Rs 10 that is on my statement.
llm-zeroshot/english/train_labeled.csv,696,extra_charge_on_statement,"I'm pretty frustrated about a pound charge that keeps  showing up in my account statement. It's listed in the app as ""pending"", it never changes, and now I'm thinking someone's hacked my account!","I'm pretty frustrated about a Rs 10 charge that keeps  showing up in my account statement. It's listed in the app as ""pending"", it never changes, and now I'm thinking someone's hacked my account!"
llm-zeroshot/english/train_labeled.csv,697,extra_charge_on_statement,How come there is a $1 extra charge on my statement?,How come there is a Rs 10 extra charge on my statement?
llm-zeroshot/english/train_labeled.csv,698,extra_charge_on_statement,I was charged an extra pound.,I was charged an extra Rs 10.
llm-zeroshot/english/train_labeled.csv,699,extra_charge_on_statement,There is a charge for an additional pound.,There is a charge for an additional Rs 10.
llm-zeroshot/english/train_labeled.csv,700,extra_charge_on_statement,There is a strange 1£ charge that appears as pending on my statement. What's the cause for that? I haven't purchased anything for a pound.,There is a strange Rs 10 charge that appears as pending on my statement. What's the cause for that? I haven't purchased anything for Rs 10.
llm-zeroshot/english/train_labeled.csv,703,extra_charge_on_statement,Why is there an extra charge of 1 dollar on my statement?,Why is there an extra charge of 1 Rs 10 on my statement?
llm-zeroshot/english/train_labeled.csv,704,extra_charge_on_statement,"I checked my statement and saw a charge of one pound, where is this charge coming from?","I checked my statement and saw a charge of Rs 10, where is this charge coming from?"
llm-zeroshot/english/train_labeled.csv,708,extra_charge_on_statement,There is an extra 1£ charge on my app. Why did you charge me extra?,There is an extra Rs 10 charge on my app. Why did you charge me extra?
llm-zeroshot/english/train_labeled.csv,709,extra_charge_on_statement,Why i'm I being charged an extra pound,Why i'm I being charged an extra Rs 10
llm-zeroshot/english/train_labeled.csv,710,extra_charge_on_statement,The $1.00 has still not been reverted as indicated in the previous email.,The Rs 10 has still not been reverted as indicated in the previous email.
llm-zeroshot/english/train_labeled.csv,711,extra_charge_on_statement,My statement shows and extra 1$ that was charged to it and I would like to know why.,My statement shows and extra Rs 10 that was charged to it and I would like to know why.
llm-zeroshot/english/train_labeled.csv,712,extra_charge_on_statement,"There is an extra $1 charge on my statement, why is that?","There is an extra Rs 10 charge on my statement, why is that?"
llm-zeroshot/english/train_labeled.csv,713,extra_charge_on_statement,Is the 1 pound charge going to be reimbursed on my card?,Is the 1 Rs 10 charge going to be reimbursed on my card?
llm-zeroshot/english/train_labeled.csv,714,extra_charge_on_statement,I  see an extra 1£ charge on my app. Why did It charge me extra?,I  see an extra Rs 10 charge on my app. Why did It charge me extra?
llm-zeroshot/english/train_labeled.csv,717,extra_charge_on_statement,There is a charge for 1£ on my statement.  I do not think that I bought anything that costed 1£.  What is going on?,There is a charge for Rs 10 on my statement.  I do not think that I bought anything that costed Rs 10.  What is going on?
llm-zeroshot/english/train_labeled.csv,719,extra_charge_on_statement,There is  an extra 1£ charge on my app. Why did it charge me extra?,There is  an extra Rs 10 charge on my app. Why did it charge me extra?
llm-zeroshot/english/train_labeled.csv,721,extra_charge_on_statement,How come I was charged a transaction of $1?,How come I was charged a transaction of Rs 10?
llm-zeroshot/english/train_labeled.csv,724,extra_charge_on_statement,What is this random charge of one pound doing on my account?,What is this random charge of Rs 10 doing on my account?
llm-zeroshot/english/train_labeled.csv,725,extra_charge_on_statement,I had to pay one pound more than the set price!,I had to pay one Rs 10 more than the set price!
llm-zeroshot/english/train_labeled.csv,726,extra_charge_on_statement,My statement is showing an extra £1 charge and I am unsure why. Is there an explanation for this?,My statement is showing an extra Rs 10 charge and I am unsure why. Is there an explanation for this?
llm-zeroshot/english/train_labeled.csv,727,extra_charge_on_statement,Do I have a $1 extra fee on the statement?,Do I have a Rs 10 extra fee on the statement?
llm-zeroshot/english/train_labeled.csv,728,extra_charge_on_statement,Why is it showing that my account has been charged a dollar that is showing as pending?,Why is it showing that my account has been charged Rs 10 that is showing as pending?
llm-zeroshot/english/train_labeled.csv,729,extra_charge_on_statement,"I do not understand why there is a pending 1£ charge on my statement, I do not recall making this transaction. Can you please tell me what this is about?","I do not understand why there is a pending Rs 10 charge on my statement, I do not recall making this transaction. Can you please tell me what this is about?"
llm-zeroshot/english/train_labeled.csv,732,extra_charge_on_statement,How long will the $1 charge show as pending?,How long will the Rs 10 charge show as pending?
llm-zeroshot/english/train_labeled.csv,733,extra_charge_on_statement,I've been charged an extra £1 and I don't know what it's for,I've been charged an extra Rs 10 and I don't know what it's for
llm-zeroshot/english/train_labeled.csv,734,extra_charge_on_statement,I was overcharged an additional pound.,I was overcharged an additional Rs 10.
llm-zeroshot/english/train_labeled.csv,735,extra_charge_on_statement,I've been charged an extra £1 and I don't know why,I've been charged an extra Rs 10 and I don't know why
llm-zeroshot/english/train_labeled.csv,736,extra_charge_on_statement,My statement is showing I was Charged a dollar and I am not sure why.,My statement is showing I was Charged Rs 10 and I am not sure why.
llm-zeroshot/english/train_labeled.csv,1359,exchange_via_app,Can I change from AUD to GBP?,Can I change from USD to LKR?
llm-zeroshot/english/train_labeled.csv,1360,exchange_via_app,"I need to exchange between different currencies, like GBP and USD. Can I do that with your app?","I need to exchange between different currencies, like LKR and USD. Can I do that with your app?"
llm-zeroshot/english/train_labeled.csv,1362,exchange_via_app,Does the app allowing exchanges between USD and GBP,Does the app allowing exchanges between USD and LKR
llm-zeroshot/english/train_labeled.csv,1363,exchange_via_app,What if I need to use GBP instead of USD?,What if I need to use LKR instead of USD?
llm-zeroshot/english/train_labeled.csv,1365,exchange_via_app,Is it possible to change from AUD to GBP?,Is it possible to change from USD to LKR?
llm-zeroshot/english/train_labeled.csv,1367,exchange_via_app,How can I change USD to GBP?,How can I change USD to LKR?
llm-zeroshot/english/train_labeled.csv,1370,exchange_via_app,How can I exchange AUD for GBP?,How can I exchange USD for LKR?
llm-zeroshot/english/train_labeled.csv,1378,exchange_via_app,"I do not need GBP, I need AUD, how do I convert it?","I do not need LKR, I need USD, how do I convert it?"
llm-zeroshot/english/train_labeled.csv,1379,exchange_via_app,"Instead of GBP, how do I exchange for AUD?","Instead of LKR, how do I exchange for USD?"
llm-zeroshot/english/train_labeled.csv,1381,exchange_via_app,"Using your app, would I be able to exchange between USD and GBP?","Using your app, would I be able to exchange between USD and LKR?"
llm-zeroshot/english/train_labeled.csv,1382,exchange_via_app,Can I use this app for both USD and GBP?,Can I use this app for both USD and LKR?
llm-zeroshot/english/train_labeled.csv,1384,exchange_via_app,Does your app allow currency exchanges between USD and GBP?,Does your app allow currency exchanges between USD and LKR?
llm-zeroshot/english/train_labeled.csv,1389,exchange_via_app,Can I exchange USD for GBP in your app?,Can I exchange USD for LKR in your app?
llm-zeroshot/english/train_labeled.csv,1392,exchange_via_app,I want to exchange USD and GBP with the app,I want to exchange USD and LKR with the app
llm-zeroshot/english/train_labeled.csv,1393,exchange_via_app,How do I change my AUD into GBP?,How do I change my USD into LKR?
llm-zeroshot/english/train_labeled.csv,1395,exchange_via_app,Can I use your app to exchange between USD and GBP,Can I use your app to exchange between USD and LKR
llm-zeroshot/english/train_labeled.csv,1403,exchange_via_app,"I might need to exchange between USD and GBP, is this possible with your app?","I might need to exchange between USD and LKR, is this possible with your app?"
llm-zeroshot/english/train_labeled.csv,1404,exchange_via_app,"I need to exchange my GBP to AUD, how would I do this?","I need to exchange my LKR to USD, how would I do this?"
llm-zeroshot/english/train_labeled.csv,1407,exchange_via_app,Where can i exchange between GBP and USD,Where can i exchange between LKR and USD
llm-zeroshot/english/train_labeled.csv,1410,exchange_via_app,"I no longer need AUD, I need GBP instead, how can I make this happen?","I no longer need USD, I need LKR instead, how can I make this happen?"
llm-zeroshot/english/train_labeled.csv,1411,exchange_via_app,"I am trying to exchange AUD for GBP, how do I do that?","I am trying to exchange USD for LKR, how do I do that?"
llm-zeroshot/english/train_labeled.csv,1412,exchange_via_app,How do I exchange USD to GBP?,How do I exchange USD to LKR?
llm-zeroshot/english/train_labeled.csv,1414,exchange_via_app,How do I exchange AUD for GBP?,How do I exchange USD for LKR?
llm-zeroshot/english/train_labeled.csv,1418,exchange_via_app,Can I exchange from USD to GBP?,Can I exchange from USD to LKR?
llm-zeroshot/english/train_labeled.csv,1419,exchange_via_app,Does your app allow currency exchange from USD to GBP?,Does your app allow currency exchange from USD to LKR?
llm-zeroshot/english/train_labeled.csv,1422,exchange_via_app,Is it possible to change from USD to GBP with your App?,Is it possible to change from USD to LKR with your App?
llm-zeroshot/english/train_labeled.csv,1423,exchange_via_app,"If I need to make an exchange from USD to GBP, how can I do so in the app?","If I need to make an exchange from USD to LKR, how can I do so in the app?"
llm-zeroshot/english/train_labeled.csv,1424,exchange_via_app,Can I use this app to exchange between dollars and pounds?,Can I use this app to exchange between USD and LKR?
llm-zeroshot/english/train_labeled.csv,1426,exchange_via_app,Is it possible to exchange USD and GBP on the app?,Is it possible to exchange USD and LKR on the app?
llm-zeroshot/english/train_labeled.csv,1427,exchange_via_app,"I may need to exchange my USD for GBP, can your app do that?","I may need to exchange my USD for LKR, can your app do that?"
llm-zeroshot/english/train_labeled.csv,1429,exchange_via_app,I need Australian dollars instead of UK currency.,I need USD instead of LKR.
llm-zeroshot/english/train_labeled.csv,1430,exchange_via_app,I'm having difficulties changing AUD for GBP. How do I do this?,I'm having difficulties changing USD for LKR. How do I do this?
llm-zeroshot/english/train_labeled.csv,1432,exchange_via_app,Will you tell me how to exchange USD for GBP in the app?,Will you tell me how to exchange USD for LKR in the app?
llm-zeroshot/english/train_labeled.csv,1435,exchange_via_app,How can I exchange GBP for AUD?,How can I exchange LKR for USD?
llm-zeroshot/english/train_labeled.csv,1439,exchange_via_app,What's the process of changing from GBP to AUD?,What's the process of changing from LKR to USD?
llm-zeroshot/english/train_labeled.csv,1443,exchange_via_app,Will it be possible to change from USD to GBP with this App?,Will it be possible to change from USD to LKR with this App?
llm-zeroshot/english/train_labeled.csv,1446,exchange_via_app,"I can't figure out how to change GBP to AUD, what do I do?","I can't figure out how to change LKR to USD, what do I do?"
llm-zeroshot/english/train_labeled.csv,1447,exchange_via_app,"I accidentally chose to exchange GBP, but I need to pick AUD. How can I change it?","I accidentally chose to exchange LKR, but I need to pick USD. How can I change it?"
llm-zeroshot/english/train_labeled.csv,1448,exchange_via_app,How can I exchange USD and GBP in the app?,How can I exchange USD and LKR in the app?
llm-zeroshot/english/train_labeled.csv,1451,exchange_via_app,How can I change the currency I'm exchanging from AUD to GBP?,How can I change the currency I'm exchanging from USD to LKR?
llm-zeroshot/english/train_labeled.csv,1457,exchange_via_app,Can I use your app to exchange USD for GBP?,Can I use your app to exchange USD for LKR?
llm-zeroshot/english/train_labeled.csv,1459,exchange_via_app,Can you  tell me how to get AUD not GBP?,Can you  tell me how to get USD not LKR?
llm-zeroshot/english/train_labeled.csv,1464,exchange_via_app,How do I change to AUD from GBP?,How do I change to USD from LKR?
llm-zeroshot/english/train_labeled.csv,1465,exchange_via_app,How do I start an exchange between GBP and AUD?,How do I start an exchange between LKR and USD?
llm-zeroshot/english/train_labeled.csv,1468,exchange_via_app,Can I exchange USD and GBP from the app?,Can I exchange USD and LKR from the app?
llm-zeroshot/english/train_labeled.csv,1473,exchange_via_app,My plans may change so I may need to change from GBP to AUD.,My plans may change so I may need to change from LKR to USD.
llm-zeroshot/english/train_labeled.csv,1475,exchange_via_app,"I may no longer need GBP, but instead I will need AUD, how can I go about making this change?","I may no longer need LKR, but instead I will need USD, how can I go about making this change?"
llm-zeroshot/english/train_labeled.csv,2335,wrong_amount_of_cash_received,why did i only get 20.00,"why did i only get Rs 20,000.00"
llm-zeroshot/english/train_labeled.csv,2337,wrong_amount_of_cash_received,"I tried to withdraw $100, all it gave me was $20.","I tried to withdraw Rs 100,000, all it gave me was Rs 20,000."
llm-zeroshot/english/train_labeled.csv,2341,wrong_amount_of_cash_received,I received $20 but I entered $100,"I received Rs 20,000 but I entered Rs 100,000"
llm-zeroshot/english/train_labeled.csv,2347,wrong_amount_of_cash_received,I tried to withdraw $100 but only got $20. What happened?,"I tried to withdraw Rs 100,000 but only got Rs 20,000. What happened?"
llm-zeroshot/english/train_labeled.csv,2348,wrong_amount_of_cash_received,how come when i asked for 100 it only gave me 20.00 in the app,"how come when i asked for Rs 100,000 it only gave me Rs 20,000.00 in the app"
llm-zeroshot/english/train_labeled.csv,2349,wrong_amount_of_cash_received,Asked for $100 but only got $20. Why would this happen?,"Asked for Rs 100,000 but only got Rs 20,000. Why would this happen?"
llm-zeroshot/english/train_labeled.csv,2350,wrong_amount_of_cash_received,I wanted to withdraw $100 from the ATM but I only got $20,"I wanted to withdraw Rs 100,000 from the ATM but I only got Rs 20,000"
llm-zeroshot/english/train_labeled.csv,2359,wrong_amount_of_cash_received,I was only given $20 after trying to withdraw $100,"I was only given Rs 20,000 after trying to withdraw Rs 100,000"
llm-zeroshot/english/train_labeled.csv,2361,wrong_amount_of_cash_received,I went tot the ATM earlier today and didn't realize this till now but I did not get all the money I requested.  I believe my account was charged for 100 but I only got 80.  Is there any way we can solve this problem?,"I went tot the ATM earlier today and didn't realize this till now but I did not get all the money I requested.  I believe my account was charged for Rs 100,000 but I only got Rs 80,000.  Is there any way we can solve this problem?"
llm-zeroshot/english/train_labeled.csv,2364,wrong_amount_of_cash_received,I'm at the ATM right now and it only allowed me to withdraw 10 pounds instead of my requested 30. What's going on? How can I fix this?,"I'm at the ATM right now and it only allowed me to withdraw Rs 10,000 instead of my requested Rs 30,000. What's going on? How can I fix this?"
llm-zeroshot/english/train_labeled.csv,2365,wrong_amount_of_cash_received,I got $20 when I should've gotten $100,"I got Rs 20,000 when I should've gotten Rs 100,000"
llm-zeroshot/english/train_labeled.csv,2371,wrong_amount_of_cash_received,I only got $20 of the $100 that I attempted to withdraw.,"I only got Rs 20,000 of the Rs 100,000 that I attempted to withdraw."
llm-zeroshot/english/train_labeled.csv,2373,wrong_amount_of_cash_received,I tried taking out 30 pounds from the ATM just now and it only gave me 10. Why would it do that? I need the 30 pounds now!,"I tried taking out Rs 30,000 from the ATM just now and it only gave me Rs 10,000. Why would it do that? I need the Rs 30,000 now!"
llm-zeroshot/english/train_labeled.csv,2379,wrong_amount_of_cash_received,Why did I only get $20 now the full amount I wanted?,"Why did I only get Rs 20,000 now the full amount I wanted?"
llm-zeroshot/english/train_labeled.csv,2386,wrong_amount_of_cash_received,ATM is broken. It did not give me the full amount (30 pounds.)  I'm standing here with only 10 pounds and it's telling me it gave me 30 pounds. I need assistance now!,"ATM is broken. It did not give me the full amount (Rs 30,000.)  I'm standing here with only Rs 10,000 and it's telling me it gave me Rs 30,000. I need assistance now!"
llm-zeroshot/english/train_labeled.csv,2390,wrong_amount_of_cash_received,The ATM only gave me 10 pounds when I withdrew 30. What do I do?,"The ATM only gave me Rs 10,000 when I withdrew Rs 30,000. What do I do?"
llm-zeroshot/english/train_labeled.csv,2397,wrong_amount_of_cash_received,"I only received $20, but I requested $100.","I only received Rs 20,000, but I requested Rs 100,000."
llm-zeroshot/english/train_labeled.csv,2405,wrong_amount_of_cash_received,Why can't I take $100 out,"Why can't I take Rs 100,000 out"
llm-zeroshot/english/train_labeled.csv,2406,wrong_amount_of_cash_received,I requested $100 but only got $20,"I requested Rs 100,000 but only got Rs 20,000"
llm-zeroshot/english/train_labeled.csv,2420,wrong_amount_of_cash_received,Got only $20 when I tried to withdraw $100.,"Got only Rs 20,000 when I tried to withdraw Rs 100,000."
llm-zeroshot/english/train_labeled.csv,2424,wrong_amount_of_cash_received,I tried to withdraw 40 pounds but only 20 came out. Did you steal my money?,"I tried to withdraw Rs 40,000 but only Rs 20,000 came out. Did you steal my money?"
llm-zeroshot/english/train_labeled.csv,2427,wrong_amount_of_cash_received,I selected to withdrawal 30 pounds but only received 10. I'm still standing in front of the ATM. The app shows i took out 30 pounds also. How do i fix this?,"I selected to withdrawal Rs 30,000 but only received Rs 10,000. I'm still standing in front of the ATM. The app shows i took out Rs 30,000 also. How do i fix this?"
llm-zeroshot/english/train_labeled.csv,2433,wrong_amount_of_cash_received,"I asked for $40 and I only received $20, what happened?","I asked for Rs 40,000 and I only received Rs 20,000, what happened?"
llm-zeroshot/english/train_labeled.csv,2439,wrong_amount_of_cash_received,"If the ATM only gave me 10 pounds instead of the 30 I requested, what do I do?","If the ATM only gave me Rs 10,000 instead of the Rs 30,000 I requested, what do I do?"
llm-zeroshot/english/train_labeled.csv,2445,wrong_amount_of_cash_received,"When I went to $100, all the machine would give me was $20.","When I went to Rs 100,000, all the machine would give me was Rs 20,000."
llm-zeroshot/english/train_labeled.csv,2449,wrong_amount_of_cash_received,i asked for 100 only got 80,"i asked for Rs 100,000 only got Rs 80,000"
llm-zeroshot/english/train_labeled.csv,2459,wrong_amount_of_cash_received,What happened! I asked for 30 pounds at your ATM and only go 10. The machine lied about it too. It said I received the full 30 pounds. Someone better help me asap on this.,"What happened! I asked for Rs 30,000 at your ATM and only go Rs 10,000. The machine lied about it too. It said I received the full Rs 30,000. Someone better help me asap on this."
llm-zeroshot/english/train_labeled.csv,2464,wrong_amount_of_cash_received,I withdrew $100 but only received $20,"I withdrew Rs 100,000 but only received Rs 20,000"
llm-zeroshot/english/train_labeled.csv,2466,wrong_amount_of_cash_received,"Hey I am standing in front of an ATM here, it only gave me 10 pounds even though I wanted to withdraw 30! Seems like the app has 30 pounds, what do I do??","Hey I am standing in front of an ATM here, it only gave me Rs 10,000 even though I wanted to withdraw Rs 30,000! Seems like the app has Rs 30,000, what do I do??"
llm-zeroshot/english/train_labeled.csv,2467,wrong_amount_of_cash_received,$20 came out instead of $100,"Rs 20,000 came out instead of Rs 100,000"
llm-zeroshot/english/train_labeled.csv,2470,wrong_amount_of_cash_received,I wanted to take out $100 but I only got $20.,"I wanted to take out Rs 100,000 but I only got Rs 20,000."
llm-zeroshot/english/train_labeled.csv,2473,wrong_amount_of_cash_received,I wanted $100 but only got $20,"I wanted Rs 100,000 but only got Rs 20,000"
llm-zeroshot/english/train_labeled.csv,2482,wrong_amount_of_cash_received,ATM only gave me $20 instead of $100,"ATM only gave me Rs 20,000 instead of Rs 100,000"
llm-zeroshot/english/train_labeled.csv,2483,wrong_amount_of_cash_received,I was only given $20 when I tried to get $100,"I was only given Rs 20,000 when I tried to get Rs 100,000"
llm-zeroshot/english/train_labeled.csv,2484,wrong_amount_of_cash_received,I needed $100 but all it gave me was $20.,"I needed Rs 100,000 but all it gave me was Rs 20,000."
llm-zeroshot/english/train_labeled.csv,2486,wrong_amount_of_cash_received,Why did I only get $20 when I asked for $100?,"Why did I only get Rs 20,000 when I asked for Rs 100,000?"
llm-zeroshot/english/train_labeled.csv,2493,wrong_amount_of_cash_received,Why is my withdrawal wrong? I took out $100 but only received $20.,"Why is my withdrawal wrong? I took out Rs 100,000 but only received Rs 20,000."
llm-zeroshot/english/train_labeled.csv,2495,wrong_amount_of_cash_received,The ATM I'm standing in front of only gave me 10 pounds rather than the 30 pounds I wanted. The app shows I took out 30 pounds also. What do I need to do to fix this?,"The ATM I'm standing in front of only gave me Rs 10,000 rather than the Rs 30,000 I wanted. The app shows I took out Rs 30,000 also. What do I need to do to fix this?"
llm-zeroshot/english/train_labeled.csv,2497,wrong_amount_of_cash_received,"I am at the ATM and tried to withdraw 30 pounds and it only gave me 10 pounds, what do I do?","I am at the ATM and tried to withdraw Rs 30,000 and it only gave me Rs 10,000, what do I do?"
llm-zeroshot/english/train_labeled.csv,2503,wrong_amount_of_cash_received,I tried to withdraw 50 pounds but it only gave me 30. Where is the rest of my money?,"I tried to withdraw Rs 50,000 but it only gave me Rs 30,000. Where is the rest of my money?"
llm-zeroshot/english/train_labeled.csv,2508,wrong_amount_of_cash_received,So I just went to the ATM to get some cash.  I input that I needed 100 pounds but I only got 80.  I have the receipt  and I am in need of the extra money.  How do I go about obtaining the missing amount?,"So I just went to the ATM to get some cash.  I input that I needed Rs 100,000 but I only got Rs 80,000.  I have the receipt  and I am in need of the extra money.  How do I go about obtaining the missing amount?"
llm-zeroshot/english/train_labeled.csv,2511,wrong_amount_of_cash_received,"I'm stuck here at your broken ATM and I don't know what to do next. Asked for 30 pounds, got 10. ATM said I got 30. Something very wrong here and I want my money now!","I'm stuck here at your broken ATM and I don't know what to do next. Asked for Rs 30,000, got Rs 10,000. ATM said I got Rs 30,000. Something very wrong here and I want my money now!"
llm-zeroshot/english/train_labeled.csv,2512,wrong_amount_of_cash_received,The machine only paid me a hundred when I wanted 20,"The machine only paid me a hundred when I wanted Rs 20,000"
llm-zeroshot/english/train_labeled.csv,2864,transfer_not_received_by_recipient,"I completed a transfer within the UK two days ago, but it is still not showing received.  I have verified the account number is correct already.  Is there anything else I need to do or is there a problem?","I completed a transfer within Sri Lanka two days ago, but it is still not showing received.  I have verified the account number is correct already.  Is there anything else I need to do or is there a problem?"
llm-zeroshot/english/train_labeled.csv,6605,transfer_timing,How long will this transfer from europe take?,How long will this transfer from overseas take?
llm-zeroshot/english/train_labeled.csv,6609,transfer_timing,How long does a European transfer take?,How long does a overseas transfer take?
llm-zeroshot/english/train_labeled.csv,6613,transfer_timing,How long do transfers from Europe take?,How long do transfers from overseas take?
llm-zeroshot/english/train_labeled.csv,6619,transfer_timing,Where's the money from my transfer from Europe?,Where's the money from my transfer from overseas?
llm-zeroshot/english/train_labeled.csv,6620,transfer_timing,How long will a transfer from Europe take?,How long will a transfer from overseas take?
llm-zeroshot/english/train_labeled.csv,6625,transfer_timing,What is the timeframe for a transfer in Europe?,What is the timeframe for a transfer overseas?
llm-zeroshot/english/train_labeled.csv,6629,transfer_timing,"My Bank is in Europe, how long will the transfer take?","My Bank is overseas, how long will the transfer take?"
llm-zeroshot/english/train_labeled.csv,6635,transfer_timing,How long do I have to wait for Europe transfers?,How long do I have to wait for overseas transfers?
llm-zeroshot/english/train_labeled.csv,6647,transfer_timing,How long does it take in Europe to do a transfer?,How long does it take overseas to do a transfer?
llm-zeroshot/english/train_labeled.csv,6648,transfer_timing,What's the wait time for European transfers?,What's the wait time for overseas transfers?
llm-zeroshot/english/train_labeled.csv,6655,transfer_timing,How long until transfers from Europe go through?,How long until transfers from overseas go through?
llm-zeroshot/english/train_labeled.csv,6661,transfer_timing,How long do European transfers take?,How long do overseas transfers take?
llm-zeroshot/english/train_labeled.csv,6669,transfer_timing,How fast are transfers from Europe?,How fast are transfers from overseas?
llm-zeroshot/english/train_labeled.csv,6670,transfer_timing,"I need to make a transfer from Europe, how many days does this take?","I need to make a transfer from overseas, how many days does this take?"
llm-zeroshot/english/train_labeled.csv,6678,transfer_timing,How long will a transfer take from Europe?,How long will a transfer take from overseas?
llm-zeroshot/english/train_labeled.csv,6682,transfer_timing,How long does it take transfers from Europe to complete?,How long does it take transfers from overseas to complete?
llm-zeroshot/english/train_labeled.csv,6693,transfer_timing,How long will it take to transfer from europe?,How long will it take to transfer from overseas?
llm-zeroshot/english/train_labeled.csv,6694,transfer_timing,how long does it take for a transfer from Europe to go through?,how long does it take for a transfer from overseas to go through?
llm-zeroshot/english/train_labeled.csv,6697,transfer_timing,"I'm having money transferred from Europe, how long will this take?","I'm having money transferred from overseas, how long will this take?"
llm-zeroshot/english/train_labeled.csv,6700,transfer_timing,What is the time frame for european transfers?,What is the time frame for overseas transfers?
llm-zeroshot/english/train_labeled.csv,6701,transfer_timing,When will I receive a transfer from europe?,When will I receive a transfer from overseas?
llm-zeroshot/english/train_labeled.csv,6704,transfer_timing,How long does it take to get money from Europe?,How long does it take to get money from overseas?
llm-zeroshot/english/train_labeled.csv,6705,transfer_timing,What's the transfer time from Europe?,What's the transfer time from overseas?
llm-zeroshot/english/train_labeled.csv,6706,transfer_timing,When will my transfer arrive from Europe?,When will my transfer arrive from overseas?
llm-zeroshot/english/train_labeled.csv,6711,transfer_timing,"If I get a transfer from Europe, how long until it is in my account?","If I get a transfer from overseas, how long until it is in my account?"
llm-zeroshot/english/train_labeled.csv,6716,transfer_timing,When can I expect a transfer from Europe to go through?,When can I expect a transfer from overseas to go through?
llm-zeroshot/english/train_labeled.csv,6717,transfer_timing,Why hasn't my transfer from Europe gone through?,Why hasn't my transfer from overseas gone through?
llm-zeroshot/english/train_labeled.csv,7337,receiving_money,Salary in GBP has been received. Does it need to be configured into another place?,Salary in LKR has been received. Does it need to be configured into another place?
llm-zeroshot/english/train_labeled.csv,7338,receiving_money,I am paid by my employer in GBP; do I need to do anything in the app to indicate this?,I am paid by my employer in LKR; do I need to do anything in the app to indicate this?
llm-zeroshot/english/train_labeled.csv,7342,receiving_money,I received a transfer in GBP how do I change it to a different currency?,I received a transfer in LKR how do I change it to a different currency?
llm-zeroshot/english/train_labeled.csv,7347,receiving_money,How do I transfer funds if I am paid in GBP?,How do I transfer funds if I am paid in LKR?
llm-zeroshot/english/train_labeled.csv,7352,receiving_money,My salary is in GBP - what should I do?,My salary is in LKR - what should I do?
llm-zeroshot/english/train_labeled.csv,7356,receiving_money,My salary is deposited in GBP. Do I need to choose the currency?,My salary is deposited in LKR. Do I need to choose the currency?
llm-zeroshot/english/train_labeled.csv,7364,receiving_money,Can my friend send me money if it is not in US dollars?,Can my friend send me money if it is not in Sri Lankan Rupees?
llm-zeroshot/english/train_labeled.csv,7365,receiving_money,"Do I need to select a preference to receive my salary payments in GBP and, if so, where?","Do I need to select a preference to receive my salary payments in LKR and, if so, where?"
llm-zeroshot/english/train_labeled.csv,7372,receiving_money,"How do I know what my account is set to, I am paid in GBP?","How do I know what my account is set to, I am paid in LKR?"
llm-zeroshot/english/train_labeled.csv,7374,receiving_money,Can I transfer my salary if its in GBP?,Can I transfer my salary if its in LKR?
llm-zeroshot/english/train_labeled.csv,7376,receiving_money,"My salary is in GBP, do I need to exchange it before putting it into my account?","My salary is in LKR, do I need to exchange it before putting it into my account?"
llm-zeroshot/english/train_labeled.csv,7377,receiving_money,Do I need to convert my currency from GBP before transferring?,Do I need to convert my currency from LKR before transferring?
llm-zeroshot/english/train_labeled.csv,7390,receiving_money,"My salary is received in the form of GBP. Is it necessary to configure this? If so, where is this done?","My salary is received in the form of LKR. Is it necessary to configure this? If so, where is this done?"
llm-zeroshot/english/train_labeled.csv,7392,receiving_money,I use GBP for my salary deposits. Must I set this up somewhere?,I use LKR for my salary deposits. Must I set this up somewhere?
llm-zeroshot/english/train_labeled.csv,7394,receiving_money,What will I need to configure if my salary is in GBP?,What will I need to configure if my salary is in LKR?
llm-zeroshot/english/train_labeled.csv,7397,receiving_money,"My salary is in GBP, is this something I need to configure?","My salary is in LKR, is this something I need to configure?"
llm-zeroshot/english/train_labeled.csv,7401,receiving_money,My salary comes in GBP can I change my options somewhere?,My salary comes in LKR can I change my options somewhere?
llm-zeroshot/english/train_labeled.csv,7411,receiving_money,How to receive transfers from my employer when I get paid in GBP?,How to receive transfers from my employer when I get paid in LKR?
llm-zeroshot/english/train_labeled.csv,7416,receiving_money,"I have obtained the salary in GBP, will it need to be configured?","I have obtained the salary in LKR, will it need to be configured?"
llm-zeroshot/english/train_labeled.csv,7424,receiving_money,"If my salary is in GBP, do I need to do something?","If my salary is in LKR, do I need to do something?"
llm-zeroshot/english/train_labeled.csv,7426,receiving_money,My salary is in GBP. Do I need to configure this somewhere?,My salary is in LKR. Do I need to configure this somewhere?
llm-zeroshot/english/train_labeled.csv,7427,receiving_money,How can I configure what currency my salary is in if it's in GBP?,How can I configure what currency my salary is in if it's in LKR?
llm-zeroshot/english/train_labeled.csv,8617,balance_not_updated_after_bank_transfer,Hello. Can you help figure out why the recent transfer from my UK bank account isn't showing up?,Hello. Can you help figure out why the recent transfer from my local bank account isn't showing up?
llm-zeroshot/english/train_labeled.csv,8623,balance_not_updated_after_bank_transfer,How long will it take for a bank transfer to show up on my account? It's been a couple hours but I havnt seen anything yet. Also it's from a UK account if that makes any difference.,How long will it take for a bank transfer to show up on my account? It's been a couple hours but I havnt seen anything yet. Also it's from a local bank account if that makes any difference.
llm-zeroshot/english/train_labeled.csv,8625,balance_not_updated_after_bank_transfer,Can you please check my UK Account to make sure everything went alright?  I made the transfer a couple of hours ago.,Can you please check my local bank account to make sure everything went alright?  I made the transfer a couple of hours ago.
llm-zeroshot/english/train_labeled.csv,8626,balance_not_updated_after_bank_transfer,"Hi, I am unable to see transaction in my account which i made couples of hours ago from my UK account. Please help me in this.","Hi, I am unable to see transaction in my account which i made couples of hours ago from my local bank account. Please help me in this."
llm-zeroshot/english/train_labeled.csv,8627,balance_not_updated_after_bank_transfer,"Hello I made a bank account transfer from the UK. The transfer was a couple hours ago, nothing has shown up yet.  Can you check to see if everything okay. Please.","Hello I made a bank account transfer from a local bank. The transfer was a couple hours ago, nothing has shown up yet.  Can you check to see if everything okay. Please."
llm-zeroshot/english/train_labeled.csv,8634,balance_not_updated_after_bank_transfer,I just made a transfer from a UK account. How long does that typically take to show up? I just want to make sure it worked alright.,I just made a transfer from a local bank account. How long does that typically take to show up? I just want to make sure it worked alright.
llm-zeroshot/english/train_labeled.csv,8636,balance_not_updated_after_bank_transfer,Im going to need to make a transfer from a UK account but I need it to go through ASAP. Is that going to be possible or will it take forever?? Im hoping it will be a couple hours and not a couple weeks.,Im going to need to make a transfer from a local bank account but I need it to go through ASAP. Is that going to be possible or will it take forever?? Im hoping it will be a couple hours and not a couple weeks.
llm-zeroshot/english/train_labeled.csv,8646,balance_not_updated_after_bank_transfer,What's the time frame normally for a UK account transfer? I just made one and it's not showing up anywhere. I want to be sure that everything is good.,What's the time frame normally for a local bank account transfer? I just made one and it's not showing up anywhere. I want to be sure that everything is good.
llm-zeroshot/english/train_labeled.csv,8657,balance_not_updated_after_bank_transfer,How long to UK transfers usually take? I made a transfer but it didn't pop up in my history yet. I just want to make sure it went through.,How long to local bank transfers usually take? I made a transfer but it didn't pop up in my history yet. I just want to make sure it went through.
llm-zeroshot/english/train_labeled.csv,8660,balance_not_updated_after_bank_transfer,"For you, how long do transfers normally take from a UK account? I completed one just now but nothing appears. I just need to be sure everything is okay.","For you, how long do transfers normally take from a local bank account? I completed one just now but nothing appears. I just need to be sure everything is okay."
llm-zeroshot/english/train_labeled.csv,8680,balance_not_updated_after_bank_transfer,After making a transfer from a UK account it's not showing up. How long do these transfers normally take for you? I want to be certain everything is all right.,After making a transfer from a local bank account it's not showing up. How long do these transfers normally take for you? I want to be certain everything is all right.
llm-zeroshot/english/train_labeled.csv,8683,balance_not_updated_after_bank_transfer,Please check to see if the band transfer I made a while ago from my UK account has safely arrived.,Please check to see if the band transfer I made a while ago from my local bank account has safely arrived.
llm-zeroshot/english/train_labeled.csv,8685,balance_not_updated_after_bank_transfer,"I made a bank transfer earlier from my UK account.  I don't see it yet, can you check the status?","I made a bank transfer earlier from my local bank account.  I don't see it yet, can you check the status?"
llm-zeroshot/english/train_labeled.csv,8687,balance_not_updated_after_bank_transfer,"I made a bank transfer from my UK account today, but it's not showing.  Can you check status?","I made a bank transfer from my local bank account today, but it's not showing.  Can you check status?"
llm-zeroshot/english/train_labeled.csv,8693,balance_not_updated_after_bank_transfer,What is the time frame that transfers normally take from a UK account? I just completed a transfer and nothing shows up. I need to know if everything is alright.,What is the time frame that transfers normally take from a local bank account? I just completed a transfer and nothing shows up. I need to know if everything is alright.
llm-zeroshot/english/train_labeled.csv,8699,balance_not_updated_after_bank_transfer,"How long does a transfer from a UK account take? I just made one and it doesn't seem to be working, wondering if everything is okay","How long does a transfer from a local bank account take? I just made one and it doesn't seem to be working, wondering if everything is okay"
llm-zeroshot/english/train_labeled.csv,8703,balance_not_updated_after_bank_transfer,"How long do transfers from a UK bank account usually take for you? I just made a transfer and I'm not seeing anything, wondering if it worked","How long do transfers from a local bank account usually take for you? I just made a transfer and I'm not seeing anything, wondering if it worked"
llm-zeroshot/english/train_labeled.csv,8711,balance_not_updated_after_bank_transfer,I need to know if everything is okay here. After making a transfer from a UK account it doesn't show up. How long does this normally take to process?,I need to know if everything is okay here. After making a transfer from a local bank account it doesn't show up. How long does this normally take to process?
llm-zeroshot/english/train_labeled.csv,8713,balance_not_updated_after_bank_transfer,How long does it typically take to make a transfer from a UK bank? I just made one and it hasn't shown up in my account yet.,How long does it typically take to make a transfer from a local bank? I just made one and it hasn't shown up in my account yet.
llm-zeroshot/english/train_labeled.csv,8714,balance_not_updated_after_bank_transfer,"Hi. A couple hours ago I make a transfer from my UK bank account, but it hasn't shown up. Please, would you see what the delay is?","Hi. A couple hours ago I make a transfer from my local bank account, but it hasn't shown up. Please, would you see what the delay is?"
llm-zeroshot/english/train_labeled.csv,8720,balance_not_updated_after_bank_transfer,"Hi. About two hours ago I made a transfer from my bank which is in the UK, but I don't see it yet! Would you check what's going on with it, please?","Hi. About two hours ago I made a transfer from my bank which is in Sri Lanka, but I don't see it yet! Would you check what's going on with it, please?"
llm-zeroshot/english/train_labeled.csv,8721,balance_not_updated_after_bank_transfer,When does a UK transfer show up?,When does a local bank transfer show up?
llm-zeroshot/english/train_labeled.csv,8740,balance_not_updated_after_bank_transfer,I made a transfer from my UK account a couple of hours ago.  Could you please make sure everything went alright.,I made a transfer from my local bank account a couple of hours ago.  Could you please make sure everything went alright.
llm-zeroshot/english/train_labeled.csv,8748,balance_not_updated_after_bank_transfer,Good afternoon. I made a transfer from my UK bank account.  I haven't seen anything on the account in the pass few hours. Please check the account to make sure everything is fine.,Good afternoon. I made a transfer from my local bank account.  I haven't seen anything on the account in the pass few hours. Please check the account to make sure everything is fine.
llm-zeroshot/english/train_labeled.csv,8750,balance_not_updated_after_bank_transfer,I want to be sure that everything is okay here. I just made a transfer from a UK account and it is still not showing up. How long does this typically take?,I want to be sure that everything is okay here. I just made a transfer from a local bank account and it is still not showing up. How long does this typically take?
llm-zeroshot/english/train_labeled.csv,8753,balance_not_updated_after_bank_transfer,"How long do tranfers from a UK account usuallt take for you? I just made a transfer and nothing shows up, so just wondering if things went ok","How long do tranfers from a local bank account usuallt take for you? I just made a transfer and nothing shows up, so just wondering if things went ok"
llm-zeroshot/english/train_labeled.csv,8758,balance_not_updated_after_bank_transfer,What's the normal time frame for a transfer from a UK account? After just making a transfer it doesn't appear at all. I need to know if things went okay.,What's the normal time frame for a transfer from a local bank account? After just making a transfer it doesn't appear at all. I need to know if things went okay.
llm-zeroshot/english/train_labeled.csv,8772,balance_not_updated_after_bank_transfer,Hello I have a UK account.  Can you please check if everything is alright with it?  I made a transfer a couple hours ago but it doesn't show up yet.,Hello I have a local bank account.  Can you please check if everything is alright with it?  I made a transfer a couple hours ago but it doesn't show up yet.
llm-zeroshot/english/train_labeled.csv,8773,balance_not_updated_after_bank_transfer,How long does a transfer from the UK account usually take? After completing the transfer it is not showing up. I need to know that everything I actually went okay.,How long does a transfer from the local bank account usually take? After completing the transfer it is not showing up. I need to know that everything I actually went okay.
llm-zeroshot/english/train_labeled.csv,8780,balance_not_updated_after_bank_transfer,A few hours ago I made a bank transfer from my UK account but I don't see that it has arrived.   Can you check and see if all is ok please?,A few hours ago I made a bank transfer from my local bank account but I don't see that it has arrived.   Can you check and see if all is ok please?
llm-zeroshot/english/train_labeled.csv,8785,balance_not_updated_after_bank_transfer,What is the amount of time transfers usually take from the UK? I had just completed a transfer and nothing seems to be showing up so I need to be sure things are alright.,What is the amount of time transfers usually take from a local bank? I had just completed a transfer and nothing seems to be showing up so I need to be sure things are alright.
llm-zeroshot/english/train_labeled.csv,8790,cash_withdrawal_not_recognised,"Someone has a copy of my card !! I definitely still have it here but someone just made a 500£ cash withdrawal, HELP!","Someone has a copy of my card !! I definitely still have it here but someone just made a Rs 500,000 cash withdrawal, HELP!"
llm-zeroshot/english/train_labeled.csv,8793,cash_withdrawal_not_recognised,"Someone has a copy of my card. I have my card with me, but someone just made a 500£ cash withdrawal. Help me.","Someone has a copy of my card. I have my card with me, but someone just made a Rs 500,000 cash withdrawal. Help me."
llm-zeroshot/english/train_labeled.csv,8796,cash_withdrawal_not_recognised,"Someone has copied my card. I have my card with me, but someone just made a 500£ cash withdrawal. Please help now.","Someone has copied my card. I have my card with me, but someone just made a Rs 500,000 cash withdrawal. Please help now."
llm-zeroshot/english/train_labeled.csv,8801,cash_withdrawal_not_recognised,"A 500 pound cash withdrawal was just made from my account, but I didn't make it. I am pretty sure my card has been compromised - can you help me?","A Rs 500,000 cash withdrawal was just made from my account, but I didn't make it. I am pretty sure my card has been compromised - can you help me?"
llm-zeroshot/english/train_labeled.csv,8812,cash_withdrawal_not_recognised,"Help! I think someone has a copy of my card - I still have my card, but a five hundred pound cash withdrawal that I didn't authorize is shown on my account.","Help! I think someone has a copy of my card - I still have my card, but a Rs 500,000 cash withdrawal that I didn't authorize is shown on my account."
llm-zeroshot/english/train_labeled.csv,8814,cash_withdrawal_not_recognised,I was checking my account when I saw a $500 cash withdraw that I know I didn't do.  I have my card so I don't understand how this happened.  Please help me.,"I was checking my account when I saw a Rs 500,000 cash withdraw that I know I didn't do.  I have my card so I don't understand how this happened.  Please help me."
llm-zeroshot/english/train_labeled.csv,8823,cash_withdrawal_not_recognised,Somebody made a withdrawal from my account for 500. I have my card so how can this be? Does somebody have a duplicate card or something? Help please.,"Somebody made a withdrawal from my account for Rs 500,000. I have my card so how can this be? Does somebody have a duplicate card or something? Help please."
llm-zeroshot/english/train_labeled.csv,8833,cash_withdrawal_not_recognised,I think someone may have cloned my card or something.  My card isn't lost but I just saw a charge of $500 cash withdraw.  Can you help me?,"I think someone may have cloned my card or something.  My card isn't lost but I just saw a charge of Rs 500,000 cash withdraw.  Can you help me?"
llm-zeroshot/english/train_labeled.csv,8860,cash_withdrawal_not_recognised,"I was trying to use my card and it was declined, when I tried to find out what happened I found cash withdraw for $500 that I didn't do.  Can you please help figure this out?","I was trying to use my card and it was declined, when I tried to find out what happened I found cash withdraw for Rs 500,000 that I didn't do.  Can you please help figure this out?"
llm-zeroshot/english/train_labeled.csv,8895,cash_withdrawal_not_recognised,I think somebody made an unauthorized copy of my card.  My account has a cash withdrawal for 500£ that I did not make.  Please help.,"I think somebody made an unauthorized copy of my card.  My account has a cash withdrawal for Rs 500,000 that I did not make.  Please help."
llm-zeroshot/english/train_labeled.csv,8904,cash_withdrawal_not_recognised,I have my card here with me and someone has just made a withdrawal for 500. Please help!,"I have my card here with me and someone has just made a withdrawal for Rs 500,000. Please help!"
llm-zeroshot/english/train_labeled.csv,8910,cash_withdrawal_not_recognised,There's a $200 withdrawal on my statement that seems fishy to me.,"There's a Rs 200,000 withdrawal on my statement that seems fishy to me."
llm-zeroshot/english/train_labeled.csv,8916,cash_withdrawal_not_recognised,I need your help immediately.  There is a 500£ cash withdrawal that I know nothing about.  I think my account has become compromised.,"I need your help immediately.  There is a Rs 500,000 cash withdrawal that I know nothing about.  I think my account has become compromised."
llm-zeroshot/english/train_labeled.csv,8919,cash_withdrawal_not_recognised,"I think someone might have a copy of my card because a 500 dollar withdrawal was made, and it wasn't me. Can you please help?","I think someone might have a copy of my card because a Rs 500,000 withdrawal was made, and it wasn't me. Can you please help?"
llm-zeroshot/english/train_labeled.csv,9079,top_up_by_card_charge,Do you charge if I use a European bank card for top up?,Do you charge if I use a foreign bank card for top up?
llm-zeroshot/english/train_labeled.csv,9087,top_up_by_card_charge,Do I get charged for a top up from a European bank?,Do I get charged for a top up from a foreign bank?
llm-zeroshot/english/train_labeled.csv,9091,top_up_by_card_charge,What is the fee if I use a European bank for a top up?,What is the fee if I use a foreign bank for a top up?
llm-zeroshot/english/train_labeled.csv,9094,top_up_by_card_charge,Are there any charges for European bank card for top up?,Are there any charges for foreign bank card for top up?
llm-zeroshot/english/train_labeled.csv,9095,top_up_by_card_charge,Are there still fees for european top-ups?,Are there still fees for foreign top-ups?
llm-zeroshot/english/train_labeled.csv,9098,top_up_by_card_charge,If I top up using a European card is there a charge?,If I top up using a foreign card is there a charge?
llm-zeroshot/english/train_labeled.csv,9101,top_up_by_card_charge,Is there a fee for european bank cards?,Is there a fee for foreign bank cards?
llm-zeroshot/english/train_labeled.csv,9111,top_up_by_card_charge,Do I get charged if I top up with my European bank card?,Do I get charged if I top up with my foreign bank card?
llm-zeroshot/english/train_labeled.csv,9117,top_up_by_card_charge,Will you charge me for topping up with a European card?,Will you charge me for topping up with a foreign card?
llm-zeroshot/english/train_labeled.csv,9125,top_up_by_card_charge,Can I top up for free using a European card?,Can I top up for free using a foreign card?
llm-zeroshot/english/train_labeled.csv,9142,top_up_by_card_charge,Will you charge me more if I use a European bank card for a top up?,Will you charge me more if I use a foreign bank card for a top up?
llm-zeroshot/english/train_labeled.csv,9152,top_up_by_card_charge,Is there a charge for using an European bank card for top up?,Is there a charge for using an foreign bank card for top up?
llm-zeroshot/english/train_labeled.csv,9160,top_up_by_card_charge,Will I be charged a fee for topping up using a European card?,Will I be charged a fee for topping up using a foreign card?
llm-zeroshot/english/train_labeled.csv,9161,top_up_by_card_charge,I need to know what charges I will incur for using a European card for top up.,I need to know what charges I will incur for using a foreign card for top up.
llm-zeroshot/english/train_labeled.csv,9165,top_up_by_card_charge,What are the top up fees for using an European bank card?,What are the top up fees for using an foreign bank card?
llm-zeroshot/english/train_labeled.csv,9167,top_up_by_card_charge,European bank card for top up will come with any extra fees?,foreign bank card for top up will come with any extra fees?
llm-zeroshot/english/train_labeled.csv,9169,top_up_by_card_charge,"If I were to use a European bank card for a top up, will I incur a charge?","If I were to use a foreign bank card for a top up, will I incur a charge?"
llm-zeroshot/english/train_labeled.csv,9178,top_up_by_card_charge,What are the fees for using a European bank card?,What are the fees for using a foreign bank card?
llm-zeroshot/english/train_labeled.csv,9880,country_support,Are these cards available in europe?,Are these cards available in Sri Lanka?
llm-zeroshot/english/train_labeled.csv,9881,country_support,If I live outside of the UK am I still eligible for a card?,If I live outside of Sri Lanka am I still eligible for a card?
llm-zeroshot/english/train_labeled.csv,9884,country_support,Do you have to be in the UK to get a card?,Do you have to be in Sri Lanka to get a card?
llm-zeroshot/english/train_labeled.csv,9887,country_support,Do you provide cards to people not in the UK?,Do you provide cards to people not in Sri Lanka?
llm-zeroshot/english/train_labeled.csv,9892,country_support,Can the card be mailed to Europe?,Can the card be mailed to Sri Lanka?
llm-zeroshot/english/train_labeled.csv,9908,country_support,Is it possible to get one of your cards in the European Union?,Is it possible to get one of your cards in Sri Lanka?
llm-zeroshot/english/train_labeled.csv,9910,country_support,"Although I am not located in the UK area, may i still receive a card?","Although I am not located in Sri Lanka, may i still receive a card?"
llm-zeroshot/english/train_labeled.csv,9918,country_support,Any chance of getting the card outside the UK?,Any chance of getting the card outside Sri Lanka?
llm-zeroshot/english/train_labeled.csv,9923,country_support,I don't live in the UK. Can I still get a card?,I don't live in Sri Lanka. Can I still get a card?
llm-zeroshot/english/train_labeled.csv,9925,country_support,Can I use it outside of Europe?,Can I use it outside of Sri Lanka?
llm-zeroshot/english/train_labeled.csv,9929,country_support,Are cards available to those outside of the UK?,Are cards available to those outside of Sri Lanka?
llm-zeroshot/english/train_labeled.csv,9931,country_support,Is it possible to get a card outside the UK?,Is it possible to get a card outside Sri Lanka?
llm-zeroshot/english/train_labeled.csv,9936,country_support,Is it possible to get a card when i'm not in the UK?,Is it possible to get a card when i'm not in Sri Lanka?
llm-zeroshot/english/train_labeled.csv,9937,country_support,Can I get a card if I don't reside in the UK?,Can I get a card if I don't reside in Sri Lanka?
llm-zeroshot/english/train_labeled.csv,9938,country_support,"If I don't live in the UK, can I get a card?","If I don't live in Sri Lanka, can I get a card?"
llm-zeroshot/english/train_labeled.csv,9955,country_support,Are you only able to get a card if you're in the UK?,Are you only able to get a card if you're in Sri Lanka?
llm-zeroshot/english/train_labeled.csv,9963,country_support,Can I get a card although I'm not in the UK,Can I get a card although I'm not in Sri Lanka
llm-zeroshot/english/train_labeled.csv,9964,country_support,"If I don't live in the UK, can I still get a card?","If I don't live in Sri Lanka, can I still get a card?"
llm-zeroshot/english/train_labeled.csv,9966,country_support,"I'm not in the UK, but can I still get a card?","I'm not in Sri Lanka, but can I still get a card?"
llm-zeroshot/english/train_labeled.csv,9969,country_support,Can I have a card even if I am not living in the UK?,Can I have a card even if I am not living in Sri Lanka?
llm-zeroshot/english/train_labeled.csv,9984,country_support,Where in the European Union can I get a card?,Where in Sri Lanka can I get a card?
llm-zeroshot/english/train_labeled.csv,9986,country_support,I live in the UK. Can I get a card?,I live in Sri Lanka. Can I get a card?
llm-zeroshot/english/train_labeled.csv,9988,country_support,I am not in the UK can i get a card?,I am not in Sri Lanka can i get a card?
llm-zeroshot/english/train_labeled.csv,9991,country_support,"I want a card, but I'm not in the UK- can I get one still?","I want a card, but I'm not in Sri Lanka- can I get one still?"
