id,split,sentiment,priority
0,train,Neutral,Low
1,train,Neutral,Low
2,train,Neutral,Low
3,train,Neutral,Low
4,train,Neutral,Low
5,train,Neutral,Low
6,train,Neutral,Low
7,train,Neutral,Low
8,train,Neutral,Low
9,train,Neutral,Low
10,train,Neutral,Low
11,train,Neutral,Low
12,train,Neutral,Low
13,train,Neutral,Low
14,train,Neutral,Low
15,train,Neutral,Low
16,train,Neutral,Low
17,train,Neutral,Low
18,train,Neutral,Low
19,train,Neutral,Low
20,train,Neutral,Low
21,train,Neutral,Low
22,train,Neutral,Low
23,train,Neutral,Low
24,train,Neutral,Low
25,train,Neutral,Low
26,train,Neutral,Low
27,train,Neutral,Low
28,train,Neutral,Low
29,train,Neutral,Low
30,train,Neutral,Low
31,train,Neutral,Low
32,train,Neutral,Low
33,train,Neutral,Low
34,train,Neutral,Low
35,train,Neutral,Low
36,train,Neutral,Low
37,train,Neutral,Low
38,train,Negative,Low
39,train,Neutral,Low
40,train,Neutral,Low
41,train,Neutral,Low
42,train,Neutral,Low
43,train,Neutral,Low
44,train,Neutral,Low
45,train,Neutral,Low
46,train,Neutral,Low
47,train,Neutral,Low
48,train,Neutral,Low
49,train,Neutral,Low
50,train,Neutral,Low
51,train,Neutral,Low
52,train,Neutral,Low
53,train,Neutral,Low
54,train,Neutral,Low
55,train,Neutral,Low
56,train,Neutral,Low
57,train,Neutral,Low
58,train,Neutral,Low
59,train,Neutral,Low
60,train,Neutral,Low
61,train,Neutral,Low
62,train,Neutral,Low
63,train,Neutral,Low
64,train,Neutral,Low
65,train,Neutral,Low
66,train,Neutral,Low
67,train,Neutral,Low
68,train,Neutral,Low
69,train,Neutral,Low
70,train,Neutral,Low
71,train,Neutral,Low
72,train,Neutral,Low
73,train,Neutral,Low
74,train,Neutral,Low
75,train,Neutral,Low
76,train,Neutral,Low
77,train,Neutral,Low
78,train,Neutral,Low
79,train,Neutral,Low
80,train,Neutral,Low
81,train,Neutral,Low
82,train,Neutral,Low
83,train,Neutral,Low
84,train,Neutral,Low
85,train,Neutral,Low
86,train,Neutral,Low
87,train,Neutral,Low
88,train,Neutral,Low
89,train,Neutral,Low
90,train,Neutral,Low
91,train,Neutral,Low
92,train,Neutral,Low
93,train,Negative,Low
94,train,Neutral,Low
95,train,Neutral,Low
96,train,Neutral,Low
97,train,Neutral,Low
98,train,Neutral,Low
99,train,Neutral,Low
100,train,Neutral,Low
101,train,Neutral,Low
102,train,Neutral,Low
103,train,Neutral,Low
104,train,Neutral,Low
105,train,Neutral,Low
106,train,Neutral,Low
107,train,Neutral,Low
108,train,Neutral,Low
109,train,Neutral,Low
110,train,Neutral,Low
111,train,Neutral,Low
112,train,Neutral,Low
113,train,Neutral,Low
114,train,Neutral,Low
115,train,Neutral,Low
116,train,Neutral,Low
117,train,Neutral,Low
118,train,Neutral,Low
119,train,Neutral,Low
120,train,Neutral,Low
121,train,Neutral,Low
122,train,Neutral,Low
123,train,Neutral,Low
124,train,Neutral,Low
125,train,Neutral,Low
126,train,Neutral,Low
127,train,Neutral,Low
128,train,Neutral,Low
129,train,Neutral,Low
130,train,Neutral,Low
131,train,Neutral,Low
132,train,Neutral,Low
133,train,Neutral,Low
134,train,Neutral,Low
135,train,Neutral,Low
136,train,Neutral,Low
137,train,Neutral,Low
138,train,Neutral,Low
139,train,Neutral,Low
140,train,Neutral,Low
141,train,Neutral,Low
142,train,Neutral,Low
143,train,Neutral,Low
144,train,Neutral,Low
145,train,Neutral,Low
146,train,Neutral,Low
147,train,Neutral,Low
148,train,Neutral,Low
149,train,Neutral,Low
150,train,Neutral,Low
151,train,Neutral,Low
152,train,Neutral,Low
153,train,Neutral,Low
154,train,Neutral,Low
155,train,Neutral,Low
156,train,Neutral,Low
157,train,Neutral,Low
158,train,Neutral,Low
159,train,Neutral,Low
160,train,Neutral,Low
161,train,Neutral,Low
162,train,Neutral,Low
163,train,Neutral,Low
164,train,Neutral,Low
165,train,Neutral,Low
166,train,Neutral,Low
167,train,Neutral,Low
168,train,Neutral,Low
169,train,Neutral,Low
170,train,Neutral,Low
171,train,Neutral,Low
172,train,Neutral,Low
173,train,Neutral,Low
174,train,Neutral,Low
175,train,Neutral,Low
176,train,Neutral,Low
177,train,Neutral,Low
178,train,Neutral,Low
179,train,Neutral,Low
180,train,Neutral,Low
181,train,Neutral,Low
182,train,Neutral,Low
183,train,Neutral,Low
184,train,Neutral,Low
185,train,Neutral,Low
186,train,Neutral,Low
187,train,Neutral,Low
188,train,Neutral,Low
189,train,Neutral,Low
190,train,Neutral,Low
191,train,Neutral,Low
192,train,Neutral,Low
193,train,Neutral,Low
194,train,Neutral,Low
195,train,Neutral,Low
196,train,Neutral,Low
197,train,Neutral,Low
198,train,Neutral,Low
199,train,Neutral,Low
200,train,Neutral,Low
201,train,Neutral,Low
202,train,Neutral,Low
203,train,Neutral,Low
204,train,Neutral,Low
205,train,Neutral,Low
206,train,Neutral,Low
207,train,Neutral,Low
208,train,Neutral,Low
209,train,Neutral,Low
210,train,Neutral,Low
211,train,Neutral,Low
212,train,Neutral,Low
213,train,Neutral,Low
214,train,Neutral,Low
215,train,Neutral,Low
216,train,Neutral,Low
217,train,Neutral,Low
218,train,Neutral,Low
219,train,Neutral,Low
220,train,Neutral,Low
221,train,Neutral,Low
222,train,Neutral,Low
223,train,Neutral,Low
224,train,Neutral,Low
225,train,Neutral,Low
226,train,Neutral,Low
227,train,Neutral,Low
228,train,Neutral,Low
229,train,Neutral,Low
230,train,Neutral,Low
231,train,Neutral,Low
232,train,Neutral,Low
233,train,Neutral,Low
234,train,Neutral,Low
235,train,Neutral,Low
236,train,Neutral,Low
237,train,Neutral,Low
238,train,Neutral,Low
239,train,Neutral,Low
240,train,Neutral,Low
241,train,Neutral,Low
242,train,Neutral,Low
243,train,Neutral,Low
244,train,Neutral,Low
245,train,Neutral,Low
246,train,Neutral,Low
247,train,Neutral,Low
248,train,Neutral,Low
249,train,Neutral,Low
250,train,Neutral,Low
251,train,Neutral,Low
252,train,Neutral,Low
253,train,Neutral,Low
254,train,Neutral,Low
255,train,Neutral,Low
256,train,Neutral,Low
257,train,Neutral,Low
258,train,Neutral,Low
259,train,Neutral,Low
260,train,Neutral,Low
261,train,Neutral,Low
262,train,Neutral,Low
263,train,Neutral,Low
264,train,Neutral,Low
265,train,Neutral,Low
266,train,Neutral,Low
267,train,Neutral,Low
268,train,Neutral,Low
269,train,Neutral,Low
270,train,Neutral,Low
271,train,Neutral,Low
272,train,Neutral,Low
273,train,Neutral,Low
274,train,Neutral,Low
275,train,Neutral,Low
276,train,Neutral,Low
277,train,Neutral,Low
278,train,Neutral,Low
279,train,Neutral,Low
280,train,Neutral,Low
281,train,Neutral,Low
282,train,Neutral,Low
283,train,Neutral,Low
284,train,Neutral,Low
285,train,Neutral,Low
286,train,Neutral,Low
287,train,Neutral,Low
288,train,Neutral,Low
289,train,Neutral,Low
290,train,Neutral,Low
291,train,Neutral,Low
292,train,Neutral,Low
293,train,Neutral,Low
294,train,Neutral,Low
295,train,Neutral,Low
296,train,Neutral,Low
297,train,Neutral,Low
298,train,Neutral,Low
299,train,Neutral,Low
300,train,Neutral,Low
301,train,Neutral,Low
302,train,Neutral,Low
303,train,Neutral,Low
304,train,Neutral,Low
305,train,Neutral,Low
306,train,Neutral,Low
307,train,Neutral,Low
308,train,Neutral,Low
309,train,Neutral,Low
310,train,Neutral,Low
311,train,Neutral,Low
312,train,Neutral,Low
313,train,Neutral,Low
314,train,Neutral,Low
315,train,Neutral,Low
316,train,Neutral,Low
317,train,Neutral,Low
318,train,Neutral,Low
319,train,Neutral,Low
320,train,Neutral,Low
321,train,Neutral,Low
322,train,Neutral,Low
323,train,Neutral,Low
324,train,Neutral,Low
325,train,Neutral,Low
326,train,Neutral,Low
327,train,Neutral,Low
328,train,Neutral,Low
329,train,Neutral,Low
330,train,Neutral,Low
331,train,Neutral,Low
332,train,Neutral,Low
333,train,Neutral,Low
334,train,Neutral,Low
335,train,Neutral,Low
336,train,Neutral,Low
337,train,Neutral,Low
338,train,Neutral,Low
339,train,Neutral,Low
340,train,Neutral,Low
341,train,Neutral,Low
342,train,Neutral,Low
343,train,Neutral,Low
344,train,Neutral,Low
345,train,Neutral,Low
346,train,Neutral,Low
347,train,Neutral,Low
348,train,Neutral,Low
349,train,Neutral,Low
350,train,Neutral,Low
351,train,Neutral,Low
352,train,Neutral,Low
353,train,Neutral,Low
354,train,Neutral,Low
355,train,Neutral,Low
356,train,Neutral,Low
357,train,Neutral,Low
358,train,Neutral,Low
359,train,Neutral,Low
360,train,Neutral,Low
361,train,Neutral,Low
362,train,Neutral,Low
363,train,Neutral,Low
364,train,Neutral,Low
365,train,Neutral,Low
366,train,Neutral,Low
367,train,Neutral,Low
368,train,Neutral,Low
369,train,Neutral,Low
370,train,Neutral,Low
371,train,Neutral,Low
372,train,Neutral,Low
373,train,Neutral,Low
374,train,Neutral,Low
375,train,Neutral,Low
376,train,Neutral,Low
377,train,Neutral,Low
378,train,Neutral,Low
379,train,Neutral,Low
380,train,Neutral,Low
381,train,Neutral,Low
382,train,Neutral,Low
383,train,Neutral,Low
384,train,Neutral,Low
385,train,Neutral,Low
386,train,Neutral,Low
387,train,Neutral,Low
388,train,Neutral,Low
389,train,Neutral,Low
390,train,Neutral,Low
391,train,Neutral,Low
392,train,Neutral,Low
393,train,Neutral,Low
394,train,Neutral,Low
395,train,Neutral,Low
396,train,Neutral,Low
397,train,Neutral,Low
398,train,Neutral,Low
399,train,Neutral,Low
400,train,Neutral,Low
401,train,Neutral,Low
402,train,Neutral,Low
403,train,Neutral,Low
404,train,Neutral,Medium
405,train,Negative,Medium
406,train,Neutral,Medium
407,train,Neutral,Medium
408,train,Neutral,Medium
409,train,Neutral,Medium
410,train,Neutral,Medium
411,train,Neutral,Medium
412,train,Neutral,Medium
413,train,Neutral,Medium
414,train,Neutral,Medium
415,train,Neutral,Medium
416,train,Neutral,Medium
417,train,Neutral,Medium
418,train,Neutral,Medium
419,train,Negative,Medium
420,train,Negative,Medium
421,train,Neutral,Medium
422,train,Neutral,Medium
423,train,Neutral,Medium
424,train,Neutral,Medium
425,train,Neutral,Medium
426,train,Neutral,Medium
427,train,Neutral,Medium
428,train,Neutral,Medium
429,train,Neutral,Medium
430,train,Neutral,Medium
431,train,Neutral,Medium
432,train,Neutral,Medium
433,train,Neutral,Medium
434,train,Neutral,Medium
435,train,Neutral,Medium
436,train,Neutral,Medium
437,train,Neutral,Medium
438,train,Neutral,Medium
439,train,Neutral,Low
440,train,Neutral,Medium
441,train,Neutral,Medium
442,train,Neutral,Medium
443,train,Neutral,Medium
444,train,Neutral,Medium
445,train,Neutral,Medium
446,train,Neutral,Medium
447,train,Neutral,Medium
448,train,Neutral,Medium
449,train,Neutral,Medium
450,train,Neutral,Medium
451,train,Neutral,Medium
452,train,Neutral,Medium
453,train,Neutral,Medium
454,train,Neutral,Medium
455,train,Neutral,Medium
456,train,Neutral,Medium
457,train,Neutral,Medium
458,train,Neutral,Medium
459,train,Neutral,Medium
460,train,Neutral,Medium
461,train,Neutral,Medium
462,train,Neutral,Medium
463,train,Neutral,Medium
464,train,Neutral,Medium
465,train,Neutral,Medium
466,train,Neutral,Medium
467,train,Neutral,Medium
468,train,Neutral,Medium
469,train,Neutral,Medium
470,train,Neutral,Medium
471,train,Neutral,Medium
472,train,Neutral,Low
473,train,Neutral,Medium
474,train,Neutral,Medium
475,train,Neutral,Medium
476,train,Neutral,Medium
477,train,Negative,Medium
478,train,Neutral,Medium
479,train,Neutral,Medium
480,train,Neutral,Medium
481,train,Neutral,Medium
482,train,Neutral,Medium
483,train,Neutral,Medium
484,train,Neutral,Medium
485,train,Neutral,Medium
486,train,Neutral,Medium
487,train,Neutral,Medium
488,train,Neutral,Medium
489,train,Neutral,Medium
490,train,Neutral,Medium
491,train,Neutral,Medium
492,train,Neutral,Medium
493,train,Neutral,Medium
494,train,Neutral,Medium
495,train,Neutral,Medium
496,train,Neutral,Medium
497,train,Neutral,Medium
498,train,Neutral,Medium
499,train,Neutral,Medium
500,train,Neutral,Medium
501,train,Negative,Medium
502,train,Neutral,Medium
503,train,Neutral,Medium
504,train,Neutral,Medium
505,train,Neutral,Medium
506,train,Neutral,Medium
507,train,Neutral,Medium
508,train,Neutral,Medium
509,train,Neutral,Medium
510,train,Neutral,Medium
511,train,Neutral,Medium
512,train,Negative,Medium
513,train,Neutral,Medium
514,train,Neutral,Medium
515,train,Neutral,Medium
516,train,Negative,Medium
517,train,Negative,Medium
518,train,Neutral,Medium
519,train,Neutral,Medium
520,train,Neutral,Medium
521,train,Neutral,Medium
522,train,Neutral,Medium
523,train,Neutral,Medium
524,train,Neutral,Medium
525,train,Neutral,Medium
526,train,Neutral,Medium
527,train,Neutral,Medium
528,train,Neutral,Medium
529,train,Neutral,Medium
530,train,Neutral,Medium
531,train,Neutral,Medium
532,train,Neutral,Medium
533,train,Neutral,Medium
534,train,Neutral,Medium
535,train,Negative,Medium
536,train,Neutral,Medium
537,train,Neutral,Medium
538,train,Negative,Medium
539,train,Neutral,Medium
540,train,Neutral,Medium
541,train,Neutral,Medium
542,train,Neutral,Medium
543,train,Neutral,Medium
544,train,Neutral,Medium
545,train,Neutral,Medium
546,train,Neutral,Medium
547,train,Neutral,Medium
548,train,Neutral,Medium
549,train,Neutral,Medium
550,train,Neutral,Medium
551,train,Neutral,Medium
552,train,Neutral,Medium
553,train,Neutral,Medium
554,train,Neutral,Medium
555,train,Neutral,Medium
556,train,Neutral,Medium
557,train,Neutral,Medium
558,train,Neutral,Medium
559,train,Neutral,Medium
560,train,Neutral,Medium
561,train,Neutral,Medium
562,train,Neutral,Medium
563,train,Neutral,Medium
564,train,Neutral,Medium
565,train,Neutral,Medium
566,train,Neutral,Medium
567,train,Neutral,Medium
568,train,Neutral,Medium
569,train,Neutral,Medium
570,train,Negative,Medium
571,train,Neutral,Medium
572,train,Neutral,Medium
573,train,Neutral,Medium
574,train,Neutral,Medium
575,train,Neutral,Medium
576,train,Neutral,Medium
577,train,Neutral,Medium
578,train,Neutral,Medium
579,train,Neutral,Medium
580,train,Neutral,Medium
581,train,Neutral,Medium
582,train,Neutral,Medium
583,train,Neutral,Medium
584,train,Neutral,Medium
585,train,Neutral,Medium
586,train,Neutral,Medium
587,train,Neutral,Medium
588,train,Neutral,Medium
589,train,Neutral,Medium
590,train,Neutral,Medium
591,train,Neutral,Medium
592,train,Neutral,Medium
593,train,Negative,Medium
594,train,Neutral,Medium
595,train,Neutral,Medium
596,train,Neutral,Medium
597,train,Neutral,Medium
598,train,Neutral,Medium
599,train,Neutral,Medium
600,train,Neutral,Medium
601,train,Neutral,Medium
602,train,Neutral,Medium
603,train,Neutral,Medium
604,train,Neutral,Medium
605,train,Neutral,Medium
606,train,Neutral,Medium
607,train,Neutral,Medium
608,train,Neutral,Medium
609,train,Neutral,Medium
610,train,Neutral,Medium
611,train,Neutral,Medium
612,train,Neutral,Medium
613,train,Neutral,Medium
614,train,Neutral,Medium
615,train,Neutral,Medium
616,train,Neutral,Medium
617,train,Neutral,Medium
618,train,Neutral,Medium
619,train,Neutral,Medium
620,train,Neutral,Medium
621,train,Neutral,Medium
622,train,Neutral,Medium
623,train,Neutral,Medium
624,train,Neutral,Medium
625,train,Neutral,Medium
626,train,Neutral,Medium
628,train,Neutral,Medium
629,train,Neutral,Medium
630,train,Neutral,Medium
631,train,Neutral,Medium
632,train,Neutral,Medium
633,train,Neutral,Medium
634,train,Neutral,Medium
635,train,Neutral,Medium
636,train,Neutral,Medium
637,train,Neutral,Medium
638,train,Neutral,Medium
639,train,Negative,Medium
640,train,Neutral,Medium
641,train,Neutral,Medium
642,train,Neutral,Medium
643,train,Neutral,Medium
644,train,Neutral,Medium
645,train,Neutral,Medium
646,train,Neutral,Medium
647,train,Neutral,Medium
648,train,Neutral,Medium
649,train,Neutral,Medium
650,train,Neutral,Medium
651,train,Negative,Medium
652,train,Neutral,Medium
653,train,Neutral,Medium
654,train,Neutral,Medium
655,train,Neutral,Medium
656,train,Neutral,Medium
657,train,Neutral,Medium
658,train,Neutral,Medium
659,train,Neutral,Medium
660,train,Neutral,Medium
661,train,Neutral,Medium
662,train,Neutral,Medium
663,train,Neutral,Medium
664,train,Neutral,Medium
665,train,Neutral,Medium
666,train,Neutral,Medium
667,train,Neutral,Medium
668,train,Neutral,Medium
669,train,Negative,Medium
670,train,Neutral,Medium
671,train,Neutral,Medium
672,train,Neutral,Medium
673,train,Neutral,Medium
674,train,Neutral,Medium
675,train,Neutral,Medium
676,train,Neutral,Medium
677,train,Neutral,Medium
678,train,Negative,Medium
679,train,Neutral,Medium
680,train,Neutral,Medium
681,train,Neutral,Medium
682,train,Neutral,Medium
683,train,Neutral,Medium
684,train,Neutral,Medium
685,train,Neutral,Medium
686,train,Neutral,Medium
687,train,Neutral,Medium
688,train,Neutral,Medium
689,train,Neutral,Medium
690,train,Neutral,Medium
691,train,Neutral,Medium
692,train,Neutral,Medium
693,train,Neutral,Medium
694,train,Negative,High
695,train,Neutral,Medium
696,train,Neutral,Medium
697,train,Neutral,Medium
698,train,Neutral,Medium
699,train,Neutral,Medium
700,train,Neutral,Medium
701,train,Neutral,Medium
702,train,Neutral,Medium
703,train,Neutral,Medium
704,train,Neutral,Medium
705,train,Neutral,Medium
706,train,Neutral,Medium
707,train,Neutral,Medium
708,train,Neutral,Medium
709,train,Neutral,Medium
710,train,Neutral,Medium
711,train,Neutral,Medium
712,train,Neutral,Medium
713,train,Neutral,Medium
714,train,Neutral,Medium
715,train,Neutral,Medium
716,train,Neutral,Medium
717,train,Neutral,Medium
718,train,Neutral,Medium
719,train,Neutral,Medium
720,train,Neutral,Medium
721,train,Neutral,Medium
722,train,Neutral,Medium
723,train,Neutral,Medium
724,train,Neutral,Medium
725,train,Neutral,Medium
726,train,Neutral,Medium
727,train,Neutral,Medium
728,train,Neutral,Medium
729,train,Neutral,Medium
730,train,Neutral,Low
731,train,Neutral,Medium
732,train,Neutral,Medium
733,train,Neutral,Medium
734,train,Neutral,Medium
735,train,Neutral,Medium
736,train,Neutral,Medium
737,train,Neutral,Low
738,train,Neutral,Low
739,train,Neutral,Low
740,train,Neutral,Low
741,train,Neutral,Low
742,train,Neutral,Low
743,train,Neutral,Low
744,train,Neutral,Low
745,train,Neutral,Low
746,train,Neutral,Low
747,train,Neutral,Low
748,train,Neutral,Low
749,train,Neutral,Low
750,train,Neutral,Low
751,train,Neutral,Medium
752,train,Neutral,Low
753,train,Neutral,Medium
754,train,Neutral,Low
755,train,Neutral,Low
756,train,Neutral,Low
757,train,Neutral,Low
758,train,Neutral,Low
759,train,Neutral,Low
760,train,Neutral,Low
761,train,Neutral,Low
762,train,Negative,High
763,train,Neutral,Low
764,train,Neutral,Low
765,train,Neutral,Low
766,train,Neutral,Medium
767,train,Neutral,Low
768,train,Neutral,Medium
769,train,Neutral,Low
770,train,Neutral,Low
771,train,Neutral,Medium
772,train,Neutral,Low
773,train,Neutral,Low
774,train,Neutral,Low
775,train,Neutral,Low
776,train,Neutral,Low
777,train,Neutral,Low
778,train,Neutral,Low
779,train,Neutral,Low
780,train,Neutral,Low
781,train,Neutral,Low
782,train,Neutral,Low
783,train,Neutral,Low
784,train,Neutral,Low
785,train,Neutral,Low
786,train,Neutral,Low
787,train,Neutral,Low
788,train,Neutral,Medium
789,train,Neutral,Medium
790,train,Neutral,Low
791,train,Neutral,Low
792,train,Neutral,Low
793,train,Neutral,Medium
794,train,Neutral,Medium
795,train,Neutral,Low
796,train,Neutral,Low
797,train,Neutral,Low
798,train,Neutral,Low
799,train,Neutral,Medium
800,train,Neutral,Medium
801,train,Neutral,Low
802,train,Neutral,Low
803,train,Neutral,Low
804,train,Neutral,Low
805,train,Neutral,Medium
806,train,Neutral,Medium
807,train,Neutral,Low
808,train,Neutral,Low
809,train,Neutral,Medium
810,train,Neutral,Low
811,train,Neutral,Low
812,train,Neutral,Low
813,train,Neutral,Low
814,train,Neutral,Low
815,train,Neutral,Medium
816,train,Neutral,Low
817,train,Neutral,Low
818,train,Neutral,Low
819,train,Neutral,Low
820,train,Neutral,Low
821,train,Neutral,Low
822,train,Neutral,Low
823,train,Neutral,Medium
824,train,Neutral,Low
825,train,Neutral,Low
826,train,Neutral,Low
827,train,Neutral,Low
828,train,Neutral,Medium
829,train,Neutral,Low
830,train,Neutral,Low
831,train,Neutral,Low
832,train,Neutral,Low
833,train,Neutral,Low
834,train,Neutral,Low
835,train,Neutral,Low
836,train,Neutral,Low
837,train,Neutral,Low
838,train,Neutral,Low
839,train,Neutral,Low
840,train,Neutral,Medium
841,train,Neutral,Low
842,train,Neutral,Medium
843,train,Neutral,Low
844,train,Neutral,Low
845,train,Neutral,Low
846,train,Neutral,Low
847,train,Neutral,Medium
848,train,Neutral,Low
849,train,Neutral,Low
850,train,Neutral,Low
851,train,Neutral,Medium
852,train,Neutral,Low
853,train,Neutral,Low
854,train,Neutral,Low
855,train,Neutral,Low
856,train,Neutral,Low
857,train,Neutral,Low
858,train,Neutral,Low
859,train,Neutral,Low
860,train,Negative,Medium
861,train,Neutral,Medium
862,train,Neutral,Low
863,train,Neutral,Medium
864,train,Neutral,Medium
865,train,Neutral,Medium
866,train,Neutral,Medium
867,train,Neutral,Medium
868,train,Neutral,Low
869,train,Neutral,Medium
870,train,Neutral,Medium
871,train,Neutral,Medium
872,train,Neutral,Low
873,train,Neutral,Medium
874,train,Neutral,Medium
875,train,Neutral,Medium
876,train,Neutral,Medium
877,train,Neutral,Medium
878,train,Neutral,Medium
879,train,Neutral,Medium
880,train,Neutral,Low
881,train,Neutral,Low
882,train,Neutral,Low
883,train,Neutral,Low
884,train,Neutral,Low
885,train,Neutral,Low
886,train,Neutral,Low
887,train,Neutral,Low
888,train,Neutral,Low
889,train,Neutral,Low
890,train,Neutral,Low
891,train,Neutral,Low
892,train,Neutral,Low
893,train,Neutral,Low
894,train,Neutral,Low
895,train,Neutral,Low
896,train,Neutral,Low
897,train,Neutral,Low
898,train,Neutral,Low
899,train,Neutral,Low
900,train,Neutral,Low
901,train,Neutral,Low
902,train,Neutral,Low
903,train,Neutral,Low
904,train,Neutral,Low
905,train,Neutral,Low
906,train,Neutral,Low
907,train,Neutral,Low
908,train,Neutral,Low
909,train,Neutral,Low
910,train,Neutral,Low
911,train,Neutral,Low
912,train,Neutral,Low
913,train,Neutral,Low
914,train,Neutral,Low
915,train,Neutral,Low
916,train,Neutral,Low
917,train,Neutral,Low
918,train,Neutral,Low
919,train,Neutral,Low
920,train,Neutral,Low
921,train,Neutral,Low
922,train,Neutral,Low
923,train,Neutral,Low
924,train,Neutral,Low
925,train,Neutral,Low
926,train,Neutral,Low
927,train,Neutral,Low
928,train,Neutral,Low
929,train,Neutral,Low
930,train,Neutral,Low
931,train,Neutral,Low
932,train,Neutral,Low
933,train,Neutral,Low
934,train,Neutral,Low
935,train,Neutral,Low
936,train,Neutral,Low
937,train,Neutral,Low
938,train,Neutral,Low
939,train,Neutral,Low
940,train,Neutral,Low
941,train,Neutral,Low
942,train,Neutral,Low
943,train,Neutral,Low
944,train,Neutral,Low
945,train,Neutral,Low
946,train,Neutral,Low
947,train,Neutral,Low
948,train,Neutral,Low
949,train,Neutral,Low
950,train,Neutral,Low
951,train,Neutral,Low
952,train,Neutral,Low
953,train,Neutral,Low
954,train,Neutral,Low
955,train,Neutral,Low
956,train,Neutral,Low
957,train,Neutral,Low
958,train,Neutral,Low
959,train,Neutral,Low
960,train,Neutral,Low
961,train,Neutral,Low
962,train,Neutral,Low
963,train,Neutral,Low
964,train,Neutral,Low
965,train,Neutral,Low
966,train,Neutral,Low
967,train,Neutral,Low
968,train,Neutral,Low
969,train,Neutral,Low
970,train,Neutral,Low
971,train,Neutral,Low
972,train,Neutral,Low
973,train,Neutral,Low
974,train,Neutral,Low
975,train,Neutral,Low
976,train,Neutral,Low
977,train,Neutral,Low
978,train,Neutral,Low
979,train,Neutral,Low
980,train,Neutral,Low
981,train,Neutral,Low
982,train,Neutral,Low
983,train,Neutral,Low
984,train,Neutral,Low
985,train,Neutral,Low
986,train,Neutral,Low
987,train,Neutral,Low
988,train,Neutral,Low
989,train,Neutral,Low
990,train,Neutral,Low
991,train,Neutral,Low
992,train,Neutral,Low
993,train,Neutral,Low
994,train,Neutral,Low
995,train,Neutral,Low
996,train,Neutral,Low
997,train,Neutral,Low
998,train,Neutral,Low
999,train,Neutral,Low
1000,train,Neutral,Low
1001,train,Neutral,Low
1002,train,Neutral,Low
1003,train,Neutral,Low
1004,train,Neutral,Low
1005,train,Neutral,Low
1006,train,Neutral,Low
1007,train,Neutral,Low
1008,train,Neutral,Low
1009,train,Neutral,Low
1010,train,Neutral,Low
1011,train,Neutral,Low
1012,train,Neutral,Low
1013,train,Neutral,Low
1014,train,Neutral,Low
1015,train,Neutral,Low
1016,train,Neutral,Low
1017,train,Neutral,Low
1018,train,Neutral,Low
1019,train,Neutral,Low
1020,train,Neutral,Low
1021,train,Neutral,Low
1022,train,Neutral,Low
1023,train,Neutral,Low
1024,train,Neutral,Low
1025,train,Neutral,Low
1026,train,Neutral,Low
1027,train,Neutral,Low
1028,train,Neutral,Low
1029,train,Neutral,Low
1030,train,Neutral,Low
1031,train,Neutral,Low
1032,train,Neutral,Low
1033,train,Neutral,Low
1034,train,Negative,High
1035,train,Neutral,Low
1036,train,Neutral,Low
1037,train,Neutral,Low
1038,train,Neutral,Low
1039,train,Neutral,Low
1040,train,Neutral,Low
1041,train,Neutral,Low
1042,train,Neutral,Low
1043,train,Neutral,Low
1044,train,Neutral,High
1045,train,Neutral,Low
1046,train,Neutral,High
1047,train,Neutral,Low
1048,train,Neutral,Low
1049,train,Neutral,Low
1050,train,Neutral,Low
1051,train,Neutral,Low
1052,train,Neutral,Low
1053,train,Neutral,Low
1054,train,Neutral,Low
1055,train,Neutral,Low
1056,train,Neutral,High
1057,train,Neutral,Low
1058,train,Neutral,Low
1059,train,Neutral,High
1060,train,Neutral,Low
1061,train,Neutral,Low
1062,train,Neutral,High
1063,train,Neutral,Low
1064,train,Neutral,Low
1065,train,Neutral,Low
1066,train,Neutral,Low
1067,train,Neutral,Low
1068,train,Neutral,Low
1069,train,Neutral,Low
1070,train,Neutral,Low
1071,train,Neutral,High
1072,train,Neutral,Low
1073,train,Neutral,Low
1074,train,Neutral,Low
1075,train,Neutral,Low
1076,train,Neutral,Low
1077,train,Neutral,Low
1078,train,Neutral,Low
1079,train,Neutral,Low
1080,train,Neutral,Low
1081,train,Neutral,Low
1082,train,Neutral,Low
1083,train,Neutral,Low
1084,train,Neutral,Low
1085,train,Neutral,Low
1086,train,Neutral,Low
1087,train,Neutral,Low
1088,train,Neutral,Low
1089,train,Neutral,Low
1090,train,Neutral,Low
1091,train,Neutral,Low
1092,train,Neutral,High
1093,train,Neutral,Low
1094,train,Neutral,Low
1095,train,Neutral,Low
1096,train,Neutral,High
1097,train,Neutral,Low
1098,train,Neutral,Low
1099,train,Neutral,Low
1100,train,Neutral,Low
1101,train,Neutral,Low
1102,train,Neutral,High
1103,train,Neutral,High
1104,train,Neutral,Low
1105,train,Neutral,Low
1106,train,Neutral,Low
1107,train,Neutral,Low
1108,train,Neutral,Low
1109,train,Neutral,Low
1110,train,Neutral,Low
1111,train,Neutral,Low
1112,train,Neutral,Low
1113,train,Neutral,Low
1114,train,Neutral,Low
1115,train,Neutral,Low
1116,train,Neutral,High
1117,train,Neutral,Low
1118,train,Neutral,Low
1119,train,Neutral,Low
1120,train,Neutral,Low
1121,train,Neutral,Low
1122,train,Neutral,Low
1123,train,Neutral,Low
1124,train,Neutral,Low
1125,train,Neutral,Low
1126,train,Neutral,Low
1127,train,Neutral,Low
1128,train,Neutral,Low
1129,train,Neutral,Low
1130,train,Neutral,Low
1131,train,Neutral,Low
1132,train,Neutral,Low
1133,train,Neutral,Low
1134,train,Neutral,Low
1135,train,Neutral,Low
1136,train,Neutral,Low
1137,train,Neutral,Low
1138,train,Neutral,Low
1139,train,Neutral,Low
1140,train,Neutral,Low
1141,train,Neutral,Low
1142,train,Neutral,Low
1143,train,Neutral,Low
1144,train,Neutral,Low
1145,train,Neutral,Low
1146,train,Neutral,Low
1147,train,Neutral,Low
1148,train,Neutral,Low
1149,train,Neutral,Low
1150,train,Neutral,Low
1151,train,Neutral,Low
1152,train,Neutral,Low
1153,train,Neutral,Low
1154,train,Neutral,Low
1155,train,Neutral,Low
1156,train,Neutral,Low
1157,train,Neutral,Low
1158,train,Neutral,Low
1159,train,Neutral,Low
1160,train,Neutral,Low
1161,train,Neutral,Low
1162,train,Neutral,Low
1163,train,Neutral,Low
1164,train,Neutral,Low
1165,train,Neutral,Low
1166,train,Neutral,Low
1167,train,Neutral,Low
1168,train,Neutral,Low
1169,train,Neutral,Low
1170,train,Neutral,Low
1171,train,Neutral,Low
1172,train,Neutral,Low
1173,train,Neutral,Low
1174,train,Neutral,Low
1175,train,Neutral,Low
1176,train,Neutral,Low
1177,train,Neutral,Low
1178,train,Neutral,Low
1179,train,Neutral,Low
1180,train,Neutral,Low
1181,train,Neutral,Low
1182,train,Neutral,Low
1183,train,Neutral,Low
1184,train,Neutral,Low
1185,train,Neutral,Low
1186,train,Neutral,Low
1187,train,Neutral,Low
1188,train,Neutral,Low
1189,train,Neutral,Low
1190,train,Neutral,Low
1191,train,Neutral,Low
1192,train,Neutral,Low
1193,train,Neutral,Low
1194,train,Neutral,Low
1195,train,Neutral,Low
1196,train,Neutral,Low
1197,train,Neutral,Low
1198,train,Neutral,Low
1199,train,Neutral,Low
1200,train,Neutral,Low
1201,train,Neutral,Low
1202,train,Neutral,Low
1203,train,Neutral,Low
1204,train,Neutral,Low
1205,train,Neutral,Low
1206,train,Neutral,Low
1207,train,Neutral,Low
1208,train,Neutral,Low
1209,train,Neutral,Low
1210,train,Neutral,Low
1211,train,Neutral,Low
1212,train,Neutral,Low
1213,train,Neutral,Low
1214,train,Neutral,Low
1215,train,Neutral,Low
1216,train,Neutral,Low
1217,train,Neutral,Low
1218,train,Neutral,Low
1219,train,Neutral,Low
1220,train,Neutral,Low
1221,train,Neutral,Low
1222,train,Neutral,Low
1223,train,Neutral,Low
1224,train,Neutral,Low
1225,train,Neutral,Low
1226,train,Neutral,Low
1227,train,Neutral,Low
1228,train,Neutral,Low
1229,train,Neutral,Low
1230,train,Neutral,Low
1231,train,Neutral,Low
1232,train,Neutral,Low
1233,train,Neutral,Low
1234,train,Neutral,Low
1235,train,Neutral,Low
1236,train,Neutral,Low
1237,train,Neutral,Low
1238,train,Neutral,Low
1239,train,Neutral,Low
1240,train,Neutral,Low
1241,train,Neutral,Low
1242,train,Neutral,Low
1243,train,Neutral,Low
1244,train,Neutral,Low
1245,train,Neutral,Medium
1246,train,Neutral,Medium
1247,train,Negative,Medium
1248,train,Neutral,Medium
1249,train,Neutral,Medium
1250,train,Neutral,Medium
1251,train,Neutral,Medium
1252,train,Neutral,Medium
1253,train,Neutral,Medium
1254,train,Neutral,Medium
1255,train,Neutral,Medium
1256,train,Neutral,Medium
1257,train,Neutral,Medium
1258,train,Neutral,Medium
1259,train,Neutral,Medium
1260,train,Neutral,Medium
1261,train,Neutral,Medium
1262,train,Neutral,Medium
1263,train,Neutral,Low
1264,train,Neutral,Medium
1265,train,Neutral,Medium
1266,train,Neutral,Medium
1267,train,Neutral,Medium
1268,train,Neutral,Medium
1269,train,Neutral,Medium
1270,train,Neutral,Medium
1271,train,Neutral,Medium
1272,train,Neutral,Medium
1273,train,Neutral,Medium
1274,train,Neutral,Low
1275,train,Neutral,Medium
1276,train,Neutral,Medium
1277,train,Neutral,Low
1278,train,Neutral,Medium
1279,train,Neutral,Medium
1280,train,Neutral,Medium
1281,train,Neutral,Medium
1282,train,Neutral,Medium
1283,train,Neutral,Medium
1284,train,Neutral,Medium
1285,train,Neutral,Medium
1286,train,Neutral,Medium
1287,train,Neutral,Medium
1288,train,Neutral,Medium
1289,train,Neutral,Medium
1291,train,Neutral,Medium
1292,train,Neutral,Medium
1293,train,Neutral,Medium
1294,train,Neutral,Medium
1295,train,Neutral,Medium
1296,train,Neutral,Medium
1297,train,Neutral,Medium
1298,train,Neutral,Medium
1299,train,Neutral,Medium
1300,train,Neutral,Medium
1301,train,Neutral,Low
1302,train,Neutral,Medium
1303,train,Neutral,Medium
1304,train,Neutral,Medium
1305,train,Neutral,Medium
1306,train,Neutral,Low
1307,train,Neutral,Medium
1308,train,Neutral,Medium
1309,train,Neutral,Medium
1310,train,Neutral,Medium
1311,train,Negative,Medium
1312,train,Neutral,Medium
1313,train,Neutral,Medium
1314,train,Neutral,Medium
1315,train,Neutral,Medium
1316,train,Neutral,Medium
1317,train,Neutral,Low
1318,train,Neutral,Medium
1319,train,Neutral,Medium
1320,train,Neutral,Medium
1321,train,Neutral,Medium
1322,train,Neutral,Medium
1323,train,Neutral,Medium
1324,train,Neutral,Medium
1325,train,Neutral,Medium
1326,train,Neutral,Medium
1327,train,Neutral,Medium
1328,train,Neutral,Medium
1329,train,Neutral,Medium
1330,train,Neutral,Medium
1331,train,Neutral,Medium
1332,train,Neutral,Medium
1333,train,Neutral,Medium
1334,train,Neutral,Medium
1335,train,Neutral,Medium
1336,train,Neutral,Medium
1337,train,Neutral,Medium
1338,train,Neutral,Medium
1339,train,Neutral,Low
1340,train,Neutral,Medium
1341,train,Neutral,Medium
1342,train,Neutral,Medium
1343,train,Neutral,Medium
1344,train,Neutral,Medium
1345,train,Neutral,Medium
1346,train,Neutral,Medium
1347,train,Neutral,Medium
1348,train,Neutral,Medium
1349,train,Neutral,Medium
1350,train,Neutral,Medium
1351,train,Neutral,Medium
1352,train,Negative,Medium
1353,train,Negative,Medium
1354,train,Neutral,Medium
1355,train,Neutral,Medium
1356,train,Neutral,Medium
1357,train,Neutral,Low
1358,train,Neutral,Low
1359,train,Neutral,Low
1360,train,Neutral,Low
1361,train,Neutral,Low
1362,train,Neutral,Low
1363,train,Neutral,Low
1364,train,Neutral,Low
1365,train,Neutral,Low
1366,train,Neutral,Low
1367,train,Neutral,Low
1368,train,Neutral,Low
1369,train,Neutral,Low
1370,train,Neutral,Low
1371,train,Neutral,Low
1372,train,Neutral,Low
1373,train,Neutral,Low
1374,train,Neutral,Low
1375,train,Neutral,Low
1376,train,Neutral,Low
1377,train,Neutral,Low
1378,train,Neutral,Low
1379,train,Neutral,Low
1380,train,Neutral,Low
1381,train,Neutral,Low
1382,train,Neutral,Low
1383,train,Neutral,Low
1384,train,Neutral,Low
1385,train,Neutral,Low
1386,train,Neutral,Low
1387,train,Neutral,Low
1388,train,Neutral,Low
1389,train,Neutral,Low
1390,train,Neutral,Low
1391,train,Neutral,Low
1392,train,Neutral,Low
1393,train,Neutral,Low
1394,train,Neutral,Low
1395,train,Neutral,Low
1396,train,Neutral,Low
1397,train,Neutral,Low
1398,train,Neutral,Low
1399,train,Neutral,Low
1400,train,Neutral,Low
1401,train,Neutral,Low
1402,train,Neutral,Low
1403,train,Neutral,Low
1404,train,Neutral,Low
1405,train,Neutral,Low
1406,train,Neutral,Low
1407,train,Neutral,Low
1408,train,Neutral,Low
1409,train,Neutral,Low
1410,train,Neutral,Low
1411,train,Neutral,Low
1412,train,Neutral,Low
1413,train,Neutral,Low
1414,train,Neutral,Low
1415,train,Neutral,Low
1416,train,Neutral,Low
1417,train,Neutral,Low
1418,train,Neutral,Low
1419,train,Neutral,Low
1420,train,Neutral,Low
1421,train,Neutral,Low
1422,train,Neutral,Low
1423,train,Neutral,Low
1424,train,Neutral,Low
1425,train,Neutral,Low
1426,train,Neutral,Low
1427,train,Neutral,Low
1428,train,Neutral,Low
1429,train,Neutral,Low
1430,train,Neutral,Low
1431,train,Neutral,Low
1432,train,Neutral,Low
1433,train,Neutral,Low
1434,train,Neutral,Low
1435,train,Neutral,Low
1436,train,Neutral,Low
1437,train,Neutral,Low
1438,train,Neutral,Low
1439,train,Neutral,Low
1440,train,Neutral,Low
1441,train,Neutral,Low
1442,train,Neutral,Low
1443,train,Neutral,Low
1444,train,Neutral,Low
1445,train,Neutral,Low
1446,train,Neutral,Low
1447,train,Neutral,Low
1448,train,Neutral,Low
1449,train,Neutral,Low
1450,train,Neutral,Low
1451,train,Neutral,Low
1452,train,Neutral,Low
1453,train,Neutral,Low
1454,train,Neutral,Low
1455,train,Neutral,Low
1456,train,Neutral,Low
1457,train,Neutral,Low
1458,train,Neutral,Low
1459,train,Neutral,Low
1460,train,Neutral,Low
1461,train,Neutral,Low
1462,train,Neutral,Low
1463,train,Neutral,Low
1464,train,Neutral,Low
1465,train,Neutral,Low
1466,train,Neutral,Low
1467,train,Neutral,Low
1468,train,Neutral,Low
1469,train,Neutral,Low
1470,train,Neutral,Low
1471,train,Neutral,Low
1472,train,Neutral,Low
1473,train,Neutral,Low
1474,train,Neutral,Low
1475,train,Neutral,High
1476,train,Neutral,High
1477,train,Negative,High
1478,train,Neutral,High
1479,train,Neutral,High
1480,train,Neutral,High
1481,train,Neutral,Low
1482,train,Neutral,High
1483,train,Neutral,High
1484,train,Neutral,High
1485,train,Neutral,High
1486,train,Neutral,High
1487,train,Neutral,High
1488,train,Neutral,High
1489,train,Neutral,High
1490,train,Neutral,Low
1491,train,Neutral,High
1492,train,Neutral,High
1493,train,Neutral,High
1494,train,Neutral,High
1495,train,Neutral,High
1496,train,Neutral,High
1497,train,Negative,High
1498,train,Neutral,High
1499,train,Neutral,High
1500,train,Negative,High
1501,train,Neutral,High
1502,train,Neutral,High
1503,train,Neutral,High
1504,train,Negative,High
1505,train,Neutral,High
1506,train,Neutral,High
1507,train,Neutral,High
1508,train,Neutral,Low
1509,train,Neutral,High
1510,train,Neutral,High
1511,train,Negative,High
1512,train,Neutral,High
1513,train,Neutral,High
1514,train,Negative,High
1515,train,Neutral,High
1516,train,Neutral,High
1517,train,Negative,High
1518,train,Neutral,Low
1519,train,Negative,High
1520,train,Neutral,High
1521,train,Neutral,High
1522,train,Neutral,High
1523,train,Negative,High
1524,train,Neutral,High
1525,train,Neutral,High
1526,train,Neutral,High
1527,train,Neutral,High
1528,train,Negative,High
1529,train,Neutral,High
1530,train,Neutral,High
1531,train,Neutral,High
1532,train,Neutral,High
1533,train,Neutral,High
1534,train,Neutral,High
1535,train,Neutral,High
1536,train,Neutral,High
1537,train,Neutral,High
1538,train,Neutral,High
1539,train,Neutral,High
1540,train,Neutral,High
1541,train,Neutral,High
1542,train,Negative,High
1543,train,Neutral,High
1544,train,Neutral,High
1545,train,Neutral,High
1546,train,Neutral,High
1547,train,Neutral,High
1548,train,Neutral,High
1549,train,Neutral,High
1550,train,Neutral,High
1551,train,Neutral,High
1552,train,Neutral,High
1553,train,Neutral,High
1554,train,Negative,High
1555,train,Neutral,High
1556,train,Neutral,High
1557,train,Neutral,Low
1558,train,Neutral,Low
1559,train,Neutral,Low
1560,train,Neutral,Low
1561,train,Neutral,Low
1562,train,Neutral,Low
1563,train,Neutral,Low
1564,train,Neutral,Low
1565,train,Neutral,Low
1566,train,Neutral,Low
1567,train,Neutral,Low
1568,train,Neutral,Low
1569,train,Neutral,Low
1570,train,Neutral,Low
1571,train,Neutral,Low
1572,train,Neutral,Low
1573,train,Neutral,Low
1574,train,Neutral,Low
1575,train,Neutral,Low
1576,train,Neutral,Low
1577,train,Neutral,Low
1578,train,Neutral,Low
1579,train,Neutral,Low
1580,train,Neutral,Low
1581,train,Neutral,Low
1582,train,Neutral,Low
1583,train,Neutral,Low
1584,train,Neutral,Low
1585,train,Neutral,Low
1586,train,Neutral,Low
1587,train,Neutral,Low
1588,train,Neutral,Low
1589,train,Neutral,Low
1590,train,Neutral,Low
1591,train,Neutral,Low
1592,train,Neutral,Low
1593,train,Neutral,Low
1594,train,Neutral,Low
1595,train,Neutral,Low
1596,train,Neutral,Low
1597,train,Neutral,Low
1598,train,Neutral,Low
1599,train,Neutral,Low
1600,train,Neutral,Low
1601,train,Neutral,Low
1602,train,Neutral,Low
1603,train,Neutral,Low
1604,train,Neutral,Low
1605,train,Neutral,Low
1606,train,Neutral,Low
1607,train,Neutral,Low
1608,train,Neutral,Low
1609,train,Neutral,Low
1610,train,Neutral,Low
1611,train,Neutral,Low
1612,train,Neutral,Low
1613,train,Neutral,Low
1614,train,Neutral,Low
1615,train,Neutral,Low
1616,train,Neutral,Low
1617,train,Neutral,Low
1618,train,Neutral,Low
1619,train,Neutral,Low
1620,train,Neutral,Low
1621,train,Neutral,Low
1622,train,Neutral,Low
1623,train,Neutral,Low
1624,train,Neutral,Low
1625,train,Neutral,Low
1626,train,Neutral,Low
1627,train,Neutral,Low
1628,train,Neutral,Low
1629,train,Neutral,Low
1630,train,Neutral,Low
1631,train,Neutral,Low
1632,train,Neutral,Low
1633,train,Neutral,Low
1634,train,Neutral,Low
1635,train,Neutral,Low
1636,train,Neutral,Low
1637,train,Neutral,Low
1638,train,Neutral,Low
1639,train,Neutral,Low
1640,train,Neutral,Low
1641,train,Neutral,Low
1642,train,Neutral,Low
1643,train,Neutral,Low
1644,train,Neutral,Low
1645,train,Neutral,Low
1646,train,Neutral,Low
1647,train,Neutral,Low
1648,train,Neutral,Low
1649,train,Neutral,Low
1650,train,Neutral,Low
1651,train,Neutral,Low
1652,train,Neutral,Low
1653,train,Neutral,Low
1654,train,Neutral,Low
1655,train,Neutral,Low
1656,train,Neutral,Low
1657,train,Neutral,Low
1658,train,Neutral,Low
1659,train,Neutral,Low
1660,train,Neutral,Low
1661,train,Neutral,Low
1662,train,Neutral,Low
1663,train,Neutral,Low
1664,train,Neutral,Low
1665,train,Neutral,Low
1666,train,Neutral,Low
1667,train,Neutral,Medium
1668,train,Neutral,Medium
1669,train,Neutral,Medium
1670,train,Neutral,Medium
1671,train,Neutral,Medium
1672,train,Neutral,Medium
1673,train,Neutral,Medium
1674,train,Neutral,Medium
1675,train,Neutral,Low
1676,train,Neutral,Medium
1677,train,Neutral,Medium
1678,train,Neutral,Medium
1679,train,Neutral,Medium
1680,train,Neutral,Medium
1681,train,Neutral,Medium
1682,train,Neutral,Medium
1683,train,Neutral,Medium
1684,train,Neutral,Medium
1685,train,Neutral,Medium
1686,train,Neutral,Medium
1687,train,Neutral,Medium
1688,train,Neutral,Medium
1689,train,Neutral,Medium
1690,train,Neutral,Medium
1691,train,Neutral,Medium
1692,train,Neutral,Medium
1693,train,Neutral,Medium
1694,train,Neutral,Medium
1695,train,Neutral,Medium
1696,train,Neutral,Medium
1697,train,Neutral,Medium
1698,train,Neutral,Medium
1699,train,Neutral,Medium
1700,train,Neutral,Medium
1701,train,Neutral,Medium
1702,train,Neutral,Medium
1703,train,Neutral,Medium
1704,train,Neutral,Medium
1705,train,Neutral,Medium
1706,train,Neutral,Medium
1707,train,Neutral,Medium
1708,train,Neutral,Medium
1709,train,Neutral,Medium
1710,train,Neutral,Medium
1711,train,Neutral,Medium
1712,train,Neutral,Medium
1713,train,Neutral,Medium
1714,train,Neutral,Medium
1715,train,Neutral,Medium
1716,train,Neutral,Medium
1717,train,Neutral,Medium
1718,train,Neutral,Low
1719,train,Neutral,Medium
1720,train,Neutral,Medium
1721,train,Neutral,Medium
1722,train,Neutral,Medium
1723,train,Neutral,Low
1725,train,Negative,Medium
1726,train,Neutral,Medium
1727,train,Neutral,Medium
1728,train,Neutral,Medium
1729,train,Neutral,Medium
1730,train,Neutral,Medium
1731,train,Neutral,Low
1732,train,Neutral,Low
1733,train,Neutral,Medium
1734,train,Neutral,Medium
1735,train,Neutral,Low
1736,train,Neutral,Medium
1737,train,Neutral,Low
1738,train,Neutral,Medium
1739,train,Neutral,Medium
1740,train,Neutral,Medium
1741,train,Neutral,Medium
1742,train,Neutral,Medium
1743,train,Neutral,High
1744,train,Neutral,Medium
1745,train,Neutral,Medium
1746,train,Neutral,Medium
1747,train,Neutral,Medium
1748,train,Neutral,Low
1749,train,Neutral,Low
1750,train,Neutral,Medium
1751,train,Neutral,Low
1752,train,Neutral,Medium
1753,train,Neutral,Medium
1754,train,Neutral,Medium
1755,train,Neutral,Medium
1756,train,Neutral,Low
1757,train,Neutral,Medium
1758,train,Neutral,Medium
1759,train,Neutral,Medium
1760,train,Neutral,Medium
1761,train,Neutral,Medium
1762,train,Neutral,Medium
1763,train,Neutral,Medium
1764,train,Neutral,Medium
1765,train,Neutral,Medium
1766,train,Neutral,Medium
1767,train,Neutral,Medium
1768,train,Neutral,Medium
1769,train,Neutral,Medium
1770,train,Neutral,Medium
1771,train,Neutral,Medium
1772,train,Neutral,Medium
1773,train,Neutral,Medium
1774,train,Neutral,Medium
1775,train,Neutral,Medium
1776,train,Neutral,Medium
1777,train,Neutral,Medium
1778,train,Neutral,Medium
1779,train,Neutral,Medium
1780,train,Neutral,Medium
1781,train,Neutral,Medium
1782,train,Neutral,Medium
1783,train,Neutral,Medium
1784,train,Neutral,Medium
1785,train,Neutral,Medium
1786,train,Neutral,Low
1787,train,Neutral,Medium
1788,train,Neutral,Medium
1789,train,Neutral,Medium
1790,train,Neutral,Medium
1791,train,Neutral,Medium
1792,train,Neutral,Medium
1793,train,Neutral,Low
1794,train,Neutral,Medium
1795,train,Neutral,Low
1796,train,Neutral,Low
1797,train,Neutral,Medium
1798,train,Neutral,Medium
1799,train,Neutral,Medium
1800,train,Neutral,Medium
1801,train,Neutral,Low
1802,train,Neutral,Medium
1803,train,Neutral,Medium
1804,train,Neutral,Low
1805,train,Neutral,Medium
1806,train,Neutral,Medium
1807,train,Neutral,Low
1808,train,Neutral,Medium
1809,train,Neutral,Medium
1810,train,Neutral,Medium
1811,train,Neutral,Medium
1812,train,Neutral,Medium
1813,train,Neutral,Medium
1814,train,Neutral,Medium
1815,train,Neutral,Medium
1816,train,Neutral,Medium
1817,train,Neutral,Low
1818,train,Neutral,Low
1819,train,Neutral,Low
1820,train,Neutral,Medium
1821,train,Neutral,Medium
1822,train,Neutral,Medium
1823,train,Neutral,Medium
1824,train,Neutral,Medium
1825,train,Neutral,Low
1826,train,Neutral,Medium
1827,train,Neutral,Medium
1828,train,Neutral,Medium
1829,train,Neutral,Medium
1830,train,Neutral,Medium
1831,train,Neutral,Medium
1832,train,Neutral,Medium
1833,train,Neutral,Medium
1834,train,Neutral,Low
1835,train,Neutral,Low
1836,train,Neutral,Low
1837,train,Neutral,Medium
1838,train,Neutral,Medium
1839,train,Neutral,Medium
1840,train,Neutral,Low
1841,train,Neutral,Low
1842,train,Neutral,Low
1843,train,Neutral,Low
1844,train,Neutral,Low
1845,train,Neutral,Low
1846,train,Neutral,Low
1847,train,Neutral,Low
1848,train,Neutral,Low
1849,train,Neutral,Low
1850,train,Neutral,Low
1851,train,Neutral,Low
1852,train,Neutral,Low
1853,train,Neutral,Low
1854,train,Neutral,Low
1855,train,Neutral,Low
1856,train,Neutral,Low
1857,train,Neutral,Low
1858,train,Neutral,Low
1859,train,Neutral,Low
1860,train,Neutral,Low
1861,train,Neutral,Low
1862,train,Neutral,Low
1863,train,Neutral,Low
1864,train,Neutral,Low
1865,train,Neutral,Low
1866,train,Neutral,Low
1867,train,Neutral,Low
1868,train,Neutral,Low
1869,train,Neutral,Low
1870,train,Neutral,Low
1871,train,Neutral,Low
1872,train,Neutral,Low
1873,train,Neutral,Low
1874,train,Neutral,Low
1875,train,Neutral,Low
1876,train,Neutral,Low
1877,train,Neutral,Low
1878,train,Neutral,Low
1879,train,Neutral,Low
1880,train,Neutral,Low
1881,train,Neutral,Low
1882,train,Neutral,Low
1883,train,Neutral,Low
1884,train,Neutral,Low
1885,train,Neutral,Low
1886,train,Neutral,Low
1887,train,Neutral,Low
1888,train,Neutral,Low
1889,train,Neutral,Low
1890,train,Neutral,Low
1891,train,Neutral,Low
1892,train,Neutral,Low
1893,train,Neutral,Low
1894,train,Neutral,Low
1895,train,Neutral,Low
1896,train,Neutral,Low
1897,train,Neutral,Low
1898,train,Neutral,Low
1899,train,Neutral,Low
1900,train,Neutral,Low
1901,train,Neutral,Low
1902,train,Neutral,Low
1903,train,Neutral,Low
1904,train,Neutral,Low
1905,train,Neutral,Low
1906,train,Neutral,Low
1907,train,Neutral,Low
1908,train,Neutral,Low
1909,train,Neutral,Low
1910,train,Neutral,Low
1911,train,Neutral,Low
1912,train,Neutral,Low
1913,train,Neutral,Low
1914,train,Neutral,Low
1915,train,Neutral,Low
1916,train,Neutral,Low
1917,train,Neutral,Low
1918,train,Neutral,Low
1919,train,Neutral,Low
1920,train,Neutral,Low
1921,train,Neutral,Low
1922,train,Neutral,Low
1923,train,Neutral,Low
1924,train,Neutral,Low
1925,train,Neutral,Low
1926,train,Neutral,Low
1927,train,Neutral,Low
1928,train,Neutral,Low
1929,train,Neutral,Low
1930,train,Neutral,Low
1931,train,Neutral,Medium
1932,train,Neutral,Low
1933,train,Neutral,Medium
1934,train,Neutral,Low
1935,train,Neutral,Low
1936,train,Negative,High
1937,train,Neutral,Low
1938,train,Neutral,Low
1939,train,Neutral,Low
1940,train,Neutral,Low
1941,train,Neutral,Low
1942,train,Neutral,Low
1943,train,Neutral,Low
1944,train,Neutral,Low
1945,train,Neutral,Low
1946,train,Neutral,Low
1947,train,Neutral,High
1948,train,Neutral,Low
1949,train,Neutral,Low
1950,train,Neutral,Low
1951,train,Neutral,Low
1952,train,Neutral,Low
1953,train,Neutral,Low
1954,train,Neutral,Low
1955,train,Neutral,Low
1956,train,Neutral,Low
1957,train,Neutral,Low
1958,train,Neutral,Low
1959,train,Negative,Low
1960,train,Neutral,Low
1961,train,Neutral,Low
1962,train,Neutral,Low
1963,train,Neutral,Low
1964,train,Neutral,Low
1965,train,Neutral,Low
1966,train,Negative,Low
1967,train,Neutral,Low
1968,train,Negative,Low
1969,train,Neutral,Low
1970,train,Neutral,Low
1971,train,Neutral,Low
1972,train,Neutral,Low
1973,train,Neutral,Low
1974,train,Negative,Low
1975,train,Neutral,Low
1976,train,Neutral,Low
1977,train,Neutral,Low
1978,train,Neutral,Low
1979,train,Neutral,Low
1980,train,Neutral,Low
1981,train,Neutral,Low
1982,train,Neutral,Low
1983,train,Neutral,Low
1984,train,Neutral,Low
1985,train,Neutral,Low
1986,train,Neutral,Low
1987,train,Neutral,Low
1988,train,Neutral,Low
1989,train,Neutral,Low
1990,train,Neutral,Low
1991,train,Neutral,Low
1992,train,Neutral,Low
1993,train,Neutral,Low
1994,train,Neutral,Low
1995,train,Neutral,Low
1996,train,Neutral,Low
1997,train,Neutral,Low
1998,train,Neutral,Low
1999,train,Neutral,Low
2000,train,Neutral,Low
2001,train,Neutral,Low
2002,train,Neutral,Low
2003,train,Neutral,Low
2004,train,Neutral,Low
2005,train,Neutral,Low
2006,train,Neutral,Low
2007,train,Neutral,Low
2008,train,Neutral,Low
2009,train,Neutral,Low
2010,train,Neutral,Low
2011,train,Neutral,Low
2012,train,Neutral,Low
2013,train,Neutral,Low
2014,train,Neutral,Low
2015,train,Neutral,Low
2016,train,Neutral,Low
2017,train,Neutral,Low
2018,train,Neutral,Low
2019,train,Neutral,Low
2020,train,Neutral,Low
2021,train,Neutral,Low
2022,train,Neutral,Low
2023,train,Neutral,Low
2024,train,Neutral,Low
2025,train,Neutral,Low
2026,train,Neutral,Low
2027,train,Neutral,Low
2028,train,Neutral,Low
2029,train,Negative,Low
2030,train,Negative,High
2031,train,Neutral,Low
2032,train,Neutral,Low
2033,train,Neutral,Low
2034,train,Neutral,Low
2035,train,Neutral,Low
2036,train,Neutral,Low
2037,train,Negative,Low
2038,train,Neutral,Low
2039,train,Neutral,Low
2040,train,Neutral,Low
2041,train,Neutral,Low
2042,train,Neutral,Low
2043,train,Neutral,Low
2044,train,Neutral,Low
2045,train,Neutral,Low
2046,train,Neutral,Low
2047,train,Neutral,Low
2048,train,Neutral,Low
2049,train,Neutral,Low
2050,train,Neutral,Low
2051,train,Negative,Low
2052,train,Neutral,Low
2053,train,Neutral,Low
2054,train,Neutral,Low
2055,train,Neutral,Low
2056,train,Neutral,Low
2057,train,Neutral,Low
2058,train,Neutral,High
2059,train,Neutral,Low
2060,train,Neutral,Medium
2061,train,Neutral,Low
2062,train,Neutral,Low
2063,train,Neutral,Low
2064,train,Neutral,Low
2065,train,Neutral,Low
2066,train,Neutral,Low
2067,train,Neutral,Low
2068,train,Neutral,Low
2069,train,Negative,High
2070,train,Neutral,Medium
2071,train,Neutral,Medium
2072,train,Neutral,Medium
2073,train,Neutral,Medium
2074,train,Neutral,Low
2075,train,Negative,Medium
2076,train,Neutral,Low
2077,train,Neutral,Medium
2078,train,Neutral,Medium
2079,train,Negative,High
2080,train,Neutral,Medium
2081,train,Neutral,Medium
2082,train,Neutral,High
2083,train,Neutral,Medium
2084,train,Neutral,Medium
2085,train,Neutral,Medium
2086,train,Neutral,Medium
2087,train,Neutral,Medium
2088,train,Neutral,Medium
2089,train,Neutral,Medium
2090,train,Neutral,Medium
2091,train,Neutral,Medium
2092,train,Neutral,Medium
2093,train,Neutral,High
2094,train,Neutral,Medium
2095,train,Neutral,Medium
2096,train,Neutral,Medium
2097,train,Neutral,Low
2098,train,Neutral,Medium
2099,train,Neutral,Medium
2100,train,Neutral,Medium
2101,train,Neutral,Medium
2102,train,Neutral,Medium
2103,train,Neutral,Medium
2104,train,Neutral,Medium
2105,train,Neutral,Medium
2106,train,Neutral,Medium
2107,train,Neutral,Medium
2108,train,Neutral,Medium
2109,train,Neutral,Medium
2110,train,Neutral,Medium
2111,train,Negative,High
2112,train,Neutral,Low
2113,train,Neutral,Medium
2114,train,Neutral,Medium
2115,train,Neutral,Medium
2116,train,Neutral,Medium
2117,train,Neutral,Medium
2118,train,Neutral,Medium
2119,train,Neutral,Medium
2120,train,Neutral,Medium
2121,train,Neutral,Medium
2122,train,Negative,Medium
2123,train,Neutral,Medium
2124,train,Neutral,Medium
2125,train,Neutral,Low
2126,train,Neutral,Medium
2127,train,Neutral,Medium
2128,train,Neutral,Low
2129,train,Neutral,Medium
2130,train,Neutral,Medium
2131,train,Neutral,Low
2132,train,Neutral,Medium
2133,train,Neutral,Medium
2134,train,Neutral,Low
2135,train,Neutral,Medium
2136,train,Neutral,Low
2137,train,Neutral,High
2138,train,Neutral,Medium
2139,train,Neutral,Medium
2140,train,Neutral,Low
2141,train,Neutral,Low
2142,train,Neutral,Medium
2143,train,Neutral,Low
2144,train,Neutral,Medium
2145,train,Neutral,Low
2146,train,Neutral,Medium
2147,train,Neutral,Medium
2148,train,Neutral,Medium
2149,train,Negative,Medium
2150,train,Neutral,Medium
2151,train,Negative,High
2152,train,Neutral,Medium
2153,train,Neutral,Medium
2154,train,Neutral,Medium
2155,train,Negative,Medium
2156,train,Neutral,Medium
2157,train,Negative,High
2158,train,Neutral,Medium
2159,train,Negative,High
2160,train,Neutral,Medium
2161,train,Neutral,Medium
2162,train,Neutral,High
2163,train,Neutral,Medium
2164,train,Neutral,Medium
2165,train,Neutral,Medium
2166,train,Neutral,Medium
2167,train,Neutral,High
2168,train,Neutral,Medium
2169,train,Neutral,Medium
2170,train,Neutral,Medium
2171,train,Neutral,Medium
2172,train,Neutral,Medium
2173,train,Neutral,Medium
2174,train,Neutral,Medium
2175,train,Neutral,Medium
2176,train,Neutral,Medium
2177,train,Neutral,Medium
2178,train,Neutral,Medium
2179,train,Neutral,High
2180,train,Neutral,Low
2181,train,Negative,Medium
2182,train,Negative,High
2183,train,Neutral,Medium
2184,train,Neutral,Medium
2185,train,Neutral,Medium
2186,train,Neutral,Medium
2187,train,Neutral,Medium
2188,train,Neutral,Medium
2189,train,Neutral,Medium
2190,train,Neutral,Medium
2191,train,Neutral,Low
2192,train,Neutral,Medium
2193,train,Neutral,Medium
2194,train,Neutral,Medium
2195,train,Neutral,Medium
2196,train,Neutral,Medium
2197,train,Neutral,Medium
2198,train,Neutral,Medium
2199,train,Neutral,Medium
2200,train,Neutral,High
2201,train,Neutral,Medium
2202,train,Neutral,Medium
2203,train,Neutral,High
2204,train,Negative,Medium
2205,train,Neutral,High
2206,train,Neutral,Low
2207,train,Neutral,Low
2208,train,Neutral,Low
2209,train,Neutral,Medium
2210,train,Neutral,Medium
2211,train,Neutral,Medium
2212,train,Neutral,Medium
2213,train,Neutral,High
2214,train,Neutral,Medium
2215,train,Neutral,Medium
2216,train,Neutral,Medium
2217,train,Neutral,Medium
2218,train,Neutral,Medium
2219,train,Neutral,Medium
2220,train,Neutral,High
2221,train,Neutral,Low
2222,train,Neutral,Low
2223,train,Neutral,Medium
2224,train,Neutral,High
2225,train,Neutral,High
2226,train,Neutral,Medium
2227,train,Neutral,Medium
2228,train,Neutral,Medium
2229,train,Negative,High
2230,train,Neutral,Medium
2231,train,Neutral,Low
2232,train,Neutral,Medium
2233,train,Neutral,Medium
2234,train,Neutral,Low
2235,train,Neutral,Low
2236,train,Neutral,Low
2237,train,Neutral,Low
2238,train,Neutral,Low
2239,train,Neutral,Low
2240,train,Neutral,Low
2241,train,Neutral,Low
2242,train,Neutral,Low
2243,train,Neutral,Low
2244,train,Neutral,Low
2245,train,Neutral,Low
2246,train,Neutral,Low
2247,train,Neutral,Low
2248,train,Neutral,Low
2249,train,Neutral,Low
2250,train,Neutral,Low
2251,train,Neutral,Low
2252,train,Neutral,Low
2253,train,Neutral,Low
2254,train,Neutral,Low
2255,train,Neutral,Low
2256,train,Neutral,Low
2257,train,Neutral,Low
2258,train,Neutral,Low
2259,train,Neutral,Low
2260,train,Neutral,Low
2261,train,Neutral,Low
2262,train,Neutral,Low
2263,train,Neutral,Low
2264,train,Neutral,Low
2265,train,Neutral,Low
2266,train,Neutral,Low
2267,train,Neutral,Low
2268,train,Neutral,Low
2269,train,Neutral,Low
2270,train,Neutral,Low
2271,train,Neutral,Low
2272,train,Neutral,Low
2273,train,Neutral,Low
2274,train,Neutral,Low
2275,train,Neutral,Low
2276,train,Neutral,Low
2277,train,Neutral,Low
2278,train,Neutral,Low
2279,train,Neutral,Low
2280,train,Neutral,Low
2281,train,Neutral,Low
2282,train,Neutral,Low
2283,train,Neutral,Low
2284,train,Neutral,Low
2285,train,Neutral,Low
2286,train,Neutral,Low
2287,train,Neutral,Low
2288,train,Neutral,Low
2289,train,Neutral,Low
2290,train,Neutral,Low
2291,train,Neutral,Low
2292,train,Neutral,Low
2293,train,Neutral,Low
2294,train,Neutral,Low
2295,train,Neutral,Low
2296,train,Neutral,Low
2297,train,Neutral,Low
2298,train,Neutral,Low
2299,train,Neutral,Low
2300,train,Neutral,Low
2301,train,Neutral,Low
2302,train,Neutral,Low
2303,train,Neutral,Low
2304,train,Neutral,Low
2305,train,Neutral,Low
2306,train,Neutral,Low
2307,train,Neutral,Low
2308,train,Neutral,Low
2309,train,Neutral,Low
2310,train,Neutral,Low
2311,train,Neutral,Low
2312,train,Neutral,Low
2313,train,Neutral,Low
2314,train,Neutral,Low
2315,train,Neutral,Low
2316,train,Neutral,Low
2317,train,Neutral,Low
2318,train,Neutral,Low
2319,train,Neutral,Low
2320,train,Neutral,Low
2321,train,Neutral,Low
2322,train,Neutral,Low
2323,train,Neutral,Low
2324,train,Neutral,Low
2325,train,Neutral,Low
2326,train,Neutral,Low
2327,train,Neutral,Low
2328,train,Neutral,Low
2329,train,Neutral,Low
2330,train,Neutral,Low
2331,train,Neutral,Medium
2332,train,Neutral,Medium
2333,train,Neutral,Medium
2334,train,Neutral,Medium
2335,train,Neutral,Medium
2336,train,Neutral,Medium
2337,train,Neutral,Medium
2338,train,Neutral,Medium
2339,train,Neutral,Medium
2340,train,Neutral,Medium
2341,train,Neutral,Medium
2342,train,Neutral,Medium
2343,train,Neutral,Medium
2344,train,Neutral,Medium
2345,train,Neutral,Medium
2346,train,Neutral,Medium
2347,train,Neutral,Medium
2348,train,Neutral,Medium
2349,train,Neutral,Medium
2350,train,Neutral,Medium
2351,train,Neutral,Medium
2352,train,Neutral,Medium
2353,train,Neutral,Medium
2354,train,Neutral,Medium
2355,train,Neutral,Medium
2356,train,Neutral,Medium
2357,train,Neutral,Medium
2358,train,Neutral,Medium
2359,train,Neutral,Medium
2360,train,Neutral,Medium
2361,train,Neutral,Medium
2362,train,Neutral,Medium
2363,train,Neutral,Medium
2364,train,Neutral,Medium
2365,train,Neutral,Medium
2366,train,Neutral,Medium
2367,train,Neutral,Medium
2368,train,Neutral,Medium
2369,train,Neutral,Medium
2370,train,Neutral,Medium
2371,train,Negative,Medium
2372,train,Negative,Medium
2373,train,Neutral,Medium
2374,train,Neutral,Medium
2375,train,Neutral,Medium
2376,train,Neutral,Medium
2377,train,Neutral,Medium
2378,train,Neutral,Medium
2379,train,Neutral,Medium
2380,train,Neutral,Medium
2381,train,Neutral,Medium
2382,train,Neutral,Medium
2383,train,Neutral,Medium
2384,train,Negative,High
2385,train,Neutral,Medium
2386,train,Neutral,Medium
2387,train,Neutral,Medium
2388,train,Neutral,Medium
2389,train,Neutral,Medium
2390,train,Neutral,Medium
2391,train,Neutral,Medium
2392,train,Neutral,Medium
2393,train,Neutral,Medium
2394,train,Neutral,Medium
2395,train,Neutral,Medium
2396,train,Neutral,Medium
2397,train,Neutral,Medium
2398,train,Neutral,Medium
2399,train,Neutral,Medium
2400,train,Neutral,Medium
2401,train,Neutral,Low
2402,train,Neutral,Medium
2403,train,Neutral,Medium
2404,train,Neutral,Medium
2405,train,Neutral,Medium
2406,train,Neutral,Medium
2407,train,Neutral,Medium
2408,train,Neutral,Medium
2409,train,Neutral,Medium
2410,train,Neutral,Medium
2411,train,Neutral,Medium
2412,train,Neutral,Medium
2413,train,Negative,High
2414,train,Neutral,Medium
2415,train,Neutral,Medium
2416,train,Neutral,Medium
2417,train,Neutral,Medium
2418,train,Neutral,Medium
2419,train,Neutral,Medium
2420,train,Neutral,Medium
2421,train,Neutral,Medium
2422,train,Negative,Medium
2423,train,Neutral,Medium
2424,train,Neutral,Medium
2425,train,Neutral,Medium
2426,train,Neutral,Medium
2427,train,Neutral,Medium
2428,train,Neutral,Medium
2429,train,Neutral,Medium
2430,train,Neutral,Medium
2431,train,Neutral,Medium
2432,train,Neutral,Medium
2433,train,Neutral,Medium
2434,train,Neutral,Medium
2435,train,Neutral,Medium
2436,train,Neutral,Medium
2437,train,Neutral,Medium
2438,train,Neutral,Medium
2439,train,Neutral,Medium
2440,train,Neutral,Medium
2441,train,Neutral,Medium
2442,train,Neutral,Medium
2443,train,Neutral,Medium
2444,train,Neutral,Low
2445,train,Neutral,Medium
2446,train,Neutral,Medium
2447,train,Neutral,Medium
2448,train,Neutral,Medium
2449,train,Neutral,Medium
2450,train,Neutral,Medium
2451,train,Neutral,Medium
2452,train,Neutral,Medium
2453,train,Neutral,Medium
2454,train,Neutral,Medium
2455,train,Neutral,Medium
2456,train,Neutral,Medium
2457,train,Negative,High
2458,train,Neutral,Medium
2459,train,Neutral,Medium
2460,train,Neutral,Medium
2461,train,Neutral,Medium
2462,train,Neutral,Medium
2463,train,Neutral,Medium
2464,train,Negative,Medium
2465,train,Neutral,Medium
2466,train,Neutral,Medium
2467,train,Neutral,Medium
2468,train,Neutral,Medium
2469,train,Neutral,Medium
2470,train,Neutral,Medium
2471,train,Neutral,Medium
2472,train,Neutral,Medium
2473,train,Neutral,Medium
2474,train,Neutral,Medium
2475,train,Neutral,Medium
2476,train,Neutral,Medium
2477,train,Neutral,Medium
2478,train,Neutral,Medium
2479,train,Neutral,Medium
2480,train,Neutral,Medium
2481,train,Neutral,Medium
2482,train,Neutral,Medium
2483,train,Neutral,Medium
2484,train,Neutral,Medium
2485,train,Neutral,Medium
2486,train,Neutral,Medium
2487,train,Neutral,Medium
2488,train,Neutral,Medium
2489,train,Neutral,Medium
2490,train,Neutral,Medium
2491,train,Neutral,Medium
2492,train,Neutral,Medium
2493,train,Neutral,Medium
2494,train,Neutral,Medium
2495,train,Neutral,Medium
2496,train,Neutral,Medium
2497,train,Neutral,Medium
2498,train,Neutral,Medium
2499,train,Neutral,Medium
2500,train,Neutral,Medium
2501,train,Neutral,Medium
2502,train,Neutral,Medium
2503,train,Neutral,Medium
2504,train,Neutral,Medium
2505,train,Neutral,Medium
2506,train,Neutral,Medium
2507,train,Neutral,Medium
2508,train,Neutral,Medium
2509,train,Negative,Medium
2510,train,Neutral,Medium
2511,train,Neutral,Medium
2512,train,Neutral,Medium
2513,train,Neutral,Medium
2514,train,Neutral,Medium
2515,train,Neutral,Medium
2516,train,Neutral,Medium
2517,train,Neutral,Medium
2518,train,Neutral,Medium
2519,train,Neutral,Medium
2520,train,Neutral,Medium
2521,train,Neutral,Medium
2522,train,Neutral,Medium
2523,train,Neutral,Medium
2524,train,Neutral,Medium
2525,train,Neutral,Medium
2526,train,Negative,Medium
2527,train,Neutral,Medium
2528,train,Neutral,Medium
2529,train,Neutral,Medium
2530,train,Neutral,Medium
2531,train,Neutral,Medium
2532,train,Neutral,Medium
2533,train,Neutral,Medium
2534,train,Neutral,Medium
2535,train,Neutral,Medium
2536,train,Neutral,Medium
2537,train,Neutral,Medium
2538,train,Neutral,Medium
2539,train,Neutral,Medium
2540,train,Neutral,Medium
2541,train,Neutral,Medium
2542,train,Neutral,Medium
2543,train,Neutral,Medium
2544,train,Neutral,Medium
2545,train,Neutral,Medium
2546,train,Neutral,Medium
2547,train,Neutral,Medium
2548,train,Neutral,Medium
2549,train,Neutral,Medium
2550,train,Negative,Medium
2551,train,Neutral,Medium
2552,train,Neutral,Medium
2553,train,Neutral,Medium
2554,train,Neutral,Medium
2555,train,Neutral,Medium
2556,train,Neutral,Medium
2557,train,Neutral,Medium
2558,train,Neutral,Medium
2559,train,Neutral,Medium
2560,train,Neutral,Medium
2561,train,Neutral,Low
2562,train,Neutral,Medium
2563,train,Neutral,Medium
2564,train,Neutral,Medium
2565,train,Neutral,Medium
2566,train,Neutral,Medium
2567,train,Neutral,Medium
2568,train,Neutral,Medium
2569,train,Neutral,Medium
2570,train,Neutral,Medium
2571,train,Negative,Medium
2572,train,Neutral,Medium
2573,train,Neutral,Low
2574,train,Neutral,Medium
2575,train,Neutral,Medium
2576,train,Neutral,Medium
2577,train,Neutral,Medium
2578,train,Neutral,Medium
2579,train,Neutral,Medium
2580,train,Neutral,Medium
2581,train,Neutral,Medium
2582,train,Neutral,Medium
2583,train,Neutral,Medium
2584,train,Neutral,Medium
2585,train,Neutral,Medium
2586,train,Neutral,Medium
2587,train,Neutral,Medium
2588,train,Neutral,Medium
2589,train,Neutral,Medium
2590,train,Neutral,Medium
2591,train,Neutral,Medium
2592,train,Neutral,Medium
2593,train,Neutral,Medium
2594,train,Neutral,Medium
2595,train,Neutral,Medium
2596,train,Neutral,Medium
2597,train,Neutral,Medium
2598,train,Neutral,Medium
2599,train,Neutral,Medium
2600,train,Neutral,Medium
2601,train,Neutral,Medium
2602,train,Neutral,Medium
2603,train,Neutral,Medium
2604,train,Neutral,Medium
2605,train,Neutral,Medium
2606,train,Neutral,Medium
2607,train,Neutral,Medium
2608,train,Neutral,Medium
2609,train,Neutral,Medium
2610,train,Neutral,Medium
2611,train,Neutral,Medium
2612,train,Neutral,Medium
2613,train,Neutral,Medium
2614,train,Neutral,Medium
2615,train,Neutral,Medium
2616,train,Neutral,Medium
2617,train,Neutral,Medium
2618,train,Neutral,Medium
2619,train,Neutral,Medium
2620,train,Neutral,Medium
2621,train,Neutral,Medium
2622,train,Neutral,Medium
2623,train,Neutral,Medium
2624,train,Neutral,Medium
2625,train,Neutral,Medium
2626,train,Neutral,Medium
2627,train,Neutral,Medium
2628,train,Neutral,Medium
2629,train,Neutral,Medium
2630,train,Neutral,Medium
2631,train,Neutral,Medium
2632,train,Neutral,Medium
2633,train,Neutral,Low
2634,train,Neutral,Medium
2635,train,Neutral,Medium
2636,train,Neutral,Medium
2637,train,Neutral,Low
2638,train,Neutral,Medium
2639,train,Neutral,Medium
2640,train,Neutral,Medium
2641,train,Neutral,Medium
2642,train,Neutral,Low
2643,train,Neutral,Medium
2644,train,Neutral,Medium
2645,train,Neutral,Medium
2646,train,Neutral,Medium
2647,train,Neutral,Medium
2648,train,Neutral,Low
2649,train,Neutral,Medium
2650,train,Neutral,Medium
2651,train,Neutral,Low
2652,train,Neutral,Medium
2653,train,Neutral,Medium
2654,train,Neutral,Medium
2655,train,Neutral,Low
2656,train,Neutral,Medium
2657,train,Neutral,Medium
2658,train,Neutral,Low
2659,train,Neutral,Medium
2660,train,Neutral,Low
2661,train,Neutral,Medium
2662,train,Neutral,Medium
2663,train,Neutral,Medium
2664,train,Neutral,Medium
2665,train,Negative,Medium
2666,train,Neutral,Medium
2667,train,Neutral,Low
2668,train,Neutral,Medium
2669,train,Neutral,Medium
2670,train,Neutral,Medium
2671,train,Neutral,Medium
2672,train,Neutral,Medium
2673,train,Neutral,Low
2674,train,Neutral,Medium
2675,train,Neutral,Medium
2676,train,Neutral,Medium
2677,train,Neutral,Low
2678,train,Neutral,Medium
2679,train,Neutral,Medium
2680,train,Neutral,Medium
2681,train,Neutral,Medium
2682,train,Neutral,Medium
2683,train,Neutral,Medium
2684,train,Neutral,Medium
2685,train,Neutral,Medium
2686,train,Neutral,Medium
2687,train,Neutral,Low
2688,train,Neutral,Medium
2689,train,Neutral,Medium
2690,train,Neutral,Medium
2691,train,Neutral,Low
2692,train,Neutral,Medium
2693,train,Neutral,Medium
2694,train,Neutral,Medium
2695,train,Neutral,Low
2696,train,Negative,Medium
2697,train,Neutral,Low
2698,train,Negative,Medium
2699,train,Neutral,High
2700,train,Neutral,Medium
2701,train,Neutral,Medium
2702,train,Neutral,Medium
2703,train,Neutral,Medium
2704,train,Neutral,Medium
2705,train,Neutral,Medium
2706,train,Neutral,Medium
2707,train,Neutral,Medium
2708,train,Neutral,Medium
2709,train,Neutral,Medium
2710,train,Neutral,Medium
2711,train,Neutral,Medium
2712,train,Neutral,Medium
2713,train,Neutral,Medium
2714,train,Neutral,Medium
2715,train,Neutral,Medium
2716,train,Neutral,Medium
2717,train,Neutral,Medium
2718,train,Neutral,Medium
2719,train,Neutral,High
2720,train,Neutral,High
2721,train,Neutral,High
2722,train,Neutral,High
2723,train,Neutral,High
2724,train,Neutral,High
2725,train,Neutral,High
2726,train,Neutral,High
2727,train,Neutral,High
2728,train,Neutral,High
2729,train,Neutral,High
2730,train,Neutral,Medium
2731,train,Neutral,High
2732,train,Neutral,Medium
2733,train,Neutral,Medium
2734,train,Neutral,High
2735,train,Neutral,High
2736,train,Neutral,High
2737,train,Neutral,High
2738,train,Neutral,High
2739,train,Neutral,High
2740,train,Neutral,Medium
2741,train,Neutral,Medium
2742,train,Neutral,Medium
2743,train,Neutral,Medium
2744,train,Neutral,High
2745,train,Neutral,Medium
2746,train,Neutral,Low
2747,train,Neutral,Medium
2748,train,Neutral,High
2749,train,Neutral,Medium
2750,train,Neutral,Medium
2751,train,Neutral,Medium
2752,train,Neutral,Medium
2753,train,Negative,Medium
2754,train,Neutral,Medium
2755,train,Neutral,Medium
2756,train,Neutral,Medium
2757,train,Neutral,Medium
2758,train,Neutral,Medium
2759,train,Neutral,Medium
2760,train,Neutral,Medium
2761,train,Neutral,Medium
2762,train,Neutral,Medium
2763,train,Neutral,Medium
2764,train,Neutral,Medium
2765,train,Neutral,Medium
2766,train,Neutral,Medium
2767,train,Neutral,Medium
2768,train,Neutral,Medium
2769,train,Neutral,Medium
2770,train,Neutral,Medium
2771,train,Neutral,Low
2772,train,Neutral,Low
2773,train,Neutral,Medium
2774,train,Neutral,Medium
2775,train,Neutral,Medium
2776,train,Neutral,Medium
2777,train,Neutral,Medium
2778,train,Negative,Medium
2779,train,Neutral,Medium
2780,train,Neutral,Medium
2781,train,Neutral,Medium
2782,train,Neutral,Medium
2783,train,Neutral,Medium
2784,train,Neutral,Medium
2785,train,Neutral,Medium
2786,train,Neutral,Medium
2787,train,Neutral,Medium
2788,train,Neutral,Medium
2789,train,Neutral,Low
2790,train,Neutral,Medium
2791,train,Neutral,Medium
2792,train,Neutral,Medium
2793,train,Neutral,Medium
2794,train,Neutral,Low
2795,train,Neutral,Medium
2796,train,Neutral,Medium
2797,train,Neutral,Medium
2798,train,Neutral,Medium
2799,train,Neutral,Medium
2800,train,Neutral,Medium
2801,train,Neutral,Medium
2802,train,Neutral,Medium
2803,train,Neutral,Medium
2804,train,Neutral,Medium
2805,train,Neutral,Medium
2806,train,Neutral,Medium
2807,train,Neutral,Medium
2808,train,Neutral,Medium
2809,train,Neutral,Medium
2810,train,Neutral,Medium
2811,train,Neutral,Medium
2812,train,Neutral,Medium
2813,train,Neutral,Medium
2814,train,Neutral,Medium
2815,train,Neutral,Medium
2816,train,Neutral,Low
2817,train,Neutral,Medium
2818,train,Neutral,Medium
2819,train,Neutral,Medium
2820,train,Neutral,Medium
2821,train,Neutral,Medium
2822,train,Neutral,Medium
2823,train,Neutral,Medium
2824,train,Neutral,Medium
2825,train,Negative,Medium
2826,train,Neutral,Medium
2827,train,Neutral,Medium
2828,train,Neutral,Medium
2829,train,Neutral,Medium
2830,train,Neutral,Medium
2831,train,Neutral,Medium
2832,train,Neutral,Medium
2833,train,Neutral,Medium
2834,train,Neutral,Medium
2835,train,Neutral,Medium
2836,train,Neutral,Medium
2837,train,Neutral,Medium
2838,train,Neutral,Medium
2839,train,Neutral,Medium
2840,train,Neutral,Medium
2841,train,Neutral,Medium
2842,train,Neutral,High
2843,train,Neutral,Medium
2844,train,Neutral,Medium
2845,train,Neutral,Medium
2846,train,Negative,Medium
2847,train,Neutral,Medium
2848,train,Neutral,Medium
2849,train,Neutral,Medium
2850,train,Neutral,Medium
2851,train,Neutral,Medium
2852,train,Neutral,High
2853,train,Neutral,Medium
2854,train,Neutral,Medium
2855,train,Neutral,Medium
2856,train,Neutral,Medium
2857,train,Neutral,Medium
2858,train,Neutral,Medium
2859,train,Neutral,Medium
2860,train,Neutral,Low
2861,train,Neutral,Medium
2862,train,Neutral,Medium
2863,train,Neutral,Low
2864,train,Neutral,High
2865,train,Neutral,Medium
2866,train,Neutral,Medium
2867,train,Neutral,Medium
2868,train,Neutral,High
2869,train,Neutral,Low
2870,train,Neutral,Low
2871,train,Neutral,Low
2872,train,Neutral,Low
2873,train,Neutral,Low
2874,train,Neutral,Low
2875,train,Neutral,Low
2876,train,Neutral,Low
2877,train,Neutral,Low
2878,train,Neutral,Low
2879,train,Neutral,Low
2880,train,Neutral,Low
2881,train,Neutral,Low
2882,train,Neutral,Low
2883,train,Neutral,Low
2884,train,Neutral,Low
2885,train,Neutral,Low
2886,train,Neutral,Low
2887,train,Neutral,Low
2888,train,Neutral,Low
2889,train,Neutral,Low
2890,train,Neutral,Low
2891,train,Neutral,Low
2892,train,Neutral,Low
2893,train,Neutral,Low
2894,train,Neutral,Low
2895,train,Neutral,Low
2896,train,Neutral,Low
2897,train,Neutral,Low
2898,train,Neutral,Low
2899,train,Neutral,Low
2900,train,Neutral,Low
2901,train,Neutral,Low
2902,train,Neutral,Low
2903,train,Neutral,Low
2904,train,Neutral,Low
2905,train,Neutral,Low
2906,train,Neutral,Low
2907,train,Neutral,Low
2908,train,Neutral,Low
2909,train,Neutral,Low
2910,train,Neutral,Low
2911,train,Neutral,Low
2912,train,Neutral,Low
2913,train,Neutral,Low
2914,train,Neutral,Low
2915,train,Neutral,Low
2916,train,Neutral,Low
2917,train,Neutral,Medium
2918,train,Neutral,Low
2919,train,Neutral,Low
2920,train,Neutral,Low
2921,train,Neutral,Low
2922,train,Neutral,Low
2923,train,Neutral,Low
2924,train,Neutral,Low
2925,train,Neutral,Low
2926,train,Neutral,Low
2927,train,Neutral,Low
2928,train,Neutral,Low
2929,train,Neutral,Low
2930,train,Neutral,Low
2931,train,Neutral,Low
2932,train,Neutral,Low
2933,train,Neutral,Low
2934,train,Neutral,Low
2935,train,Neutral,Low
2936,train,Neutral,Low
2937,train,Neutral,Low
2938,train,Neutral,Low
2939,train,Neutral,Low
2940,train,Neutral,Low
2941,train,Neutral,Low
2942,train,Neutral,Low
2943,train,Neutral,Low
2944,train,Neutral,Low
2945,train,Neutral,Low
2946,train,Neutral,Low
2947,train,Neutral,Low
2948,train,Neutral,Low
2949,train,Neutral,Low
2950,train,Neutral,Low
2951,train,Neutral,Low
2952,train,Neutral,Low
2953,train,Neutral,Low
2954,train,Neutral,Low
2955,train,Neutral,Low
2956,train,Neutral,Low
2957,train,Neutral,Low
2958,train,Neutral,Low
2959,train,Neutral,Low
2960,train,Neutral,Low
2961,train,Neutral,Low
2962,train,Neutral,Low
2963,train,Neutral,Low
2964,train,Neutral,Low
2965,train,Neutral,Low
2966,train,Neutral,Low
2967,train,Neutral,Low
2968,train,Neutral,Low
2969,train,Neutral,Low
2970,train,Neutral,Low
2971,train,Neutral,Low
2972,train,Neutral,Low
2973,train,Neutral,Low
2974,train,Neutral,Low
2975,train,Neutral,Low
2976,train,Neutral,Low
2977,train,Neutral,Low
2978,train,Neutral,Low
2979,train,Neutral,Low
2980,train,Neutral,Low
2981,train,Neutral,Low
2982,train,Neutral,Low
2983,train,Neutral,Low
2984,train,Neutral,Low
2985,train,Neutral,Low
2986,train,Neutral,Low
2987,train,Neutral,Low
2988,train,Neutral,Low
2989,train,Neutral,Low
2990,train,Neutral,Low
2991,train,Neutral,Low
2992,train,Neutral,Low
2993,train,Neutral,Low
2994,train,Neutral,Low
2995,train,Neutral,Low
2996,train,Neutral,Low
2997,train,Neutral,Low
2998,train,Neutral,Low
2999,train,Neutral,Low
3000,train,Neutral,Low
3001,train,Negative,Low
3002,train,Neutral,Low
3003,train,Neutral,Low
3004,train,Neutral,Low
3005,train,Neutral,Low
3006,train,Neutral,Low
3007,train,Neutral,Low
3008,train,Neutral,Low
3009,train,Neutral,Low
3010,train,Neutral,Low
3011,train,Neutral,Low
3012,train,Neutral,Low
3013,train,Neutral,Low
3014,train,Neutral,Low
3015,train,Neutral,Low
3016,train,Neutral,Low
3017,train,Neutral,Low
3018,train,Neutral,Low
3019,train,Neutral,Low
3020,train,Neutral,Low
3021,train,Neutral,Low
3022,train,Neutral,Low
3023,train,Neutral,Low
3024,train,Neutral,Low
3025,train,Neutral,Low
3026,train,Neutral,Low
3027,train,Neutral,Low
3028,train,Neutral,Low
3029,train,Neutral,Low
3030,train,Neutral,Low
3031,train,Neutral,Low
3032,train,Neutral,Low
3033,train,Neutral,Low
3034,train,Neutral,Low
3035,train,Neutral,Low
3036,train,Neutral,Low
3037,train,Neutral,Low
3038,train,Neutral,Low
3039,train,Neutral,Low
3040,train,Neutral,Low
3041,train,Neutral,Low
3042,train,Neutral,Low
3043,train,Neutral,Low
3044,train,Neutral,Low
3045,train,Neutral,Low
3046,train,Neutral,Low
3047,train,Neutral,Low
3048,train,Neutral,Low
3049,train,Neutral,Low
3050,train,Neutral,Low
3051,train,Neutral,Low
3052,train,Neutral,Low
3053,train,Neutral,Low
3054,train,Neutral,Low
3055,train,Neutral,Low
3056,train,Neutral,Low
3057,train,Neutral,Low
3058,train,Neutral,Low
3059,train,Neutral,Low
3060,train,Neutral,Low
3061,train,Neutral,Low
3062,train,Neutral,Low
3063,train,Neutral,Low
3064,train,Neutral,Low
3065,train,Neutral,Low
3066,train,Neutral,Low
3067,train,Neutral,Low
3068,train,Neutral,Low
3069,train,Neutral,Low
3070,train,Neutral,Low
3071,train,Neutral,Low
3072,train,Neutral,Low
3073,train,Neutral,Low
3074,train,Neutral,Low
3075,train,Neutral,Low
3076,train,Neutral,Medium
3077,train,Neutral,Low
3078,train,Neutral,Low
3079,train,Neutral,Low
3080,train,Neutral,Low
3081,train,Neutral,Low
3082,train,Neutral,Low
3083,train,Neutral,Low
3084,train,Neutral,Low
3085,train,Neutral,Low
3086,train,Neutral,Low
3087,train,Neutral,Low
3088,train,Neutral,Low
3089,train,Neutral,Low
3090,train,Neutral,Low
3091,train,Neutral,Low
3092,train,Neutral,Low
3093,train,Neutral,Low
3094,train,Neutral,Low
3095,train,Neutral,Low
3096,train,Neutral,Low
3097,train,Neutral,Low
3098,train,Neutral,Low
3099,train,Neutral,Low
3100,train,Neutral,Low
3101,train,Neutral,Low
3102,train,Neutral,Low
3103,train,Neutral,Low
3104,train,Neutral,Low
3105,train,Neutral,Low
3106,train,Neutral,Low
3107,train,Neutral,Low
3108,train,Neutral,Low
3109,train,Neutral,Low
3110,train,Neutral,Low
3111,train,Neutral,Low
3112,train,Neutral,Low
3113,train,Neutral,Low
3114,train,Neutral,Low
3115,train,Neutral,Low
3116,train,Neutral,Low
3117,train,Neutral,Low
3118,train,Neutral,Low
3119,train,Neutral,Low
3120,train,Neutral,Low
3121,train,Neutral,Low
3122,train,Neutral,Low
3123,train,Neutral,Low
3124,train,Neutral,Low
3125,train,Neutral,Low
3126,train,Neutral,Low
3127,train,Neutral,Low
3128,train,Neutral,Low
3129,train,Neutral,Low
3130,train,Neutral,Low
3131,train,Neutral,Low
3132,train,Neutral,Low
3133,train,Neutral,Low
3134,train,Neutral,Low
3135,train,Neutral,Low
3136,train,Neutral,Low
3137,train,Neutral,Low
3138,train,Neutral,Low
3139,train,Neutral,Low
3140,train,Neutral,Low
3141,train,Neutral,Low
3142,train,Neutral,Low
3143,train,Neutral,Low
3144,train,Neutral,Low
3145,train,Neutral,Low
3146,train,Neutral,Low
3147,train,Neutral,Low
3148,train,Neutral,Low
3149,train,Neutral,Low
3150,train,Neutral,Low
3151,train,Neutral,Low
3152,train,Neutral,Low
3153,train,Neutral,Low
3154,train,Neutral,Low
3155,train,Negative,Medium
3156,train,Neutral,Low
3157,train,Negative,Medium
3158,train,Neutral,Low
3159,train,Neutral,Low
3160,train,Neutral,Low
3161,train,Neutral,Medium
3162,train,Negative,Medium
3163,train,Neutral,Medium
3164,train,Neutral,Medium
3165,train,Negative,Medium
3166,train,Neutral,Medium
3167,train,Neutral,Medium
3168,train,Neutral,Medium
3169,train,Negative,Medium
3170,train,Neutral,Medium
3171,train,Neutral,Medium
3172,train,Neutral,Medium
3173,train,Negative,Medium
3174,train,Negative,Medium
3175,train,Negative,Medium
3176,train,Neutral,Medium
3177,train,Neutral,Medium
3178,train,Neutral,Low
3179,train,Neutral,Medium
3180,train,Negative,Medium
3181,train,Neutral,Medium
3182,train,Neutral,Medium
3183,train,Neutral,Medium
3184,train,Neutral,Medium
3185,train,Neutral,Medium
3186,train,Neutral,Medium
3187,train,Negative,Medium
3188,train,Neutral,Medium
3189,train,Neutral,Medium
3190,train,Neutral,Medium
3191,train,Neutral,Medium
3192,train,Negative,Medium
3193,train,Neutral,Medium
3194,train,Neutral,Low
3195,train,Neutral,Medium
3196,train,Neutral,Medium
3197,train,Negative,Medium
3198,train,Neutral,High
3199,train,Neutral,Medium
3200,train,Neutral,Medium
3201,train,Neutral,Medium
3202,train,Negative,Medium
3203,train,Neutral,Medium
3204,train,Neutral,Medium
3205,train,Neutral,Medium
3206,train,Neutral,Medium
3207,train,Neutral,Medium
3208,train,Neutral,Medium
3209,train,Neutral,Medium
3210,train,Neutral,Medium
3211,train,Neutral,Medium
3212,train,Neutral,Medium
3213,train,Neutral,High
3214,train,Neutral,Medium
3215,train,Neutral,Medium
3216,train,Neutral,Medium
3217,train,Neutral,Medium
3218,train,Neutral,Medium
3219,train,Neutral,Medium
3220,train,Neutral,Low
3221,train,Neutral,Low
3222,train,Neutral,Low
3223,train,Neutral,Low
3224,train,Negative,Low
3225,train,Neutral,Low
3226,train,Neutral,Low
3227,train,Negative,Low
3228,train,Neutral,Low
3229,train,Neutral,Low
3230,train,Neutral,Low
3231,train,Neutral,Low
3232,train,Neutral,Low
3233,train,Neutral,Low
3234,train,Negative,Low
3235,train,Negative,Low
3236,train,Neutral,Low
3237,train,Neutral,Low
3238,train,Negative,Low
3239,train,Neutral,Low
3240,train,Neutral,Medium
3241,train,Neutral,Medium
3242,train,Neutral,Medium
3243,train,Neutral,Medium
3244,train,Neutral,Medium
3245,train,Neutral,Medium
3246,train,Neutral,Medium
3247,train,Neutral,Medium
3248,train,Neutral,Medium
3249,train,Neutral,Medium
3250,train,Neutral,Medium
3251,train,Neutral,Medium
3252,train,Neutral,Medium
3253,train,Neutral,Medium
3254,train,Neutral,Low
3255,train,Neutral,Medium
3256,train,Neutral,Low
3257,train,Negative,Medium
3258,train,Neutral,Medium
3259,train,Negative,Medium
3260,train,Neutral,Low
3261,train,Neutral,Low
3262,train,Neutral,Low
3263,train,Neutral,Low
3264,train,Neutral,Low
3265,train,Neutral,Low
3266,train,Neutral,Low
3267,train,Neutral,Low
3268,train,Neutral,Low
3269,train,Neutral,Low
3270,train,Neutral,Low
3271,train,Neutral,Low
3272,train,Neutral,Low
3273,train,Neutral,Low
3274,train,Neutral,Low
3275,train,Neutral,Low
3276,train,Negative,Low
3277,train,Neutral,Low
3278,train,Neutral,Low
3279,train,Neutral,Low
3280,train,Negative,Medium
3281,train,Neutral,Low
3282,train,Neutral,Low
3283,train,Negative,Medium
3284,train,Negative,Medium
3285,train,Negative,Medium
3286,train,Neutral,Low
3287,train,Negative,Medium
3288,train,Negative,Medium
3289,train,Negative,Medium
3290,train,Negative,Medium
3291,train,Neutral,Low
3292,train,Negative,Medium
3293,train,Neutral,Low
3294,train,Neutral,Low
3295,train,Neutral,Low
3296,train,Neutral,Medium
3297,train,Neutral,Low
3298,train,Negative,Medium
3299,train,Neutral,Low
3300,train,Neutral,Low
3301,train,Neutral,Medium
3302,train,Neutral,Medium
3303,train,Neutral,Medium
3304,train,Neutral,Medium
3305,train,Neutral,Medium
3306,train,Neutral,Medium
3307,train,Neutral,Medium
3308,train,Neutral,Medium
3309,train,Neutral,Medium
3310,train,Neutral,Medium
3311,train,Neutral,Medium
3312,train,Neutral,Medium
3313,train,Neutral,Medium
3314,train,Neutral,Medium
3315,train,Neutral,Medium
3316,train,Neutral,Medium
3317,train,Neutral,Medium
3318,train,Neutral,Medium
3319,train,Neutral,Medium
3320,train,Neutral,Medium
3321,train,Neutral,Medium
3322,train,Neutral,Medium
3323,train,Neutral,Medium
3324,train,Neutral,Medium
3325,train,Neutral,Medium
3326,train,Neutral,Medium
3327,train,Neutral,Medium
3328,train,Neutral,Medium
3329,train,Neutral,Medium
3330,train,Neutral,Medium
3331,train,Neutral,Low
3332,train,Neutral,Low
3333,train,Neutral,Medium
3334,train,Neutral,Low
3335,train,Neutral,Medium
3336,train,Neutral,Medium
3337,train,Neutral,Medium
3338,train,Neutral,Medium
3339,train,Neutral,Medium
3340,train,Neutral,Medium
3341,train,Neutral,Medium
3342,train,Neutral,Medium
3343,train,Neutral,Medium
3344,train,Neutral,Medium
3345,train,Neutral,Medium
3346,train,Neutral,Medium
3347,train,Neutral,Medium
3348,train,Neutral,Medium
3349,train,Neutral,Medium
3350,train,Neutral,Medium
3351,train,Neutral,Medium
3352,train,Neutral,Medium
3353,train,Neutral,Medium
3354,train,Negative,Medium
3355,train,Neutral,Medium
3356,train,Neutral,Medium
3357,train,Neutral,Medium
3358,train,Neutral,Low
3359,train,Neutral,Low
3360,train,Neutral,Medium
3361,train,Neutral,Medium
3362,train,Negative,Medium
3363,train,Neutral,Medium
3364,train,Neutral,Low
3365,train,Neutral,Medium
3366,train,Neutral,Medium
3367,train,Neutral,Medium
3368,train,Neutral,Medium
3369,train,Neutral,Medium
3370,train,Neutral,Medium
3371,train,Neutral,Medium
3372,train,Neutral,Medium
3373,train,Neutral,Medium
3374,train,Neutral,Medium
3375,train,Negative,Medium
3376,train,Neutral,Medium
3377,train,Neutral,Medium
3378,train,Neutral,Medium
3379,train,Neutral,Medium
3380,train,Neutral,Medium
3381,train,Neutral,Medium
3382,train,Neutral,Medium
3383,train,Neutral,Medium
3384,train,Neutral,Medium
3385,train,Neutral,Medium
3386,train,Neutral,Medium
3387,train,Negative,Medium
3388,train,Neutral,Medium
3389,train,Neutral,Medium
3390,train,Neutral,Medium
3391,train,Neutral,Medium
3392,train,Neutral,Medium
3393,train,Neutral,Medium
3394,train,Neutral,Medium
3395,train,Neutral,Medium
3396,train,Neutral,Medium
3397,train,Neutral,Medium
3398,train,Neutral,Medium
3399,train,Neutral,Medium
3400,train,Neutral,Medium
3401,train,Neutral,Medium
3402,train,Neutral,Low
3403,train,Neutral,Medium
3404,train,Neutral,Medium
3405,train,Neutral,Medium
3406,train,Neutral,Medium
3407,train,Neutral,Medium
3408,train,Negative,Medium
3409,train,Neutral,Medium
3410,train,Neutral,Medium
3411,train,Neutral,Medium
3412,train,Neutral,Medium
3413,train,Negative,Medium
3414,train,Neutral,Medium
3415,train,Neutral,Medium
3416,train,Negative,Medium
3417,train,Neutral,Medium
3418,train,Negative,Medium
3419,train,Neutral,Medium
3420,train,Neutral,Medium
3421,train,Neutral,Medium
3422,train,Neutral,Medium
3423,train,Neutral,Medium
3424,train,Neutral,Medium
3425,train,Neutral,Medium
3426,train,Neutral,Medium
3427,train,Neutral,Medium
3428,train,Neutral,Medium
3429,train,Neutral,Medium
3430,train,Neutral,Medium
3431,train,Neutral,Medium
3432,train,Neutral,Medium
3433,train,Neutral,Medium
3434,train,Neutral,Medium
3435,train,Neutral,Medium
3436,train,Neutral,Medium
3437,train,Neutral,Medium
3438,train,Neutral,Medium
3439,train,Neutral,Medium
3440,train,Neutral,Low
3441,train,Neutral,Medium
3442,train,Neutral,Low
3443,train,Negative,Medium
3444,train,Neutral,Low
3445,train,Neutral,Low
3446,train,Negative,High
3447,train,Negative,Medium
3448,train,Neutral,Medium
3449,train,Neutral,Medium
3450,train,Neutral,Low
3451,train,Neutral,Low
3452,train,Neutral,Medium
3453,train,Neutral,Medium
3454,train,Neutral,Low
3455,train,Neutral,Medium
3456,train,Neutral,Low
3457,train,Neutral,Low
3458,train,Neutral,Medium
3459,train,Neutral,Medium
3460,train,Neutral,Medium
3461,train,Neutral,Medium
3462,train,Negative,Medium
3463,train,Neutral,Medium
3464,train,Neutral,Medium
3465,train,Neutral,Low
3466,train,Negative,High
3467,train,Neutral,Medium
3468,train,Neutral,Medium
3469,train,Neutral,Medium
3470,train,Neutral,Medium
3471,train,Neutral,Medium
3472,train,Negative,Medium
3473,train,Neutral,Medium
3474,train,Neutral,Medium
3475,train,Neutral,Medium
3476,train,Negative,Medium
3477,train,Neutral,Medium
3478,train,Neutral,Low
3479,train,Neutral,Medium
3480,train,Negative,Medium
3481,train,Neutral,Medium
3482,train,Neutral,High
3483,train,Neutral,High
3484,train,Neutral,High
3485,train,Negative,High
3486,train,Neutral,High
3487,train,Neutral,High
3488,train,Neutral,High
3489,train,Negative,High
3490,train,Negative,High
3491,train,Neutral,High
3492,train,Neutral,High
3493,train,Neutral,High
3494,train,Neutral,High
3495,train,Neutral,High
3496,train,Neutral,High
3497,train,Neutral,Low
3498,train,Neutral,High
3499,train,Negative,High
3500,train,Negative,High
3501,train,Negative,High
3502,train,Neutral,High
3503,train,Neutral,High
3504,train,Neutral,High
3505,train,Neutral,High
3506,train,Neutral,High
3507,train,Neutral,High
3508,train,Neutral,High
3509,train,Neutral,High
3510,train,Neutral,High
3511,train,Neutral,High
3512,train,Neutral,High
3513,train,Neutral,High
3514,train,Neutral,High
3515,train,Neutral,High
3516,train,Neutral,High
3517,train,Negative,High
3518,train,Neutral,High
3519,train,Neutral,High
3520,train,Negative,High
3521,train,Neutral,High
3522,train,Neutral,High
3523,train,Negative,High
3524,train,Neutral,High
3525,train,Neutral,High
3526,train,Negative,High
3527,train,Negative,High
3528,train,Neutral,High
3529,train,Neutral,High
3530,train,Neutral,High
3531,train,Neutral,High
3532,train,Negative,High
3533,train,Negative,High
3534,train,Neutral,High
3535,train,Negative,High
3536,train,Negative,High
3537,train,Negative,High
3538,train,Negative,High
3539,train,Negative,High
3540,train,Neutral,High
3541,train,Negative,High
3542,train,Negative,High
3543,train,Negative,High
3544,train,Neutral,High
3545,train,Negative,High
3546,train,Neutral,High
3547,train,Neutral,High
3548,train,Negative,High
3549,train,Negative,High
3550,train,Neutral,High
3551,train,Neutral,High
3552,train,Neutral,High
3553,train,Neutral,High
3554,train,Neutral,High
3555,train,Neutral,High
3556,train,Negative,High
3557,train,Negative,High
3558,train,Negative,High
3559,train,Negative,High
3560,train,Neutral,High
3561,train,Neutral,High
3562,train,Neutral,High
3563,train,Neutral,High
3564,train,Neutral,High
3565,train,Neutral,High
3566,train,Neutral,High
3567,train,Neutral,High
3568,train,Neutral,High
3569,train,Neutral,High
3570,train,Neutral,High
3571,train,Neutral,High
3572,train,Neutral,High
3573,train,Neutral,High
3574,train,Neutral,High
3575,train,Neutral,High
3576,train,Neutral,High
3577,train,Neutral,High
3578,train,Neutral,High
3579,train,Neutral,High
3580,train,Negative,High
3581,train,Neutral,High
3582,train,Neutral,High
3583,train,Negative,High
3584,train,Negative,High
3585,train,Neutral,High
3586,train,Neutral,High
3587,train,Neutral,High
3588,train,Neutral,High
3589,train,Neutral,High
3590,train,Neutral,High
3591,train,Negative,High
3592,train,Neutral,High
3593,train,Neutral,High
3594,train,Negative,High
3595,train,Negative,High
3596,train,Negative,High
3597,train,Negative,High
3598,train,Neutral,High
3599,train,Negative,High
3600,train,Neutral,High
3601,train,Neutral,High
3602,train,Neutral,High
3603,train,Neutral,High
3604,train,Neutral,High
3605,train,Neutral,High
3606,train,Neutral,High
3607,train,Neutral,High
3608,train,Neutral,High
3609,train,Neutral,High
3610,train,Neutral,High
3611,train,Neutral,High
3612,train,Neutral,High
3613,train,Neutral,High
3614,train,Neutral,High
3615,train,Neutral,High
3616,train,Neutral,High
3617,train,Neutral,High
3618,train,Neutral,High
3619,train,Neutral,High
3620,train,Negative,High
3621,train,Neutral,High
3622,train,Neutral,High
3623,train,Negative,High
3624,train,Negative,High
3625,train,Negative,High
3626,train,Neutral,High
3627,train,Negative,High
3628,train,Neutral,High
3629,train,Neutral,High
3630,train,Neutral,High
3631,train,Negative,High
3632,train,Neutral,High
3633,train,Negative,High
3634,train,Neutral,High
3635,train,Neutral,High
3636,train,Neutral,High
3637,train,Negative,High
3638,train,Neutral,High
3639,train,Negative,High
3640,train,Neutral,High
3641,train,Negative,High
3642,train,Negative,High
3643,train,Neutral,High
3644,train,Negative,High
3645,train,Negative,High
3646,train,Neutral,High
3647,train,Negative,High
3648,train,Negative,High
3649,train,Neutral,High
3650,train,Neutral,Low
3651,train,Neutral,Low
3652,train,Neutral,Low
3653,train,Neutral,Low
3654,train,Neutral,Low
3655,train,Neutral,Low
3656,train,Neutral,Low
3657,train,Neutral,Low
3658,train,Neutral,Low
3659,train,Neutral,Low
3660,train,Neutral,Low
3661,train,Neutral,Low
3662,train,Neutral,Low
3663,train,Neutral,Low
3664,train,Neutral,Low
3665,train,Neutral,Low
3666,train,Neutral,Low
3667,train,Neutral,Low
3668,train,Neutral,Low
3669,train,Neutral,Low
3670,train,Neutral,Low
3671,train,Neutral,Low
3672,train,Neutral,Low
3673,train,Neutral,Low
3674,train,Neutral,Low
3675,train,Neutral,Low
3676,train,Neutral,Low
3677,train,Neutral,Low
3678,train,Neutral,Low
3679,train,Neutral,Low
3680,train,Neutral,Low
3681,train,Neutral,Low
3682,train,Neutral,Low
3683,train,Neutral,Low
3684,train,Neutral,Low
3685,train,Neutral,Low
3686,train,Neutral,Low
3687,train,Neutral,Low
3688,train,Neutral,Low
3689,train,Neutral,Low
3690,train,Neutral,Low
3691,train,Neutral,Low
3692,train,Neutral,Low
3693,train,Neutral,Low
3694,train,Neutral,Low
3695,train,Neutral,Low
3696,train,Neutral,Low
3697,train,Neutral,Low
3698,train,Neutral,Low
3699,train,Neutral,Low
3700,train,Neutral,Low
3701,train,Neutral,Low
3702,train,Neutral,Low
3703,train,Neutral,Low
3704,train,Neutral,Low
3705,train,Neutral,Low
3706,train,Neutral,Low
3707,train,Neutral,Low
3708,train,Neutral,Low
3709,train,Neutral,Low
3710,train,Neutral,Low
3711,train,Neutral,Low
3712,train,Neutral,Low
3713,train,Neutral,Low
3714,train,Neutral,Low
3715,train,Neutral,Low
3716,train,Neutral,Low
3717,train,Neutral,Low
3718,train,Neutral,Low
3719,train,Neutral,Low
3720,train,Neutral,Low
3721,train,Neutral,Low
3722,train,Neutral,Low
3723,train,Neutral,Low
3724,train,Neutral,Low
3725,train,Neutral,Low
3726,train,Neutral,Low
3727,train,Neutral,Low
3728,train,Neutral,Low
3729,train,Neutral,Low
3730,train,Neutral,Low
3731,train,Neutral,Low
3732,train,Neutral,Low
3733,train,Neutral,Low
3734,train,Neutral,Low
3735,train,Neutral,Low
3736,train,Neutral,Low
3737,train,Neutral,Low
3738,train,Neutral,Low
3739,train,Neutral,Low
3740,train,Neutral,Low
3741,train,Neutral,Low
3742,train,Neutral,Low
3743,train,Neutral,Low
3744,train,Neutral,Low
3745,train,Neutral,Low
3746,train,Neutral,Low
3747,train,Neutral,Low
3748,train,Neutral,Low
3749,train,Neutral,Low
3750,train,Neutral,Low
3751,train,Neutral,Low
3752,train,Neutral,Low
3753,train,Neutral,Low
3754,train,Neutral,Low
3755,train,Neutral,Low
3756,train,Neutral,Low
3757,train,Neutral,Low
3758,train,Neutral,Low
3759,train,Neutral,Low
3760,train,Neutral,Low
3761,train,Neutral,Low
3762,train,Neutral,Low
3763,train,Neutral,Low
3764,train,Neutral,Low
3765,train,Neutral,Low
3766,train,Neutral,Low
3767,train,Neutral,Low
3768,train,Neutral,Low
3769,train,Neutral,Low
3770,train,Neutral,Low
3771,train,Neutral,Low
3772,train,Neutral,Low
3773,train,Negative,Low
3774,train,Neutral,Low
3775,train,Neutral,Low
3776,train,Neutral,Low
3777,train,Neutral,Low
3778,train,Neutral,Low
3779,train,Neutral,Low
3780,train,Neutral,Low
3781,train,Neutral,Low
3782,train,Neutral,Low
3783,train,Neutral,Low
3784,train,Neutral,Low
3785,train,Neutral,Low
3786,train,Neutral,Low
3787,train,Neutral,Low
3788,train,Neutral,Low
3789,train,Neutral,Low
3790,train,Neutral,Low
3791,train,Neutral,Low
3792,train,Neutral,Low
3793,train,Neutral,Low
3794,train,Neutral,Low
3795,train,Neutral,Low
3796,train,Neutral,Low
3797,train,Neutral,Low
3798,train,Neutral,Low
3799,train,Neutral,Low
3800,train,Neutral,Low
3801,train,Neutral,Low
3802,train,Neutral,Low
3803,train,Neutral,Low
3804,train,Neutral,Low
3805,train,Neutral,Low
3806,train,Neutral,Low
3807,train,Neutral,Low
3808,train,Neutral,Low
3809,train,Neutral,Low
3810,train,Neutral,Low
3811,train,Neutral,Low
3812,train,Neutral,Low
3813,train,Neutral,Low
3814,train,Neutral,Low
3815,train,Neutral,Low
3816,train,Neutral,Low
3817,train,Neutral,Low
3818,train,Neutral,Low
3819,train,Neutral,Low
3820,train,Neutral,Low
3821,train,Neutral,Low
3822,train,Neutral,Low
3823,train,Neutral,Low
3824,train,Neutral,Low
3825,train,Neutral,Low
3826,train,Neutral,Low
3827,train,Neutral,Low
3828,train,Neutral,Low
3829,train,Neutral,Low
3830,train,Neutral,Low
3831,train,Neutral,Low
3832,train,Neutral,Low
3833,train,Neutral,Low
3834,train,Neutral,Low
3835,train,Neutral,Low
3836,train,Neutral,Low
3837,train,Neutral,Low
3838,train,Neutral,Low
3839,train,Neutral,Low
3840,train,Neutral,Low
3841,train,Neutral,Low
3842,train,Neutral,Low
3843,train,Neutral,Low
3844,train,Neutral,Low
3845,train,Neutral,Low
3846,train,Neutral,Low
3847,train,Neutral,Low
3848,train,Neutral,Low
3849,train,Neutral,Low
3850,train,Neutral,Low
3851,train,Neutral,Low
3852,train,Neutral,Low
3853,train,Neutral,Low
3854,train,Neutral,Low
3855,train,Neutral,Low
3856,train,Neutral,Low
3857,train,Neutral,Low
3858,train,Neutral,Low
3859,train,Neutral,Low
3860,train,Neutral,Low
3861,train,Neutral,Low
3862,train,Neutral,Low
3863,train,Neutral,Low
3864,train,Neutral,Low
3865,train,Neutral,Low
3866,train,Neutral,Low
3867,train,Neutral,Low
3868,train,Neutral,Low
3869,train,Neutral,Low
3870,train,Neutral,Low
3871,train,Neutral,Low
3872,train,Neutral,Low
3873,train,Neutral,Low
3874,train,Neutral,Low
3875,train,Neutral,Low
3876,train,Neutral,Low
3877,train,Neutral,Low
3878,train,Neutral,Low
3879,train,Neutral,Low
3880,train,Neutral,Low
3881,train,Neutral,Low
3882,train,Neutral,Low
3883,train,Neutral,Low
3884,train,Neutral,Low
3885,train,Neutral,Low
3886,train,Neutral,Low
3887,train,Neutral,Low
3888,train,Neutral,Low
3889,train,Neutral,Low
3890,train,Neutral,Low
3891,train,Neutral,Low
3892,train,Neutral,Low
3893,train,Neutral,Low
3894,train,Neutral,Low
3895,train,Neutral,Low
3896,train,Neutral,Low
3897,train,Neutral,Low
3898,train,Neutral,Low
3899,train,Neutral,Low
3900,train,Neutral,Low
3901,train,Neutral,Low
3902,train,Negative,Low
3903,train,Neutral,Low
3904,train,Neutral,Low
3905,train,Neutral,Low
3906,train,Neutral,Low
3907,train,Neutral,Low
3908,train,Neutral,Low
3909,train,Neutral,Low
3910,train,Neutral,Low
3911,train,Neutral,Low
3912,train,Neutral,Low
3913,train,Neutral,Low
3914,train,Neutral,Low
3915,train,Neutral,Low
3916,train,Neutral,Low
3917,train,Neutral,Low
3918,train,Neutral,Low
3919,train,Neutral,Low
3920,train,Neutral,Low
3921,train,Neutral,Low
3922,train,Neutral,Low
3923,train,Neutral,Low
3924,train,Neutral,Low
3925,train,Neutral,Low
3926,train,Neutral,Low
3927,train,Neutral,Low
3928,train,Neutral,Low
3929,train,Neutral,Low
3930,train,Neutral,Low
3931,train,Neutral,Low
3932,train,Neutral,Low
3933,train,Neutral,Low
3934,train,Neutral,Low
3935,train,Neutral,Low
3936,train,Neutral,Low
3937,train,Neutral,Low
3938,train,Neutral,Low
3939,train,Neutral,Low
3940,train,Neutral,Low
3941,train,Neutral,Low
3942,train,Neutral,Low
3943,train,Neutral,Low
3944,train,Neutral,Low
3945,train,Neutral,Low
3946,train,Neutral,Low
3947,train,Neutral,Low
3948,train,Neutral,Low
3949,train,Neutral,Low
3950,train,Neutral,Low
3951,train,Neutral,Low
3952,train,Neutral,Low
3953,train,Neutral,Low
3954,train,Neutral,Low
3955,train,Neutral,Low
3956,train,Neutral,Low
3957,train,Neutral,Low
3958,train,Neutral,Low
3959,train,Neutral,Low
3960,train,Neutral,Low
3961,train,Neutral,Low
3962,train,Neutral,Low
3963,train,Neutral,Low
3964,train,Neutral,Low
3965,train,Neutral,Low
3966,train,Neutral,Low
3967,train,Neutral,Low
3968,train,Neutral,Low
3969,train,Neutral,Low
3970,train,Neutral,Low
3971,train,Neutral,Low
3972,train,Neutral,Low
3973,train,Neutral,Low
3974,train,Neutral,Low
3975,train,Neutral,Low
3976,train,Neutral,Low
3977,train,Neutral,Low
3978,train,Neutral,Low
3979,train,Neutral,Low
3980,train,Neutral,Low
3981,train,Neutral,Low
3982,train,Neutral,Low
3983,train,Neutral,Low
3984,train,Neutral,Low
3985,train,Neutral,Low
3986,train,Neutral,Low
3987,train,Neutral,Low
3988,train,Neutral,Low
3989,train,Neutral,Low
3990,train,Neutral,Low
3991,train,Neutral,Low
3992,train,Neutral,Low
3993,train,Neutral,Low
3994,train,Neutral,Low
3995,train,Neutral,Low
3996,train,Neutral,Low
3997,train,Neutral,Low
3998,train,Neutral,Low
3999,train,Neutral,Low
4000,train,Neutral,Low
4001,train,Neutral,Low
4002,train,Neutral,Low
4003,train,Neutral,Low
4004,train,Neutral,Low
4005,train,Neutral,Low
4006,train,Neutral,Low
4007,train,Neutral,Low
4008,train,Neutral,Low
4009,train,Neutral,Low
4010,train,Neutral,Low
4011,train,Neutral,Low
4012,train,Neutral,Low
4013,train,Neutral,Low
4014,train,Neutral,Low
4015,train,Neutral,Low
4016,train,Neutral,Low
4017,train,Neutral,Low
4018,train,Neutral,Low
4019,train,Neutral,Low
4020,train,Neutral,Low
4021,train,Neutral,Low
4022,train,Neutral,Low
4023,train,Neutral,Low
4024,train,Neutral,Low
4025,train,Neutral,Low
4026,train,Neutral,Low
4027,train,Neutral,Low
4028,train,Neutral,Low
4029,train,Neutral,Low
4030,train,Neutral,Low
4031,train,Neutral,Low
4032,train,Neutral,Low
4033,train,Neutral,Low
4034,train,Neutral,Low
4035,train,Neutral,Low
4036,train,Neutral,Low
4037,train,Neutral,Low
4038,train,Neutral,Low
4039,train,Neutral,Low
4040,train,Neutral,Low
4041,train,Neutral,Low
4042,train,Neutral,Low
4043,train,Neutral,Low
4044,train,Neutral,Low
4045,train,Neutral,Low
4046,train,Neutral,Low
4047,train,Neutral,Low
4048,train,Neutral,Low
4049,train,Neutral,Low
4050,train,Neutral,Low
4051,train,Neutral,Low
4052,train,Neutral,Low
4053,train,Neutral,Low
4054,train,Neutral,Low
4055,train,Neutral,Low
4056,train,Neutral,Low
4057,train,Neutral,Low
4058,train,Neutral,Low
4059,train,Neutral,Low
4060,train,Neutral,Low
4061,train,Neutral,Low
4062,train,Neutral,Low
4063,train,Neutral,Low
4064,train,Neutral,Low
4065,train,Neutral,Low
4066,train,Neutral,Low
4067,train,Neutral,Low
4068,train,Neutral,Low
4069,train,Neutral,Low
4070,train,Neutral,Low
4071,train,Neutral,Low
4072,train,Neutral,Low
4073,train,Neutral,Low
4074,train,Neutral,Low
4075,train,Neutral,Low
4076,train,Neutral,Low
4077,train,Neutral,Low
4078,train,Neutral,Low
4079,train,Neutral,Low
4080,train,Neutral,Low
4081,train,Neutral,Low
4082,train,Neutral,Low
4083,train,Neutral,Low
4084,train,Neutral,Low
4085,train,Neutral,Low
4086,train,Neutral,Low
4087,train,Neutral,Low
4088,train,Neutral,Low
4089,train,Neutral,Low
4090,train,Negative,Medium
4091,train,Neutral,Low
4092,train,Neutral,Low
4093,train,Neutral,Low
4094,train,Neutral,Low
4095,train,Neutral,Low
4096,train,Neutral,Low
4097,train,Neutral,Low
4098,train,Neutral,Low
4099,train,Neutral,Low
4100,train,Neutral,Low
4101,train,Neutral,Low
4102,train,Neutral,Low
4103,train,Neutral,Low
4104,train,Neutral,Low
4105,train,Neutral,Low
4106,train,Neutral,Low
4107,train,Neutral,Low
4108,train,Neutral,Low
4109,train,Neutral,Low
4110,train,Neutral,Low
4111,train,Neutral,Low
4112,train,Neutral,Low
4113,train,Neutral,Low
4114,train,Neutral,Low
4115,train,Neutral,Low
4116,train,Neutral,Low
4117,train,Neutral,Low
4118,train,Neutral,Low
4119,train,Neutral,Low
4120,train,Neutral,Low
4121,train,Neutral,Low
4122,train,Neutral,Low
4123,train,Neutral,Low
4124,train,Neutral,Low
4125,train,Neutral,Low
4126,train,Neutral,Low
4127,train,Neutral,Low
4128,train,Neutral,Low
4129,train,Neutral,Low
4130,train,Neutral,Low
4131,train,Neutral,Low
4132,train,Neutral,Low
4133,train,Neutral,Low
4134,train,Neutral,Low
4135,train,Neutral,Low
4136,train,Neutral,Low
4137,train,Neutral,Low
4138,train,Neutral,Low
4139,train,Neutral,Low
4140,train,Neutral,Low
4141,train,Neutral,Low
4142,train,Neutral,Low
4143,train,Neutral,Low
4144,train,Neutral,Low
4145,train,Neutral,Low
4146,train,Neutral,Low
4147,train,Neutral,Low
4148,train,Neutral,Low
4149,train,Neutral,Low
4150,train,Neutral,Low
4151,train,Neutral,Low
4152,train,Neutral,Low
4153,train,Neutral,Low
4154,train,Neutral,Low
4155,train,Neutral,Low
4156,train,Neutral,Low
4157,train,Neutral,Low
4158,train,Neutral,Low
4159,train,Neutral,Low
4160,train,Neutral,Low
4161,train,Neutral,Low
4162,train,Neutral,Low
4163,train,Neutral,Low
4164,train,Neutral,Low
4165,train,Neutral,Low
4166,train,Neutral,Low
4167,train,Neutral,Low
4168,train,Neutral,Low
4169,train,Neutral,Low
4170,train,Neutral,Low
4171,train,Neutral,Low
4172,train,Neutral,Low
4173,train,Neutral,Low
4174,train,Neutral,Low
4175,train,Neutral,Low
4176,train,Neutral,Low
4177,train,Neutral,Low
4178,train,Neutral,Low
4179,train,Neutral,Low
4180,train,Neutral,Low
4181,train,Neutral,Low
4182,train,Neutral,Low
4183,train,Neutral,Low
4184,train,Neutral,Low
4185,train,Neutral,Low
4186,train,Neutral,Low
4187,train,Neutral,Low
4188,train,Neutral,Low
4189,train,Neutral,Low
4190,train,Neutral,Low
4191,train,Neutral,Low
4192,train,Neutral,Low
4193,train,Neutral,Low
4194,train,Neutral,Low
4195,train,Neutral,Low
4196,train,Neutral,Low
4197,train,Neutral,Low
4198,train,Neutral,Low
4199,train,Neutral,Low
4200,train,Neutral,Low
4201,train,Neutral,Low
4202,train,Neutral,Low
4203,train,Neutral,Low
4204,train,Neutral,Low
4205,train,Neutral,Low
4206,train,Neutral,Low
4207,train,Neutral,Low
4208,train,Neutral,Low
4209,train,Neutral,Low
4210,train,Neutral,Low
4211,train,Neutral,Low
4212,train,Neutral,Low
4213,train,Neutral,Low
4214,train,Neutral,Low
4215,train,Neutral,Low
4216,train,Neutral,Low
4217,train,Neutral,Low
4218,train,Neutral,Low
4219,train,Neutral,Low
4220,train,Neutral,Low
4221,train,Neutral,Low
4222,train,Neutral,Low
4223,train,Neutral,Low
4224,train,Neutral,Low
4225,train,Neutral,Low
4226,train,Neutral,Low
4227,train,Neutral,Low
4228,train,Neutral,Low
4229,train,Neutral,Low
4230,train,Neutral,Low
4231,train,Neutral,Low
4232,train,Neutral,Low
4233,train,Neutral,Low
4234,train,Neutral,Low
4235,train,Negative,Medium
4236,train,Neutral,Medium
4237,train,Neutral,Medium
4238,train,Neutral,Low
4239,train,Neutral,Medium
4240,train,Neutral,Low
4241,train,Neutral,Medium
4242,train,Neutral,Low
4243,train,Neutral,Low
4244,train,Neutral,Low
4245,train,Neutral,Low
4246,train,Neutral,Low
4247,train,Neutral,Medium
4248,train,Neutral,Medium
4249,train,Neutral,Low
4250,train,Neutral,Medium
4251,train,Neutral,Medium
4252,train,Neutral,Low
4253,train,Neutral,Medium
4254,train,Neutral,Low
4255,train,Neutral,Low
4256,train,Neutral,Low
4257,train,Neutral,Medium
4258,train,Neutral,Medium
4259,train,Neutral,Low
4260,train,Neutral,Low
4261,train,Neutral,Low
4262,train,Neutral,Medium
4263,train,Neutral,Medium
4264,train,Neutral,Low
4265,train,Neutral,Low
4266,train,Neutral,Low
4267,train,Neutral,Low
4268,train,Neutral,Medium
4269,train,Neutral,Medium
4270,train,Neutral,Low
4271,train,Neutral,Medium
4272,train,Neutral,Low
4273,train,Neutral,Low
4274,train,Neutral,Medium
4275,train,Neutral,Low
4276,train,Neutral,Medium
4277,train,Neutral,Medium
4278,train,Neutral,Medium
4279,train,Neutral,Medium
4280,train,Neutral,Low
4281,train,Neutral,Low
4282,train,Neutral,Low
4283,train,Neutral,Low
4284,train,Negative,Medium
4285,train,Neutral,Low
4286,train,Neutral,Low
4287,train,Neutral,Low
4288,train,Neutral,Low
4289,train,Neutral,Medium
4290,train,Neutral,Low
4291,train,Neutral,Low
4292,train,Negative,Medium
4293,train,Neutral,Low
4294,train,Neutral,Low
4295,train,Negative,Medium
4296,train,Neutral,Low
4297,train,Neutral,Low
4298,train,Neutral,Medium
4299,train,Neutral,Low
4300,train,Negative,Medium
4301,train,Neutral,Medium
4302,train,Neutral,Low
4303,train,Neutral,Low
4304,train,Neutral,Low
4305,train,Neutral,Low
4306,train,Neutral,Medium
4307,train,Neutral,Low
4308,train,Neutral,Low
4309,train,Neutral,Low
4310,train,Neutral,Low
4311,train,Neutral,Low
4312,train,Neutral,Low
4313,train,Neutral,Low
4314,train,Neutral,Medium
4315,train,Neutral,Low
4316,train,Neutral,Medium
4317,train,Neutral,Low
4318,train,Neutral,Low
4319,train,Neutral,Medium
4320,train,Neutral,Low
4321,train,Neutral,Medium
4322,train,Neutral,Low
4323,train,Neutral,Low
4324,train,Neutral,Medium
4325,train,Neutral,Medium
4326,train,Neutral,Low
4327,train,Neutral,Low
4328,train,Neutral,Low
4329,train,Neutral,Low
4330,train,Neutral,Low
4331,train,Neutral,Low
4332,train,Neutral,Medium
4333,train,Neutral,Low
4334,train,Neutral,Low
4335,train,Neutral,Low
4336,train,Neutral,Medium
4337,train,Neutral,Low
4338,train,Neutral,Low
4339,train,Neutral,Low
4340,train,Neutral,Low
4341,train,Neutral,Low
4342,train,Neutral,Medium
4343,train,Neutral,Low
4344,train,Neutral,Low
4345,train,Neutral,Low
4346,train,Neutral,Low
4347,train,Neutral,Low
4348,train,Neutral,Low
4349,train,Neutral,Low
4350,train,Neutral,Low
4351,train,Neutral,Low
4352,train,Neutral,Low
4353,train,Neutral,Low
4354,train,Neutral,Low
4355,train,Neutral,Low
4356,train,Neutral,Low
4357,train,Neutral,Low
4358,train,Neutral,Low
4359,train,Neutral,Low
4360,train,Neutral,Low
4361,train,Neutral,Low
4362,train,Neutral,Low
4363,train,Neutral,Low
4364,train,Neutral,Low
4365,train,Neutral,Low
4366,train,Neutral,Low
4367,train,Neutral,Low
4368,train,Neutral,Low
4369,train,Neutral,Low
4370,train,Neutral,Low
4371,train,Neutral,Low
4372,train,Neutral,Low
4373,train,Neutral,Low
4374,train,Neutral,Low
4375,train,Neutral,Low
4376,train,Neutral,Low
4377,train,Neutral,Low
4378,train,Neutral,Low
4379,train,Neutral,Low
4380,train,Neutral,Low
4381,train,Neutral,Low
4382,train,Neutral,Low
4383,train,Neutral,Low
4384,train,Neutral,Low
4385,train,Neutral,Low
4386,train,Neutral,Low
4387,train,Neutral,Low
4388,train,Neutral,Low
4389,train,Neutral,Low
4390,train,Neutral,Low
4391,train,Neutral,Low
4392,train,Neutral,Low
4393,train,Neutral,Low
4394,train,Neutral,Low
4395,train,Neutral,Low
4396,train,Neutral,Low
4397,train,Neutral,Low
4398,train,Neutral,Low
4399,train,Neutral,Low
4400,train,Neutral,Low
4401,train,Neutral,Low
4402,train,Neutral,Low
4403,train,Neutral,Low
4404,train,Neutral,Low
4405,train,Neutral,Low
4406,train,Neutral,Low
4407,train,Neutral,Low
4408,train,Neutral,Low
4409,train,Neutral,Low
4410,train,Neutral,Low
4411,train,Neutral,Low
4412,train,Neutral,Low
4413,train,Neutral,Low
4414,train,Neutral,Low
4415,train,Neutral,Low
4416,train,Neutral,Low
4417,train,Neutral,Low
4418,train,Neutral,Low
4419,train,Neutral,Low
4420,train,Neutral,Low
4421,train,Neutral,Low
4422,train,Neutral,Low
4423,train,Neutral,Low
4424,train,Neutral,Low
4425,train,Neutral,Low
4426,train,Neutral,Low
4427,train,Neutral,Low
4428,train,Neutral,Low
4429,train,Neutral,Low
4430,train,Neutral,Low
4431,train,Neutral,Low
4432,train,Neutral,Low
4433,train,Neutral,Low
4434,train,Neutral,Low
4435,train,Neutral,Low
4436,train,Neutral,Low
4437,train,Neutral,Low
4438,train,Neutral,Low
4439,train,Neutral,Low
4440,train,Neutral,Low
4441,train,Neutral,Low
4442,train,Neutral,Low
4443,train,Neutral,Low
4444,train,Neutral,Low
4445,train,Neutral,Low
4446,train,Neutral,Low
4447,train,Neutral,Low
4448,train,Neutral,Low
4449,train,Neutral,Low
4450,train,Neutral,Low
4451,train,Neutral,Low
4452,train,Neutral,Low
4453,train,Neutral,Low
4454,train,Neutral,Low
4455,train,Neutral,Low
4456,train,Neutral,Low
4457,train,Neutral,Low
4458,train,Neutral,Low
4459,train,Negative,High
4460,train,Neutral,High
4461,train,Neutral,High
4462,train,Neutral,High
4463,train,Neutral,High
4464,train,Neutral,High
4465,train,Neutral,High
4466,train,Neutral,High
4467,train,Neutral,High
4468,train,Neutral,High
4469,train,Neutral,High
4470,train,Neutral,High
4471,train,Neutral,High
4472,train,Neutral,High
4473,train,Neutral,High
4474,train,Neutral,High
4475,train,Neutral,High
4476,train,Neutral,High
4477,train,Neutral,High
4478,train,Neutral,High
4479,train,Neutral,High
4480,train,Neutral,High
4481,train,Neutral,High
4482,train,Neutral,High
4483,train,Neutral,High
4484,train,Neutral,High
4485,train,Neutral,High
4486,train,Neutral,High
4487,train,Neutral,High
4488,train,Neutral,High
4489,train,Neutral,High
4490,train,Neutral,High
4491,train,Neutral,High
4492,train,Neutral,High
4493,train,Neutral,High
4494,train,Neutral,High
4495,train,Neutral,High
4496,train,Negative,High
4497,train,Neutral,High
4498,train,Neutral,High
4499,train,Neutral,High
4500,train,Neutral,High
4501,train,Neutral,High
4502,train,Neutral,High
4503,train,Neutral,High
4504,train,Negative,High
4505,train,Neutral,High
4506,train,Neutral,High
4507,train,Neutral,High
4508,train,Neutral,High
4509,train,Negative,High
4510,train,Negative,High
4511,train,Neutral,High
4512,train,Negative,High
4513,train,Neutral,High
4514,train,Neutral,High
4515,train,Neutral,High
4516,train,Negative,High
4517,train,Neutral,Low
4518,train,Neutral,High
4519,train,Negative,High
4520,train,Neutral,High
4521,train,Negative,High
4522,train,Neutral,High
4523,train,Neutral,High
4524,train,Neutral,High
4525,train,Neutral,High
4526,train,Neutral,High
4527,train,Neutral,High
4528,train,Neutral,High
4529,train,Neutral,High
4530,train,Neutral,High
4531,train,Neutral,High
4532,train,Neutral,High
4533,train,Neutral,High
4534,train,Neutral,High
4535,train,Neutral,High
4536,train,Neutral,High
4537,train,Neutral,High
4538,train,Negative,High
4539,train,Neutral,High
4540,train,Neutral,High
4541,train,Neutral,High
4542,train,Negative,High
4543,train,Neutral,High
4544,train,Negative,High
4545,train,Neutral,Low
4546,train,Neutral,Low
4547,train,Neutral,Low
4548,train,Neutral,Low
4549,train,Neutral,Low
4550,train,Neutral,Low
4551,train,Neutral,Low
4552,train,Neutral,Low
4553,train,Neutral,Low
4554,train,Neutral,Low
4555,train,Neutral,Low
4556,train,Neutral,Low
4557,train,Neutral,Low
4558,train,Neutral,Low
4559,train,Neutral,Low
4560,train,Neutral,Low
4561,train,Neutral,Low
4562,train,Neutral,Low
4563,train,Neutral,Low
4564,train,Neutral,Low
4565,train,Neutral,Low
4566,train,Neutral,Low
4567,train,Neutral,Low
4568,train,Neutral,Low
4569,train,Neutral,Low
4570,train,Neutral,Low
4571,train,Neutral,Low
4572,train,Neutral,Low
4573,train,Neutral,Low
4574,train,Neutral,Low
4575,train,Neutral,Low
4576,train,Neutral,Low
4577,train,Neutral,Low
4578,train,Neutral,Low
4579,train,Neutral,Low
4580,train,Neutral,Low
4581,train,Neutral,Low
4582,train,Neutral,Low
4583,train,Neutral,High
4584,train,Neutral,Low
4585,train,Neutral,Low
4586,train,Neutral,Low
4587,train,Neutral,Low
4588,train,Neutral,Low
4589,train,Neutral,Low
4590,train,Neutral,Low
4591,train,Neutral,Low
4592,train,Neutral,Low
4593,train,Neutral,Low
4594,train,Neutral,Low
4596,train,Neutral,Low
4597,train,Neutral,Low
4598,train,Neutral,Low
4599,train,Neutral,Low
4600,train,Neutral,Low
4601,train,Neutral,Low
4602,train,Neutral,Low
4603,train,Neutral,Low
4604,train,Neutral,Low
4605,train,Neutral,Low
4606,train,Neutral,Low
4607,train,Neutral,Low
4608,train,Neutral,Low
4609,train,Neutral,Low
4610,train,Neutral,Low
4611,train,Neutral,Low
4612,train,Neutral,Low
4613,train,Neutral,Low
4614,train,Neutral,Low
4615,train,Neutral,Low
4616,train,Neutral,Low
4617,train,Neutral,Low
4618,train,Neutral,Low
4619,train,Neutral,Low
4620,train,Neutral,Low
4621,train,Neutral,Low
4622,train,Neutral,Low
4623,train,Neutral,Low
4624,train,Neutral,Low
4625,train,Neutral,Low
4626,train,Neutral,Low
4627,train,Neutral,Low
4628,train,Neutral,Low
4629,train,Neutral,Low
4630,train,Neutral,Low
4631,train,Neutral,Low
4632,train,Negative,High
4633,train,Neutral,High
4634,train,Neutral,High
4635,train,Negative,High
4636,train,Negative,High
4637,train,Neutral,High
4638,train,Neutral,High
4639,train,Negative,High
4640,train,Negative,High
4641,train,Negative,High
4642,train,Negative,High
4643,train,Neutral,High
4644,train,Neutral,Low
4645,train,Negative,High
4646,train,Negative,High
4647,train,Neutral,High
4648,train,Neutral,Low
4649,train,Neutral,High
4650,train,Neutral,Low
4651,train,Neutral,Low
4652,train,Negative,High
4653,train,Neutral,High
4654,train,Neutral,High
4655,train,Neutral,Low
4656,train,Neutral,Low
4657,train,Neutral,High
4658,train,Negative,High
4659,train,Negative,High
4660,train,Neutral,High
4661,train,Neutral,High
4662,train,Neutral,High
4663,train,Neutral,High
4664,train,Neutral,High
4665,train,Neutral,High
4666,train,Neutral,High
4667,train,Neutral,High
4668,train,Neutral,High
4669,train,Neutral,High
4670,train,Neutral,High
4671,train,Neutral,High
4672,train,Neutral,High
4673,train,Neutral,High
4674,train,Neutral,High
4675,train,Neutral,High
4676,train,Neutral,High
4677,train,Neutral,High
4678,train,Neutral,High
4679,train,Neutral,High
4680,train,Neutral,High
4681,train,Neutral,High
4682,train,Neutral,High
4683,train,Neutral,High
4684,train,Neutral,Low
4685,train,Neutral,High
4686,train,Neutral,High
4687,train,Neutral,High
4688,train,Neutral,High
4689,train,Neutral,Low
4690,train,Neutral,Low
4691,train,Neutral,High
4692,train,Neutral,High
4693,train,Neutral,High
4694,train,Neutral,High
4695,train,Neutral,High
4696,train,Neutral,High
4697,train,Neutral,High
4698,train,Neutral,High
4699,train,Neutral,High
4700,train,Neutral,High
4701,train,Neutral,Low
4702,train,Neutral,High
4703,train,Neutral,Low
4704,train,Negative,High
4705,train,Neutral,High
4706,train,Negative,High
4707,train,Negative,High
4708,train,Neutral,High
4709,train,Neutral,Low
4710,train,Negative,High
4711,train,Neutral,High
4712,train,Neutral,Low
4713,train,Neutral,High
4714,train,Negative,High
4715,train,Negative,High
4716,train,Negative,High
4717,train,Neutral,Medium
4718,train,Negative,High
4719,train,Neutral,High
4720,train,Neutral,High
4721,train,Neutral,High
4722,train,Neutral,High
4723,train,Neutral,High
4724,train,Neutral,Low
4725,train,Neutral,Low
4726,train,Neutral,High
4727,train,Neutral,High
4728,train,Neutral,High
4729,train,Neutral,High
4730,train,Neutral,High
4731,train,Neutral,High
4732,train,Neutral,High
4733,train,Neutral,High
4734,train,Neutral,High
4735,train,Neutral,High
4736,train,Neutral,High
4737,train,Neutral,High
4738,train,Neutral,High
4739,train,Neutral,High
4740,train,Neutral,High
4741,train,Neutral,High
4742,train,Neutral,High
4743,train,Neutral,High
4744,train,Neutral,High
4745,train,Neutral,High
4746,train,Neutral,High
4747,train,Neutral,High
4748,train,Neutral,High
4749,train,Neutral,High
4750,train,Neutral,High
4751,train,Neutral,High
4752,train,Neutral,High
4753,train,Neutral,Medium
4754,train,Neutral,Medium
4755,train,Neutral,High
4756,train,Neutral,High
4757,train,Neutral,High
4758,train,Neutral,High
4759,train,Neutral,High
4760,train,Negative,High
4761,train,Neutral,High
4762,train,Negative,High
4763,train,Neutral,High
4764,train,Negative,High
4765,train,Neutral,High
4766,train,Neutral,High
4767,train,Negative,High
4768,train,Negative,High
4769,train,Negative,High
4770,train,Neutral,High
4771,train,Negative,High
4772,train,Negative,High
4773,train,Neutral,High
4774,train,Negative,High
4775,train,Neutral,High
4776,train,Negative,High
4777,train,Negative,High
4778,train,Neutral,High
4779,train,Neutral,High
4780,train,Neutral,High
4781,train,Neutral,High
4782,train,Neutral,High
4783,train,Neutral,High
4784,train,Neutral,High
4785,train,Neutral,High
4786,train,Neutral,High
4787,train,Neutral,High
4788,train,Neutral,High
4789,train,Neutral,High
4790,train,Neutral,High
4791,train,Neutral,High
4792,train,Neutral,High
4793,train,Neutral,High
4794,train,Neutral,High
4795,train,Neutral,High
4796,train,Neutral,High
4797,train,Neutral,High
4798,train,Neutral,High
4799,train,Neutral,High
4800,train,Negative,High
4801,train,Negative,High
4802,train,Negative,High
4803,train,Negative,High
4804,train,Neutral,High
4805,train,Negative,High
4806,train,Negative,High
4807,train,Negative,High
4808,train,Negative,High
4809,train,Negative,High
4810,train,Neutral,High
4811,train,Negative,High
4812,train,Negative,High
4813,train,Negative,High
4814,train,Neutral,Medium
4815,train,Neutral,Medium
4816,train,Neutral,Medium
4817,train,Neutral,Medium
4818,train,Neutral,Medium
4819,train,Neutral,Medium
4820,train,Neutral,Medium
4821,train,Neutral,Medium
4822,train,Neutral,Medium
4823,train,Neutral,Medium
4824,train,Neutral,Medium
4825,train,Neutral,Medium
4826,train,Neutral,Medium
4827,train,Neutral,Medium
4828,train,Neutral,Medium
4829,train,Neutral,Medium
4830,train,Neutral,Medium
4831,train,Neutral,Medium
4832,train,Neutral,Medium
4833,train,Neutral,Medium
4834,train,Neutral,Medium
4835,train,Neutral,Medium
4836,train,Neutral,Medium
4837,train,Neutral,Medium
4838,train,Neutral,Medium
4839,train,Neutral,Medium
4840,train,Neutral,Medium
4841,train,Neutral,Medium
4842,train,Neutral,Medium
4843,train,Neutral,Medium
4844,train,Neutral,Medium
4845,train,Neutral,Medium
4846,train,Neutral,Medium
4847,train,Neutral,Medium
4848,train,Neutral,Medium
4849,train,Neutral,Medium
4850,train,Neutral,Medium
4851,train,Neutral,Medium
4852,train,Neutral,Medium
4853,train,Neutral,Medium
4854,train,Neutral,Medium
4855,train,Neutral,Medium
4856,train,Neutral,Medium
4857,train,Neutral,Medium
4858,train,Neutral,Medium
4859,train,Neutral,Medium
4860,train,Neutral,Medium
4861,train,Neutral,Medium
4862,train,Negative,Medium
4863,train,Negative,High
4864,train,Neutral,Medium
4865,train,Neutral,Medium
4866,train,Neutral,Medium
4867,train,Neutral,Medium
4868,train,Neutral,Medium
4869,train,Neutral,Medium
4870,train,Neutral,Medium
4871,train,Neutral,Medium
4872,train,Neutral,Medium
4873,train,Neutral,Medium
4874,train,Neutral,Medium
4875,train,Neutral,Medium
4876,train,Neutral,Medium
4877,train,Neutral,Medium
4878,train,Neutral,Medium
4879,train,Negative,Medium
4880,train,Neutral,Medium
4881,train,Neutral,Medium
4882,train,Neutral,Medium
4883,train,Neutral,Medium
4884,train,Neutral,Medium
4885,train,Neutral,Medium
4886,train,Neutral,Medium
4887,train,Neutral,Medium
4888,train,Neutral,Medium
4889,train,Neutral,Medium
4890,train,Neutral,High
4891,train,Negative,Medium
4892,train,Neutral,Medium
4893,train,Neutral,Medium
4894,train,Neutral,Medium
4895,train,Neutral,Medium
4896,train,Neutral,Medium
4897,train,Neutral,Medium
4898,train,Neutral,Medium
4899,train,Neutral,Medium
4900,train,Neutral,Medium
4901,train,Neutral,Medium
4902,train,Neutral,Medium
4903,train,Neutral,Medium
4904,train,Neutral,Medium
4905,train,Neutral,Medium
4906,train,Neutral,Medium
4907,train,Neutral,Medium
4908,train,Neutral,Medium
4909,train,Neutral,Medium
4910,train,Neutral,Medium
4911,train,Neutral,Medium
4912,train,Neutral,Medium
4913,train,Neutral,Medium
4914,train,Neutral,Medium
4915,train,Neutral,Medium
4916,train,Neutral,Medium
4917,train,Neutral,Medium
4918,train,Neutral,Medium
4919,train,Neutral,Medium
4920,train,Neutral,Medium
4921,train,Neutral,Medium
4922,train,Neutral,Medium
4923,train,Neutral,Medium
4924,train,Neutral,Medium
4925,train,Neutral,Medium
4926,train,Neutral,Medium
4927,train,Neutral,Medium
4928,train,Neutral,Medium
4929,train,Neutral,Medium
4930,train,Neutral,Medium
4931,train,Neutral,Medium
4932,train,Neutral,Medium
4933,train,Neutral,Medium
4934,train,Neutral,Medium
4935,train,Neutral,Medium
4936,train,Neutral,Medium
4937,train,Neutral,Medium
4938,train,Neutral,Medium
4939,train,Neutral,Medium
4940,train,Neutral,Medium
4941,train,Neutral,Medium
4942,train,Neutral,Medium
4943,train,Neutral,Medium
4944,train,Neutral,Medium
4945,train,Neutral,Medium
4946,train,Neutral,Medium
4947,train,Neutral,Medium
4948,train,Negative,Medium
4949,train,Neutral,Medium
4950,train,Neutral,Medium
4951,train,Neutral,Medium
4952,train,Neutral,Medium
4953,train,Neutral,Medium
4954,train,Neutral,Medium
4955,train,Neutral,Medium
4956,train,Neutral,Medium
4957,train,Negative,Medium
4958,train,Neutral,Medium
4959,train,Neutral,Medium
4960,train,Neutral,Medium
4961,train,Neutral,Medium
4962,train,Neutral,Medium
4963,train,Neutral,Medium
4964,train,Neutral,Medium
4965,train,Neutral,Medium
4966,train,Neutral,Medium
4967,train,Neutral,Medium
4968,train,Neutral,Medium
4969,train,Neutral,Medium
4970,train,Neutral,Medium
4971,train,Neutral,Medium
4972,train,Neutral,Medium
4973,train,Neutral,Medium
4974,train,Neutral,Medium
4975,train,Neutral,Medium
4976,train,Neutral,Medium
4977,train,Neutral,Medium
4978,train,Neutral,Medium
4979,train,Neutral,Medium
4980,train,Neutral,Medium
4981,train,Neutral,Medium
4982,train,Neutral,Medium
4983,train,Neutral,Medium
4984,train,Neutral,Medium
4985,train,Neutral,Medium
4986,train,Neutral,Medium
4987,train,Neutral,Medium
4988,train,Neutral,Medium
4989,train,Neutral,Medium
4990,train,Neutral,Medium
4991,train,Neutral,Medium
4992,train,Neutral,Medium
4993,train,Neutral,Medium
4994,train,Neutral,Medium
4995,train,Neutral,Medium
4996,train,Neutral,Medium
4997,train,Neutral,Medium
4998,train,Neutral,Medium
4999,train,Neutral,Medium
5000,train,Neutral,Medium
5001,train,Neutral,Medium
5002,train,Neutral,Medium
5003,train,Negative,Medium
5004,train,Negative,Medium
5005,train,Neutral,Medium
5006,train,Neutral,Medium
5007,train,Neutral,Medium
5008,train,Neutral,Medium
5009,train,Neutral,Medium
5010,train,Neutral,Medium
5011,train,Neutral,Medium
5012,train,Neutral,Medium
5013,train,Neutral,Medium
5014,train,Neutral,Medium
5015,train,Neutral,Medium
5016,train,Neutral,Medium
5017,train,Neutral,Medium
5018,train,Neutral,Medium
5019,train,Neutral,Medium
5020,train,Neutral,Medium
5021,train,Neutral,Medium
5022,train,Neutral,Medium
5023,train,Neutral,Medium
5024,train,Neutral,Medium
5025,train,Neutral,Medium
5026,train,Neutral,Medium
5027,train,Neutral,Medium
5028,train,Neutral,Medium
5029,train,Neutral,Medium
5030,train,Neutral,Medium
5031,train,Neutral,Medium
5032,train,Neutral,Medium
5033,train,Neutral,Medium
5034,train,Neutral,Medium
5035,train,Neutral,Medium
5036,train,Neutral,Medium
5037,train,Neutral,Medium
5038,train,Neutral,Medium
5039,train,Neutral,Medium
5040,train,Neutral,Medium
5041,train,Neutral,Medium
5042,train,Neutral,Medium
5043,train,Neutral,Medium
5044,train,Neutral,Medium
5045,train,Neutral,Medium
5046,train,Neutral,Medium
5047,train,Neutral,Medium
5048,train,Neutral,Medium
5049,train,Neutral,Medium
5050,train,Neutral,Medium
5051,train,Neutral,Medium
5052,train,Neutral,Medium
5053,train,Neutral,Medium
5054,train,Neutral,Medium
5055,train,Neutral,High
5056,train,Neutral,Medium
5057,train,Neutral,Medium
5058,train,Neutral,Medium
5059,train,Neutral,Medium
5060,train,Neutral,Medium
5061,train,Neutral,Medium
5062,train,Neutral,Medium
5063,train,Neutral,Medium
5064,train,Neutral,Medium
5065,train,Neutral,Medium
5066,train,Neutral,Medium
5067,train,Neutral,Medium
5068,train,Neutral,Medium
5069,train,Neutral,Medium
5070,train,Neutral,Medium
5071,train,Neutral,Medium
5072,train,Neutral,Medium
5073,train,Neutral,Medium
5074,train,Neutral,Medium
5075,train,Neutral,Medium
5076,train,Neutral,Medium
5077,train,Neutral,Medium
5078,train,Neutral,Medium
5079,train,Neutral,Medium
5080,train,Neutral,Medium
5081,train,Neutral,Medium
5082,train,Neutral,Medium
5083,train,Neutral,Medium
5084,train,Neutral,Medium
5085,train,Neutral,Medium
5086,train,Neutral,Medium
5087,train,Neutral,Medium
5088,train,Neutral,Medium
5089,train,Neutral,Medium
5090,train,Neutral,Medium
5091,train,Neutral,Medium
5092,train,Neutral,Low
5093,train,Neutral,Low
5094,train,Neutral,Low
5095,train,Neutral,Low
5096,train,Neutral,Low
5097,train,Neutral,Low
5098,train,Neutral,Low
5099,train,Neutral,Low
5100,train,Neutral,Low
5101,train,Neutral,Low
5102,train,Neutral,Low
5103,train,Neutral,Low
5104,train,Neutral,Low
5105,train,Neutral,Low
5106,train,Neutral,Low
5107,train,Neutral,Low
5108,train,Neutral,Low
5109,train,Neutral,Low
5110,train,Neutral,Low
5111,train,Neutral,Low
5112,train,Neutral,Low
5113,train,Neutral,Low
5114,train,Neutral,Low
5115,train,Neutral,Low
5116,train,Neutral,Low
5117,train,Neutral,Low
5118,train,Neutral,Low
5119,train,Neutral,Low
5120,train,Neutral,Low
5121,train,Neutral,Low
5122,train,Neutral,Low
5123,train,Neutral,Low
5124,train,Neutral,Low
5125,train,Neutral,Low
5126,train,Neutral,Low
5127,train,Neutral,Low
5128,train,Neutral,Low
5129,train,Neutral,Low
5130,train,Neutral,Low
5131,train,Neutral,Low
5132,train,Neutral,Low
5133,train,Neutral,Low
5134,train,Neutral,Low
5135,train,Neutral,Low
5136,train,Neutral,Low
5137,train,Neutral,Low
5138,train,Neutral,Low
5139,train,Neutral,Low
5140,train,Neutral,Low
5141,train,Neutral,Low
5142,train,Neutral,Low
5143,train,Neutral,Low
5144,train,Neutral,Low
5145,train,Neutral,Low
5146,train,Neutral,Low
5147,train,Neutral,Low
5148,train,Neutral,Low
5149,train,Neutral,Low
5150,train,Neutral,Low
5151,train,Neutral,Low
5152,train,Neutral,Low
5153,train,Neutral,Low
5154,train,Neutral,Low
5155,train,Neutral,Low
5156,train,Neutral,Low
5157,train,Neutral,Low
5158,train,Neutral,Low
5159,train,Neutral,Low
5160,train,Neutral,Low
5161,train,Neutral,Low
5162,train,Neutral,Low
5163,train,Neutral,Low
5164,train,Neutral,Low
5165,train,Neutral,Low
5166,train,Neutral,Low
5167,train,Neutral,Low
5168,train,Neutral,Low
5169,train,Neutral,Low
5170,train,Neutral,Low
5171,train,Neutral,Low
5172,train,Neutral,Low
5173,train,Neutral,Low
5174,train,Neutral,Low
5175,train,Neutral,Low
5176,train,Neutral,Low
5177,train,Neutral,Low
5178,train,Neutral,Low
5179,train,Neutral,Low
5180,train,Neutral,Low
5181,train,Neutral,Low
5182,train,Neutral,Low
5183,train,Negative,Low
5184,train,Neutral,Low
5185,train,Neutral,Low
5186,train,Neutral,Low
5187,train,Neutral,Low
5188,train,Neutral,Low
5189,train,Neutral,Low
5190,train,Neutral,Low
5191,train,Neutral,Low
5192,train,Neutral,Low
5193,train,Neutral,Low
5194,train,Neutral,Low
5195,train,Neutral,Low
5196,train,Neutral,Low
5197,train,Neutral,Low
5198,train,Neutral,Low
5199,train,Neutral,Low
5200,train,Neutral,Low
5201,train,Neutral,Low
5202,train,Neutral,Low
5203,train,Neutral,Low
5204,train,Neutral,Low
5205,train,Neutral,Low
5206,train,Neutral,Low
5207,train,Neutral,Low
5208,train,Neutral,Low
5209,train,Neutral,Low
5210,train,Neutral,Low
5211,train,Neutral,Low
5212,train,Neutral,Low
5213,train,Neutral,Low
5214,train,Neutral,Low
5215,train,Neutral,Low
5216,train,Neutral,Low
5217,train,Neutral,Low
5218,train,Neutral,Low
5219,train,Neutral,Low
5220,train,Neutral,Low
5221,train,Neutral,Low
5222,train,Neutral,Low
5223,train,Neutral,Low
5224,train,Neutral,Low
5225,train,Neutral,Low
5226,train,Neutral,Low
5227,train,Neutral,Low
5228,train,Neutral,Low
5229,train,Neutral,Low
5230,train,Neutral,Low
5231,train,Neutral,Low
5232,train,Neutral,Low
5233,train,Neutral,Low
5234,train,Neutral,Low
5235,train,Neutral,Low
5236,train,Neutral,Low
5237,train,Neutral,Low
5238,train,Neutral,Low
5239,train,Neutral,Low
5240,train,Neutral,Low
5241,train,Neutral,Low
5242,train,Neutral,Low
5243,train,Neutral,Low
5244,train,Neutral,Low
5245,train,Neutral,Low
5246,train,Neutral,Low
5247,train,Neutral,Low
5248,train,Neutral,Low
5249,train,Neutral,Low
5250,train,Neutral,Low
5251,train,Neutral,High
5252,train,Neutral,High
5253,train,Neutral,High
5254,train,Neutral,High
5255,train,Neutral,High
5256,train,Neutral,High
5257,train,Neutral,Low
5258,train,Neutral,High
5259,train,Neutral,High
5260,train,Neutral,High
5261,train,Neutral,High
5262,train,Neutral,High
5263,train,Neutral,High
5264,train,Negative,High
5265,train,Neutral,High
5266,train,Neutral,High
5267,train,Neutral,High
5268,train,Neutral,High
5269,train,Neutral,Low
5270,train,Neutral,Low
5271,train,Neutral,Low
5272,train,Neutral,High
5273,train,Neutral,High
5274,train,Neutral,High
5275,train,Neutral,High
5276,train,Neutral,Low
5277,train,Neutral,High
5278,train,Neutral,High
5279,train,Neutral,High
5280,train,Negative,High
5281,train,Neutral,High
5282,train,Neutral,Medium
5283,train,Neutral,High
5284,train,Neutral,Low
5285,train,Neutral,Low
5286,train,Neutral,High
5287,train,Negative,High
5288,train,Neutral,High
5289,train,Neutral,Medium
5290,train,Neutral,High
5291,train,Neutral,High
5292,train,Neutral,High
5293,train,Neutral,High
5294,train,Neutral,Low
5295,train,Neutral,High
5296,train,Negative,High
5297,train,Neutral,High
5298,train,Neutral,High
5299,train,Neutral,Medium
5300,train,Neutral,High
5301,train,Neutral,High
5302,train,Neutral,High
5303,train,Neutral,High
5304,train,Neutral,High
5305,train,Neutral,High
5306,train,Neutral,High
5307,train,Neutral,Low
5308,train,Neutral,High
5309,train,Neutral,Low
5310,train,Neutral,High
5311,train,Neutral,High
5312,train,Neutral,High
5313,train,Neutral,High
5314,train,Neutral,Low
5315,train,Neutral,High
5316,train,Neutral,High
5317,train,Neutral,Low
5318,train,Neutral,High
5319,train,Neutral,High
5320,train,Neutral,High
5321,train,Neutral,High
5322,train,Neutral,High
5323,train,Neutral,High
5324,train,Neutral,High
5325,train,Neutral,Low
5326,train,Neutral,Low
5327,train,Neutral,High
5328,train,Neutral,High
5329,train,Neutral,High
5330,train,Neutral,High
5331,train,Negative,High
5332,train,Neutral,High
5333,train,Neutral,High
5334,train,Neutral,High
5335,train,Neutral,High
5336,train,Neutral,High
5337,train,Negative,High
5338,train,Neutral,High
5339,train,Neutral,High
5340,train,Neutral,High
5341,train,Neutral,High
5342,train,Neutral,High
5343,train,Neutral,High
5344,train,Neutral,Low
5345,train,Neutral,High
5346,train,Neutral,High
5347,train,Neutral,High
5348,train,Neutral,High
5349,train,Neutral,Low
5350,train,Neutral,High
5351,train,Neutral,Low
5352,train,Negative,High
5353,train,Neutral,Low
5354,train,Neutral,High
5355,train,Neutral,High
5356,train,Neutral,Low
5357,train,Neutral,High
5358,train,Neutral,High
5359,train,Neutral,High
5360,train,Neutral,High
5361,train,Neutral,Low
5362,train,Neutral,High
5363,train,Neutral,High
5364,train,Neutral,High
5365,train,Negative,High
5366,train,Neutral,Low
5367,train,Negative,High
5368,train,Neutral,High
5369,train,Neutral,High
5370,train,Neutral,High
5371,train,Neutral,Low
5372,train,Neutral,Low
5373,train,Neutral,Low
5374,train,Neutral,Low
5375,train,Neutral,Low
5376,train,Neutral,Low
5377,train,Neutral,Medium
5378,train,Neutral,Low
5379,train,Neutral,Low
5380,train,Neutral,Medium
5381,train,Neutral,Low
5382,train,Neutral,Medium
5383,train,Neutral,Medium
5384,train,Neutral,High
5385,train,Neutral,Medium
5386,train,Neutral,Low
5387,train,Neutral,Medium
5388,train,Neutral,Medium
5389,train,Negative,Medium
5390,train,Neutral,Medium
5391,train,Neutral,Medium
5392,train,Neutral,Medium
5393,train,Neutral,Medium
5394,train,Neutral,Medium
5395,train,Neutral,Medium
5396,train,Neutral,High
5397,train,Neutral,Medium
5398,train,Neutral,Low
5399,train,Neutral,Medium
5400,train,Neutral,Low
5401,train,Neutral,Medium
5402,train,Neutral,Medium
5403,train,Neutral,Medium
5404,train,Neutral,Medium
5405,train,Neutral,Medium
5406,train,Neutral,Low
5407,train,Neutral,Medium
5408,train,Neutral,Medium
5409,train,Neutral,Low
5410,train,Neutral,Medium
5411,train,Neutral,Medium
5412,train,Neutral,Medium
5413,train,Neutral,Medium
5414,train,Neutral,Medium
5415,train,Negative,Medium
5416,train,Neutral,Medium
5417,train,Neutral,Medium
5418,train,Neutral,Low
5419,train,Neutral,Low
5420,train,Neutral,Medium
5421,train,Neutral,Low
5422,train,Neutral,High
5423,train,Neutral,Medium
5424,train,Neutral,High
5425,train,Neutral,Medium
5426,train,Neutral,Medium
5427,train,Neutral,Medium
5428,train,Neutral,Medium
5429,train,Neutral,Medium
5430,train,Neutral,Medium
5431,train,Neutral,Medium
5432,train,Neutral,Medium
5433,train,Neutral,Medium
5434,train,Neutral,Medium
5435,train,Negative,High
5436,train,Neutral,Medium
5437,train,Neutral,Medium
5438,train,Neutral,Medium
5439,train,Neutral,Medium
5440,train,Neutral,Low
5441,train,Neutral,Medium
5442,train,Neutral,Medium
5443,train,Neutral,Low
5444,train,Neutral,Medium
5445,train,Neutral,Medium
5446,train,Neutral,Low
5447,train,Neutral,Medium
5448,train,Neutral,Low
5449,train,Neutral,High
5450,train,Neutral,Low
5451,train,Neutral,Medium
5452,train,Neutral,Low
5453,train,Neutral,Medium
5454,train,Neutral,Medium
5455,train,Neutral,Medium
5456,train,Neutral,Medium
5457,train,Neutral,Low
5458,train,Neutral,Medium
5459,train,Neutral,Low
5460,train,Neutral,Medium
5461,train,Neutral,High
5462,train,Neutral,Medium
5463,train,Neutral,Medium
5464,train,Neutral,Medium
5465,train,Neutral,Medium
5466,train,Negative,Medium
5467,train,Neutral,Medium
5468,train,Neutral,Medium
5469,train,Neutral,Low
5470,train,Neutral,Medium
5471,train,Neutral,Low
5472,train,Neutral,Low
5473,train,Neutral,Low
5474,train,Neutral,Medium
5475,train,Neutral,Low
5476,train,Neutral,High
5477,train,Neutral,Low
5478,train,Neutral,Medium
5479,train,Neutral,Low
5480,train,Neutral,Medium
5481,train,Neutral,Low
5482,train,Neutral,Medium
5483,train,Neutral,Medium
5484,train,Neutral,Medium
5485,train,Neutral,Medium
5486,train,Neutral,Medium
5487,train,Neutral,Low
5488,train,Neutral,Medium
5489,train,Neutral,Medium
5490,train,Negative,High
5491,train,Neutral,Medium
5492,train,Neutral,Medium
5493,train,Neutral,Medium
5494,train,Negative,Medium
5495,train,Neutral,Medium
5496,train,Neutral,Low
5497,train,Neutral,Medium
5498,train,Neutral,Medium
5499,train,Neutral,Medium
5500,train,Neutral,Medium
5501,train,Neutral,Medium
5502,train,Neutral,Medium
5503,train,Neutral,Low
5504,train,Neutral,Medium
5505,train,Neutral,Medium
5506,train,Neutral,Medium
5507,train,Neutral,Medium
5508,train,Neutral,Medium
5509,train,Neutral,Medium
5510,train,Neutral,Medium
5511,train,Neutral,Low
5512,train,Negative,Medium
5513,train,Neutral,Medium
5514,train,Neutral,Medium
5515,train,Neutral,Medium
5516,train,Neutral,Medium
5517,train,Neutral,Medium
5518,train,Neutral,Low
5519,train,Neutral,Medium
5520,train,Neutral,Medium
5521,train,Neutral,Low
5522,train,Neutral,Medium
5523,train,Neutral,Medium
5524,train,Neutral,Medium
5525,train,Neutral,Medium
5526,train,Neutral,High
5527,train,Neutral,Medium
5528,train,Neutral,Medium
5529,train,Neutral,Medium
5530,train,Neutral,Medium
5531,train,Negative,Medium
5532,train,Neutral,Low
5533,train,Neutral,Medium
5534,train,Neutral,Medium
5535,train,Neutral,Medium
5536,train,Neutral,Medium
5537,train,Neutral,Medium
5538,train,Neutral,Low
5539,train,Neutral,Medium
5540,train,Neutral,Medium
5541,train,Neutral,Medium
5542,train,Neutral,Medium
5543,train,Neutral,Medium
5544,train,Neutral,Medium
5545,train,Neutral,Medium
5546,train,Neutral,Medium
5547,train,Negative,Medium
5548,train,Neutral,Medium
5549,train,Neutral,Medium
5550,train,Neutral,Medium
5551,train,Neutral,Medium
5552,train,Neutral,Medium
5553,train,Neutral,Medium
5554,train,Neutral,Medium
5555,train,Neutral,Medium
5556,train,Neutral,Medium
5557,train,Neutral,Medium
5558,train,Neutral,Medium
5559,train,Negative,Medium
5560,train,Neutral,Medium
5561,train,Neutral,Medium
5562,train,Neutral,Medium
5563,train,Neutral,Medium
5564,train,Neutral,Medium
5565,train,Neutral,Medium
5566,train,Neutral,Medium
5567,train,Neutral,Medium
5568,train,Neutral,Medium
5569,train,Neutral,Medium
5570,train,Neutral,Medium
5571,train,Neutral,Medium
5572,train,Neutral,Medium
5573,train,Neutral,Medium
5574,train,Neutral,Medium
5575,train,Neutral,Medium
5576,train,Neutral,Medium
5577,train,Neutral,Medium
5578,train,Neutral,Medium
5579,train,Neutral,Medium
5580,train,Neutral,Medium
5581,train,Neutral,Medium
5582,train,Neutral,Medium
5583,train,Neutral,Medium
5584,train,Neutral,Medium
5585,train,Neutral,Low
5586,train,Neutral,Medium
5587,train,Negative,Medium
5588,train,Neutral,Low
5589,train,Neutral,Medium
5590,train,Neutral,Medium
5591,train,Neutral,Medium
5592,train,Neutral,Medium
5593,train,Neutral,Low
5594,train,Neutral,Medium
5595,train,Neutral,Medium
5596,train,Neutral,Medium
5597,train,Neutral,Medium
5598,train,Neutral,Medium
5599,train,Neutral,Medium
5600,train,Neutral,Medium
5601,train,Neutral,Medium
5602,train,Neutral,Medium
5603,train,Neutral,Medium
5604,train,Neutral,Medium
5605,train,Neutral,Medium
5606,train,Neutral,Medium
5607,train,Neutral,Medium
5608,train,Neutral,Medium
5609,train,Neutral,Medium
5610,train,Neutral,Medium
5611,train,Neutral,Medium
5612,train,Neutral,Medium
5613,train,Neutral,Medium
5614,train,Neutral,Medium
5615,train,Neutral,Medium
5616,train,Neutral,Medium
5617,train,Neutral,Medium
5618,train,Neutral,Medium
5619,train,Neutral,Medium
5620,train,Neutral,Medium
5621,train,Neutral,Medium
5622,train,Neutral,Medium
5623,train,Neutral,Medium
5624,train,Neutral,Medium
5625,train,Negative,Medium
5626,train,Neutral,Medium
5627,train,Neutral,Medium
5628,train,Neutral,Medium
5629,train,Neutral,Medium
5630,train,Neutral,Medium
5631,train,Neutral,Medium
5632,train,Neutral,Medium
5633,train,Neutral,Medium
5634,train,Neutral,Medium
5635,train,Neutral,Medium
5636,train,Neutral,Medium
5637,train,Neutral,Medium
5638,train,Neutral,Medium
5639,train,Neutral,Medium
5640,train,Neutral,Medium
5641,train,Neutral,Medium
5642,train,Neutral,Medium
5643,train,Neutral,Medium
5644,train,Negative,Medium
5645,train,Neutral,Medium
5646,train,Neutral,Medium
5647,train,Neutral,Medium
5648,train,Neutral,Medium
5649,train,Neutral,Low
5650,train,Neutral,Medium
5651,train,Neutral,Medium
5652,train,Negative,Medium
5653,train,Neutral,Medium
5654,train,Neutral,Medium
5655,train,Neutral,Medium
5656,train,Neutral,Medium
5657,train,Neutral,Medium
5658,train,Neutral,Medium
5659,train,Neutral,Medium
5660,train,Neutral,Medium
5661,train,Neutral,Medium
5662,train,Neutral,Medium
5663,train,Neutral,Medium
5664,train,Neutral,Medium
5665,train,Neutral,Medium
5666,train,Neutral,Medium
5667,train,Negative,High
5668,train,Neutral,Medium
5669,train,Neutral,Medium
5670,train,Negative,Medium
5671,train,Neutral,Medium
5672,train,Neutral,Medium
5673,train,Neutral,Medium
5674,train,Neutral,Medium
5675,train,Neutral,Medium
5676,train,Neutral,Medium
5677,train,Neutral,Medium
5678,train,Neutral,Medium
5679,train,Neutral,Medium
5680,train,Neutral,Medium
5681,train,Neutral,Medium
5682,train,Neutral,Medium
5683,train,Neutral,Medium
5684,train,Neutral,Medium
5685,train,Neutral,Medium
5686,train,Neutral,Medium
5687,train,Neutral,Medium
5688,train,Neutral,Medium
5689,train,Neutral,Medium
5690,train,Neutral,Medium
5691,train,Neutral,Medium
5692,train,Neutral,Medium
5693,train,Neutral,Medium
5694,train,Neutral,Medium
5695,train,Neutral,Medium
5696,train,Neutral,Medium
5697,train,Neutral,Medium
5698,train,Neutral,Medium
5699,train,Neutral,High
5700,train,Neutral,Medium
5701,train,Neutral,Medium
5702,train,Neutral,Medium
5703,train,Neutral,High
5704,train,Neutral,Medium
5705,train,Neutral,Medium
5706,train,Neutral,Medium
5707,train,Neutral,Medium
5708,train,Neutral,Medium
5709,train,Neutral,Medium
5710,train,Neutral,Medium
5711,train,Neutral,Medium
5712,train,Neutral,Medium
5713,train,Neutral,Medium
5714,train,Neutral,Medium
5715,train,Neutral,Medium
5716,train,Neutral,Medium
5717,train,Neutral,Medium
5718,train,Neutral,Medium
5719,train,Neutral,Medium
5720,train,Negative,Medium
5721,train,Neutral,Medium
5722,train,Neutral,Medium
5723,train,Neutral,Medium
5724,train,Neutral,Medium
5725,train,Neutral,Medium
5726,train,Neutral,Medium
5727,train,Neutral,Medium
5728,train,Neutral,Medium
5729,train,Negative,Medium
5730,train,Neutral,Medium
5731,train,Neutral,Medium
5732,train,Negative,Medium
5733,train,Neutral,Medium
5734,train,Neutral,Medium
5735,train,Neutral,Medium
5736,train,Neutral,Medium
5737,train,Neutral,Medium
5738,train,Neutral,Medium
5739,train,Neutral,Medium
5740,train,Neutral,Medium
5741,train,Neutral,Medium
5742,train,Neutral,Medium
5743,train,Neutral,Medium
5744,train,Neutral,Medium
5745,train,Neutral,Medium
5746,train,Neutral,Medium
5747,train,Neutral,Medium
5748,train,Neutral,Medium
5749,train,Neutral,Medium
5750,train,Neutral,Medium
5751,train,Negative,Medium
5752,train,Neutral,Medium
5753,train,Neutral,Medium
5754,train,Neutral,Medium
5755,train,Neutral,Medium
5756,train,Neutral,Medium
5757,train,Neutral,Medium
5758,train,Neutral,Medium
5759,train,Neutral,Medium
5760,train,Neutral,Medium
5761,train,Neutral,Low
5762,train,Neutral,Medium
5763,train,Neutral,Medium
5764,train,Neutral,Medium
5765,train,Neutral,Medium
5766,train,Neutral,Medium
5767,train,Neutral,Medium
5768,train,Neutral,Medium
5769,train,Negative,Medium
5770,train,Neutral,Medium
5771,train,Neutral,Medium
5772,train,Neutral,Medium
5773,train,Neutral,Medium
5774,train,Neutral,Medium
5775,train,Neutral,Medium
5776,train,Neutral,Low
5777,train,Neutral,Low
5778,train,Neutral,Medium
5779,train,Neutral,Medium
5780,train,Neutral,Medium
5781,train,Neutral,Medium
5782,train,Neutral,Medium
5783,train,Neutral,Medium
5784,train,Neutral,Medium
5785,train,Neutral,Medium
5786,train,Neutral,Medium
5787,train,Neutral,Medium
5788,train,Neutral,Medium
5789,train,Neutral,Medium
5790,train,Neutral,Medium
5791,train,Neutral,Medium
5792,train,Neutral,Medium
5793,train,Neutral,Medium
5794,train,Neutral,Medium
5795,train,Neutral,Medium
5796,train,Neutral,Medium
5797,train,Neutral,Medium
5798,train,Neutral,Medium
5799,train,Neutral,Medium
5800,train,Neutral,Medium
5801,train,Neutral,Medium
5802,train,Neutral,Low
5803,train,Neutral,Medium
5804,train,Neutral,Medium
5805,train,Neutral,Medium
5806,train,Neutral,Medium
5807,train,Neutral,Medium
5808,train,Neutral,Medium
5809,train,Neutral,Medium
5810,train,Neutral,Medium
5811,train,Neutral,Medium
5812,train,Neutral,Medium
5813,train,Neutral,Medium
5814,train,Neutral,Medium
5815,train,Neutral,Medium
5816,train,Neutral,Medium
5817,train,Neutral,Low
5818,train,Neutral,Medium
5819,train,Neutral,Medium
5820,train,Negative,Medium
5821,train,Neutral,Medium
5822,train,Neutral,Medium
5823,train,Neutral,Medium
5824,train,Neutral,Medium
5825,train,Neutral,Medium
5826,train,Neutral,Medium
5827,train,Neutral,Medium
5828,train,Neutral,Medium
5829,train,Neutral,Medium
5830,train,Neutral,Medium
5831,train,Neutral,Medium
5832,train,Neutral,Medium
5833,train,Neutral,Medium
5834,train,Neutral,Medium
5835,train,Neutral,Medium
5836,train,Neutral,Medium
5837,train,Neutral,Medium
5838,train,Neutral,Medium
5839,train,Neutral,Medium
5840,train,Neutral,Medium
5841,train,Neutral,Low
5842,train,Neutral,Medium
5843,train,Neutral,Medium
5844,train,Neutral,Medium
5845,train,Negative,Medium
5846,train,Neutral,Low
5847,train,Neutral,Medium
5848,train,Neutral,Medium
5849,train,Neutral,Medium
5850,train,Negative,Medium
5851,train,Neutral,Medium
5852,train,Neutral,Medium
5853,train,Neutral,Medium
5854,train,Neutral,Medium
5855,train,Neutral,Medium
5856,train,Negative,Medium
5857,train,Negative,Medium
5858,train,Neutral,Medium
5859,train,Neutral,Medium
5860,train,Neutral,Medium
5861,train,Neutral,Medium
5862,train,Neutral,Medium
5863,train,Neutral,Medium
5864,train,Neutral,Medium
5865,train,Neutral,Medium
5866,train,Neutral,Medium
5867,train,Neutral,Medium
5868,train,Negative,Medium
5869,train,Negative,Medium
5870,train,Neutral,Medium
5871,train,Neutral,Medium
5872,train,Neutral,Medium
5873,train,Neutral,Medium
5874,train,Neutral,Medium
5875,train,Neutral,Medium
5876,train,Neutral,Medium
5877,train,Neutral,Medium
5878,train,Negative,Medium
5879,train,Neutral,Medium
5880,train,Neutral,Medium
5881,train,Neutral,Medium
5882,train,Neutral,Medium
5883,train,Neutral,Medium
5884,train,Neutral,Medium
5885,train,Neutral,Medium
5886,train,Neutral,Medium
5887,train,Neutral,Medium
5888,train,Neutral,Medium
5889,train,Neutral,Medium
5890,train,Neutral,Medium
5891,train,Neutral,Medium
5892,train,Neutral,Medium
5893,train,Neutral,Medium
5894,train,Neutral,Medium
5895,train,Neutral,Medium
5896,train,Neutral,Medium
5897,train,Neutral,Medium
5898,train,Negative,Medium
5899,train,Neutral,Medium
5900,train,Neutral,Medium
5901,train,Neutral,Medium
5902,train,Neutral,Medium
5903,train,Negative,Medium
5904,train,Neutral,Medium
5905,train,Neutral,Medium
5906,train,Neutral,Medium
5907,train,Neutral,Medium
5908,train,Neutral,Medium
5909,train,Neutral,Medium
5910,train,Neutral,Medium
5911,train,Neutral,Medium
5912,train,Neutral,Medium
5913,train,Neutral,Medium
5914,train,Neutral,Medium
5915,train,Neutral,Medium
5916,train,Neutral,Medium
5917,train,Neutral,Medium
5918,train,Neutral,Medium
5919,train,Negative,Medium
5920,train,Neutral,Medium
5921,train,Negative,Medium
5922,train,Negative,Medium
5923,train,Neutral,Medium
5924,train,Neutral,Medium
5925,train,Negative,Medium
5926,train,Neutral,Medium
5927,train,Neutral,Medium
5928,train,Neutral,Medium
5929,train,Neutral,Medium
5930,train,Negative,Medium
5931,train,Neutral,Medium
5932,train,Neutral,Medium
5933,train,Neutral,Medium
5934,train,Neutral,Medium
5935,train,Neutral,Medium
5936,train,Negative,Medium
5937,train,Neutral,Medium
5938,train,Negative,Medium
5939,train,Neutral,Medium
5940,train,Neutral,Medium
5941,train,Neutral,Medium
5942,train,Neutral,Medium
5943,train,Neutral,Medium
5944,train,Neutral,Medium
5945,train,Neutral,Medium
5946,train,Neutral,Medium
5947,train,Neutral,Medium
5948,train,Neutral,Medium
5949,train,Neutral,Medium
5950,train,Neutral,Medium
5951,train,Neutral,Medium
5952,train,Neutral,Medium
5953,train,Neutral,Medium
5954,train,Negative,Medium
5955,train,Neutral,Medium
5956,train,Neutral,Medium
5957,train,Neutral,Medium
5958,train,Neutral,Medium
5959,train,Neutral,Medium
5960,train,Neutral,Medium
5961,train,Neutral,Medium
5962,train,Negative,Medium
5963,train,Neutral,Medium
5964,train,Negative,Medium
5965,train,Neutral,Medium
5966,train,Neutral,Medium
5967,train,Neutral,Medium
5968,train,Neutral,Medium
5969,train,Neutral,Medium
5970,train,Negative,Medium
5971,train,Neutral,Medium
5972,train,Neutral,Medium
5973,train,Neutral,Medium
5974,train,Neutral,Medium
5975,train,Neutral,Medium
5976,train,Neutral,Medium
5977,train,Neutral,Medium
5978,train,Neutral,Medium
5979,train,Neutral,Medium
5980,train,Neutral,Medium
5981,train,Negative,Medium
5982,train,Neutral,Medium
5983,train,Neutral,Medium
5984,train,Negative,Medium
5985,train,Neutral,Medium
5986,train,Negative,Medium
5987,train,Neutral,Medium
5988,train,Neutral,Medium
5989,train,Neutral,Low
5990,train,Neutral,Low
5991,train,Neutral,Low
5992,train,Neutral,Low
5993,train,Neutral,Low
5994,train,Neutral,Low
5995,train,Neutral,Low
5996,train,Neutral,Low
5997,train,Neutral,Low
5998,train,Neutral,Low
5999,train,Neutral,Low
6000,train,Neutral,Medium
6001,train,Neutral,Medium
6002,train,Neutral,Medium
6003,train,Neutral,Medium
6004,train,Neutral,Medium
6005,train,Neutral,Medium
6006,train,Neutral,Medium
6007,train,Neutral,Medium
6008,train,Neutral,Medium
6009,train,Neutral,Medium
6010,train,Neutral,Medium
6011,train,Neutral,Low
6012,train,Neutral,Medium
6013,train,Neutral,Medium
6014,train,Neutral,Medium
6015,train,Neutral,Medium
6016,train,Neutral,Medium
6017,train,Neutral,Medium
6018,train,Neutral,Medium
6019,train,Neutral,Medium
6020,train,Neutral,Low
6021,train,Neutral,Low
6022,train,Negative,Low
6023,train,Neutral,Low
6024,train,Neutral,Low
6025,train,Neutral,Low
6026,train,Neutral,Low
6027,train,Neutral,Low
6028,train,Neutral,High
6029,train,Neutral,High
6030,train,Neutral,Low
6031,train,Neutral,Low
6032,train,Neutral,Low
6033,train,Neutral,Low
6034,train,Neutral,Low
6035,train,Negative,Low
6036,train,Neutral,Low
6037,train,Neutral,Low
6038,train,Neutral,Low
6039,train,Neutral,Low
6040,train,Neutral,Low
6041,train,Neutral,Low
6042,train,Neutral,Low
6043,train,Neutral,Low
6044,train,Neutral,Low
6045,train,Negative,Low
6046,train,Neutral,Low
6047,train,Neutral,Low
6048,train,Neutral,Low
6049,train,Negative,Low
6050,train,Neutral,Low
6051,train,Neutral,Low
6052,train,Neutral,Low
6053,train,Neutral,Low
6054,train,Neutral,Low
6055,train,Neutral,Low
6056,train,Neutral,Low
6057,train,Neutral,Low
6058,train,Neutral,Low
6059,train,Neutral,Low
6060,train,Neutral,Low
6061,train,Neutral,Low
6062,train,Neutral,Low
6063,train,Neutral,Low
6064,train,Neutral,Low
6065,train,Neutral,Low
6066,train,Neutral,Low
6067,train,Neutral,Low
6068,train,Neutral,Low
6069,train,Neutral,Low
6070,train,Neutral,Low
6071,train,Neutral,Low
6072,train,Neutral,Low
6073,train,Neutral,Low
6074,train,Neutral,Low
6075,train,Negative,Low
6076,train,Neutral,Low
6077,train,Neutral,Low
6078,train,Neutral,Low
6079,train,Neutral,Low
6080,train,Neutral,Low
6081,train,Neutral,Low
6082,train,Neutral,Low
6083,train,Neutral,Low
6084,train,Neutral,Low
6085,train,Neutral,Low
6086,train,Neutral,Low
6087,train,Neutral,Low
6088,train,Neutral,Low
6089,train,Neutral,Low
6090,train,Neutral,Low
6091,train,Neutral,Low
6092,train,Neutral,Low
6093,train,Neutral,Low
6094,train,Neutral,Low
6095,train,Neutral,Low
6096,train,Neutral,Low
6097,train,Neutral,Low
6098,train,Neutral,Low
6099,train,Neutral,Low
6100,train,Negative,Low
6101,train,Neutral,Low
6102,train,Neutral,Low
6103,train,Neutral,Low
6104,train,Neutral,Low
6105,train,Neutral,Low
6106,train,Neutral,Low
6107,train,Neutral,Low
6108,train,Neutral,Low
6109,train,Neutral,Low
6110,train,Neutral,Low
6111,train,Neutral,Low
6112,train,Neutral,Low
6113,train,Neutral,Low
6114,train,Neutral,Low
6115,train,Neutral,Low
6116,train,Neutral,Low
6117,train,Neutral,Low
6118,train,Neutral,Low
6119,train,Negative,Low
6120,train,Neutral,Low
6121,train,Neutral,Low
6122,train,Neutral,Low
6123,train,Neutral,Low
6124,train,Neutral,Low
6125,train,Neutral,Low
6126,train,Neutral,Low
6127,train,Neutral,Low
6128,train,Neutral,Low
6129,train,Neutral,High
6130,train,Neutral,Low
6131,train,Neutral,Low
6132,train,Neutral,Low
6133,train,Neutral,Low
6134,train,Neutral,Low
6135,train,Neutral,Low
6136,train,Neutral,Low
6137,train,Neutral,High
6138,train,Neutral,High
6139,train,Neutral,High
6140,train,Neutral,High
6141,train,Neutral,High
6142,train,Neutral,High
6143,train,Neutral,High
6144,train,Negative,High
6145,train,Neutral,High
6146,train,Neutral,High
6147,train,Negative,High
6148,train,Neutral,High
6149,train,Negative,High
6150,train,Neutral,High
6151,train,Neutral,High
6152,train,Neutral,High
6153,train,Neutral,High
6154,train,Neutral,High
6155,train,Neutral,High
6156,train,Neutral,High
6157,train,Negative,High
6158,train,Neutral,High
6159,train,Neutral,High
6160,train,Neutral,High
6161,train,Neutral,High
6162,train,Neutral,High
6163,train,Neutral,High
6164,train,Neutral,High
6165,train,Neutral,High
6166,train,Neutral,High
6167,train,Neutral,High
6168,train,Neutral,High
6169,train,Negative,High
6170,train,Neutral,High
6171,train,Neutral,High
6172,train,Neutral,High
6173,train,Neutral,High
6174,train,Neutral,High
6175,train,Neutral,High
6176,train,Neutral,High
6177,train,Neutral,High
6178,train,Neutral,High
6179,train,Negative,High
6180,train,Negative,High
6181,train,Neutral,High
6182,train,Neutral,High
6183,train,Negative,High
6184,train,Neutral,High
6185,train,Neutral,High
6186,train,Neutral,High
6187,train,Neutral,High
6188,train,Neutral,High
6189,train,Negative,High
6190,train,Negative,High
6191,train,Neutral,High
6192,train,Neutral,High
6193,train,Neutral,High
6194,train,Negative,High
6195,train,Negative,High
6196,train,Neutral,High
6197,train,Negative,High
6198,train,Neutral,High
6199,train,Negative,High
6200,train,Neutral,High
6201,train,Neutral,High
6202,train,Neutral,High
6203,train,Neutral,High
6204,train,Neutral,High
6205,train,Neutral,High
6206,train,Neutral,High
6207,train,Neutral,High
6208,train,Neutral,High
6209,train,Neutral,High
6210,train,Negative,High
6211,train,Neutral,High
6212,train,Neutral,High
6213,train,Neutral,High
6214,train,Negative,High
6215,train,Negative,High
6216,train,Neutral,High
6217,train,Neutral,High
6218,train,Negative,Low
6219,train,Neutral,High
6220,train,Neutral,High
6221,train,Neutral,High
6222,train,Neutral,High
6223,train,Neutral,High
6224,train,Neutral,High
6225,train,Neutral,High
6226,train,Neutral,High
6227,train,Neutral,High
6228,train,Negative,High
6229,train,Negative,Low
6230,train,Neutral,High
6231,train,Negative,High
6232,train,Neutral,High
6233,train,Neutral,High
6234,train,Neutral,High
6235,train,Negative,High
6236,train,Negative,High
6237,train,Neutral,High
6238,train,Neutral,High
6239,train,Neutral,High
6240,train,Neutral,High
6241,train,Neutral,High
6242,train,Neutral,High
6243,train,Neutral,High
6244,train,Neutral,High
6245,train,Neutral,Medium
6246,train,Neutral,Medium
6247,train,Neutral,Medium
6248,train,Neutral,Medium
6249,train,Neutral,Medium
6250,train,Neutral,Medium
6251,train,Neutral,Medium
6252,train,Neutral,Medium
6253,train,Neutral,Medium
6254,train,Neutral,Medium
6255,train,Neutral,Medium
6256,train,Neutral,Medium
6257,train,Negative,High
6258,train,Negative,Medium
6259,train,Neutral,Medium
6260,train,Negative,Medium
6261,train,Neutral,Medium
6262,train,Neutral,Medium
6263,train,Neutral,Medium
6264,train,Neutral,Medium
6265,train,Neutral,Medium
6266,train,Neutral,Medium
6267,train,Neutral,Medium
6268,train,Neutral,Medium
6269,train,Neutral,Medium
6270,train,Neutral,Medium
6271,train,Neutral,Medium
6272,train,Neutral,Medium
6273,train,Neutral,Medium
6274,train,Neutral,Medium
6275,train,Neutral,Medium
6276,train,Neutral,Medium
6277,train,Neutral,Medium
6278,train,Neutral,Medium
6279,train,Neutral,Medium
6280,train,Neutral,Medium
6281,train,Neutral,Medium
6282,train,Neutral,Medium
6283,train,Neutral,Medium
6284,train,Neutral,Medium
6285,train,Neutral,Medium
6286,train,Neutral,Medium
6287,train,Neutral,Medium
6288,train,Neutral,Medium
6289,train,Neutral,Medium
6290,train,Neutral,Medium
6291,train,Neutral,Medium
6292,train,Neutral,Medium
6293,train,Neutral,Medium
6294,train,Neutral,Medium
6295,train,Neutral,Medium
6296,train,Neutral,Medium
6297,train,Neutral,Medium
6298,train,Neutral,Medium
6299,train,Neutral,Medium
6300,train,Neutral,Medium
6301,train,Neutral,Medium
6302,train,Neutral,Medium
6303,train,Neutral,Medium
6304,train,Neutral,Medium
6305,train,Neutral,Medium
6306,train,Neutral,Medium
6307,train,Neutral,Medium
6308,train,Neutral,Medium
6309,train,Neutral,Medium
6310,train,Neutral,Medium
6311,train,Neutral,Medium
6312,train,Neutral,Medium
6313,train,Neutral,Medium
6314,train,Neutral,Medium
6315,train,Neutral,Medium
6316,train,Neutral,Medium
6317,train,Neutral,Medium
6318,train,Neutral,Medium
6319,train,Neutral,Medium
6320,train,Neutral,Medium
6321,train,Neutral,Medium
6322,train,Neutral,Medium
6323,train,Neutral,Low
6324,train,Neutral,Medium
6325,train,Neutral,Medium
6326,train,Neutral,Medium
6327,train,Neutral,Medium
6328,train,Neutral,Medium
6329,train,Neutral,Medium
6330,train,Neutral,Medium
6331,train,Neutral,Medium
6332,train,Neutral,Medium
6333,train,Neutral,Medium
6334,train,Neutral,Medium
6335,train,Neutral,Medium
6336,train,Neutral,Medium
6337,train,Neutral,Medium
6338,train,Neutral,Medium
6339,train,Neutral,Medium
6340,train,Neutral,Medium
6341,train,Neutral,Medium
6342,train,Neutral,Medium
6343,train,Neutral,Medium
6344,train,Neutral,Medium
6345,train,Neutral,Medium
6346,train,Neutral,Medium
6347,train,Neutral,Medium
6348,train,Neutral,Medium
6349,train,Neutral,Medium
6350,train,Neutral,Medium
6351,train,Neutral,Medium
6352,train,Neutral,Medium
6353,train,Neutral,Medium
6354,train,Negative,Medium
6355,train,Neutral,High
6356,train,Neutral,Medium
6357,train,Neutral,Medium
6358,train,Neutral,Medium
6359,train,Neutral,Medium
6360,train,Neutral,Medium
6361,train,Neutral,Medium
6362,train,Neutral,Medium
6363,train,Neutral,Medium
6364,train,Neutral,Medium
6365,train,Neutral,Medium
6366,train,Neutral,Medium
6367,train,Neutral,Medium
6368,train,Neutral,Medium
6369,train,Neutral,Medium
6370,train,Neutral,Medium
6371,train,Neutral,Medium
6372,train,Neutral,Medium
6373,train,Neutral,Medium
6374,train,Neutral,Medium
6375,train,Neutral,Medium
6376,train,Neutral,Medium
6377,train,Neutral,Medium
6378,train,Neutral,Medium
6379,train,Neutral,Medium
6380,train,Neutral,Medium
6381,train,Neutral,Medium
6382,train,Negative,Medium
6383,train,Neutral,Medium
6384,train,Negative,Medium
6385,train,Neutral,Medium
6386,train,Neutral,Medium
6387,train,Neutral,Medium
6388,train,Neutral,Medium
6389,train,Neutral,Medium
6390,train,Neutral,Medium
6391,train,Neutral,Medium
6392,train,Negative,Medium
6393,train,Neutral,Medium
6394,train,Neutral,Medium
6395,train,Neutral,Medium
6396,train,Neutral,Medium
6397,train,Neutral,Medium
6398,train,Neutral,Medium
6399,train,Neutral,Medium
6400,train,Neutral,Medium
6401,train,Neutral,Medium
6402,train,Neutral,Medium
6403,train,Neutral,Medium
6404,train,Neutral,Medium
6405,train,Neutral,Medium
6406,train,Neutral,Medium
6407,train,Neutral,Medium
6408,train,Neutral,Medium
6409,train,Neutral,Medium
6410,train,Neutral,Medium
6411,train,Neutral,Medium
6412,train,Neutral,Medium
6413,train,Neutral,Medium
6414,train,Neutral,Medium
6415,train,Neutral,Medium
6416,train,Neutral,Medium
6417,train,Neutral,Medium
6418,train,Neutral,Medium
6419,train,Neutral,Medium
6420,train,Neutral,Medium
6421,train,Neutral,Medium
6422,train,Neutral,Medium
6423,train,Neutral,Medium
6424,train,Neutral,Medium
6425,train,Neutral,Medium
6426,train,Neutral,Medium
6427,train,Neutral,Medium
6428,train,Neutral,Medium
6429,train,Neutral,Medium
6430,train,Neutral,Medium
6431,train,Neutral,Medium
6432,train,Neutral,Low
6433,train,Neutral,Medium
6434,train,Neutral,Medium
6435,train,Neutral,Medium
6436,train,Neutral,Medium
6437,train,Neutral,Medium
6438,train,Neutral,Medium
6439,train,Neutral,Medium
6440,train,Neutral,Medium
6441,train,Neutral,Medium
6442,train,Neutral,Medium
6443,train,Neutral,Medium
6444,train,Neutral,Medium
6445,train,Neutral,Medium
6446,train,Neutral,Medium
6447,train,Neutral,Medium
6448,train,Neutral,Medium
6449,train,Neutral,Medium
6450,train,Neutral,Medium
6451,train,Neutral,Medium
6452,train,Neutral,Medium
6453,train,Neutral,Medium
6454,train,Neutral,Medium
6455,train,Neutral,Medium
6456,train,Neutral,Medium
6457,train,Neutral,Medium
6458,train,Neutral,Medium
6459,train,Neutral,Medium
6460,train,Neutral,Medium
6461,train,Neutral,Medium
6462,train,Neutral,Medium
6463,train,Neutral,Medium
6464,train,Neutral,Medium
6465,train,Neutral,Medium
6466,train,Neutral,Medium
6467,train,Neutral,Medium
6468,train,Neutral,Medium
6469,train,Neutral,Medium
6470,train,Neutral,Medium
6471,train,Neutral,Medium
6472,train,Neutral,Medium
6473,train,Neutral,Medium
6474,train,Neutral,Medium
6475,train,Neutral,Medium
6476,train,Neutral,Medium
6477,train,Neutral,Medium
6478,train,Neutral,Medium
6479,train,Neutral,Medium
6480,train,Neutral,Medium
6481,train,Neutral,Low
6482,train,Neutral,Low
6483,train,Neutral,Low
6484,train,Neutral,Low
6485,train,Neutral,Low
6486,train,Neutral,Low
6487,train,Neutral,Low
6488,train,Neutral,Low
6489,train,Neutral,Low
6490,train,Neutral,Low
6491,train,Neutral,Low
6492,train,Neutral,Low
6493,train,Neutral,Low
6494,train,Neutral,Low
6495,train,Neutral,Low
6496,train,Neutral,Low
6497,train,Neutral,Low
6498,train,Neutral,Low
6499,train,Neutral,Low
6500,train,Neutral,Low
6501,train,Neutral,Low
6502,train,Neutral,Low
6503,train,Neutral,Low
6504,train,Neutral,Low
6505,train,Neutral,Low
6506,train,Neutral,Low
6507,train,Neutral,Low
6508,train,Neutral,Low
6509,train,Neutral,Low
6510,train,Neutral,Low
6511,train,Neutral,Low
6512,train,Neutral,Low
6513,train,Neutral,Low
6514,train,Neutral,Low
6515,train,Neutral,Low
6516,train,Neutral,Low
6517,train,Neutral,Low
6518,train,Neutral,Low
6519,train,Neutral,Low
6520,train,Neutral,Low
6521,train,Neutral,Low
6522,train,Neutral,Low
6523,train,Neutral,Low
6524,train,Neutral,Low
6525,train,Neutral,Low
6526,train,Neutral,Low
6527,train,Neutral,Low
6528,train,Neutral,Low
6529,train,Neutral,Low
6530,train,Neutral,Low
6531,train,Neutral,Low
6532,train,Neutral,Low
6533,train,Neutral,Low
6534,train,Neutral,Low
6535,train,Neutral,Low
6536,train,Neutral,Low
6537,train,Neutral,Low
6538,train,Neutral,Low
6539,train,Neutral,Low
6540,train,Neutral,Low
6541,train,Neutral,Low
6542,train,Neutral,Low
6543,train,Neutral,Low
6544,train,Neutral,Low
6545,train,Neutral,Low
6546,train,Neutral,Low
6547,train,Neutral,Low
6548,train,Neutral,Low
6549,train,Neutral,Low
6550,train,Neutral,Low
6551,train,Neutral,Low
6552,train,Neutral,Low
6553,train,Neutral,Low
6554,train,Neutral,Low
6555,train,Neutral,Low
6556,train,Neutral,Low
6557,train,Neutral,Low
6558,train,Neutral,Low
6559,train,Neutral,Low
6560,train,Neutral,Low
6561,train,Neutral,Low
6562,train,Neutral,Low
6563,train,Neutral,Low
6564,train,Neutral,Low
6565,train,Neutral,Low
6566,train,Neutral,Low
6567,train,Neutral,Low
6568,train,Neutral,Low
6569,train,Neutral,Low
6570,train,Neutral,Low
6571,train,Neutral,Low
6572,train,Neutral,Low
6573,train,Neutral,Low
6574,train,Neutral,Low
6575,train,Neutral,Low
6576,train,Neutral,Low
6577,train,Neutral,Low
6578,train,Neutral,Low
6579,train,Neutral,Low
6580,train,Neutral,Low
6581,train,Neutral,Low
6582,train,Neutral,Low
6583,train,Neutral,Low
6584,train,Neutral,Low
6585,train,Neutral,Low
6586,train,Neutral,Low
6587,train,Neutral,Low
6588,train,Neutral,Low
6589,train,Neutral,Low
6590,train,Neutral,Low
6591,train,Neutral,Low
6592,train,Neutral,Low
6593,train,Neutral,Low
6594,train,Neutral,Low
6595,train,Neutral,Low
6596,train,Neutral,Low
6597,train,Neutral,Low
6598,train,Neutral,Low
6599,train,Neutral,Low
6600,train,Neutral,Low
6601,train,Neutral,Low
6602,train,Neutral,Low
6603,train,Neutral,Low
6604,train,Neutral,Low
6605,train,Neutral,Low
6606,train,Neutral,Low
6607,train,Neutral,Low
6608,train,Neutral,Low
6609,train,Neutral,Low
6610,train,Neutral,High
6611,train,Neutral,Low
6612,train,Neutral,Low
6613,train,Neutral,Low
6614,train,Neutral,Low
6615,train,Neutral,Low
6616,train,Neutral,Low
6617,train,Neutral,Low
6618,train,Neutral,Low
6619,train,Neutral,High
6620,train,Neutral,Low
6621,train,Neutral,Low
6622,train,Neutral,Low
6623,train,Neutral,Low
6624,train,Neutral,Low
6625,train,Neutral,Low
6626,train,Neutral,Low
6627,train,Neutral,Low
6628,train,Neutral,High
6629,train,Neutral,Low
6630,train,Neutral,Low
6631,train,Neutral,Low
6632,train,Neutral,Low
6633,train,Neutral,Low
6634,train,Neutral,Low
6635,train,Neutral,Low
6636,train,Neutral,Low
6637,train,Neutral,Low
6638,train,Neutral,Low
6639,train,Neutral,High
6640,train,Neutral,Low
6641,train,Neutral,Low
6642,train,Neutral,Low
6643,train,Neutral,Low
6644,train,Neutral,Low
6645,train,Neutral,Low
6646,train,Neutral,Low
6647,train,Neutral,Low
6648,train,Neutral,Low
6649,train,Neutral,High
6650,train,Neutral,High
6651,train,Neutral,Low
6652,train,Neutral,Low
6653,train,Neutral,Low
6654,train,Neutral,Low
6655,train,Neutral,Low
6656,train,Neutral,Low
6657,train,Neutral,Low
6658,train,Neutral,Low
6659,train,Neutral,Low
6660,train,Neutral,Low
6661,train,Neutral,Low
6662,train,Neutral,Low
6663,train,Neutral,Low
6664,train,Neutral,Low
6665,train,Neutral,Low
6666,train,Neutral,Low
6667,train,Neutral,Low
6668,train,Neutral,Low
6669,train,Neutral,Low
6670,train,Neutral,High
6671,train,Neutral,High
6672,train,Neutral,Low
6673,train,Neutral,Low
6674,train,Neutral,Low
6675,train,Neutral,High
6676,train,Neutral,Low
6677,train,Neutral,Low
6678,train,Neutral,Low
6679,train,Neutral,High
6680,train,Neutral,Low
6681,train,Neutral,High
6682,train,Neutral,Low
6683,train,Neutral,High
6684,train,Neutral,Low
6685,train,Neutral,Low
6686,train,Neutral,Low
6687,train,Neutral,Low
6688,train,Neutral,Low
6689,train,Neutral,Low
6690,train,Neutral,Low
6691,train,Neutral,Low
6692,train,Neutral,Low
6693,train,Neutral,Low
6694,train,Neutral,Low
6695,train,Neutral,Low
6696,train,Neutral,Low
6697,train,Neutral,Low
6698,train,Neutral,Low
6699,train,Neutral,Low
6700,train,Neutral,High
6701,train,Neutral,High
6702,train,Neutral,Low
6703,train,Neutral,Low
6704,train,Neutral,Low
6705,train,Neutral,Low
6706,train,Neutral,Low
6707,train,Neutral,Low
6708,train,Neutral,Low
6709,train,Neutral,Low
6710,train,Neutral,Low
6711,train,Neutral,Low
6712,train,Neutral,Low
6713,train,Neutral,Low
6714,train,Neutral,Low
6715,train,Neutral,Medium
6716,train,Neutral,Low
6717,train,Neutral,Medium
6718,train,Neutral,Low
6719,train,Neutral,Low
6720,train,Neutral,High
6721,train,Neutral,Low
6722,train,Neutral,Medium
6723,train,Neutral,Low
6724,train,Neutral,Low
6725,train,Neutral,Low
6726,train,Neutral,Low
6727,train,Neutral,Low
6728,train,Negative,Low
6729,train,Neutral,Low
6730,train,Neutral,Low
6731,train,Neutral,Low
6732,train,Neutral,Low
6733,train,Neutral,Low
6734,train,Neutral,Low
6735,train,Neutral,Low
6736,train,Neutral,Low
6737,train,Neutral,Low
6738,train,Negative,Medium
6739,train,Neutral,Low
6740,train,Neutral,Low
6741,train,Neutral,Low
6742,train,Neutral,Low
6743,train,Neutral,High
6744,train,Neutral,Low
6745,train,Neutral,Low
6746,train,Neutral,Low
6747,train,Neutral,Low
6748,train,Neutral,Low
6749,train,Neutral,Low
6750,train,Neutral,Low
6751,train,Neutral,Low
6752,train,Neutral,Low
6753,train,Neutral,Low
6754,train,Neutral,Low
6755,train,Neutral,Low
6756,train,Neutral,Low
6757,train,Neutral,Low
6758,train,Neutral,Low
6759,train,Neutral,Low
6760,train,Neutral,Low
6761,train,Neutral,Low
6762,train,Neutral,Medium
6763,train,Neutral,Low
6764,train,Neutral,Low
6765,train,Neutral,Low
6766,train,Neutral,Low
6767,train,Neutral,Low
6768,train,Neutral,Low
6769,train,Neutral,Low
6770,train,Neutral,High
6771,train,Negative,High
6772,train,Neutral,Low
6773,train,Neutral,Medium
6774,train,Neutral,Low
6775,train,Neutral,Low
6776,train,Neutral,Low
6777,train,Neutral,High
6778,train,Neutral,Low
6779,train,Negative,Medium
6780,train,Neutral,Low
6781,train,Neutral,Low
6782,train,Neutral,Low
6783,train,Neutral,Low
6784,train,Neutral,Low
6785,train,Neutral,Low
6786,train,Neutral,Low
6787,train,Neutral,Low
6788,train,Neutral,Low
6789,train,Neutral,Low
6790,train,Neutral,Low
6791,train,Neutral,Low
6792,train,Neutral,Low
6793,train,Neutral,Low
6794,train,Neutral,Low
6795,train,Neutral,Low
6796,train,Neutral,Low
6797,train,Neutral,Low
6798,train,Neutral,Low
6799,train,Neutral,Low
6800,train,Neutral,Low
6801,train,Neutral,Low
6802,train,Neutral,Low
6803,train,Neutral,Low
6804,train,Neutral,Low
6805,train,Neutral,Low
6806,train,Neutral,Low
6807,train,Neutral,Low
6808,train,Neutral,Low
6809,train,Neutral,Low
6810,train,Neutral,High
6811,train,Negative,Medium
6812,train,Neutral,Low
6813,train,Negative,Medium
6814,train,Neutral,Low
6815,train,Neutral,Low
6816,train,Neutral,Low
6817,train,Negative,Medium
6818,train,Neutral,Low
6819,train,Neutral,Low
6820,train,Negative,High
6821,train,Neutral,Low
6822,train,Neutral,Low
6823,train,Neutral,Low
6824,train,Neutral,Low
6825,train,Neutral,Low
6826,train,Neutral,Low
6827,train,Neutral,Low
6828,train,Neutral,Low
6829,train,Neutral,Low
6830,train,Neutral,Low
6831,train,Neutral,Low
6832,train,Neutral,Low
6833,train,Neutral,Low
6834,train,Neutral,Low
6835,train,Neutral,Low
6836,train,Negative,Low
6837,train,Neutral,Low
6838,train,Neutral,Low
6839,train,Neutral,Low
6840,train,Negative,Low
6841,train,Neutral,Low
6842,train,Neutral,Low
6843,train,Neutral,Low
6844,train,Neutral,Low
6845,train,Neutral,Low
6846,train,Neutral,Low
6847,train,Neutral,Medium
6848,train,Neutral,Low
6849,train,Neutral,Low
6850,train,Neutral,Low
6851,train,Neutral,Low
6852,train,Neutral,Medium
6853,train,Neutral,Low
6854,train,Neutral,Low
6855,train,Neutral,Low
6856,train,Neutral,Low
6857,train,Neutral,Low
6858,train,Neutral,Medium
6859,train,Neutral,Low
6860,train,Neutral,Low
6861,train,Neutral,Low
6862,train,Neutral,Low
6863,train,Neutral,Low
6864,train,Neutral,Low
6865,train,Neutral,Low
6866,train,Negative,Medium
6867,train,Neutral,Low
6868,train,Neutral,Low
6869,train,Neutral,Low
6870,train,Neutral,Medium
6871,train,Neutral,Low
6872,train,Neutral,Low
6873,train,Neutral,Low
6874,train,Neutral,Low
6875,train,Negative,Medium
6876,train,Neutral,Low
6877,train,Neutral,Low
6878,train,Neutral,Low
6879,train,Neutral,Low
6880,train,Neutral,Low
6881,train,Neutral,Low
6882,train,Neutral,Low
6883,train,Neutral,Low
6884,train,Neutral,Low
6885,train,Neutral,Low
6886,train,Neutral,Low
6887,train,Neutral,Low
6888,train,Neutral,Low
6889,train,Neutral,Low
6890,train,Neutral,Low
6891,train,Neutral,Low
6892,train,Neutral,Low
6893,train,Neutral,Low
6894,train,Neutral,Low
6895,train,Neutral,Low
6896,train,Neutral,Low
6897,train,Neutral,Low
6898,train,Neutral,Low
6899,train,Neutral,Low
6900,train,Neutral,Low
6901,train,Neutral,Low
6902,train,Neutral,Low
6903,train,Neutral,Low
6904,train,Neutral,Low
6905,train,Neutral,Low
6906,train,Neutral,Low
6907,train,Neutral,Low
6908,train,Neutral,Low
6909,train,Neutral,Low
6910,train,Neutral,Low
6911,train,Neutral,Low
6912,train,Neutral,Low
6913,train,Neutral,Low
6914,train,Neutral,Low
6915,train,Neutral,Low
6916,train,Neutral,Low
6917,train,Neutral,Low
6918,train,Neutral,Low
6919,train,Neutral,High
6920,train,Neutral,Low
6921,train,Neutral,Low
6922,train,Neutral,Low
6923,train,Neutral,Low
6924,train,Neutral,Low
6925,train,Neutral,Low
6926,train,Neutral,Low
6927,train,Neutral,High
6928,train,Neutral,High
6929,train,Neutral,High
6930,train,Neutral,Low
6931,train,Neutral,Low
6932,train,Neutral,Low
6933,train,Neutral,Low
6934,train,Neutral,Low
6935,train,Neutral,Low
6936,train,Neutral,Low
6937,train,Neutral,Low
6938,train,Neutral,Low
6939,train,Neutral,Low
6940,train,Neutral,Low
6941,train,Neutral,Low
6942,train,Neutral,Low
6943,train,Neutral,Low
6944,train,Neutral,Low
6945,train,Neutral,Low
6946,train,Neutral,High
6947,train,Neutral,Low
6948,train,Neutral,Low
6949,train,Neutral,Low
6950,train,Neutral,High
6951,train,Neutral,Low
6952,train,Neutral,Low
6953,train,Neutral,Low
6954,train,Neutral,High
6955,train,Neutral,Low
6956,train,Neutral,Low
6957,train,Neutral,Low
6958,train,Neutral,Low
6959,train,Neutral,Low
6960,train,Neutral,Low
6961,train,Neutral,Low
6962,train,Neutral,Low
6963,train,Neutral,Low
6964,train,Neutral,Low
6966,train,Neutral,Low
6967,train,Neutral,Low
6968,train,Neutral,Low
6969,train,Neutral,Low
6970,train,Neutral,Low
6971,train,Neutral,Low
6972,train,Neutral,Low
6973,train,Neutral,Low
6974,train,Neutral,Low
6975,train,Neutral,Low
6976,train,Neutral,Low
6977,train,Neutral,Low
6978,train,Neutral,Low
6979,train,Neutral,Low
6980,train,Neutral,Low
6981,train,Neutral,Low
6982,train,Neutral,Low
6983,train,Neutral,Low
6984,train,Neutral,Low
6985,train,Neutral,Low
6986,train,Neutral,Low
6987,train,Neutral,Low
6988,train,Neutral,Low
6989,train,Neutral,Low
6990,train,Neutral,Low
6991,train,Neutral,Low
6992,train,Neutral,Low
6993,train,Neutral,Low
6994,train,Neutral,Low
6995,train,Neutral,Low
6996,train,Neutral,Low
6997,train,Neutral,Low
6998,train,Neutral,Low
6999,train,Neutral,Low
7000,train,Neutral,Low
7001,train,Neutral,Low
7002,train,Neutral,Low
7003,train,Neutral,Low
7004,train,Neutral,Low
7005,train,Neutral,Low
7006,train,Neutral,Low
7007,train,Neutral,Medium
7008,train,Neutral,Low
7009,train,Neutral,Medium
7010,train,Neutral,Low
7011,train,Neutral,Medium
7012,train,Neutral,Low
7013,train,Neutral,Medium
7014,train,Neutral,Medium
7015,train,Neutral,Medium
7016,train,Neutral,Medium
7017,train,Neutral,Low
7018,train,Neutral,Medium
7019,train,Neutral,Low
7020,train,Neutral,Low
7021,train,Neutral,Low
7022,train,Neutral,Low
7023,train,Neutral,Low
7024,train,Neutral,Low
7025,train,Neutral,Medium
7026,train,Neutral,Medium
7027,train,Neutral,Medium
7028,train,Neutral,Medium
7029,train,Neutral,Low
7030,train,Neutral,Medium
7031,train,Neutral,Low
7032,train,Neutral,Low
7033,train,Neutral,Low
7034,train,Neutral,Low
7035,train,Neutral,Low
7036,train,Neutral,Low
7037,train,Neutral,Low
7038,train,Neutral,Low
7039,train,Neutral,Medium
7040,train,Neutral,Medium
7041,train,Neutral,Medium
7042,train,Neutral,Medium
7043,train,Neutral,Medium
7044,train,Neutral,Medium
7045,train,Neutral,Medium
7046,train,Neutral,Medium
7047,train,Neutral,Medium
7048,train,Neutral,Medium
7049,train,Neutral,Medium
7050,train,Neutral,Medium
7051,train,Neutral,Medium
7052,train,Neutral,Medium
7053,train,Neutral,Low
7054,train,Neutral,Medium
7055,train,Neutral,Medium
7056,train,Neutral,Medium
7057,train,Neutral,Medium
7058,train,Neutral,Medium
7059,train,Neutral,Medium
7060,train,Neutral,Medium
7061,train,Neutral,Low
7062,train,Negative,Medium
7063,train,Neutral,Low
7064,train,Neutral,Low
7065,train,Neutral,Medium
7066,train,Neutral,Low
7067,train,Neutral,Medium
7068,train,Neutral,Medium
7069,train,Neutral,Medium
7070,train,Neutral,Medium
7071,train,Neutral,Medium
7072,train,Neutral,Medium
7073,train,Neutral,Medium
7074,train,Neutral,Low
7075,train,Neutral,Medium
7076,train,Neutral,Medium
7077,train,Neutral,Medium
7078,train,Neutral,Medium
7079,train,Neutral,Medium
7080,train,Neutral,Medium
7081,train,Neutral,Medium
7082,train,Negative,Medium
7083,train,Neutral,Medium
7084,train,Neutral,Medium
7085,train,Neutral,Medium
7086,train,Neutral,Medium
7087,train,Neutral,Medium
7088,train,Neutral,Medium
7089,train,Neutral,Medium
7090,train,Neutral,Medium
7091,train,Neutral,Medium
7092,train,Neutral,Medium
7093,train,Neutral,Medium
7094,train,Neutral,Medium
7095,train,Neutral,Medium
7096,train,Neutral,Medium
7097,train,Neutral,Medium
7098,train,Neutral,Medium
7099,train,Neutral,Medium
7100,train,Negative,Medium
7101,train,Neutral,Medium
7102,train,Neutral,Medium
7103,train,Neutral,Medium
7104,train,Neutral,Medium
7105,train,Negative,Medium
7106,train,Neutral,Medium
7107,train,Neutral,Medium
7108,train,Neutral,Medium
7109,train,Neutral,Low
7110,train,Neutral,Low
7111,train,Neutral,Medium
7112,train,Neutral,Medium
7113,train,Neutral,Low
7114,train,Neutral,Low
7115,train,Neutral,Medium
7116,train,Neutral,Medium
7117,train,Neutral,Low
7118,train,Neutral,Medium
7119,train,Neutral,Medium
7120,train,Neutral,Medium
7121,train,Neutral,Medium
7122,train,Neutral,Medium
7123,train,Neutral,Medium
7124,train,Neutral,Medium
7125,train,Neutral,Low
7126,train,Neutral,Medium
7127,train,Neutral,Medium
7128,train,Neutral,Medium
7129,train,Neutral,Medium
7130,train,Neutral,Medium
7131,train,Neutral,Medium
7132,train,Neutral,Medium
7133,train,Neutral,Medium
7134,train,Neutral,Medium
7135,train,Neutral,Medium
7136,train,Neutral,Medium
7137,train,Neutral,Medium
7138,train,Neutral,Medium
7139,train,Neutral,Medium
7140,train,Neutral,Low
7141,train,Neutral,Low
7142,train,Neutral,Low
7143,train,Neutral,Low
7144,train,Neutral,Low
7145,train,Neutral,Low
7146,train,Neutral,Low
7147,train,Neutral,Low
7148,train,Neutral,Low
7149,train,Neutral,Low
7150,train,Neutral,Low
7151,train,Neutral,Low
7152,train,Neutral,Low
7153,train,Neutral,Low
7154,train,Neutral,Low
7155,train,Neutral,Low
7156,train,Neutral,Low
7157,train,Neutral,Low
7158,train,Negative,Low
7159,train,Neutral,Low
7160,train,Neutral,Low
7161,train,Neutral,Medium
7162,train,Neutral,Medium
7163,train,Neutral,Medium
7164,train,Neutral,Medium
7165,train,Neutral,Medium
7166,train,Neutral,Medium
7167,train,Neutral,Medium
7168,train,Neutral,Medium
7169,train,Neutral,Medium
7170,train,Neutral,Medium
7171,train,Neutral,Medium
7172,train,Neutral,Medium
7173,train,Neutral,Medium
7174,train,Neutral,Medium
7175,train,Neutral,Medium
7176,train,Neutral,Medium
7177,train,Neutral,Medium
7178,train,Neutral,Medium
7179,train,Neutral,Medium
7180,train,Neutral,Medium
7181,train,Neutral,Medium
7182,train,Neutral,Medium
7183,train,Neutral,Medium
7184,train,Neutral,Medium
7185,train,Neutral,Medium
7186,train,Neutral,Medium
7187,train,Neutral,Medium
7188,train,Neutral,Medium
7189,train,Neutral,Medium
7190,train,Neutral,Medium
7191,train,Neutral,Medium
7192,train,Neutral,Medium
7193,train,Neutral,Medium
7194,train,Neutral,Medium
7195,train,Neutral,Medium
7196,train,Negative,Medium
7197,train,Neutral,Medium
7198,train,Neutral,Medium
7199,train,Negative,Medium
7200,train,Neutral,Medium
7201,train,Neutral,Medium
7202,train,Neutral,Medium
7203,train,Neutral,Low
7204,train,Neutral,Medium
7205,train,Neutral,Medium
7206,train,Neutral,Medium
7207,train,Neutral,Medium
7208,train,Neutral,Medium
7209,train,Neutral,Low
7210,train,Neutral,Medium
7211,train,Neutral,Medium
7212,train,Negative,Medium
7213,train,Neutral,Medium
7214,train,Neutral,Low
7215,train,Negative,Medium
7216,train,Neutral,Medium
7217,train,Neutral,Medium
7218,train,Neutral,Medium
7219,train,Neutral,Low
7220,train,Negative,Medium
7221,train,Neutral,Medium
7222,train,Neutral,Medium
7223,train,Neutral,Low
7224,train,Neutral,Medium
7225,train,Neutral,Medium
7226,train,Neutral,Medium
7227,train,Neutral,Medium
7228,train,Neutral,Medium
7229,train,Neutral,Medium
7230,train,Neutral,Medium
7231,train,Negative,Medium
7232,train,Neutral,Medium
7233,train,Neutral,Medium
7234,train,Neutral,Low
7235,train,Neutral,Medium
7236,train,Negative,Medium
7237,train,Neutral,Medium
7238,train,Neutral,Medium
7239,train,Neutral,Medium
7240,train,Neutral,Medium
7241,train,Negative,Medium
7242,train,Neutral,Medium
7243,train,Neutral,Medium
7244,train,Neutral,Medium
7245,train,Negative,Medium
7246,train,Neutral,Medium
7247,train,Neutral,Medium
7248,train,Neutral,Medium
7249,train,Neutral,Medium
7250,train,Neutral,Medium
7251,train,Neutral,Low
7252,train,Neutral,Medium
7253,train,Neutral,Medium
7254,train,Negative,Medium
7255,train,Neutral,Medium
7256,train,Neutral,Medium
7257,train,Neutral,Medium
7258,train,Negative,Medium
7259,train,Negative,Medium
7260,train,Neutral,Medium
7261,train,Neutral,Medium
7262,train,Negative,Medium
7263,train,Neutral,Medium
7264,train,Neutral,Medium
7265,train,Neutral,Medium
7266,train,Neutral,Medium
7267,train,Neutral,Medium
7268,train,Neutral,Medium
7269,train,Neutral,Low
7270,train,Neutral,Medium
7271,train,Neutral,Medium
7272,train,Neutral,Medium
7273,train,Neutral,Medium
7274,train,Neutral,Medium
7275,train,Neutral,Medium
7276,train,Neutral,Low
7277,train,Neutral,Medium
7278,train,Neutral,Medium
7279,train,Neutral,Medium
7280,train,Neutral,Low
7281,train,Neutral,Medium
7282,train,Neutral,Medium
7283,train,Negative,Medium
7284,train,Neutral,Medium
7285,train,Neutral,Medium
7286,train,Neutral,Medium
7287,train,Neutral,Medium
7288,train,Neutral,Medium
7289,train,Neutral,Medium
7290,train,Neutral,Medium
7291,train,Neutral,Medium
7292,train,Neutral,Medium
7293,train,Neutral,Medium
7294,train,Neutral,Medium
7295,train,Neutral,Medium
7296,train,Neutral,Medium
7297,train,Neutral,Medium
7298,train,Neutral,Medium
7299,train,Neutral,Low
7300,train,Neutral,Medium
7301,train,Neutral,Medium
7302,train,Neutral,Medium
7303,train,Neutral,Medium
7304,train,Neutral,Medium
7305,train,Neutral,Medium
7306,train,Neutral,Medium
7307,train,Neutral,Medium
7308,train,Neutral,Medium
7309,train,Neutral,Medium
7310,train,Neutral,Medium
7311,train,Neutral,Low
7312,train,Neutral,Medium
7313,train,Neutral,Medium
7314,train,Neutral,Medium
7315,train,Neutral,Medium
7316,train,Neutral,Medium
7317,train,Neutral,Medium
7318,train,Neutral,Medium
7319,train,Neutral,Medium
7320,train,Neutral,Medium
7321,train,Neutral,Medium
7322,train,Neutral,Medium
7323,train,Neutral,Medium
7324,train,Neutral,Medium
7325,train,Neutral,Medium
7326,train,Neutral,Medium
7327,train,Negative,Medium
7328,train,Neutral,Medium
7329,train,Negative,Medium
7330,train,Neutral,Medium
7331,train,Neutral,Medium
7332,train,Neutral,Medium
7333,train,Neutral,Low
7334,train,Neutral,Low
7335,train,Neutral,Low
7336,train,Neutral,Low
7337,train,Neutral,Low
7338,train,Neutral,Low
7339,train,Neutral,Low
7340,train,Neutral,Low
7341,train,Neutral,Low
7342,train,Neutral,Low
7343,train,Neutral,Low
7344,train,Neutral,Low
7345,train,Neutral,Low
7346,train,Neutral,Low
7347,train,Neutral,Low
7348,train,Neutral,Low
7349,train,Neutral,Low
7350,train,Neutral,Low
7351,train,Neutral,Low
7352,train,Neutral,Low
7353,train,Neutral,Low
7354,train,Neutral,Low
7355,train,Neutral,Low
7356,train,Neutral,Low
7357,train,Neutral,Low
7358,train,Neutral,Low
7359,train,Neutral,Medium
7360,train,Neutral,Low
7361,train,Neutral,Low
7362,train,Neutral,Low
7363,train,Neutral,Low
7364,train,Neutral,Low
7365,train,Neutral,Low
7366,train,Neutral,Low
7367,train,Neutral,Low
7368,train,Neutral,Low
7369,train,Neutral,Low
7370,train,Neutral,Low
7371,train,Neutral,Low
7372,train,Neutral,Low
7373,train,Neutral,Low
7374,train,Neutral,Low
7375,train,Neutral,Low
7376,train,Neutral,Low
7377,train,Neutral,Low
7378,train,Neutral,Low
7379,train,Neutral,Low
7380,train,Neutral,Low
7381,train,Neutral,Low
7382,train,Neutral,Low
7383,train,Neutral,Low
7384,train,Neutral,Low
7385,train,Neutral,Low
7386,train,Neutral,Low
7387,train,Neutral,Low
7388,train,Neutral,Low
7389,train,Neutral,Low
7390,train,Neutral,Low
7391,train,Neutral,Low
7392,train,Neutral,Low
7393,train,Neutral,Low
7394,train,Neutral,Low
7395,train,Neutral,Low
7396,train,Neutral,Low
7397,train,Neutral,Low
7398,train,Neutral,Low
7399,train,Neutral,Low
7400,train,Neutral,Low
7401,train,Neutral,Low
7402,train,Neutral,Low
7403,train,Neutral,Low
7404,train,Neutral,Low
7405,train,Neutral,Low
7406,train,Neutral,Low
7407,train,Neutral,Low
7408,train,Neutral,Low
7409,train,Neutral,Low
7410,train,Neutral,Low
7411,train,Neutral,Low
7412,train,Neutral,Low
7413,train,Neutral,Low
7414,train,Neutral,Low
7415,train,Neutral,Low
7416,train,Neutral,Low
7417,train,Neutral,Low
7418,train,Neutral,Low
7419,train,Neutral,Low
7420,train,Neutral,Low
7421,train,Neutral,Low
7422,train,Neutral,Low
7423,train,Neutral,Low
7424,train,Neutral,Low
7425,train,Neutral,Low
7426,train,Neutral,Low
7427,train,Neutral,Low
7428,train,Negative,Medium
7429,train,Neutral,Medium
7430,train,Neutral,Medium
7431,train,Neutral,Medium
7432,train,Neutral,Medium
7433,train,Negative,Medium
7434,train,Negative,Medium
7435,train,Neutral,Medium
7436,train,Negative,Medium
7437,train,Negative,Medium
7438,train,Neutral,Medium
7439,train,Neutral,Medium
7440,train,Neutral,Medium
7441,train,Neutral,Medium
7442,train,Neutral,Medium
7443,train,Neutral,Medium
7444,train,Neutral,Medium
7445,train,Neutral,Medium
7446,train,Neutral,Medium
7447,train,Neutral,Medium
7448,train,Neutral,Medium
7449,train,Negative,Medium
7450,train,Neutral,Medium
7451,train,Neutral,Medium
7452,train,Neutral,Medium
7453,train,Neutral,Medium
7454,train,Neutral,Medium
7455,train,Neutral,Medium
7456,train,Neutral,Medium
7457,train,Neutral,Medium
7458,train,Neutral,Medium
7459,train,Neutral,Medium
7460,train,Neutral,Medium
7461,train,Neutral,High
7462,train,Neutral,Medium
7463,train,Neutral,Medium
7464,train,Neutral,Medium
7465,train,Neutral,Medium
7466,train,Neutral,Medium
7467,train,Neutral,Medium
7468,train,Neutral,Medium
7469,train,Neutral,Medium
7470,train,Neutral,Medium
7471,train,Neutral,Medium
7472,train,Neutral,Medium
7473,train,Neutral,Medium
7474,train,Neutral,Medium
7475,train,Neutral,Medium
7476,train,Neutral,Medium
7477,train,Neutral,Medium
7478,train,Neutral,Medium
7479,train,Neutral,Medium
7480,train,Neutral,Medium
7481,train,Neutral,Medium
7482,train,Neutral,Medium
7483,train,Neutral,Medium
7484,train,Neutral,Medium
7485,train,Negative,Medium
7486,train,Neutral,Medium
7487,train,Neutral,Medium
7488,train,Neutral,Medium
7489,train,Neutral,Medium
7490,train,Neutral,High
7491,train,Neutral,Medium
7492,train,Neutral,Medium
7493,train,Neutral,Medium
7494,train,Neutral,Medium
7495,train,Neutral,Medium
7496,train,Neutral,Medium
7497,train,Neutral,Medium
7498,train,Neutral,Medium
7499,train,Neutral,Medium
7500,train,Neutral,Medium
7501,train,Neutral,High
7502,train,Neutral,Medium
7503,train,Neutral,Medium
7504,train,Neutral,Medium
7505,train,Neutral,Medium
7506,train,Negative,Medium
7507,train,Neutral,Medium
7508,train,Neutral,Medium
7509,train,Neutral,Medium
7510,train,Neutral,Medium
7511,train,Neutral,Medium
7512,train,Neutral,Medium
7513,train,Neutral,Medium
7514,train,Neutral,Medium
7515,train,Neutral,Medium
7516,train,Neutral,Medium
7517,train,Neutral,Medium
7518,train,Neutral,Medium
7519,train,Neutral,Medium
7520,train,Neutral,Medium
7521,train,Neutral,Medium
7522,train,Neutral,Medium
7523,train,Neutral,Medium
7524,train,Neutral,Medium
7525,train,Neutral,Medium
7526,train,Neutral,Medium
7527,train,Neutral,Medium
7528,train,Negative,Medium
7529,train,Negative,Medium
7530,train,Neutral,Medium
7531,train,Neutral,Medium
7532,train,Neutral,Medium
7533,train,Neutral,Medium
7534,train,Neutral,Medium
7535,train,Neutral,Medium
7536,train,Neutral,Medium
7537,train,Neutral,Medium
7538,train,Neutral,Medium
7539,train,Neutral,Medium
7540,train,Neutral,Medium
7541,train,Neutral,Medium
7542,train,Neutral,Medium
7543,train,Neutral,Medium
7544,train,Neutral,Medium
7545,train,Neutral,Medium
7546,train,Neutral,Medium
7547,train,Neutral,Medium
7548,train,Neutral,Medium
7549,train,Neutral,Medium
7550,train,Neutral,Medium
7551,train,Neutral,Medium
7552,train,Neutral,Medium
7553,train,Neutral,Medium
7554,train,Neutral,Medium
7555,train,Neutral,Medium
7556,train,Neutral,Medium
7557,train,Neutral,Medium
7558,train,Neutral,Medium
7559,train,Neutral,Medium
7560,train,Neutral,Medium
7561,train,Negative,Medium
7562,train,Neutral,Medium
7563,train,Neutral,Medium
7564,train,Neutral,Medium
7565,train,Neutral,Low
7566,train,Neutral,Low
7567,train,Neutral,Low
7568,train,Neutral,Low
7569,train,Neutral,Low
7570,train,Neutral,Low
7571,train,Neutral,Low
7572,train,Neutral,Low
7573,train,Neutral,Low
7574,train,Neutral,Low
7575,train,Neutral,Low
7576,train,Neutral,Low
7577,train,Neutral,Low
7578,train,Neutral,Low
7579,train,Neutral,Low
7580,train,Neutral,Low
7581,train,Negative,Low
7582,train,Neutral,Low
7583,train,Neutral,Low
7584,train,Neutral,Medium
7585,train,Neutral,Low
7586,train,Neutral,Low
7587,train,Neutral,Low
7588,train,Neutral,Low
7589,train,Neutral,Low
7590,train,Neutral,Low
7591,train,Neutral,Low
7592,train,Neutral,Low
7593,train,Neutral,Low
7594,train,Neutral,Low
7595,train,Neutral,Low
7596,train,Neutral,Low
7597,train,Neutral,Low
7598,train,Neutral,Low
7599,train,Neutral,Low
7600,train,Neutral,Low
7601,train,Neutral,Low
7602,train,Neutral,Low
7603,train,Neutral,Low
7604,train,Neutral,Low
7605,train,Neutral,Low
7606,train,Neutral,Low
7607,train,Neutral,Low
7608,train,Neutral,Low
7609,train,Neutral,Low
7610,train,Neutral,Low
7611,train,Neutral,Low
7612,train,Neutral,Low
7613,train,Neutral,Low
7614,train,Neutral,Low
7615,train,Neutral,Low
7616,train,Neutral,Low
7617,train,Neutral,Low
7618,train,Neutral,Low
7619,train,Neutral,Low
7620,train,Neutral,Low
7621,train,Neutral,Low
7622,train,Neutral,Low
7623,train,Neutral,Low
7624,train,Neutral,Low
7625,train,Neutral,Low
7626,train,Neutral,Low
7627,train,Neutral,Low
7628,train,Neutral,Low
7629,train,Neutral,Low
7630,train,Neutral,Low
7631,train,Neutral,Low
7632,train,Neutral,Low
7633,train,Neutral,Low
7634,train,Neutral,Low
7635,train,Neutral,Low
7636,train,Neutral,Low
7637,train,Neutral,Low
7638,train,Neutral,Low
7639,train,Neutral,Low
7640,train,Neutral,Low
7641,train,Neutral,Low
7642,train,Neutral,Low
7643,train,Neutral,Low
7644,train,Neutral,Low
7645,train,Neutral,Low
7646,train,Neutral,Low
7647,train,Neutral,Low
7648,train,Neutral,Low
7649,train,Neutral,Low
7650,train,Neutral,Low
7651,train,Neutral,Low
7652,train,Neutral,Low
7653,train,Neutral,Low
7654,train,Neutral,Low
7655,train,Neutral,Low
7656,train,Neutral,Low
7657,train,Neutral,Low
7658,train,Neutral,Low
7659,train,Neutral,Low
7660,train,Neutral,Low
7661,train,Neutral,Low
7662,train,Neutral,Low
7663,train,Neutral,Low
7664,train,Neutral,Low
7665,train,Neutral,Low
7666,train,Neutral,Low
7667,train,Neutral,Low
7668,train,Neutral,Low
7669,train,Neutral,Low
7670,train,Neutral,Low
7671,train,Neutral,Low
7672,train,Neutral,Low
7673,train,Neutral,Low
7674,train,Neutral,Low
7675,train,Neutral,Low
7676,train,Neutral,Low
7677,train,Neutral,Low
7678,train,Neutral,Low
7679,train,Neutral,Low
7680,train,Neutral,Low
7681,train,Neutral,Low
7682,train,Neutral,Low
7683,train,Neutral,Low
7684,train,Neutral,Low
7685,train,Neutral,Low
7686,train,Neutral,Low
7687,train,Neutral,Low
7688,train,Neutral,Low
7689,train,Neutral,Low
7690,train,Neutral,Low
7691,train,Neutral,Low
7692,train,Neutral,Low
7693,train,Neutral,Low
7694,train,Neutral,Low
7695,train,Neutral,Low
7696,train,Neutral,Low
7697,train,Neutral,Low
7698,train,Neutral,Low
7699,train,Neutral,Low
7700,train,Neutral,Low
7701,train,Neutral,Low
7702,train,Neutral,Low
7703,train,Neutral,Low
7704,train,Neutral,Low
7705,train,Neutral,Low
7706,train,Neutral,Low
7707,train,Neutral,Low
7708,train,Neutral,Low
7709,train,Neutral,Low
7710,train,Neutral,Low
7711,train,Neutral,Low
7712,train,Neutral,Low
7713,train,Neutral,Low
7714,train,Neutral,Low
7715,train,Neutral,Low
7716,train,Neutral,Low
7717,train,Neutral,Low
7718,train,Neutral,Low
7719,train,Neutral,Low
7720,train,Neutral,Low
7721,train,Neutral,Low
7722,train,Neutral,Low
7723,train,Neutral,Low
7724,train,Neutral,Low
7725,train,Neutral,Low
7726,train,Neutral,Low
7727,train,Neutral,Low
7728,train,Neutral,Low
7729,train,Neutral,Low
7730,train,Neutral,Low
7731,train,Neutral,Low
7732,train,Neutral,Low
7733,train,Neutral,Low
7734,train,Neutral,Low
7735,train,Neutral,Low
7736,train,Neutral,Low
7737,train,Neutral,Low
7738,train,Neutral,Low
7739,train,Neutral,Low
7740,train,Neutral,Low
7741,train,Neutral,Low
7742,train,Neutral,Low
7743,train,Neutral,Low
7744,train,Neutral,Low
7745,train,Neutral,Low
7746,train,Neutral,Low
7747,train,Neutral,Low
7748,train,Neutral,Low
7749,train,Neutral,Low
7750,train,Neutral,Low
7751,train,Neutral,Low
7752,train,Neutral,Low
7753,train,Neutral,Low
7754,train,Neutral,Low
7755,train,Neutral,Low
7756,train,Neutral,Low
7757,train,Neutral,Low
7758,train,Neutral,Low
7759,train,Neutral,Low
7760,train,Neutral,Low
7761,train,Neutral,Low
7762,train,Neutral,Low
7763,train,Neutral,Low
7764,train,Neutral,Low
7765,train,Neutral,Low
7766,train,Neutral,Low
7767,train,Neutral,Low
7768,train,Neutral,Low
7769,train,Neutral,Low
7770,train,Negative,Low
7771,train,Neutral,Low
7772,train,Neutral,Low
7773,train,Neutral,Low
7774,train,Neutral,Low
7775,train,Neutral,Low
7776,train,Neutral,Low
7777,train,Neutral,Low
7778,train,Neutral,Low
7779,train,Neutral,Low
7780,train,Neutral,Low
7781,train,Neutral,Low
7782,train,Neutral,Low
7783,train,Neutral,Low
7784,train,Neutral,Low
7785,train,Neutral,Low
7786,train,Neutral,Low
7787,train,Neutral,Low
7788,train,Neutral,Low
7789,train,Neutral,Low
7790,train,Neutral,Low
7791,train,Neutral,Low
7792,train,Neutral,Low
7793,train,Neutral,Low
7794,train,Neutral,Low
7795,train,Neutral,Low
7796,train,Neutral,Low
7797,train,Neutral,Low
7798,train,Neutral,Low
7799,train,Neutral,Low
7800,train,Neutral,Low
7801,train,Negative,Low
7802,train,Neutral,Low
7803,train,Neutral,Low
7804,train,Neutral,Low
7805,train,Neutral,Low
7806,train,Neutral,Low
7807,train,Neutral,Low
7808,train,Neutral,Low
7809,train,Neutral,Low
7810,train,Neutral,Low
7811,train,Neutral,Low
7812,train,Neutral,Low
7813,train,Neutral,Low
7814,train,Neutral,Low
7815,train,Neutral,Low
7816,train,Neutral,Low
7817,train,Neutral,Low
7818,train,Neutral,Low
7819,train,Neutral,Low
7820,train,Neutral,Low
7821,train,Neutral,Low
7822,train,Neutral,Low
7823,train,Neutral,Low
7824,train,Neutral,Low
7825,train,Neutral,Low
7826,train,Neutral,Low
7827,train,Neutral,Low
7828,train,Neutral,Low
7829,train,Neutral,Low
7830,train,Neutral,Low
7831,train,Neutral,Low
7832,train,Neutral,Low
7833,train,Neutral,Low
7834,train,Neutral,Low
7835,train,Neutral,Low
7836,train,Neutral,Low
7837,train,Neutral,Low
7838,train,Neutral,High
7839,train,Neutral,Low
7840,train,Neutral,Low
7841,train,Neutral,Low
7842,train,Neutral,Low
7843,train,Neutral,Low
7844,train,Neutral,Low
7845,train,Neutral,Low
7846,train,Neutral,Low
7847,train,Neutral,Low
7848,train,Neutral,Low
7849,train,Neutral,Low
7850,train,Neutral,Low
7851,train,Neutral,Low
7852,train,Neutral,Low
7853,train,Neutral,Low
7854,train,Neutral,Low
7855,train,Neutral,Low
7856,train,Neutral,Low
7857,train,Neutral,Low
7858,train,Neutral,Low
7859,train,Neutral,Low
7860,train,Neutral,Low
7861,train,Neutral,Low
7862,train,Neutral,Low
7863,train,Neutral,Low
7864,train,Neutral,Low
7865,train,Neutral,Low
7866,train,Neutral,Low
7867,train,Neutral,Low
7868,train,Neutral,Low
7869,train,Neutral,Low
7870,train,Neutral,Low
7871,train,Neutral,Low
7872,train,Neutral,Low
7873,train,Neutral,Low
7874,train,Neutral,Low
7875,train,Neutral,Low
7876,train,Neutral,Low
7877,train,Neutral,Low
7878,train,Neutral,Low
7879,train,Neutral,Low
7880,train,Neutral,Low
7881,train,Neutral,Low
7882,train,Neutral,Low
7883,train,Neutral,Low
7884,train,Neutral,Low
7885,train,Neutral,Low
7886,train,Neutral,Low
7887,train,Neutral,Low
7888,train,Neutral,Low
7889,train,Neutral,Low
7890,train,Neutral,Low
7891,train,Neutral,Low
7892,train,Neutral,Low
7893,train,Neutral,Low
7894,train,Neutral,Low
7895,train,Neutral,Low
7896,train,Neutral,Low
7897,train,Neutral,Low
7898,train,Neutral,Low
7899,train,Neutral,Low
7900,train,Neutral,Low
7901,train,Neutral,Low
7902,train,Neutral,Low
7903,train,Neutral,Low
7904,train,Neutral,Low
7905,train,Neutral,Low
7906,train,Neutral,Low
7907,train,Neutral,Low
7908,train,Neutral,Low
7909,train,Neutral,Low
7910,train,Neutral,Low
7911,train,Neutral,Low
7912,train,Neutral,Low
7913,train,Neutral,Low
7914,train,Neutral,Low
7915,train,Neutral,Low
7916,train,Neutral,Low
7917,train,Neutral,Low
7918,train,Neutral,Low
7919,train,Neutral,Low
7920,train,Neutral,Low
7921,train,Neutral,Low
7922,train,Neutral,Low
7923,train,Neutral,Low
7924,train,Neutral,Low
7925,train,Neutral,Low
7926,train,Neutral,Low
7927,train,Neutral,Low
7928,train,Neutral,Low
7929,train,Neutral,Low
7930,train,Neutral,Low
7931,train,Neutral,Low
7932,train,Neutral,Low
7933,train,Neutral,Low
7934,train,Neutral,Low
7935,train,Neutral,Low
7936,train,Neutral,Low
7937,train,Neutral,Low
7938,train,Neutral,Low
7939,train,Neutral,Low
7940,train,Neutral,Low
7941,train,Neutral,Low
7942,train,Neutral,Low
7943,train,Neutral,Low
7944,train,Neutral,Low
7945,train,Neutral,Low
7946,train,Neutral,Low
7947,train,Neutral,Low
7948,train,Neutral,Low
7949,train,Neutral,Low
7950,train,Neutral,Low
7951,train,Neutral,Low
7952,train,Neutral,Low
7953,train,Neutral,Low
7954,train,Neutral,Low
7955,train,Neutral,Low
7956,train,Neutral,Low
7957,train,Neutral,Low
7958,train,Neutral,Low
7959,train,Neutral,Low
7960,train,Neutral,Low
7961,train,Neutral,Low
7962,train,Neutral,Low
7963,train,Neutral,Low
7964,train,Neutral,Low
7965,train,Neutral,Low
7966,train,Neutral,Low
7967,train,Neutral,Low
7968,train,Neutral,Low
7969,train,Neutral,Low
7970,train,Neutral,Low
7971,train,Neutral,Low
7972,train,Neutral,Low
7973,train,Neutral,Low
7974,train,Neutral,Low
7975,train,Neutral,Low
7976,train,Neutral,Low
7977,train,Neutral,Low
7978,train,Neutral,Low
7979,train,Neutral,Low
7980,train,Neutral,Low
7981,train,Neutral,Low
7982,train,Neutral,Low
7983,train,Neutral,Low
7984,train,Neutral,Low
7985,train,Neutral,Low
7986,train,Neutral,Low
7987,train,Neutral,Low
7988,train,Neutral,Low
7989,train,Neutral,Low
7990,train,Neutral,Low
7991,train,Neutral,Low
7992,train,Neutral,Low
7993,train,Neutral,Low
7994,train,Neutral,Low
7995,train,Neutral,Low
7996,train,Neutral,Low
7997,train,Neutral,Low
7998,train,Neutral,Low
7999,train,Neutral,Low
8000,train,Neutral,Low
8001,train,Neutral,Low
8002,train,Neutral,Low
8003,train,Neutral,Low
8004,train,Neutral,Low
8005,train,Neutral,Low
8006,train,Neutral,Low
8007,train,Neutral,Low
8008,train,Neutral,Low
8009,train,Neutral,Low
8010,train,Neutral,Low
8011,train,Neutral,Low
8012,train,Neutral,Low
8013,train,Neutral,Low
8014,train,Neutral,Low
8015,train,Neutral,Low
8016,train,Neutral,Low
8017,train,Neutral,Low
8018,train,Neutral,Low
8019,train,Neutral,Low
8020,train,Neutral,Low
8021,train,Neutral,Low
8022,train,Neutral,Low
8023,train,Neutral,Low
8024,train,Neutral,Low
8025,train,Neutral,Low
8026,train,Neutral,Low
8027,train,Neutral,Low
8028,train,Neutral,Low
8029,train,Neutral,Low
8030,train,Neutral,Medium
8031,train,Neutral,Low
8032,train,Neutral,Low
8033,train,Neutral,Low
8034,train,Neutral,Low
8035,train,Neutral,Low
8036,train,Neutral,Medium
8037,train,Neutral,Low
8038,train,Neutral,Low
8039,train,Neutral,Low
8040,train,Neutral,Low
8041,train,Neutral,Low
8042,train,Neutral,Low
8043,train,Neutral,Low
8044,train,Neutral,Low
8045,train,Neutral,Low
8046,train,Neutral,Low
8047,train,Neutral,Low
8048,train,Neutral,Low
8049,train,Neutral,Low
8050,train,Neutral,Low
8051,train,Neutral,Low
8052,train,Neutral,Low
8053,train,Neutral,Low
8054,train,Neutral,Low
8055,train,Neutral,Low
8056,train,Neutral,Low
8057,train,Neutral,Low
8058,train,Neutral,Low
8059,train,Neutral,Low
8060,train,Neutral,Low
8061,train,Neutral,Low
8062,train,Neutral,Low
8063,train,Neutral,Low
8064,train,Neutral,Low
8065,train,Neutral,Low
8066,train,Neutral,Low
8067,train,Neutral,Low
8068,train,Neutral,Low
8069,train,Neutral,Low
8070,train,Neutral,Low
8071,train,Neutral,Low
8072,train,Neutral,Low
8073,train,Neutral,Low
8074,train,Neutral,Low
8075,train,Neutral,Low
8076,train,Neutral,Low
8077,train,Neutral,Low
8078,train,Neutral,Low
8079,train,Neutral,Low
8080,train,Neutral,Low
8081,train,Neutral,Low
8082,train,Neutral,Low
8083,train,Neutral,Low
8084,train,Neutral,Low
8085,train,Neutral,Low
8086,train,Neutral,Low
8087,train,Neutral,Low
8088,train,Neutral,Low
8089,train,Neutral,Low
8090,train,Neutral,Low
8091,train,Neutral,Low
8092,train,Neutral,Low
8093,train,Neutral,Low
8094,train,Neutral,Low
8095,train,Neutral,Low
8096,train,Neutral,Low
8097,train,Neutral,Low
8098,train,Neutral,Low
8099,train,Neutral,Low
8100,train,Neutral,Low
8101,train,Neutral,Low
8102,train,Neutral,Low
8103,train,Neutral,Low
8104,train,Neutral,Low
8105,train,Neutral,Low
8106,train,Neutral,Low
8107,train,Neutral,Low
8108,train,Neutral,Low
8109,train,Neutral,Low
8110,train,Neutral,Low
8111,train,Neutral,Low
8112,train,Neutral,Low
8113,train,Neutral,Low
8114,train,Neutral,Low
8115,train,Neutral,Low
8116,train,Neutral,Low
8117,train,Neutral,Low
8118,train,Neutral,Low
8119,train,Neutral,Low
8120,train,Neutral,Low
8121,train,Neutral,Low
8122,train,Neutral,Low
8123,train,Neutral,Low
8124,train,Neutral,Low
8125,train,Neutral,Low
8126,train,Neutral,Low
8127,train,Neutral,Low
8128,train,Neutral,Low
8129,train,Neutral,Low
8130,train,Neutral,Low
8131,train,Neutral,Low
8132,train,Neutral,Low
8133,train,Neutral,Low
8134,train,Neutral,Low
8135,train,Neutral,Low
8136,train,Neutral,Low
8137,train,Neutral,Low
8138,train,Neutral,Low
8139,train,Neutral,Low
8140,train,Neutral,Low
8141,train,Neutral,Low
8142,train,Neutral,Low
8143,train,Neutral,Low
8144,train,Neutral,Low
8145,train,Neutral,Low
8146,train,Neutral,Low
8147,train,Neutral,Low
8148,train,Neutral,Low
8149,train,Neutral,Low
8150,train,Neutral,Low
8151,train,Neutral,Low
8152,train,Neutral,Low
8153,train,Neutral,Low
8154,train,Neutral,Low
8155,train,Neutral,Low
8156,train,Neutral,Low
8157,train,Neutral,Low
8158,train,Neutral,Low
8159,train,Neutral,Low
8160,train,Neutral,Low
8161,train,Neutral,Low
8162,train,Neutral,Low
8163,train,Neutral,Low
8164,train,Neutral,Low
8165,train,Neutral,Low
8166,train,Neutral,Low
8167,train,Neutral,Medium
8168,train,Neutral,Low
8169,train,Neutral,Medium
8170,train,Neutral,Medium
8171,train,Neutral,Medium
8172,train,Neutral,Medium
8173,train,Neutral,Medium
8174,train,Neutral,Medium
8175,train,Neutral,Medium
8176,train,Neutral,Medium
8177,train,Neutral,Medium
8178,train,Neutral,Medium
8179,train,Neutral,Medium
8180,train,Neutral,Medium
8181,train,Neutral,Medium
8182,train,Neutral,Medium
8183,train,Neutral,Medium
8184,train,Negative,Medium
8185,train,Neutral,Medium
8186,train,Neutral,Medium
8187,train,Neutral,Medium
8188,train,Neutral,Medium
8189,train,Neutral,Medium
8190,train,Neutral,Medium
8191,train,Neutral,Medium
8192,train,Neutral,Medium
8193,train,Neutral,Medium
8194,train,Neutral,Medium
8195,train,Neutral,Medium
8196,train,Neutral,Medium
8197,train,Neutral,Medium
8198,train,Neutral,Low
8199,train,Neutral,Medium
8200,train,Neutral,Medium
8201,train,Neutral,Medium
8202,train,Neutral,Medium
8203,train,Neutral,Medium
8204,train,Neutral,Medium
8205,train,Neutral,Medium
8206,train,Neutral,Medium
8207,train,Neutral,Medium
8208,train,Neutral,Medium
8209,train,Neutral,Medium
8210,train,Neutral,Medium
8211,train,Neutral,Medium
8212,train,Neutral,Medium
8213,train,Neutral,Medium
8214,train,Negative,Medium
8215,train,Neutral,Medium
8216,train,Neutral,Medium
8217,train,Negative,Medium
8218,train,Neutral,Low
8219,train,Neutral,Medium
8220,train,Neutral,Medium
8221,train,Neutral,Medium
8222,train,Neutral,Medium
8223,train,Neutral,Medium
8224,train,Neutral,Medium
8225,train,Neutral,Medium
8226,train,Negative,Medium
8227,train,Neutral,Medium
8228,train,Neutral,Medium
8229,train,Neutral,Medium
8230,train,Neutral,Medium
8231,train,Neutral,Medium
8232,train,Neutral,Medium
8233,train,Neutral,Low
8234,train,Neutral,Medium
8235,train,Neutral,Medium
8236,train,Neutral,Low
8237,train,Neutral,Medium
8238,train,Neutral,Medium
8239,train,Neutral,Medium
8240,train,Neutral,Medium
8241,train,Neutral,Medium
8242,train,Neutral,Low
8243,train,Neutral,Medium
8244,train,Neutral,Low
8245,train,Neutral,Medium
8246,train,Neutral,Medium
8247,train,Neutral,Low
8248,train,Neutral,Low
8249,train,Neutral,Medium
8250,train,Neutral,Medium
8251,train,Neutral,Medium
8252,train,Neutral,Medium
8253,train,Neutral,Medium
8254,train,Neutral,Medium
8255,train,Neutral,Medium
8256,train,Neutral,Medium
8257,train,Neutral,Medium
8258,train,Neutral,Low
8259,train,Neutral,Medium
8260,train,Neutral,Low
8261,train,Neutral,Medium
8262,train,Neutral,Medium
8263,train,Neutral,Medium
8264,train,Neutral,Low
8265,train,Neutral,Medium
8266,train,Neutral,Medium
8267,train,Neutral,Low
8268,train,Neutral,Medium
8269,train,Neutral,Medium
8270,train,Neutral,Medium
8271,train,Neutral,Medium
8272,train,Neutral,Medium
8273,train,Neutral,Medium
8274,train,Neutral,Medium
8275,train,Neutral,Medium
8276,train,Neutral,Low
8277,train,Negative,Medium
8278,train,Neutral,Medium
8279,train,Neutral,Medium
8280,train,Neutral,Medium
8281,train,Neutral,Medium
8282,train,Neutral,Medium
8283,train,Neutral,Low
8284,train,Neutral,Medium
8285,train,Neutral,Medium
8286,train,Neutral,Medium
8287,train,Neutral,Medium
8288,train,Negative,Medium
8289,train,Neutral,Low
8290,train,Neutral,Medium
8291,train,Neutral,Medium
8292,train,Neutral,Medium
8293,train,Neutral,Low
8294,train,Neutral,Low
8295,train,Neutral,Low
8296,train,Neutral,Low
8297,train,Neutral,Medium
8298,train,Neutral,Medium
8299,train,Neutral,Medium
8300,train,Neutral,Medium
8301,train,Neutral,Medium
8302,train,Neutral,Medium
8303,train,Neutral,Medium
8304,train,Neutral,Medium
8305,train,Neutral,Medium
8306,train,Neutral,Low
8307,train,Neutral,Medium
8308,train,Neutral,Medium
8309,train,Neutral,Medium
8310,train,Neutral,Medium
8311,train,Neutral,Medium
8312,train,Neutral,Medium
8313,train,Neutral,Medium
8314,train,Neutral,Medium
8315,train,Neutral,Medium
8316,train,Neutral,Medium
8317,train,Neutral,Medium
8318,train,Neutral,Medium
8319,train,Neutral,Medium
8320,train,Neutral,Medium
8321,train,Neutral,Medium
8322,train,Neutral,Medium
8323,train,Neutral,Low
8324,train,Neutral,Medium
8325,train,Neutral,Medium
8326,train,Neutral,Medium
8327,train,Negative,Medium
8328,train,Neutral,Medium
8329,train,Neutral,Medium
8330,train,Neutral,Medium
8331,train,Neutral,Medium
8332,train,Neutral,Medium
8333,train,Neutral,Low
8334,train,Negative,Medium
8335,train,Neutral,Medium
8336,train,Neutral,Medium
8337,train,Neutral,Medium
8338,train,Neutral,Medium
8339,train,Neutral,Medium
8340,train,Neutral,Medium
8341,train,Neutral,Medium
8342,train,Neutral,Medium
8343,train,Neutral,Medium
8344,train,Neutral,Low
8345,train,Neutral,Medium
8346,train,Neutral,Medium
8347,train,Neutral,Medium
8348,train,Neutral,Medium
8349,train,Neutral,Medium
8350,train,Neutral,Medium
8351,train,Negative,Medium
8352,train,Neutral,Medium
8353,train,Neutral,Medium
8354,train,Neutral,Medium
8355,train,Neutral,Medium
8356,train,Neutral,Medium
8357,train,Negative,Medium
8358,train,Neutral,Medium
8359,train,Negative,Medium
8360,train,Neutral,Medium
8361,train,Neutral,Medium
8362,train,Neutral,Low
8363,train,Neutral,Medium
8364,train,Neutral,Medium
8365,train,Neutral,Low
8366,train,Neutral,Medium
8367,train,Neutral,Medium
8368,train,Neutral,Medium
8369,train,Neutral,Medium
8370,train,Neutral,Medium
8371,train,Neutral,Low
8372,train,Neutral,Low
8373,train,Neutral,Low
8374,train,Neutral,Low
8375,train,Neutral,Low
8376,train,Neutral,Low
8377,train,Neutral,Low
8378,train,Neutral,Low
8379,train,Neutral,Low
8380,train,Neutral,Low
8381,train,Neutral,Low
8382,train,Neutral,Low
8383,train,Neutral,Low
8384,train,Neutral,Low
8385,train,Neutral,Low
8386,train,Neutral,Low
8387,train,Neutral,Low
8388,train,Neutral,Low
8389,train,Neutral,Low
8390,train,Neutral,Low
8391,train,Neutral,Low
8392,train,Neutral,Low
8393,train,Neutral,Low
8394,train,Neutral,Low
8395,train,Neutral,Low
8396,train,Neutral,Low
8397,train,Neutral,Low
8398,train,Neutral,Low
8399,train,Neutral,Low
8400,train,Neutral,Low
8401,train,Neutral,Low
8402,train,Neutral,Low
8403,train,Neutral,Low
8404,train,Neutral,Low
8405,train,Neutral,Low
8406,train,Neutral,Low
8407,train,Neutral,Low
8408,train,Neutral,Low
8409,train,Neutral,Low
8410,train,Neutral,Low
8411,train,Neutral,Low
8412,train,Neutral,Low
8413,train,Neutral,Low
8414,train,Neutral,Low
8415,train,Neutral,Low
8416,train,Neutral,Low
8417,train,Neutral,Low
8418,train,Neutral,Low
8419,train,Neutral,Low
8420,train,Neutral,Low
8421,train,Neutral,Low
8422,train,Neutral,Low
8423,train,Neutral,Low
8424,train,Neutral,Low
8425,train,Neutral,Low
8426,train,Neutral,Low
8427,train,Neutral,Low
8428,train,Neutral,Low
8429,train,Neutral,Low
8430,train,Neutral,Low
8431,train,Neutral,Low
8432,train,Neutral,Low
8433,train,Neutral,Low
8434,train,Neutral,Low
8435,train,Neutral,Low
8436,train,Neutral,Low
8437,train,Neutral,Low
8438,train,Neutral,Low
8439,train,Neutral,Low
8440,train,Neutral,Low
8441,train,Neutral,Low
8442,train,Neutral,Low
8443,train,Neutral,Low
8444,train,Neutral,Low
8445,train,Neutral,Low
8446,train,Neutral,Low
8447,train,Neutral,Low
8448,train,Neutral,Low
8449,train,Neutral,Low
8450,train,Neutral,Low
8451,train,Neutral,Low
8452,train,Neutral,Low
8453,train,Neutral,Low
8454,train,Neutral,Low
8455,train,Neutral,Low
8456,train,Neutral,Low
8457,train,Neutral,Low
8458,train,Neutral,Low
8459,train,Neutral,Low
8460,train,Neutral,Low
8461,train,Neutral,Low
8462,train,Neutral,Low
8463,train,Neutral,Low
8464,train,Neutral,Low
8465,train,Neutral,Low
8466,train,Neutral,Low
8467,train,Neutral,Low
8468,train,Neutral,Medium
8469,train,Neutral,Medium
8470,train,Neutral,Medium
8471,train,Neutral,Medium
8472,train,Neutral,Medium
8473,train,Neutral,Medium
8474,train,Neutral,Medium
8475,train,Neutral,Medium
8476,train,Neutral,Medium
8477,train,Neutral,Medium
8478,train,Neutral,Medium
8479,train,Neutral,Medium
8480,train,Neutral,Medium
8481,train,Neutral,Medium
8482,train,Neutral,Medium
8483,train,Neutral,Medium
8484,train,Negative,High
8485,train,Neutral,Medium
8486,train,Neutral,Medium
8487,train,Neutral,Medium
8488,train,Neutral,Medium
8489,train,Neutral,Medium
8490,train,Neutral,Medium
8491,train,Neutral,Medium
8492,train,Neutral,High
8493,train,Neutral,Medium
8494,train,Neutral,Medium
8495,train,Neutral,Medium
8496,train,Neutral,High
8497,train,Neutral,Medium
8498,train,Neutral,Medium
8499,train,Neutral,Medium
8500,train,Neutral,Medium
8501,train,Neutral,Low
8502,train,Neutral,Medium
8503,train,Neutral,Medium
8504,train,Neutral,Medium
8505,train,Neutral,Medium
8506,train,Negative,High
8507,train,Neutral,Medium
8508,train,Neutral,Medium
8509,train,Neutral,Medium
8510,train,Neutral,Medium
8511,train,Neutral,Medium
8512,train,Neutral,Medium
8513,train,Neutral,Medium
8514,train,Neutral,Medium
8515,train,Neutral,Medium
8516,train,Neutral,Medium
8517,train,Neutral,Medium
8518,train,Neutral,Medium
8519,train,Neutral,Medium
8520,train,Neutral,Medium
8521,train,Neutral,Medium
8522,train,Neutral,Medium
8523,train,Neutral,Medium
8524,train,Neutral,Medium
8525,train,Neutral,Medium
8526,train,Neutral,Medium
8527,train,Neutral,Medium
8528,train,Neutral,Low
8529,train,Neutral,Medium
8530,train,Neutral,Medium
8531,train,Neutral,High
8532,train,Neutral,Medium
8533,train,Neutral,Medium
8534,train,Neutral,Medium
8535,train,Neutral,Medium
8536,train,Neutral,Medium
8537,train,Neutral,Medium
8538,train,Neutral,Medium
8539,train,Neutral,Medium
8540,train,Negative,High
8541,train,Neutral,Medium
8542,train,Neutral,Medium
8543,train,Negative,Medium
8544,train,Negative,High
8545,train,Neutral,Medium
8546,train,Neutral,Medium
8547,train,Neutral,Medium
8548,train,Neutral,Medium
8549,train,Neutral,Medium
8550,train,Neutral,Medium
8551,train,Neutral,Medium
8552,train,Neutral,Medium
8553,train,Neutral,Medium
8554,train,Neutral,Medium
8555,train,Neutral,Medium
8556,train,Neutral,Medium
8557,train,Neutral,Medium
8558,train,Neutral,Medium
8559,train,Neutral,Medium
8560,train,Neutral,Medium
8561,train,Neutral,Medium
8562,train,Neutral,Medium
8563,train,Neutral,Medium
8564,train,Neutral,Medium
8565,train,Neutral,Medium
8566,train,Neutral,Medium
8567,train,Neutral,Medium
8568,train,Neutral,Medium
8569,train,Neutral,Medium
8570,train,Neutral,Medium
8571,train,Neutral,Medium
8572,train,Neutral,Medium
8573,train,Neutral,Medium
8574,train,Negative,High
8575,train,Neutral,Medium
8576,train,Neutral,Medium
8577,train,Neutral,Medium
8578,train,Neutral,Medium
8579,train,Neutral,Medium
8580,train,Neutral,Medium
8581,train,Neutral,Medium
8582,train,Neutral,Medium
8583,train,Neutral,Medium
8584,train,Neutral,Medium
8585,train,Neutral,Medium
8586,train,Neutral,Medium
8587,train,Neutral,Medium
8588,train,Neutral,Medium
8589,train,Neutral,Medium
8590,train,Neutral,High
8591,train,Neutral,Medium
8592,train,Neutral,Medium
8593,train,Neutral,Medium
8594,train,Neutral,Medium
8595,train,Neutral,Medium
8596,train,Neutral,Medium
8597,train,Neutral,Medium
8598,train,Neutral,Medium
8599,train,Neutral,Medium
8600,train,Neutral,High
8601,train,Neutral,Medium
8602,train,Neutral,Medium
8603,train,Neutral,Medium
8604,train,Neutral,Medium
8605,train,Neutral,Medium
8606,train,Neutral,Medium
8607,train,Negative,High
8608,train,Neutral,Medium
8609,train,Neutral,Medium
8610,train,Neutral,Medium
8611,train,Neutral,Medium
8612,train,Negative,High
8613,train,Neutral,Medium
8614,train,Neutral,Low
8615,train,Neutral,Medium
8616,train,Neutral,Low
8617,train,Neutral,Medium
8618,train,Neutral,Medium
8619,train,Neutral,Low
8620,train,Neutral,Medium
8621,train,Neutral,Medium
8622,train,Neutral,Medium
8623,train,Neutral,Medium
8624,train,Neutral,Medium
8625,train,Neutral,Medium
8626,train,Neutral,Medium
8627,train,Neutral,Medium
8628,train,Neutral,Medium
8629,train,Neutral,Medium
8630,train,Neutral,Medium
8631,train,Neutral,Medium
8632,train,Neutral,Medium
8633,train,Neutral,Medium
8634,train,Neutral,High
8635,train,Neutral,Medium
8636,train,Neutral,Medium
8637,train,Neutral,Medium
8638,train,Neutral,Medium
8639,train,Neutral,Medium
8640,train,Neutral,Medium
8641,train,Neutral,Medium
8642,train,Neutral,Medium
8643,train,Neutral,Medium
8644,train,Neutral,Medium
8645,train,Neutral,Medium
8646,train,Neutral,Low
8647,train,Neutral,Medium
8648,train,Neutral,Medium
8649,train,Negative,Medium
8650,train,Neutral,Medium
8651,train,Neutral,Medium
8652,train,Neutral,Medium
8653,train,Neutral,Medium
8654,train,Neutral,Low
8655,train,Neutral,Medium
8656,train,Neutral,Medium
8657,train,Neutral,Medium
8658,train,Neutral,Medium
8659,train,Neutral,Medium
8660,train,Neutral,Medium
8661,train,Neutral,Low
8662,train,Neutral,Medium
8663,train,Neutral,Medium
8664,train,Neutral,Medium
8665,train,Neutral,Low
8666,train,Neutral,Low
8667,train,Neutral,Medium
8668,train,Neutral,Medium
8669,train,Neutral,Medium
8670,train,Neutral,Medium
8671,train,Neutral,Low
8672,train,Neutral,Medium
8673,train,Neutral,Medium
8674,train,Neutral,Medium
8675,train,Neutral,Low
8676,train,Neutral,Medium
8677,train,Neutral,Medium
8678,train,Neutral,Medium
8679,train,Neutral,Medium
8680,train,Neutral,Medium
8681,train,Neutral,Medium
8682,train,Neutral,Medium
8683,train,Neutral,Medium
8684,train,Neutral,Medium
8685,train,Neutral,Medium
8686,train,Neutral,Low
8687,train,Neutral,Medium
8688,train,Neutral,Medium
8689,train,Neutral,Medium
8690,train,Neutral,Low
8691,train,Neutral,Medium
8692,train,Neutral,Medium
8693,train,Neutral,Medium
8694,train,Neutral,Medium
8695,train,Neutral,Medium
8696,train,Neutral,Medium
8697,train,Neutral,Medium
8698,train,Neutral,Medium
8699,train,Neutral,Medium
8700,train,Neutral,Medium
8701,train,Neutral,Medium
8702,train,Neutral,Low
8703,train,Neutral,Medium
8704,train,Neutral,Medium
8705,train,Neutral,Medium
8706,train,Neutral,Medium
8707,train,Neutral,Medium
8708,train,Neutral,Medium
8709,train,Neutral,Medium
8710,train,Neutral,Medium
8711,train,Neutral,Medium
8712,train,Neutral,Medium
8713,train,Neutral,Medium
8714,train,Neutral,Medium
8715,train,Neutral,Medium
8716,train,Neutral,Medium
8717,train,Neutral,Low
8718,train,Neutral,Medium
8719,train,Neutral,Low
8720,train,Neutral,Medium
8721,train,Neutral,Low
8722,train,Neutral,Low
8723,train,Neutral,Medium
8724,train,Neutral,Medium
8725,train,Neutral,Medium
8726,train,Neutral,Medium
8727,train,Neutral,Medium
8728,train,Neutral,Medium
8729,train,Neutral,Medium
8730,train,Neutral,Medium
8731,train,Neutral,Medium
8732,train,Neutral,Low
8733,train,Neutral,Medium
8734,train,Neutral,Medium
8735,train,Neutral,Medium
8736,train,Neutral,Medium
8737,train,Neutral,Medium
8738,train,Neutral,Medium
8739,train,Neutral,Medium
8740,train,Neutral,Medium
8741,train,Neutral,Medium
8742,train,Neutral,Low
8743,train,Neutral,Medium
8744,train,Neutral,Medium
8745,train,Neutral,Medium
8746,train,Neutral,Medium
8747,train,Neutral,Medium
8748,train,Neutral,Medium
8749,train,Neutral,Medium
8750,train,Neutral,Medium
8751,train,Neutral,Medium
8752,train,Neutral,Medium
8753,train,Neutral,Medium
8754,train,Neutral,Medium
8755,train,Neutral,Medium
8756,train,Neutral,Medium
8757,train,Neutral,Medium
8758,train,Neutral,Medium
8759,train,Neutral,Medium
8760,train,Neutral,Medium
8761,train,Neutral,Low
8762,train,Neutral,Medium
8763,train,Neutral,Medium
8764,train,Neutral,Medium
8765,train,Neutral,Low
8766,train,Neutral,Medium
8767,train,Neutral,Medium
8768,train,Neutral,Medium
8769,train,Neutral,Low
8770,train,Neutral,Medium
8771,train,Neutral,Medium
8772,train,Neutral,Medium
8773,train,Neutral,Medium
8774,train,Neutral,Medium
8775,train,Neutral,Medium
8776,train,Neutral,Medium
8777,train,Neutral,Medium
8778,train,Neutral,Medium
8779,train,Neutral,Medium
8780,train,Neutral,Low
8781,train,Neutral,Medium
8782,train,Neutral,Medium
8783,train,Neutral,Medium
8784,train,Negative,High
8785,train,Negative,High
8786,train,Negative,High
8787,train,Neutral,High
8788,train,Negative,High
8789,train,Neutral,High
8790,train,Neutral,High
8791,train,Negative,High
8792,train,Neutral,High
8793,train,Negative,High
8794,train,Negative,High
8795,train,Negative,High
8796,train,Negative,High
8797,train,Negative,High
8798,train,Negative,High
8799,train,Negative,High
8800,train,Negative,High
8801,train,Neutral,High
8802,train,Neutral,High
8803,train,Neutral,High
8804,train,Negative,High
8805,train,Neutral,High
8806,train,Neutral,High
8807,train,Neutral,High
8808,train,Negative,High
8809,train,Negative,High
8810,train,Negative,High
8811,train,Neutral,High
8812,train,Negative,High
8813,train,Negative,High
8814,train,Neutral,Low
8815,train,Neutral,High
8816,train,Neutral,Medium
8817,train,Neutral,High
8818,train,Neutral,High
8819,train,Neutral,Medium
8820,train,Neutral,High
8821,train,Neutral,High
8822,train,Neutral,High
8823,train,Neutral,High
8824,train,Neutral,High
8825,train,Neutral,High
8826,train,Neutral,High
8827,train,Neutral,High
8828,train,Neutral,High
8829,train,Neutral,High
8830,train,Neutral,High
8831,train,Neutral,High
8832,train,Neutral,High
8833,train,Neutral,High
8834,train,Negative,High
8835,train,Neutral,High
8836,train,Neutral,High
8837,train,Neutral,High
8838,train,Neutral,High
8839,train,Neutral,High
8840,train,Negative,High
8841,train,Neutral,High
8842,train,Negative,High
8843,train,Neutral,High
8844,train,Neutral,High
8845,train,Negative,High
8846,train,Negative,High
8847,train,Negative,High
8848,train,Negative,High
8849,train,Neutral,High
8850,train,Neutral,Low
8851,train,Negative,High
8852,train,Negative,High
8853,train,Negative,High
8854,train,Negative,High
8855,train,Neutral,Low
8856,train,Neutral,High
8857,train,Negative,High
8858,train,Negative,High
8859,train,Neutral,High
8860,train,Negative,High
8861,train,Neutral,High
8862,train,Neutral,High
8863,train,Neutral,High
8864,train,Neutral,High
8865,train,Neutral,High
8866,train,Neutral,High
8867,train,Neutral,High
8868,train,Neutral,High
8869,train,Neutral,High
8870,train,Neutral,High
8871,train,Neutral,High
8872,train,Neutral,High
8873,train,Neutral,High
8874,train,Neutral,High
8875,train,Neutral,High
8876,train,Neutral,High
8877,train,Neutral,High
8878,train,Neutral,High
8879,train,Neutral,High
8880,train,Neutral,High
8881,train,Neutral,High
8882,train,Neutral,High
8883,train,Neutral,High
8884,train,Neutral,High
8885,train,Neutral,High
8886,train,Neutral,High
8887,train,Negative,High
8888,train,Neutral,High
8889,train,Neutral,High
8890,train,Neutral,High
8891,train,Neutral,High
8892,train,Neutral,High
8893,train,Neutral,High
8894,train,Neutral,High
8895,train,Neutral,High
8896,train,Neutral,High
8897,train,Neutral,High
8898,train,Negative,High
8899,train,Neutral,High
8900,train,Neutral,High
8901,train,Neutral,High
8902,train,Negative,High
8903,train,Neutral,High
8904,train,Neutral,High
8905,train,Neutral,High
8906,train,Neutral,High
8907,train,Negative,High
8908,train,Neutral,High
8909,train,Neutral,High
8910,train,Neutral,High
8911,train,Neutral,High
8912,train,Negative,High
8913,train,Neutral,High
8914,train,Negative,High
8915,train,Neutral,High
8916,train,Neutral,High
8917,train,Negative,High
8918,train,Negative,High
8919,train,Neutral,High
8920,train,Neutral,High
8921,train,Negative,High
8922,train,Neutral,High
8923,train,Neutral,High
8924,train,Neutral,High
8925,train,Neutral,High
8926,train,Neutral,High
8927,train,Neutral,High
8928,train,Neutral,High
8929,train,Neutral,High
8930,train,Neutral,High
8931,train,Neutral,High
8932,train,Negative,High
8933,train,Negative,High
8934,train,Negative,High
8935,train,Neutral,High
8936,train,Neutral,High
8937,train,Neutral,High
8938,train,Neutral,High
8939,train,Neutral,High
8940,train,Neutral,High
8941,train,Neutral,High
8942,train,Neutral,High
8943,train,Neutral,High
8944,train,Neutral,Low
8945,train,Neutral,Low
8946,train,Neutral,Low
8947,train,Neutral,Low
8948,train,Neutral,Low
8949,train,Neutral,Low
8950,train,Neutral,Low
8951,train,Neutral,Low
8952,train,Neutral,Low
8953,train,Neutral,Low
8954,train,Neutral,Low
8955,train,Neutral,Low
8956,train,Neutral,Low
8957,train,Neutral,Low
8958,train,Neutral,Low
8959,train,Neutral,Low
8960,train,Neutral,Low
8961,train,Neutral,Low
8962,train,Neutral,Low
8963,train,Neutral,Low
8964,train,Neutral,Low
8965,train,Neutral,Low
8966,train,Neutral,Low
8967,train,Neutral,Low
8968,train,Neutral,Low
8969,train,Neutral,Low
8970,train,Neutral,Low
8971,train,Neutral,Low
8972,train,Neutral,Low
8973,train,Neutral,Low
8974,train,Neutral,Low
8975,train,Neutral,Low
8976,train,Neutral,Low
8977,train,Neutral,Low
8978,train,Neutral,Low
8979,train,Neutral,Low
8980,train,Neutral,Low
8981,train,Neutral,Low
8982,train,Neutral,Low
8983,train,Neutral,Low
8984,train,Neutral,Low
8985,train,Neutral,Low
8986,train,Neutral,Low
8987,train,Neutral,Low
8988,train,Neutral,Low
8989,train,Neutral,Low
8990,train,Neutral,Low
8991,train,Neutral,Low
8992,train,Neutral,Low
8993,train,Neutral,Low
8994,train,Neutral,Low
8995,train,Neutral,Low
8996,train,Neutral,Low
8997,train,Neutral,Low
8998,train,Neutral,Low
8999,train,Neutral,Low
9000,train,Neutral,Low
9001,train,Neutral,Low
9002,train,Neutral,Low
9003,train,Neutral,Low
9004,train,Neutral,Low
9005,train,Neutral,Low
9006,train,Neutral,Low
9007,train,Neutral,Low
9008,train,Neutral,Low
9009,train,Neutral,Low
9010,train,Neutral,Low
9011,train,Neutral,Low
9012,train,Neutral,Low
9013,train,Neutral,Low
9014,train,Neutral,Low
9015,train,Neutral,Low
9016,train,Neutral,Low
9017,train,Neutral,Low
9018,train,Neutral,Low
9019,train,Neutral,Low
9020,train,Neutral,Low
9021,train,Neutral,Low
9022,train,Neutral,Low
9023,train,Neutral,Low
9024,train,Neutral,Low
9025,train,Neutral,Low
9026,train,Neutral,Low
9027,train,Neutral,Low
9028,train,Neutral,Low
9029,train,Neutral,Low
9030,train,Neutral,Low
9031,train,Neutral,Low
9032,train,Neutral,Low
9033,train,Neutral,Low
9034,train,Neutral,Low
9035,train,Neutral,Low
9036,train,Neutral,Low
9037,train,Neutral,Low
9038,train,Neutral,Low
9039,train,Neutral,Low
9040,train,Neutral,Low
9041,train,Neutral,Low
9042,train,Neutral,Low
9043,train,Neutral,Low
9044,train,Neutral,Low
9045,train,Neutral,Low
9046,train,Neutral,Low
9047,train,Neutral,Low
9048,train,Neutral,Low
9049,train,Neutral,Low
9050,train,Neutral,Low
9051,train,Neutral,Low
9052,train,Neutral,Low
9053,train,Neutral,Low
9054,train,Neutral,Low
9055,train,Neutral,Low
9056,train,Neutral,Low
9057,train,Neutral,Low
9058,train,Neutral,Low
9059,train,Neutral,Low
9060,train,Neutral,Low
9061,train,Neutral,Low
9062,train,Neutral,Low
9063,train,Neutral,Low
9064,train,Neutral,Low
9065,train,Neutral,Low
9066,train,Neutral,Low
9067,train,Neutral,Low
9068,train,Neutral,Low
9069,train,Neutral,Low
9070,train,Neutral,Low
9071,train,Neutral,Low
9072,train,Neutral,Low
9073,train,Neutral,Low
9074,train,Neutral,Low
9075,train,Neutral,Low
9076,train,Neutral,Low
9077,train,Neutral,Low
9078,train,Neutral,Low
9079,train,Neutral,Low
9080,train,Neutral,Medium
9081,train,Neutral,Medium
9082,train,Neutral,Medium
9083,train,Neutral,Medium
9084,train,Neutral,Medium
9085,train,Neutral,Medium
9086,train,Neutral,Low
9087,train,Neutral,Medium
9088,train,Neutral,Medium
9089,train,Neutral,Medium
9090,train,Neutral,Low
9091,train,Neutral,Medium
9092,train,Neutral,Medium
9093,train,Neutral,Medium
9094,train,Neutral,Medium
9095,train,Neutral,Medium
9096,train,Neutral,Medium
9097,train,Neutral,Medium
9098,train,Neutral,Medium
9099,train,Neutral,Medium
9100,train,Neutral,Low
9101,train,Neutral,Low
9102,train,Neutral,Low
9103,train,Neutral,Low
9104,train,Neutral,Low
9105,train,Neutral,Low
9106,train,Neutral,Low
9107,train,Neutral,Low
9108,train,Neutral,Low
9109,train,Neutral,Low
9110,train,Neutral,Low
9111,train,Neutral,Low
9112,train,Neutral,Low
9113,train,Neutral,Low
9114,train,Neutral,Low
9115,train,Neutral,Low
9116,train,Neutral,Low
9117,train,Neutral,Low
9118,train,Neutral,Low
9119,train,Neutral,Low
9120,train,Neutral,Low
9121,train,Neutral,Low
9122,train,Neutral,Low
9123,train,Neutral,Low
9124,train,Neutral,Low
9125,train,Neutral,Low
9126,train,Neutral,Low
9127,train,Neutral,Low
9128,train,Neutral,Low
9129,train,Neutral,Low
9130,train,Neutral,Low
9131,train,Neutral,Low
9132,train,Neutral,Low
9133,train,Neutral,Low
9134,train,Neutral,Low
9135,train,Neutral,Low
9136,train,Neutral,Low
9137,train,Neutral,Low
9138,train,Neutral,Low
9139,train,Neutral,Low
9140,train,Neutral,Low
9141,train,Neutral,Low
9142,train,Neutral,Low
9143,train,Neutral,Low
9144,train,Neutral,Low
9145,train,Neutral,Low
9146,train,Neutral,Low
9147,train,Neutral,Low
9148,train,Neutral,Low
9149,train,Neutral,Low
9150,train,Neutral,Low
9151,train,Neutral,Low
9152,train,Neutral,Low
9153,train,Neutral,Low
9154,train,Neutral,Low
9155,train,Neutral,Low
9156,train,Neutral,Low
9157,train,Neutral,Low
9158,train,Neutral,Low
9159,train,Neutral,Low
9160,train,Neutral,Low
9161,train,Neutral,Low
9162,train,Neutral,Low
9163,train,Neutral,Low
9164,train,Neutral,Low
9165,train,Neutral,Low
9166,train,Neutral,Low
9167,train,Neutral,Low
9168,train,Neutral,Low
9169,train,Neutral,Low
9170,train,Neutral,Low
9171,train,Neutral,Low
9172,train,Neutral,Low
9173,train,Neutral,Low
9174,train,Neutral,Low
9175,train,Neutral,Low
9176,train,Neutral,Low
9177,train,Neutral,Low
9178,train,Neutral,Low
9179,train,Neutral,Low
9180,train,Neutral,Low
9181,train,Neutral,Low
9182,train,Neutral,Low
9183,train,Neutral,Low
9184,train,Neutral,Low
9185,train,Neutral,Low
9186,train,Neutral,Low
9187,train,Neutral,Low
9188,train,Neutral,Low
9189,train,Neutral,Low
9190,train,Neutral,Low
9191,train,Neutral,Low
9192,train,Neutral,Low
9193,train,Neutral,Low
9194,train,Neutral,Low
9195,train,Neutral,Low
9196,train,Neutral,Low
9197,train,Neutral,Low
9198,train,Neutral,Low
9199,train,Neutral,Low
9200,train,Neutral,Low
9201,train,Neutral,Low
9202,train,Neutral,Low
9203,train,Neutral,Low
9204,train,Neutral,Low
9205,train,Neutral,Low
9206,train,Neutral,Low
9207,train,Neutral,Low
9208,train,Neutral,Low
9209,train,Neutral,Low
9210,train,Neutral,Low
9211,train,Neutral,Low
9212,train,Neutral,Low
9213,train,Neutral,Low
9214,train,Neutral,Low
9215,train,Neutral,Low
9216,train,Neutral,Low
9217,train,Neutral,Low
9218,train,Neutral,Low
9219,train,Neutral,Low
9220,train,Neutral,Low
9221,train,Neutral,Low
9222,train,Neutral,Low
9223,train,Neutral,Low
9224,train,Neutral,Low
9225,train,Neutral,Low
9226,train,Neutral,Low
9227,train,Neutral,Low
9228,train,Neutral,Low
9229,train,Neutral,Low
9230,train,Neutral,Low
9231,train,Neutral,Low
9232,train,Neutral,Low
9233,train,Neutral,Low
9234,train,Neutral,Low
9235,train,Neutral,Low
9236,train,Neutral,Low
9237,train,Neutral,Low
9238,train,Neutral,Low
9239,train,Neutral,Low
9240,train,Neutral,Low
9241,train,Neutral,Low
9242,train,Neutral,Low
9243,train,Neutral,Low
9244,train,Neutral,Low
9245,train,Neutral,Low
9246,train,Neutral,Low
9247,train,Neutral,Low
9248,train,Neutral,Low
9249,train,Neutral,High
9250,train,Neutral,Low
9251,train,Neutral,Low
9252,train,Neutral,Low
9253,train,Neutral,Low
9254,train,Neutral,Low
9255,train,Neutral,Low
9256,train,Neutral,Low
9257,train,Neutral,Low
9258,train,Neutral,Low
9259,train,Neutral,Low
9260,train,Neutral,Low
9261,train,Neutral,Low
9262,train,Neutral,Low
9263,train,Neutral,Low
9264,train,Neutral,Low
9265,train,Neutral,Low
9266,train,Neutral,Low
9267,train,Neutral,Low
9268,train,Neutral,Low
9269,train,Neutral,Low
9270,train,Neutral,Low
9271,train,Neutral,Low
9272,train,Neutral,Low
9273,train,Neutral,Low
9274,train,Neutral,High
9275,train,Neutral,Low
9276,train,Neutral,Low
9277,train,Neutral,Low
9278,train,Neutral,Low
9279,train,Neutral,Low
9280,train,Neutral,Low
9281,train,Neutral,Low
9282,train,Neutral,Low
9283,train,Neutral,Low
9284,train,Neutral,Low
9285,train,Neutral,Low
9286,train,Neutral,Low
9287,train,Neutral,Low
9288,train,Neutral,Low
9289,train,Neutral,Low
9290,train,Neutral,Low
9291,train,Neutral,Low
9292,train,Neutral,Low
9293,train,Neutral,Low
9294,train,Neutral,Low
9295,train,Neutral,Low
9296,train,Neutral,Low
9297,train,Neutral,Low
9298,train,Neutral,Low
9299,train,Neutral,Low
9300,train,Neutral,Low
9301,train,Neutral,Low
9302,train,Neutral,Low
9303,train,Neutral,Medium
9304,train,Neutral,Low
9305,train,Neutral,Medium
9306,train,Neutral,Low
9307,train,Neutral,Low
9308,train,Neutral,Low
9309,train,Neutral,Low
9310,train,Neutral,Low
9311,train,Neutral,Medium
9312,train,Neutral,Low
9313,train,Neutral,Low
9314,train,Neutral,Low
9315,train,Neutral,Low
9316,train,Neutral,Low
9317,train,Neutral,Low
9318,train,Neutral,Low
9319,train,Neutral,Low
9320,train,Neutral,Low
9321,train,Neutral,Low
9322,train,Neutral,Low
9323,train,Neutral,Low
9324,train,Neutral,Low
9325,train,Neutral,Low
9326,train,Neutral,Low
9327,train,Neutral,Low
9328,train,Neutral,Low
9329,train,Neutral,Low
9330,train,Neutral,Low
9331,train,Neutral,Low
9332,train,Neutral,Low
9333,train,Neutral,Low
9334,train,Neutral,Low
9335,train,Neutral,Low
9336,train,Neutral,Low
9337,train,Neutral,Low
9338,train,Neutral,Medium
9339,train,Neutral,Medium
9340,train,Neutral,Medium
9341,train,Neutral,Medium
9342,train,Neutral,Medium
9343,train,Neutral,Medium
9344,train,Neutral,Medium
9345,train,Neutral,Medium
9346,train,Neutral,Medium
9347,train,Neutral,Medium
9348,train,Neutral,Medium
9349,train,Neutral,Medium
9350,train,Neutral,Medium
9351,train,Neutral,Medium
9352,train,Neutral,Medium
9353,train,Neutral,Medium
9354,train,Neutral,Medium
9355,train,Neutral,Medium
9356,train,Neutral,Medium
9357,train,Neutral,Medium
9358,train,Neutral,Medium
9359,train,Neutral,Medium
9360,train,Negative,Medium
9361,train,Neutral,Medium
9362,train,Neutral,Medium
9363,train,Negative,Medium
9364,train,Neutral,Medium
9365,train,Neutral,Medium
9366,train,Neutral,Medium
9367,train,Neutral,Medium
9368,train,Neutral,Medium
9369,train,Neutral,Medium
9370,train,Neutral,Medium
9371,train,Negative,Medium
9372,train,Neutral,Medium
9373,train,Neutral,Medium
9374,train,Neutral,Medium
9375,train,Neutral,Medium
9376,train,Neutral,Medium
9377,train,Neutral,Medium
9378,train,Neutral,Medium
9379,train,Neutral,Medium
9380,train,Neutral,Medium
9381,train,Neutral,Medium
9382,train,Neutral,Medium
9383,train,Neutral,Medium
9384,train,Neutral,Medium
9385,train,Neutral,Medium
9386,train,Neutral,Medium
9387,train,Neutral,Medium
9388,train,Neutral,Medium
9389,train,Neutral,Medium
9390,train,Neutral,Medium
9391,train,Neutral,Medium
9392,train,Neutral,Medium
9393,train,Neutral,Medium
9394,train,Neutral,Medium
9395,train,Neutral,Medium
9396,train,Neutral,Medium
9397,train,Neutral,Medium
9398,train,Negative,Medium
9399,train,Neutral,Medium
9400,train,Neutral,Medium
9401,train,Neutral,Medium
9402,train,Neutral,Medium
9403,train,Neutral,Medium
9404,train,Neutral,Medium
9405,train,Neutral,Medium
9406,train,Neutral,Medium
9407,train,Neutral,Medium
9408,train,Negative,Medium
9409,train,Neutral,Medium
9410,train,Neutral,Medium
9411,train,Neutral,Medium
9412,train,Neutral,Medium
9413,train,Neutral,Medium
9414,train,Neutral,Medium
9415,train,Neutral,Medium
9416,train,Neutral,Medium
9417,train,Neutral,Low
9418,train,Neutral,Medium
9419,train,Neutral,Medium
9420,train,Neutral,Medium
9421,train,Neutral,Medium
9422,train,Neutral,Medium
9423,train,Neutral,Low
9424,train,Neutral,Medium
9425,train,Neutral,Medium
9426,train,Neutral,Medium
9427,train,Neutral,Medium
9428,train,Neutral,Medium
9429,train,Neutral,Medium
9430,train,Neutral,Medium
9431,train,Neutral,Medium
9432,train,Neutral,Medium
9433,train,Neutral,Medium
9434,train,Neutral,Medium
9435,train,Neutral,Medium
9436,train,Neutral,Medium
9437,train,Neutral,Medium
9438,train,Negative,Medium
9439,train,Neutral,Medium
9440,train,Neutral,Medium
9441,train,Neutral,Medium
9442,train,Neutral,Medium
9443,train,Neutral,Medium
9444,train,Neutral,Medium
9445,train,Neutral,Medium
9446,train,Neutral,Medium
9447,train,Neutral,Medium
9448,train,Neutral,Medium
9449,train,Neutral,Medium
9450,train,Neutral,Medium
9451,train,Neutral,Medium
9452,train,Neutral,Medium
9453,train,Neutral,Medium
9454,train,Neutral,Medium
9455,train,Neutral,Medium
9456,train,Neutral,Medium
9457,train,Neutral,Medium
9458,train,Neutral,Medium
9459,train,Neutral,Medium
9460,train,Negative,Medium
9461,train,Neutral,Medium
9462,train,Neutral,Medium
9463,train,Neutral,Medium
9464,train,Neutral,Medium
9465,train,Neutral,Medium
9466,train,Neutral,Medium
9467,train,Neutral,Low
9468,train,Neutral,Low
9469,train,Neutral,Low
9470,train,Neutral,Medium
9471,train,Neutral,Medium
9472,train,Neutral,Medium
9473,train,Neutral,Medium
9474,train,Neutral,Medium
9475,train,Neutral,Low
9476,train,Neutral,Medium
9477,train,Neutral,Medium
9478,train,Neutral,Low
9479,train,Neutral,Medium
9480,train,Neutral,Medium
9481,train,Neutral,Medium
9482,train,Neutral,Medium
9483,train,Neutral,Medium
9484,train,Neutral,Medium
9485,train,Neutral,Medium
9486,train,Neutral,Medium
9487,train,Neutral,Medium
9488,train,Neutral,Medium
9489,train,Neutral,Low
9490,train,Neutral,Medium
9491,train,Neutral,High
9492,train,Neutral,Medium
9493,train,Neutral,Medium
9494,train,Neutral,Medium
9495,train,Neutral,Medium
9496,train,Neutral,Medium
9497,train,Neutral,Medium
9498,train,Neutral,Medium
9499,train,Neutral,Medium
9500,train,Neutral,Medium
9501,train,Neutral,Medium
9502,train,Neutral,Medium
9503,train,Neutral,Medium
9504,train,Neutral,Medium
9505,train,Neutral,Medium
9506,train,Neutral,Medium
9507,train,Neutral,Medium
9508,train,Neutral,Low
9509,train,Neutral,Medium
9510,train,Neutral,Medium
9511,train,Neutral,Medium
9512,train,Neutral,Medium
9513,train,Neutral,Low
9514,train,Neutral,Low
9515,train,Neutral,Low
9516,train,Neutral,Low
9517,train,Neutral,Low
9518,train,Neutral,Low
9519,train,Neutral,Low
9520,train,Neutral,Low
9521,train,Neutral,Low
9522,train,Neutral,Low
9523,train,Neutral,Low
9524,train,Neutral,Low
9525,train,Neutral,Low
9526,train,Neutral,Low
9527,train,Neutral,Low
9528,train,Neutral,Low
9529,train,Neutral,Low
9530,train,Neutral,Low
9531,train,Neutral,Low
9532,train,Neutral,Low
9533,train,Neutral,Low
9534,train,Neutral,Low
9535,train,Neutral,Low
9536,train,Neutral,Low
9537,train,Neutral,Low
9538,train,Neutral,Low
9539,train,Neutral,Low
9540,train,Neutral,Low
9541,train,Neutral,Low
9542,train,Neutral,Low
9543,train,Neutral,Low
9544,train,Neutral,Low
9545,train,Neutral,Low
9546,train,Neutral,Low
9547,train,Neutral,Low
9548,train,Neutral,Low
9549,train,Neutral,Low
9550,train,Neutral,Low
9551,train,Neutral,Low
9552,train,Neutral,Low
9553,train,Neutral,Low
9554,train,Neutral,Low
9555,train,Neutral,Low
9556,train,Neutral,Low
9557,train,Neutral,Low
9558,train,Neutral,Low
9559,train,Neutral,Low
9560,train,Neutral,Low
9561,train,Neutral,Low
9562,train,Neutral,Low
9563,train,Neutral,Low
9564,train,Neutral,Low
9565,train,Neutral,Low
9566,train,Neutral,Low
9567,train,Neutral,Low
9568,train,Neutral,Low
9569,train,Neutral,Low
9570,train,Neutral,Low
9571,train,Neutral,Low
9572,train,Neutral,Low
9573,train,Neutral,Low
9574,train,Neutral,Low
9575,train,Neutral,Low
9576,train,Neutral,Low
9577,train,Neutral,Low
9578,train,Neutral,Low
9579,train,Neutral,Low
9580,train,Neutral,Low
9581,train,Neutral,Low
9582,train,Neutral,Low
9583,train,Neutral,Low
9584,train,Neutral,Low
9585,train,Neutral,Low
9586,train,Neutral,Low
9587,train,Neutral,Low
9588,train,Neutral,Low
9589,train,Neutral,Low
9590,train,Neutral,Low
9591,train,Neutral,Low
9592,train,Neutral,Low
9593,train,Neutral,Low
9594,train,Neutral,Low
9595,train,Neutral,Low
9596,train,Neutral,Low
9597,train,Neutral,Low
9598,train,Neutral,Low
9599,train,Neutral,Low
9600,train,Neutral,Low
9601,train,Neutral,Low
9602,train,Neutral,Low
9603,train,Neutral,Low
9604,train,Neutral,Low
9605,train,Neutral,Low
9606,train,Neutral,Low
9607,train,Neutral,Low
9608,train,Neutral,Low
9609,train,Neutral,Low
9610,train,Neutral,Low
9611,train,Neutral,Low
9612,train,Neutral,Low
9613,train,Neutral,Low
9614,train,Neutral,Low
9615,train,Neutral,Low
9616,train,Neutral,Low
9617,train,Neutral,Low
9618,train,Neutral,Low
9619,train,Neutral,Low
9620,train,Neutral,Low
9621,train,Neutral,Low
9622,train,Neutral,Low
9623,train,Neutral,Low
9624,train,Neutral,Low
9625,train,Neutral,Low
9626,train,Neutral,Low
9627,train,Neutral,Low
9628,train,Neutral,Low
9629,train,Neutral,Low
9630,train,Neutral,Low
9631,train,Neutral,Low
9632,train,Neutral,Low
9633,train,Neutral,Low
9634,train,Neutral,Low
9635,train,Neutral,Low
9636,train,Neutral,Low
9637,train,Neutral,Low
9638,train,Neutral,Low
9639,train,Neutral,Low
9640,train,Neutral,Low
9641,train,Neutral,Low
9642,train,Neutral,Low
9643,train,Neutral,Low
9644,train,Neutral,Low
9645,train,Neutral,Low
9646,train,Neutral,Medium
9647,train,Neutral,Low
9648,train,Neutral,Low
9649,train,Neutral,Low
9650,train,Neutral,Low
9651,train,Neutral,Low
9652,train,Neutral,Medium
9653,train,Neutral,Low
9654,train,Neutral,Low
9655,train,Neutral,Low
9656,train,Neutral,Medium
9657,train,Neutral,Low
9658,train,Neutral,Low
9659,train,Neutral,Medium
9660,train,Neutral,Low
9661,train,Neutral,Low
9662,train,Neutral,Low
9663,train,Neutral,Low
9664,train,Neutral,Low
9665,train,Neutral,Low
9666,train,Neutral,Low
9667,train,Neutral,Low
9668,train,Neutral,Low
9669,train,Neutral,Low
9670,train,Neutral,Low
9671,train,Neutral,Low
9672,train,Neutral,Low
9673,train,Neutral,Low
9674,train,Neutral,Low
9675,train,Neutral,Low
9676,train,Neutral,Low
9677,train,Neutral,Low
9678,train,Neutral,Low
9679,train,Neutral,Medium
9680,train,Neutral,Low
9681,train,Neutral,Low
9682,train,Neutral,Medium
9683,train,Neutral,Low
9684,train,Neutral,Medium
9685,train,Neutral,Medium
9686,train,Neutral,Low
9687,train,Neutral,Low
9688,train,Neutral,Low
9689,train,Neutral,Low
9690,train,Neutral,Medium
9691,train,Neutral,Low
9692,train,Neutral,Low
9693,train,Neutral,Medium
9694,train,Neutral,Medium
9695,train,Neutral,Low
9696,train,Neutral,Low
9697,train,Neutral,Medium
9698,train,Neutral,Medium
9699,train,Neutral,Low
9700,train,Neutral,Low
9701,train,Neutral,Medium
9702,train,Neutral,Medium
9703,train,Neutral,Low
9704,train,Neutral,Low
9705,train,Neutral,Medium
9706,train,Neutral,Medium
9707,train,Neutral,Low
9708,train,Neutral,Medium
9709,train,Neutral,Medium
9710,train,Neutral,Medium
9711,train,Neutral,Low
9712,train,Neutral,Low
9713,train,Neutral,Low
9714,train,Neutral,Low
9715,train,Neutral,Low
9716,train,Neutral,Low
9717,train,Neutral,Medium
9718,train,Neutral,Low
9719,train,Neutral,Low
9720,train,Neutral,Medium
9721,train,Neutral,Low
9722,train,Neutral,Medium
9723,train,Neutral,Low
9724,train,Neutral,Medium
9725,train,Neutral,Low
9726,train,Neutral,Medium
9727,train,Neutral,Low
9728,train,Neutral,Low
9729,train,Neutral,Medium
9730,train,Neutral,Medium
9731,train,Neutral,Medium
9732,train,Neutral,Low
9733,train,Neutral,Low
9734,train,Neutral,Low
9735,train,Neutral,Low
9736,train,Neutral,Low
9737,train,Neutral,Medium
9738,train,Neutral,Low
9739,train,Neutral,Medium
9740,train,Neutral,Low
9741,train,Neutral,Low
9742,train,Neutral,Low
9743,train,Neutral,Low
9744,train,Neutral,Low
9745,train,Neutral,Low
9746,train,Neutral,Low
9747,train,Neutral,Low
9748,train,Neutral,Low
9749,train,Neutral,Low
9750,train,Neutral,Low
9751,train,Neutral,Low
9752,train,Neutral,Low
9753,train,Neutral,Low
9754,train,Neutral,Low
9755,train,Neutral,Low
9756,train,Neutral,Low
9757,train,Neutral,Low
9758,train,Neutral,Low
9759,train,Neutral,Low
9760,train,Neutral,Medium
9761,train,Neutral,Medium
9762,train,Neutral,Low
9763,train,Neutral,Low
9764,train,Neutral,Low
9765,train,Neutral,Low
9766,train,Neutral,Low
9767,train,Neutral,Low
9768,train,Neutral,Low
9769,train,Neutral,Low
9770,train,Neutral,Low
9771,train,Neutral,Low
9772,train,Neutral,Low
9773,train,Neutral,Low
9774,train,Neutral,Low
9775,train,Neutral,Low
9776,train,Neutral,Low
9777,train,Neutral,Low
9778,train,Neutral,Low
9779,train,Neutral,Low
9780,train,Neutral,Low
9781,train,Neutral,Low
9782,train,Neutral,Low
9783,train,Neutral,Low
9784,train,Neutral,Low
9785,train,Neutral,Low
9786,train,Neutral,Low
9787,train,Neutral,Low
9788,train,Neutral,Low
9789,train,Neutral,Low
9790,train,Neutral,Low
9791,train,Neutral,Low
9792,train,Neutral,Low
9793,train,Neutral,Low
9794,train,Neutral,Low
9795,train,Neutral,Low
9796,train,Neutral,Low
9797,train,Neutral,Low
9798,train,Neutral,Low
9799,train,Neutral,Low
9800,train,Neutral,Low
9801,train,Neutral,Low
9802,train,Neutral,Low
9803,train,Neutral,Low
9804,train,Neutral,Low
9805,train,Neutral,Low
9806,train,Neutral,Low
9807,train,Neutral,Low
9808,train,Neutral,Low
9809,train,Neutral,Low
9810,train,Neutral,Low
9811,train,Neutral,Low
9812,train,Neutral,Low
9813,train,Neutral,Low
9814,train,Neutral,Low
9815,train,Neutral,Low
9816,train,Neutral,Low
9817,train,Neutral,Low
9818,train,Neutral,Low
9819,train,Neutral,Low
9820,train,Neutral,Low
9821,train,Neutral,Low
9822,train,Neutral,Low
9823,train,Neutral,Low
9824,train,Neutral,Low
9825,train,Neutral,Low
9826,train,Neutral,Low
9827,train,Neutral,Low
9828,train,Neutral,Low
9829,train,Neutral,Low
9830,train,Neutral,Low
9831,train,Neutral,Low
9832,train,Neutral,Low
9833,train,Neutral,Low
9834,train,Neutral,Low
9835,train,Neutral,Low
9836,train,Neutral,Low
9837,train,Neutral,Low
9838,train,Neutral,Low
9839,train,Neutral,Low
9840,train,Neutral,Low
9841,train,Neutral,Low
9842,train,Neutral,High
9843,train,Neutral,Low
9844,train,Neutral,Low
9845,train,Neutral,Low
9846,train,Neutral,Low
9847,train,Neutral,Low
9848,train,Neutral,Low
9849,train,Neutral,Low
9850,train,Neutral,Low
9851,train,Neutral,Low
9852,train,Neutral,Low
9853,train,Neutral,Low
9854,train,Neutral,Low
9855,train,Neutral,Low
9856,train,Neutral,Low
9857,train,Neutral,Low
9858,train,Neutral,Low
9859,train,Neutral,Low
9860,train,Neutral,Low
9861,train,Neutral,Low
9862,train,Neutral,Low
9863,train,Neutral,Low
9864,train,Neutral,Low
9865,train,Neutral,Low
9866,train,Neutral,Low
9867,train,Neutral,Low
9868,train,Neutral,Low
9869,train,Neutral,Low
9870,train,Neutral,Low
9871,train,Neutral,Low
9872,train,Neutral,Low
9873,train,Neutral,Low
9874,train,Neutral,Low
9875,train,Neutral,Low
9876,train,Neutral,Low
9877,train,Neutral,Low
9878,train,Neutral,Low
9879,train,Neutral,Low
9880,train,Neutral,Low
9881,train,Neutral,Low
9882,train,Neutral,Low
9883,train,Neutral,Low
9884,train,Neutral,Low
9885,train,Neutral,Low
9886,train,Neutral,Low
9887,train,Neutral,Low
9888,train,Neutral,Low
9889,train,Neutral,Low
9890,train,Neutral,Low
9891,train,Neutral,Low
9892,train,Neutral,Low
9893,train,Neutral,Low
9894,train,Neutral,Low
9895,train,Neutral,Low
9896,train,Neutral,Low
9897,train,Neutral,Low
9898,train,Neutral,Low
9899,train,Neutral,Low
9900,train,Neutral,Low
9901,train,Neutral,Low
9902,train,Neutral,Low
9903,train,Neutral,Low
9904,train,Neutral,Low
9905,train,Neutral,Low
9906,train,Neutral,Low
9907,train,Neutral,Low
9908,train,Neutral,Low
9909,train,Neutral,Low
9910,train,Neutral,Low
9911,train,Neutral,Low
9912,train,Neutral,Low
9913,train,Neutral,Low
9914,train,Neutral,Low
9915,train,Neutral,Low
9916,train,Neutral,Low
9917,train,Neutral,Low
9918,train,Neutral,Low
9919,train,Neutral,Low
9920,train,Neutral,Low
9921,train,Neutral,Low
9922,train,Neutral,Low
9923,train,Neutral,Low
9924,train,Neutral,Low
9925,train,Neutral,Low
9926,train,Neutral,Low
9927,train,Neutral,Low
9928,train,Neutral,Low
9929,train,Neutral,Low
9930,train,Neutral,Low
9931,train,Neutral,Low
9932,train,Neutral,Low
9933,train,Neutral,Low
9934,train,Neutral,Low
9935,train,Neutral,Low
9936,train,Neutral,Low
9937,train,Neutral,Low
9938,train,Neutral,Low
9939,train,Neutral,Low
9940,train,Neutral,Low
9941,train,Neutral,Low
9942,train,Neutral,Low
9943,train,Neutral,Low
9944,train,Neutral,Low
9945,train,Neutral,Low
9946,train,Neutral,Low
9947,train,Neutral,Low
9948,train,Neutral,Low
9949,train,Neutral,Low
9950,train,Neutral,Low
9951,train,Neutral,Low
9952,train,Neutral,Low
9953,train,Neutral,Low
9954,train,Neutral,Low
9955,train,Neutral,Low
9956,train,Neutral,Low
9957,train,Neutral,Low
9958,train,Neutral,Low
9959,train,Neutral,Low
9960,train,Neutral,Low
9961,train,Neutral,Low
9962,train,Neutral,Low
9963,train,Neutral,Low
9964,train,Neutral,Low
9965,train,Neutral,Low
9966,train,Neutral,Low
9967,train,Neutral,Low
9968,train,Neutral,Low
9969,train,Neutral,Low
9970,train,Neutral,Low
9971,train,Neutral,Low
9972,train,Neutral,Low
9973,train,Neutral,Low
9974,train,Neutral,Low
9975,train,Neutral,Low
9976,train,Neutral,Low
9977,train,Neutral,Low
9978,train,Neutral,Low
9979,train,Neutral,Low
9980,train,Neutral,Low
9981,train,Neutral,Low
9982,train,Neutral,Low
9983,train,Neutral,Low
9984,train,Neutral,Low
9985,train,Neutral,Low
9986,train,Neutral,Low
9987,train,Neutral,Low
9988,train,Neutral,Low
9989,train,Neutral,Low
9990,train,Neutral,Low
9991,train,Neutral,Low
9992,train,Neutral,Low
9993,train,Neutral,Low
9994,train,Neutral,Low
9995,train,Neutral,Low
9996,train,Neutral,Low
9997,train,Neutral,Low
9998,train,Neutral,Low
9999,train,Neutral,Low
10000,train,Neutral,Low
10001,train,Neutral,Low
10002,train,Neutral,Low
0,test,Neutral,Low
1,test,Neutral,Low
2,test,Neutral,Low
3,test,Neutral,Low
4,test,Neutral,Low
5,test,Neutral,Low
6,test,Neutral,Low
7,test,Neutral,Low
8,test,Neutral,Low
9,test,Neutral,Low
10,test,Neutral,Low
11,test,Neutral,Low
12,test,Neutral,Low
13,test,Neutral,Low
14,test,Neutral,Low
15,test,Neutral,Low
16,test,Neutral,Low
17,test,Neutral,Low
18,test,Neutral,Low
19,test,Neutral,Low
20,test,Neutral,Low
21,test,Neutral,Low
22,test,Neutral,Low
23,test,Neutral,Low
24,test,Neutral,Low
25,test,Neutral,Low
26,test,Neutral,Low
27,test,Neutral,Low
28,test,Neutral,Low
29,test,Neutral,Low
30,test,Neutral,Low
31,test,Neutral,Low
32,test,Neutral,Low
33,test,Neutral,Low
34,test,Neutral,Low
35,test,Neutral,Low
36,test,Neutral,Low
37,test,Neutral,Low
38,test,Neutral,Low
39,test,Neutral,Low
40,test,Neutral,Low
41,test,Neutral,Low
42,test,Neutral,Low
43,test,Neutral,Low
44,test,Neutral,Low
45,test,Neutral,Low
46,test,Neutral,Low
47,test,Neutral,Low
48,test,Neutral,Low
49,test,Neutral,Low
50,test,Neutral,Low
51,test,Neutral,Low
52,test,Neutral,Low
53,test,Neutral,Low
54,test,Neutral,Low
55,test,Neutral,Low
56,test,Neutral,Low
57,test,Neutral,Low
58,test,Neutral,Low
59,test,Neutral,Low
60,test,Neutral,Low
61,test,Neutral,Low
62,test,Neutral,Low
63,test,Neutral,Low
64,test,Neutral,Low
65,test,Neutral,Low
66,test,Neutral,Medium
67,test,Neutral,Low
68,test,Neutral,Low
69,test,Neutral,Low
70,test,Neutral,Low
71,test,Neutral,Low
72,test,Neutral,Low
73,test,Neutral,Low
74,test,Neutral,Low
75,test,Neutral,High
76,test,Neutral,Low
77,test,Neutral,Low
78,test,Neutral,Low
79,test,Neutral,Low
80,test,Neutral,Low
81,test,Neutral,Low
82,test,Neutral,Low
83,test,Neutral,Low
84,test,Neutral,Low
85,test,Neutral,Low
86,test,Neutral,Low
87,test,Neutral,Low
88,test,Neutral,Low
89,test,Neutral,Low
90,test,Neutral,Low
91,test,Neutral,Low
92,test,Neutral,Low
93,test,Neutral,Low
94,test,Neutral,Low
95,test,Neutral,Low
96,test,Neutral,Low
97,test,Neutral,Low
98,test,Neutral,Low
99,test,Neutral,Low
100,test,Neutral,Low
101,test,Neutral,Low
102,test,Neutral,Low
103,test,Neutral,Low
104,test,Neutral,Low
105,test,Neutral,Low
106,test,Neutral,Low
107,test,Neutral,Low
108,test,Neutral,Low
109,test,Neutral,Low
110,test,Neutral,Low
111,test,Neutral,Low
112,test,Neutral,Low
113,test,Neutral,Low
114,test,Neutral,Low
115,test,Neutral,Low
116,test,Neutral,Low
117,test,Neutral,Low
118,test,Neutral,Low
119,test,Neutral,Low
120,test,Neutral,Medium
121,test,Neutral,Medium
122,test,Neutral,Medium
123,test,Neutral,Medium
124,test,Neutral,Medium
125,test,Neutral,Medium
126,test,Neutral,Medium
127,test,Neutral,Medium
128,test,Neutral,Medium
129,test,Neutral,Medium
130,test,Neutral,Medium
131,test,Neutral,Medium
132,test,Neutral,Medium
133,test,Neutral,Medium
134,test,Neutral,Medium
135,test,Neutral,Medium
136,test,Neutral,Medium
137,test,Neutral,Medium
138,test,Neutral,Medium
139,test,Neutral,Medium
140,test,Neutral,Medium
141,test,Neutral,Medium
142,test,Neutral,Medium
143,test,Neutral,Medium
144,test,Neutral,Medium
145,test,Neutral,Medium
146,test,Neutral,Medium
147,test,Neutral,Medium
148,test,Neutral,Medium
149,test,Neutral,Medium
150,test,Neutral,Medium
151,test,Neutral,Medium
152,test,Neutral,Medium
153,test,Neutral,Medium
154,test,Neutral,Medium
155,test,Neutral,Medium
156,test,Neutral,Low
157,test,Neutral,Medium
158,test,Neutral,Medium
159,test,Neutral,Medium
160,test,Neutral,Medium
161,test,Neutral,Medium
162,test,Negative,Medium
163,test,Neutral,Medium
164,test,Neutral,Medium
165,test,Neutral,Medium
166,test,Neutral,Medium
167,test,Neutral,Medium
168,test,Neutral,Medium
169,test,Neutral,Medium
170,test,Neutral,Medium
171,test,Neutral,Medium
172,test,Neutral,Medium
173,test,Neutral,Medium
174,test,Neutral,Medium
175,test,Neutral,Medium
176,test,Neutral,Medium
177,test,Neutral,Medium
178,test,Neutral,Medium
179,test,Neutral,Medium
180,test,Neutral,Medium
181,test,Neutral,Medium
182,test,Neutral,Medium
183,test,Negative,Medium
184,test,Neutral,Medium
185,test,Neutral,Medium
186,test,Negative,Medium
187,test,Neutral,Medium
188,test,Neutral,Medium
189,test,Neutral,Medium
190,test,Neutral,Medium
191,test,Neutral,Medium
192,test,Neutral,Medium
193,test,Neutral,Medium
194,test,Neutral,Medium
195,test,Neutral,Medium
196,test,Neutral,Medium
197,test,Neutral,Medium
198,test,Neutral,Medium
199,test,Neutral,Medium
200,test,Neutral,Low
201,test,Neutral,Medium
202,test,Neutral,Low
203,test,Neutral,Medium
204,test,Neutral,Low
205,test,Neutral,Low
206,test,Neutral,Medium
207,test,Neutral,Low
208,test,Neutral,Low
209,test,Neutral,Low
210,test,Neutral,Medium
211,test,Neutral,Low
212,test,Neutral,Low
213,test,Neutral,Low
214,test,Neutral,Low
215,test,Neutral,Low
216,test,Neutral,Low
217,test,Neutral,Low
218,test,Neutral,Medium
219,test,Neutral,Medium
220,test,Neutral,Medium
221,test,Neutral,Medium
222,test,Neutral,Medium
223,test,Neutral,Medium
224,test,Neutral,Medium
225,test,Neutral,Medium
226,test,Neutral,Medium
227,test,Neutral,Medium
228,test,Neutral,Medium
229,test,Neutral,Medium
230,test,Neutral,Medium
231,test,Neutral,Medium
232,test,Neutral,Medium
233,test,Neutral,Medium
234,test,Neutral,Medium
235,test,Neutral,Medium
236,test,Neutral,Medium
237,test,Neutral,Medium
238,test,Neutral,Medium
239,test,Neutral,Medium
240,test,Neutral,Low
241,test,Neutral,Low
242,test,Neutral,Low
243,test,Neutral,Low
244,test,Neutral,Low
245,test,Neutral,Low
246,test,Neutral,Medium
247,test,Neutral,Low
248,test,Neutral,Low
249,test,Neutral,Low
250,test,Neutral,Low
251,test,Neutral,Low
252,test,Neutral,Low
253,test,Neutral,Low
254,test,Neutral,Low
255,test,Neutral,Low
256,test,Neutral,Low
257,test,Neutral,Low
258,test,Neutral,Low
259,test,Neutral,Low
260,test,Neutral,Low
261,test,Neutral,Low
262,test,Neutral,Low
263,test,Neutral,Low
264,test,Neutral,Low
265,test,Neutral,Low
266,test,Neutral,Low
267,test,Neutral,Low
268,test,Neutral,Low
269,test,Neutral,Low
270,test,Neutral,Low
271,test,Neutral,Low
272,test,Neutral,Low
273,test,Neutral,Low
274,test,Neutral,Low
275,test,Neutral,Low
276,test,Neutral,Low
277,test,Neutral,Low
278,test,Neutral,Low
279,test,Neutral,Low
280,test,Neutral,Low
281,test,Neutral,Medium
282,test,Neutral,Low
283,test,Neutral,Low
284,test,Neutral,Low
285,test,Neutral,Low
286,test,Neutral,Low
287,test,Neutral,Low
288,test,Neutral,Low
289,test,Neutral,Low
290,test,Neutral,Low
291,test,Neutral,Low
292,test,Neutral,Low
293,test,Neutral,Low
294,test,Neutral,Low
295,test,Neutral,Low
296,test,Neutral,Low
297,test,Neutral,Low
298,test,Neutral,Low
299,test,Neutral,Low
300,test,Neutral,Low
301,test,Neutral,Low
302,test,Neutral,Low
303,test,Neutral,Low
304,test,Neutral,Low
305,test,Neutral,Low
306,test,Neutral,Low
307,test,Neutral,Low
308,test,Neutral,Low
309,test,Neutral,Low
310,test,Neutral,High
311,test,Neutral,Low
312,test,Neutral,Low
313,test,Neutral,High
314,test,Neutral,Low
315,test,Neutral,Low
316,test,Neutral,Low
317,test,Neutral,Low
318,test,Neutral,Low
319,test,Neutral,Low
320,test,Neutral,Low
321,test,Neutral,Low
322,test,Neutral,Low
323,test,Neutral,Low
324,test,Neutral,Low
325,test,Neutral,Low
326,test,Neutral,Low
327,test,Neutral,Low
328,test,Neutral,Low
329,test,Neutral,Low
330,test,Neutral,Low
331,test,Neutral,Low
332,test,Neutral,Low
333,test,Neutral,Low
334,test,Neutral,Low
335,test,Neutral,Low
336,test,Neutral,Low
337,test,Neutral,Low
338,test,Neutral,Low
339,test,Neutral,Low
340,test,Neutral,Low
341,test,Neutral,Low
342,test,Neutral,Low
343,test,Neutral,Low
344,test,Neutral,Low
345,test,Neutral,Low
346,test,Neutral,Low
347,test,Neutral,Low
348,test,Neutral,Low
349,test,Neutral,Low
350,test,Neutral,Low
351,test,Neutral,Low
352,test,Neutral,Low
353,test,Neutral,Low
354,test,Neutral,Low
355,test,Neutral,Low
356,test,Neutral,Low
357,test,Neutral,Low
358,test,Neutral,Low
359,test,Neutral,Low
360,test,Neutral,Medium
361,test,Neutral,Medium
362,test,Neutral,Medium
363,test,Neutral,Medium
364,test,Neutral,Medium
365,test,Neutral,Medium
366,test,Neutral,Medium
367,test,Neutral,Medium
368,test,Neutral,Low
369,test,Neutral,Medium
370,test,Neutral,Medium
371,test,Neutral,Medium
372,test,Neutral,Medium
373,test,Neutral,Low
374,test,Neutral,Medium
375,test,Neutral,Medium
376,test,Neutral,Medium
377,test,Neutral,Medium
378,test,Neutral,Medium
379,test,Neutral,Medium
380,test,Neutral,Medium
381,test,Neutral,Medium
382,test,Neutral,Medium
383,test,Neutral,Medium
384,test,Neutral,Medium
385,test,Neutral,Medium
386,test,Neutral,Medium
387,test,Neutral,Medium
388,test,Neutral,Medium
389,test,Neutral,Medium
390,test,Neutral,Medium
391,test,Neutral,Medium
392,test,Neutral,Medium
393,test,Neutral,Medium
394,test,Neutral,Medium
395,test,Neutral,Medium
396,test,Neutral,Low
397,test,Neutral,Medium
398,test,Neutral,Low
399,test,Neutral,Medium
400,test,Neutral,Low
401,test,Neutral,Low
402,test,Neutral,Low
403,test,Neutral,Low
404,test,Neutral,Low
405,test,Neutral,Low
406,test,Neutral,Low
407,test,Neutral,Low
408,test,Neutral,Low
409,test,Neutral,Low
410,test,Neutral,Low
411,test,Neutral,Low
412,test,Neutral,Low
413,test,Neutral,Low
414,test,Neutral,Low
415,test,Neutral,Low
416,test,Neutral,Low
417,test,Neutral,Low
418,test,Neutral,Low
419,test,Neutral,Low
420,test,Neutral,Low
421,test,Neutral,Low
422,test,Neutral,Low
423,test,Neutral,Low
424,test,Neutral,Low
425,test,Neutral,Low
426,test,Neutral,Low
427,test,Neutral,Low
428,test,Neutral,Low
429,test,Neutral,Low
430,test,Neutral,Low
431,test,Neutral,Low
432,test,Neutral,Low
433,test,Neutral,Low
434,test,Neutral,Low
435,test,Neutral,Low
436,test,Neutral,Low
437,test,Neutral,Low
438,test,Neutral,Low
439,test,Neutral,Low
440,test,Neutral,High
441,test,Neutral,High
442,test,Neutral,High
443,test,Neutral,High
444,test,Neutral,High
445,test,Neutral,High
446,test,Negative,High
447,test,Neutral,High
448,test,Negative,High
449,test,Negative,High
450,test,Neutral,High
451,test,Neutral,High
452,test,Neutral,High
453,test,Neutral,High
454,test,Neutral,High
455,test,Neutral,High
456,test,Neutral,High
457,test,Negative,High
458,test,Neutral,High
459,test,Neutral,High
460,test,Neutral,High
461,test,Neutral,High
462,test,Neutral,High
463,test,Neutral,High
464,test,Neutral,High
465,test,Neutral,High
466,test,Neutral,High
467,test,Neutral,High
468,test,Neutral,High
469,test,Negative,High
470,test,Neutral,High
471,test,Neutral,High
472,test,Neutral,High
473,test,Neutral,High
474,test,Neutral,High
475,test,Neutral,High
476,test,Neutral,High
477,test,Neutral,High
478,test,Neutral,High
479,test,Negative,High
480,test,Neutral,Low
481,test,Neutral,Low
482,test,Neutral,Low
483,test,Neutral,Low
484,test,Neutral,Low
485,test,Neutral,Low
486,test,Neutral,Low
487,test,Neutral,Low
488,test,Neutral,Low
489,test,Neutral,Low
490,test,Neutral,Low
491,test,Neutral,Low
492,test,Neutral,Low
493,test,Neutral,Low
494,test,Neutral,Low
495,test,Neutral,Low
496,test,Neutral,Low
497,test,Neutral,Low
498,test,Neutral,Low
499,test,Neutral,Low
500,test,Neutral,Low
501,test,Neutral,Low
502,test,Neutral,Low
503,test,Neutral,Low
504,test,Neutral,Low
505,test,Neutral,Low
506,test,Neutral,Low
507,test,Neutral,Low
508,test,Neutral,Low
509,test,Neutral,Low
510,test,Neutral,Low
511,test,Neutral,Low
512,test,Neutral,Low
513,test,Neutral,Low
514,test,Neutral,Low
515,test,Neutral,Low
516,test,Neutral,Low
517,test,Neutral,Low
518,test,Neutral,Low
519,test,Neutral,Low
520,test,Neutral,Medium
521,test,Neutral,Low
522,test,Neutral,Medium
523,test,Neutral,Medium
524,test,Neutral,Medium
525,test,Neutral,Medium
526,test,Neutral,Medium
527,test,Neutral,Medium
528,test,Neutral,Medium
529,test,Neutral,Medium
530,test,Neutral,Low
531,test,Neutral,Low
532,test,Neutral,Medium
533,test,Neutral,Medium
534,test,Neutral,Medium
535,test,Neutral,Medium
536,test,Neutral,Medium
537,test,Neutral,Medium
538,test,Neutral,Medium
539,test,Neutral,Medium
540,test,Neutral,Medium
541,test,Neutral,High
542,test,Neutral,Medium
543,test,Neutral,Medium
544,test,Neutral,Medium
545,test,Neutral,Medium
546,test,Neutral,Medium
547,test,Neutral,Medium
548,test,Neutral,Medium
549,test,Neutral,Medium
550,test,Neutral,Medium
551,test,Neutral,Medium
552,test,Neutral,Medium
553,test,Neutral,Medium
554,test,Neutral,Medium
555,test,Neutral,Medium
556,test,Neutral,Medium
557,test,Neutral,Medium
558,test,Neutral,Medium
559,test,Neutral,Medium
560,test,Neutral,Low
561,test,Neutral,Medium
562,test,Neutral,Low
563,test,Neutral,Medium
564,test,Neutral,Low
565,test,Neutral,Medium
566,test,Neutral,Medium
567,test,Neutral,Medium
568,test,Neutral,Medium
569,test,Neutral,Medium
570,test,Neutral,Medium
571,test,Neutral,Medium
572,test,Neutral,Medium
573,test,Neutral,Medium
574,test,Neutral,Low
575,test,Neutral,Low
576,test,Neutral,Medium
577,test,Neutral,Low
578,test,Neutral,Medium
579,test,Neutral,Medium
580,test,Neutral,Medium
581,test,Neutral,Medium
582,test,Neutral,Medium
583,test,Neutral,Medium
584,test,Neutral,Medium
585,test,Neutral,Low
586,test,Neutral,Low
587,test,Neutral,Medium
588,test,Neutral,Medium
589,test,Neutral,Medium
590,test,Neutral,Medium
591,test,Neutral,Medium
592,test,Neutral,Low
593,test,Neutral,Medium
594,test,Neutral,Medium
595,test,Neutral,Low
596,test,Neutral,Low
597,test,Neutral,Low
598,test,Neutral,Low
599,test,Neutral,Low
600,test,Neutral,Medium
601,test,Neutral,Medium
602,test,Neutral,Medium
603,test,Neutral,Medium
604,test,Neutral,Medium
605,test,Neutral,Medium
606,test,Neutral,Medium
607,test,Neutral,Medium
608,test,Neutral,Medium
609,test,Neutral,Medium
610,test,Neutral,Medium
611,test,Neutral,Medium
612,test,Neutral,Medium
613,test,Neutral,Medium
614,test,Neutral,Medium
615,test,Neutral,Medium
616,test,Neutral,Medium
617,test,Neutral,Medium
618,test,Neutral,Medium
619,test,Neutral,Medium
620,test,Neutral,Medium
621,test,Neutral,Medium
622,test,Neutral,Medium
623,test,Neutral,Medium
624,test,Neutral,Medium
625,test,Neutral,Medium
626,test,Neutral,Low
627,test,Neutral,Medium
628,test,Neutral,Medium
629,test,Neutral,Medium
630,test,Neutral,Low
631,test,Neutral,Medium
632,test,Neutral,Low
633,test,Neutral,Low
634,test,Neutral,Medium
635,test,Neutral,Medium
636,test,Neutral,Medium
637,test,Neutral,Medium
638,test,Neutral,Medium
639,test,Neutral,Low
640,test,Negative,Medium
641,test,Neutral,Medium
642,test,Neutral,Medium
643,test,Neutral,Medium
644,test,Neutral,Medium
645,test,Neutral,Medium
646,test,Neutral,Medium
647,test,Neutral,Medium
648,test,Neutral,Medium
649,test,Neutral,Medium
650,test,Neutral,Medium
651,test,Neutral,Medium
652,test,Neutral,Medium
653,test,Neutral,Medium
654,test,Neutral,High
655,test,Negative,Medium
656,test,Neutral,Medium
657,test,Neutral,Medium
658,test,Neutral,Medium
659,test,Neutral,Medium
660,test,Neutral,Low
661,test,Neutral,Low
662,test,Neutral,Low
663,test,Neutral,Low
664,test,Neutral,Low
665,test,Neutral,Low
666,test,Negative,Low
667,test,Neutral,Low
668,test,Neutral,Low
669,test,Neutral,Low
670,test,Neutral,Low
671,test,Neutral,Low
672,test,Neutral,Low
673,test,Neutral,Low
674,test,Neutral,Low
675,test,Neutral,Low
676,test,Neutral,Low
677,test,Neutral,Low
678,test,Neutral,Low
679,test,Neutral,High
680,test,Neutral,Medium
681,test,Neutral,Low
682,test,Neutral,Low
683,test,Neutral,Medium
684,test,Neutral,Low
685,test,Negative,Medium
686,test,Negative,High
687,test,Neutral,Medium
688,test,Neutral,Low
689,test,Neutral,Low
690,test,Neutral,Low
691,test,Neutral,Medium
692,test,Neutral,High
693,test,Neutral,Medium
694,test,Negative,High
695,test,Neutral,Low
696,test,Neutral,Medium
697,test,Neutral,Medium
698,test,Neutral,Medium
699,test,Neutral,Low
700,test,Neutral,Medium
701,test,Neutral,Medium
702,test,Neutral,Medium
703,test,Neutral,Medium
704,test,Neutral,Medium
705,test,Neutral,Medium
706,test,Neutral,High
707,test,Neutral,Medium
708,test,Neutral,Medium
709,test,Neutral,Medium
710,test,Neutral,Medium
711,test,Neutral,High
712,test,Neutral,Medium
713,test,Neutral,High
714,test,Neutral,Medium
715,test,Neutral,High
716,test,Neutral,Medium
717,test,Neutral,Medium
718,test,Neutral,Medium
719,test,Neutral,Medium
720,test,Neutral,Low
721,test,Neutral,Low
722,test,Neutral,Low
723,test,Neutral,Low
724,test,Neutral,Low
725,test,Neutral,Low
726,test,Neutral,Low
727,test,Neutral,Low
728,test,Neutral,Low
729,test,Neutral,Low
730,test,Neutral,Low
731,test,Neutral,Low
732,test,Neutral,Low
733,test,Neutral,Low
734,test,Neutral,Low
735,test,Neutral,Low
736,test,Neutral,Low
737,test,Neutral,Low
738,test,Neutral,Low
739,test,Neutral,Low
740,test,Neutral,Low
741,test,Neutral,Low
742,test,Neutral,Low
743,test,Neutral,Low
744,test,Neutral,Low
745,test,Neutral,Low
746,test,Neutral,Low
747,test,Neutral,Low
748,test,Neutral,Low
749,test,Neutral,Low
750,test,Neutral,Low
751,test,Neutral,Low
752,test,Neutral,Low
753,test,Neutral,Low
754,test,Neutral,Low
755,test,Neutral,Low
756,test,Neutral,Low
757,test,Neutral,Low
758,test,Neutral,Low
759,test,Neutral,Low
760,test,Neutral,Medium
761,test,Neutral,Medium
762,test,Neutral,Medium
763,test,Neutral,Medium
764,test,Neutral,Medium
765,test,Neutral,Medium
766,test,Neutral,Medium
767,test,Neutral,Medium
768,test,Neutral,Medium
769,test,Neutral,Medium
770,test,Neutral,Medium
771,test,Neutral,Medium
772,test,Neutral,Medium
773,test,Neutral,Medium
774,test,Neutral,Medium
775,test,Neutral,Medium
776,test,Neutral,Medium
777,test,Neutral,Medium
778,test,Neutral,Medium
779,test,Neutral,Medium
780,test,Neutral,Medium
781,test,Neutral,Medium
782,test,Neutral,Medium
783,test,Neutral,Medium
784,test,Neutral,Medium
785,test,Neutral,Medium
786,test,Neutral,Medium
787,test,Neutral,Medium
788,test,Neutral,Medium
789,test,Neutral,Medium
790,test,Neutral,Medium
791,test,Neutral,Medium
792,test,Neutral,Medium
793,test,Neutral,Medium
794,test,Neutral,Medium
795,test,Neutral,Medium
796,test,Neutral,Medium
797,test,Neutral,Medium
798,test,Neutral,Medium
799,test,Neutral,Medium
800,test,Neutral,Medium
801,test,Neutral,Medium
802,test,Neutral,Medium
803,test,Neutral,Medium
804,test,Neutral,Medium
805,test,Neutral,Medium
806,test,Neutral,Medium
807,test,Negative,High
808,test,Neutral,Medium
809,test,Neutral,Medium
810,test,Neutral,Medium
811,test,Neutral,Medium
812,test,Neutral,Medium
813,test,Neutral,Medium
814,test,Neutral,Medium
815,test,Neutral,Medium
816,test,Neutral,Medium
817,test,Neutral,Medium
818,test,Neutral,Medium
819,test,Neutral,Medium
820,test,Neutral,Low
821,test,Neutral,Low
822,test,Neutral,Medium
823,test,Neutral,Medium
824,test,Neutral,Low
825,test,Neutral,Low
826,test,Neutral,Low
827,test,Neutral,Medium
828,test,Neutral,Medium
829,test,Neutral,Medium
830,test,Neutral,Low
831,test,Neutral,Medium
832,test,Neutral,Low
833,test,Neutral,Low
834,test,Neutral,Medium
835,test,Neutral,Medium
836,test,Neutral,Low
837,test,Neutral,Medium
838,test,Neutral,Medium
839,test,Neutral,Medium
840,test,Neutral,Medium
841,test,Neutral,Medium
842,test,Neutral,Medium
843,test,Neutral,Medium
844,test,Neutral,Medium
845,test,Neutral,Low
846,test,Neutral,Low
847,test,Neutral,Medium
848,test,Neutral,Medium
849,test,Neutral,Low
850,test,Neutral,Medium
851,test,Neutral,Medium
852,test,Neutral,Medium
853,test,Neutral,Medium
854,test,Neutral,Medium
855,test,Neutral,Medium
856,test,Neutral,Medium
857,test,Neutral,Medium
858,test,Neutral,Medium
859,test,Neutral,Medium
860,test,Neutral,Medium
861,test,Neutral,Medium
862,test,Neutral,Medium
863,test,Neutral,Medium
864,test,Neutral,Medium
865,test,Neutral,Medium
866,test,Neutral,Medium
867,test,Neutral,Medium
868,test,Neutral,Medium
869,test,Neutral,Medium
870,test,Neutral,Medium
871,test,Neutral,Medium
872,test,Neutral,Medium
873,test,Neutral,Medium
874,test,Neutral,Medium
875,test,Neutral,High
876,test,Neutral,Medium
877,test,Neutral,Medium
878,test,Neutral,Medium
879,test,Neutral,Medium
880,test,Neutral,Low
881,test,Neutral,Low
882,test,Neutral,Low
883,test,Neutral,Low
884,test,Neutral,Low
885,test,Neutral,Low
886,test,Neutral,Low
887,test,Neutral,Low
888,test,Neutral,Low
889,test,Neutral,Low
890,test,Neutral,Low
891,test,Neutral,Low
892,test,Neutral,Low
893,test,Neutral,Low
894,test,Neutral,Low
895,test,Neutral,Low
896,test,Neutral,Low
897,test,Neutral,Low
898,test,Neutral,Low
899,test,Neutral,Low
900,test,Neutral,Low
901,test,Neutral,Low
902,test,Neutral,Low
903,test,Neutral,Low
904,test,Neutral,Low
905,test,Neutral,Low
906,test,Neutral,Low
907,test,Neutral,Low
908,test,Neutral,Low
909,test,Neutral,Low
910,test,Neutral,Low
911,test,Neutral,Low
912,test,Neutral,Low
913,test,Neutral,Low
914,test,Neutral,Low
915,test,Neutral,Low
916,test,Neutral,Low
917,test,Neutral,Low
918,test,Neutral,Low
919,test,Neutral,Low
920,test,Neutral,Low
921,test,Neutral,Low
922,test,Neutral,Low
923,test,Neutral,Low
924,test,Neutral,Low
925,test,Neutral,Low
926,test,Neutral,Low
927,test,Neutral,Low
928,test,Neutral,Low
929,test,Neutral,Low
930,test,Neutral,Low
931,test,Neutral,Low
932,test,Neutral,Low
933,test,Neutral,Low
934,test,Neutral,Low
935,test,Neutral,Low
936,test,Neutral,Low
937,test,Neutral,Low
938,test,Neutral,Low
939,test,Neutral,Low
940,test,Neutral,Low
941,test,Neutral,Low
942,test,Neutral,Low
943,test,Neutral,Low
944,test,Neutral,Low
945,test,Neutral,Low
946,test,Neutral,Low
947,test,Neutral,Low
948,test,Neutral,Low
949,test,Neutral,Low
950,test,Neutral,Low
951,test,Neutral,Low
952,test,Neutral,Low
953,test,Neutral,Low
954,test,Neutral,Low
955,test,Neutral,Low
956,test,Neutral,Low
957,test,Neutral,Low
958,test,Neutral,Low
959,test,Neutral,Low
960,test,Neutral,Low
961,test,Neutral,Low
962,test,Neutral,Low
963,test,Neutral,Low
964,test,Neutral,Low
965,test,Neutral,Low
966,test,Neutral,Low
967,test,Neutral,Low
968,test,Neutral,Low
969,test,Neutral,Low
970,test,Neutral,Low
971,test,Neutral,Low
972,test,Neutral,Low
973,test,Neutral,Low
974,test,Neutral,Low
975,test,Neutral,Low
976,test,Neutral,Low
977,test,Neutral,Low
978,test,Neutral,Low
979,test,Neutral,Low
980,test,Neutral,Low
981,test,Neutral,Low
982,test,Neutral,Low
983,test,Neutral,Low
984,test,Neutral,Low
985,test,Neutral,Low
986,test,Neutral,Low
987,test,Neutral,Low
988,test,Neutral,Low
989,test,Neutral,Low
990,test,Neutral,Low
991,test,Neutral,Low
992,test,Neutral,Low
993,test,Neutral,Low
994,test,Neutral,Low
995,test,Neutral,Low
996,test,Neutral,Low
997,test,Neutral,Low
998,test,Neutral,Low
999,test,Neutral,Low
1000,test,Neutral,Medium
1001,test,Neutral,Medium
1002,test,Neutral,Low
1003,test,Negative,Medium
1004,test,Neutral,Medium
1005,test,Neutral,Medium
1006,test,Neutral,Medium
1007,test,Negative,Medium
1008,test,Neutral,Medium
1009,test,Neutral,Medium
1010,test,Neutral,Medium
1011,test,Neutral,Low
1012,test,Neutral,Medium
1013,test,Neutral,Low
1014,test,Neutral,Medium
1015,test,Neutral,Medium
1016,test,Neutral,Medium
1017,test,Negative,Medium
1018,test,Neutral,Medium
1019,test,Neutral,Medium
1020,test,Neutral,Low
1021,test,Neutral,Low
1022,test,Neutral,Low
1023,test,Neutral,Low
1024,test,Neutral,Low
1025,test,Neutral,Low
1026,test,Neutral,Low
1027,test,Neutral,Low
1028,test,Neutral,Low
1029,test,Neutral,Low
1030,test,Neutral,Low
1031,test,Neutral,Low
1032,test,Neutral,Low
1033,test,Neutral,Low
1034,test,Neutral,Low
1035,test,Neutral,Low
1036,test,Negative,Low
1037,test,Neutral,Low
1038,test,Neutral,Low
1039,test,Neutral,Low
1040,test,Neutral,Medium
1041,test,Neutral,Medium
1042,test,Neutral,Medium
1043,test,Neutral,Medium
1044,test,Negative,High
1045,test,Neutral,Medium
1046,test,Neutral,Medium
1047,test,Neutral,Medium
1048,test,Neutral,Medium
1049,test,Neutral,Medium
1050,test,Neutral,Medium
1051,test,Neutral,Medium
1052,test,Neutral,Medium
1053,test,Neutral,Medium
1054,test,Neutral,Medium
1055,test,Neutral,Medium
1056,test,Neutral,Medium
1057,test,Neutral,Medium
1058,test,Neutral,Medium
1059,test,Neutral,Medium
1060,test,Neutral,Medium
1061,test,Neutral,Medium
1062,test,Neutral,Medium
1063,test,Neutral,Medium
1064,test,Neutral,Medium
1065,test,Neutral,Medium
1066,test,Neutral,Medium
1067,test,Neutral,Medium
1068,test,Neutral,Medium
1069,test,Neutral,Medium
1070,test,Neutral,Medium
1071,test,Neutral,Medium
1072,test,Neutral,Medium
1073,test,Neutral,Low
1074,test,Neutral,Low
1075,test,Negative,High
1076,test,Neutral,Medium
1077,test,Neutral,Medium
1078,test,Neutral,Medium
1079,test,Negative,Medium
1080,test,Neutral,High
1081,test,Neutral,High
1082,test,Neutral,High
1083,test,Neutral,High
1084,test,Neutral,High
1085,test,Neutral,High
1086,test,Neutral,High
1087,test,Neutral,High
1088,test,Neutral,High
1089,test,Neutral,High
1090,test,Negative,High
1091,test,Neutral,High
1092,test,Neutral,High
1093,test,Neutral,High
1094,test,Neutral,High
1095,test,Neutral,High
1096,test,Neutral,High
1097,test,Neutral,High
1098,test,Neutral,High
1099,test,Neutral,High
1100,test,Neutral,High
1101,test,Neutral,High
1102,test,Neutral,High
1103,test,Negative,High
1104,test,Neutral,High
1105,test,Negative,High
1106,test,Neutral,High
1107,test,Neutral,High
1108,test,Negative,High
1109,test,Neutral,High
1110,test,Neutral,High
1111,test,Negative,High
1112,test,Neutral,High
1113,test,Negative,High
1114,test,Neutral,High
1115,test,Neutral,High
1116,test,Negative,High
1117,test,Neutral,High
1118,test,Negative,High
1119,test,Neutral,High
1120,test,Neutral,Low
1121,test,Neutral,Low
1122,test,Neutral,Low
1123,test,Neutral,Low
1124,test,Neutral,Low
1125,test,Neutral,Low
1126,test,Neutral,Low
1127,test,Neutral,Low
1128,test,Neutral,Low
1129,test,Neutral,Low
1130,test,Neutral,Low
1131,test,Neutral,Low
1132,test,Neutral,Low
1133,test,Neutral,Low
1134,test,Neutral,Low
1135,test,Neutral,Low
1136,test,Neutral,Low
1137,test,Neutral,Low
1138,test,Neutral,Low
1139,test,Neutral,Low
1140,test,Neutral,Low
1141,test,Neutral,Low
1142,test,Neutral,Low
1143,test,Neutral,Low
1144,test,Neutral,Low
1145,test,Neutral,Low
1146,test,Neutral,Low
1147,test,Neutral,Low
1148,test,Neutral,Low
1149,test,Neutral,Low
1150,test,Neutral,Low
1151,test,Neutral,Low
1152,test,Neutral,Low
1153,test,Neutral,Low
1154,test,Neutral,Low
1155,test,Neutral,Low
1156,test,Neutral,Low
1157,test,Neutral,Low
1158,test,Neutral,Low
1159,test,Neutral,Low
1160,test,Neutral,Low
1161,test,Neutral,Low
1162,test,Neutral,Low
1163,test,Neutral,Low
1164,test,Neutral,Low
1165,test,Neutral,Low
1166,test,Neutral,Low
1167,test,Neutral,Low
1168,test,Neutral,Low
1169,test,Neutral,Low
1170,test,Neutral,Low
1171,test,Neutral,Low
1172,test,Neutral,Low
1173,test,Neutral,Low
1174,test,Neutral,Low
1175,test,Neutral,Low
1176,test,Neutral,Low
1177,test,Neutral,Low
1178,test,Neutral,Low
1179,test,Neutral,Low
1180,test,Neutral,Low
1181,test,Neutral,Low
1182,test,Neutral,Low
1183,test,Neutral,Low
1184,test,Neutral,Low
1185,test,Neutral,Low
1186,test,Neutral,Low
1187,test,Neutral,Low
1188,test,Neutral,Low
1189,test,Neutral,Low
1190,test,Neutral,Low
1191,test,Neutral,Low
1192,test,Neutral,Low
1193,test,Neutral,Low
1194,test,Neutral,Low
1195,test,Neutral,Low
1196,test,Neutral,Low
1197,test,Neutral,Low
1198,test,Neutral,Low
1199,test,Neutral,Low
1200,test,Neutral,Low
1201,test,Neutral,Low
1202,test,Neutral,Low
1203,test,Neutral,Low
1204,test,Neutral,Low
1205,test,Neutral,Low
1206,test,Neutral,Low
1207,test,Neutral,Low
1208,test,Neutral,Low
1209,test,Neutral,Low
1210,test,Neutral,Low
1211,test,Neutral,Low
1212,test,Neutral,Low
1213,test,Neutral,Low
1214,test,Neutral,Low
1215,test,Neutral,Low
1216,test,Neutral,Low
1217,test,Neutral,Low
1218,test,Neutral,Low
1219,test,Neutral,Low
1220,test,Neutral,Low
1221,test,Neutral,Low
1222,test,Neutral,Low
1223,test,Neutral,Low
1224,test,Neutral,Low
1225,test,Neutral,Low
1226,test,Neutral,Low
1227,test,Negative,Low
1228,test,Neutral,Low
1229,test,Neutral,Low
1230,test,Neutral,Low
1231,test,Neutral,Low
1232,test,Neutral,Low
1233,test,Neutral,Low
1234,test,Neutral,Low
1235,test,Neutral,Low
1236,test,Neutral,Low
1237,test,Neutral,Low
1238,test,Neutral,Low
1239,test,Neutral,Low
1240,test,Neutral,Low
1241,test,Neutral,Low
1242,test,Neutral,Low
1243,test,Neutral,Low
1244,test,Neutral,Low
1245,test,Neutral,Low
1246,test,Neutral,Low
1247,test,Neutral,Low
1248,test,Neutral,Low
1249,test,Neutral,Low
1250,test,Neutral,Low
1251,test,Neutral,Low
1252,test,Neutral,Low
1253,test,Neutral,Low
1254,test,Neutral,Low
1255,test,Neutral,Low
1256,test,Neutral,Low
1257,test,Neutral,Low
1258,test,Neutral,Low
1259,test,Neutral,Low
1260,test,Neutral,Low
1261,test,Neutral,Low
1262,test,Neutral,Low
1263,test,Neutral,Low
1264,test,Neutral,Low
1265,test,Neutral,Low
1266,test,Neutral,Low
1267,test,Neutral,Low
1268,test,Neutral,Low
1269,test,Neutral,Low
1270,test,Neutral,Low
1271,test,Neutral,Low
1272,test,Neutral,Low
1273,test,Neutral,Low
1274,test,Neutral,Low
1275,test,Neutral,Low
1276,test,Neutral,Low
1277,test,Neutral,Low
1278,test,Neutral,Low
1279,test,Neutral,Low
1280,test,Neutral,Low
1281,test,Neutral,Low
1282,test,Neutral,Low
1283,test,Neutral,Low
1284,test,Neutral,Low
1285,test,Neutral,Low
1286,test,Neutral,Low
1287,test,Neutral,Low
1288,test,Neutral,Low
1289,test,Neutral,Low
1290,test,Neutral,Low
1291,test,Neutral,Low
1292,test,Neutral,Low
1293,test,Neutral,Low
1294,test,Neutral,Low
1295,test,Neutral,Low
1296,test,Neutral,Low
1297,test,Neutral,Low
1298,test,Neutral,Low
1299,test,Neutral,Low
1300,test,Neutral,Low
1301,test,Neutral,Low
1302,test,Neutral,Low
1303,test,Neutral,Low
1304,test,Neutral,Low
1305,test,Neutral,Low
1306,test,Neutral,Low
1307,test,Neutral,Low
1308,test,Neutral,Low
1309,test,Neutral,Low
1310,test,Neutral,Low
1311,test,Neutral,Low
1312,test,Neutral,Low
1313,test,Neutral,Low
1314,test,Neutral,Low
1315,test,Neutral,Low
1316,test,Neutral,Low
1317,test,Neutral,Low
1318,test,Neutral,Low
1319,test,Neutral,Low
1320,test,Neutral,Low
1321,test,Negative,Medium
1322,test,Neutral,Low
1323,test,Neutral,Low
1324,test,Neutral,Low
1325,test,Neutral,Low
1326,test,Neutral,Low
1327,test,Neutral,Medium
1328,test,Neutral,Low
1329,test,Neutral,Low
1330,test,Negative,Medium
1331,test,Neutral,Medium
1332,test,Neutral,Low
1333,test,Negative,Medium
1334,test,Neutral,Low
1335,test,Neutral,Low
1336,test,Neutral,Low
1337,test,Neutral,Low
1338,test,Neutral,Medium
1339,test,Neutral,Low
1340,test,Neutral,Low
1341,test,Neutral,Medium
1342,test,Negative,Medium
1343,test,Neutral,Low
1344,test,Neutral,Medium
1345,test,Neutral,Low
1346,test,Neutral,Low
1347,test,Neutral,Medium
1348,test,Neutral,Low
1349,test,Neutral,Low
1350,test,Neutral,Low
1351,test,Neutral,Medium
1352,test,Neutral,Low
1353,test,Neutral,Low
1354,test,Neutral,Low
1355,test,Neutral,Low
1356,test,Neutral,Medium
1357,test,Neutral,Medium
1358,test,Neutral,Medium
1359,test,Neutral,Low
1360,test,Neutral,Low
1361,test,Neutral,Low
1362,test,Neutral,Low
1363,test,Neutral,Low
1364,test,Neutral,Low
1365,test,Neutral,Low
1366,test,Neutral,Low
1367,test,Neutral,Low
1368,test,Neutral,Low
1369,test,Neutral,Low
1370,test,Neutral,Low
1371,test,Neutral,Low
1372,test,Neutral,Low
1373,test,Neutral,Low
1374,test,Neutral,Low
1375,test,Neutral,Low
1376,test,Neutral,Low
1377,test,Neutral,Low
1378,test,Neutral,Low
1379,test,Neutral,Low
1380,test,Neutral,Low
1381,test,Neutral,Low
1382,test,Neutral,Low
1383,test,Neutral,Low
1384,test,Neutral,Low
1385,test,Neutral,Low
1386,test,Neutral,Low
1387,test,Neutral,Low
1388,test,Neutral,Low
1389,test,Neutral,Low
1390,test,Neutral,Low
1391,test,Neutral,Low
1392,test,Neutral,Low
1393,test,Neutral,Low
1394,test,Neutral,Low
1395,test,Neutral,Low
1396,test,Neutral,Low
1397,test,Neutral,Low
1398,test,Neutral,Low
1399,test,Neutral,Low
1400,test,Neutral,High
1401,test,Neutral,High
1402,test,Neutral,High
1403,test,Neutral,High
1404,test,Neutral,High
1405,test,Neutral,High
1406,test,Neutral,High
1407,test,Neutral,High
1408,test,Neutral,High
1409,test,Neutral,High
1410,test,Neutral,High
1411,test,Neutral,High
1412,test,Neutral,High
1413,test,Neutral,High
1414,test,Neutral,High
1415,test,Neutral,High
1416,test,Neutral,High
1417,test,Neutral,High
1418,test,Neutral,High
1419,test,Neutral,High
1420,test,Negative,High
1421,test,Neutral,Low
1422,test,Neutral,High
1423,test,Neutral,Low
1424,test,Neutral,High
1425,test,Neutral,Low
1426,test,Neutral,High
1427,test,Neutral,High
1428,test,Neutral,High
1429,test,Neutral,High
1430,test,Negative,High
1431,test,Neutral,Low
1432,test,Neutral,High
1433,test,Neutral,High
1434,test,Neutral,Low
1435,test,Neutral,Low
1436,test,Neutral,High
1437,test,Neutral,Low
1438,test,Neutral,High
1439,test,Neutral,High
1440,test,Neutral,Low
1441,test,Neutral,Low
1442,test,Neutral,Low
1443,test,Neutral,Low
1444,test,Neutral,Low
1445,test,Neutral,Low
1446,test,Neutral,Low
1447,test,Neutral,Low
1448,test,Neutral,Low
1449,test,Neutral,Low
1450,test,Neutral,Low
1451,test,Neutral,Low
1452,test,Neutral,Low
1453,test,Neutral,Low
1454,test,Neutral,Low
1455,test,Neutral,Low
1456,test,Neutral,Low
1457,test,Neutral,Low
1458,test,Neutral,Low
1459,test,Neutral,Low
1460,test,Neutral,Low
1462,test,Neutral,Low
1463,test,Neutral,Low
1464,test,Neutral,Low
1465,test,Neutral,Low
1466,test,Neutral,Low
1467,test,Neutral,Low
1468,test,Neutral,Low
1469,test,Neutral,Low
1470,test,Neutral,Low
1471,test,Neutral,Low
1472,test,Neutral,Low
1473,test,Neutral,Low
1474,test,Neutral,Low
1475,test,Neutral,Low
1476,test,Neutral,Low
1477,test,Neutral,Low
1478,test,Neutral,Low
1479,test,Neutral,Low
1480,test,Negative,High
1481,test,Negative,High
1482,test,Neutral,High
1483,test,Neutral,High
1484,test,Neutral,High
1485,test,Negative,High
1486,test,Negative,High
1487,test,Negative,High
1488,test,Negative,High
1489,test,Neutral,High
1490,test,Negative,High
1491,test,Neutral,High
1492,test,Negative,High
1493,test,Neutral,High
1494,test,Neutral,High
1495,test,Neutral,High
1496,test,Neutral,High
1497,test,Neutral,High
1498,test,Neutral,High
1499,test,Neutral,High
1500,test,Neutral,High
1501,test,Neutral,High
1502,test,Neutral,High
1503,test,Neutral,High
1504,test,Neutral,High
1505,test,Neutral,High
1506,test,Neutral,High
1507,test,Neutral,High
1508,test,Neutral,High
1509,test,Neutral,High
1510,test,Neutral,High
1511,test,Neutral,High
1512,test,Neutral,High
1513,test,Neutral,High
1514,test,Neutral,High
1515,test,Neutral,High
1516,test,Negative,High
1517,test,Neutral,High
1518,test,Neutral,High
1519,test,Neutral,High
1520,test,Neutral,Medium
1521,test,Neutral,Medium
1522,test,Neutral,Medium
1523,test,Neutral,Medium
1524,test,Neutral,Medium
1525,test,Neutral,Medium
1526,test,Neutral,Medium
1527,test,Neutral,Medium
1528,test,Neutral,Medium
1529,test,Neutral,Medium
1530,test,Neutral,Medium
1531,test,Neutral,Medium
1532,test,Neutral,Medium
1533,test,Neutral,Medium
1534,test,Neutral,Medium
1535,test,Neutral,Medium
1536,test,Neutral,Medium
1537,test,Neutral,Medium
1538,test,Neutral,Medium
1539,test,Neutral,Medium
1540,test,Neutral,Medium
1541,test,Neutral,Medium
1542,test,Neutral,Medium
1543,test,Neutral,Medium
1544,test,Neutral,Medium
1545,test,Neutral,Medium
1546,test,Neutral,Medium
1547,test,Neutral,Medium
1548,test,Neutral,Medium
1549,test,Neutral,Medium
1550,test,Neutral,Medium
1551,test,Neutral,Medium
1552,test,Neutral,Medium
1553,test,Neutral,Medium
1554,test,Neutral,Medium
1555,test,Neutral,Medium
1556,test,Neutral,Medium
1557,test,Neutral,Medium
1558,test,Neutral,Medium
1559,test,Neutral,Medium
1560,test,Neutral,Medium
1561,test,Neutral,Medium
1562,test,Negative,High
1563,test,Neutral,Medium
1564,test,Neutral,Medium
1565,test,Neutral,Medium
1566,test,Neutral,Medium
1567,test,Neutral,Medium
1568,test,Neutral,Medium
1569,test,Neutral,Medium
1570,test,Neutral,Medium
1571,test,Neutral,Medium
1572,test,Neutral,Medium
1573,test,Neutral,Medium
1574,test,Neutral,Medium
1575,test,Neutral,Medium
1576,test,Neutral,Medium
1577,test,Neutral,Medium
1578,test,Neutral,Medium
1579,test,Neutral,Medium
1580,test,Neutral,Medium
1581,test,Neutral,Medium
1582,test,Neutral,Medium
1583,test,Neutral,Medium
1584,test,Neutral,Medium
1585,test,Neutral,Medium
1586,test,Neutral,Medium
1587,test,Neutral,Medium
1588,test,Neutral,Medium
1589,test,Neutral,Medium
1590,test,Neutral,Medium
1591,test,Neutral,Medium
1592,test,Neutral,Medium
1593,test,Neutral,Medium
1594,test,Negative,Medium
1595,test,Neutral,Medium
1596,test,Neutral,Medium
1597,test,Neutral,Medium
1598,test,Neutral,Medium
1599,test,Neutral,Medium
1600,test,Neutral,Low
1601,test,Neutral,Low
1602,test,Neutral,Low
1603,test,Neutral,Low
1604,test,Neutral,Low
1605,test,Neutral,Low
1606,test,Neutral,Low
1607,test,Neutral,Low
1608,test,Neutral,Low
1609,test,Neutral,Low
1610,test,Neutral,Low
1611,test,Neutral,Low
1612,test,Neutral,Low
1613,test,Neutral,Low
1614,test,Neutral,Low
1615,test,Neutral,Low
1616,test,Neutral,Low
1617,test,Neutral,Low
1618,test,Neutral,Low
1619,test,Neutral,Low
1620,test,Neutral,Low
1621,test,Neutral,Low
1622,test,Neutral,Low
1623,test,Neutral,Low
1624,test,Neutral,Low
1625,test,Neutral,Low
1626,test,Neutral,Medium
1627,test,Neutral,Low
1628,test,Neutral,Low
1629,test,Neutral,Low
1630,test,Neutral,Low
1631,test,Neutral,Low
1632,test,Neutral,Low
1633,test,Neutral,Low
1634,test,Neutral,Low
1635,test,Neutral,Low
1636,test,Neutral,Low
1637,test,Neutral,Low
1638,test,Neutral,Low
1639,test,Neutral,Low
1640,test,Neutral,High
1641,test,Neutral,High
1642,test,Neutral,Low
1643,test,Neutral,High
1644,test,Neutral,Low
1645,test,Neutral,High
1646,test,Neutral,High
1647,test,Neutral,High
1648,test,Neutral,Low
1649,test,Neutral,High
1650,test,Neutral,High
1651,test,Neutral,High
1652,test,Neutral,High
1653,test,Neutral,Low
1654,test,Neutral,Low
1655,test,Neutral,High
1656,test,Neutral,Low
1657,test,Negative,High
1658,test,Neutral,High
1659,test,Neutral,High
1660,test,Neutral,Low
1661,test,Negative,High
1662,test,Neutral,High
1663,test,Neutral,High
1664,test,Neutral,Low
1665,test,Neutral,High
1666,test,Neutral,Low
1667,test,Neutral,High
1668,test,Neutral,High
1669,test,Neutral,Low
1670,test,Neutral,Medium
1671,test,Neutral,High
1672,test,Neutral,High
1673,test,Neutral,High
1674,test,Neutral,High
1675,test,Neutral,High
1676,test,Neutral,High
1677,test,Neutral,Low
1678,test,Neutral,High
1679,test,Neutral,High
1680,test,Neutral,High
1681,test,Neutral,Medium
1682,test,Neutral,Medium
1683,test,Neutral,Medium
1684,test,Neutral,Medium
1685,test,Neutral,Medium
1686,test,Neutral,Medium
1687,test,Neutral,Medium
1688,test,Neutral,Medium
1689,test,Neutral,Medium
1690,test,Neutral,High
1691,test,Neutral,Medium
1692,test,Neutral,Medium
1693,test,Neutral,Medium
1694,test,Neutral,Medium
1695,test,Negative,Medium
1696,test,Neutral,Medium
1697,test,Neutral,Medium
1698,test,Neutral,Medium
1699,test,Neutral,Medium
1700,test,Neutral,Low
1701,test,Neutral,Medium
1702,test,Neutral,Low
1703,test,Neutral,Medium
1704,test,Neutral,Low
1705,test,Neutral,Medium
1706,test,Neutral,High
1707,test,Neutral,Medium
1708,test,Neutral,Medium
1709,test,Neutral,Medium
1710,test,Neutral,High
1711,test,Neutral,Medium
1712,test,Negative,Medium
1713,test,Neutral,Medium
1714,test,Neutral,Medium
1715,test,Neutral,Low
1716,test,Neutral,Medium
1717,test,Neutral,Low
1718,test,Neutral,Medium
1719,test,Neutral,Medium
1720,test,Neutral,Medium
1721,test,Neutral,Medium
1722,test,Neutral,Medium
1723,test,Neutral,Medium
1724,test,Neutral,Medium
1725,test,Negative,Medium
1726,test,Neutral,Medium
1727,test,Neutral,Medium
1728,test,Neutral,Medium
1729,test,Neutral,Medium
1730,test,Neutral,Medium
1731,test,Neutral,Medium
1732,test,Neutral,Medium
1733,test,Neutral,Medium
1734,test,Neutral,Low
1735,test,Negative,Medium
1736,test,Neutral,Medium
1737,test,Neutral,Medium
1738,test,Neutral,Medium
1739,test,Neutral,Medium
1740,test,Neutral,Medium
1741,test,Neutral,Medium
1742,test,Neutral,Medium
1743,test,Neutral,Medium
1744,test,Neutral,Medium
1745,test,Neutral,Medium
1746,test,Neutral,Medium
1747,test,Neutral,Medium
1748,test,Neutral,Medium
1749,test,Neutral,Medium
1750,test,Neutral,Medium
1751,test,Neutral,Medium
1752,test,Neutral,Medium
1753,test,Neutral,Medium
1754,test,Negative,Medium
1755,test,Negative,Medium
1756,test,Neutral,Medium
1757,test,Neutral,Medium
1758,test,Negative,Medium
1759,test,Neutral,Medium
1760,test,Neutral,Medium
1761,test,Neutral,Medium
1762,test,Neutral,Medium
1763,test,Neutral,Medium
1764,test,Neutral,Medium
1765,test,Neutral,Medium
1766,test,Neutral,Medium
1767,test,Neutral,Low
1768,test,Neutral,Medium
1769,test,Neutral,Medium
1770,test,Neutral,Medium
1771,test,Neutral,Medium
1772,test,Neutral,Medium
1773,test,Neutral,Medium
1774,test,Neutral,Medium
1775,test,Neutral,Medium
1776,test,Neutral,Medium
1777,test,Neutral,Medium
1778,test,Neutral,Low
1779,test,Neutral,Medium
1780,test,Neutral,Medium
1781,test,Neutral,Medium
1782,test,Neutral,Medium
1783,test,Neutral,Medium
1784,test,Neutral,Medium
1785,test,Neutral,Medium
1786,test,Neutral,Medium
1787,test,Neutral,Medium
1788,test,Neutral,Medium
1789,test,Neutral,Medium
1790,test,Negative,Medium
1791,test,Neutral,Medium
1792,test,Negative,Medium
1793,test,Neutral,Medium
1794,test,Neutral,Medium
1795,test,Neutral,Medium
1796,test,Neutral,Medium
1797,test,Neutral,Medium
1798,test,Neutral,Medium
1799,test,Neutral,Medium
1800,test,Neutral,Medium
1801,test,Negative,Medium
1802,test,Neutral,Medium
1803,test,Neutral,Medium
1804,test,Negative,Medium
1805,test,Neutral,Medium
1806,test,Neutral,Medium
1807,test,Neutral,Medium
1808,test,Neutral,Medium
1809,test,Negative,Medium
1810,test,Neutral,Medium
1811,test,Neutral,Medium
1812,test,Neutral,Medium
1813,test,Neutral,Medium
1814,test,Neutral,Medium
1815,test,Negative,Medium
1816,test,Neutral,Medium
1817,test,Neutral,Medium
1818,test,Neutral,Medium
1819,test,Negative,Medium
1820,test,Neutral,Medium
1821,test,Neutral,Medium
1822,test,Neutral,Medium
1823,test,Neutral,Medium
1824,test,Neutral,Medium
1825,test,Neutral,Medium
1826,test,Neutral,Medium
1827,test,Neutral,Medium
1828,test,Negative,Medium
1829,test,Neutral,Medium
1830,test,Neutral,Medium
1831,test,Neutral,Medium
1832,test,Neutral,Medium
1833,test,Neutral,Medium
1834,test,Neutral,Medium
1835,test,Neutral,Medium
1836,test,Neutral,Medium
1837,test,Neutral,Medium
1838,test,Neutral,Medium
1839,test,Negative,Medium
1840,test,Neutral,Low
1841,test,Neutral,Low
1842,test,Neutral,Low
1843,test,Neutral,Low
1844,test,Neutral,Low
1845,test,Neutral,Low
1846,test,Neutral,Low
1847,test,Negative,High
1848,test,Neutral,Low
1849,test,Neutral,Low
1850,test,Neutral,Low
1851,test,Neutral,Low
1852,test,Neutral,Low
1853,test,Neutral,Low
1854,test,Neutral,Low
1855,test,Neutral,Low
1856,test,Neutral,Low
1857,test,Neutral,Low
1858,test,Neutral,Low
1859,test,Neutral,Low
1860,test,Neutral,Low
1861,test,Neutral,Low
1862,test,Neutral,Low
1863,test,Neutral,Low
1864,test,Neutral,Low
1865,test,Neutral,Low
1866,test,Neutral,Low
1867,test,Neutral,Low
1868,test,Neutral,Low
1869,test,Neutral,Low
1870,test,Neutral,Low
1871,test,Neutral,Low
1872,test,Neutral,Low
1873,test,Negative,Low
1874,test,Neutral,Low
1875,test,Neutral,Low
1876,test,Neutral,Low
1877,test,Neutral,Low
1878,test,Neutral,Low
1879,test,Neutral,Low
1880,test,Neutral,High
1881,test,Neutral,High
1882,test,Neutral,High
1883,test,Neutral,High
1884,test,Neutral,High
1885,test,Negative,High
1886,test,Neutral,High
1887,test,Neutral,High
1888,test,Negative,High
1889,test,Neutral,High
1890,test,Negative,High
1891,test,Negative,High
1892,test,Neutral,High
1893,test,Negative,High
1894,test,Negative,High
1895,test,Negative,High
1896,test,Neutral,High
1897,test,Negative,High
1898,test,Neutral,High
1899,test,Neutral,High
1900,test,Neutral,High
1901,test,Neutral,High
1902,test,Neutral,High
1903,test,Neutral,High
1904,test,Neutral,High
1905,test,Negative,High
1906,test,Neutral,High
1907,test,Neutral,High
1908,test,Negative,High
1909,test,Neutral,High
1910,test,Negative,High
1911,test,Neutral,High
1912,test,Negative,High
1913,test,Neutral,High
1914,test,Neutral,High
1915,test,Neutral,High
1916,test,Neutral,High
1917,test,Neutral,High
1918,test,Neutral,High
1919,test,Negative,High
1920,test,Neutral,Medium
1921,test,Neutral,Medium
1922,test,Neutral,Medium
1923,test,Neutral,Medium
1924,test,Neutral,Medium
1925,test,Neutral,Medium
1926,test,Neutral,Medium
1927,test,Neutral,Medium
1928,test,Neutral,Medium
1929,test,Negative,Medium
1930,test,Neutral,Medium
1931,test,Neutral,Medium
1932,test,Neutral,Medium
1933,test,Neutral,Medium
1934,test,Neutral,Medium
1935,test,Neutral,Medium
1936,test,Neutral,Medium
1937,test,Neutral,Medium
1938,test,Neutral,Medium
1939,test,Neutral,Medium
1940,test,Neutral,Medium
1941,test,Neutral,Medium
1942,test,Neutral,Medium
1943,test,Negative,Medium
1944,test,Neutral,Medium
1945,test,Neutral,Medium
1946,test,Negative,Medium
1947,test,Negative,High
1948,test,Neutral,Medium
1949,test,Neutral,Medium
1950,test,Neutral,Medium
1951,test,Neutral,Medium
1952,test,Neutral,Medium
1953,test,Neutral,Medium
1954,test,Neutral,Medium
1955,test,Neutral,Medium
1956,test,Neutral,Medium
1957,test,Neutral,Medium
1958,test,Negative,Medium
1959,test,Neutral,Medium
1960,test,Neutral,Medium
1961,test,Neutral,Medium
1962,test,Neutral,Medium
1963,test,Neutral,Medium
1964,test,Neutral,Medium
1965,test,Neutral,Medium
1966,test,Neutral,Medium
1967,test,Neutral,Medium
1968,test,Neutral,Medium
1969,test,Neutral,High
1970,test,Neutral,Medium
1971,test,Neutral,Medium
1972,test,Neutral,Medium
1973,test,Neutral,Medium
1974,test,Neutral,Medium
1975,test,Neutral,Medium
1976,test,Neutral,Medium
1977,test,Neutral,Medium
1978,test,Neutral,Medium
1979,test,Neutral,Medium
1980,test,Neutral,Medium
1981,test,Neutral,Medium
1982,test,Neutral,Medium
1983,test,Neutral,Medium
1984,test,Neutral,Medium
1985,test,Neutral,Medium
1986,test,Neutral,Medium
1987,test,Neutral,Medium
1988,test,Neutral,Medium
1989,test,Neutral,Medium
1990,test,Neutral,Medium
1991,test,Neutral,Medium
1992,test,Neutral,Medium
1993,test,Neutral,Medium
1994,test,Neutral,Medium
1995,test,Neutral,Medium
1996,test,Neutral,Medium
1997,test,Neutral,Medium
1998,test,Neutral,Medium
1999,test,Neutral,Medium
2000,test,Neutral,Low
2001,test,Neutral,Low
2002,test,Neutral,Low
2003,test,Neutral,Low
2004,test,Neutral,Low
2005,test,Neutral,Low
2006,test,Neutral,Low
2007,test,Neutral,Low
2008,test,Neutral,Low
2009,test,Neutral,Low
2010,test,Neutral,Low
2011,test,Neutral,Low
2012,test,Neutral,Low
2013,test,Neutral,Low
2014,test,Neutral,Low
2015,test,Neutral,Low
2016,test,Neutral,Low
2017,test,Neutral,Low
2018,test,Neutral,Low
2019,test,Neutral,Low
2020,test,Neutral,Low
2021,test,Neutral,Low
2022,test,Neutral,Low
2023,test,Neutral,Low
2024,test,Neutral,Low
2025,test,Neutral,Low
2026,test,Neutral,Low
2027,test,Neutral,Low
2028,test,Neutral,Low
2029,test,Neutral,Low
2030,test,Neutral,Low
2031,test,Neutral,Low
2032,test,Neutral,Low
2033,test,Neutral,Low
2034,test,Neutral,Low
2035,test,Neutral,Low
2036,test,Neutral,Low
2037,test,Neutral,Low
2038,test,Neutral,Low
2039,test,Neutral,Low
2040,test,Neutral,Low
2041,test,Neutral,Low
2042,test,Neutral,Low
2043,test,Neutral,Low
2044,test,Neutral,Low
2045,test,Neutral,Low
2046,test,Neutral,Low
2047,test,Neutral,Low
2048,test,Neutral,Low
2049,test,Neutral,Low
2050,test,Neutral,Low
2051,test,Neutral,Low
2052,test,Neutral,Low
2053,test,Neutral,Low
2054,test,Neutral,Low
2055,test,Neutral,Low
2056,test,Neutral,Low
2057,test,Neutral,Low
2058,test,Neutral,Low
2059,test,Neutral,Low
2060,test,Neutral,Low
2061,test,Neutral,Low
2062,test,Neutral,Low
2063,test,Neutral,Low
2064,test,Neutral,Low
2065,test,Neutral,Low
2066,test,Neutral,High
2067,test,Neutral,Low
2068,test,Neutral,Low
2069,test,Neutral,Low
2070,test,Neutral,High
2071,test,Neutral,High
2072,test,Neutral,Low
2073,test,Neutral,Low
2074,test,Neutral,Low
2075,test,Neutral,Low
2076,test,Neutral,Low
2077,test,Neutral,Low
2078,test,Neutral,Low
2079,test,Neutral,Low
2080,test,Neutral,Low
2081,test,Neutral,Low
2082,test,Neutral,Low
2083,test,Neutral,Low
2084,test,Neutral,Low
2085,test,Neutral,Low
2086,test,Neutral,Low
2087,test,Neutral,Medium
2088,test,Neutral,Low
2089,test,Neutral,Low
2090,test,Neutral,Low
2091,test,Neutral,Medium
2092,test,Neutral,Medium
2093,test,Neutral,Low
2094,test,Neutral,Low
2095,test,Neutral,Low
2096,test,Neutral,Low
2097,test,Neutral,Low
2098,test,Neutral,Low
2099,test,Neutral,Low
2100,test,Neutral,Medium
2101,test,Neutral,Low
2102,test,Neutral,Medium
2103,test,Neutral,Low
2104,test,Neutral,Low
2105,test,Neutral,Low
2106,test,Neutral,Low
2107,test,Neutral,Low
2108,test,Neutral,Low
2109,test,Neutral,Low
2110,test,Neutral,Low
2111,test,Neutral,Low
2112,test,Neutral,Low
2113,test,Neutral,Low
2114,test,Neutral,Low
2115,test,Neutral,Low
2116,test,Neutral,Low
2117,test,Neutral,Low
2118,test,Neutral,Low
2119,test,Neutral,Low
2120,test,Neutral,Low
2121,test,Neutral,Low
2122,test,Neutral,Low
2123,test,Neutral,Low
2124,test,Neutral,Low
2125,test,Neutral,Low
2126,test,Neutral,Low
2127,test,Neutral,Low
2128,test,Neutral,Low
2129,test,Negative,Low
2130,test,Neutral,Low
2131,test,Neutral,Low
2132,test,Neutral,Low
2133,test,Neutral,Low
2134,test,Neutral,Low
2135,test,Neutral,Low
2136,test,Neutral,Low
2137,test,Neutral,Low
2138,test,Neutral,Low
2139,test,Neutral,Low
2140,test,Neutral,Low
2141,test,Neutral,High
2142,test,Neutral,Low
2143,test,Neutral,Low
2144,test,Neutral,Low
2145,test,Neutral,Low
2146,test,Neutral,Low
2147,test,Neutral,Low
2148,test,Neutral,Low
2149,test,Neutral,Low
2150,test,Neutral,High
2151,test,Neutral,Low
2152,test,Neutral,Low
2153,test,Neutral,Low
2154,test,Neutral,Low
2155,test,Neutral,Low
2156,test,Neutral,Low
2157,test,Neutral,Low
2158,test,Neutral,Low
2159,test,Neutral,Low
2160,test,Neutral,Medium
2161,test,Neutral,Medium
2162,test,Neutral,Medium
2163,test,Neutral,Medium
2164,test,Neutral,Medium
2165,test,Neutral,Medium
2166,test,Neutral,Low
2167,test,Neutral,Medium
2168,test,Neutral,Medium
2169,test,Neutral,Medium
2170,test,Neutral,Low
2171,test,Neutral,Medium
2172,test,Neutral,Low
2173,test,Neutral,Medium
2174,test,Neutral,Low
2175,test,Neutral,Low
2176,test,Neutral,Medium
2177,test,Neutral,Medium
2178,test,Neutral,Medium
2179,test,Neutral,Medium
2180,test,Neutral,Medium
2181,test,Neutral,Medium
2182,test,Neutral,Medium
2183,test,Neutral,Medium
2184,test,Neutral,Medium
2185,test,Neutral,Medium
2186,test,Neutral,Medium
2187,test,Neutral,Medium
2188,test,Neutral,Medium
2189,test,Neutral,Medium
2190,test,Neutral,Medium
2191,test,Neutral,Medium
2192,test,Neutral,Medium
2193,test,Neutral,Medium
2194,test,Neutral,Medium
2195,test,Neutral,Medium
2196,test,Neutral,Medium
2197,test,Neutral,Medium
2198,test,Neutral,Medium
2199,test,Neutral,Medium
2200,test,Neutral,Medium
2201,test,Neutral,Medium
2202,test,Neutral,Medium
2203,test,Neutral,Medium
2204,test,Neutral,Medium
2205,test,Neutral,Low
2206,test,Neutral,Medium
2207,test,Negative,Medium
2208,test,Neutral,Medium
2209,test,Neutral,Low
2210,test,Neutral,Medium
2211,test,Neutral,Medium
2212,test,Neutral,Low
2213,test,Neutral,Medium
2214,test,Neutral,Medium
2215,test,Neutral,Medium
2216,test,Neutral,Medium
2217,test,Neutral,Medium
2218,test,Neutral,Low
2219,test,Neutral,Medium
2220,test,Neutral,Medium
2221,test,Neutral,Medium
2222,test,Neutral,Medium
2223,test,Neutral,Medium
2224,test,Neutral,Medium
2225,test,Neutral,Medium
2226,test,Neutral,Medium
2227,test,Neutral,Medium
2228,test,Neutral,Medium
2229,test,Neutral,Medium
2230,test,Neutral,Medium
2231,test,Negative,Medium
2232,test,Neutral,Medium
2233,test,Neutral,Medium
2234,test,Neutral,Medium
2235,test,Neutral,Medium
2236,test,Neutral,Medium
2237,test,Negative,Medium
2238,test,Neutral,Medium
2239,test,Neutral,Medium
2240,test,Neutral,Low
2241,test,Neutral,Low
2242,test,Neutral,Low
2243,test,Neutral,Low
2244,test,Neutral,Low
2245,test,Neutral,Low
2246,test,Neutral,Low
2247,test,Neutral,Low
2248,test,Neutral,Low
2249,test,Neutral,Low
2250,test,Neutral,Low
2251,test,Neutral,Low
2252,test,Neutral,Low
2253,test,Neutral,Low
2254,test,Neutral,Low
2255,test,Neutral,Low
2256,test,Neutral,Low
2257,test,Neutral,Low
2258,test,Neutral,Low
2259,test,Neutral,Low
2260,test,Neutral,Low
2261,test,Neutral,Low
2262,test,Neutral,Low
2263,test,Neutral,Low
2264,test,Neutral,Low
2265,test,Neutral,Low
2266,test,Neutral,Low
2267,test,Neutral,Low
2268,test,Neutral,Low
2269,test,Neutral,Low
2270,test,Neutral,Low
2271,test,Neutral,Low
2272,test,Neutral,Low
2273,test,Neutral,Low
2274,test,Neutral,Low
2275,test,Neutral,Low
2276,test,Neutral,Low
2277,test,Neutral,Low
2278,test,Neutral,Low
2279,test,Neutral,Low
2280,test,Neutral,Medium
2281,test,Neutral,Medium
2282,test,Neutral,Medium
2283,test,Negative,Medium
2284,test,Neutral,Medium
2285,test,Neutral,Medium
2286,test,Neutral,Medium
2287,test,Neutral,Medium
2288,test,Neutral,Medium
2289,test,Neutral,Medium
2290,test,Neutral,Medium
2291,test,Neutral,Medium
2292,test,Neutral,Medium
2293,test,Neutral,Medium
2294,test,Neutral,Medium
2295,test,Neutral,Medium
2296,test,Neutral,Medium
2297,test,Neutral,Medium
2298,test,Neutral,Medium
2299,test,Neutral,Medium
2300,test,Neutral,Low
2301,test,Neutral,Medium
2302,test,Neutral,Medium
2303,test,Neutral,Medium
2304,test,Neutral,Medium
2305,test,Neutral,Medium
2306,test,Neutral,Medium
2307,test,Neutral,Medium
2308,test,Neutral,Medium
2309,test,Neutral,Medium
2310,test,Neutral,Medium
2311,test,Neutral,Medium
2312,test,Negative,Medium
2313,test,Neutral,Medium
2314,test,Neutral,Medium
2315,test,Neutral,Medium
2316,test,Neutral,Medium
2317,test,Neutral,Medium
2318,test,Neutral,Medium
2319,test,Neutral,Medium
2320,test,Neutral,Low
2321,test,Neutral,Low
2322,test,Neutral,Low
2323,test,Neutral,Low
2324,test,Neutral,Low
2325,test,Neutral,Low
2326,test,Neutral,Low
2327,test,Neutral,Low
2328,test,Neutral,Low
2329,test,Neutral,Low
2330,test,Negative,Low
2331,test,Neutral,Low
2332,test,Neutral,Low
2333,test,Neutral,Low
2334,test,Neutral,Low
2335,test,Neutral,Low
2336,test,Neutral,Low
2337,test,Neutral,Low
2338,test,Neutral,Low
2339,test,Neutral,Low
2340,test,Neutral,Low
2341,test,Neutral,Low
2342,test,Neutral,Low
2343,test,Neutral,Low
2344,test,Neutral,Low
2345,test,Neutral,Low
2346,test,Neutral,Low
2347,test,Neutral,Low
2348,test,Neutral,Low
2349,test,Neutral,Low
2350,test,Neutral,Low
2351,test,Neutral,Low
2352,test,Neutral,Low
2353,test,Neutral,Low
2354,test,Neutral,Low
2355,test,Neutral,Low
2356,test,Neutral,Low
2357,test,Neutral,Low
2358,test,Neutral,Low
2359,test,Neutral,Low
2360,test,Neutral,Low
2361,test,Neutral,Low
2362,test,Neutral,Low
2363,test,Neutral,Low
2364,test,Neutral,Low
2365,test,Neutral,Low
2366,test,Neutral,Low
2367,test,Neutral,Low
2368,test,Neutral,Low
2369,test,Neutral,Low
2370,test,Neutral,Low
2371,test,Neutral,Low
2372,test,Neutral,Low
2373,test,Neutral,Low
2374,test,Neutral,Low
2375,test,Neutral,Low
2376,test,Neutral,Low
2377,test,Neutral,Low
2378,test,Neutral,Low
2379,test,Neutral,Low
2380,test,Neutral,Low
2381,test,Neutral,Low
2382,test,Neutral,Low
2383,test,Neutral,Low
2384,test,Neutral,Low
2385,test,Neutral,Low
2386,test,Neutral,Low
2387,test,Neutral,Low
2388,test,Neutral,Low
2389,test,Neutral,Low
2390,test,Neutral,Low
2391,test,Neutral,Low
2392,test,Neutral,Low
2393,test,Neutral,Low
2394,test,Neutral,Low
2395,test,Neutral,Low
2396,test,Neutral,Low
2397,test,Neutral,Low
2398,test,Neutral,Low
2399,test,Neutral,Low
2400,test,Neutral,Low
2401,test,Neutral,Low
2402,test,Neutral,Low
2403,test,Neutral,Low
2404,test,Neutral,Low
2405,test,Neutral,Low
2406,test,Neutral,Low
2407,test,Neutral,Low
2408,test,Neutral,Low
2409,test,Neutral,Low
2410,test,Neutral,Low
2411,test,Neutral,Low
2412,test,Neutral,Low
2413,test,Neutral,Low
2414,test,Neutral,Low
2415,test,Neutral,Low
2416,test,Neutral,Low
2417,test,Neutral,Low
2418,test,Neutral,Low
2419,test,Neutral,Low
2420,test,Neutral,Low
2421,test,Neutral,Low
2422,test,Neutral,Low
2423,test,Neutral,Low
2424,test,Neutral,Low
2425,test,Neutral,Low
2426,test,Neutral,Low
2427,test,Neutral,Low
2428,test,Neutral,Low
2429,test,Neutral,Low
2430,test,Neutral,Low
2431,test,Neutral,Low
2432,test,Neutral,Low
2433,test,Neutral,Low
2434,test,Neutral,Low
2435,test,Neutral,Low
2436,test,Neutral,Low
2437,test,Neutral,Low
2438,test,Neutral,Low
2439,test,Neutral,Low
2440,test,Neutral,Low
2441,test,Neutral,Low
2442,test,Neutral,Low
2443,test,Neutral,Low
2444,test,Neutral,Low
2445,test,Neutral,Low
2446,test,Neutral,Low
2447,test,Neutral,Low
2448,test,Neutral,Low
2449,test,Neutral,Low
2450,test,Neutral,Low
2451,test,Neutral,Low
2452,test,Neutral,Low
2453,test,Neutral,Low
2454,test,Neutral,Low
2455,test,Neutral,Low
2456,test,Neutral,Low
2457,test,Neutral,Low
2458,test,Neutral,Low
2459,test,Neutral,Low
2460,test,Neutral,Low
2461,test,Neutral,Low
2462,test,Neutral,Low
2463,test,Neutral,Low
2464,test,Neutral,Low
2465,test,Neutral,Low
2466,test,Neutral,Low
2467,test,Neutral,Low
2468,test,Neutral,Low
2469,test,Neutral,Low
2470,test,Neutral,Low
2471,test,Neutral,Low
2472,test,Neutral,Low
2473,test,Neutral,Low
2474,test,Neutral,Low
2475,test,Neutral,Low
2476,test,Neutral,Low
2477,test,Neutral,Low
2478,test,Neutral,Low
2479,test,Neutral,Low
2480,test,Neutral,Low
2481,test,Neutral,Low
2482,test,Neutral,Low
2483,test,Neutral,Low
2484,test,Neutral,Low
2485,test,Neutral,Low
2486,test,Neutral,Low
2487,test,Neutral,Low
2488,test,Neutral,Low
2489,test,Neutral,Low
2490,test,Neutral,Low
2491,test,Neutral,Low
2492,test,Neutral,Low
2493,test,Neutral,Low
2494,test,Neutral,Low
2495,test,Neutral,Low
2496,test,Neutral,Low
2497,test,Neutral,Low
2498,test,Neutral,Low
2499,test,Neutral,Low
2500,test,Neutral,Low
2501,test,Neutral,Low
2502,test,Neutral,Low
2503,test,Neutral,Low
2504,test,Neutral,Low
2505,test,Neutral,Low
2506,test,Neutral,Low
2507,test,Neutral,Low
2508,test,Neutral,Low
2509,test,Neutral,Low
2510,test,Neutral,Low
2511,test,Neutral,Low
2512,test,Neutral,Low
2513,test,Neutral,Low
2514,test,Neutral,Low
2515,test,Neutral,Low
2516,test,Neutral,Low
2517,test,Neutral,Low
2518,test,Neutral,Low
2519,test,Neutral,Low
2520,test,Neutral,Medium
2521,test,Neutral,Medium
2522,test,Neutral,Medium
2523,test,Neutral,Medium
2524,test,Neutral,Medium
2525,test,Neutral,Medium
2526,test,Neutral,Medium
2527,test,Neutral,Medium
2528,test,Neutral,Medium
2529,test,Neutral,Medium
2530,test,Neutral,Medium
2531,test,Neutral,Low
2532,test,Neutral,Medium
2533,test,Neutral,Medium
2534,test,Neutral,Medium
2535,test,Neutral,Medium
2536,test,Neutral,Medium
2537,test,Neutral,Medium
2538,test,Neutral,Medium
2539,test,Neutral,Medium
2540,test,Neutral,Medium
2541,test,Neutral,Medium
2542,test,Neutral,Medium
2543,test,Neutral,Medium
2544,test,Neutral,Medium
2545,test,Neutral,Medium
2546,test,Neutral,Medium
2547,test,Neutral,Medium
2548,test,Neutral,Medium
2549,test,Neutral,Medium
2550,test,Neutral,Medium
2551,test,Neutral,Medium
2552,test,Neutral,Medium
2553,test,Neutral,Medium
2554,test,Neutral,Medium
2555,test,Neutral,Medium
2556,test,Neutral,Medium
2557,test,Neutral,Medium
2558,test,Neutral,Medium
2559,test,Neutral,Medium
2560,test,Neutral,Medium
2561,test,Neutral,Medium
2562,test,Neutral,Medium
2563,test,Neutral,Low
2564,test,Neutral,Medium
2565,test,Neutral,Low
2566,test,Neutral,Medium
2567,test,Neutral,Medium
2568,test,Neutral,Medium
2569,test,Neutral,Medium
2570,test,Neutral,Medium
2571,test,Neutral,Low
2572,test,Neutral,Medium
2573,test,Neutral,Medium
2574,test,Neutral,Medium
2575,test,Neutral,Low
2576,test,Neutral,Medium
2577,test,Neutral,Medium
2578,test,Neutral,Medium
2579,test,Neutral,Low
2580,test,Neutral,Medium
2581,test,Neutral,Medium
2582,test,Neutral,Medium
2583,test,Neutral,Medium
2584,test,Neutral,Medium
2585,test,Neutral,Medium
2586,test,Neutral,Medium
2587,test,Negative,Medium
2588,test,Neutral,Medium
2589,test,Neutral,Medium
2590,test,Neutral,Medium
2591,test,Neutral,Medium
2592,test,Neutral,Medium
2593,test,Neutral,Medium
2594,test,Neutral,Medium
2595,test,Neutral,Medium
2596,test,Neutral,Medium
2597,test,Negative,Medium
2598,test,Neutral,Medium
2599,test,Neutral,Low
2600,test,Neutral,Low
2601,test,Neutral,Low
2602,test,Neutral,Low
2603,test,Neutral,Low
2604,test,Neutral,Low
2605,test,Neutral,Low
2606,test,Neutral,Low
2607,test,Neutral,Low
2608,test,Neutral,Low
2609,test,Neutral,Low
2610,test,Neutral,Low
2611,test,Neutral,Low
2612,test,Neutral,Low
2613,test,Neutral,Low
2614,test,Neutral,Low
2615,test,Neutral,Low
2616,test,Neutral,Low
2617,test,Neutral,Low
2618,test,Neutral,Low
2619,test,Neutral,Low
2620,test,Neutral,Low
2621,test,Neutral,Low
2622,test,Neutral,Low
2623,test,Neutral,Low
2624,test,Neutral,Low
2625,test,Neutral,Low
2626,test,Neutral,Low
2627,test,Neutral,Low
2628,test,Neutral,Low
2629,test,Neutral,Low
2630,test,Neutral,Low
2631,test,Neutral,Low
2632,test,Neutral,Low
2633,test,Neutral,Low
2634,test,Neutral,Low
2635,test,Neutral,Low
2636,test,Neutral,Low
2637,test,Neutral,Low
2638,test,Neutral,Low
2639,test,Neutral,Low
2640,test,Neutral,Medium
2641,test,Neutral,Medium
2642,test,Neutral,Medium
2643,test,Neutral,Medium
2644,test,Neutral,Medium
2645,test,Neutral,Medium
2646,test,Neutral,Medium
2647,test,Neutral,Medium
2648,test,Neutral,Medium
2649,test,Neutral,Medium
2650,test,Neutral,Low
2651,test,Neutral,Medium
2652,test,Neutral,Medium
2653,test,Neutral,Medium
2654,test,Neutral,Medium
2655,test,Neutral,Medium
2656,test,Neutral,Medium
2657,test,Neutral,Medium
2658,test,Neutral,Medium
2659,test,Neutral,Medium
2660,test,Neutral,Medium
2661,test,Neutral,Medium
2662,test,Neutral,Medium
2663,test,Neutral,Medium
2664,test,Neutral,Medium
2665,test,Neutral,Medium
2666,test,Negative,Medium
2667,test,Neutral,Medium
2668,test,Negative,Medium
2669,test,Neutral,Medium
2670,test,Neutral,Medium
2671,test,Neutral,Medium
2672,test,Neutral,Medium
2673,test,Neutral,Medium
2674,test,Neutral,Medium
2675,test,Negative,Medium
2676,test,Neutral,Medium
2677,test,Neutral,Medium
2678,test,Neutral,Medium
2679,test,Neutral,Medium
2680,test,Neutral,Medium
2681,test,Neutral,Medium
2682,test,Neutral,Medium
2683,test,Neutral,Medium
2684,test,Neutral,Low
2685,test,Neutral,Low
2686,test,Neutral,Medium
2687,test,Neutral,Medium
2688,test,Neutral,Medium
2689,test,Neutral,Medium
2690,test,Neutral,Medium
2691,test,Neutral,Low
2692,test,Neutral,Medium
2693,test,Neutral,Medium
2694,test,Neutral,Medium
2695,test,Neutral,Medium
2696,test,Neutral,Medium
2697,test,Neutral,Medium
2698,test,Neutral,Medium
2699,test,Neutral,Medium
2700,test,Neutral,Medium
2701,test,Neutral,Medium
2702,test,Neutral,Medium
2703,test,Neutral,Medium
2704,test,Neutral,Medium
2705,test,Neutral,Medium
2706,test,Neutral,Medium
2707,test,Neutral,Medium
2708,test,Neutral,Medium
2709,test,Neutral,Medium
2710,test,Neutral,Medium
2711,test,Neutral,Medium
2712,test,Neutral,Medium
2713,test,Neutral,Medium
2714,test,Neutral,Medium
2715,test,Neutral,Medium
2716,test,Neutral,Medium
2717,test,Neutral,Medium
2718,test,Neutral,Medium
2719,test,Neutral,Medium
2720,test,Neutral,High
2721,test,Neutral,High
2722,test,Neutral,High
2723,test,Neutral,High
2724,test,Neutral,High
2725,test,Neutral,High
2726,test,Neutral,High
2727,test,Neutral,High
2728,test,Neutral,High
2729,test,Neutral,High
2730,test,Neutral,High
2731,test,Neutral,High
2732,test,Neutral,High
2733,test,Neutral,High
2734,test,Neutral,High
2735,test,Neutral,High
2736,test,Neutral,High
2737,test,Neutral,High
2738,test,Neutral,High
2739,test,Neutral,High
2740,test,Neutral,High
2741,test,Neutral,High
2742,test,Neutral,High
2743,test,Neutral,High
2744,test,Neutral,High
2745,test,Neutral,High
2746,test,Neutral,High
2747,test,Neutral,High
2748,test,Neutral,High
2749,test,Neutral,Low
2750,test,Neutral,High
2751,test,Negative,High
2752,test,Neutral,High
2753,test,Neutral,High
2754,test,Neutral,High
2755,test,Neutral,High
2756,test,Neutral,High
2757,test,Neutral,High
2758,test,Neutral,High
2759,test,Neutral,High
2760,test,Neutral,Low
2761,test,Neutral,Low
2762,test,Neutral,Low
2763,test,Neutral,Low
2764,test,Neutral,Low
2765,test,Neutral,Low
2766,test,Neutral,Low
2767,test,Neutral,Low
2768,test,Neutral,Low
2769,test,Neutral,Low
2770,test,Neutral,Low
2771,test,Neutral,Low
2772,test,Neutral,Low
2773,test,Neutral,Low
2774,test,Neutral,Low
2775,test,Neutral,Low
2776,test,Neutral,Low
2777,test,Neutral,Low
2778,test,Neutral,Low
2779,test,Neutral,Low
2780,test,Neutral,Low
2781,test,Neutral,Low
2782,test,Neutral,Low
2783,test,Neutral,Low
2784,test,Neutral,Low
2785,test,Neutral,Low
2786,test,Neutral,Low
2787,test,Neutral,Low
2788,test,Neutral,Low
2789,test,Neutral,Low
2790,test,Neutral,Low
2791,test,Neutral,Low
2792,test,Neutral,Low
2793,test,Neutral,Low
2794,test,Neutral,Low
2795,test,Neutral,Low
2796,test,Neutral,Low
2797,test,Neutral,Low
2798,test,Neutral,Low
2799,test,Neutral,Low
2800,test,Neutral,Low
2801,test,Neutral,Low
2802,test,Neutral,Medium
2803,test,Neutral,Low
2804,test,Neutral,Low
2805,test,Neutral,Low
2806,test,Neutral,Low
2807,test,Neutral,Low
2808,test,Neutral,Low
2809,test,Neutral,Low
2810,test,Neutral,Low
2811,test,Neutral,Low
2812,test,Neutral,Low
2813,test,Neutral,Low
2814,test,Neutral,Low
2815,test,Neutral,Low
2816,test,Neutral,Low
2817,test,Neutral,Low
2818,test,Neutral,Low
2819,test,Neutral,Low
2820,test,Neutral,Medium
2821,test,Neutral,Medium
2822,test,Neutral,Medium
2823,test,Neutral,Medium
2824,test,Neutral,Medium
2825,test,Neutral,Medium
2826,test,Neutral,Medium
2827,test,Neutral,Medium
2828,test,Neutral,Medium
2829,test,Neutral,Medium
2830,test,Neutral,Medium
2831,test,Neutral,Low
2832,test,Neutral,Medium
2833,test,Neutral,Medium
2834,test,Neutral,Medium
2835,test,Neutral,Medium
2836,test,Neutral,Medium
2837,test,Neutral,Medium
2838,test,Neutral,Medium
2839,test,Neutral,Medium
2840,test,Neutral,Low
2841,test,Neutral,Low
2842,test,Neutral,Low
2843,test,Neutral,Low
2844,test,Neutral,Low
2845,test,Neutral,Low
2846,test,Neutral,Low
2847,test,Neutral,Low
2848,test,Neutral,Low
2849,test,Neutral,Low
2850,test,Neutral,Low
2851,test,Neutral,Low
2852,test,Neutral,High
2853,test,Neutral,Low
2854,test,Neutral,Low
2855,test,Neutral,Low
2856,test,Neutral,Low
2857,test,Neutral,Low
2858,test,Neutral,Medium
2859,test,Neutral,Low
2860,test,Neutral,Low
2861,test,Neutral,Low
2862,test,Neutral,Low
2863,test,Neutral,Low
2864,test,Neutral,Low
2865,test,Neutral,Low
2866,test,Neutral,Low
2867,test,Neutral,Low
2868,test,Neutral,Low
2869,test,Neutral,Low
2870,test,Neutral,Low
2871,test,Neutral,Low
2872,test,Neutral,Low
2873,test,Neutral,Low
2874,test,Neutral,Low
2875,test,Neutral,Low
2876,test,Neutral,Low
2877,test,Neutral,Low
2878,test,Neutral,Low
2879,test,Neutral,Low
2880,test,Neutral,Medium
2881,test,Neutral,Medium
2882,test,Neutral,Medium
2883,test,Neutral,Medium
2884,test,Neutral,Medium
2885,test,Neutral,Medium
2886,test,Neutral,Medium
2887,test,Neutral,Medium
2888,test,Neutral,Medium
2889,test,Neutral,Medium
2890,test,Neutral,Medium
2891,test,Neutral,Medium
2892,test,Neutral,Medium
2893,test,Neutral,Medium
2894,test,Neutral,Medium
2895,test,Neutral,Medium
2896,test,Neutral,Medium
2897,test,Neutral,Medium
2898,test,Neutral,Low
2899,test,Neutral,Medium
2900,test,Neutral,Medium
2901,test,Neutral,Medium
2902,test,Neutral,Medium
2903,test,Neutral,Medium
2904,test,Neutral,Medium
2905,test,Neutral,Medium
2906,test,Neutral,Medium
2907,test,Neutral,Medium
2908,test,Neutral,Low
2909,test,Neutral,Medium
2910,test,Negative,Medium
2911,test,Neutral,Medium
2912,test,Neutral,Medium
2913,test,Neutral,Medium
2914,test,Neutral,Medium
2915,test,Neutral,Medium
2916,test,Neutral,Medium
2917,test,Neutral,Medium
2918,test,Neutral,Medium
2919,test,Neutral,Medium
2920,test,Neutral,Low
2921,test,Neutral,Low
2922,test,Neutral,Low
2923,test,Neutral,Low
2924,test,Neutral,Low
2925,test,Neutral,Low
2926,test,Neutral,Low
2927,test,Neutral,Low
2928,test,Neutral,Low
2929,test,Neutral,Low
2930,test,Neutral,Low
2931,test,Neutral,Low
2932,test,Neutral,Low
2933,test,Neutral,Low
2934,test,Neutral,Low
2935,test,Neutral,Low
2936,test,Neutral,Low
2937,test,Neutral,Low
2938,test,Neutral,Low
2939,test,Neutral,Low
2940,test,Neutral,Low
2941,test,Neutral,Low
2942,test,Neutral,Low
2943,test,Neutral,Low
2944,test,Neutral,Low
2945,test,Neutral,Low
2946,test,Neutral,Low
2947,test,Neutral,Low
2948,test,Neutral,Low
2949,test,Neutral,Low
2950,test,Neutral,Low
2951,test,Neutral,High
2952,test,Neutral,Low
2953,test,Neutral,Low
2954,test,Neutral,Low
2955,test,Neutral,Low
2956,test,Neutral,Low
2957,test,Neutral,Low
2958,test,Neutral,Low
2959,test,Neutral,Low
2960,test,Neutral,Low
2961,test,Neutral,Low
2962,test,Neutral,Medium
2963,test,Neutral,Low
2964,test,Neutral,Low
2965,test,Neutral,Low
2966,test,Neutral,Medium
2967,test,Neutral,Low
2968,test,Neutral,Low
2969,test,Neutral,Low
2970,test,Neutral,Low
2971,test,Neutral,Low
2972,test,Neutral,Medium
2973,test,Neutral,Low
2974,test,Neutral,Medium
2975,test,Neutral,Low
2976,test,Neutral,Low
2977,test,Neutral,Low
2978,test,Neutral,Medium
2979,test,Neutral,Medium
2980,test,Neutral,Low
2981,test,Neutral,Low
2982,test,Neutral,Low
2983,test,Neutral,Low
2984,test,Neutral,Low
2985,test,Neutral,Low
2986,test,Neutral,Medium
2987,test,Neutral,Medium
2988,test,Neutral,Medium
2989,test,Neutral,Low
2990,test,Neutral,Low
2991,test,Neutral,Medium
2992,test,Neutral,Low
2993,test,Neutral,Low
2994,test,Neutral,Low
2995,test,Neutral,Low
2996,test,Neutral,Low
2997,test,Neutral,Medium
2998,test,Neutral,Low
2999,test,Neutral,Low
3000,test,Neutral,Low
3001,test,Neutral,Low
3002,test,Neutral,Low
3003,test,Neutral,Low
3004,test,Neutral,Low
3005,test,Neutral,Low
3006,test,Neutral,Low
3007,test,Neutral,Low
3008,test,Neutral,Low
3009,test,Neutral,Low
3010,test,Neutral,Low
3011,test,Neutral,Low
3012,test,Neutral,Low
3013,test,Neutral,Low
3014,test,Neutral,Low
3015,test,Neutral,Low
3016,test,Neutral,Low
3017,test,Neutral,Low
3018,test,Neutral,Low
3019,test,Neutral,Low
3020,test,Neutral,Low
3021,test,Neutral,Low
3022,test,Neutral,Low
3023,test,Neutral,Low
3024,test,Neutral,Low
3025,test,Neutral,Low
3026,test,Neutral,Low
3027,test,Neutral,Low
3028,test,Neutral,Low
3029,test,Neutral,Low
3030,test,Neutral,Low
3031,test,Neutral,Low
3032,test,Neutral,Low
3033,test,Neutral,Low
3034,test,Neutral,Low
3035,test,Neutral,Low
3036,test,Neutral,Low
3037,test,Neutral,Low
3038,test,Neutral,Low
3039,test,Neutral,Low
3040,test,Neutral,Low
3041,test,Neutral,Low
3042,test,Neutral,Low
3043,test,Neutral,Low
3044,test,Neutral,Low
3045,test,Neutral,Low
3046,test,Neutral,Low
3047,test,Neutral,Low
3048,test,Neutral,Low
3049,test,Neutral,Low
3050,test,Neutral,Low
3051,test,Neutral,Low
3052,test,Neutral,Low
3053,test,Neutral,Low
3054,test,Neutral,Low
3055,test,Neutral,Low
3056,test,Neutral,Low
3057,test,Neutral,Low
3058,test,Neutral,Low
3059,test,Neutral,Low
3060,test,Neutral,Low
3061,test,Neutral,Low
3062,test,Neutral,Low
3063,test,Neutral,Low
3064,test,Neutral,Low
3065,test,Neutral,Low
3066,test,Neutral,Low
3067,test,Neutral,Low
3068,test,Neutral,Low
3069,test,Neutral,Low
3070,test,Neutral,Low
3071,test,Neutral,Low
3072,test,Neutral,Low
3073,test,Neutral,Low
3074,test,Neutral,Low
3075,test,Neutral,Low
3076,test,Neutral,Low
3077,test,Neutral,Low
3078,test,Neutral,Low
3079,test,Neutral,Low
