id,category,register,cmi,n_english_tokens,n_tamil_tokens,n_total_tokens,formal_verb_count,tamil_noun_count,formal_pronoun_count,formal_polite_count,formal_compound_count,issues,needs_fix
0,card_arrival,COLLOQUIAL,16.67,1,5,6,0,0,0,0,0,,False
1,card_arrival,COLLOQUIAL,18.18,2,9,11,0,0,0,0,0,,False
2,card_arrival,COLLOQUIAL,12.5,1,7,8,0,0,0,0,0,,False
3,card_arrival,COLLOQUIAL,33.33,3,6,9,0,0,0,0,0,,False
4,card_arrival,COLLOQUIAL,9.09,1,10,11,0,0,0,0,0,,False
5,card_arrival,MIXED,0.0,0,5,5,0,0,0,0,0,,True
6,card_arrival,COLLOQUIAL,42.86,3,4,7,0,0,0,0,0,,False
7,card_arrival,COLLOQUIAL,10.0,1,9,10,0,0,0,0,0,,False
8,card_arrival,COLLOQUIAL,33.33,2,4,6,0,0,0,0,0,,False
9,card_arrival,COLLOQUIAL,22.22,2,7,9,0,0,0,0,0,,False
10,card_arrival,COLLOQUIAL,16.67,1,5,6,0,0,0,0,0,,False
11,card_arrival,COLLOQUIAL,11.11,1,8,9,0,0,0,0,0,,False
12,card_arrival,COLLOQUIAL,14.29,1,6,7,0,0,0,0,0,,False
13,card_arrival,COLLOQUIAL,25.0,2,6,8,0,0,0,0,0,,False
14,card_arrival,COLLOQUIAL,21.43,3,11,14,0,0,0,0,0,,False
15,card_arrival,COLLOQUIAL,14.29,1,6,7,0,0,0,0,0,,False
16,card_arrival,COLLOQUIAL,11.11,1,8,9,0,0,0,0,0,,False
17,card_arrival,COLLOQUIAL,11.11,1,8,9,0,0,0,0,0,,False
18,card_arrival,COLLOQUIAL,20.0,2,8,10,0,0,0,0,0,,False
19,card_arrival,COLLOQUIAL,12.5,2,14,16,0,0,0,0,0,,False
20,card_arrival,COLLOQUIAL,33.33,2,4,6,0,0,0,0,0,,False
21,card_arrival,COLLOQUIAL,40.0,3,2,5,0,0,0,0,0,,False
22,card_arrival,MIXED,0.0,0,3,3,0,0,0,0,0,,True
23,card_arrival,COLLOQUIAL,25.0,1,3,4,0,0,0,0,0,,False
24,card_arrival,COLLOQUIAL,25.0,1,3,4,0,0,0,0,0,,False
25,card_arrival,MIXED,0.0,0,11,11,0,0,0,0,0,,True
26,card_arrival,COLLOQUIAL,12.5,1,7,8,0,0,0,0,0,,False
27,card_arrival,MIXED,0.0,0,6,6,0,0,0,0,0,,True
28,card_arrival,COLLOQUIAL,16.67,1,5,6,0,0,0,0,0,,False
29,card_arrival,COLLOQUIAL,28.57,2,5,7,0,0,0,0,0,,False
30,card_arrival,COLLOQUIAL,25.0,2,6,8,0,0,0,0,0,,False
31,card_arrival,COLLOQUIAL,14.29,1,6,7,0,0,0,0,0,,False
32,card_arrival,COLLOQUIAL,20.0,1,4,5,0,0,0,0,0,,False
33,card_arrival,COLLOQUIAL,20.0,1,4,5,0,0,0,0,0,,False
34,card_arrival,COLLOQUIAL,25.0,2,6,8,0,0,0,0,0,,False
35,card_arrival,COLLOQUIAL,42.86,3,4,7,0,0,0,0,0,,False
36,card_arrival,COLLOQUIAL,25.0,2,6,8,0,0,0,0,0,,False
37,card_arrival,COLLOQUIAL,33.33,2,4,6,0,0,0,0,0,,False
38,card_arrival,COLLOQUIAL,11.11,1,8,9,0,0,0,0,0,,False
39,card_arrival,COLLOQUIAL,40.0,2,3,5,0,0,0,0,0,,False
40,card_arrival,COLLOQUIAL,20.0,2,8,10,0,0,0,0,0,,False
41,card_arrival,COLLOQUIAL,28.57,2,5,7,0,0,0,0,0,,False
42,card_arrival,COLLOQUIAL,22.22,2,7,9,0,0,0,0,0,,False
43,card_arrival,COLLOQUIAL,14.29,1,6,7,0,0,0,0,0,,False
44,card_arrival,COLLOQUIAL,11.11,1,8,9,0,0,0,0,0,,False
45,card_arrival,MIXED,0.0,0,7,7,0,0,0,0,0,,True
46,card_arrival,COLLOQUIAL,10.0,1,9,10,0,0,0,0,0,,False
47,card_arrival,COLLOQUIAL,14.29,1,6,7,0,0,0,0,0,,False
48,card_arrival,COLLOQUIAL,22.22,2,7,9,0,0,0,0,0,,False
49,card_arrival,COLLOQUIAL,28.57,2,5,7,0,0,0,0,0,,False
50,card_arrival,COLLOQUIAL,25.0,2,6,8,0,0,0,0,0,,False
51,card_arrival,MIXED,0.0,0,7,7,0,0,0,0,0,,True
52,card_arrival,COLLOQUIAL,12.5,1,7,8,0,0,0,0,0,,False
53,card_arrival,COLLOQUIAL,20.0,1,4,5,0,0,0,0,0,,False
54,card_arrival,COLLOQUIAL,22.22,2,7,9,0,0,0,0,0,,False
55,card_arrival,COLLOQUIAL,16.67,1,5,6,0,0,0,0,0,,False
56,card_arrival,COLLOQUIAL,12.5,1,7,8,0,0,0,0,0,,False
57,card_arrival,COLLOQUIAL,10.0,1,9,10,0,0,0,0,0,,False
58,card_arrival,COLLOQUIAL,7.69,1,12,13,0,0,0,0,0,,False
59,card_arrival,MIXED,0.0,0,8,8,0,0,0,0,0,,True
60,card_arrival,COLLOQUIAL,16.67,1,5,6,0,0,0,0,0,,False
61,card_arrival,MIXED,0.0,0,6,6,0,0,0,0,0,,True
62,card_arrival,COLLOQUIAL,20.0,1,4,5,0,0,0,0,0,,False
63,card_arrival,COLLOQUIAL,14.29,1,6,7,0,0,0,0,0,,False
64,card_arrival,COLLOQUIAL,20.0,1,4,5,0,0,0,0,0,,False
65,card_arrival,COLLOQUIAL,7.69,1,12,13,0,0,0,0,0,,False
66,card_arrival,COLLOQUIAL,10.0,1,9,10,0,0,0,0,0,,False
67,card_arrival,COLLOQUIAL,16.67,1,5,6,0,0,0,0,0,,False
68,card_arrival,COLLOQUIAL,14.29,2,12,14,0,0,0,0,0,,False
69,card_arrival,COLLOQUIAL,42.86,3,4,7,0,0,0,0,0,,False
70,card_arrival,COLLOQUIAL,21.43,3,11,14,0,0,0,0,0,,False
71,card_arrival,COLLOQUIAL,12.5,1,7,8,0,0,0,0,0,,False
72,card_arrival,COLLOQUIAL,33.33,2,4,6,0,0,0,0,0,,False
73,card_arrival,COLLOQUIAL,16.67,1,5,6,0,0,0,0,0,,False
74,card_arrival,COLLOQUIAL,25.0,4,12,16,0,0,0,0,0,,False
75,card_arrival,COLLOQUIAL,14.29,1,6,7,0,0,0,0,0,,False
76,card_arrival,COLLOQUIAL,40.0,2,3,5,0,0,0,0,0,,False
77,card_arrival,COLLOQUIAL,33.33,2,4,6,0,0,0,0,0,,False
78,card_arrival,COLLOQUIAL,13.33,2,13,15,0,0,0,0,0,,False
79,card_arrival,COLLOQUIAL,16.67,1,5,6,0,0,0,0,0,,False
80,card_arrival,COLLOQUIAL,12.5,1,7,8,0,0,0,0,0,,False
81,card_arrival,MIXED,0.0,0,16,16,0,0,0,0,0,,True
82,card_arrival,COLLOQUIAL,28.57,2,5,7,0,0,0,0,0,,False
83,card_arrival,COLLOQUIAL,14.29,1,6,7,0,0,0,0,0,,False
84,card_arrival,COLLOQUIAL,6.67,1,14,15,0,0,0,0,0,,False
85,card_arrival,COLLOQUIAL,16.67,1,5,6,0,0,0,0,0,,False
86,card_arrival,COLLOQUIAL,11.11,1,8,9,0,0,0,0,0,,False
87,card_arrival,COLLOQUIAL,33.33,1,2,3,0,0,0,0,0,,False
88,card_arrival,COLLOQUIAL,10.0,1,9,10,0,0,0,0,0,,False
89,card_arrival,COLLOQUIAL,14.29,1,6,7,0,0,0,0,0,,False
90,card_arrival,COLLOQUIAL,10.0,1,9,10,0,0,0,0,0,,False
91,card_arrival,MIXED,0.0,0,6,6,0,0,0,0,0,,True
92,card_arrival,MIXED,0.0,0,11,11,0,0,0,0,0,,True
93,card_arrival,MIXED,0.0,0,4,4,0,0,0,0,0,,True
94,card_arrival,COLLOQUIAL,14.29,1,6,7,0,0,0,0,0,,False
95,card_arrival,COLLOQUIAL,14.29,1,6,7,0,0,0,0,0,,False
96,card_arrival,COLLOQUIAL,14.29,1,6,7,0,0,0,0,0,,False
97,card_arrival,COLLOQUIAL,12.5,1,7,8,0,0,0,0,0,,False
98,card_arrival,COLLOQUIAL,10.0,1,9,10,0,0,0,0,0,,False
99,card_arrival,COLLOQUIAL,40.0,2,3,5,0,0,0,0,0,,False
100,card_arrival,COLLOQUIAL,33.33,2,4,6,0,0,0,0,0,,False
101,card_arrival,COLLOQUIAL,10.0,1,9,10,0,0,0,0,0,,False
102,card_arrival,COLLOQUIAL,10.0,1,9,10,0,0,0,0,0,,False
103,card_arrival,COLLOQUIAL,16.67,1,5,6,0,0,0,0,0,,False
104,card_arrival,COLLOQUIAL,14.29,1,6,7,0,0,0,0,0,,False
105,card_arrival,COLLOQUIAL,12.5,1,7,8,0,0,0,0,0,,False
106,card_arrival,COLLOQUIAL,20.0,1,4,5,0,0,0,0,0,,False
107,card_arrival,COLLOQUIAL,25.0,1,3,4,0,0,0,0,0,,False
108,card_arrival,COLLOQUIAL,14.29,1,6,7,0,0,0,0,0,,False
109,card_arrival,COLLOQUIAL,14.29,1,6,7,0,0,0,0,0,,False
110,card_arrival,COLLOQUIAL,8.33,1,11,12,0,0,0,0,0,,False
111,card_arrival,COLLOQUIAL,13.33,2,13,15,0,0,0,0,0,,False
112,card_arrival,COLLOQUIAL,16.67,1,5,6,0,0,0,0,0,,False
113,card_arrival,MIXED,0.0,0,13,13,0,0,0,0,0,,True
114,card_arrival,COLLOQUIAL,9.09,1,10,11,0,0,0,0,0,,False
115,card_arrival,COLLOQUIAL,28.57,2,5,7,0,0,0,0,0,,False
116,card_arrival,COLLOQUIAL,12.5,1,7,8,0,0,0,0,0,,False
117,card_arrival,COLLOQUIAL,27.27,3,8,11,0,0,0,0,0,,False
118,card_arrival,COLLOQUIAL,10.0,1,9,10,0,0,0,0,0,,False
119,card_arrival,MIXED,0.0,0,7,7,0,0,0,0,0,,True
120,card_arrival,COLLOQUIAL,20.0,1,4,5,0,0,0,0,0,,False
121,card_arrival,COLLOQUIAL,37.5,3,5,8,0,0,0,0,0,,False
122,card_arrival,COLLOQUIAL,20.0,1,4,5,0,0,0,0,0,,False
123,card_arrival,COLLOQUIAL,16.67,1,5,6,0,0,0,0,0,,False
124,card_arrival,COLLOQUIAL,14.29,1,6,7,0,0,0,0,0,,False
125,card_arrival,COLLOQUIAL,10.0,1,9,10,0,0,0,0,0,,False
126,card_arrival,COLLOQUIAL,12.5,1,7,8,0,0,0,0,0,,False
127,card_arrival,MIXED,14.29,1,6,7,1,0,0,0,0,formal_verbs:anuppappatta,True
128,card_arrival,COLLOQUIAL,14.29,1,6,7,0,0,0,0,0,,False
129,card_arrival,MIXED,0.0,0,7,7,0,0,0,0,0,,True
130,card_arrival,COLLOQUIAL,14.29,1,6,7,0,0,0,0,0,,False
131,card_arrival,MIXED,16.67,1,5,6,1,0,0,0,0,formal_verbs:anuppappatta,True
132,card_arrival,COLLOQUIAL,16.67,1,5,6,0,0,0,0,0,,False
133,card_arrival,MIXED,14.29,1,6,7,1,0,0,0,0,formal_verbs:anuppappatta,True
134,card_arrival,COLLOQUIAL,10.0,1,9,10,0,0,0,0,0,,False
135,card_arrival,MIXED,0.0,0,6,6,0,0,0,0,0,,True
136,card_arrival,COLLOQUIAL,50.0,3,3,6,0,0,0,0,0,,False
137,card_arrival,COLLOQUIAL,6.25,1,15,16,0,0,0,0,0,,False
138,card_arrival,COLLOQUIAL,11.11,1,8,9,0,0,0,0,0,,False
139,card_arrival,COLLOQUIAL,10.0,1,9,10,0,0,0,0,0,,False
140,card_arrival,COLLOQUIAL,16.67,1,5,6,0,0,0,0,0,,False
141,card_arrival,COLLOQUIAL,22.22,2,7,9,0,0,0,0,0,,False
142,card_arrival,COLLOQUIAL,10.0,1,9,10,0,0,0,0,0,,False
143,card_arrival,COLLOQUIAL,10.0,1,9,10,0,0,0,0,0,,False
144,card_arrival,MIXED,28.57,2,5,7,1,0,0,0,0,formal_verbs:anuppappatta,True
145,card_arrival,COLLOQUIAL,16.67,1,5,6,0,0,0,0,0,,False
146,card_arrival,COLLOQUIAL,28.57,2,5,7,0,0,0,0,0,,False
147,card_arrival,COLLOQUIAL,12.5,1,7,8,0,0,0,0,0,,False
148,card_arrival,COLLOQUIAL,33.33,2,4,6,0,0,0,0,0,,False
149,card_arrival,COLLOQUIAL,12.5,1,7,8,0,0,0,0,0,,False
150,card_arrival,COLLOQUIAL,9.09,1,10,11,0,0,0,0,0,,False
151,card_arrival,COLLOQUIAL,14.29,1,6,7,0,0,0,0,0,,False
152,card_arrival,COLLOQUIAL,20.0,1,4,5,0,0,0,0,0,,False
153,card_linking,COLLOQUIAL,10.0,1,9,10,0,0,0,0,0,,False
154,card_linking,MIXED,0.0,0,10,10,0,0,0,0,0,,True
155,card_linking,MIXED,0.0,0,5,5,0,0,0,0,0,,True
156,card_linking,COLLOQUIAL,9.09,1,10,11,0,0,0,0,0,,False
157,card_linking,COLLOQUIAL,12.5,1,7,8,0,0,0,0,0,,False
158,card_linking,COLLOQUIAL,11.11,1,8,9,0,0,0,0,0,,False
159,card_linking,MIXED,0.0,0,7,7,0,0,0,0,0,,True
160,card_linking,COLLOQUIAL,6.25,1,15,16,0,0,0,0,0,,False
161,card_linking,COLLOQUIAL,22.22,2,7,9,0,0,0,0,0,,False
162,card_linking,MIXED,0.0,0,5,5,0,0,0,0,0,,True
163,card_linking,COLLOQUIAL,12.5,1,7,8,0,0,0,0,0,,False
164,card_linking,COLLOQUIAL,27.27,3,8,11,0,0,0,0,0,,False
165,card_linking,COLLOQUIAL,14.29,1,6,7,0,0,0,0,0,,False
166,card_linking,MIXED,0.0,0,7,7,0,0,0,0,0,,True
167,card_linking,COLLOQUIAL,10.53,2,17,19,0,0,0,0,0,,False
168,card_linking,COLLOQUIAL,22.22,2,7,9,0,0,0,0,0,,False
169,card_linking,COLLOQUIAL,25.0,2,6,8,0,0,0,0,0,,False
170,card_linking,COLLOQUIAL,13.33,2,13,15,0,0,0,0,0,,False
171,card_linking,MIXED,0.0,0,9,9,0,0,0,0,0,,True
172,card_linking,MIXED,0.0,0,6,6,0,0,0,0,0,,True
173,card_linking,MIXED,0.0,0,14,14,0,0,0,0,0,,True
174,card_linking,COLLOQUIAL,22.22,2,7,9,0,0,0,0,0,,False
175,card_linking,MIXED,0.0,0,6,6,0,0,0,0,0,,True
176,card_linking,MIXED,0.0,0,10,10,0,0,0,0,0,,True
177,card_linking,COLLOQUIAL,12.5,1,7,8,0,0,0,0,0,,False
178,card_linking,COLLOQUIAL,16.67,1,5,6,0,0,0,0,0,,False
179,card_linking,COLLOQUIAL,16.67,1,5,6,0,0,0,0,0,,False
180,card_linking,COLLOQUIAL,5.88,1,16,17,0,0,0,0,0,,False
181,card_linking,COLLOQUIAL,22.22,2,7,9,0,0,0,0,0,,False
182,card_linking,MIXED,0.0,0,7,7,0,0,0,0,0,,True
183,card_linking,COLLOQUIAL,12.5,1,7,8,0,0,0,0,0,,False
184,card_linking,COLLOQUIAL,9.09,1,10,11,0,0,0,0,0,,False
185,card_linking,COLLOQUIAL,12.5,1,7,8,0,0,0,0,0,,False
186,card_linking,COLLOQUIAL,28.57,4,10,14,0,0,0,0,0,,False
187,card_linking,MIXED,0.0,0,6,6,0,0,0,0,0,,True
188,card_linking,MIXED,0.0,0,14,14,0,0,0,0,0,,True
189,card_linking,MIXED,0.0,0,16,16,0,0,0,0,0,,True
190,card_linking,COLLOQUIAL,10.0,1,9,10,0,0,0,0,0,,False
191,card_linking,MIXED,0.0,0,14,14,0,0,0,0,0,,True
192,card_linking,MIXED,0.0,0,15,15,0,0,0,0,0,,True
193,card_linking,MIXED,0.0,0,7,7,0,0,0,0,0,,True
194,card_linking,COLLOQUIAL,22.22,2,7,9,0,0,0,0,0,,False
195,card_linking,COLLOQUIAL,20.0,2,8,10,0,0,0,0,0,,False
196,card_linking,COLLOQUIAL,8.33,1,11,12,0,0,0,0,0,,False
197,card_linking,COLLOQUIAL,11.11,1,8,9,0,0,0,0,0,,False
198,card_linking,MIXED,0.0,0,5,5,0,0,0,0,0,,True
199,card_linking,MIXED,0.0,0,12,12,0,0,0,0,0,,True
200,card_linking,MIXED,0.0,0,7,7,0,0,0,0,0,,True
201,card_linking,COLLOQUIAL,22.22,2,7,9,0,0,0,0,0,,False
202,card_linking,MIXED,0.0,0,12,12,0,0,0,0,0,,True
203,card_linking,COLLOQUIAL,20.0,1,4,5,0,0,0,0,0,,False
204,card_linking,COLLOQUIAL,20.0,1,4,5,0,0,0,0,0,,False
205,card_linking,COLLOQUIAL,16.67,2,10,12,0,0,0,0,0,,False
206,card_linking,COLLOQUIAL,20.0,1,4,5,0,0,0,0,0,,False
207,card_linking,COLLOQUIAL,22.22,2,7,9,0,0,0,0,0,,False
208,card_linking,COLLOQUIAL,11.11,1,8,9,0,0,0,0,0,,False
209,card_linking,COLLOQUIAL,10.0,1,9,10,0,0,0,0,0,,False
210,card_linking,MIXED,0.0,0,11,11,0,0,0,0,0,,True
211,card_linking,COLLOQUIAL,11.11,1,8,9,0,0,0,0,0,,False
212,card_linking,MIXED,0.0,0,6,6,0,0,0,0,0,,True
213,card_linking,COLLOQUIAL,22.22,2,7,9,0,0,0,0,0,,False
214,card_linking,COLLOQUIAL,33.33,2,4,6,0,0,0,0,0,,False
215,card_linking,MIXED,0.0,0,9,9,0,0,0,0,0,,True
216,card_linking,COLLOQUIAL,10.53,2,17,19,0,0,0,0,0,,False
217,card_linking,COLLOQUIAL,20.0,1,4,5,0,0,0,0,0,,False
218,card_linking,MIXED,0.0,0,5,5,0,0,0,0,0,,True
219,card_linking,MIXED,0.0,0,12,12,0,0,0,0,0,,True
220,card_linking,COLLOQUIAL,12.5,1,7,8,0,0,0,0,0,,False
221,card_linking,MIXED,0.0,0,5,5,0,0,0,0,0,,True
222,card_linking,MIXED,0.0,0,6,6,0,0,0,0,0,,True
223,card_linking,MIXED,0.0,0,7,7,0,0,0,0,0,,True
224,card_linking,COLLOQUIAL,16.67,1,5,6,0,0,0,0,0,,False
225,card_linking,COLLOQUIAL,20.0,1,4,5,0,0,0,0,0,,False
226,card_linking,COLLOQUIAL,14.29,1,6,7,0,0,0,0,0,,False
227,card_linking,COLLOQUIAL,14.29,1,6,7,0,0,0,0,0,,False
228,card_linking,COLLOQUIAL,23.08,3,10,13,0,0,0,0,0,,False
229,card_linking,COLLOQUIAL,16.67,1,5,6,0,0,0,0,0,,False
230,card_linking,COLLOQUIAL,20.0,2,8,10,0,0,0,0,0,,False
231,card_linking,COLLOQUIAL,25.0,2,6,8,0,0,0,0,0,,False
232,card_linking,MIXED,0.0,0,7,7,0,0,0,0,0,,True
233,card_linking,MIXED,0.0,0,5,5,0,0,0,0,0,,True
234,card_linking,MIXED,0.0,0,14,14,0,0,0,0,0,,True
235,card_linking,COLLOQUIAL,14.29,1,6,7,0,0,0,0,0,,False
236,card_linking,MIXED,0.0,0,14,14,0,0,0,0,0,,True
237,card_linking,MIXED,0.0,0,14,14,0,0,0,0,0,,True
238,card_linking,COLLOQUIAL,20.0,2,8,10,0,0,0,0,0,,False
239,card_linking,MIXED,0.0,0,7,7,0,0,0,0,0,,True
240,card_linking,MIXED,0.0,0,7,7,0,0,0,0,0,,True
241,card_linking,MIXED,0.0,0,9,9,0,0,0,0,0,,True
242,card_linking,COLLOQUIAL,13.33,2,13,15,0,0,0,0,0,,False
243,card_linking,COLLOQUIAL,12.5,2,14,16,0,0,0,0,0,,False
244,card_linking,COLLOQUIAL,18.18,2,9,11,0,0,0,0,0,,False
245,card_linking,COLLOQUIAL,9.09,1,10,11,0,0,0,0,0,,False
246,card_linking,COLLOQUIAL,14.29,1,6,7,0,0,0,0,0,,False
247,card_linking,COLLOQUIAL,33.33,2,4,6,0,0,0,0,0,,False
248,card_linking,COLLOQUIAL,7.69,1,12,13,0,0,0,0,0,,False
249,card_linking,COLLOQUIAL,16.67,1,5,6,0,0,0,0,0,,False
250,card_linking,COLLOQUIAL,14.29,1,6,7,0,0,0,0,0,,False
251,card_linking,COLLOQUIAL,12.5,1,7,8,0,0,0,0,0,,False
252,card_linking,COLLOQUIAL,20.0,1,4,5,0,0,0,0,0,,False
253,card_linking,MIXED,0.0,0,12,12,0,0,0,0,0,,True
254,card_linking,COLLOQUIAL,20.0,2,8,10,0,0,0,0,0,,False
255,card_linking,COLLOQUIAL,20.0,2,8,10,0,0,0,0,0,,False
256,card_linking,COLLOQUIAL,11.11,1,8,9,0,0,0,0,0,,False
257,card_linking,COLLOQUIAL,20.0,2,8,10,0,0,0,0,0,,False
258,card_linking,COLLOQUIAL,11.11,1,8,9,0,0,0,0,0,,False
259,card_linking,COLLOQUIAL,10.0,1,9,10,0,0,0,0,0,,False
260,card_linking,COLLOQUIAL,25.0,2,6,8,0,0,0,0,0,,False
261,card_linking,COLLOQUIAL,33.33,2,4,6,0,0,0,0,0,,False
262,card_linking,COLLOQUIAL,16.67,1,5,6,0,0,0,0,0,,False
263,card_linking,MIXED,0.0,0,6,6,0,0,0,0,0,,True
264,card_linking,COLLOQUIAL,22.22,2,7,9,0,0,0,0,0,,False
265,card_linking,MIXED,0.0,0,6,6,0,0,0,0,0,,True
266,card_linking,COLLOQUIAL,14.29,1,6,7,0,0,0,0,0,,False
267,card_linking,COLLOQUIAL,7.69,1,12,13,0,0,0,0,0,,False
268,card_linking,COLLOQUIAL,10.0,1,9,10,0,0,0,0,0,,False
269,card_linking,MIXED,0.0,0,5,5,0,0,0,0,0,,True
270,card_linking,MIXED,0.0,0,8,8,0,0,0,0,0,,True
271,card_linking,MIXED,0.0,0,11,11,0,0,0,0,0,,True
272,card_linking,MIXED,0.0,0,6,6,0,0,0,0,0,,True
273,card_linking,COLLOQUIAL,20.0,1,4,5,0,0,0,0,0,,False
274,card_linking,COLLOQUIAL,16.67,1,5,6,0,0,0,0,0,,False
275,card_linking,COLLOQUIAL,12.5,1,7,8,0,0,0,0,0,,False
276,card_linking,COLLOQUIAL,16.67,1,5,6,0,0,0,0,0,,False
277,card_linking,COLLOQUIAL,25.0,2,6,8,0,0,0,0,0,,False
278,card_linking,COLLOQUIAL,11.11,1,8,9,0,0,0,0,0,,False
279,card_linking,COLLOQUIAL,12.5,1,7,8,0,0,0,0,0,,False
280,card_linking,COLLOQUIAL,25.0,2,6,8,0,0,0,0,0,,False
281,card_linking,COLLOQUIAL,21.43,3,11,14,0,0,0,0,0,,False
282,card_linking,COLLOQUIAL,25.0,2,6,8,0,0,0,0,0,,False
283,card_linking,COLLOQUIAL,16.67,1,5,6,0,0,0,0,0,,False
284,card_linking,COLLOQUIAL,22.22,4,14,18,0,0,0,0,0,,False
285,card_linking,COLLOQUIAL,33.33,2,4,6,0,0,0,0,0,,False
286,card_linking,COLLOQUIAL,36.36,4,7,11,0,0,0,0,0,,False
287,card_linking,COLLOQUIAL,12.5,1,7,8,0,0,0,0,0,,False
288,card_linking,COLLOQUIAL,22.22,2,7,9,0,0,0,0,0,,False
289,card_linking,COLLOQUIAL,10.0,1,9,10,0,0,0,0,0,,False
290,card_linking,COLLOQUIAL,18.18,2,9,11,0,0,0,0,0,,False
291,card_linking,COLLOQUIAL,14.29,2,12,14,0,0,0,0,0,,False
292,exchange_rate,MIXED,0.0,0,6,6,0,0,0,0,0,,True
293,exchange_rate,MIXED,0.0,0,9,9,0,0,0,0,0,,True
294,exchange_rate,COLLOQUIAL,50.0,2,2,4,0,0,0,0,0,,False
295,exchange_rate,COLLOQUIAL,22.22,2,7,9,0,0,0,0,0,,False
296,exchange_rate,COLLOQUIAL,50.0,2,2,4,0,0,0,0,0,,False
297,exchange_rate,COLLOQUIAL,50.0,2,2,4,0,0,0,0,0,,False
298,exchange_rate,COLLOQUIAL,27.27,3,8,11,0,0,0,0,0,,False
299,exchange_rate,COLLOQUIAL,33.33,3,6,9,0,0,0,0,0,,False
300,exchange_rate,COLLOQUIAL,20.0,2,8,10,0,0,0,0,0,,False
301,exchange_rate,COLLOQUIAL,28.57,2,5,7,0,0,0,0,0,,False
302,exchange_rate,COLLOQUIAL,22.22,2,7,9,0,0,0,0,0,,False
303,exchange_rate,COLLOQUIAL,50.0,2,2,4,0,0,0,0,0,,False
304,exchange_rate,COLLOQUIAL,40.0,2,3,5,0,0,0,0,0,,False
305,exchange_rate,COLLOQUIAL,16.67,1,5,6,0,0,0,0,0,,False
306,exchange_rate,COLLOQUIAL,33.33,2,4,6,0,0,0,0,0,,False
307,exchange_rate,COLLOQUIAL,28.57,2,5,7,0,0,0,0,0,,False
308,exchange_rate,COLLOQUIAL,50.0,2,2,4,0,0,0,0,0,,False
309,exchange_rate,COLLOQUIAL,33.33,2,4,6,0,0,0,0,0,,False
310,exchange_rate,COLLOQUIAL,37.5,3,5,8,0,0,0,0,0,,False
311,exchange_rate,COLLOQUIAL,22.22,2,7,9,0,0,0,0,0,,False
312,exchange_rate,COLLOQUIAL,50.0,3,3,6,0,0,0,0,0,,False
313,exchange_rate,COLLOQUIAL,33.33,3,6,9,0,0,0,0,0,,False
314,exchange_rate,COLLOQUIAL,40.0,2,3,5,0,0,0,0,0,,False
315,exchange_rate,COLLOQUIAL,40.0,2,3,5,0,0,0,0,0,,False
316,exchange_rate,COLLOQUIAL,20.0,1,4,5,0,0,0,0,0,,False
317,exchange_rate,COLLOQUIAL,50.0,2,2,4,0,0,0,0,0,,False
318,exchange_rate,COLLOQUIAL,14.29,1,6,7,0,0,0,0,0,,False
319,exchange_rate,COLLOQUIAL,33.33,4,2,6,0,0,0,0,0,,False
320,exchange_rate,COLLOQUIAL,14.29,1,6,7,0,0,0,0,0,,False
321,exchange_rate,COLLOQUIAL,40.0,2,3,5,0,0,0,0,0,,False
322,exchange_rate,COLLOQUIAL,18.18,2,9,11,0,0,0,0,0,,False
323,exchange_rate,COLLOQUIAL,25.0,2,6,8,0,0,0,0,0,,False
324,exchange_rate,COLLOQUIAL,40.0,2,3,5,0,0,0,0,0,,False
325,exchange_rate,COLLOQUIAL,20.0,1,4,5,0,0,0,0,0,,False
326,exchange_rate,COLLOQUIAL,28.57,2,5,7,0,0,0,0,0,,False
327,exchange_rate,COLLOQUIAL,40.0,2,3,5,0,0,0,0,0,,False
328,exchange_rate,COLLOQUIAL,40.0,2,3,5,0,0,0,0,0,,False
329,exchange_rate,COLLOQUIAL,16.67,1,5,6,0,0,0,0,0,,False
330,exchange_rate,COLLOQUIAL,25.0,2,6,8,0,0,0,0,0,,False
331,exchange_rate,COLLOQUIAL,14.29,1,6,7,0,0,0,0,0,,False
332,exchange_rate,COLLOQUIAL,16.67,1,5,6,0,0,0,0,0,,False
333,exchange_rate,COLLOQUIAL,20.0,1,4,5,0,0,0,0,0,,False
334,exchange_rate,COLLOQUIAL,50.0,2,2,4,0,0,0,0,0,,False
335,exchange_rate,MIXED,0.0,0,6,6,0,0,0,0,0,,True
336,exchange_rate,COLLOQUIAL,25.0,2,6,8,0,0,0,0,0,,False
337,exchange_rate,COLLOQUIAL,33.33,2,4,6,0,0,0,0,0,,False
338,exchange_rate,COLLOQUIAL,33.33,1,2,3,0,0,0,0,0,,False
339,exchange_rate,COLLOQUIAL,33.33,2,4,6,0,0,0,0,0,,False
340,exchange_rate,COLLOQUIAL,33.33,2,4,6,0,0,0,0,0,,False
341,exchange_rate,COLLOQUIAL,20.0,1,4,5,0,0,0,0,0,,False
342,exchange_rate,COLLOQUIAL,33.33,2,4,6,0,0,0,0,0,,False
343,exchange_rate,COLLOQUIAL,33.33,2,4,6,0,0,0,0,0,,False
344,exchange_rate,COLLOQUIAL,50.0,2,2,4,0,0,0,0,0,,False
345,exchange_rate,COLLOQUIAL,50.0,2,2,4,0,0,0,0,0,,False
346,exchange_rate,COLLOQUIAL,16.67,1,5,6,0,0,0,0,0,,False
347,exchange_rate,COLLOQUIAL,12.5,1,7,8,0,0,0,0,0,,False
348,exchange_rate,COLLOQUIAL,50.0,2,2,4,0,0,0,0,0,,False
349,exchange_rate,COLLOQUIAL,40.0,3,2,5,0,0,0,0,0,,False
350,exchange_rate,COLLOQUIAL,20.0,1,4,5,0,0,0,0,0,,False
351,exchange_rate,COLLOQUIAL,40.0,3,2,5,0,0,0,0,0,,False
352,exchange_rate,COLLOQUIAL,40.0,2,3,5,0,0,0,0,0,,False
353,exchange_rate,COLLOQUIAL,16.67,1,5,6,0,0,0,0,0,,False
354,exchange_rate,COLLOQUIAL,42.86,3,4,7,0,0,0,0,0,,False
355,exchange_rate,COLLOQUIAL,20.0,1,4,5,0,0,0,0,0,,False
356,exchange_rate,COLLOQUIAL,40.0,2,3,5,0,0,0,0,0,,False
357,exchange_rate,COLLOQUIAL,20.0,1,4,5,0,0,0,0,0,,False
358,exchange_rate,COLLOQUIAL,33.33,2,4,6,0,0,0,0,0,,False
359,exchange_rate,COLLOQUIAL,28.57,2,5,7,0,0,0,0,0,,False
360,exchange_rate,COLLOQUIAL,16.67,1,5,6,0,0,0,0,0,,False
361,exchange_rate,COLLOQUIAL,33.33,2,4,6,0,0,0,0,0,,False
362,exchange_rate,COLLOQUIAL,37.5,3,5,8,0,0,0,0,0,,False
363,exchange_rate,COLLOQUIAL,33.33,2,1,3,0,0,0,0,0,,False
364,exchange_rate,COLLOQUIAL,33.33,2,4,6,0,0,0,0,0,,False
365,exchange_rate,COLLOQUIAL,25.0,2,6,8,0,0,0,0,0,,False
366,exchange_rate,COLLOQUIAL,30.0,3,7,10,0,0,0,0,0,,False
367,exchange_rate,COLLOQUIAL,22.22,2,7,9,0,0,0,0,0,,False
368,exchange_rate,COLLOQUIAL,25.0,1,3,4,0,0,0,0,0,,False
369,exchange_rate,COLLOQUIAL,25.0,2,6,8,0,0,0,0,0,,False
370,exchange_rate,COLLOQUIAL,28.57,2,5,7,0,0,0,0,0,,False
371,exchange_rate,COLLOQUIAL,25.0,2,6,8,0,0,0,0,0,,False
372,exchange_rate,COLLOQUIAL,40.0,2,3,5,0,0,0,0,0,,False
373,exchange_rate,COLLOQUIAL,25.0,2,6,8,0,0,0,0,0,,False
374,exchange_rate,COLLOQUIAL,50.0,2,2,4,0,0,0,0,0,,False
375,exchange_rate,COLLOQUIAL,33.33,2,1,3,0,0,0,0,0,,False
376,exchange_rate,COLLOQUIAL,33.33,2,1,3,0,0,0,0,0,,False
377,exchange_rate,COLLOQUIAL,22.22,2,7,9,0,0,0,0,0,,False
378,exchange_rate,COLLOQUIAL,40.0,2,3,5,0,0,0,0,0,,False
379,exchange_rate,COLLOQUIAL,23.08,3,10,13,0,0,0,0,0,,False
380,exchange_rate,COLLOQUIAL,28.57,2,5,7,0,0,0,0,0,,False
381,exchange_rate,COLLOQUIAL,7.69,1,12,13,0,0,0,0,0,,False
382,exchange_rate,COLLOQUIAL,40.0,2,3,5,0,0,0,0,0,,False
383,exchange_rate,COLLOQUIAL,22.22,2,7,9,0,0,0,0,0,,False
384,exchange_rate,COLLOQUIAL,28.57,2,5,7,0,0,0,0,0,,False
385,exchange_rate,COLLOQUIAL,28.57,2,5,7,0,0,0,0,0,,False
386,exchange_rate,COLLOQUIAL,25.0,2,6,8,0,0,0,0,0,,False
387,exchange_rate,COLLOQUIAL,30.0,3,7,10,0,0,0,0,0,,False
388,exchange_rate,COLLOQUIAL,33.33,2,4,6,0,0,0,0,0,,False
389,exchange_rate,COLLOQUIAL,40.0,2,3,5,0,0,0,0,0,,False
390,exchange_rate,COLLOQUIAL,42.86,3,4,7,0,0,0,0,0,,False
391,exchange_rate,COLLOQUIAL,20.0,2,8,10,0,0,0,0,0,,False
392,exchange_rate,COLLOQUIAL,30.0,3,7,10,0,0,0,0,0,,False
393,exchange_rate,COLLOQUIAL,28.57,2,5,7,0,0,0,0,0,,False
394,exchange_rate,COLLOQUIAL,16.67,2,10,12,0,0,0,0,0,,False
395,exchange_rate,COLLOQUIAL,50.0,4,4,8,0,0,0,0,0,,False
396,exchange_rate,COLLOQUIAL,28.57,2,5,7,0,0,0,0,0,,False
397,exchange_rate,COLLOQUIAL,28.57,2,5,7,0,0,0,0,0,,False
398,exchange_rate,COLLOQUIAL,50.0,2,2,4,0,0,0,0,0,,False
399,exchange_rate,COLLOQUIAL,33.33,2,4,6,0,0,0,0,0,,False
400,exchange_rate,COLLOQUIAL,40.0,2,3,5,0,0,0,0,0,,False
401,exchange_rate,COLLOQUIAL,14.29,1,6,7,0,0,0,0,0,,False
402,exchange_rate,COLLOQUIAL,20.0,1,4,5,0,0,0,0,0,,False
403,exchange_rate,COLLOQUIAL,50.0,3,3,6,0,0,0,0,0,,False
404,card_payment_wrong_exchange_rate,COLLOQUIAL,33.33,4,8,12,0,0,0,0,0,,False
405,card_payment_wrong_exchange_rate,COLLOQUIAL,25.0,5,15,20,0,0,0,0,0,,False
406,card_payment_wrong_exchange_rate,COLLOQUIAL,28.57,2,5,7,0,0,0,0,0,,False
407,card_payment_wrong_exchange_rate,COLLOQUIAL,33.33,3,6,9,0,0,0,0,0,,False
408,card_payment_wrong_exchange_rate,COLLOQUIAL,16.67,2,10,12,0,0,0,0,0,,False
409,card_payment_wrong_exchange_rate,COLLOQUIAL,20.0,3,12,15,0,0,0,0,0,,False
410,card_payment_wrong_exchange_rate,COLLOQUIAL,33.33,2,4,6,0,0,0,0,0,,False
411,card_payment_wrong_exchange_rate,COLLOQUIAL,42.86,3,4,7,0,0,0,0,0,,False
412,card_payment_wrong_exchange_rate,COLLOQUIAL,26.67,4,11,15,0,0,0,0,0,,False
413,card_payment_wrong_exchange_rate,COLLOQUIAL,12.5,1,7,8,0,0,0,0,0,,False
414,card_payment_wrong_exchange_rate,COLLOQUIAL,33.33,2,4,6,0,0,0,0,0,,False
415,card_payment_wrong_exchange_rate,COLLOQUIAL,14.29,2,12,14,0,0,0,0,0,,False
416,card_payment_wrong_exchange_rate,COLLOQUIAL,25.0,2,6,8,0,0,0,0,0,,False
417,card_payment_wrong_exchange_rate,COLLOQUIAL,28.57,2,5,7,0,0,0,0,0,,False
418,card_payment_wrong_exchange_rate,COLLOQUIAL,33.33,2,4,6,0,0,0,0,0,,False
419,card_payment_wrong_exchange_rate,COLLOQUIAL,17.86,5,23,28,0,0,0,0,0,,False
420,card_payment_wrong_exchange_rate,COLLOQUIAL,28.57,6,15,21,0,0,0,0,0,,False
421,card_payment_wrong_exchange_rate,COLLOQUIAL,20.0,2,8,10,0,0,0,0,0,,False
422,card_payment_wrong_exchange_rate,COLLOQUIAL,14.29,1,6,7,0,0,0,0,0,,False
423,card_payment_wrong_exchange_rate,COLLOQUIAL,42.86,3,4,7,0,0,0,0,0,,False
424,card_payment_wrong_exchange_rate,COLLOQUIAL,40.0,2,3,5,0,0,0,0,0,,False
425,card_payment_wrong_exchange_rate,COLLOQUIAL,22.22,2,7,9,0,0,0,0,0,,False
426,card_payment_wrong_exchange_rate,COLLOQUIAL,25.0,2,6,8,0,0,0,0,0,,False
427,card_payment_wrong_exchange_rate,COLLOQUIAL,41.67,5,7,12,0,0,0,0,0,,False
428,card_payment_wrong_exchange_rate,COLLOQUIAL,25.0,2,6,8,0,0,0,0,0,,False
429,card_payment_wrong_exchange_rate,COLLOQUIAL,18.18,2,9,11,0,0,0,0,0,,False
430,card_payment_wrong_exchange_rate,COLLOQUIAL,33.33,2,4,6,0,0,0,0,0,,False
431,card_payment_wrong_exchange_rate,COLLOQUIAL,28.57,2,5,7,0,0,0,0,0,,False
432,card_payment_wrong_exchange_rate,COLLOQUIAL,7.69,1,12,13,0,0,0,0,0,,False
433,card_payment_wrong_exchange_rate,COLLOQUIAL,20.0,2,8,10,0,0,0,0,0,,False
434,card_payment_wrong_exchange_rate,COLLOQUIAL,22.22,2,7,9,0,0,0,0,0,,False
435,card_payment_wrong_exchange_rate,COLLOQUIAL,42.86,3,4,7,0,0,0,0,0,,False
436,card_payment_wrong_exchange_rate,COLLOQUIAL,50.0,4,4,8,0,0,0,0,0,,False
437,card_payment_wrong_exchange_rate,COLLOQUIAL,28.57,2,5,7,0,0,0,0,0,,False
438,card_payment_wrong_exchange_rate,COLLOQUIAL,20.0,2,8,10,0,0,0,0,0,,False
439,card_payment_wrong_exchange_rate,COLLOQUIAL,14.29,1,6,7,0,0,0,0,0,,False
440,card_payment_wrong_exchange_rate,COLLOQUIAL,33.33,2,4,6,0,0,0,0,0,,False
441,card_payment_wrong_exchange_rate,COLLOQUIAL,15.0,3,17,20,0,0,0,0,0,,False
442,card_payment_wrong_exchange_rate,COLLOQUIAL,28.57,4,10,14,0,0,0,0,0,,False
443,card_payment_wrong_exchange_rate,COLLOQUIAL,28.57,2,5,7,0,0,0,0,0,,False
444,card_payment_wrong_exchange_rate,COLLOQUIAL,28.57,2,5,7,0,0,0,0,0,,False
445,card_payment_wrong_exchange_rate,COLLOQUIAL,33.33,2,4,6,0,0,0,0,0,,False
446,card_payment_wrong_exchange_rate,COLLOQUIAL,18.18,2,9,11,0,0,0,0,0,,False
447,card_payment_wrong_exchange_rate,COLLOQUIAL,16.67,2,10,12,0,0,0,0,0,,False
448,card_payment_wrong_exchange_rate,COLLOQUIAL,11.11,1,8,9,0,0,0,0,0,,False
449,card_payment_wrong_exchange_rate,COLLOQUIAL,22.22,2,7,9,0,0,0,0,0,,False
450,card_payment_wrong_exchange_rate,COLLOQUIAL,31.25,5,11,16,0,0,0,0,0,,False
451,card_payment_wrong_exchange_rate,COLLOQUIAL,23.08,3,10,13,0,0,0,0,0,,False
452,card_payment_wrong_exchange_rate,COLLOQUIAL,50.0,4,4,8,0,0,0,0,0,,False
453,card_payment_wrong_exchange_rate,COLLOQUIAL,22.22,2,7,9,0,0,0,0,0,,False
454,card_payment_wrong_exchange_rate,COLLOQUIAL,28.57,4,10,14,0,0,0,0,0,,False
455,card_payment_wrong_exchange_rate,COLLOQUIAL,14.29,2,12,14,0,0,0,0,0,,False
456,card_payment_wrong_exchange_rate,COLLOQUIAL,14.29,2,12,14,0,0,0,0,0,,False
457,card_payment_wrong_exchange_rate,COLLOQUIAL,40.0,2,3,5,0,0,0,0,0,,False
458,card_payment_wrong_exchange_rate,COLLOQUIAL,37.5,3,5,8,0,0,0,0,0,,False
459,card_payment_wrong_exchange_rate,COLLOQUIAL,16.67,2,10,12,0,0,0,0,0,,False
460,card_payment_wrong_exchange_rate,COLLOQUIAL,28.57,4,10,14,0,0,0,0,0,,False
461,card_payment_wrong_exchange_rate,COLLOQUIAL,37.5,3,5,8,0,0,0,0,0,,False
462,card_payment_wrong_exchange_rate,COLLOQUIAL,8.33,1,11,12,0,0,0,0,0,,False
463,card_payment_wrong_exchange_rate,COLLOQUIAL,33.33,3,6,9,0,0,0,0,0,,False
464,card_payment_wrong_exchange_rate,COLLOQUIAL,28.57,4,10,14,0,0,0,0,0,,False
465,card_payment_wrong_exchange_rate,COLLOQUIAL,37.5,3,5,8,0,0,0,0,0,,False
466,card_payment_wrong_exchange_rate,COLLOQUIAL,28.57,2,5,7,0,0,0,0,0,,False
467,card_payment_wrong_exchange_rate,COLLOQUIAL,14.29,2,12,14,0,0,0,0,0,,False
468,card_payment_wrong_exchange_rate,COLLOQUIAL,16.67,2,10,12,0,0,0,0,0,,False
469,card_payment_wrong_exchange_rate,COLLOQUIAL,25.0,2,6,8,0,0,0,0,0,,False
470,card_payment_wrong_exchange_rate,COLLOQUIAL,22.22,2,7,9,0,0,0,0,0,,False
471,card_payment_wrong_exchange_rate,COLLOQUIAL,33.33,3,6,9,0,0,0,0,0,,False
472,card_payment_wrong_exchange_rate,COLLOQUIAL,50.0,2,2,4,0,0,0,0,0,,False
473,card_payment_wrong_exchange_rate,COLLOQUIAL,22.22,2,7,9,0,0,0,0,0,,False
474,card_payment_wrong_exchange_rate,COLLOQUIAL,20.0,2,8,10,0,0,0,0,0,,False
475,card_payment_wrong_exchange_rate,COLLOQUIAL,28.57,2,5,7,0,0,0,0,0,,False
476,card_payment_wrong_exchange_rate,COLLOQUIAL,25.0,4,12,16,0,0,0,0,0,,False
477,card_payment_wrong_exchange_rate,COLLOQUIAL,5.88,1,16,17,0,0,0,0,0,,False
478,card_payment_wrong_exchange_rate,COLLOQUIAL,18.18,2,9,11,0,0,0,0,0,,False
479,card_payment_wrong_exchange_rate,COLLOQUIAL,37.5,3,5,8,0,0,0,0,0,,False
480,card_payment_wrong_exchange_rate,COLLOQUIAL,42.86,3,4,7,0,0,0,0,0,,False
481,card_payment_wrong_exchange_rate,COLLOQUIAL,27.27,3,8,11,0,0,0,0,0,,False
482,card_payment_wrong_exchange_rate,COLLOQUIAL,27.27,3,8,11,0,0,0,0,0,,False
483,card_payment_wrong_exchange_rate,MIXED,0.0,0,7,7,0,0,0,0,0,,True
484,card_payment_wrong_exchange_rate,COLLOQUIAL,11.11,2,16,18,0,0,0,0,0,,False
485,card_payment_wrong_exchange_rate,COLLOQUIAL,22.22,2,7,9,0,0,0,0,0,,False
486,card_payment_wrong_exchange_rate,MIXED,0.0,0,12,12,0,0,0,0,0,,True
487,card_payment_wrong_exchange_rate,COLLOQUIAL,16.67,3,15,18,0,0,0,0,0,,False
488,card_payment_wrong_exchange_rate,COLLOQUIAL,17.39,4,19,23,0,0,0,0,0,,False
489,card_payment_wrong_exchange_rate,COLLOQUIAL,20.0,2,8,10,0,0,0,0,0,,False
490,card_payment_wrong_exchange_rate,MIXED,0.0,0,9,9,0,0,0,0,0,,True
491,card_payment_wrong_exchange_rate,MIXED,0.0,0,7,7,0,0,0,0,0,,True
492,card_payment_wrong_exchange_rate,COLLOQUIAL,5.0,1,19,20,0,0,0,0,0,,False
493,card_payment_wrong_exchange_rate,COLLOQUIAL,12.5,3,21,24,0,0,0,0,0,,False
494,card_payment_wrong_exchange_rate,MIXED,0.0,0,9,9,0,0,0,0,0,,True
495,card_payment_wrong_exchange_rate,MIXED,0.0,0,10,10,0,0,0,0,0,,True
496,card_payment_wrong_exchange_rate,MIXED,0.0,0,10,10,0,0,0,0,0,,True
497,card_payment_wrong_exchange_rate,MIXED,0.0,0,8,8,0,0,0,0,0,,True
498,card_payment_wrong_exchange_rate,COLLOQUIAL,14.29,1,6,7,0,0,0,0,0,,False
499,card_payment_wrong_exchange_rate,COLLOQUIAL,20.0,4,16,20,0,0,0,0,0,,False
500,card_payment_wrong_exchange_rate,MIXED,0.0,0,8,8,0,0,0,0,0,,True
501,card_payment_wrong_exchange_rate,MIXED,0.0,0,14,14,0,0,0,0,0,,True
502,card_payment_wrong_exchange_rate,COLLOQUIAL,13.33,2,13,15,0,0,0,0,0,,False
503,card_payment_wrong_exchange_rate,COLLOQUIAL,36.36,4,7,11,0,0,0,0,0,,False
504,card_payment_wrong_exchange_rate,MIXED,0.0,0,8,8,0,0,0,0,0,,True
505,card_payment_wrong_exchange_rate,MIXED,0.0,0,9,9,0,0,0,0,0,,True
506,card_payment_wrong_exchange_rate,MIXED,0.0,0,9,9,0,0,0,0,0,,True
507,card_payment_wrong_exchange_rate,MIXED,0.0,0,8,8,0,0,0,0,0,,True
508,card_payment_wrong_exchange_rate,COLLOQUIAL,7.69,1,12,13,0,0,0,0,0,,False
509,card_payment_wrong_exchange_rate,MIXED,0.0,0,9,9,0,0,0,0,0,,True
510,card_payment_wrong_exchange_rate,MIXED,0.0,0,6,6,0,0,0,0,0,,True
511,card_payment_wrong_exchange_rate,MIXED,0.0,0,11,11,0,0,0,0,0,,True
512,card_payment_wrong_exchange_rate,MIXED,0.0,0,15,15,0,0,0,0,0,,True
513,card_payment_wrong_exchange_rate,MIXED,0.0,0,6,6,0,0,0,0,0,,True
514,card_payment_wrong_exchange_rate,COLLOQUIAL,7.14,1,13,14,0,0,0,0,0,,False
515,card_payment_wrong_exchange_rate,COLLOQUIAL,7.14,1,13,14,0,0,0,0,0,,False
516,card_payment_wrong_exchange_rate,MIXED,0.0,0,14,14,0,0,0,0,0,,True
517,card_payment_wrong_exchange_rate,MIXED,0.0,0,14,14,0,0,0,0,0,,True
518,card_payment_wrong_exchange_rate,COLLOQUIAL,8.33,1,11,12,0,0,0,0,0,,False
519,card_payment_wrong_exchange_rate,MIXED,0.0,0,7,7,0,0,0,0,0,,True
520,card_payment_wrong_exchange_rate,COLLOQUIAL,12.5,1,7,8,0,0,0,0,0,,False
521,card_payment_wrong_exchange_rate,MIXED,0.0,0,10,10,0,0,0,0,0,,True
522,card_payment_wrong_exchange_rate,MIXED,0.0,0,6,6,0,0,0,0,0,,True
523,card_payment_wrong_exchange_rate,COLLOQUIAL,13.33,2,13,15,0,0,0,0,0,,False
524,card_payment_wrong_exchange_rate,COLLOQUIAL,33.33,4,8,12,0,0,0,0,0,,False
525,card_payment_wrong_exchange_rate,COLLOQUIAL,35.71,5,9,14,0,0,0,0,0,,False
526,card_payment_wrong_exchange_rate,COLLOQUIAL,37.5,3,5,8,0,0,0,0,0,,False
527,card_payment_wrong_exchange_rate,COLLOQUIAL,40.0,3,2,5,0,0,0,0,0,,False
528,card_payment_wrong_exchange_rate,COLLOQUIAL,40.0,4,6,10,0,0,0,0,0,,False
529,card_payment_wrong_exchange_rate,COLLOQUIAL,28.57,2,5,7,0,0,0,0,0,,False
530,card_payment_wrong_exchange_rate,COLLOQUIAL,22.22,2,7,9,0,0,0,0,0,,False
531,card_payment_wrong_exchange_rate,COLLOQUIAL,44.44,4,5,9,0,0,0,0,0,,False
532,card_payment_wrong_exchange_rate,COLLOQUIAL,27.27,3,8,11,0,0,0,0,0,,False
533,card_payment_wrong_exchange_rate,COLLOQUIAL,37.5,3,5,8,0,0,0,0,0,,False
534,card_payment_wrong_exchange_rate,COLLOQUIAL,18.18,2,9,11,0,0,0,0,0,,False
535,card_payment_wrong_exchange_rate,COLLOQUIAL,27.78,5,13,18,0,0,0,0,0,,False
536,card_payment_wrong_exchange_rate,COLLOQUIAL,31.58,6,13,19,0,0,0,0,0,,False
537,card_payment_wrong_exchange_rate,COLLOQUIAL,22.22,2,7,9,0,0,0,0,0,,False
538,card_payment_wrong_exchange_rate,COLLOQUIAL,15.38,2,11,13,0,0,0,0,0,,False
539,card_payment_wrong_exchange_rate,COLLOQUIAL,30.0,3,7,10,0,0,0,0,0,,False
540,card_payment_wrong_exchange_rate,COLLOQUIAL,30.0,3,7,10,0,0,0,0,0,,False
541,card_payment_wrong_exchange_rate,COLLOQUIAL,50.0,4,4,8,0,0,0,0,0,,False
542,card_payment_wrong_exchange_rate,COLLOQUIAL,22.22,2,7,9,0,0,0,0,0,,False
543,card_payment_wrong_exchange_rate,COLLOQUIAL,22.22,2,7,9,0,0,0,0,0,,False
544,card_payment_wrong_exchange_rate,COLLOQUIAL,37.5,3,5,8,0,0,0,0,0,,False
545,card_payment_wrong_exchange_rate,COLLOQUIAL,28.57,2,5,7,0,0,0,0,0,,False
546,card_payment_wrong_exchange_rate,COLLOQUIAL,18.18,2,9,11,0,0,0,0,0,,False
547,card_payment_wrong_exchange_rate,COLLOQUIAL,28.57,2,5,7,0,0,0,0,0,,False
548,card_payment_wrong_exchange_rate,COLLOQUIAL,42.86,3,4,7,0,0,0,0,0,,False
549,card_payment_wrong_exchange_rate,COLLOQUIAL,37.5,3,5,8,0,0,0,0,0,,False
550,card_payment_wrong_exchange_rate,COLLOQUIAL,30.0,3,7,10,0,0,0,0,0,,False
551,card_payment_wrong_exchange_rate,COLLOQUIAL,20.0,2,8,10,0,0,0,0,0,,False
552,card_payment_wrong_exchange_rate,COLLOQUIAL,30.77,4,9,13,0,0,0,0,0,,False
553,card_payment_wrong_exchange_rate,COLLOQUIAL,40.0,2,3,5,0,0,0,0,0,,False
554,card_payment_wrong_exchange_rate,COLLOQUIAL,26.32,5,14,19,0,0,0,0,0,,False
555,card_payment_wrong_exchange_rate,COLLOQUIAL,22.22,2,7,9,0,0,0,0,0,,False
556,card_payment_wrong_exchange_rate,COLLOQUIAL,22.22,2,7,9,0,0,0,0,0,,False
557,card_payment_wrong_exchange_rate,COLLOQUIAL,20.0,2,8,10,0,0,0,0,0,,False
558,card_payment_wrong_exchange_rate,COLLOQUIAL,20.0,2,8,10,0,0,0,0,0,,False
559,card_payment_wrong_exchange_rate,COLLOQUIAL,30.77,4,9,13,0,0,0,0,0,,False
560,card_payment_wrong_exchange_rate,COLLOQUIAL,33.33,4,8,12,0,0,0,0,0,,False
561,card_payment_wrong_exchange_rate,COLLOQUIAL,25.0,2,6,8,0,0,0,0,0,,False
562,card_payment_wrong_exchange_rate,COLLOQUIAL,28.57,2,5,7,0,0,0,0,0,,False
563,card_payment_wrong_exchange_rate,COLLOQUIAL,18.18,6,27,33,0,0,0,0,0,,False
564,card_payment_wrong_exchange_rate,COLLOQUIAL,35.71,5,9,14,0,0,0,0,0,,False
565,card_payment_wrong_exchange_rate,COLLOQUIAL,30.0,3,7,10,0,0,0,0,0,,False
566,card_payment_wrong_exchange_rate,COLLOQUIAL,31.82,7,15,22,0,0,0,0,0,,False
567,card_payment_wrong_exchange_rate,COLLOQUIAL,18.18,2,9,11,0,0,0,0,0,,False
568,card_payment_wrong_exchange_rate,COLLOQUIAL,13.04,3,20,23,0,0,0,0,0,,False
569,card_payment_wrong_exchange_rate,COLLOQUIAL,22.22,2,7,9,0,0,0,0,0,,False
570,card_payment_wrong_exchange_rate,COLLOQUIAL,26.67,4,11,15,0,0,0,0,0,,False
571,extra_charge_on_statement,COLLOQUIAL,42.86,3,4,7,0,0,0,0,0,,False
572,extra_charge_on_statement,COLLOQUIAL,37.5,3,5,8,0,0,0,0,0,,False
573,extra_charge_on_statement,COLLOQUIAL,42.86,3,4,7,0,0,0,0,0,,False
574,extra_charge_on_statement,COLLOQUIAL,36.36,4,7,11,0,0,0,0,0,,False
575,extra_charge_on_statement,COLLOQUIAL,33.33,3,6,9,0,0,0,0,0,,False
576,extra_charge_on_statement,COLLOQUIAL,37.5,3,5,8,0,0,0,0,0,,False
577,extra_charge_on_statement,COLLOQUIAL,40.0,3,2,5,0,0,0,0,0,,False
578,extra_charge_on_statement,COLLOQUIAL,33.33,3,6,9,0,0,0,0,0,,False
579,extra_charge_on_statement,COLLOQUIAL,33.33,3,6,9,0,0,0,0,0,,False
580,extra_charge_on_statement,COLLOQUIAL,30.0,6,14,20,0,0,0,0,0,,False
581,extra_charge_on_statement,COLLOQUIAL,9.52,2,19,21,0,0,0,0,0,,False
582,extra_charge_on_statement,COLLOQUIAL,27.27,3,8,11,0,0,0,0,0,,False
583,extra_charge_on_statement,COLLOQUIAL,21.43,3,11,14,0,0,0,0,0,,False
584,extra_charge_on_statement,COLLOQUIAL,23.08,3,10,13,0,0,0,0,0,,False
585,extra_charge_on_statement,COLLOQUIAL,42.86,3,4,7,0,0,0,0,0,,False
586,extra_charge_on_statement,COLLOQUIAL,30.0,3,7,10,0,0,0,0,0,,False
587,extra_charge_on_statement,COLLOQUIAL,36.36,4,7,11,0,0,0,0,0,,False
588,extra_charge_on_statement,COLLOQUIAL,18.18,2,9,11,0,0,0,0,0,,False
589,extra_charge_on_statement,COLLOQUIAL,25.0,2,6,8,0,0,0,0,0,,False
590,extra_charge_on_statement,COLLOQUIAL,27.78,5,13,18,0,0,0,0,0,,False
591,extra_charge_on_statement,COLLOQUIAL,42.86,3,4,7,0,0,0,0,0,,False
592,extra_charge_on_statement,COLLOQUIAL,42.86,3,4,7,0,0,0,0,0,,False
593,extra_charge_on_statement,COLLOQUIAL,21.74,5,18,23,0,0,0,0,0,,False
594,extra_charge_on_statement,COLLOQUIAL,33.33,3,6,9,0,0,0,0,0,,False
595,extra_charge_on_statement,COLLOQUIAL,11.11,1,8,9,0,0,0,0,0,,False
596,extra_charge_on_statement,COLLOQUIAL,50.0,3,3,6,0,0,0,0,0,,False
597,extra_charge_on_statement,COLLOQUIAL,42.86,4,3,7,0,0,0,0,0,,False
598,extra_charge_on_statement,COLLOQUIAL,29.41,5,12,17,0,0,0,0,0,,False
599,extra_charge_on_statement,COLLOQUIAL,33.33,2,4,6,0,0,0,0,0,,False
600,extra_charge_on_statement,COLLOQUIAL,27.27,3,8,11,0,0,0,0,0,,False
601,extra_charge_on_statement,COLLOQUIAL,25.0,3,1,4,0,0,0,0,0,,False
602,extra_charge_on_statement,COLLOQUIAL,18.75,3,13,16,0,0,0,0,0,,False
603,extra_charge_on_statement,COLLOQUIAL,44.44,4,5,9,0,0,0,0,0,,False
604,extra_charge_on_statement,COLLOQUIAL,28.57,2,5,7,0,0,0,0,0,,False
605,extra_charge_on_statement,COLLOQUIAL,42.86,3,4,7,0,0,0,0,0,,False
606,extra_charge_on_statement,COLLOQUIAL,25.0,4,12,16,0,0,0,0,0,,False
607,extra_charge_on_statement,COLLOQUIAL,27.78,5,13,18,0,0,0,0,0,,False
608,extra_charge_on_statement,COLLOQUIAL,37.5,3,5,8,0,0,0,0,0,,False
609,extra_charge_on_statement,COLLOQUIAL,21.05,4,15,19,0,0,0,0,0,,False
610,extra_charge_on_statement,COLLOQUIAL,44.44,4,5,9,0,0,0,0,0,,False
611,extra_charge_on_statement,COLLOQUIAL,15.38,2,11,13,0,0,0,0,0,,False
612,extra_charge_on_statement,COLLOQUIAL,50.0,4,4,8,0,0,0,0,0,,False
613,extra_charge_on_statement,COLLOQUIAL,33.33,3,6,9,0,0,0,0,0,,False
614,extra_charge_on_statement,COLLOQUIAL,37.5,3,5,8,0,0,0,0,0,,False
615,extra_charge_on_statement,COLLOQUIAL,19.05,4,17,21,0,0,0,0,0,,False
616,extra_charge_on_statement,COLLOQUIAL,26.67,4,11,15,0,0,0,0,0,,False
617,extra_charge_on_statement,COLLOQUIAL,25.0,2,6,8,0,0,0,0,0,,False
618,extra_charge_on_statement,COLLOQUIAL,50.0,3,3,6,0,0,0,0,0,,False
619,extra_charge_on_statement,COLLOQUIAL,28.57,2,5,7,0,0,0,0,0,,False
620,extra_charge_on_statement,COLLOQUIAL,42.86,3,4,7,0,0,0,0,0,,False
621,extra_charge_on_statement,COLLOQUIAL,30.0,3,7,10,0,0,0,0,0,,False
622,extra_charge_on_statement,COLLOQUIAL,30.0,3,7,10,0,0,0,0,0,,False
623,extra_charge_on_statement,COLLOQUIAL,27.27,3,8,11,0,0,0,0,0,,False
624,extra_charge_on_statement,COLLOQUIAL,20.0,3,12,15,0,0,0,0,0,,False
625,extra_charge_on_statement,COLLOQUIAL,50.0,4,4,8,0,0,0,0,0,,False
626,extra_charge_on_statement,COLLOQUIAL,42.86,3,4,7,0,0,0,0,0,,False
628,extra_charge_on_statement,COLLOQUIAL,50.0,4,4,8,0,0,0,0,0,,False
629,extra_charge_on_statement,COLLOQUIAL,42.86,3,4,7,0,0,0,0,0,,False
630,extra_charge_on_statement,COLLOQUIAL,26.32,5,14,19,0,0,0,0,0,,False
631,extra_charge_on_statement,COLLOQUIAL,33.33,2,4,6,0,0,0,0,0,,False
632,extra_charge_on_statement,COLLOQUIAL,22.22,2,7,9,0,0,0,0,0,,False
633,extra_charge_on_statement,COLLOQUIAL,33.33,3,6,9,0,0,0,0,0,,False
634,extra_charge_on_statement,COLLOQUIAL,42.86,3,4,7,0,0,0,0,0,,False
635,extra_charge_on_statement,COLLOQUIAL,42.86,3,4,7,0,0,0,0,0,,False
636,extra_charge_on_statement,COLLOQUIAL,40.0,4,6,10,0,0,0,0,0,,False
637,extra_charge_on_statement,COLLOQUIAL,40.0,4,6,10,0,0,0,0,0,,False
638,extra_charge_on_statement,COLLOQUIAL,42.86,3,4,7,0,0,0,0,0,,False
639,extra_charge_on_statement,COLLOQUIAL,33.33,3,6,9,0,0,0,0,0,,False
640,extra_charge_on_statement,COLLOQUIAL,25.0,2,6,8,0,0,0,0,0,,False
641,extra_charge_on_statement,COLLOQUIAL,25.0,3,9,12,0,0,0,0,0,,False
642,extra_charge_on_statement,COLLOQUIAL,25.0,2,6,8,0,0,0,0,0,,False
643,extra_charge_on_statement,COLLOQUIAL,50.0,4,4,8,0,0,0,0,0,,False
644,extra_charge_on_statement,COLLOQUIAL,37.5,3,5,8,0,0,0,0,0,,False
645,extra_charge_on_statement,COLLOQUIAL,30.77,4,9,13,0,0,0,0,0,,False
646,extra_charge_on_statement,COLLOQUIAL,50.0,2,2,4,0,0,0,0,0,,False
647,extra_charge_on_statement,COLLOQUIAL,40.0,3,2,5,0,0,0,0,0,,False
648,extra_charge_on_statement,COLLOQUIAL,42.86,3,4,7,0,0,0,0,0,,False
649,extra_charge_on_statement,COLLOQUIAL,37.5,3,5,8,0,0,0,0,0,,False
650,extra_charge_on_statement,COLLOQUIAL,33.33,5,10,15,0,0,0,0,0,,False
651,extra_charge_on_statement,COLLOQUIAL,23.53,4,13,17,0,0,0,0,0,,False
652,extra_charge_on_statement,COLLOQUIAL,23.08,3,10,13,0,0,0,0,0,,False
653,extra_charge_on_statement,COLLOQUIAL,14.29,1,6,7,0,0,0,0,0,,False
654,extra_charge_on_statement,COLLOQUIAL,42.86,3,4,7,0,0,0,0,0,,False
655,extra_charge_on_statement,COLLOQUIAL,28.57,2,5,7,0,0,0,0,0,,False
656,extra_charge_on_statement,COLLOQUIAL,50.0,3,3,6,0,0,0,0,0,,False
657,extra_charge_on_statement,COLLOQUIAL,25.0,2,6,8,0,0,0,0,0,,False
658,extra_charge_on_statement,COLLOQUIAL,18.75,3,13,16,0,0,0,0,0,,False
659,extra_charge_on_statement,COLLOQUIAL,33.33,2,4,6,0,0,0,0,0,,False
660,extra_charge_on_statement,COLLOQUIAL,22.22,2,7,9,0,0,0,0,0,,False
661,extra_charge_on_statement,COLLOQUIAL,33.33,2,4,6,0,0,0,0,0,,False
662,extra_charge_on_statement,COLLOQUIAL,25.0,6,18,24,0,0,0,0,0,,False
663,extra_charge_on_statement,COLLOQUIAL,33.33,3,6,9,0,0,0,0,0,,False
664,extra_charge_on_statement,COLLOQUIAL,20.0,4,16,20,0,0,0,0,0,,False
665,extra_charge_on_statement,COLLOQUIAL,37.5,3,5,8,0,0,0,0,0,,False
666,extra_charge_on_statement,COLLOQUIAL,31.25,5,11,16,0,0,0,0,0,,False
667,extra_charge_on_statement,COLLOQUIAL,37.5,3,5,8,0,0,0,0,0,,False
668,extra_charge_on_statement,COLLOQUIAL,33.33,4,8,12,0,0,0,0,0,,False
669,extra_charge_on_statement,COLLOQUIAL,23.08,3,10,13,0,0,0,0,0,,False
670,extra_charge_on_statement,COLLOQUIAL,42.86,3,4,7,0,0,0,0,0,,False
671,extra_charge_on_statement,COLLOQUIAL,37.5,3,5,8,0,0,0,0,0,,False
672,extra_charge_on_statement,COLLOQUIAL,22.73,5,17,22,0,0,0,0,0,,False
673,extra_charge_on_statement,COLLOQUIAL,18.18,4,18,22,0,0,0,0,0,,False
674,extra_charge_on_statement,COLLOQUIAL,36.36,4,7,11,0,0,0,0,0,,False
675,extra_charge_on_statement,COLLOQUIAL,50.0,3,3,6,0,0,0,0,0,,False
676,extra_charge_on_statement,COLLOQUIAL,27.27,3,8,11,0,0,0,0,0,,False
677,extra_charge_on_statement,COLLOQUIAL,42.86,3,4,7,0,0,0,0,0,,False
678,extra_charge_on_statement,COLLOQUIAL,26.67,4,11,15,0,0,0,0,0,,False
679,extra_charge_on_statement,COLLOQUIAL,33.33,3,6,9,0,0,0,0,0,,False
680,extra_charge_on_statement,COLLOQUIAL,44.44,4,5,9,0,0,0,0,0,,False
681,extra_charge_on_statement,COLLOQUIAL,25.0,3,9,12,0,0,0,0,0,,False
682,extra_charge_on_statement,COLLOQUIAL,25.0,3,9,12,0,0,0,0,0,,False
683,extra_charge_on_statement,COLLOQUIAL,30.0,3,7,10,0,0,0,0,0,,False
684,extra_charge_on_statement,COLLOQUIAL,33.33,6,12,18,0,0,0,0,0,,False
685,extra_charge_on_statement,COLLOQUIAL,50.0,4,4,8,0,0,0,0,0,,False
686,extra_charge_on_statement,COLLOQUIAL,33.33,3,6,9,0,0,0,0,0,,False
687,extra_charge_on_statement,COLLOQUIAL,37.5,3,5,8,0,0,0,0,0,,False
688,extra_charge_on_statement,COLLOQUIAL,33.33,2,4,6,0,0,0,0,0,,False
689,extra_charge_on_statement,COLLOQUIAL,42.86,3,4,7,0,0,0,0,0,,False
690,extra_charge_on_statement,COLLOQUIAL,42.86,3,4,7,0,0,0,0,0,,False
691,extra_charge_on_statement,COLLOQUIAL,33.33,5,10,15,0,0,0,0,0,,False
692,extra_charge_on_statement,COLLOQUIAL,27.27,3,8,11,0,0,0,0,0,,False
693,extra_charge_on_statement,COLLOQUIAL,27.27,3,8,11,0,0,0,0,0,,False
694,extra_charge_on_statement,COLLOQUIAL,23.33,7,23,30,0,0,0,0,0,,False
695,extra_charge_on_statement,COLLOQUIAL,50.0,4,4,8,0,0,0,0,0,,False
696,extra_charge_on_statement,COLLOQUIAL,42.86,3,4,7,0,0,0,0,0,,False
697,extra_charge_on_statement,COLLOQUIAL,42.86,3,4,7,0,0,0,0,0,,False
698,extra_charge_on_statement,COLLOQUIAL,27.78,5,13,18,0,0,0,0,0,,False
699,extra_charge_on_statement,COLLOQUIAL,18.18,2,9,11,0,0,0,0,0,,False
700,extra_charge_on_statement,COLLOQUIAL,42.86,3,4,7,0,0,0,0,0,,False
701,extra_charge_on_statement,COLLOQUIAL,44.44,4,5,9,0,0,0,0,0,,False
702,extra_charge_on_statement,COLLOQUIAL,33.33,5,10,15,0,0,0,0,0,,False
703,extra_charge_on_statement,COLLOQUIAL,33.33,4,8,12,0,0,0,0,0,,False
704,extra_charge_on_statement,COLLOQUIAL,37.5,3,5,8,0,0,0,0,0,,False
705,extra_charge_on_statement,COLLOQUIAL,42.86,3,4,7,0,0,0,0,0,,False
706,extra_charge_on_statement,COLLOQUIAL,40.0,6,9,15,0,0,0,0,0,,False
707,extra_charge_on_statement,COLLOQUIAL,42.86,3,4,7,0,0,0,0,0,,False
708,extra_charge_on_statement,COLLOQUIAL,20.0,2,8,10,0,0,0,0,0,,False
709,extra_charge_on_statement,COLLOQUIAL,25.0,4,12,16,0,0,0,0,0,,False
710,extra_charge_on_statement,COLLOQUIAL,40.0,4,6,10,0,0,0,0,0,,False
711,extra_charge_on_statement,COLLOQUIAL,37.5,3,5,8,0,0,0,0,0,,False
712,extra_charge_on_statement,COLLOQUIAL,40.0,6,9,15,0,0,0,0,0,,False
713,extra_charge_on_statement,COLLOQUIAL,22.22,2,7,9,0,0,0,0,0,,False
714,extra_charge_on_statement,COLLOQUIAL,42.86,3,4,7,0,0,0,0,0,,False
715,extra_charge_on_statement,COLLOQUIAL,23.53,4,13,17,0,0,0,0,0,,False
716,extra_charge_on_statement,COLLOQUIAL,33.33,3,6,9,0,0,0,0,0,,False
717,extra_charge_on_statement,COLLOQUIAL,40.0,6,9,15,0,0,0,0,0,,False
718,extra_charge_on_statement,COLLOQUIAL,37.5,3,5,8,0,0,0,0,0,,False
719,extra_charge_on_statement,COLLOQUIAL,50.0,3,3,6,0,0,0,0,0,,False
720,extra_charge_on_statement,COLLOQUIAL,7.69,1,12,13,0,0,0,0,0,,False
721,extra_charge_on_statement,COLLOQUIAL,33.33,3,6,9,0,0,0,0,0,,False
722,extra_charge_on_statement,COLLOQUIAL,33.33,3,6,9,0,0,0,0,0,,False
723,extra_charge_on_statement,COLLOQUIAL,8.33,1,11,12,0,0,0,0,0,,False
724,extra_charge_on_statement,COLLOQUIAL,20.0,3,12,15,0,0,0,0,0,,False
725,extra_charge_on_statement,COLLOQUIAL,37.5,3,5,8,0,0,0,0,0,,False
726,extra_charge_on_statement,COLLOQUIAL,27.27,3,8,11,0,0,0,0,0,,False
727,extra_charge_on_statement,COLLOQUIAL,17.39,4,19,23,0,0,0,0,0,,False
728,extra_charge_on_statement,COLLOQUIAL,37.5,3,5,8,0,0,0,0,0,,False
729,extra_charge_on_statement,COLLOQUIAL,50.0,2,2,4,0,0,0,0,0,,False
730,extra_charge_on_statement,COLLOQUIAL,25.0,2,6,8,0,0,0,0,0,,False
731,extra_charge_on_statement,COLLOQUIAL,20.0,2,8,10,0,0,0,0,0,,False
732,extra_charge_on_statement,COLLOQUIAL,14.29,1,6,7,0,0,0,0,0,,False
733,extra_charge_on_statement,COLLOQUIAL,22.22,2,7,9,0,0,0,0,0,,False
734,extra_charge_on_statement,COLLOQUIAL,15.38,2,11,13,0,0,0,0,0,,False
735,extra_charge_on_statement,COLLOQUIAL,42.86,3,4,7,0,0,0,0,0,,False
736,extra_charge_on_statement,COLLOQUIAL,42.86,4,3,7,0,0,0,0,0,,False
737,pending_cash_withdrawal,COLLOQUIAL,18.18,2,9,11,0,0,0,0,0,,False
738,pending_cash_withdrawal,COLLOQUIAL,25.0,2,6,8,0,0,0,0,0,,False
739,pending_cash_withdrawal,COLLOQUIAL,29.41,5,12,17,0,0,0,0,0,,False
740,pending_cash_withdrawal,COLLOQUIAL,25.0,3,9,12,0,0,0,0,0,,False
741,pending_cash_withdrawal,COLLOQUIAL,33.33,2,4,6,0,0,0,0,0,,False
742,pending_cash_withdrawal,COLLOQUIAL,11.11,1,8,9,0,0,0,0,0,,False
743,pending_cash_withdrawal,COLLOQUIAL,32.0,8,17,25,0,0,0,0,0,,False
744,pending_cash_withdrawal,COLLOQUIAL,25.0,2,6,8,0,0,0,0,0,,False
745,pending_cash_withdrawal,COLLOQUIAL,33.33,1,2,3,0,0,0,0,0,,False
746,pending_cash_withdrawal,COLLOQUIAL,28.57,2,5,7,0,0,0,0,0,,False
747,pending_cash_withdrawal,COLLOQUIAL,30.0,6,14,20,0,0,0,0,0,,False
748,pending_cash_withdrawal,COLLOQUIAL,25.0,2,6,8,0,0,0,0,0,,False
749,pending_cash_withdrawal,COLLOQUIAL,31.82,7,15,22,0,0,0,0,0,,False
750,pending_cash_withdrawal,COLLOQUIAL,16.67,1,5,6,0,0,0,0,0,,False
751,pending_cash_withdrawal,COLLOQUIAL,33.33,14,28,42,0,0,0,0,0,,False
752,pending_cash_withdrawal,COLLOQUIAL,25.0,2,6,8,0,0,0,0,0,,False
753,pending_cash_withdrawal,COLLOQUIAL,30.56,11,25,36,0,0,0,0,0,,False
754,pending_cash_withdrawal,COLLOQUIAL,25.0,2,6,8,0,0,0,0,0,,False
755,pending_cash_withdrawal,COLLOQUIAL,29.41,5,12,17,0,0,0,0,0,,False
756,pending_cash_withdrawal,COLLOQUIAL,12.5,1,7,8,0,0,0,0,0,,False
757,pending_cash_withdrawal,COLLOQUIAL,25.0,3,9,12,0,0,0,0,0,,False
758,pending_cash_withdrawal,COLLOQUIAL,25.0,2,6,8,0,0,0,0,0,,False
759,pending_cash_withdrawal,COLLOQUIAL,22.22,2,7,9,0,0,0,0,0,,False
760,pending_cash_withdrawal,COLLOQUIAL,31.58,6,13,19,0,0,0,0,0,,False
761,pending_cash_withdrawal,COLLOQUIAL,30.77,4,9,13,0,0,0,0,0,,False
762,pending_cash_withdrawal,COLLOQUIAL,37.14,13,22,35,0,0,0,0,0,,False
763,pending_cash_withdrawal,COLLOQUIAL,12.5,1,7,8,0,0,0,0,0,,False
764,pending_cash_withdrawal,COLLOQUIAL,23.53,4,13,17,0,0,0,0,0,,False
765,pending_cash_withdrawal,COLLOQUIAL,15.38,2,11,13,0,0,0,0,0,,False
766,pending_cash_withdrawal,COLLOQUIAL,40.0,10,15,25,0,0,0,0,0,,False
767,pending_cash_withdrawal,COLLOQUIAL,22.22,2,7,9,0,0,0,0,0,,False
768,pending_cash_withdrawal,COLLOQUIAL,18.18,6,27,33,0,0,0,0,0,,False
769,pending_cash_withdrawal,COLLOQUIAL,28.57,2,5,7,0,0,0,0,0,,False
770,pending_cash_withdrawal,COLLOQUIAL,22.22,2,7,9,0,0,0,0,0,,False
771,pending_cash_withdrawal,COLLOQUIAL,28.95,11,27,38,0,0,0,0,0,,False
772,pending_cash_withdrawal,COLLOQUIAL,27.27,3,8,11,0,0,0,0,0,,False
773,pending_cash_withdrawal,COLLOQUIAL,22.22,2,7,9,0,0,0,0,0,,False
774,pending_cash_withdrawal,MIXED,0.0,0,6,6,0,0,0,0,0,,True
775,pending_cash_withdrawal,COLLOQUIAL,25.0,2,6,8,0,0,0,0,0,,False
776,pending_cash_withdrawal,COLLOQUIAL,28.57,2,5,7,0,0,0,0,0,,False
777,pending_cash_withdrawal,COLLOQUIAL,14.29,1,6,7,0,0,0,0,0,,False
778,pending_cash_withdrawal,COLLOQUIAL,25.0,2,6,8,0,0,0,0,0,,False
779,pending_cash_withdrawal,COLLOQUIAL,30.77,4,9,13,0,0,0,0,0,,False
780,pending_cash_withdrawal,COLLOQUIAL,33.33,2,4,6,0,0,0,0,0,,False
781,pending_cash_withdrawal,COLLOQUIAL,24.0,6,19,25,0,0,0,0,0,,False
782,pending_cash_withdrawal,COLLOQUIAL,28.57,2,5,7,0,0,0,0,0,,False
783,pending_cash_withdrawal,COLLOQUIAL,28.57,2,5,7,0,0,0,0,0,,False
784,pending_cash_withdrawal,COLLOQUIAL,10.0,1,9,10,0,0,0,0,0,,False
785,pending_cash_withdrawal,COLLOQUIAL,24.0,6,19,25,0,0,0,0,0,,False
786,pending_cash_withdrawal,COLLOQUIAL,22.22,2,7,9,0,0,0,0,0,,False
787,pending_cash_withdrawal,COLLOQUIAL,20.0,2,8,10,0,0,0,0,0,,False
788,pending_cash_withdrawal,COLLOQUIAL,38.89,7,11,18,0,0,0,0,0,,False
789,pending_cash_withdrawal,COLLOQUIAL,27.27,6,16,22,0,0,0,0,0,,False
790,pending_cash_withdrawal,COLLOQUIAL,11.11,1,8,9,0,0,0,0,0,,False
791,pending_cash_withdrawal,COLLOQUIAL,20.0,1,4,5,0,0,0,0,0,,False
792,pending_cash_withdrawal,COLLOQUIAL,28.57,2,5,7,0,0,0,0,0,,False
793,pending_cash_withdrawal,COLLOQUIAL,32.14,9,19,28,0,0,0,0,0,,False
794,pending_cash_withdrawal,COLLOQUIAL,31.03,9,20,29,0,0,0,0,0,,False
795,pending_cash_withdrawal,COLLOQUIAL,12.5,1,7,8,0,0,0,0,0,,False
796,pending_cash_withdrawal,COLLOQUIAL,28.57,2,5,7,0,0,0,0,0,,False
797,pending_cash_withdrawal,COLLOQUIAL,23.08,3,10,13,0,0,0,0,0,,False
798,pending_cash_withdrawal,COLLOQUIAL,14.29,1,6,7,0,0,0,0,0,,False
799,pending_cash_withdrawal,COLLOQUIAL,18.75,3,13,16,0,0,0,0,0,,False
800,pending_cash_withdrawal,COLLOQUIAL,37.84,14,23,37,0,0,0,0,0,,False
801,pending_cash_withdrawal,COLLOQUIAL,20.0,2,8,10,0,0,0,0,0,,False
802,pending_cash_withdrawal,COLLOQUIAL,28.57,2,5,7,0,0,0,0,0,,False
803,pending_cash_withdrawal,COLLOQUIAL,12.5,1,7,8,0,0,0,0,0,,False
804,pending_cash_withdrawal,COLLOQUIAL,20.0,1,4,5,0,0,0,0,0,,False
805,pending_cash_withdrawal,COLLOQUIAL,23.53,8,26,34,0,0,0,0,0,,False
806,pending_cash_withdrawal,COLLOQUIAL,20.93,9,34,43,0,0,0,0,0,,False
807,pending_cash_withdrawal,COLLOQUIAL,40.0,2,3,5,0,0,0,0,0,,False
808,pending_cash_withdrawal,COLLOQUIAL,33.33,2,4,6,0,0,0,0,0,,False
809,pending_cash_withdrawal,COLLOQUIAL,22.58,7,24,31,0,0,0,0,0,,False
810,pending_cash_withdrawal,COLLOQUIAL,14.29,1,6,7,0,0,0,0,0,,False
811,pending_cash_withdrawal,COLLOQUIAL,25.0,2,6,8,0,0,0,0,0,,False
812,pending_cash_withdrawal,COLLOQUIAL,25.0,2,6,8,0,0,0,0,0,,False
813,pending_cash_withdrawal,COLLOQUIAL,28.57,2,5,7,0,0,0,0,0,,False
814,pending_cash_withdrawal,COLLOQUIAL,33.33,3,6,9,0,0,0,0,0,,False
815,pending_cash_withdrawal,COLLOQUIAL,26.32,5,14,19,0,0,0,0,0,,False
816,pending_cash_withdrawal,COLLOQUIAL,20.0,2,8,10,0,0,0,0,0,,False
817,pending_cash_withdrawal,COLLOQUIAL,20.0,2,8,10,0,0,0,0,0,,False
818,pending_cash_withdrawal,COLLOQUIAL,22.22,2,7,9,0,0,0,0,0,,False
819,pending_cash_withdrawal,COLLOQUIAL,18.18,2,9,11,0,0,0,0,0,,False
820,pending_cash_withdrawal,COLLOQUIAL,20.0,2,8,10,0,0,0,0,0,,False
821,pending_cash_withdrawal,COLLOQUIAL,25.0,2,6,8,0,0,0,0,0,,False
822,pending_cash_withdrawal,COLLOQUIAL,28.57,2,5,7,0,0,0,0,0,,False
823,pending_cash_withdrawal,COLLOQUIAL,18.18,2,9,11,0,0,0,0,0,,False
824,pending_cash_withdrawal,COLLOQUIAL,25.0,2,6,8,0,0,0,0,0,,False
825,pending_cash_withdrawal,COLLOQUIAL,28.57,2,5,7,0,0,0,0,0,,False
826,pending_cash_withdrawal,COLLOQUIAL,25.0,2,6,8,0,0,0,0,0,,False
827,pending_cash_withdrawal,COLLOQUIAL,33.33,2,4,6,0,0,0,0,0,,False
828,pending_cash_withdrawal,COLLOQUIAL,22.22,6,21,27,0,0,0,0,0,,False
829,pending_cash_withdrawal,COLLOQUIAL,28.57,2,5,7,0,0,0,0,0,,False
830,pending_cash_withdrawal,COLLOQUIAL,23.53,4,13,17,0,0,0,0,0,,False
831,pending_cash_withdrawal,COLLOQUIAL,33.33,2,4,6,0,0,0,0,0,,False
832,pending_cash_withdrawal,COLLOQUIAL,28.57,2,5,7,0,0,0,0,0,,False
833,pending_cash_withdrawal,COLLOQUIAL,40.0,2,3,5,0,0,0,0,0,,False
834,pending_cash_withdrawal,COLLOQUIAL,16.67,1,5,6,0,0,0,0,0,,False
835,pending_cash_withdrawal,COLLOQUIAL,28.57,2,5,7,0,0,0,0,0,,False
836,pending_cash_withdrawal,MIXED,0.0,0,7,7,0,0,0,0,0,,True
837,pending_cash_withdrawal,COLLOQUIAL,14.29,1,6,7,0,0,0,0,0,,False
838,pending_cash_withdrawal,COLLOQUIAL,30.0,3,7,10,0,0,0,0,0,,False
839,pending_cash_withdrawal,COLLOQUIAL,28.57,2,5,7,0,0,0,0,0,,False
840,pending_cash_withdrawal,COLLOQUIAL,37.5,6,10,16,0,0,0,0,0,,False
841,pending_cash_withdrawal,COLLOQUIAL,16.67,2,10,12,0,0,0,0,0,,False
842,pending_cash_withdrawal,COLLOQUIAL,18.18,4,18,22,0,0,0,0,0,,False
843,pending_cash_withdrawal,COLLOQUIAL,33.33,3,6,9,0,0,0,0,0,,False
844,pending_cash_withdrawal,COLLOQUIAL,20.0,2,8,10,0,0,0,0,0,,False
845,pending_cash_withdrawal,COLLOQUIAL,18.18,2,9,11,0,0,0,0,0,,False
846,pending_cash_withdrawal,COLLOQUIAL,26.67,4,11,15,0,0,0,0,0,,False
847,pending_cash_withdrawal,COLLOQUIAL,22.22,8,28,36,0,0,0,0,0,,False
848,pending_cash_withdrawal,COLLOQUIAL,33.33,2,4,6,0,0,0,0,0,,False
849,pending_cash_withdrawal,COLLOQUIAL,30.0,3,7,10,0,0,0,0,0,,False
850,pending_cash_withdrawal,COLLOQUIAL,30.0,3,7,10,0,0,0,0,0,,False
851,pending_cash_withdrawal,COLLOQUIAL,31.82,7,15,22,0,0,0,0,0,,False
852,pending_cash_withdrawal,COLLOQUIAL,16.67,1,5,6,0,0,0,0,0,,False
853,pending_cash_withdrawal,COLLOQUIAL,25.0,3,9,12,0,0,0,0,0,,False
854,pending_cash_withdrawal,COLLOQUIAL,25.0,2,6,8,0,0,0,0,0,,False
855,pending_cash_withdrawal,COLLOQUIAL,25.0,3,9,12,0,0,0,0,0,,False
856,pending_cash_withdrawal,COLLOQUIAL,28.57,2,5,7,0,0,0,0,0,,False
857,pending_cash_withdrawal,COLLOQUIAL,25.0,2,6,8,0,0,0,0,0,,False
858,pending_cash_withdrawal,COLLOQUIAL,18.18,2,9,11,0,0,0,0,0,,False
859,pending_cash_withdrawal,COLLOQUIAL,30.0,3,7,10,0,0,0,0,0,,False
860,pending_cash_withdrawal,COLLOQUIAL,33.33,5,10,15,0,0,0,0,0,,False
861,pending_cash_withdrawal,COLLOQUIAL,20.0,1,4,5,0,0,0,0,0,,False
862,pending_cash_withdrawal,COLLOQUIAL,16.67,2,10,12,0,0,0,0,0,,False
863,pending_cash_withdrawal,COLLOQUIAL,28.57,2,5,7,0,0,0,0,0,,False
864,pending_cash_withdrawal,COLLOQUIAL,25.0,6,18,24,0,0,0,0,0,,False
865,pending_cash_withdrawal,COLLOQUIAL,30.0,9,21,30,0,0,0,0,0,,False
866,pending_cash_withdrawal,COLLOQUIAL,20.0,2,8,10,0,0,0,0,0,,False
867,pending_cash_withdrawal,COLLOQUIAL,35.0,7,13,20,0,0,0,0,0,,False
868,pending_cash_withdrawal,COLLOQUIAL,11.11,1,8,9,0,0,0,0,0,,False
869,pending_cash_withdrawal,COLLOQUIAL,20.0,2,8,10,0,0,0,0,0,,False
870,pending_cash_withdrawal,COLLOQUIAL,17.95,7,32,39,0,0,0,0,0,,False
871,pending_cash_withdrawal,COLLOQUIAL,27.27,6,16,22,0,0,0,0,0,,False
872,pending_cash_withdrawal,COLLOQUIAL,20.0,2,8,10,0,0,0,0,0,,False
873,pending_cash_withdrawal,COLLOQUIAL,33.33,4,8,12,0,0,0,0,0,,False
874,pending_cash_withdrawal,COLLOQUIAL,31.58,6,13,19,0,0,0,0,0,,False
875,pending_cash_withdrawal,COLLOQUIAL,22.22,4,14,18,0,0,0,0,0,,False
876,pending_cash_withdrawal,COLLOQUIAL,22.22,2,7,9,0,0,0,0,0,,False
877,pending_cash_withdrawal,COLLOQUIAL,22.92,11,37,48,0,0,0,0,0,,False
878,pending_cash_withdrawal,COLLOQUIAL,11.11,1,8,9,0,0,0,0,0,,False
879,pending_cash_withdrawal,COLLOQUIAL,20.0,1,4,5,0,0,0,0,0,,False
880,fiat_currency_support,COLLOQUIAL,12.5,1,7,8,0,0,0,0,0,,False
881,fiat_currency_support,COLLOQUIAL,40.0,2,3,5,0,0,0,0,0,,False
882,fiat_currency_support,COLLOQUIAL,30.0,3,7,10,0,0,0,0,0,,False
883,fiat_currency_support,COLLOQUIAL,20.0,1,4,5,0,0,0,0,0,,False
884,fiat_currency_support,COLLOQUIAL,16.67,1,5,6,0,0,0,0,0,,False
885,fiat_currency_support,COLLOQUIAL,20.0,2,8,10,0,0,0,0,0,,False
886,fiat_currency_support,COLLOQUIAL,20.0,1,4,5,0,0,0,0,0,,False
887,fiat_currency_support,COLLOQUIAL,28.57,2,5,7,0,0,0,0,0,,False
888,fiat_currency_support,COLLOQUIAL,20.0,1,4,5,0,0,0,0,0,,False
889,fiat_currency_support,COLLOQUIAL,40.0,2,3,5,0,0,0,0,0,,False
890,fiat_currency_support,COLLOQUIAL,25.0,2,6,8,0,0,0,0,0,,False
891,fiat_currency_support,COLLOQUIAL,20.0,1,4,5,0,0,0,0,0,,False
892,fiat_currency_support,COLLOQUIAL,40.0,4,6,10,0,0,0,0,0,,False
893,fiat_currency_support,COLLOQUIAL,40.0,2,3,5,0,0,0,0,0,,False
894,fiat_currency_support,COLLOQUIAL,30.77,4,9,13,0,0,0,0,0,,False
895,fiat_currency_support,COLLOQUIAL,40.0,2,3,5,0,0,0,0,0,,False
896,fiat_currency_support,COLLOQUIAL,16.67,1,5,6,0,0,0,0,0,,False
897,fiat_currency_support,COLLOQUIAL,40.0,3,2,5,0,0,0,0,0,,False
898,fiat_currency_support,COLLOQUIAL,8.33,1,11,12,0,0,0,0,0,,False
899,fiat_currency_support,COLLOQUIAL,11.11,1,8,9,0,0,0,0,0,,False
900,fiat_currency_support,COLLOQUIAL,50.0,3,3,6,0,0,0,0,0,,False
901,fiat_currency_support,COLLOQUIAL,25.0,1,3,4,0,0,0,0,0,,False
902,fiat_currency_support,COLLOQUIAL,42.86,3,4,7,0,0,0,0,0,,False
903,fiat_currency_support,COLLOQUIAL,28.57,2,5,7,0,0,0,0,0,,False
904,fiat_currency_support,COLLOQUIAL,50.0,3,3,6,0,0,0,0,0,,False
905,fiat_currency_support,COLLOQUIAL,21.43,3,11,14,0,0,0,0,0,,False
906,fiat_currency_support,COLLOQUIAL,10.0,1,9,10,0,0,0,0,0,,False
907,fiat_currency_support,COLLOQUIAL,44.44,4,5,9,0,0,0,0,0,,False
908,fiat_currency_support,COLLOQUIAL,42.86,3,4,7,0,0,0,0,0,,False
909,fiat_currency_support,COLLOQUIAL,37.5,3,5,8,0,0,0,0,0,,False
910,fiat_currency_support,COLLOQUIAL,33.33,3,6,9,0,0,0,0,0,,False
911,fiat_currency_support,COLLOQUIAL,11.11,1,8,9,0,0,0,0,0,,False
912,fiat_currency_support,COLLOQUIAL,40.0,6,4,10,0,0,0,0,0,,False
913,fiat_currency_support,COLLOQUIAL,12.5,1,7,8,0,0,0,0,0,,False
914,fiat_currency_support,COLLOQUIAL,50.0,3,3,6,0,0,0,0,0,,False
915,fiat_currency_support,COLLOQUIAL,25.0,2,6,8,0,0,0,0,0,,False
916,fiat_currency_support,COLLOQUIAL,40.0,2,3,5,0,0,0,0,0,,False
917,fiat_currency_support,COLLOQUIAL,36.36,4,7,11,0,0,0,0,0,,False
918,fiat_currency_support,COLLOQUIAL,16.67,1,5,6,0,0,0,0,0,,False
919,fiat_currency_support,COLLOQUIAL,20.0,1,4,5,0,0,0,0,0,,False
920,fiat_currency_support,COLLOQUIAL,22.22,2,7,9,0,0,0,0,0,,False
921,fiat_currency_support,COLLOQUIAL,45.45,5,6,11,0,0,0,0,0,,False
922,fiat_currency_support,COLLOQUIAL,16.67,1,5,6,0,0,0,0,0,,False
923,fiat_currency_support,COLLOQUIAL,33.33,3,6,9,0,0,0,0,0,,False
924,fiat_currency_support,COLLOQUIAL,14.29,1,6,7,0,0,0,0,0,,False
925,fiat_currency_support,COLLOQUIAL,28.57,2,5,7,0,0,0,0,0,,False
926,fiat_currency_support,COLLOQUIAL,25.0,3,9,12,0,0,0,0,0,,False
927,fiat_currency_support,COLLOQUIAL,10.0,1,9,10,0,0,0,0,0,,False
928,fiat_currency_support,COLLOQUIAL,40.0,2,3,5,0,0,0,0,0,,False
929,fiat_currency_support,COLLOQUIAL,40.0,3,2,5,0,0,0,0,0,,False
930,fiat_currency_support,COLLOQUIAL,44.44,4,5,9,0,0,0,0,0,,False
931,fiat_currency_support,MIXED,0.0,0,6,6,0,0,0,0,0,,True
932,fiat_currency_support,COLLOQUIAL,33.33,2,4,6,0,0,0,0,0,,False
933,fiat_currency_support,COLLOQUIAL,50.0,4,4,8,0,0,0,0,0,,False
934,fiat_currency_support,COLLOQUIAL,40.0,4,6,10,0,0,0,0,0,,False
935,fiat_currency_support,COLLOQUIAL,40.0,4,6,10,0,0,0,0,0,,False
936,fiat_currency_support,COLLOQUIAL,33.33,2,4,6,0,0,0,0,0,,False
937,fiat_currency_support,COLLOQUIAL,25.0,2,6,8,0,0,0,0,0,,False
938,fiat_currency_support,COLLOQUIAL,25.0,1,3,4,0,0,0,0,0,,False
939,fiat_currency_support,COLLOQUIAL,33.33,2,4,6,0,0,0,0,0,,False
940,fiat_currency_support,COLLOQUIAL,33.33,3,6,9,0,0,0,0,0,,False
941,fiat_currency_support,COLLOQUIAL,12.5,1,7,8,0,0,0,0,0,,False
942,fiat_currency_support,COLLOQUIAL,30.0,3,7,10,0,0,0,0,0,,False
943,fiat_currency_support,COLLOQUIAL,30.0,3,7,10,0,0,0,0,0,,False
944,fiat_currency_support,COLLOQUIAL,23.08,3,10,13,0,0,0,0,0,,False
945,fiat_currency_support,COLLOQUIAL,25.0,1,3,4,0,0,0,0,0,,False
946,fiat_currency_support,COLLOQUIAL,36.36,4,7,11,0,0,0,0,0,,False
947,fiat_currency_support,COLLOQUIAL,11.11,1,8,9,0,0,0,0,0,,False
948,fiat_currency_support,COLLOQUIAL,40.0,2,3,5,0,0,0,0,0,,False
949,fiat_currency_support,COLLOQUIAL,22.22,2,7,9,0,0,0,0,0,,False
950,fiat_currency_support,COLLOQUIAL,42.86,4,3,7,0,0,0,0,0,,False
951,fiat_currency_support,COLLOQUIAL,50.0,2,2,4,0,0,0,0,0,,False
952,fiat_currency_support,COLLOQUIAL,40.0,4,6,10,0,0,0,0,0,,False
953,fiat_currency_support,COLLOQUIAL,30.0,3,7,10,0,0,0,0,0,,False
954,fiat_currency_support,COLLOQUIAL,37.5,3,5,8,0,0,0,0,0,,False
955,fiat_currency_support,COLLOQUIAL,40.0,4,6,10,0,0,0,0,0,,False
956,fiat_currency_support,COLLOQUIAL,42.86,4,3,7,0,0,0,0,0,,False
957,fiat_currency_support,COLLOQUIAL,50.0,3,3,6,0,0,0,0,0,,False
958,fiat_currency_support,COLLOQUIAL,28.57,2,5,7,0,0,0,0,0,,False
959,fiat_currency_support,COLLOQUIAL,16.67,1,5,6,0,0,0,0,0,,False
960,fiat_currency_support,COLLOQUIAL,30.77,4,9,13,0,0,0,0,0,,False
961,fiat_currency_support,COLLOQUIAL,28.57,2,5,7,0,0,0,0,0,,False
962,fiat_currency_support,COLLOQUIAL,28.57,2,5,7,0,0,0,0,0,,False
963,fiat_currency_support,COLLOQUIAL,33.33,2,4,6,0,0,0,0,0,,False
964,fiat_currency_support,COLLOQUIAL,25.0,2,6,8,0,0,0,0,0,,False
965,fiat_currency_support,COLLOQUIAL,20.0,1,4,5,0,0,0,0,0,,False
966,fiat_currency_support,COLLOQUIAL,20.0,1,4,5,0,0,0,0,0,,False
967,fiat_currency_support,COLLOQUIAL,20.0,1,4,5,0,0,0,0,0,,False
968,fiat_currency_support,MIXED,0.0,0,7,7,0,0,0,0,0,,True
969,fiat_currency_support,COLLOQUIAL,12.5,1,7,8,0,0,0,0,0,,False
970,fiat_currency_support,MIXED,0.0,0,7,7,0,0,0,0,0,,True
971,fiat_currency_support,COLLOQUIAL,16.67,1,5,6,0,0,0,0,0,,False
972,fiat_currency_support,MIXED,0.0,0,5,5,0,0,0,0,0,,True
973,fiat_currency_support,COLLOQUIAL,16.67,1,5,6,0,0,0,0,0,,False
974,fiat_currency_support,COLLOQUIAL,16.67,1,5,6,0,0,0,0,0,,False
975,fiat_currency_support,COLLOQUIAL,16.67,1,5,6,0,0,0,0,0,,False
976,fiat_currency_support,COLLOQUIAL,11.11,1,8,9,0,0,0,0,0,,False
977,fiat_currency_support,COLLOQUIAL,12.5,1,7,8,0,0,0,0,0,,False
978,fiat_currency_support,MIXED,0.0,0,5,5,0,0,0,0,0,,True
979,fiat_currency_support,MIXED,0.0,0,5,5,0,0,0,0,0,,True
980,fiat_currency_support,MIXED,0.0,0,3,3,0,0,0,0,0,,True
981,fiat_currency_support,COLLOQUIAL,16.67,1,5,6,0,0,0,0,0,,False
982,fiat_currency_support,COLLOQUIAL,15.38,2,11,13,0,0,0,0,0,,False
983,fiat_currency_support,COLLOQUIAL,16.67,1,5,6,0,0,0,0,0,,False
984,fiat_currency_support,COLLOQUIAL,25.0,1,3,4,0,0,0,0,0,,False
985,fiat_currency_support,MIXED,0.0,0,7,7,0,0,0,0,0,,True
986,fiat_currency_support,MIXED,14.29,1,6,7,0,0,0,0,1,formal_compound:payanpaduthugireergal,True
987,fiat_currency_support,COLLOQUIAL,10.0,1,9,10,0,0,0,0,0,,False
988,fiat_currency_support,COLLOQUIAL,16.67,1,5,6,0,0,0,0,0,,False
989,fiat_currency_support,COLLOQUIAL,10.0,1,9,10,0,0,0,0,0,,False
990,fiat_currency_support,COLLOQUIAL,16.67,1,5,6,0,0,0,0,0,,False
991,fiat_currency_support,COLLOQUIAL,16.67,1,5,6,0,0,0,0,0,,False
992,fiat_currency_support,COLLOQUIAL,11.11,1,8,9,0,0,0,0,0,,False
993,fiat_currency_support,COLLOQUIAL,28.57,2,5,7,0,0,0,0,0,,False
994,fiat_currency_support,COLLOQUIAL,20.0,1,4,5,0,0,0,0,0,,False
995,fiat_currency_support,COLLOQUIAL,10.0,1,9,10,0,0,0,0,0,,False
996,fiat_currency_support,COLLOQUIAL,16.67,1,5,6,0,0,0,0,0,,False
997,fiat_currency_support,COLLOQUIAL,20.0,1,4,5,0,0,0,0,0,,False
998,fiat_currency_support,COLLOQUIAL,16.67,1,5,6,0,0,0,0,0,,False
999,fiat_currency_support,MIXED,0.0,0,6,6,0,0,0,0,0,,True
1000,fiat_currency_support,MIXED,0.0,0,6,6,0,0,0,0,0,,True
1001,fiat_currency_support,COLLOQUIAL,10.0,1,9,10,0,0,0,0,0,,False
1002,fiat_currency_support,COLLOQUIAL,11.11,1,8,9,0,0,0,0,0,,False
1003,fiat_currency_support,COLLOQUIAL,40.0,2,3,5,0,0,0,0,0,,False
1004,fiat_currency_support,COLLOQUIAL,14.29,1,6,7,0,0,0,0,0,,False
1005,fiat_currency_support,COLLOQUIAL,9.09,1,10,11,0,0,0,0,0,,False
1006,card_delivery_estimate,COLLOQUIAL,12.5,1,7,8,0,0,0,0,0,,False
1007,card_delivery_estimate,COLLOQUIAL,16.67,1,5,6,0,0,0,0,0,,False
1008,card_delivery_estimate,COLLOQUIAL,18.18,2,9,11,0,0,0,0,0,,False
1009,card_delivery_estimate,COLLOQUIAL,12.5,1,7,8,0,0,0,0,0,,False
1010,card_delivery_estimate,COLLOQUIAL,25.0,2,6,8,0,0,0,0,0,,False
1011,card_delivery_estimate,COLLOQUIAL,14.29,1,6,7,0,0,0,0,0,,False
1012,card_delivery_estimate,COLLOQUIAL,16.67,1,5,6,0,0,0,0,0,,False
1013,card_delivery_estimate,COLLOQUIAL,14.29,1,6,7,0,0,0,0,0,,False
1014,card_delivery_estimate,COLLOQUIAL,14.29,1,6,7,0,0,0,0,0,,False
1015,card_delivery_estimate,COLLOQUIAL,28.57,2,5,7,0,0,0,0,0,,False
1016,card_delivery_estimate,COLLOQUIAL,14.29,1,6,7,0,0,0,0,0,,False
1017,card_delivery_estimate,COLLOQUIAL,23.08,3,10,13,0,0,0,0,0,,False
1018,card_delivery_estimate,COLLOQUIAL,20.0,1,4,5,0,0,0,0,0,,False
1019,card_delivery_estimate,COLLOQUIAL,20.0,2,8,10,0,0,0,0,0,,False
1020,card_delivery_estimate,COLLOQUIAL,20.0,1,4,5,0,0,0,0,0,,False
1021,card_delivery_estimate,COLLOQUIAL,28.57,2,5,7,0,0,0,0,0,,False
1022,card_delivery_estimate,COLLOQUIAL,20.0,1,4,5,0,0,0,0,0,,False
1023,card_delivery_estimate,COLLOQUIAL,22.22,2,7,9,0,0,0,0,0,,False
1024,card_delivery_estimate,COLLOQUIAL,6.67,1,14,15,0,0,0,0,0,,False
1025,card_delivery_estimate,COLLOQUIAL,40.0,2,3,5,0,0,0,0,0,,False
1026,card_delivery_estimate,COLLOQUIAL,14.29,1,6,7,0,0,0,0,0,,False
1027,card_delivery_estimate,COLLOQUIAL,20.0,1,4,5,0,0,0,0,0,,False
1028,card_delivery_estimate,COLLOQUIAL,16.67,1,5,6,0,0,0,0,0,,False
1029,card_delivery_estimate,COLLOQUIAL,12.5,1,7,8,0,0,0,0,0,,False
1030,card_delivery_estimate,COLLOQUIAL,12.5,1,7,8,0,0,0,0,0,,False
1031,card_delivery_estimate,COLLOQUIAL,12.5,1,7,8,0,0,0,0,0,,False
1032,card_delivery_estimate,MIXED,0.0,0,7,7,0,0,0,0,0,,True
1033,card_delivery_estimate,COLLOQUIAL,33.33,3,6,9,0,0,0,0,0,,False
1034,card_delivery_estimate,COLLOQUIAL,11.11,1,8,9,0,0,0,0,0,,False
1035,card_delivery_estimate,COLLOQUIAL,14.29,1,6,7,0,0,0,0,0,,False
1036,card_delivery_estimate,COLLOQUIAL,12.5,1,7,8,0,0,0,0,0,,False
1037,card_delivery_estimate,COLLOQUIAL,28.57,2,5,7,0,0,0,0,0,,False
1038,card_delivery_estimate,COLLOQUIAL,40.0,2,3,5,0,0,0,0,0,,False
1039,card_delivery_estimate,COLLOQUIAL,28.57,2,5,7,0,0,0,0,0,,False
1040,card_delivery_estimate,COLLOQUIAL,22.22,2,7,9,0,0,0,0,0,,False
1041,card_delivery_estimate,COLLOQUIAL,16.67,1,5,6,0,0,0,0,0,,False
1042,card_delivery_estimate,COLLOQUIAL,20.0,1,4,5,0,0,0,0,0,,False
1043,card_delivery_estimate,COLLOQUIAL,16.67,1,5,6,0,0,0,0,0,,False
1044,card_delivery_estimate,COLLOQUIAL,11.11,2,16,18,0,0,0,0,0,,False
1045,card_delivery_estimate,COLLOQUIAL,9.09,1,10,11,0,0,0,0,0,,False
1046,card_delivery_estimate,COLLOQUIAL,8.33,1,11,12,0,0,0,0,0,,False
1047,card_delivery_estimate,COLLOQUIAL,12.5,1,7,8,0,0,0,0,0,,False
1048,card_delivery_estimate,COLLOQUIAL,25.0,2,6,8,0,0,0,0,0,,False
1049,card_delivery_estimate,COLLOQUIAL,12.5,1,7,8,0,0,0,0,0,,False
1050,card_delivery_estimate,COLLOQUIAL,14.29,1,6,7,0,0,0,0,0,,False
1051,card_delivery_estimate,COLLOQUIAL,12.5,1,7,8,0,0,0,0,0,,False
1052,card_delivery_estimate,COLLOQUIAL,11.11,1,8,9,0,0,0,0,0,,False
1053,card_delivery_estimate,COLLOQUIAL,22.22,2,7,9,0,0,0,0,0,,False
1054,card_delivery_estimate,COLLOQUIAL,11.11,1,8,9,0,0,0,0,0,,False
1055,card_delivery_estimate,MIXED,0.0,0,8,8,0,0,0,0,0,,True
1056,card_delivery_estimate,COLLOQUIAL,11.11,1,8,9,0,0,0,0,0,,False
1057,card_delivery_estimate,COLLOQUIAL,14.29,1,6,7,0,0,0,0,0,,False
1058,card_delivery_estimate,COLLOQUIAL,14.29,1,6,7,0,0,0,0,0,,False
1059,card_delivery_estimate,COLLOQUIAL,40.0,2,3,5,0,0,0,0,0,,False
1060,card_delivery_estimate,COLLOQUIAL,11.11,1,8,9,0,0,0,0,0,,False
1061,card_delivery_estimate,COLLOQUIAL,28.57,2,5,7,0,0,0,0,0,,False
1062,card_delivery_estimate,COLLOQUIAL,20.0,1,4,5,0,0,0,0,0,,False
1063,card_delivery_estimate,COLLOQUIAL,16.67,1,5,6,0,0,0,0,0,,False
1064,card_delivery_estimate,COLLOQUIAL,16.67,1,5,6,0,0,0,0,0,,False
1065,card_delivery_estimate,COLLOQUIAL,28.57,2,5,7,0,0,0,0,0,,False
1066,card_delivery_estimate,COLLOQUIAL,16.67,1,5,6,0,0,0,0,0,,False
1067,card_delivery_estimate,COLLOQUIAL,16.67,1,5,6,0,0,0,0,0,,False
1068,card_delivery_estimate,COLLOQUIAL,14.29,1,6,7,0,0,0,0,0,,False
1069,card_delivery_estimate,COLLOQUIAL,14.29,1,6,7,0,0,0,0,0,,False
1070,card_delivery_estimate,COLLOQUIAL,33.33,2,4,6,0,0,0,0,0,,False
1071,card_delivery_estimate,COLLOQUIAL,14.29,1,6,7,0,0,0,0,0,,False
1072,card_delivery_estimate,COLLOQUIAL,10.0,1,9,10,0,0,0,0,0,,False
1073,card_delivery_estimate,COLLOQUIAL,33.33,2,4,6,0,0,0,0,0,,False
1074,card_delivery_estimate,COLLOQUIAL,12.5,1,7,8,0,0,0,0,0,,False
1075,card_delivery_estimate,COLLOQUIAL,25.0,1,3,4,0,0,0,0,0,,False
1076,card_delivery_estimate,COLLOQUIAL,16.67,1,5,6,0,0,0,0,0,,False
1077,card_delivery_estimate,COLLOQUIAL,15.38,2,11,13,0,0,0,0,0,,False
1078,card_delivery_estimate,COLLOQUIAL,33.33,3,6,9,0,0,0,0,0,,False
1079,card_delivery_estimate,COLLOQUIAL,9.09,1,10,11,0,0,0,0,0,,False
1080,card_delivery_estimate,COLLOQUIAL,28.57,2,5,7,0,0,0,0,0,,False
1081,card_delivery_estimate,COLLOQUIAL,50.0,2,2,4,0,0,0,0,0,,False
1082,card_delivery_estimate,COLLOQUIAL,25.0,1,3,4,0,0,0,0,0,,False
1083,card_delivery_estimate,COLLOQUIAL,40.0,3,2,5,0,0,0,0,0,,False
1084,card_delivery_estimate,COLLOQUIAL,25.0,3,9,12,0,0,0,0,0,,False
1085,card_delivery_estimate,COLLOQUIAL,22.22,2,7,9,0,0,0,0,0,,False
1086,card_delivery_estimate,COLLOQUIAL,20.0,1,4,5,0,0,0,0,0,,False
1087,card_delivery_estimate,MIXED,0.0,0,6,6,0,0,0,0,0,,True
1088,card_delivery_estimate,COLLOQUIAL,16.67,1,5,6,0,0,0,0,0,,False
1089,card_delivery_estimate,COLLOQUIAL,16.67,1,5,6,0,0,0,0,0,,False
1090,card_delivery_estimate,COLLOQUIAL,11.11,1,8,9,0,0,0,0,0,,False
1091,card_delivery_estimate,COLLOQUIAL,25.0,2,6,8,0,0,0,0,0,,False
1092,card_delivery_estimate,COLLOQUIAL,20.0,1,4,5,0,0,0,0,0,,False
1093,card_delivery_estimate,COLLOQUIAL,12.5,1,7,8,0,0,0,0,0,,False
1094,card_delivery_estimate,COLLOQUIAL,28.57,2,5,7,0,0,0,0,0,,False
1095,card_delivery_estimate,COLLOQUIAL,11.11,1,8,9,0,0,0,0,0,,False
1096,card_delivery_estimate,COLLOQUIAL,10.0,1,9,10,0,0,0,0,0,,False
1097,card_delivery_estimate,COLLOQUIAL,22.22,2,7,9,0,0,0,0,0,,False
1098,card_delivery_estimate,COLLOQUIAL,20.0,1,4,5,0,0,0,0,0,,False
1099,card_delivery_estimate,COLLOQUIAL,12.5,1,7,8,0,0,0,0,0,,False
1100,card_delivery_estimate,COLLOQUIAL,14.29,1,6,7,0,0,0,0,0,,False
1101,card_delivery_estimate,COLLOQUIAL,25.0,1,3,4,0,0,0,0,0,,False
1102,card_delivery_estimate,MIXED,0.0,0,10,10,0,0,0,0,0,,True
1103,card_delivery_estimate,MIXED,0.0,0,9,9,0,0,0,0,0,,True
1104,card_delivery_estimate,COLLOQUIAL,14.29,1,6,7,0,0,0,0,0,,False
1105,card_delivery_estimate,COLLOQUIAL,15.38,2,11,13,0,0,0,0,0,,False
1106,card_delivery_estimate,COLLOQUIAL,28.57,2,5,7,0,0,0,0,0,,False
1107,card_delivery_estimate,COLLOQUIAL,12.5,1,7,8,0,0,0,0,0,,False
1108,card_delivery_estimate,MIXED,0.0,0,5,5,0,0,0,0,0,,True
1109,card_delivery_estimate,COLLOQUIAL,14.29,1,6,7,0,0,0,0,0,,False
1110,card_delivery_estimate,COLLOQUIAL,25.0,1,3,4,0,0,0,0,0,,False
1111,card_delivery_estimate,COLLOQUIAL,14.29,1,6,7,0,0,0,0,0,,False
1112,card_delivery_estimate,COLLOQUIAL,25.0,2,6,8,0,0,0,0,0,,False
1113,card_delivery_estimate,COLLOQUIAL,14.29,1,6,7,0,0,0,0,0,,False
1114,card_delivery_estimate,MIXED,0.0,0,8,8,0,0,0,0,0,,True
1115,card_delivery_estimate,MIXED,0.0,0,5,5,0,0,0,0,0,,True
1116,card_delivery_estimate,COLLOQUIAL,25.0,1,3,4,0,0,0,0,0,,False
1117,card_delivery_estimate,COLLOQUIAL,20.0,1,4,5,0,0,0,0,0,,False
1118,automatic_top_up,MIXED,0.0,0,11,11,0,0,0,0,0,,True
1119,automatic_top_up,MIXED,0.0,0,7,7,0,0,0,0,0,,True
1120,automatic_top_up,COLLOQUIAL,14.29,1,6,7,0,0,0,0,0,,False
1121,automatic_top_up,MIXED,0.0,0,6,6,0,0,0,0,0,,True
1122,automatic_top_up,COLLOQUIAL,20.0,1,4,5,0,0,0,0,0,,False
1123,automatic_top_up,COLLOQUIAL,14.29,1,6,7,0,0,0,0,0,,False
1124,automatic_top_up,COLLOQUIAL,8.33,1,11,12,0,0,0,0,0,,False
1125,automatic_top_up,MIXED,0.0,0,12,12,0,0,0,0,0,,True
1126,automatic_top_up,COLLOQUIAL,40.0,3,2,5,0,0,0,0,0,,False
1127,automatic_top_up,COLLOQUIAL,11.11,1,8,9,0,0,0,0,0,,False
1128,automatic_top_up,COLLOQUIAL,16.67,1,5,6,0,0,0,0,0,,False
1129,automatic_top_up,COLLOQUIAL,25.0,2,6,8,0,0,0,0,0,,False
1130,automatic_top_up,COLLOQUIAL,10.0,1,9,10,0,0,0,0,0,,False
1131,automatic_top_up,COLLOQUIAL,37.5,3,5,8,0,0,0,0,0,,False
1132,automatic_top_up,COLLOQUIAL,20.0,1,4,5,0,0,0,0,0,,False
1133,automatic_top_up,COLLOQUIAL,16.67,1,5,6,0,0,0,0,0,,False
1134,automatic_top_up,COLLOQUIAL,25.0,2,6,8,0,0,0,0,0,,False
1135,automatic_top_up,COLLOQUIAL,14.29,1,6,7,0,0,0,0,0,,False
1136,automatic_top_up,COLLOQUIAL,25.0,2,6,8,0,0,0,0,0,,False
1137,automatic_top_up,COLLOQUIAL,10.0,1,9,10,0,0,0,0,0,,False
1138,automatic_top_up,COLLOQUIAL,20.0,1,4,5,0,0,0,0,0,,False
1139,automatic_top_up,COLLOQUIAL,27.27,3,8,11,0,0,0,0,0,,False
1140,automatic_top_up,COLLOQUIAL,33.33,4,8,12,0,0,0,0,0,,False
1141,automatic_top_up,COLLOQUIAL,33.33,2,4,6,0,0,0,0,0,,False
1142,automatic_top_up,COLLOQUIAL,33.33,3,6,9,0,0,0,0,0,,False
1143,automatic_top_up,MIXED,0.0,0,6,6,0,0,0,0,0,,True
1144,automatic_top_up,COLLOQUIAL,20.0,1,4,5,0,0,0,0,0,,False
1145,automatic_top_up,COLLOQUIAL,40.0,2,3,5,0,0,0,0,0,,False
1146,automatic_top_up,COLLOQUIAL,28.57,2,5,7,0,0,0,0,0,,False
1147,automatic_top_up,COLLOQUIAL,20.0,2,8,10,0,0,0,0,0,,False
1148,automatic_top_up,MIXED,0.0,0,6,6,0,0,0,0,0,,True
1149,automatic_top_up,COLLOQUIAL,11.11,1,8,9,0,0,0,0,0,,False
1150,automatic_top_up,COLLOQUIAL,14.29,1,6,7,0,0,0,0,0,,False
1151,automatic_top_up,COLLOQUIAL,14.29,1,6,7,0,0,0,0,0,,False
1152,automatic_top_up,COLLOQUIAL,11.11,1,8,9,0,0,0,0,0,,False
1153,automatic_top_up,COLLOQUIAL,20.0,2,8,10,0,0,0,0,0,,False
1154,automatic_top_up,COLLOQUIAL,40.0,3,2,5,0,0,0,0,0,,False
1155,automatic_top_up,COLLOQUIAL,22.22,2,7,9,0,0,0,0,0,,False
1156,automatic_top_up,MIXED,0.0,0,8,8,0,0,0,0,0,,True
1157,automatic_top_up,COLLOQUIAL,25.0,1,3,4,0,0,0,0,0,,False
1158,automatic_top_up,COLLOQUIAL,27.27,3,8,11,0,0,0,0,0,,False
1159,automatic_top_up,COLLOQUIAL,40.0,3,2,5,0,0,0,0,0,,False
1160,automatic_top_up,COLLOQUIAL,16.67,1,5,6,0,0,0,0,0,,False
1161,automatic_top_up,COLLOQUIAL,16.67,1,5,6,0,0,0,0,0,,False
1162,automatic_top_up,COLLOQUIAL,25.0,2,6,8,0,0,0,0,0,,False
1163,automatic_top_up,COLLOQUIAL,40.0,3,2,5,0,0,0,0,0,,False
1164,automatic_top_up,MIXED,0.0,0,5,5,0,0,0,0,0,,True
1165,automatic_top_up,COLLOQUIAL,16.67,1,5,6,0,0,0,0,0,,False
1166,automatic_top_up,COLLOQUIAL,16.67,1,5,6,0,0,0,0,0,,False
1167,automatic_top_up,COLLOQUIAL,9.09,1,10,11,0,0,0,0,0,,False
1168,automatic_top_up,COLLOQUIAL,6.67,1,14,15,0,0,0,0,0,,False
1169,automatic_top_up,COLLOQUIAL,10.0,1,9,10,0,0,0,0,0,,False
1170,automatic_top_up,COLLOQUIAL,10.0,1,9,10,0,0,0,0,0,,False
1171,automatic_top_up,COLLOQUIAL,25.0,1,3,4,0,0,0,0,0,,False
1172,automatic_top_up,MIXED,0.0,0,9,9,0,0,0,0,0,,True
1173,automatic_top_up,MIXED,0.0,0,8,8,0,0,0,0,0,,True
1174,automatic_top_up,COLLOQUIAL,25.0,1,3,4,0,0,0,0,0,,False
1175,automatic_top_up,MIXED,0.0,0,5,5,0,0,0,0,0,,True
1176,automatic_top_up,COLLOQUIAL,14.29,1,6,7,0,0,0,0,0,,False
1177,automatic_top_up,FORMAL,0.0,0,5,5,1,0,0,0,0,formal_verbs:valangappatta,True
1178,automatic_top_up,MIXED,0.0,0,7,7,0,0,0,0,0,,True
1179,automatic_top_up,COLLOQUIAL,20.0,1,4,5,0,0,0,0,0,,False
1180,automatic_top_up,MIXED,0.0,0,7,7,0,0,0,0,0,,True
1181,automatic_top_up,COLLOQUIAL,40.0,2,3,5,0,0,0,0,0,,False
1182,automatic_top_up,MIXED,0.0,0,9,9,0,0,0,0,0,,True
1183,automatic_top_up,MIXED,0.0,0,6,6,0,0,0,0,0,,True
1184,automatic_top_up,COLLOQUIAL,16.67,1,5,6,0,0,0,0,0,,False
1185,automatic_top_up,MIXED,0.0,0,11,11,0,0,0,0,0,,True
1186,automatic_top_up,COLLOQUIAL,11.11,1,8,9,0,0,0,0,0,,False
1187,automatic_top_up,COLLOQUIAL,10.0,1,9,10,0,0,0,0,0,,False
1188,automatic_top_up,COLLOQUIAL,25.0,1,3,4,0,0,0,0,0,,False
1189,automatic_top_up,MIXED,0.0,0,5,5,0,0,0,0,0,,True
1190,automatic_top_up,COLLOQUIAL,10.0,1,9,10,0,0,0,0,0,,False
1191,automatic_top_up,COLLOQUIAL,20.0,1,4,5,0,0,0,0,0,,False
1192,automatic_top_up,COLLOQUIAL,20.0,1,4,5,0,0,0,0,0,,False
1193,automatic_top_up,COLLOQUIAL,18.18,2,9,11,0,0,0,0,0,,False
1194,automatic_top_up,COLLOQUIAL,25.0,1,3,4,0,0,0,0,0,,False
1195,automatic_top_up,MIXED,0.0,0,5,5,0,0,0,0,0,,True
1196,automatic_top_up,MIXED,0.0,0,7,7,0,0,0,0,0,,True
1197,automatic_top_up,MIXED,0.0,0,6,6,0,0,0,0,0,,True
1198,automatic_top_up,COLLOQUIAL,12.5,1,7,8,0,0,0,0,0,,False
1199,automatic_top_up,COLLOQUIAL,7.69,1,12,13,0,0,0,0,0,,False
1200,automatic_top_up,COLLOQUIAL,12.5,1,7,8,0,0,0,0,0,,False
1201,automatic_top_up,MIXED,0.0,0,8,8,0,0,0,0,0,,True
1202,automatic_top_up,COLLOQUIAL,16.67,1,5,6,0,0,0,0,0,,False
1203,automatic_top_up,MIXED,0.0,0,5,5,0,0,0,0,0,,True
1204,automatic_top_up,MIXED,0.0,0,7,7,0,0,0,0,0,,True
1205,automatic_top_up,COLLOQUIAL,20.0,2,8,10,0,0,0,0,0,,False
1206,automatic_top_up,COLLOQUIAL,20.0,1,4,5,0,0,0,0,0,,False
1207,automatic_top_up,COLLOQUIAL,12.5,1,7,8,0,0,0,0,0,,False
1208,automatic_top_up,MIXED,0.0,0,5,5,0,0,0,0,0,,True
1209,automatic_top_up,MIXED,0.0,0,8,8,0,0,0,0,0,,True
1210,automatic_top_up,MIXED,0.0,0,7,7,0,0,0,0,0,,True
1211,automatic_top_up,COLLOQUIAL,25.0,1,3,4,0,0,0,0,0,,False
1212,automatic_top_up,COLLOQUIAL,14.29,1,6,7,0,0,0,0,0,,False
1213,automatic_top_up,MIXED,0.0,0,11,11,0,0,0,0,0,,True
1214,automatic_top_up,COLLOQUIAL,50.0,3,3,6,0,0,0,0,0,,False
1215,automatic_top_up,MIXED,0.0,0,4,4,0,0,0,0,0,,True
1216,automatic_top_up,COLLOQUIAL,28.57,2,5,7,0,0,0,0,0,,False
1217,automatic_top_up,COLLOQUIAL,20.0,1,4,5,0,0,0,0,0,,False
1218,automatic_top_up,MIXED,0.0,0,6,6,0,0,0,0,0,,True
1219,automatic_top_up,COLLOQUIAL,25.0,2,6,8,0,0,0,0,0,,False
1220,automatic_top_up,MIXED,0.0,0,5,5,0,0,0,0,0,,True
1221,automatic_top_up,COLLOQUIAL,20.0,2,8,10,0,0,0,0,0,,False
1222,automatic_top_up,MIXED,0.0,0,7,7,0,0,0,0,0,,True
1223,automatic_top_up,MIXED,0.0,0,4,4,0,0,0,0,0,,True
1224,automatic_top_up,MIXED,0.0,0,10,10,0,0,0,0,0,,True
1225,automatic_top_up,MIXED,0.0,0,7,7,0,0,0,0,0,,True
1226,automatic_top_up,COLLOQUIAL,28.57,2,5,7,0,0,0,0,0,,False
1227,automatic_top_up,COLLOQUIAL,28.57,2,5,7,0,0,0,0,0,,False
1228,automatic_top_up,MIXED,0.0,0,7,7,0,0,0,0,0,,True
1229,automatic_top_up,MIXED,0.0,0,9,9,0,0,0,0,0,,True
1230,automatic_top_up,COLLOQUIAL,16.67,1,5,6,0,0,0,0,0,,False
1231,automatic_top_up,MIXED,0.0,0,10,10,0,0,0,0,0,,True
1232,automatic_top_up,COLLOQUIAL,25.0,2,6,8,0,0,0,0,0,,False
1233,automatic_top_up,COLLOQUIAL,11.11,1,8,9,0,0,0,0,0,,False
1234,automatic_top_up,MIXED,0.0,0,6,6,0,0,0,0,0,,True
1235,automatic_top_up,COLLOQUIAL,20.0,1,4,5,0,0,0,0,0,,False
1236,automatic_top_up,MIXED,0.0,0,13,13,0,0,0,0,0,,True
1237,automatic_top_up,MIXED,0.0,0,7,7,0,0,0,0,0,,True
1238,automatic_top_up,MIXED,0.0,0,11,11,0,0,0,0,0,,True
1239,automatic_top_up,COLLOQUIAL,20.0,1,4,5,0,0,0,0,0,,False
1240,automatic_top_up,COLLOQUIAL,20.0,2,8,10,0,0,0,0,0,,False
1241,automatic_top_up,COLLOQUIAL,9.09,1,10,11,0,0,0,0,0,,False
1242,automatic_top_up,MIXED,0.0,0,4,4,0,0,0,0,0,,True
1243,automatic_top_up,COLLOQUIAL,25.0,1,3,4,0,0,0,0,0,,False
1244,automatic_top_up,COLLOQUIAL,10.0,1,9,10,0,0,0,0,0,,False
1245,card_not_working,COLLOQUIAL,20.0,2,8,10,0,0,0,0,0,,False
1246,card_not_working,COLLOQUIAL,12.5,1,7,8,0,0,0,0,0,,False
1247,card_not_working,COLLOQUIAL,16.67,2,10,12,0,0,0,0,0,,False
1248,card_not_working,COLLOQUIAL,21.43,3,11,14,0,0,0,0,0,,False
1249,card_not_working,MIXED,0.0,0,6,6,0,0,0,0,0,,True
1250,card_not_working,COLLOQUIAL,12.5,1,7,8,0,0,0,0,0,,False
1251,card_not_working,COLLOQUIAL,12.5,1,7,8,0,0,0,0,0,,False
1252,card_not_working,COLLOQUIAL,12.5,1,7,8,0,0,0,0,0,,False
1253,card_not_working,COLLOQUIAL,14.29,1,6,7,0,0,0,0,0,,False
1254,card_not_working,MIXED,0.0,0,8,8,0,0,0,0,0,,True
1255,card_not_working,COLLOQUIAL,16.67,1,5,6,0,0,0,0,0,,False
1256,card_not_working,COLLOQUIAL,15.38,2,11,13,0,0,0,0,0,,False
1257,card_not_working,COLLOQUIAL,20.0,1,4,5,0,0,0,0,0,,False
1258,card_not_working,MIXED,0.0,0,6,6,0,0,0,0,0,,True
1259,card_not_working,COLLOQUIAL,12.5,1,7,8,0,0,0,0,0,,False
1260,card_not_working,COLLOQUIAL,20.0,1,4,5,0,0,0,0,0,,False
1261,card_not_working,COLLOQUIAL,25.0,1,3,4,0,0,0,0,0,,False
1262,card_not_working,COLLOQUIAL,25.0,1,3,4,0,0,0,0,0,,False
1263,card_not_working,MIXED,0.0,0,4,4,0,0,0,0,0,,True
1264,card_not_working,COLLOQUIAL,14.29,1,6,7,0,0,0,0,0,,False
1265,card_not_working,COLLOQUIAL,20.0,2,8,10,0,0,0,0,0,,False
1266,card_not_working,COLLOQUIAL,11.11,1,8,9,0,0,0,0,0,,False
1267,card_not_working,COLLOQUIAL,14.29,1,6,7,0,0,0,0,0,,False
1268,card_not_working,COLLOQUIAL,25.0,1,3,4,0,0,0,0,0,,False
1269,card_not_working,COLLOQUIAL,16.67,1,5,6,0,0,0,0,0,,False
1270,card_not_working,COLLOQUIAL,15.79,3,16,19,0,0,0,0,0,,False
1271,card_not_working,COLLOQUIAL,18.18,2,9,11,0,0,0,0,0,,False
1272,card_not_working,MIXED,0.0,0,3,3,0,0,0,0,0,,True
1273,card_not_working,COLLOQUIAL,20.0,2,8,10,0,0,0,0,0,,False
1274,card_not_working,COLLOQUIAL,12.5,1,7,8,0,0,0,0,0,,False
1275,card_not_working,COLLOQUIAL,14.29,1,6,7,0,0,0,0,0,,False
1276,card_not_working,COLLOQUIAL,20.0,2,8,10,0,0,0,0,0,,False
1277,card_not_working,COLLOQUIAL,10.0,1,9,10,0,0,0,0,0,,False
1278,card_not_working,COLLOQUIAL,20.0,1,4,5,0,0,0,0,0,,False
1279,card_not_working,COLLOQUIAL,20.0,1,4,5,0,0,0,0,0,,False
1280,card_not_working,COLLOQUIAL,12.5,1,7,8,0,0,0,0,0,,False
1281,card_not_working,COLLOQUIAL,12.5,1,7,8,0,0,0,0,0,,False
1282,card_not_working,COLLOQUIAL,18.18,2,9,11,0,0,0,0,0,,False
1283,card_not_working,COLLOQUIAL,12.5,1,7,8,0,0,0,0,0,,False
1284,card_not_working,COLLOQUIAL,12.5,1,7,8,0,0,0,0,0,,False
1285,card_not_working,COLLOQUIAL,14.29,1,6,7,0,0,0,0,0,,False
1286,card_not_working,COLLOQUIAL,25.0,4,12,16,0,0,0,0,0,,False
1287,card_not_working,COLLOQUIAL,20.0,1,4,5,0,0,0,0,0,,False
1288,card_not_working,COLLOQUIAL,33.33,3,6,9,0,0,0,0,0,,False
1289,card_not_working,COLLOQUIAL,20.0,1,4,5,0,0,0,0,0,,False
1291,card_not_working,COLLOQUIAL,16.67,1,5,6,0,0,0,0,0,,False
1292,card_not_working,COLLOQUIAL,33.33,2,4,6,0,0,0,0,0,,False
1293,card_not_working,COLLOQUIAL,16.67,1,5,6,0,0,0,0,0,,False
1294,card_not_working,MIXED,0.0,0,8,8,0,0,0,0,0,,True
1295,card_not_working,COLLOQUIAL,25.0,1,3,4,0,0,0,0,0,,False
1296,card_not_working,COLLOQUIAL,18.18,2,9,11,0,0,0,0,0,,False
1297,card_not_working,COLLOQUIAL,11.11,1,8,9,0,0,0,0,0,,False
1298,card_not_working,COLLOQUIAL,14.29,1,6,7,0,0,0,0,0,,False
1299,card_not_working,COLLOQUIAL,16.67,1,5,6,0,0,0,0,0,,False
1300,card_not_working,COLLOQUIAL,20.0,2,8,10,0,0,0,0,0,,False
1301,card_not_working,MIXED,0.0,0,7,7,0,0,0,0,0,,True
1302,card_not_working,COLLOQUIAL,16.67,1,5,6,0,0,0,0,0,,False
1303,card_not_working,COLLOQUIAL,14.29,1,6,7,0,0,0,0,0,,False
1304,card_not_working,COLLOQUIAL,7.69,1,12,13,0,0,0,0,0,,False
1305,card_not_working,COLLOQUIAL,11.11,1,8,9,0,0,0,0,0,,False
1306,card_not_working,COLLOQUIAL,28.57,2,5,7,0,0,0,0,0,,False
1307,card_not_working,COLLOQUIAL,50.0,3,3,6,0,0,0,0,0,,False
1308,card_not_working,COLLOQUIAL,7.69,1,12,13,0,0,0,0,0,,False
1309,card_not_working,COLLOQUIAL,16.67,1,5,6,0,0,0,0,0,,False
1310,card_not_working,MIXED,0.0,0,8,8,0,0,0,0,0,,True
1311,card_not_working,MIXED,0.0,0,5,5,0,0,0,0,0,,True
1312,card_not_working,MIXED,0.0,0,6,6,0,0,0,0,0,,True
1313,card_not_working,MIXED,0.0,0,9,9,0,0,0,0,0,,True
1314,card_not_working,MIXED,0.0,0,9,9,0,0,0,0,0,,True
1315,card_not_working,COLLOQUIAL,14.29,4,24,28,0,0,0,0,0,,False
1316,card_not_working,MIXED,0.0,0,12,12,0,0,0,0,0,,True
1317,card_not_working,COLLOQUIAL,25.0,2,6,8,0,0,0,0,0,,False
1318,card_not_working,COLLOQUIAL,16.67,2,10,12,0,0,0,0,0,,False
1319,card_not_working,COLLOQUIAL,18.18,2,9,11,0,0,0,0,0,,False
1320,card_not_working,COLLOQUIAL,33.33,1,2,3,0,0,0,0,0,,False
1321,card_not_working,MIXED,0.0,0,12,12,0,0,0,0,0,,True
1322,card_not_working,COLLOQUIAL,18.18,2,9,11,0,0,0,0,0,,False
1323,card_not_working,MIXED,0.0,0,8,8,0,0,0,0,0,,True
1324,card_not_working,COLLOQUIAL,14.29,1,6,7,0,0,0,0,0,,False
1325,card_not_working,COLLOQUIAL,16.67,1,5,6,0,0,0,0,0,,False
1326,card_not_working,COLLOQUIAL,16.67,1,5,6,0,0,0,0,0,,False
1327,card_not_working,COLLOQUIAL,12.5,1,7,8,0,0,0,0,0,,False
1328,card_not_working,COLLOQUIAL,15.79,3,16,19,0,0,0,0,0,,False
1329,card_not_working,COLLOQUIAL,11.11,1,8,9,0,0,0,0,0,,False
1330,card_not_working,COLLOQUIAL,22.22,2,7,9,0,0,0,0,0,,False
1331,card_not_working,COLLOQUIAL,12.5,1,7,8,0,0,0,0,0,,False
1332,card_not_working,COLLOQUIAL,28.57,4,10,14,0,0,0,0,0,,False
1333,card_not_working,COLLOQUIAL,33.33,1,2,3,0,0,0,0,0,,False
1334,card_not_working,COLLOQUIAL,35.0,7,13,20,0,0,0,0,0,,False
1335,card_not_working,COLLOQUIAL,20.0,1,4,5,0,0,0,0,0,,False
1336,card_not_working,MIXED,0.0,0,6,6,0,0,0,0,0,,True
1337,card_not_working,COLLOQUIAL,12.5,1,7,8,0,0,0,0,0,,False
1338,card_not_working,COLLOQUIAL,40.0,2,3,5,0,0,0,0,0,,False
1339,card_not_working,COLLOQUIAL,16.67,1,5,6,0,0,0,0,0,,False
1340,card_not_working,COLLOQUIAL,14.29,1,6,7,0,0,0,0,0,,False
1341,card_not_working,COLLOQUIAL,14.29,1,6,7,0,0,0,0,0,,False
1342,card_not_working,COLLOQUIAL,20.0,2,8,10,0,0,0,0,0,,False
1343,card_not_working,COLLOQUIAL,33.33,3,6,9,0,0,0,0,0,,False
1344,card_not_working,COLLOQUIAL,18.18,2,9,11,0,0,0,0,0,,False
1345,card_not_working,COLLOQUIAL,8.33,1,11,12,0,0,0,0,0,,False
1346,card_not_working,COLLOQUIAL,10.0,1,9,10,0,0,0,0,0,,False
1347,card_not_working,COLLOQUIAL,20.0,1,4,5,0,0,0,0,0,,False
1348,card_not_working,COLLOQUIAL,11.11,1,8,9,0,0,0,0,0,,False
1349,card_not_working,COLLOQUIAL,50.0,2,2,4,0,0,0,0,0,,False
1350,card_not_working,COLLOQUIAL,20.0,1,4,5,0,0,0,0,0,,False
1351,card_not_working,COLLOQUIAL,16.67,1,5,6,0,0,0,0,0,,False
1352,card_not_working,COLLOQUIAL,23.08,3,10,13,0,0,0,0,0,,False
1353,card_not_working,MIXED,0.0,0,6,6,0,0,0,0,0,,True
1354,card_not_working,COLLOQUIAL,12.5,1,7,8,0,0,0,0,0,,False
1355,card_not_working,COLLOQUIAL,11.11,1,8,9,0,0,0,0,0,,False
1356,card_not_working,COLLOQUIAL,25.0,2,6,8,0,0,0,0,0,,False
1357,exchange_via_app,COLLOQUIAL,28.57,2,5,7,0,0,0,0,0,,False
1358,exchange_via_app,COLLOQUIAL,28.57,4,10,14,0,0,0,0,0,,False
1359,exchange_via_app,COLLOQUIAL,16.67,1,5,6,0,0,0,0,0,,False
1360,exchange_via_app,COLLOQUIAL,44.44,5,4,9,0,0,0,0,0,,False
1361,exchange_via_app,COLLOQUIAL,30.0,3,7,10,0,0,0,0,0,,False
1362,exchange_via_app,COLLOQUIAL,9.09,1,10,11,0,0,0,0,0,,False
1363,exchange_via_app,COLLOQUIAL,28.57,2,5,7,0,0,0,0,0,,False
1364,exchange_via_app,COLLOQUIAL,12.5,1,7,8,0,0,0,0,0,,False
1365,exchange_via_app,COLLOQUIAL,28.57,2,5,7,0,0,0,0,0,,False
1366,exchange_via_app,COLLOQUIAL,33.33,3,6,9,0,0,0,0,0,,False
1367,exchange_via_app,COLLOQUIAL,25.0,2,6,8,0,0,0,0,0,,False
1368,exchange_via_app,COLLOQUIAL,37.5,3,5,8,0,0,0,0,0,,False
1369,exchange_via_app,MIXED,0.0,0,6,6,0,0,0,0,0,,True
1370,exchange_via_app,COLLOQUIAL,30.0,3,7,10,0,0,0,0,0,,False
1371,exchange_via_app,COLLOQUIAL,33.33,2,4,6,0,0,0,0,0,,False
1372,exchange_via_app,COLLOQUIAL,50.0,2,2,4,0,0,0,0,0,,False
1373,exchange_via_app,MIXED,0.0,0,6,6,0,0,0,0,0,,True
1374,exchange_via_app,MIXED,0.0,0,6,6,0,0,0,0,0,,True
1375,exchange_via_app,COLLOQUIAL,25.0,1,3,4,0,0,0,0,0,,False
1376,exchange_via_app,COLLOQUIAL,20.0,2,8,10,0,0,0,0,0,,False
1377,exchange_via_app,COLLOQUIAL,16.67,1,5,6,0,0,0,0,0,,False
1378,exchange_via_app,COLLOQUIAL,50.0,2,2,4,0,0,0,0,0,,False
1379,exchange_via_app,COLLOQUIAL,36.36,4,7,11,0,0,0,0,0,,False
1380,exchange_via_app,COLLOQUIAL,30.0,3,7,10,0,0,0,0,0,,False
1381,exchange_via_app,COLLOQUIAL,37.5,3,5,8,0,0,0,0,0,,False
1382,exchange_via_app,COLLOQUIAL,40.0,4,6,10,0,0,0,0,0,,False
1383,exchange_via_app,COLLOQUIAL,37.5,3,5,8,0,0,0,0,0,,False
1384,exchange_via_app,MIXED,0.0,0,6,6,0,0,0,0,0,,True
1385,exchange_via_app,COLLOQUIAL,42.86,4,3,7,0,0,0,0,0,,False
1386,exchange_via_app,COLLOQUIAL,50.0,3,3,6,0,0,0,0,0,,False
1387,exchange_via_app,COLLOQUIAL,14.29,1,6,7,0,0,0,0,0,,False
1388,exchange_via_app,COLLOQUIAL,42.86,4,3,7,0,0,0,0,0,,False
1389,exchange_via_app,COLLOQUIAL,50.0,4,4,8,0,0,0,0,0,,False
1390,exchange_via_app,COLLOQUIAL,33.33,3,6,9,0,0,0,0,0,,False
1391,exchange_via_app,MIXED,0.0,0,5,5,0,0,0,0,0,,True
1392,exchange_via_app,COLLOQUIAL,20.0,1,4,5,0,0,0,0,0,,False
1393,exchange_via_app,COLLOQUIAL,27.27,3,8,11,0,0,0,0,0,,False
1394,exchange_via_app,COLLOQUIAL,16.67,2,10,12,0,0,0,0,0,,False
1395,exchange_via_app,COLLOQUIAL,33.33,2,4,6,0,0,0,0,0,,False
1396,exchange_via_app,MIXED,0.0,0,6,6,0,0,0,0,0,,True
1397,exchange_via_app,COLLOQUIAL,33.33,2,4,6,0,0,0,0,0,,False
1398,exchange_via_app,COLLOQUIAL,14.29,1,6,7,0,0,0,0,0,,False
1399,exchange_via_app,COLLOQUIAL,42.86,3,4,7,0,0,0,0,0,,False
1400,exchange_via_app,COLLOQUIAL,28.57,2,5,7,0,0,0,0,0,,False
1401,exchange_via_app,COLLOQUIAL,15.38,2,11,13,0,0,0,0,0,,False
1402,exchange_via_app,COLLOQUIAL,12.5,1,7,8,0,0,0,0,0,,False
1403,exchange_via_app,COLLOQUIAL,25.0,2,6,8,0,0,0,0,0,,False
1404,exchange_via_app,MIXED,0.0,0,7,7,0,0,0,0,0,,True
1405,exchange_via_app,COLLOQUIAL,22.22,2,7,9,0,0,0,0,0,,False
1406,exchange_via_app,COLLOQUIAL,20.0,1,4,5,0,0,0,0,0,,False
1407,exchange_via_app,COLLOQUIAL,37.5,3,5,8,0,0,0,0,0,,False
1408,exchange_via_app,COLLOQUIAL,15.38,2,11,13,0,0,0,0,0,,False
1409,exchange_via_app,COLLOQUIAL,27.27,3,8,11,0,0,0,0,0,,False
1410,exchange_via_app,COLLOQUIAL,28.57,2,5,7,0,0,0,0,0,,False
1411,exchange_via_app,COLLOQUIAL,9.09,1,10,11,0,0,0,0,0,,False
1412,exchange_via_app,COLLOQUIAL,33.33,2,4,6,0,0,0,0,0,,False
1413,exchange_via_app,COLLOQUIAL,44.44,4,5,9,0,0,0,0,0,,False
1414,exchange_via_app,COLLOQUIAL,44.44,4,5,9,0,0,0,0,0,,False
1415,exchange_via_app,COLLOQUIAL,42.86,3,4,7,0,0,0,0,0,,False
1416,exchange_via_app,COLLOQUIAL,28.57,2,5,7,0,0,0,0,0,,False
1417,exchange_via_app,COLLOQUIAL,41.67,5,7,12,0,0,0,0,0,,False
1418,exchange_via_app,COLLOQUIAL,33.33,2,4,6,0,0,0,0,0,,False
1419,exchange_via_app,COLLOQUIAL,42.86,3,4,7,0,0,0,0,0,,False
1420,exchange_via_app,COLLOQUIAL,30.0,3,7,10,0,0,0,0,0,,False
1421,exchange_via_app,COLLOQUIAL,23.08,3,10,13,0,0,0,0,0,,False
1422,exchange_via_app,COLLOQUIAL,45.45,5,6,11,0,0,0,0,0,,False
1423,exchange_via_app,COLLOQUIAL,37.5,3,5,8,0,0,0,0,0,,False
1424,exchange_via_app,COLLOQUIAL,44.44,4,5,9,0,0,0,0,0,,False
1425,exchange_via_app,COLLOQUIAL,21.43,3,11,14,0,0,0,0,0,,False
1426,exchange_via_app,COLLOQUIAL,28.57,2,5,7,0,0,0,0,0,,False
1427,exchange_via_app,COLLOQUIAL,33.33,2,4,6,0,0,0,0,0,,False
1428,exchange_via_app,COLLOQUIAL,16.67,2,10,12,0,0,0,0,0,,False
1429,exchange_via_app,COLLOQUIAL,40.0,3,2,5,0,0,0,0,0,,False
1430,exchange_via_app,COLLOQUIAL,30.0,3,7,10,0,0,0,0,0,,False
1431,exchange_via_app,COLLOQUIAL,50.0,2,2,4,0,0,0,0,0,,False
1432,exchange_via_app,COLLOQUIAL,37.5,3,5,8,0,0,0,0,0,,False
1433,exchange_via_app,COLLOQUIAL,28.57,2,5,7,0,0,0,0,0,,False
1434,exchange_via_app,COLLOQUIAL,28.57,2,5,7,0,0,0,0,0,,False
1435,exchange_via_app,COLLOQUIAL,40.0,3,2,5,0,0,0,0,0,,False
1436,exchange_via_app,COLLOQUIAL,50.0,3,3,6,0,0,0,0,0,,False
1437,exchange_via_app,COLLOQUIAL,37.5,3,5,8,0,0,0,0,0,,False
1438,exchange_via_app,COLLOQUIAL,16.67,1,5,6,0,0,0,0,0,,False
1439,exchange_via_app,COLLOQUIAL,40.0,2,3,5,0,0,0,0,0,,False
1440,exchange_via_app,COLLOQUIAL,10.0,1,9,10,0,0,0,0,0,,False
1441,exchange_via_app,COLLOQUIAL,30.0,3,7,10,0,0,0,0,0,,False
1442,exchange_via_app,COLLOQUIAL,25.0,1,3,4,0,0,0,0,0,,False
1443,exchange_via_app,COLLOQUIAL,40.0,2,3,5,0,0,0,0,0,,False
1444,exchange_via_app,COLLOQUIAL,18.18,2,9,11,0,0,0,0,0,,False
1445,exchange_via_app,COLLOQUIAL,18.75,3,13,16,0,0,0,0,0,,False
1446,exchange_via_app,COLLOQUIAL,40.0,4,6,10,0,0,0,0,0,,False
1447,exchange_via_app,COLLOQUIAL,42.86,3,4,7,0,0,0,0,0,,False
1448,exchange_via_app,COLLOQUIAL,25.0,2,6,8,0,0,0,0,0,,False
1449,exchange_via_app,COLLOQUIAL,11.11,1,8,9,0,0,0,0,0,,False
1450,exchange_via_app,COLLOQUIAL,14.29,1,6,7,0,0,0,0,0,,False
1451,exchange_via_app,COLLOQUIAL,25.0,2,6,8,0,0,0,0,0,,False
1452,exchange_via_app,COLLOQUIAL,14.29,1,6,7,0,0,0,0,0,,False
1453,exchange_via_app,COLLOQUIAL,37.5,3,5,8,0,0,0,0,0,,False
1454,exchange_via_app,COLLOQUIAL,25.0,1,3,4,0,0,0,0,0,,False
1455,exchange_via_app,COLLOQUIAL,12.5,1,7,8,0,0,0,0,0,,False
1456,exchange_via_app,MIXED,0.0,0,5,5,0,0,0,0,0,,True
1457,exchange_via_app,COLLOQUIAL,11.11,1,8,9,0,0,0,0,0,,False
1458,exchange_via_app,COLLOQUIAL,25.0,2,6,8,0,0,0,0,0,,False
1459,exchange_via_app,COLLOQUIAL,37.5,3,5,8,0,0,0,0,0,,False
1460,exchange_via_app,COLLOQUIAL,37.5,3,5,8,0,0,0,0,0,,False
1461,exchange_via_app,COLLOQUIAL,33.33,2,1,3,0,0,0,0,0,,False
1462,exchange_via_app,COLLOQUIAL,16.67,1,5,6,0,0,0,0,0,,False
1463,exchange_via_app,COLLOQUIAL,12.5,1,7,8,0,0,0,0,0,,False
1464,exchange_via_app,COLLOQUIAL,37.5,3,5,8,0,0,0,0,0,,False
1465,exchange_via_app,COLLOQUIAL,50.0,2,2,4,0,0,0,0,0,,False
1466,exchange_via_app,COLLOQUIAL,37.5,3,5,8,0,0,0,0,0,,False
1467,exchange_via_app,COLLOQUIAL,28.57,2,5,7,0,0,0,0,0,,False
1468,exchange_via_app,COLLOQUIAL,16.67,1,5,6,0,0,0,0,0,,False
1469,exchange_via_app,COLLOQUIAL,22.22,2,7,9,0,0,0,0,0,,False
1470,exchange_via_app,COLLOQUIAL,11.11,1,8,9,0,0,0,0,0,,False
1471,exchange_via_app,COLLOQUIAL,8.33,1,11,12,0,0,0,0,0,,False
1472,exchange_via_app,COLLOQUIAL,25.0,2,6,8,0,0,0,0,0,,False
1473,exchange_via_app,COLLOQUIAL,12.5,2,14,16,0,0,0,0,0,,False
1474,exchange_via_app,COLLOQUIAL,14.29,1,6,7,0,0,0,0,0,,False
1475,lost_or_stolen_card,COLLOQUIAL,14.29,1,6,7,0,0,0,0,0,,False
1476,lost_or_stolen_card,COLLOQUIAL,11.11,1,8,9,0,0,0,0,0,,False
1477,lost_or_stolen_card,COLLOQUIAL,12.5,1,7,8,0,0,0,0,0,,False
1478,lost_or_stolen_card,COLLOQUIAL,14.29,1,6,7,0,0,0,0,0,,False
1479,lost_or_stolen_card,COLLOQUIAL,12.5,1,7,8,0,0,0,0,0,,False
1480,lost_or_stolen_card,COLLOQUIAL,12.5,1,7,8,0,0,0,0,0,,False
1481,lost_or_stolen_card,COLLOQUIAL,33.33,2,4,6,0,0,0,0,0,,False
1482,lost_or_stolen_card,COLLOQUIAL,16.67,1,5,6,0,0,0,0,0,,False
1483,lost_or_stolen_card,COLLOQUIAL,23.08,6,20,26,0,0,0,0,0,,False
1484,lost_or_stolen_card,COLLOQUIAL,20.0,1,4,5,0,0,0,0,0,,False
1485,lost_or_stolen_card,COLLOQUIAL,33.33,2,4,6,0,0,0,0,0,,False
1486,lost_or_stolen_card,COLLOQUIAL,16.67,1,5,6,0,0,0,0,0,,False
1487,lost_or_stolen_card,COLLOQUIAL,25.0,1,3,4,0,0,0,0,0,,False
1488,lost_or_stolen_card,COLLOQUIAL,12.5,1,7,8,0,0,0,0,0,,False
1489,lost_or_stolen_card,COLLOQUIAL,8.33,1,11,12,0,0,0,0,0,,False
1490,lost_or_stolen_card,COLLOQUIAL,22.22,2,7,9,0,0,0,0,0,,False
1491,lost_or_stolen_card,COLLOQUIAL,16.67,1,5,6,0,0,0,0,0,,False
1492,lost_or_stolen_card,MIXED,0.0,0,6,6,0,0,0,0,0,,True
1493,lost_or_stolen_card,COLLOQUIAL,42.86,3,4,7,0,0,0,0,0,,False
1494,lost_or_stolen_card,COLLOQUIAL,16.67,1,5,6,0,0,0,0,0,,False
1495,lost_or_stolen_card,COLLOQUIAL,12.5,1,7,8,0,0,0,0,0,,False
1496,lost_or_stolen_card,COLLOQUIAL,17.65,3,14,17,0,0,0,0,0,,False
1497,lost_or_stolen_card,COLLOQUIAL,5.56,2,34,36,0,0,0,0,0,,False
1498,lost_or_stolen_card,COLLOQUIAL,18.75,3,13,16,0,0,0,0,0,,False
1499,lost_or_stolen_card,COLLOQUIAL,20.0,1,4,5,0,0,0,0,0,,False
1500,lost_or_stolen_card,COLLOQUIAL,25.0,2,6,8,0,0,0,0,0,,False
1501,lost_or_stolen_card,MIXED,0.0,0,4,4,0,0,0,0,0,,True
1502,lost_or_stolen_card,COLLOQUIAL,14.29,1,6,7,0,0,0,0,0,,False
1503,lost_or_stolen_card,COLLOQUIAL,7.69,1,12,13,0,0,0,0,0,,False
1504,lost_or_stolen_card,COLLOQUIAL,20.0,1,4,5,0,0,0,0,0,,False
1505,lost_or_stolen_card,COLLOQUIAL,13.33,2,13,15,0,0,0,0,0,,False
1506,lost_or_stolen_card,COLLOQUIAL,14.29,1,6,7,0,0,0,0,0,,False
1507,lost_or_stolen_card,COLLOQUIAL,14.29,1,6,7,0,0,0,0,0,,False
1508,lost_or_stolen_card,MIXED,0.0,0,6,6,0,0,0,0,0,,True
1509,lost_or_stolen_card,COLLOQUIAL,25.0,2,6,8,0,0,0,0,0,,False
1510,lost_or_stolen_card,COLLOQUIAL,16.67,1,5,6,0,0,0,0,0,,False
1511,lost_or_stolen_card,COLLOQUIAL,40.0,2,3,5,0,0,0,0,0,,False
1512,lost_or_stolen_card,COLLOQUIAL,16.67,1,5,6,0,0,0,0,0,,False
1513,lost_or_stolen_card,COLLOQUIAL,20.0,1,4,5,0,0,0,0,0,,False
1514,lost_or_stolen_card,COLLOQUIAL,40.0,2,3,5,0,0,0,0,0,,False
1515,lost_or_stolen_card,COLLOQUIAL,12.5,2,14,16,0,0,0,0,0,,False
1516,lost_or_stolen_card,COLLOQUIAL,12.5,1,7,8,0,0,0,0,0,,False
1517,lost_or_stolen_card,COLLOQUIAL,40.0,2,3,5,0,0,0,0,0,,False
1518,lost_or_stolen_card,COLLOQUIAL,12.5,1,7,8,0,0,0,0,0,,False
1519,lost_or_stolen_card,COLLOQUIAL,10.0,1,9,10,0,0,0,0,0,,False
1520,lost_or_stolen_card,COLLOQUIAL,18.75,3,13,16,0,0,0,0,0,,False
1521,lost_or_stolen_card,COLLOQUIAL,14.29,1,6,7,0,0,0,0,0,,False
1522,lost_or_stolen_card,MIXED,0.0,0,3,3,0,0,0,0,0,,True
1523,lost_or_stolen_card,COLLOQUIAL,10.0,1,9,10,0,0,0,0,0,,False
1524,lost_or_stolen_card,MIXED,0.0,0,7,7,0,0,0,0,0,,True
1525,lost_or_stolen_card,COLLOQUIAL,20.0,2,8,10,0,0,0,0,0,,False
1526,lost_or_stolen_card,MIXED,0.0,0,6,6,0,0,0,0,0,,True
1527,lost_or_stolen_card,COLLOQUIAL,16.67,1,5,6,0,0,0,0,0,,False
1528,lost_or_stolen_card,MIXED,0.0,0,7,7,0,0,0,0,0,,True
1529,lost_or_stolen_card,COLLOQUIAL,11.11,1,8,9,0,0,0,0,0,,False
1530,lost_or_stolen_card,COLLOQUIAL,25.0,1,3,4,0,0,0,0,0,,False
1531,lost_or_stolen_card,COLLOQUIAL,25.0,6,18,24,0,0,0,0,0,,False
1532,lost_or_stolen_card,COLLOQUIAL,37.5,3,5,8,0,0,0,0,0,,False
1533,lost_or_stolen_card,COLLOQUIAL,12.5,1,7,8,0,0,0,0,0,,False
1534,lost_or_stolen_card,COLLOQUIAL,33.33,3,6,9,0,0,0,0,0,,False
1535,lost_or_stolen_card,MIXED,0.0,0,8,8,0,0,0,0,0,,True
1536,lost_or_stolen_card,COLLOQUIAL,14.29,1,6,7,0,0,0,0,0,,False
1537,lost_or_stolen_card,MIXED,0.0,0,4,4,0,0,0,0,0,,True
1538,lost_or_stolen_card,COLLOQUIAL,12.5,1,7,8,0,0,0,0,0,,False
1539,lost_or_stolen_card,COLLOQUIAL,20.0,1,4,5,0,0,0,0,0,,False
1540,lost_or_stolen_card,MIXED,0.0,0,6,6,0,0,0,0,0,,True
1541,lost_or_stolen_card,COLLOQUIAL,20.0,4,16,20,0,0,0,0,0,,False
1542,lost_or_stolen_card,MIXED,0.0,0,7,7,0,0,0,0,0,,True
1543,lost_or_stolen_card,COLLOQUIAL,28.57,2,5,7,0,0,0,0,0,,False
1544,lost_or_stolen_card,COLLOQUIAL,40.0,2,3,5,0,0,0,0,0,,False
1545,lost_or_stolen_card,COLLOQUIAL,14.29,1,6,7,0,0,0,0,0,,False
1546,lost_or_stolen_card,COLLOQUIAL,12.5,2,14,16,0,0,0,0,0,,False
1547,lost_or_stolen_card,MIXED,0.0,0,3,3,0,0,0,0,0,,True
1548,lost_or_stolen_card,COLLOQUIAL,10.0,1,9,10,0,0,0,0,0,,False
1549,lost_or_stolen_card,MIXED,0.0,0,7,7,0,0,0,0,0,,True
1550,lost_or_stolen_card,MIXED,0.0,0,8,8,0,0,0,0,0,,True
1551,lost_or_stolen_card,MIXED,0.0,0,10,10,0,0,0,0,0,,True
1552,lost_or_stolen_card,COLLOQUIAL,12.5,1,7,8,0,0,0,0,0,,False
1553,lost_or_stolen_card,COLLOQUIAL,14.29,1,6,7,0,0,0,0,0,,False
1554,lost_or_stolen_card,COLLOQUIAL,14.29,1,6,7,0,0,0,0,0,,False
1555,lost_or_stolen_card,COLLOQUIAL,16.67,1,5,6,0,0,0,0,0,,False
1556,lost_or_stolen_card,COLLOQUIAL,12.5,1,7,8,0,0,0,0,0,,False
1557,age_limit,COLLOQUIAL,14.29,1,6,7,0,0,0,0,0,,False
1558,age_limit,COLLOQUIAL,28.57,2,5,7,0,0,0,0,0,,False
1559,age_limit,COLLOQUIAL,40.0,2,3,5,0,0,0,0,0,,False
1560,age_limit,COLLOQUIAL,16.67,1,5,6,0,0,0,0,0,,False
1561,age_limit,MIXED,0.0,0,4,4,0,0,0,0,0,,True
1562,age_limit,COLLOQUIAL,33.33,2,4,6,0,0,0,0,0,,False
1563,age_limit,COLLOQUIAL,25.0,1,3,4,0,0,0,0,0,,False
1564,age_limit,MIXED,0.0,0,9,9,0,0,0,0,0,,True
1565,age_limit,COLLOQUIAL,22.22,2,7,9,0,0,0,0,0,,False
1566,age_limit,COLLOQUIAL,12.5,1,7,8,0,0,0,0,0,,False
1567,age_limit,COLLOQUIAL,12.5,1,7,8,0,0,0,0,0,,False
1568,age_limit,COLLOQUIAL,33.33,2,4,6,0,0,0,0,0,,False
1569,age_limit,COLLOQUIAL,14.29,1,6,7,0,0,0,0,0,,False
1570,age_limit,MIXED,0.0,0,3,3,0,0,0,0,0,,True
1571,age_limit,COLLOQUIAL,25.0,2,6,8,0,0,0,0,0,,False
1572,age_limit,COLLOQUIAL,28.57,2,5,7,0,0,0,0,0,,False
1573,age_limit,COLLOQUIAL,12.5,1,7,8,0,0,0,0,0,,False
1574,age_limit,COLLOQUIAL,12.5,1,7,8,0,0,0,0,0,,False
1575,age_limit,COLLOQUIAL,11.11,1,8,9,0,0,0,0,0,,False
1576,age_limit,COLLOQUIAL,20.0,1,4,5,0,0,0,0,0,,False
1577,age_limit,COLLOQUIAL,20.0,1,4,5,0,0,0,0,0,,False
1578,age_limit,COLLOQUIAL,9.09,1,10,11,0,0,0,0,0,,False
1579,age_limit,COLLOQUIAL,25.0,1,3,4,0,0,0,0,0,,False
1580,age_limit,COLLOQUIAL,14.29,1,6,7,0,0,0,0,0,,False
1581,age_limit,COLLOQUIAL,16.67,1,5,6,0,0,0,0,0,,False
1582,age_limit,COLLOQUIAL,40.0,2,3,5,0,0,0,0,0,,False
1583,age_limit,MIXED,0.0,0,5,5,0,0,0,0,0,,True
1584,age_limit,COLLOQUIAL,12.5,1,7,8,0,0,0,0,0,,False
1585,age_limit,COLLOQUIAL,14.29,1,6,7,0,0,0,0,0,,False
1586,age_limit,COLLOQUIAL,14.29,1,6,7,0,0,0,0,0,,False
1587,age_limit,MIXED,0.0,0,4,4,0,0,0,0,0,,True
1588,age_limit,COLLOQUIAL,33.33,2,4,6,0,0,0,0,0,,False
1589,age_limit,COLLOQUIAL,22.22,2,7,9,0,0,0,0,0,,False
1590,age_limit,COLLOQUIAL,33.33,3,6,9,0,0,0,0,0,,False
1591,age_limit,COLLOQUIAL,9.09,1,10,11,0,0,0,0,0,,False
1592,age_limit,COLLOQUIAL,16.67,1,5,6,0,0,0,0,0,,False
1593,age_limit,COLLOQUIAL,18.18,2,9,11,0,0,0,0,0,,False
1594,age_limit,COLLOQUIAL,25.0,1,3,4,0,0,0,0,0,,False
1595,age_limit,MIXED,0.0,0,4,4,0,0,0,0,0,,True
1596,age_limit,COLLOQUIAL,16.67,1,5,6,0,0,0,0,0,,False
1597,age_limit,COLLOQUIAL,14.29,1,6,7,0,0,0,0,0,,False
1598,age_limit,COLLOQUIAL,25.0,1,3,4,0,0,0,0,0,,False
1599,age_limit,MIXED,0.0,0,5,5,0,0,0,0,0,,True
1600,age_limit,COLLOQUIAL,5.88,1,16,17,0,0,0,0,0,,False
1601,age_limit,COLLOQUIAL,12.5,1,7,8,0,0,0,0,0,,False
1602,age_limit,COLLOQUIAL,28.57,2,5,7,0,0,0,0,0,,False
1603,age_limit,COLLOQUIAL,33.33,2,4,6,0,0,0,0,0,,False
1604,age_limit,COLLOQUIAL,20.0,1,4,5,0,0,0,0,0,,False
1605,age_limit,COLLOQUIAL,22.22,2,7,9,0,0,0,0,0,,False
1606,age_limit,COLLOQUIAL,20.0,1,4,5,0,0,0,0,0,,False
1607,age_limit,COLLOQUIAL,50.0,2,2,4,0,0,0,0,0,,False
1608,age_limit,COLLOQUIAL,14.29,1,6,7,0,0,0,0,0,,False
1609,age_limit,COLLOQUIAL,33.33,1,2,3,0,0,0,0,0,,False
1610,age_limit,COLLOQUIAL,16.67,1,5,6,0,0,0,0,0,,False
1611,age_limit,COLLOQUIAL,12.5,1,7,8,0,0,0,0,0,,False
1612,age_limit,COLLOQUIAL,16.67,1,5,6,0,0,0,0,0,,False
1613,age_limit,COLLOQUIAL,20.0,1,4,5,0,0,0,0,0,,False
1614,age_limit,COLLOQUIAL,14.29,1,6,7,0,0,0,0,0,,False
1615,age_limit,MIXED,0.0,0,7,7,0,0,0,0,0,,True
1616,age_limit,COLLOQUIAL,14.29,1,6,7,0,0,0,0,0,,False
1617,age_limit,MIXED,0.0,0,13,13,0,0,0,0,0,,True
1618,age_limit,MIXED,0.0,0,6,6,0,0,0,0,0,,True
1619,age_limit,COLLOQUIAL,10.0,1,9,10,0,0,0,0,0,,False
1620,age_limit,COLLOQUIAL,16.67,1,5,6,0,0,0,0,0,,False
1621,age_limit,MIXED,0.0,0,4,4,0,0,0,0,0,,True
1622,age_limit,COLLOQUIAL,14.29,1,6,7,0,0,0,0,0,,False
1623,age_limit,COLLOQUIAL,20.0,1,4,5,0,0,0,0,0,,False
1624,age_limit,MIXED,0.0,0,7,7,0,0,0,0,0,,True
1625,age_limit,COLLOQUIAL,16.67,1,5,6,0,0,0,0,0,,False
1626,age_limit,COLLOQUIAL,16.67,1,5,6,0,0,0,0,0,,False
1627,age_limit,COLLOQUIAL,12.5,1,7,8,0,0,0,0,0,,False
1628,age_limit,MIXED,0.0,0,4,4,0,0,0,0,0,,True
1629,age_limit,MIXED,0.0,0,9,9,0,0,0,0,0,,True
1630,age_limit,COLLOQUIAL,16.67,1,5,6,0,0,0,0,0,,False
1631,age_limit,COLLOQUIAL,16.67,1,5,6,0,0,0,0,0,,False
1632,age_limit,COLLOQUIAL,14.29,1,6,7,0,0,0,0,0,,False
1633,age_limit,COLLOQUIAL,14.29,1,6,7,0,0,0,0,0,,False
1634,age_limit,COLLOQUIAL,11.11,1,8,9,0,0,0,0,0,,False
1635,age_limit,MIXED,0.0,0,8,8,0,0,0,0,0,,True
1636,age_limit,MIXED,0.0,0,9,9,0,0,0,0,0,,True
1637,age_limit,MIXED,0.0,0,5,5,0,0,0,0,0,,True
1638,age_limit,MIXED,0.0,0,5,5,0,0,0,0,0,,True
1639,age_limit,MIXED,0.0,0,5,5,0,0,0,0,0,,True
1640,age_limit,COLLOQUIAL,16.67,1,5,6,0,0,0,0,0,,False
1641,age_limit,COLLOQUIAL,10.0,1,9,10,0,0,0,0,0,,False
1642,age_limit,MIXED,0.0,0,6,6,0,0,0,0,0,,True
1643,age_limit,COLLOQUIAL,16.67,1,5,6,0,0,0,0,0,,False
1644,age_limit,COLLOQUIAL,16.67,1,5,6,0,0,0,0,0,,False
1645,age_limit,COLLOQUIAL,16.67,1,5,6,0,0,0,0,0,,False
1646,age_limit,COLLOQUIAL,14.29,1,6,7,0,0,0,0,0,,False
1647,age_limit,COLLOQUIAL,12.5,1,7,8,0,0,0,0,0,,False
1648,age_limit,COLLOQUIAL,16.67,1,5,6,0,0,0,0,0,,False
1649,age_limit,COLLOQUIAL,20.0,1,4,5,0,0,0,0,0,,False
1650,age_limit,MIXED,0.0,0,4,4,0,0,0,0,0,,True
1651,age_limit,MIXED,0.0,0,5,5,0,0,0,0,0,,True
1652,age_limit,COLLOQUIAL,14.29,1,6,7,0,0,0,0,0,,False
1653,age_limit,COLLOQUIAL,10.0,1,9,10,0,0,0,0,0,,False
1654,age_limit,COLLOQUIAL,8.33,1,11,12,0,0,0,0,0,,False
1655,age_limit,MIXED,0.0,0,5,5,0,0,0,0,0,,True
1656,age_limit,COLLOQUIAL,14.29,1,6,7,0,0,0,0,0,,False
1657,age_limit,MIXED,0.0,0,5,5,0,0,0,0,0,,True
1658,age_limit,COLLOQUIAL,20.0,1,4,5,0,0,0,0,0,,False
1659,age_limit,MIXED,0.0,0,3,3,0,0,0,0,0,,True
1660,age_limit,MIXED,0.0,0,6,6,0,0,0,0,0,,True
1661,age_limit,COLLOQUIAL,25.0,2,6,8,0,0,0,0,0,,False
1662,age_limit,COLLOQUIAL,14.29,1,6,7,0,0,0,0,0,,False
1663,age_limit,COLLOQUIAL,12.5,1,7,8,0,0,0,0,0,,False
1664,age_limit,COLLOQUIAL,12.5,1,7,8,0,0,0,0,0,,False
1665,age_limit,COLLOQUIAL,10.0,1,9,10,0,0,0,0,0,,False
1666,age_limit,COLLOQUIAL,14.29,1,6,7,0,0,0,0,0,,False
1667,pin_blocked,COLLOQUIAL,25.0,2,6,8,0,0,0,0,0,,False
1668,pin_blocked,MIXED,0.0,0,12,12,0,0,0,0,0,,True
1669,pin_blocked,COLLOQUIAL,15.38,2,11,13,0,0,0,0,0,,False
1670,pin_blocked,MIXED,0.0,0,12,12,0,0,0,0,0,,True
1671,pin_blocked,COLLOQUIAL,11.11,1,8,9,0,0,0,0,0,,False
1672,pin_blocked,COLLOQUIAL,14.29,1,6,7,0,0,0,0,0,,False
1673,pin_blocked,COLLOQUIAL,25.0,2,6,8,0,0,0,0,0,,False
1674,pin_blocked,MIXED,0.0,0,14,14,0,0,0,0,0,,True
1675,pin_blocked,MIXED,0.0,0,5,5,0,0,0,0,0,,True
1676,pin_blocked,MIXED,0.0,0,7,7,0,0,0,0,0,,True
1677,pin_blocked,COLLOQUIAL,11.11,1,8,9,0,0,0,0,0,,False
1678,pin_blocked,COLLOQUIAL,12.5,1,7,8,0,0,0,0,0,,False
1679,pin_blocked,MIXED,0.0,0,9,9,0,0,0,0,0,,True
1680,pin_blocked,MIXED,0.0,0,8,8,0,0,0,0,0,,True
1681,pin_blocked,MIXED,0.0,0,7,7,0,0,0,0,0,,True
1682,pin_blocked,COLLOQUIAL,16.67,2,10,12,0,0,0,0,0,,False
1683,pin_blocked,MIXED,0.0,0,11,11,0,0,0,0,0,,True
1684,pin_blocked,MIXED,0.0,0,5,5,0,0,0,0,0,,True
1685,pin_blocked,COLLOQUIAL,5.88,1,16,17,0,0,0,0,0,,False
1686,pin_blocked,COLLOQUIAL,14.29,1,6,7,0,0,0,0,0,,False
1687,pin_blocked,MIXED,0.0,0,7,7,0,0,0,0,0,,True
1688,pin_blocked,MIXED,0.0,0,7,7,0,0,0,0,0,,True
1689,pin_blocked,MIXED,0.0,0,8,8,0,0,0,0,0,,True
1690,pin_blocked,COLLOQUIAL,18.18,2,9,11,0,0,0,0,0,,False
1691,pin_blocked,MIXED,0.0,0,7,7,0,0,0,0,0,,True
1692,pin_blocked,COLLOQUIAL,14.29,1,6,7,0,0,0,0,0,,False
1693,pin_blocked,MIXED,0.0,0,5,5,0,0,0,0,0,,True
1694,pin_blocked,MIXED,0.0,0,6,6,0,0,0,0,0,,True
1695,pin_blocked,COLLOQUIAL,16.67,1,5,6,0,0,0,0,0,,False
1696,pin_blocked,COLLOQUIAL,20.0,1,4,5,0,0,0,0,0,,False
1697,pin_blocked,COLLOQUIAL,13.33,2,13,15,0,0,0,0,0,,False
1698,pin_blocked,MIXED,0.0,0,5,5,0,0,0,0,0,,True
1699,pin_blocked,MIXED,0.0,0,7,7,0,0,0,0,0,,True
1700,pin_blocked,COLLOQUIAL,20.0,1,4,5,0,0,0,0,0,,False
1701,pin_blocked,COLLOQUIAL,27.27,3,8,11,0,0,0,0,0,,False
1702,pin_blocked,MIXED,0.0,0,6,6,0,0,0,0,0,,True
1703,pin_blocked,COLLOQUIAL,20.0,1,4,5,0,0,0,0,0,,False
1704,pin_blocked,MIXED,0.0,0,4,4,0,0,0,0,0,,True
1705,pin_blocked,COLLOQUIAL,7.69,1,12,13,0,0,0,0,0,,False
1706,pin_blocked,COLLOQUIAL,25.0,2,6,8,0,0,0,0,0,,False
1707,pin_blocked,COLLOQUIAL,18.18,2,9,11,0,0,0,0,0,,False
1708,pin_blocked,COLLOQUIAL,12.5,1,7,8,0,0,0,0,0,,False
1709,pin_blocked,COLLOQUIAL,40.0,2,3,5,0,0,0,0,0,,False
1710,pin_blocked,COLLOQUIAL,13.33,2,13,15,0,0,0,0,0,,False
1711,pin_blocked,MIXED,0.0,0,8,8,0,0,0,0,0,,True
1712,pin_blocked,MIXED,0.0,0,6,6,0,0,0,0,0,,True
1713,pin_blocked,COLLOQUIAL,10.0,1,9,10,0,0,0,0,0,,False
1714,pin_blocked,COLLOQUIAL,30.0,3,7,10,0,0,0,0,0,,False
1715,pin_blocked,COLLOQUIAL,6.25,1,15,16,0,0,0,0,0,,False
1716,pin_blocked,COLLOQUIAL,14.29,1,6,7,0,0,0,0,0,,False
1717,pin_blocked,COLLOQUIAL,11.11,1,8,9,0,0,0,0,0,,False
1718,pin_blocked,COLLOQUIAL,12.5,1,7,8,0,0,0,0,0,,False
1719,pin_blocked,COLLOQUIAL,30.77,4,9,13,0,0,0,0,0,,False
1720,pin_blocked,COLLOQUIAL,11.11,1,8,9,0,0,0,0,0,,False
1721,pin_blocked,COLLOQUIAL,16.67,2,10,12,0,0,0,0,0,,False
1722,pin_blocked,MIXED,0.0,0,5,5,0,0,0,0,0,,True
1723,pin_blocked,MIXED,0.0,0,5,5,0,0,0,0,0,,True
1725,pin_blocked,COLLOQUIAL,22.22,2,7,9,0,0,0,0,0,,False
1726,pin_blocked,COLLOQUIAL,40.0,2,3,5,0,0,0,0,0,,False
1727,pin_blocked,COLLOQUIAL,14.29,1,6,7,0,0,0,0,0,,False
1728,pin_blocked,COLLOQUIAL,50.0,2,2,4,0,0,0,0,0,,False
1729,pin_blocked,COLLOQUIAL,28.57,2,5,7,0,0,0,0,0,,False
1730,pin_blocked,COLLOQUIAL,22.22,2,7,9,0,0,0,0,0,,False
1731,pin_blocked,MIXED,0.0,0,7,7,0,0,0,0,0,,True
1732,pin_blocked,COLLOQUIAL,12.5,1,7,8,0,0,0,0,0,,False
1733,pin_blocked,MIXED,0.0,0,5,5,0,0,0,0,0,,True
1734,pin_blocked,COLLOQUIAL,10.0,1,9,10,0,0,0,0,0,,False
1735,pin_blocked,COLLOQUIAL,25.0,2,6,8,0,0,0,0,0,,False
1736,pin_blocked,COLLOQUIAL,25.0,2,6,8,0,0,0,0,0,,False
1737,pin_blocked,COLLOQUIAL,20.0,2,8,10,0,0,0,0,0,,False
1738,pin_blocked,COLLOQUIAL,25.0,1,3,4,0,0,0,0,0,,False
1739,pin_blocked,COLLOQUIAL,30.77,4,9,13,0,0,0,0,0,,False
1740,pin_blocked,COLLOQUIAL,12.5,1,7,8,0,0,0,0,0,,False
1741,pin_blocked,COLLOQUIAL,7.69,1,12,13,0,0,0,0,0,,False
1742,pin_blocked,MIXED,0.0,0,7,7,0,0,0,0,0,,True
1743,pin_blocked,COLLOQUIAL,14.29,1,6,7,0,0,0,0,0,,False
1744,pin_blocked,COLLOQUIAL,12.5,1,7,8,0,0,0,0,0,,False
1745,pin_blocked,MIXED,0.0,0,8,8,0,0,0,0,0,,True
1746,pin_blocked,COLLOQUIAL,22.22,2,7,9,0,0,0,0,0,,False
1747,pin_blocked,COLLOQUIAL,12.5,1,7,8,0,0,0,0,0,,False
1748,pin_blocked,COLLOQUIAL,11.11,1,8,9,0,0,0,0,0,,False
1749,pin_blocked,COLLOQUIAL,28.57,2,5,7,0,0,0,0,0,,False
1750,pin_blocked,COLLOQUIAL,25.0,2,6,8,0,0,0,0,0,,False
1751,pin_blocked,COLLOQUIAL,18.18,2,9,11,0,0,0,0,0,,False
1752,pin_blocked,COLLOQUIAL,50.0,2,2,4,0,0,0,0,0,,False
1753,pin_blocked,COLLOQUIAL,12.5,2,14,16,0,0,0,0,0,,False
1754,pin_blocked,COLLOQUIAL,16.67,1,5,6,0,0,0,0,0,,False
1755,pin_blocked,COLLOQUIAL,16.67,1,5,6,0,0,0,0,0,,False
1756,pin_blocked,COLLOQUIAL,37.5,3,5,8,0,0,0,0,0,,False
1757,pin_blocked,COLLOQUIAL,11.11,1,8,9,0,0,0,0,0,,False
1758,pin_blocked,COLLOQUIAL,18.18,2,9,11,0,0,0,0,0,,False
1759,pin_blocked,COLLOQUIAL,20.0,2,8,10,0,0,0,0,0,,False
1760,pin_blocked,COLLOQUIAL,20.0,2,8,10,0,0,0,0,0,,False
1761,pin_blocked,COLLOQUIAL,30.0,3,7,10,0,0,0,0,0,,False
1762,pin_blocked,COLLOQUIAL,16.67,1,5,6,0,0,0,0,0,,False
1763,pin_blocked,COLLOQUIAL,13.33,2,13,15,0,0,0,0,0,,False
1764,pin_blocked,COLLOQUIAL,16.67,1,5,6,0,0,0,0,0,,False
1765,pin_blocked,COLLOQUIAL,50.0,3,3,6,0,0,0,0,0,,False
1766,pin_blocked,COLLOQUIAL,14.29,1,6,7,0,0,0,0,0,,False
1767,pin_blocked,COLLOQUIAL,33.33,3,6,9,0,0,0,0,0,,False
1768,pin_blocked,COLLOQUIAL,28.57,2,5,7,0,0,0,0,0,,False
1769,pin_blocked,COLLOQUIAL,16.67,2,10,12,0,0,0,0,0,,False
1770,pin_blocked,COLLOQUIAL,28.57,4,10,14,0,0,0,0,0,,False
1771,pin_blocked,COLLOQUIAL,13.33,2,13,15,0,0,0,0,0,,False
1772,pin_blocked,COLLOQUIAL,33.33,4,8,12,0,0,0,0,0,,False
1773,pin_blocked,COLLOQUIAL,28.57,2,5,7,0,0,0,0,0,,False
1774,pin_blocked,COLLOQUIAL,8.33,1,11,12,0,0,0,0,0,,False
1775,pin_blocked,COLLOQUIAL,20.0,3,12,15,0,0,0,0,0,,False
1776,pin_blocked,COLLOQUIAL,9.09,1,10,11,0,0,0,0,0,,False
1777,pin_blocked,COLLOQUIAL,33.33,2,4,6,0,0,0,0,0,,False
1778,pin_blocked,MIXED,0.0,0,10,10,0,0,0,0,0,,True
1779,pin_blocked,COLLOQUIAL,14.29,1,6,7,0,0,0,0,0,,False
1780,pin_blocked,MIXED,0.0,0,9,9,0,0,0,0,0,,True
1781,pin_blocked,COLLOQUIAL,16.67,2,10,12,0,0,0,0,0,,False
1782,contactless_not_working,COLLOQUIAL,11.11,1,8,9,0,0,0,0,0,,False
1783,contactless_not_working,COLLOQUIAL,9.09,1,10,11,0,0,0,0,0,,False
1784,contactless_not_working,MIXED,0.0,0,5,5,0,0,0,0,0,,True
1785,contactless_not_working,COLLOQUIAL,20.0,1,4,5,0,0,0,0,0,,False
1786,contactless_not_working,COLLOQUIAL,28.57,2,5,7,0,0,0,0,0,,False
1787,contactless_not_working,COLLOQUIAL,5.56,1,17,18,0,0,0,0,0,,False
1788,contactless_not_working,COLLOQUIAL,12.5,1,7,8,0,0,0,0,0,,False
1789,contactless_not_working,COLLOQUIAL,8.33,2,22,24,0,0,0,0,0,,False
1790,contactless_not_working,MIXED,0.0,0,6,6,0,0,0,0,0,,True
1791,contactless_not_working,MIXED,0.0,0,9,9,0,0,0,0,0,,True
1792,contactless_not_working,MIXED,0.0,0,6,6,0,0,0,0,0,,True
1793,contactless_not_working,COLLOQUIAL,20.0,1,4,5,0,0,0,0,0,,False
1794,contactless_not_working,COLLOQUIAL,20.0,1,4,5,0,0,0,0,0,,False
1795,contactless_not_working,COLLOQUIAL,12.5,1,7,8,0,0,0,0,0,,False
1796,contactless_not_working,COLLOQUIAL,37.5,3,5,8,0,0,0,0,0,,False
1797,contactless_not_working,COLLOQUIAL,13.64,3,19,22,0,0,0,0,0,,False
1798,contactless_not_working,MIXED,0.0,0,10,10,0,0,0,0,0,,True
1799,contactless_not_working,COLLOQUIAL,6.67,1,14,15,0,0,0,0,0,,False
1800,contactless_not_working,COLLOQUIAL,25.0,1,3,4,0,0,0,0,0,,False
1801,contactless_not_working,COLLOQUIAL,25.0,1,3,4,0,0,0,0,0,,False
1802,contactless_not_working,MIXED,0.0,0,7,7,0,0,0,0,0,,True
1803,contactless_not_working,MIXED,0.0,0,5,5,0,0,0,0,0,,True
1804,contactless_not_working,MIXED,0.0,0,5,5,0,0,0,0,0,,True
1805,contactless_not_working,COLLOQUIAL,33.33,2,4,6,0,0,0,0,0,,False
1806,contactless_not_working,MIXED,0.0,0,4,4,0,0,0,0,0,,True
1807,contactless_not_working,COLLOQUIAL,20.0,1,4,5,0,0,0,0,0,,False
1808,contactless_not_working,COLLOQUIAL,6.67,1,14,15,0,0,0,0,0,,False
1809,contactless_not_working,MIXED,0.0,0,7,7,0,0,0,0,0,,True
1810,contactless_not_working,COLLOQUIAL,8.33,1,11,12,0,0,0,0,0,,False
1811,contactless_not_working,COLLOQUIAL,16.67,2,10,12,0,0,0,0,0,,False
1812,contactless_not_working,MIXED,0.0,0,6,6,0,0,0,0,0,,True
1813,contactless_not_working,COLLOQUIAL,14.29,2,12,14,0,0,0,0,0,,False
1814,contactless_not_working,MIXED,0.0,0,5,5,0,0,0,0,0,,True
1815,contactless_not_working,COLLOQUIAL,36.36,4,7,11,0,0,0,0,0,,False
1816,contactless_not_working,COLLOQUIAL,16.67,2,10,12,0,0,0,0,0,,False
1817,top_up_by_bank_transfer_charge,COLLOQUIAL,50.0,4,4,8,0,0,0,0,0,,False
1818,top_up_by_bank_transfer_charge,COLLOQUIAL,44.44,5,4,9,0,0,0,0,0,,False
1819,top_up_by_bank_transfer_charge,COLLOQUIAL,16.67,1,5,6,0,0,0,0,0,,False
1820,top_up_by_bank_transfer_charge,COLLOQUIAL,20.0,1,4,5,0,0,0,0,0,,False
1821,top_up_by_bank_transfer_charge,COLLOQUIAL,42.86,3,4,7,0,0,0,0,0,,False
1822,top_up_by_bank_transfer_charge,COLLOQUIAL,28.57,2,5,7,0,0,0,0,0,,False
1823,top_up_by_bank_transfer_charge,COLLOQUIAL,50.0,4,4,8,0,0,0,0,0,,False
1824,top_up_by_bank_transfer_charge,COLLOQUIAL,12.5,1,7,8,0,0,0,0,0,,False
1825,top_up_by_bank_transfer_charge,MIXED,0.0,0,5,5,0,0,0,0,0,,True
1826,top_up_by_bank_transfer_charge,COLLOQUIAL,33.33,2,4,6,0,0,0,0,0,,False
1827,top_up_by_bank_transfer_charge,COLLOQUIAL,18.18,2,9,11,0,0,0,0,0,,False
1828,top_up_by_bank_transfer_charge,COLLOQUIAL,28.57,2,5,7,0,0,0,0,0,,False
1829,top_up_by_bank_transfer_charge,COLLOQUIAL,20.0,1,4,5,0,0,0,0,0,,False
1830,top_up_by_bank_transfer_charge,COLLOQUIAL,22.22,2,7,9,0,0,0,0,0,,False
1831,top_up_by_bank_transfer_charge,COLLOQUIAL,20.0,1,4,5,0,0,0,0,0,,False
1832,top_up_by_bank_transfer_charge,COLLOQUIAL,37.5,3,5,8,0,0,0,0,0,,False
1833,top_up_by_bank_transfer_charge,COLLOQUIAL,37.5,3,5,8,0,0,0,0,0,,False
1834,top_up_by_bank_transfer_charge,MIXED,0.0,0,5,5,0,0,0,0,0,,True
1835,top_up_by_bank_transfer_charge,COLLOQUIAL,33.33,2,4,6,0,0,0,0,0,,False
1836,top_up_by_bank_transfer_charge,COLLOQUIAL,50.0,4,4,8,0,0,0,0,0,,False
1837,top_up_by_bank_transfer_charge,COLLOQUIAL,37.5,3,5,8,0,0,0,0,0,,False
1838,top_up_by_bank_transfer_charge,COLLOQUIAL,33.33,2,4,6,0,0,0,0,0,,False
1839,top_up_by_bank_transfer_charge,COLLOQUIAL,50.0,4,4,8,0,0,0,0,0,,False
1840,top_up_by_bank_transfer_charge,MIXED,0.0,0,5,5,0,0,0,0,0,,True
1841,top_up_by_bank_transfer_charge,COLLOQUIAL,42.86,4,3,7,0,0,0,0,0,,False
1842,top_up_by_bank_transfer_charge,COLLOQUIAL,33.33,2,4,6,0,0,0,0,0,,False
1843,top_up_by_bank_transfer_charge,COLLOQUIAL,20.0,1,4,5,0,0,0,0,0,,False
1844,top_up_by_bank_transfer_charge,COLLOQUIAL,33.33,3,6,9,0,0,0,0,0,,False
1845,top_up_by_bank_transfer_charge,COLLOQUIAL,50.0,4,4,8,0,0,0,0,0,,False
1846,top_up_by_bank_transfer_charge,COLLOQUIAL,16.67,1,5,6,0,0,0,0,0,,False
1847,top_up_by_bank_transfer_charge,COLLOQUIAL,16.67,1,5,6,0,0,0,0,0,,False
1848,top_up_by_bank_transfer_charge,COLLOQUIAL,40.0,2,3,5,0,0,0,0,0,,False
1849,top_up_by_bank_transfer_charge,COLLOQUIAL,16.67,1,5,6,0,0,0,0,0,,False
1850,top_up_by_bank_transfer_charge,COLLOQUIAL,40.0,2,3,5,0,0,0,0,0,,False
1851,top_up_by_bank_transfer_charge,COLLOQUIAL,40.0,2,3,5,0,0,0,0,0,,False
1852,top_up_by_bank_transfer_charge,COLLOQUIAL,16.67,1,5,6,0,0,0,0,0,,False
1853,top_up_by_bank_transfer_charge,COLLOQUIAL,25.0,2,6,8,0,0,0,0,0,,False
1854,top_up_by_bank_transfer_charge,COLLOQUIAL,37.5,3,5,8,0,0,0,0,0,,False
1855,top_up_by_bank_transfer_charge,COLLOQUIAL,25.0,1,3,4,0,0,0,0,0,,False
1856,top_up_by_bank_transfer_charge,COLLOQUIAL,25.0,2,6,8,0,0,0,0,0,,False
1857,top_up_by_bank_transfer_charge,COLLOQUIAL,20.0,1,4,5,0,0,0,0,0,,False
1858,top_up_by_bank_transfer_charge,COLLOQUIAL,33.33,2,4,6,0,0,0,0,0,,False
1859,top_up_by_bank_transfer_charge,COLLOQUIAL,16.67,1,5,6,0,0,0,0,0,,False
1860,top_up_by_bank_transfer_charge,COLLOQUIAL,28.57,2,5,7,0,0,0,0,0,,False
1861,top_up_by_bank_transfer_charge,COLLOQUIAL,25.0,1,3,4,0,0,0,0,0,,False
1862,top_up_by_bank_transfer_charge,COLLOQUIAL,33.33,3,6,9,0,0,0,0,0,,False
1863,top_up_by_bank_transfer_charge,COLLOQUIAL,33.33,1,2,3,0,0,0,0,0,,False
1864,top_up_by_bank_transfer_charge,COLLOQUIAL,25.0,1,3,4,0,0,0,0,0,,False
1865,top_up_by_bank_transfer_charge,COLLOQUIAL,37.5,3,5,8,0,0,0,0,0,,False
1866,top_up_by_bank_transfer_charge,COLLOQUIAL,50.0,5,5,10,0,0,0,0,0,,False
1867,top_up_by_bank_transfer_charge,COLLOQUIAL,50.0,3,3,6,0,0,0,0,0,,False
1868,top_up_by_bank_transfer_charge,MIXED,0.0,0,5,5,0,0,0,0,0,,True
1869,top_up_by_bank_transfer_charge,COLLOQUIAL,33.33,2,4,6,0,0,0,0,0,,False
1870,top_up_by_bank_transfer_charge,MIXED,0.0,0,6,6,0,0,0,0,0,,True
1871,top_up_by_bank_transfer_charge,COLLOQUIAL,16.67,1,5,6,0,0,0,0,0,,False
1872,top_up_by_bank_transfer_charge,MIXED,0.0,0,6,6,0,0,0,0,0,,True
1873,top_up_by_bank_transfer_charge,COLLOQUIAL,12.5,1,7,8,0,0,0,0,0,,False
1874,top_up_by_bank_transfer_charge,COLLOQUIAL,30.0,3,7,10,0,0,0,0,0,,False
1875,top_up_by_bank_transfer_charge,COLLOQUIAL,22.22,2,7,9,0,0,0,0,0,,False
1876,top_up_by_bank_transfer_charge,COLLOQUIAL,16.67,1,5,6,0,0,0,0,0,,False
1877,top_up_by_bank_transfer_charge,COLLOQUIAL,28.57,2,5,7,0,0,0,0,0,,False
1878,top_up_by_bank_transfer_charge,MIXED,0.0,0,4,4,0,0,0,0,0,,True
1879,top_up_by_bank_transfer_charge,COLLOQUIAL,14.29,1,6,7,0,0,0,0,0,,False
1880,top_up_by_bank_transfer_charge,COLLOQUIAL,25.0,1,3,4,0,0,0,0,0,,False
1881,top_up_by_bank_transfer_charge,COLLOQUIAL,25.0,2,6,8,0,0,0,0,0,,False
1882,top_up_by_bank_transfer_charge,MIXED,0.0,0,7,7,0,0,0,0,0,,True
1883,top_up_by_bank_transfer_charge,COLLOQUIAL,14.29,1,6,7,0,0,0,0,0,,False
1884,top_up_by_bank_transfer_charge,COLLOQUIAL,10.0,1,9,10,0,0,0,0,0,,False
1885,top_up_by_bank_transfer_charge,MIXED,0.0,0,4,4,0,0,0,0,0,,True
1886,top_up_by_bank_transfer_charge,COLLOQUIAL,38.46,5,8,13,0,0,0,0,0,,False
1887,top_up_by_bank_transfer_charge,COLLOQUIAL,16.67,1,5,6,0,0,0,0,0,,False
1888,top_up_by_bank_transfer_charge,MIXED,0.0,0,9,9,0,0,0,0,0,,True
1889,top_up_by_bank_transfer_charge,COLLOQUIAL,25.0,1,3,4,0,0,0,0,0,,False
1890,top_up_by_bank_transfer_charge,COLLOQUIAL,20.0,1,4,5,0,0,0,0,0,,False
1891,top_up_by_bank_transfer_charge,COLLOQUIAL,28.57,2,5,7,0,0,0,0,0,,False
1892,top_up_by_bank_transfer_charge,COLLOQUIAL,14.29,1,6,7,0,0,0,0,0,,False
1893,top_up_by_bank_transfer_charge,MIXED,0.0,0,6,6,0,0,0,0,0,,True
1894,top_up_by_bank_transfer_charge,COLLOQUIAL,33.33,4,8,12,0,0,0,0,0,,False
1895,top_up_by_bank_transfer_charge,COLLOQUIAL,25.0,1,3,4,0,0,0,0,0,,False
1896,top_up_by_bank_transfer_charge,COLLOQUIAL,36.36,4,7,11,0,0,0,0,0,,False
1897,top_up_by_bank_transfer_charge,MIXED,0.0,0,5,5,0,0,0,0,0,,True
1898,top_up_by_bank_transfer_charge,COLLOQUIAL,50.0,4,4,8,0,0,0,0,0,,False
1899,top_up_by_bank_transfer_charge,COLLOQUIAL,33.33,2,4,6,0,0,0,0,0,,False
1900,top_up_by_bank_transfer_charge,COLLOQUIAL,16.67,1,5,6,0,0,0,0,0,,False
1901,top_up_by_bank_transfer_charge,COLLOQUIAL,40.0,4,6,10,0,0,0,0,0,,False
1902,top_up_by_bank_transfer_charge,COLLOQUIAL,44.44,4,5,9,0,0,0,0,0,,False
1903,top_up_by_bank_transfer_charge,COLLOQUIAL,25.0,1,3,4,0,0,0,0,0,,False
1904,top_up_by_bank_transfer_charge,COLLOQUIAL,40.0,2,3,5,0,0,0,0,0,,False
1905,top_up_by_bank_transfer_charge,COLLOQUIAL,40.0,2,3,5,0,0,0,0,0,,False
1906,top_up_by_bank_transfer_charge,COLLOQUIAL,28.57,2,5,7,0,0,0,0,0,,False
1907,top_up_by_bank_transfer_charge,COLLOQUIAL,16.67,1,5,6,0,0,0,0,0,,False
1908,top_up_by_bank_transfer_charge,COLLOQUIAL,33.33,2,4,6,0,0,0,0,0,,False
1909,top_up_by_bank_transfer_charge,COLLOQUIAL,14.29,1,6,7,0,0,0,0,0,,False
1910,top_up_by_bank_transfer_charge,COLLOQUIAL,33.33,2,4,6,0,0,0,0,0,,False
1911,top_up_by_bank_transfer_charge,COLLOQUIAL,22.22,2,7,9,0,0,0,0,0,,False
1912,top_up_by_bank_transfer_charge,COLLOQUIAL,14.29,1,6,7,0,0,0,0,0,,False
1913,top_up_by_bank_transfer_charge,COLLOQUIAL,25.0,1,3,4,0,0,0,0,0,,False
1914,top_up_by_bank_transfer_charge,COLLOQUIAL,45.45,5,6,11,0,0,0,0,0,,False
1915,top_up_by_bank_transfer_charge,COLLOQUIAL,16.67,1,5,6,0,0,0,0,0,,False
1916,top_up_by_bank_transfer_charge,COLLOQUIAL,40.0,3,2,5,0,0,0,0,0,,False
1917,top_up_by_bank_transfer_charge,MIXED,0.0,0,4,4,0,0,0,0,0,,True
1918,top_up_by_bank_transfer_charge,COLLOQUIAL,20.0,1,4,5,0,0,0,0,0,,False
1919,top_up_by_bank_transfer_charge,COLLOQUIAL,44.44,4,5,9,0,0,0,0,0,,False
1920,top_up_by_bank_transfer_charge,MIXED,0.0,0,6,6,0,0,0,0,0,,True
1921,top_up_by_bank_transfer_charge,COLLOQUIAL,28.57,2,5,7,0,0,0,0,0,,False
1922,top_up_by_bank_transfer_charge,MIXED,0.0,0,4,4,0,0,0,0,0,,True
1923,top_up_by_bank_transfer_charge,COLLOQUIAL,30.0,3,7,10,0,0,0,0,0,,False
1924,top_up_by_bank_transfer_charge,COLLOQUIAL,37.5,3,5,8,0,0,0,0,0,,False
1925,top_up_by_bank_transfer_charge,COLLOQUIAL,33.33,3,6,9,0,0,0,0,0,,False
1926,top_up_by_bank_transfer_charge,COLLOQUIAL,20.0,1,4,5,0,0,0,0,0,,False
1927,top_up_by_bank_transfer_charge,COLLOQUIAL,16.67,1,5,6,0,0,0,0,0,,False
1928,pending_top_up,MIXED,0.0,0,7,7,0,0,0,0,0,,True
1929,pending_top_up,COLLOQUIAL,25.0,2,6,8,0,0,0,0,0,,False
1930,pending_top_up,COLLOQUIAL,14.29,1,6,7,0,0,0,0,0,,False
1931,pending_top_up,COLLOQUIAL,12.5,1,7,8,0,0,0,0,0,,False
1932,pending_top_up,MIXED,0.0,0,9,9,0,0,0,0,0,,True
1933,pending_top_up,COLLOQUIAL,11.11,2,16,18,0,0,0,0,0,,False
1934,pending_top_up,COLLOQUIAL,33.33,2,4,6,0,0,0,0,0,,False
1935,pending_top_up,COLLOQUIAL,28.57,2,5,7,0,0,0,0,0,,False
1936,pending_top_up,COLLOQUIAL,28.57,6,15,21,0,0,0,0,0,,False
1937,pending_top_up,MIXED,0.0,0,5,5,0,0,0,0,0,,True
1938,pending_top_up,COLLOQUIAL,12.5,1,7,8,0,0,0,0,0,,False
1939,pending_top_up,COLLOQUIAL,33.33,2,4,6,0,0,0,0,0,,False
1940,pending_top_up,MIXED,0.0,0,7,7,0,0,0,0,0,,True
1941,pending_top_up,COLLOQUIAL,14.29,1,6,7,0,0,0,0,0,,False
1942,pending_top_up,COLLOQUIAL,33.33,3,6,9,0,0,0,0,0,,False
1943,pending_top_up,COLLOQUIAL,8.7,2,21,23,0,0,0,0,0,,False
1944,pending_top_up,MIXED,0.0,0,5,5,0,0,0,0,0,,True
1945,pending_top_up,COLLOQUIAL,11.11,1,8,9,0,0,0,0,0,,False
1946,pending_top_up,MIXED,0.0,0,4,4,0,0,0,0,0,,True
1947,pending_top_up,COLLOQUIAL,5.26,1,18,19,0,0,0,0,0,,False
1948,pending_top_up,COLLOQUIAL,12.5,1,7,8,0,0,0,0,0,,False
1949,pending_top_up,COLLOQUIAL,12.5,1,7,8,0,0,0,0,0,,False
1950,pending_top_up,COLLOQUIAL,14.29,1,6,7,0,0,0,0,0,,False
1951,pending_top_up,MIXED,0.0,0,3,3,0,0,0,0,0,,True
1952,pending_top_up,COLLOQUIAL,20.0,1,4,5,0,0,0,0,0,,False
1953,pending_top_up,COLLOQUIAL,12.5,1,7,8,0,0,0,0,0,,False
1954,pending_top_up,COLLOQUIAL,7.69,1,12,13,0,0,0,0,0,,False
1955,pending_top_up,COLLOQUIAL,15.38,2,11,13,0,0,0,0,0,,False
1956,pending_top_up,MIXED,0.0,0,7,7,0,0,0,0,0,,True
1957,pending_top_up,MIXED,0.0,0,5,5,0,0,0,0,0,,True
1958,pending_top_up,MIXED,0.0,0,3,3,0,0,0,0,0,,True
1959,pending_top_up,COLLOQUIAL,5.56,1,17,18,0,0,0,0,0,,False
1960,pending_top_up,COLLOQUIAL,15.0,3,17,20,0,0,0,0,0,,False
1961,pending_top_up,MIXED,0.0,0,5,5,0,0,0,0,0,,True
1962,pending_top_up,COLLOQUIAL,9.09,1,10,11,0,0,0,0,0,,False
1963,pending_top_up,COLLOQUIAL,12.5,1,7,8,0,0,0,0,0,,False
1964,pending_top_up,MIXED,0.0,0,7,7,0,0,0,0,0,,True
1965,pending_top_up,MIXED,0.0,0,5,5,0,0,0,0,0,,True
1966,pending_top_up,COLLOQUIAL,8.33,1,11,12,0,0,0,0,0,,False
1967,pending_top_up,COLLOQUIAL,12.5,3,21,24,0,0,0,0,0,,False
1968,pending_top_up,COLLOQUIAL,8.33,3,33,36,0,0,0,0,0,,False
1969,pending_top_up,COLLOQUIAL,12.5,1,7,8,0,0,0,0,0,,False
1970,pending_top_up,MIXED,0.0,0,6,6,0,0,0,0,0,,True
1971,pending_top_up,MIXED,0.0,0,7,7,0,0,0,0,0,,True
1972,pending_top_up,COLLOQUIAL,11.11,1,8,9,0,0,0,0,0,,False
1973,pending_top_up,COLLOQUIAL,9.09,2,20,22,0,0,0,0,0,,False
1974,pending_top_up,MIXED,0.0,0,12,12,0,0,0,0,0,,True
1975,pending_top_up,COLLOQUIAL,13.33,2,13,15,0,0,0,0,0,,False
1976,pending_top_up,COLLOQUIAL,12.5,1,7,8,0,0,0,0,0,,False
1977,pending_top_up,MIXED,0.0,0,7,7,0,0,0,0,0,,True
1978,pending_top_up,COLLOQUIAL,20.0,2,8,10,0,0,0,0,0,,False
1979,pending_top_up,COLLOQUIAL,11.11,1,8,9,0,0,0,0,0,,False
1980,pending_top_up,COLLOQUIAL,16.67,2,10,12,0,0,0,0,0,,False
1981,pending_top_up,MIXED,0.0,0,8,8,0,0,0,0,0,,True
1982,pending_top_up,MIXED,0.0,0,3,3,0,0,0,0,0,,True
1983,pending_top_up,COLLOQUIAL,40.0,2,3,5,0,0,0,0,0,,False
1984,pending_top_up,COLLOQUIAL,37.5,3,5,8,0,0,0,0,0,,False
1985,pending_top_up,COLLOQUIAL,33.33,2,4,6,0,0,0,0,0,,False
1986,pending_top_up,COLLOQUIAL,44.44,12,15,27,0,0,0,0,0,,False
1987,pending_top_up,COLLOQUIAL,42.86,3,4,7,0,0,0,0,0,,False
1988,pending_top_up,COLLOQUIAL,24.24,8,25,33,0,0,0,0,0,,False
1989,pending_top_up,COLLOQUIAL,25.0,2,6,8,0,0,0,0,0,,False
1990,pending_top_up,MIXED,0.0,0,7,7,0,0,0,0,0,,True
1991,pending_top_up,COLLOQUIAL,28.57,2,5,7,0,0,0,0,0,,False
1992,pending_top_up,COLLOQUIAL,36.36,4,7,11,0,0,0,0,0,,False
1993,pending_top_up,COLLOQUIAL,37.5,3,5,8,0,0,0,0,0,,False
1994,pending_top_up,COLLOQUIAL,30.0,3,7,10,0,0,0,0,0,,False
1995,pending_top_up,COLLOQUIAL,33.33,2,4,6,0,0,0,0,0,,False
1996,pending_top_up,COLLOQUIAL,30.0,3,7,10,0,0,0,0,0,,False
1997,pending_top_up,MIXED,0.0,0,7,7,0,0,0,0,0,,True
1998,pending_top_up,COLLOQUIAL,25.0,2,6,8,0,0,0,0,0,,False
1999,pending_top_up,COLLOQUIAL,25.0,3,9,12,0,0,0,0,0,,False
2000,pending_top_up,COLLOQUIAL,16.67,1,5,6,0,0,0,0,0,,False
2001,pending_top_up,COLLOQUIAL,40.0,2,3,5,0,0,0,0,0,,False
2002,pending_top_up,COLLOQUIAL,50.0,2,2,4,0,0,0,0,0,,False
2003,pending_top_up,COLLOQUIAL,33.33,2,4,6,0,0,0,0,0,,False
2004,pending_top_up,COLLOQUIAL,25.0,4,12,16,0,0,0,0,0,,False
2005,pending_top_up,COLLOQUIAL,40.0,2,3,5,0,0,0,0,0,,False
2006,pending_top_up,COLLOQUIAL,33.33,2,4,6,0,0,0,0,0,,False
2007,pending_top_up,COLLOQUIAL,42.86,3,4,7,0,0,0,0,0,,False
2008,pending_top_up,COLLOQUIAL,33.33,3,6,9,0,0,0,0,0,,False
2009,pending_top_up,MIXED,0.0,0,5,5,0,0,0,0,0,,True
2010,pending_top_up,COLLOQUIAL,40.0,2,3,5,0,0,0,0,0,,False
2011,pending_top_up,COLLOQUIAL,28.57,2,5,7,0,0,0,0,0,,False
2012,pending_top_up,COLLOQUIAL,33.33,2,4,6,0,0,0,0,0,,False
2013,pending_top_up,COLLOQUIAL,25.0,2,6,8,0,0,0,0,0,,False
2014,pending_top_up,COLLOQUIAL,25.0,2,6,8,0,0,0,0,0,,False
2015,pending_top_up,MIXED,0.0,0,6,6,0,0,0,0,0,,True
2016,pending_top_up,COLLOQUIAL,37.5,3,5,8,0,0,0,0,0,,False
2017,pending_top_up,COLLOQUIAL,42.86,3,4,7,0,0,0,0,0,,False
2018,pending_top_up,COLLOQUIAL,18.18,2,9,11,0,0,0,0,0,,False
2019,pending_top_up,COLLOQUIAL,20.69,6,23,29,0,0,0,0,0,,False
2020,pending_top_up,COLLOQUIAL,27.27,3,8,11,0,0,0,0,0,,False
2021,pending_top_up,COLLOQUIAL,20.0,2,8,10,0,0,0,0,0,,False
2022,pending_top_up,COLLOQUIAL,40.0,2,3,5,0,0,0,0,0,,False
2023,pending_top_up,COLLOQUIAL,25.0,3,9,12,0,0,0,0,0,,False
2024,pending_top_up,MIXED,0.0,0,5,5,0,0,0,0,0,,True
2025,pending_top_up,COLLOQUIAL,15.15,5,28,33,0,0,0,0,0,,False
2026,pending_top_up,COLLOQUIAL,9.52,2,19,21,0,0,0,0,0,,False
2027,pending_top_up,MIXED,0.0,0,5,5,0,0,0,0,0,,True
2028,pending_top_up,COLLOQUIAL,7.69,2,24,26,0,0,0,0,0,,False
2029,pending_top_up,COLLOQUIAL,15.0,3,17,20,0,0,0,0,0,,False
2030,pending_top_up,COLLOQUIAL,15.0,3,17,20,0,0,0,0,0,,False
2031,pending_top_up,MIXED,4.55,1,21,22,0,0,0,0,0,,True
2032,pending_top_up,COLLOQUIAL,14.29,1,6,7,0,0,0,0,0,,False
2033,pending_top_up,COLLOQUIAL,11.11,1,8,9,0,0,0,0,0,,False
2034,pending_top_up,COLLOQUIAL,50.0,3,3,6,0,0,0,0,0,,False
2035,pending_top_up,COLLOQUIAL,8.33,1,11,12,0,0,0,0,0,,False
2036,pending_top_up,MIXED,0.0,0,3,3,0,0,0,0,0,,True
2037,pending_top_up,COLLOQUIAL,10.0,3,27,30,0,0,0,0,0,,False
2038,pending_top_up,COLLOQUIAL,16.67,1,5,6,0,0,0,0,0,,False
2039,pending_top_up,MIXED,0.0,0,8,8,0,0,0,0,0,,True
2040,pending_top_up,MIXED,0.0,0,5,5,0,0,0,0,0,,True
2041,pending_top_up,COLLOQUIAL,25.0,2,6,8,0,0,0,0,0,,False
2042,pending_top_up,COLLOQUIAL,27.27,3,8,11,0,0,0,0,0,,False
2043,pending_top_up,COLLOQUIAL,50.0,2,2,4,0,0,0,0,0,,False
2044,pending_top_up,MIXED,0.0,0,5,5,0,0,0,0,0,,True
2045,pending_top_up,COLLOQUIAL,20.0,2,8,10,0,0,0,0,0,,False
2046,pending_top_up,COLLOQUIAL,28.57,2,5,7,0,0,0,0,0,,False
2047,pending_top_up,COLLOQUIAL,14.29,1,6,7,0,0,0,0,0,,False
2048,pending_top_up,COLLOQUIAL,25.0,2,6,8,0,0,0,0,0,,False
2049,pending_top_up,COLLOQUIAL,33.33,2,4,6,0,0,0,0,0,,False
2050,pending_top_up,COLLOQUIAL,6.25,1,15,16,0,0,0,0,0,,False
2051,pending_top_up,COLLOQUIAL,16.0,4,21,25,0,0,0,0,0,,False
2052,pending_top_up,COLLOQUIAL,33.33,3,6,9,0,0,0,0,0,,False
2053,pending_top_up,COLLOQUIAL,16.67,2,10,12,0,0,0,0,0,,False
2054,pending_top_up,MIXED,0.0,0,11,11,0,0,0,0,0,,True
2055,pending_top_up,MIXED,0.0,0,6,6,0,0,0,0,0,,True
2056,pending_top_up,COLLOQUIAL,33.33,2,4,6,0,0,0,0,0,,False
2057,pending_top_up,MIXED,0.0,0,7,7,0,0,0,0,0,,True
2058,pending_top_up,COLLOQUIAL,14.29,3,18,21,0,0,0,0,0,,False
2059,pending_top_up,COLLOQUIAL,9.09,1,10,11,0,0,0,0,0,,False
2060,pending_top_up,COLLOQUIAL,11.11,1,8,9,0,0,0,0,0,,False
2061,pending_top_up,MIXED,0.0,0,7,7,0,0,0,0,0,,True
2062,pending_top_up,MIXED,0.0,0,5,5,0,0,0,0,0,,True
2063,pending_top_up,COLLOQUIAL,50.0,3,3,6,0,0,0,0,0,,False
2064,pending_top_up,COLLOQUIAL,8.33,1,11,12,0,0,0,0,0,,False
2065,pending_top_up,COLLOQUIAL,30.77,4,9,13,0,0,0,0,0,,False
2066,pending_top_up,MIXED,0.0,0,7,7,0,0,0,0,0,,True
2067,pending_top_up,COLLOQUIAL,12.5,1,7,8,0,0,0,0,0,,False
2068,pending_top_up,COLLOQUIAL,33.33,2,4,6,0,0,0,0,0,,False
2069,pending_top_up,COLLOQUIAL,14.71,5,29,34,0,0,0,0,0,,False
2070,pending_top_up,COLLOQUIAL,28.57,2,5,7,0,0,0,0,0,,False
2071,pending_top_up,COLLOQUIAL,25.0,3,9,12,0,0,0,0,0,,False
2072,pending_top_up,COLLOQUIAL,30.0,9,21,30,0,0,0,0,0,,False
2073,pending_top_up,COLLOQUIAL,11.54,3,23,26,0,0,0,0,0,,False
2074,pending_top_up,MIXED,0.0,0,10,10,0,0,0,0,0,,True
2075,pending_top_up,COLLOQUIAL,9.52,2,19,21,0,0,0,0,0,,False
2076,pending_top_up,COLLOQUIAL,42.86,3,4,7,0,0,0,0,0,,False
2077,cancel_transfer,COLLOQUIAL,40.0,2,3,5,0,0,0,0,0,,False
2078,cancel_transfer,COLLOQUIAL,25.0,2,6,8,0,0,0,0,0,,False
2079,cancel_transfer,COLLOQUIAL,32.0,8,17,25,0,0,0,0,0,,False
2080,cancel_transfer,COLLOQUIAL,7.69,1,12,13,0,0,0,0,0,,False
2081,cancel_transfer,COLLOQUIAL,28.57,2,5,7,0,0,0,0,0,,False
2082,cancel_transfer,COLLOQUIAL,29.41,5,12,17,0,0,0,0,0,,False
2083,cancel_transfer,COLLOQUIAL,16.67,1,5,6,0,0,0,0,0,,False
2084,cancel_transfer,COLLOQUIAL,9.52,2,19,21,0,0,0,0,0,,False
2085,cancel_transfer,COLLOQUIAL,33.33,2,4,6,0,0,0,0,0,,False
2086,cancel_transfer,COLLOQUIAL,12.5,1,7,8,0,0,0,0,0,,False
2087,cancel_transfer,COLLOQUIAL,12.5,1,7,8,0,0,0,0,0,,False
2088,cancel_transfer,COLLOQUIAL,18.92,7,30,37,0,0,0,0,0,,False
2089,cancel_transfer,COLLOQUIAL,16.67,2,10,12,0,0,0,0,0,,False
2090,cancel_transfer,COLLOQUIAL,16.67,2,10,12,0,0,0,0,0,,False
2091,cancel_transfer,COLLOQUIAL,25.0,2,6,8,0,0,0,0,0,,False
2092,cancel_transfer,COLLOQUIAL,11.11,1,8,9,0,0,0,0,0,,False
2093,cancel_transfer,COLLOQUIAL,21.05,4,15,19,0,0,0,0,0,,False
2094,cancel_transfer,COLLOQUIAL,22.22,2,7,9,0,0,0,0,0,,False
2095,cancel_transfer,COLLOQUIAL,10.0,1,9,10,0,0,0,0,0,,False
2096,cancel_transfer,COLLOQUIAL,16.67,1,5,6,0,0,0,0,0,,False
2097,cancel_transfer,COLLOQUIAL,33.33,2,4,6,0,0,0,0,0,,False
2098,cancel_transfer,COLLOQUIAL,22.22,2,7,9,0,0,0,0,0,,False
2099,cancel_transfer,COLLOQUIAL,14.29,1,6,7,0,0,0,0,0,,False
2100,cancel_transfer,COLLOQUIAL,21.74,5,18,23,0,0,0,0,0,,False
2101,cancel_transfer,COLLOQUIAL,40.0,2,3,5,0,0,0,0,0,,False
2102,cancel_transfer,COLLOQUIAL,16.67,2,10,12,0,0,0,0,0,,False
2103,cancel_transfer,COLLOQUIAL,33.33,2,4,6,0,0,0,0,0,,False
2104,cancel_transfer,COLLOQUIAL,33.33,2,4,6,0,0,0,0,0,,False
2105,cancel_transfer,COLLOQUIAL,37.5,3,5,8,0,0,0,0,0,,False
2106,cancel_transfer,COLLOQUIAL,28.57,2,5,7,0,0,0,0,0,,False
2107,cancel_transfer,COLLOQUIAL,16.67,1,5,6,0,0,0,0,0,,False
2108,cancel_transfer,COLLOQUIAL,28.57,2,5,7,0,0,0,0,0,,False
2109,cancel_transfer,COLLOQUIAL,18.18,2,9,11,0,0,0,0,0,,False
2110,cancel_transfer,COLLOQUIAL,33.33,2,4,6,0,0,0,0,0,,False
2111,cancel_transfer,MIXED,4.76,1,20,21,0,0,0,0,0,,True
2112,cancel_transfer,MIXED,0.0,0,8,8,0,0,0,0,0,,True
2113,cancel_transfer,MIXED,0.0,0,8,8,0,0,0,0,0,,True
2114,cancel_transfer,MIXED,0.0,0,7,7,0,0,0,0,0,,True
2115,cancel_transfer,COLLOQUIAL,10.0,1,9,10,0,0,0,0,0,,False
2116,cancel_transfer,MIXED,3.7,1,26,27,0,0,0,0,0,,True
2117,cancel_transfer,COLLOQUIAL,8.33,1,11,12,0,0,0,0,0,,False
2118,cancel_transfer,MIXED,0.0,0,10,10,0,0,0,0,0,,True
2119,cancel_transfer,MIXED,0.0,0,8,8,0,0,0,0,0,,True
2120,cancel_transfer,COLLOQUIAL,14.29,1,6,7,0,0,0,0,0,,False
2121,cancel_transfer,MIXED,0.0,0,6,6,0,0,0,0,0,,True
2122,cancel_transfer,COLLOQUIAL,9.52,2,19,21,0,0,0,0,0,,False
2123,cancel_transfer,COLLOQUIAL,10.0,2,18,20,0,0,0,0,0,,False
2124,cancel_transfer,MIXED,0.0,0,6,6,0,0,0,0,0,,True
2125,cancel_transfer,MIXED,0.0,0,4,4,0,0,0,0,0,,True
2126,cancel_transfer,MIXED,0.0,0,6,6,0,0,0,0,0,,True
2127,cancel_transfer,MIXED,0.0,0,5,5,0,0,0,0,0,,True
2128,cancel_transfer,MIXED,0.0,0,7,7,0,0,0,0,0,,True
2129,cancel_transfer,MIXED,0.0,0,7,7,0,0,0,0,0,,True
2130,cancel_transfer,MIXED,0.0,0,8,8,0,0,0,0,0,,True
2131,cancel_transfer,MIXED,0.0,0,8,8,0,0,0,0,0,,True
2132,cancel_transfer,COLLOQUIAL,16.67,1,5,6,0,0,0,0,0,,False
2133,cancel_transfer,COLLOQUIAL,11.11,1,8,9,0,0,0,0,0,,False
2134,cancel_transfer,MIXED,0.0,0,5,5,0,0,0,0,0,,True
2135,cancel_transfer,MIXED,0.0,0,14,14,0,0,0,0,0,,True
2136,cancel_transfer,MIXED,0.0,0,7,7,0,0,0,0,0,,True
2137,cancel_transfer,MIXED,0.0,0,15,15,0,0,0,0,0,,True
2138,cancel_transfer,COLLOQUIAL,16.67,1,5,6,0,0,0,0,0,,False
2139,cancel_transfer,MIXED,0.0,0,16,16,0,0,0,0,0,,True
2140,cancel_transfer,MIXED,0.0,0,6,6,0,0,0,0,0,,True
2141,cancel_transfer,MIXED,0.0,0,11,11,0,0,0,0,0,,True
2142,cancel_transfer,COLLOQUIAL,18.18,2,9,11,0,0,0,0,0,,False
2143,cancel_transfer,MIXED,0.0,0,6,6,0,0,0,0,0,,True
2144,cancel_transfer,MIXED,0.0,0,15,15,0,0,0,0,0,,True
2145,cancel_transfer,MIXED,0.0,0,4,4,0,0,0,0,0,,True
2146,cancel_transfer,COLLOQUIAL,7.69,1,12,13,0,0,0,0,0,,False
2147,cancel_transfer,MIXED,0.0,0,2,2,0,0,0,0,0,,True
2148,cancel_transfer,MIXED,0.0,0,6,6,0,0,0,0,0,,True
2149,cancel_transfer,COLLOQUIAL,15.38,4,22,26,0,0,0,0,0,,False
2150,cancel_transfer,COLLOQUIAL,15.0,3,17,20,0,0,0,0,0,,False
2151,cancel_transfer,MIXED,3.85,1,25,26,0,0,0,0,0,,True
2152,cancel_transfer,COLLOQUIAL,16.67,1,5,6,0,0,0,0,0,,False
2153,cancel_transfer,MIXED,0.0,0,14,14,0,0,0,0,0,,True
2154,cancel_transfer,MIXED,4.76,1,20,21,0,0,0,0,0,,True
2155,cancel_transfer,COLLOQUIAL,10.0,2,18,20,0,0,0,0,0,,False
2156,cancel_transfer,MIXED,0.0,0,8,8,0,0,0,0,0,,True
2157,cancel_transfer,MIXED,0.0,0,19,19,0,0,0,0,0,,True
2158,cancel_transfer,MIXED,0.0,0,6,6,0,0,0,0,0,,True
2159,cancel_transfer,COLLOQUIAL,10.71,3,25,28,0,0,0,0,0,,False
2160,cancel_transfer,COLLOQUIAL,7.14,1,13,14,0,0,0,0,0,,False
2161,cancel_transfer,MIXED,0.0,0,16,16,0,0,0,0,0,,True
2162,cancel_transfer,COLLOQUIAL,10.34,3,26,29,0,0,0,0,0,,False
2163,cancel_transfer,MIXED,0.0,0,6,6,0,0,0,0,0,,True
2164,cancel_transfer,MIXED,4.17,1,23,24,0,0,0,0,0,,True
2165,cancel_transfer,MIXED,0.0,0,12,12,0,0,0,0,0,,True
2166,cancel_transfer,COLLOQUIAL,10.53,2,17,19,0,0,0,0,0,,False
2167,cancel_transfer,MIXED,0.0,0,23,23,0,0,0,0,0,,True
2168,cancel_transfer,MIXED,0.0,0,8,8,0,0,0,0,0,,True
2169,cancel_transfer,COLLOQUIAL,7.69,1,12,13,0,0,0,0,0,,False
2170,cancel_transfer,MIXED,0.0,0,8,8,0,0,0,0,0,,True
2171,cancel_transfer,COLLOQUIAL,16.67,1,5,6,0,0,0,0,0,,False
2172,cancel_transfer,MIXED,0.0,0,7,7,0,0,0,0,0,,True
2173,cancel_transfer,MIXED,0.0,0,12,12,0,0,0,0,0,,True
2174,cancel_transfer,MIXED,0.0,0,16,16,0,0,0,0,0,,True
2175,cancel_transfer,MIXED,0.0,0,5,5,0,0,0,0,0,,True
2176,cancel_transfer,MIXED,0.0,0,7,7,0,0,0,0,0,,True
2177,cancel_transfer,MIXED,0.0,0,6,6,0,0,0,0,0,,True
2178,cancel_transfer,MIXED,0.0,0,5,5,0,0,0,0,0,,True
2179,cancel_transfer,COLLOQUIAL,12.9,4,27,31,0,0,0,0,0,,False
2180,cancel_transfer,MIXED,0.0,0,4,4,0,0,0,0,0,,True
2181,cancel_transfer,MIXED,0.0,0,14,14,0,0,0,0,0,,True
2182,cancel_transfer,COLLOQUIAL,6.9,2,27,29,0,0,0,0,0,,False
2183,cancel_transfer,MIXED,0.0,0,6,6,0,0,0,0,0,,True
2184,cancel_transfer,MIXED,0.0,0,8,8,0,0,0,0,0,,True
2185,cancel_transfer,MIXED,0.0,0,10,10,0,0,0,0,0,,True
2186,cancel_transfer,MIXED,0.0,0,8,8,0,0,0,0,0,,True
2187,cancel_transfer,MIXED,0.0,0,3,3,0,0,0,0,0,,True
2188,cancel_transfer,MIXED,0.0,0,20,20,0,0,0,0,0,,True
2189,cancel_transfer,COLLOQUIAL,20.0,1,4,5,0,0,0,0,0,,False
2190,cancel_transfer,MIXED,0.0,0,18,18,0,0,0,0,0,,True
2191,cancel_transfer,COLLOQUIAL,50.0,2,2,4,0,0,0,0,0,,False
2192,cancel_transfer,COLLOQUIAL,6.25,1,15,16,0,0,0,0,0,,False
2193,cancel_transfer,COLLOQUIAL,28.57,2,5,7,0,0,0,0,0,,False
2194,cancel_transfer,COLLOQUIAL,44.44,4,5,9,0,0,0,0,0,,False
2195,cancel_transfer,COLLOQUIAL,12.5,1,7,8,0,0,0,0,0,,False
2196,cancel_transfer,COLLOQUIAL,28.57,2,5,7,0,0,0,0,0,,False
2197,cancel_transfer,COLLOQUIAL,29.63,8,19,27,0,0,0,0,0,,False
2198,cancel_transfer,COLLOQUIAL,9.09,1,10,11,0,0,0,0,0,,False
2199,cancel_transfer,COLLOQUIAL,11.11,2,16,18,0,0,0,0,0,,False
2200,cancel_transfer,COLLOQUIAL,10.0,2,18,20,0,0,0,0,0,,False
2201,cancel_transfer,COLLOQUIAL,27.27,3,8,11,0,0,0,0,0,,False
2202,cancel_transfer,COLLOQUIAL,50.0,3,3,6,0,0,0,0,0,,False
2203,cancel_transfer,COLLOQUIAL,25.0,2,6,8,0,0,0,0,0,,False
2204,cancel_transfer,COLLOQUIAL,33.33,7,14,21,0,0,0,0,0,,False
2205,cancel_transfer,COLLOQUIAL,27.78,5,13,18,0,0,0,0,0,,False
2206,cancel_transfer,COLLOQUIAL,28.57,2,5,7,0,0,0,0,0,,False
2207,cancel_transfer,COLLOQUIAL,25.0,2,6,8,0,0,0,0,0,,False
2208,cancel_transfer,COLLOQUIAL,44.44,4,5,9,0,0,0,0,0,,False
2209,cancel_transfer,COLLOQUIAL,50.0,3,3,6,0,0,0,0,0,,False
2210,cancel_transfer,COLLOQUIAL,41.18,7,10,17,0,0,0,0,0,,False
2211,cancel_transfer,COLLOQUIAL,12.5,1,7,8,0,0,0,0,0,,False
2212,cancel_transfer,COLLOQUIAL,18.18,2,9,11,0,0,0,0,0,,False
2213,cancel_transfer,COLLOQUIAL,31.58,6,13,19,0,0,0,0,0,,False
2214,cancel_transfer,COLLOQUIAL,33.33,2,1,3,0,0,0,0,0,,False
2215,cancel_transfer,COLLOQUIAL,42.86,4,3,7,0,0,0,0,0,,False
2216,cancel_transfer,COLLOQUIAL,18.18,2,9,11,0,0,0,0,0,,False
2217,cancel_transfer,COLLOQUIAL,50.0,3,3,6,0,0,0,0,0,,False
2218,cancel_transfer,COLLOQUIAL,12.5,1,7,8,0,0,0,0,0,,False
2219,cancel_transfer,COLLOQUIAL,22.22,2,7,9,0,0,0,0,0,,False
2220,cancel_transfer,COLLOQUIAL,28.57,8,20,28,0,0,0,0,0,,False
2221,cancel_transfer,COLLOQUIAL,22.22,2,7,9,0,0,0,0,0,,False
2222,cancel_transfer,COLLOQUIAL,33.33,2,4,6,0,0,0,0,0,,False
2223,cancel_transfer,COLLOQUIAL,31.58,6,13,19,0,0,0,0,0,,False
2224,cancel_transfer,COLLOQUIAL,38.46,10,16,26,0,0,0,0,0,,False
2225,cancel_transfer,COLLOQUIAL,18.18,4,18,22,0,0,0,0,0,,False
2226,cancel_transfer,COLLOQUIAL,25.0,2,6,8,0,0,0,0,0,,False
2227,cancel_transfer,COLLOQUIAL,14.29,3,18,21,0,0,0,0,0,,False
2228,cancel_transfer,COLLOQUIAL,33.33,6,12,18,0,0,0,0,0,,False
2229,cancel_transfer,COLLOQUIAL,29.63,8,19,27,0,0,0,0,0,,False
2230,cancel_transfer,COLLOQUIAL,11.11,1,8,9,0,0,0,0,0,,False
2231,cancel_transfer,COLLOQUIAL,25.0,2,6,8,0,0,0,0,0,,False
2232,cancel_transfer,COLLOQUIAL,21.74,5,18,23,0,0,0,0,0,,False
2233,cancel_transfer,COLLOQUIAL,50.0,3,3,6,0,0,0,0,0,,False
2234,top_up_limits,COLLOQUIAL,25.0,1,3,4,0,0,0,0,0,,False
2235,top_up_limits,COLLOQUIAL,20.0,1,4,5,0,0,0,0,0,,False
2236,top_up_limits,COLLOQUIAL,22.22,2,7,9,0,0,0,0,0,,False
2237,top_up_limits,MIXED,0.0,0,7,7,0,0,0,0,0,,True
2238,top_up_limits,COLLOQUIAL,12.5,1,7,8,0,0,0,0,0,,False
2239,top_up_limits,MIXED,0.0,0,6,6,0,0,0,0,0,,True
2240,top_up_limits,COLLOQUIAL,9.09,1,10,11,0,0,0,0,0,,False
2241,top_up_limits,COLLOQUIAL,22.22,2,7,9,0,0,0,0,0,,False
2242,top_up_limits,MIXED,0.0,0,6,6,0,0,0,0,0,,True
2243,top_up_limits,COLLOQUIAL,16.67,1,5,6,0,0,0,0,0,,False
2244,top_up_limits,COLLOQUIAL,14.29,1,6,7,0,0,0,0,0,,False
2245,top_up_limits,COLLOQUIAL,28.57,2,5,7,0,0,0,0,0,,False
2246,top_up_limits,COLLOQUIAL,20.0,1,4,5,0,0,0,0,0,,False
2247,top_up_limits,COLLOQUIAL,12.5,1,7,8,0,0,0,0,0,,False
2248,top_up_limits,COLLOQUIAL,14.29,1,6,7,0,0,0,0,0,,False
2249,top_up_limits,COLLOQUIAL,14.29,1,6,7,0,0,0,0,0,,False
2250,top_up_limits,COLLOQUIAL,15.38,2,11,13,0,0,0,0,0,,False
2251,top_up_limits,MIXED,0.0,0,7,7,0,0,0,0,0,,True
2252,top_up_limits,COLLOQUIAL,11.11,1,8,9,0,0,0,0,0,,False
2253,top_up_limits,COLLOQUIAL,12.5,1,7,8,0,0,0,0,0,,False
2254,top_up_limits,COLLOQUIAL,11.11,1,8,9,0,0,0,0,0,,False
2255,top_up_limits,COLLOQUIAL,25.0,1,3,4,0,0,0,0,0,,False
2256,top_up_limits,MIXED,0.0,0,7,7,0,0,0,0,0,,True
2257,top_up_limits,COLLOQUIAL,25.0,1,3,4,0,0,0,0,0,,False
2258,top_up_limits,COLLOQUIAL,11.11,1,8,9,0,0,0,0,0,,False
2259,top_up_limits,COLLOQUIAL,33.33,2,4,6,0,0,0,0,0,,False
2260,top_up_limits,COLLOQUIAL,33.33,1,2,3,0,0,0,0,0,,False
2261,top_up_limits,MIXED,0.0,0,8,8,0,0,0,0,0,,True
2262,top_up_limits,COLLOQUIAL,25.0,1,3,4,0,0,0,0,0,,False
2263,top_up_limits,COLLOQUIAL,12.5,1,7,8,0,0,0,0,0,,False
2264,top_up_limits,MIXED,0.0,0,9,9,0,0,0,0,0,,True
2265,top_up_limits,COLLOQUIAL,25.0,1,3,4,0,0,0,0,0,,False
2266,top_up_limits,COLLOQUIAL,14.29,1,6,7,0,0,0,0,0,,False
2267,top_up_limits,COLLOQUIAL,25.0,1,3,4,0,0,0,0,0,,False
2268,top_up_limits,COLLOQUIAL,12.5,1,7,8,0,0,0,0,0,,False
2269,top_up_limits,MIXED,0.0,0,4,4,0,0,0,0,0,,True
2270,top_up_limits,MIXED,0.0,0,6,6,0,0,0,0,0,,True
2271,top_up_limits,MIXED,0.0,0,6,6,0,0,0,0,0,,True
2272,top_up_limits,MIXED,0.0,0,8,8,0,0,0,0,0,,True
2273,top_up_limits,MIXED,0.0,0,4,4,0,0,0,0,0,,True
2274,top_up_limits,MIXED,0.0,0,6,6,0,0,0,0,0,,True
2275,top_up_limits,COLLOQUIAL,28.57,2,5,7,0,0,0,0,0,,False
2276,top_up_limits,COLLOQUIAL,40.0,2,3,5,0,0,0,0,0,,False
2277,top_up_limits,COLLOQUIAL,20.0,1,4,5,0,0,0,0,0,,False
2278,top_up_limits,COLLOQUIAL,14.29,1,6,7,0,0,0,0,0,,False
2279,top_up_limits,MIXED,0.0,0,6,6,0,0,0,0,0,,True
2280,top_up_limits,COLLOQUIAL,50.0,3,3,6,0,0,0,0,0,,False
2281,top_up_limits,COLLOQUIAL,16.67,2,10,12,0,0,0,0,0,,False
2282,top_up_limits,COLLOQUIAL,12.5,1,7,8,0,0,0,0,0,,False
2283,top_up_limits,COLLOQUIAL,22.22,2,7,9,0,0,0,0,0,,False
2284,top_up_limits,COLLOQUIAL,20.0,1,4,5,0,0,0,0,0,,False
2285,top_up_limits,COLLOQUIAL,25.0,1,3,4,0,0,0,0,0,,False
2286,top_up_limits,COLLOQUIAL,25.0,1,3,4,0,0,0,0,0,,False
2287,top_up_limits,MIXED,0.0,0,3,3,0,0,0,0,0,,True
2288,top_up_limits,COLLOQUIAL,50.0,4,4,8,0,0,0,0,0,,False
2289,top_up_limits,MIXED,0.0,0,11,11,0,0,0,0,0,,True
2290,top_up_limits,COLLOQUIAL,33.33,2,4,6,0,0,0,0,0,,False
2291,top_up_limits,COLLOQUIAL,20.0,1,4,5,0,0,0,0,0,,False
2292,top_up_limits,COLLOQUIAL,40.0,3,2,5,0,0,0,0,0,,False
2293,top_up_limits,MIXED,0.0,0,8,8,0,0,0,0,0,,True
2294,top_up_limits,COLLOQUIAL,40.0,2,3,5,0,0,0,0,0,,False
2295,top_up_limits,COLLOQUIAL,33.33,2,4,6,0,0,0,0,0,,False
2296,top_up_limits,MIXED,0.0,0,5,5,0,0,0,0,0,,True
2297,top_up_limits,COLLOQUIAL,33.33,1,2,3,0,0,0,0,0,,False
2298,top_up_limits,COLLOQUIAL,20.0,1,4,5,0,0,0,0,0,,False
2299,top_up_limits,COLLOQUIAL,25.0,1,3,4,0,0,0,0,0,,False
2300,top_up_limits,COLLOQUIAL,16.67,1,5,6,0,0,0,0,0,,False
2301,top_up_limits,COLLOQUIAL,40.0,2,3,5,0,0,0,0,0,,False
2302,top_up_limits,COLLOQUIAL,16.67,1,5,6,0,0,0,0,0,,False
2303,top_up_limits,COLLOQUIAL,25.0,1,3,4,0,0,0,0,0,,False
2304,top_up_limits,MIXED,0.0,0,6,6,0,0,0,0,0,,True
2305,top_up_limits,MIXED,0.0,0,10,10,0,0,0,0,0,,True
2306,top_up_limits,COLLOQUIAL,25.0,1,3,4,0,0,0,0,0,,False
2307,top_up_limits,COLLOQUIAL,20.0,1,4,5,0,0,0,0,0,,False
2308,top_up_limits,COLLOQUIAL,33.33,1,2,3,0,0,0,0,0,,False
2309,top_up_limits,COLLOQUIAL,28.57,2,5,7,0,0,0,0,0,,False
2310,top_up_limits,COLLOQUIAL,14.29,1,6,7,0,0,0,0,0,,False
2311,top_up_limits,MIXED,0.0,0,6,6,0,0,0,0,0,,True
2312,top_up_limits,MIXED,0.0,0,6,6,0,0,0,0,0,,True
2313,top_up_limits,MIXED,0.0,0,5,5,0,0,0,0,0,,True
2314,top_up_limits,MIXED,0.0,0,11,11,0,0,0,0,0,,True
2315,top_up_limits,MIXED,0.0,0,6,6,0,0,0,0,0,,True
2316,top_up_limits,MIXED,0.0,0,4,4,0,0,0,0,0,,True
2317,top_up_limits,MIXED,0.0,0,7,7,0,0,0,0,0,,True
2318,top_up_limits,MIXED,0.0,0,8,8,0,0,0,0,0,,True
2319,top_up_limits,MIXED,0.0,0,6,6,0,0,0,0,0,,True
2320,top_up_limits,MIXED,0.0,0,5,5,0,0,0,0,0,,True
2321,top_up_limits,MIXED,0.0,0,3,3,0,0,0,0,0,,True
2322,top_up_limits,MIXED,0.0,0,6,6,0,0,0,0,0,,True
2323,top_up_limits,MIXED,0.0,0,5,5,0,0,0,0,0,,True
2324,top_up_limits,MIXED,0.0,0,4,4,0,0,0,0,0,,True
2325,top_up_limits,MIXED,0.0,0,8,8,0,0,0,0,0,,True
2326,top_up_limits,MIXED,0.0,0,3,3,0,0,0,0,0,,True
2327,top_up_limits,MIXED,0.0,0,7,7,0,0,0,0,0,,True
2328,top_up_limits,MIXED,0.0,0,2,2,0,0,0,0,0,,True
2329,top_up_limits,MIXED,0.0,0,5,5,0,0,0,0,0,,True
2330,top_up_limits,MIXED,0.0,0,3,3,0,0,0,0,0,,True
2331,wrong_amount_of_cash_received,MIXED,0.0,0,10,10,0,0,0,0,0,,True
2332,wrong_amount_of_cash_received,COLLOQUIAL,40.0,2,3,5,0,0,0,0,0,,False
2333,wrong_amount_of_cash_received,COLLOQUIAL,20.0,1,4,5,0,0,0,0,0,,False
2334,wrong_amount_of_cash_received,MIXED,0.0,0,8,8,0,0,0,0,0,,True
2335,wrong_amount_of_cash_received,COLLOQUIAL,18.18,2,9,11,0,0,0,0,0,,False
2336,wrong_amount_of_cash_received,COLLOQUIAL,20.0,1,4,5,0,0,0,0,0,,False
2337,wrong_amount_of_cash_received,COLLOQUIAL,13.33,2,13,15,0,0,0,0,0,,False
2338,wrong_amount_of_cash_received,MIXED,0.0,0,8,8,0,0,0,0,0,,True
2339,wrong_amount_of_cash_received,COLLOQUIAL,22.22,2,7,9,0,0,0,0,0,,False
2340,wrong_amount_of_cash_received,COLLOQUIAL,9.52,2,19,21,0,0,0,0,0,,False
2341,wrong_amount_of_cash_received,COLLOQUIAL,7.69,1,12,13,0,0,0,0,0,,False
2342,wrong_amount_of_cash_received,COLLOQUIAL,16.67,1,5,6,0,0,0,0,0,,False
2343,wrong_amount_of_cash_received,COLLOQUIAL,20.0,1,4,5,0,0,0,0,0,,False
2344,wrong_amount_of_cash_received,MIXED,0.0,0,6,6,0,0,0,0,0,,True
2345,wrong_amount_of_cash_received,COLLOQUIAL,18.18,2,9,11,0,0,0,0,0,,False
2346,wrong_amount_of_cash_received,COLLOQUIAL,20.0,2,8,10,0,0,0,0,0,,False
2347,wrong_amount_of_cash_received,COLLOQUIAL,20.0,2,8,10,0,0,0,0,0,,False
2348,wrong_amount_of_cash_received,COLLOQUIAL,16.67,2,10,12,0,0,0,0,0,,False
2349,wrong_amount_of_cash_received,MIXED,0.0,0,7,7,0,0,0,0,0,,True
2350,wrong_amount_of_cash_received,COLLOQUIAL,13.64,3,19,22,0,0,0,0,0,,False
2351,wrong_amount_of_cash_received,MIXED,0.0,0,5,5,0,0,0,0,0,,True
2352,wrong_amount_of_cash_received,MIXED,0.0,0,6,6,0,0,0,0,0,,True
2353,wrong_amount_of_cash_received,MIXED,0.0,0,8,8,0,0,0,0,0,,True
2354,wrong_amount_of_cash_received,COLLOQUIAL,16.67,1,5,6,0,0,0,0,0,,False
2355,wrong_amount_of_cash_received,MIXED,0.0,0,6,6,0,0,0,0,0,,True
2356,wrong_amount_of_cash_received,COLLOQUIAL,13.33,2,13,15,0,0,0,0,0,,False
2357,wrong_amount_of_cash_received,MIXED,0.0,0,10,10,0,0,0,0,0,,True
2358,wrong_amount_of_cash_received,COLLOQUIAL,9.09,1,10,11,0,0,0,0,0,,False
2359,wrong_amount_of_cash_received,COLLOQUIAL,5.71,2,33,35,0,0,0,0,0,,False
2360,wrong_amount_of_cash_received,COLLOQUIAL,10.0,1,9,10,0,0,0,0,0,,False
2361,wrong_amount_of_cash_received,COLLOQUIAL,16.67,1,5,6,0,0,0,0,0,,False
2362,wrong_amount_of_cash_received,MIXED,4.76,1,20,21,0,0,0,0,0,,True
2363,wrong_amount_of_cash_received,MIXED,0.0,0,9,9,0,0,0,0,0,,True
2364,wrong_amount_of_cash_received,COLLOQUIAL,13.33,2,13,15,0,0,0,0,0,,False
2365,wrong_amount_of_cash_received,COLLOQUIAL,14.29,1,6,7,0,0,0,0,0,,False
2366,wrong_amount_of_cash_received,COLLOQUIAL,12.5,1,7,8,0,0,0,0,0,,False
2367,wrong_amount_of_cash_received,MIXED,0.0,0,5,5,0,0,0,0,0,,True
2368,wrong_amount_of_cash_received,MIXED,0.0,0,4,4,0,0,0,0,0,,True
2369,wrong_amount_of_cash_received,MIXED,0.0,0,9,9,0,0,0,0,0,,True
2370,wrong_amount_of_cash_received,COLLOQUIAL,17.39,4,19,23,0,0,0,0,0,,False
2371,wrong_amount_of_cash_received,MIXED,4.17,1,23,24,0,0,0,0,0,,True
2372,wrong_amount_of_cash_received,COLLOQUIAL,7.69,1,12,13,0,0,0,0,0,,False
2373,wrong_amount_of_cash_received,COLLOQUIAL,7.41,2,25,27,0,0,0,0,0,,False
2374,wrong_amount_of_cash_received,MIXED,0.0,0,6,6,0,0,0,0,0,,True
2375,wrong_amount_of_cash_received,COLLOQUIAL,12.5,1,7,8,0,0,0,0,0,,False
2376,wrong_amount_of_cash_received,MIXED,0.0,0,6,6,0,0,0,0,0,,True
2377,wrong_amount_of_cash_received,MIXED,0.0,0,11,11,0,0,0,0,0,,True
2378,wrong_amount_of_cash_received,MIXED,0.0,0,11,11,0,0,0,0,0,,True
2379,wrong_amount_of_cash_received,COLLOQUIAL,11.11,2,16,18,0,0,0,0,0,,False
2380,wrong_amount_of_cash_received,COLLOQUIAL,9.09,2,20,22,0,0,0,0,0,,False
2381,wrong_amount_of_cash_received,COLLOQUIAL,9.52,2,19,21,0,0,0,0,0,,False
2382,wrong_amount_of_cash_received,COLLOQUIAL,13.33,4,26,30,0,0,0,0,0,,False
2383,wrong_amount_of_cash_received,COLLOQUIAL,5.26,1,18,19,0,0,0,0,0,,False
2384,wrong_amount_of_cash_received,MIXED,4.35,1,22,23,0,0,0,0,0,,True
2385,wrong_amount_of_cash_received,COLLOQUIAL,16.67,1,5,6,0,0,0,0,0,,False
2386,wrong_amount_of_cash_received,COLLOQUIAL,12.5,1,7,8,0,0,0,0,0,,False
2387,wrong_amount_of_cash_received,COLLOQUIAL,14.29,1,6,7,0,0,0,0,0,,False
2388,wrong_amount_of_cash_received,COLLOQUIAL,8.33,1,11,12,0,0,0,0,0,,False
2389,wrong_amount_of_cash_received,COLLOQUIAL,16.67,2,10,12,0,0,0,0,0,,False
2390,wrong_amount_of_cash_received,MIXED,0.0,0,16,16,0,0,0,0,0,,True
2391,wrong_amount_of_cash_received,MIXED,0.0,0,8,8,0,0,0,0,0,,True
2392,wrong_amount_of_cash_received,COLLOQUIAL,11.11,2,16,18,0,0,0,0,0,,False
2393,wrong_amount_of_cash_received,MIXED,0.0,0,7,7,0,0,0,0,0,,True
2394,wrong_amount_of_cash_received,MIXED,0.0,0,10,10,0,0,0,0,0,,True
2395,wrong_amount_of_cash_received,MIXED,0.0,0,9,9,0,0,0,0,0,,True
2396,wrong_amount_of_cash_received,COLLOQUIAL,16.67,2,10,12,0,0,0,0,0,,False
2397,wrong_amount_of_cash_received,MIXED,0.0,0,9,9,0,0,0,0,0,,True
2398,wrong_amount_of_cash_received,MIXED,0.0,0,7,7,0,0,0,0,0,,True
2399,wrong_amount_of_cash_received,MIXED,0.0,0,7,7,0,0,0,0,0,,True
2400,wrong_amount_of_cash_received,COLLOQUIAL,11.54,3,23,26,0,0,0,0,0,,False
2401,wrong_amount_of_cash_received,COLLOQUIAL,28.57,2,5,7,0,0,0,0,0,,False
2402,wrong_amount_of_cash_received,MIXED,0.0,0,7,7,0,0,0,0,0,,True
2403,wrong_amount_of_cash_received,MIXED,0.0,0,6,6,0,0,0,0,0,,True
2404,wrong_amount_of_cash_received,MIXED,0.0,0,8,8,0,0,0,0,0,,True
2405,wrong_amount_of_cash_received,COLLOQUIAL,7.14,2,26,28,0,0,0,0,0,,False
2406,wrong_amount_of_cash_received,COLLOQUIAL,12.5,1,7,8,0,0,0,0,0,,False
2407,wrong_amount_of_cash_received,MIXED,0.0,0,6,6,0,0,0,0,0,,True
2408,wrong_amount_of_cash_received,MIXED,0.0,0,5,5,0,0,0,0,0,,True
2409,wrong_amount_of_cash_received,MIXED,0.0,0,4,4,0,0,0,0,0,,True
2410,wrong_amount_of_cash_received,COLLOQUIAL,6.45,2,29,31,0,0,0,0,0,,False
2411,wrong_amount_of_cash_received,COLLOQUIAL,8.33,1,11,12,0,0,0,0,0,,False
2412,wrong_amount_of_cash_received,MIXED,0.0,0,4,4,0,0,0,0,0,,True
2413,wrong_amount_of_cash_received,COLLOQUIAL,6.06,2,31,33,0,0,0,0,0,,False
2414,wrong_amount_of_cash_received,MIXED,0.0,0,5,5,0,0,0,0,0,,True
2415,wrong_amount_of_cash_received,COLLOQUIAL,16.67,1,5,6,0,0,0,0,0,,False
2416,wrong_amount_of_cash_received,MIXED,0.0,0,20,20,0,0,0,0,0,,True
2417,wrong_amount_of_cash_received,MIXED,0.0,0,6,6,0,0,0,0,0,,True
2418,wrong_amount_of_cash_received,MIXED,0.0,0,8,8,0,0,0,0,0,,True
2419,wrong_amount_of_cash_received,COLLOQUIAL,6.67,1,14,15,0,0,0,0,0,,False
2420,wrong_amount_of_cash_received,COLLOQUIAL,12.5,1,7,8,0,0,0,0,0,,False
2421,wrong_amount_of_cash_received,MIXED,0.0,0,7,7,0,0,0,0,0,,True
2422,wrong_amount_of_cash_received,MIXED,0.0,0,13,13,0,0,0,0,0,,True
2423,wrong_amount_of_cash_received,COLLOQUIAL,9.09,1,10,11,0,0,0,0,0,,False
2424,wrong_amount_of_cash_received,COLLOQUIAL,15.38,2,11,13,0,0,0,0,0,,False
2425,wrong_amount_of_cash_received,MIXED,3.85,1,25,26,0,0,0,0,0,,True
2426,wrong_amount_of_cash_received,MIXED,0.0,0,6,6,0,0,0,0,0,,True
2427,wrong_amount_of_cash_received,MIXED,0.0,0,6,6,0,0,0,0,0,,True
2428,wrong_amount_of_cash_received,MIXED,0.0,0,6,6,0,0,0,0,0,,True
2429,wrong_amount_of_cash_received,COLLOQUIAL,16.67,1,5,6,0,0,0,0,0,,False
2430,wrong_amount_of_cash_received,COLLOQUIAL,5.56,1,17,18,0,0,0,0,0,,False
2431,wrong_amount_of_cash_received,MIXED,0.0,0,10,10,0,0,0,0,0,,True
2432,wrong_amount_of_cash_received,COLLOQUIAL,12.5,1,7,8,0,0,0,0,0,,False
2433,wrong_amount_of_cash_received,COLLOQUIAL,7.14,1,13,14,0,0,0,0,0,,False
2434,wrong_amount_of_cash_received,MIXED,0.0,0,5,5,0,0,0,0,0,,True
2435,wrong_amount_of_cash_received,MIXED,0.0,0,5,5,0,0,0,0,0,,True
2436,wrong_amount_of_cash_received,COLLOQUIAL,16.67,1,5,6,0,0,0,0,0,,False
2437,wrong_amount_of_cash_received,COLLOQUIAL,8.33,1,11,12,0,0,0,0,0,,False
2438,wrong_amount_of_cash_received,COLLOQUIAL,13.04,3,20,23,0,0,0,0,0,,False
2439,wrong_amount_of_cash_received,COLLOQUIAL,10.0,1,9,10,0,0,0,0,0,,False
2440,wrong_amount_of_cash_received,MIXED,0.0,0,5,5,0,0,0,0,0,,True
2441,wrong_amount_of_cash_received,MIXED,0.0,0,7,7,0,0,0,0,0,,True
2442,wrong_amount_of_cash_received,COLLOQUIAL,9.09,1,10,11,0,0,0,0,0,,False
2443,wrong_amount_of_cash_received,COLLOQUIAL,9.09,1,10,11,0,0,0,0,0,,False
2444,wrong_amount_of_cash_received,COLLOQUIAL,12.5,1,7,8,0,0,0,0,0,,False
2445,wrong_amount_of_cash_received,COLLOQUIAL,11.11,1,8,9,0,0,0,0,0,,False
2446,wrong_amount_of_cash_received,MIXED,0.0,0,11,11,0,0,0,0,0,,True
2447,wrong_amount_of_cash_received,MIXED,0.0,0,6,6,0,0,0,0,0,,True
2448,wrong_amount_of_cash_received,COLLOQUIAL,16.67,3,15,18,0,0,0,0,0,,False
2449,wrong_amount_of_cash_received,COLLOQUIAL,16.67,1,5,6,0,0,0,0,0,,False
2450,wrong_amount_of_cash_received,COLLOQUIAL,11.11,4,32,36,0,0,0,0,0,,False
2451,wrong_amount_of_cash_received,COLLOQUIAL,12.5,1,7,8,0,0,0,0,0,,False
2452,wrong_amount_of_cash_received,MIXED,0.0,0,5,5,0,0,0,0,0,,True
2453,wrong_amount_of_cash_received,COLLOQUIAL,21.43,3,11,14,0,0,0,0,0,,False
2454,wrong_amount_of_cash_received,COLLOQUIAL,12.5,1,7,8,0,0,0,0,0,,False
2455,wrong_amount_of_cash_received,COLLOQUIAL,22.22,2,7,9,0,0,0,0,0,,False
2456,wrong_amount_of_cash_received,COLLOQUIAL,11.11,1,8,9,0,0,0,0,0,,False
2457,wrong_amount_of_cash_received,COLLOQUIAL,7.14,2,26,28,0,0,0,0,0,,False
2458,wrong_amount_of_cash_received,MIXED,0.0,0,6,6,0,0,0,0,0,,True
2459,wrong_amount_of_cash_received,MIXED,0.0,0,6,6,0,0,0,0,0,,True
2460,wrong_amount_of_cash_received,COLLOQUIAL,11.76,2,15,17,0,0,0,0,0,,False
2461,wrong_amount_of_cash_received,COLLOQUIAL,11.54,3,23,26,0,0,0,0,0,,False
2462,wrong_amount_of_cash_received,MIXED,0.0,0,7,7,0,0,0,0,0,,True
2463,wrong_amount_of_cash_received,COLLOQUIAL,8.33,1,11,12,0,0,0,0,0,,False
2464,wrong_amount_of_cash_received,COLLOQUIAL,11.54,3,23,26,0,0,0,0,0,,False
2465,wrong_amount_of_cash_received,MIXED,0.0,0,4,4,0,0,0,0,0,,True
2466,wrong_amount_of_cash_received,COLLOQUIAL,8.33,1,11,12,0,0,0,0,0,,False
2467,wrong_amount_of_cash_received,MIXED,0.0,0,5,5,0,0,0,0,0,,True
2468,wrong_amount_of_cash_received,MIXED,0.0,0,9,9,0,0,0,0,0,,True
2469,wrong_amount_of_cash_received,COLLOQUIAL,14.29,1,6,7,0,0,0,0,0,,False
2470,wrong_amount_of_cash_received,MIXED,0.0,0,5,5,0,0,0,0,0,,True
2471,wrong_amount_of_cash_received,MIXED,0.0,0,8,8,0,0,0,0,0,,True
2472,wrong_amount_of_cash_received,COLLOQUIAL,16.67,1,5,6,0,0,0,0,0,,False
2473,wrong_amount_of_cash_received,COLLOQUIAL,22.22,2,7,9,0,0,0,0,0,,False
2474,wrong_amount_of_cash_received,COLLOQUIAL,20.0,2,8,10,0,0,0,0,0,,False
2475,wrong_amount_of_cash_received,COLLOQUIAL,14.29,1,6,7,0,0,0,0,0,,False
2476,wrong_amount_of_cash_received,COLLOQUIAL,20.0,1,4,5,0,0,0,0,0,,False
2477,wrong_amount_of_cash_received,COLLOQUIAL,20.0,1,4,5,0,0,0,0,0,,False
2478,wrong_amount_of_cash_received,COLLOQUIAL,11.11,1,8,9,0,0,0,0,0,,False
2479,wrong_amount_of_cash_received,COLLOQUIAL,20.0,2,8,10,0,0,0,0,0,,False
2480,wrong_amount_of_cash_received,COLLOQUIAL,12.5,1,7,8,0,0,0,0,0,,False
2481,wrong_amount_of_cash_received,COLLOQUIAL,10.0,1,9,10,0,0,0,0,0,,False
2482,wrong_amount_of_cash_received,MIXED,0.0,0,10,10,0,0,0,0,0,,True
2483,wrong_amount_of_cash_received,COLLOQUIAL,23.08,3,10,13,0,0,0,0,0,,False
2484,wrong_amount_of_cash_received,MIXED,0.0,0,9,9,0,0,0,0,0,,True
2485,wrong_amount_of_cash_received,MIXED,0.0,0,7,7,0,0,0,0,0,,True
2486,wrong_amount_of_cash_received,COLLOQUIAL,11.11,1,8,9,0,0,0,0,0,,False
2487,wrong_amount_of_cash_received,COLLOQUIAL,22.22,4,14,18,0,0,0,0,0,,False
2488,wrong_amount_of_cash_received,MIXED,0.0,0,6,6,0,0,0,0,0,,True
2489,wrong_amount_of_cash_received,COLLOQUIAL,14.29,1,6,7,0,0,0,0,0,,False
2490,wrong_amount_of_cash_received,COLLOQUIAL,11.11,2,16,18,0,0,0,0,0,,False
2491,wrong_amount_of_cash_received,MIXED,0.0,0,12,12,0,0,0,0,0,,True
2492,wrong_amount_of_cash_received,COLLOQUIAL,12.5,1,7,8,0,0,0,0,0,,False
2493,wrong_amount_of_cash_received,COLLOQUIAL,8.0,2,23,25,0,0,0,0,0,,False
2494,wrong_amount_of_cash_received,COLLOQUIAL,11.11,1,8,9,0,0,0,0,0,,False
2495,wrong_amount_of_cash_received,COLLOQUIAL,11.76,2,15,17,0,0,0,0,0,,False
2496,wrong_amount_of_cash_received,COLLOQUIAL,11.11,1,8,9,0,0,0,0,0,,False
2497,wrong_amount_of_cash_received,COLLOQUIAL,20.0,1,4,5,0,0,0,0,0,,False
2498,wrong_amount_of_cash_received,MIXED,0.0,0,6,6,0,0,0,0,0,,True
2499,wrong_amount_of_cash_received,COLLOQUIAL,11.11,1,8,9,0,0,0,0,0,,False
2500,wrong_amount_of_cash_received,COLLOQUIAL,16.67,2,10,12,0,0,0,0,0,,False
2501,wrong_amount_of_cash_received,COLLOQUIAL,13.33,2,13,15,0,0,0,0,0,,False
2502,wrong_amount_of_cash_received,COLLOQUIAL,15.38,2,11,13,0,0,0,0,0,,False
2503,wrong_amount_of_cash_received,MIXED,0.0,0,6,6,0,0,0,0,0,,True
2504,wrong_amount_of_cash_received,COLLOQUIAL,11.11,2,16,18,0,0,0,0,0,,False
2505,wrong_amount_of_cash_received,COLLOQUIAL,11.76,2,15,17,0,0,0,0,0,,False
2506,wrong_amount_of_cash_received,COLLOQUIAL,16.13,5,26,31,0,0,0,0,0,,False
2507,wrong_amount_of_cash_received,COLLOQUIAL,25.0,3,9,12,0,0,0,0,0,,False
2508,wrong_amount_of_cash_received,COLLOQUIAL,11.11,1,8,9,0,0,0,0,0,,False
2509,wrong_amount_of_cash_received,COLLOQUIAL,9.38,3,29,32,0,0,0,0,0,,False
2510,wrong_amount_of_cash_received,COLLOQUIAL,9.09,1,10,11,0,0,0,0,0,,False
2511,card_payment_fee_charged,COLLOQUIAL,44.44,4,5,9,0,0,0,0,0,,False
2512,card_payment_fee_charged,COLLOQUIAL,28.57,2,5,7,0,0,0,0,0,,False
2513,card_payment_fee_charged,COLLOQUIAL,50.0,4,4,8,0,0,0,0,0,,False
2514,card_payment_fee_charged,COLLOQUIAL,44.44,4,5,9,0,0,0,0,0,,False
2515,card_payment_fee_charged,COLLOQUIAL,36.36,4,7,11,0,0,0,0,0,,False
2516,card_payment_fee_charged,COLLOQUIAL,36.36,4,7,11,0,0,0,0,0,,False
2517,card_payment_fee_charged,COLLOQUIAL,30.0,3,7,10,0,0,0,0,0,,False
2518,card_payment_fee_charged,COLLOQUIAL,30.77,4,9,13,0,0,0,0,0,,False
2519,card_payment_fee_charged,COLLOQUIAL,14.29,1,6,7,0,0,0,0,0,,False
2520,card_payment_fee_charged,COLLOQUIAL,9.09,1,10,11,0,0,0,0,0,,False
2521,card_payment_fee_charged,COLLOQUIAL,18.18,2,9,11,0,0,0,0,0,,False
2522,card_payment_fee_charged,COLLOQUIAL,42.86,4,3,7,0,0,0,0,0,,False
2523,card_payment_fee_charged,COLLOQUIAL,20.0,2,8,10,0,0,0,0,0,,False
2524,card_payment_fee_charged,COLLOQUIAL,17.24,5,24,29,0,0,0,0,0,,False
2525,card_payment_fee_charged,COLLOQUIAL,42.86,3,4,7,0,0,0,0,0,,False
2526,card_payment_fee_charged,COLLOQUIAL,18.18,2,9,11,0,0,0,0,0,,False
2527,card_payment_fee_charged,COLLOQUIAL,33.33,3,6,9,0,0,0,0,0,,False
2528,card_payment_fee_charged,COLLOQUIAL,12.5,2,14,16,0,0,0,0,0,,False
2529,card_payment_fee_charged,COLLOQUIAL,23.08,3,10,13,0,0,0,0,0,,False
2530,card_payment_fee_charged,COLLOQUIAL,37.5,3,5,8,0,0,0,0,0,,False
2531,card_payment_fee_charged,COLLOQUIAL,27.27,3,8,11,0,0,0,0,0,,False
2532,card_payment_fee_charged,COLLOQUIAL,18.18,4,18,22,0,0,0,0,0,,False
2533,card_payment_fee_charged,COLLOQUIAL,50.0,3,3,6,0,0,0,0,0,,False
2534,card_payment_fee_charged,COLLOQUIAL,37.5,3,5,8,0,0,0,0,0,,False
2535,card_payment_fee_charged,COLLOQUIAL,33.33,3,6,9,0,0,0,0,0,,False
2536,card_payment_fee_charged,COLLOQUIAL,33.33,2,4,6,0,0,0,0,0,,False
2537,card_payment_fee_charged,COLLOQUIAL,33.33,3,6,9,0,0,0,0,0,,False
2538,card_payment_fee_charged,COLLOQUIAL,21.43,3,11,14,0,0,0,0,0,,False
2539,card_payment_fee_charged,COLLOQUIAL,23.08,6,20,26,0,0,0,0,0,,False
2540,card_payment_fee_charged,COLLOQUIAL,20.0,3,12,15,0,0,0,0,0,,False
2541,card_payment_fee_charged,COLLOQUIAL,25.0,2,6,8,0,0,0,0,0,,False
2542,card_payment_fee_charged,COLLOQUIAL,37.5,3,5,8,0,0,0,0,0,,False
2543,card_payment_fee_charged,COLLOQUIAL,27.27,3,8,11,0,0,0,0,0,,False
2544,card_payment_fee_charged,COLLOQUIAL,50.0,4,4,8,0,0,0,0,0,,False
2545,card_payment_fee_charged,COLLOQUIAL,22.22,2,7,9,0,0,0,0,0,,False
2546,card_payment_fee_charged,COLLOQUIAL,16.67,1,5,6,0,0,0,0,0,,False
2547,card_payment_fee_charged,COLLOQUIAL,25.0,2,6,8,0,0,0,0,0,,False
2548,card_payment_fee_charged,COLLOQUIAL,40.0,4,6,10,0,0,0,0,0,,False
2549,card_payment_fee_charged,COLLOQUIAL,27.27,3,8,11,0,0,0,0,0,,False
2550,card_payment_fee_charged,COLLOQUIAL,11.76,2,15,17,0,0,0,0,0,,False
2551,card_payment_fee_charged,COLLOQUIAL,16.67,4,20,24,0,0,0,0,0,,False
2552,card_payment_fee_charged,COLLOQUIAL,25.0,2,6,8,0,0,0,0,0,,False
2553,card_payment_fee_charged,COLLOQUIAL,33.33,3,6,9,0,0,0,0,0,,False
2554,card_payment_fee_charged,COLLOQUIAL,28.57,2,5,7,0,0,0,0,0,,False
2555,card_payment_fee_charged,COLLOQUIAL,28.57,2,5,7,0,0,0,0,0,,False
2556,card_payment_fee_charged,COLLOQUIAL,30.77,4,9,13,0,0,0,0,0,,False
2557,card_payment_fee_charged,COLLOQUIAL,28.57,4,10,14,0,0,0,0,0,,False
2558,card_payment_fee_charged,COLLOQUIAL,20.0,2,8,10,0,0,0,0,0,,False
2559,card_payment_fee_charged,COLLOQUIAL,33.33,3,6,9,0,0,0,0,0,,False
2560,card_payment_fee_charged,COLLOQUIAL,30.77,4,9,13,0,0,0,0,0,,False
2561,card_payment_fee_charged,COLLOQUIAL,14.29,1,6,7,0,0,0,0,0,,False
2562,card_payment_fee_charged,COLLOQUIAL,33.33,2,4,6,0,0,0,0,0,,False
2563,card_payment_fee_charged,COLLOQUIAL,22.22,2,7,9,0,0,0,0,0,,False
2564,card_payment_fee_charged,COLLOQUIAL,42.86,4,3,7,0,0,0,0,0,,False
2565,card_payment_fee_charged,COLLOQUIAL,40.0,2,3,5,0,0,0,0,0,,False
2566,card_payment_fee_charged,COLLOQUIAL,24.0,6,19,25,0,0,0,0,0,,False
2567,card_payment_fee_charged,COLLOQUIAL,30.77,4,9,13,0,0,0,0,0,,False
2568,card_payment_fee_charged,COLLOQUIAL,33.33,5,10,15,0,0,0,0,0,,False
2569,card_payment_fee_charged,COLLOQUIAL,33.33,4,8,12,0,0,0,0,0,,False
2570,card_payment_fee_charged,COLLOQUIAL,37.5,3,5,8,0,0,0,0,0,,False
2571,card_payment_fee_charged,COLLOQUIAL,29.41,5,12,17,0,0,0,0,0,,False
2572,card_payment_fee_charged,COLLOQUIAL,50.0,4,4,8,0,0,0,0,0,,False
2573,card_payment_fee_charged,COLLOQUIAL,19.05,4,17,21,0,0,0,0,0,,False
2574,card_payment_fee_charged,COLLOQUIAL,40.0,4,6,10,0,0,0,0,0,,False
2575,card_payment_fee_charged,COLLOQUIAL,30.0,3,7,10,0,0,0,0,0,,False
2576,card_payment_fee_charged,COLLOQUIAL,30.77,4,9,13,0,0,0,0,0,,False
2577,card_payment_fee_charged,COLLOQUIAL,14.29,3,18,21,0,0,0,0,0,,False
2578,card_payment_fee_charged,COLLOQUIAL,42.86,6,8,14,0,0,0,0,0,,False
2579,card_payment_fee_charged,COLLOQUIAL,30.0,3,7,10,0,0,0,0,0,,False
2580,card_payment_fee_charged,COLLOQUIAL,37.5,3,5,8,0,0,0,0,0,,False
2581,card_payment_fee_charged,COLLOQUIAL,36.36,4,7,11,0,0,0,0,0,,False
2582,card_payment_fee_charged,COLLOQUIAL,42.86,3,4,7,0,0,0,0,0,,False
2583,card_payment_fee_charged,COLLOQUIAL,50.0,2,2,4,0,0,0,0,0,,False
2584,card_payment_fee_charged,COLLOQUIAL,18.18,2,9,11,0,0,0,0,0,,False
2585,card_payment_fee_charged,COLLOQUIAL,30.0,3,7,10,0,0,0,0,0,,False
2586,card_payment_fee_charged,COLLOQUIAL,36.0,9,16,25,0,0,0,0,0,,False
2587,card_payment_fee_charged,MIXED,0.0,0,6,6,0,0,0,0,0,,True
2588,card_payment_fee_charged,COLLOQUIAL,40.0,4,6,10,0,0,0,0,0,,False
2589,card_payment_fee_charged,COLLOQUIAL,40.0,4,6,10,0,0,0,0,0,,False
2590,card_payment_fee_charged,COLLOQUIAL,33.33,3,6,9,0,0,0,0,0,,False
2591,card_payment_fee_charged,COLLOQUIAL,27.78,5,13,18,0,0,0,0,0,,False
2592,card_payment_fee_charged,COLLOQUIAL,37.5,3,5,8,0,0,0,0,0,,False
2593,card_payment_fee_charged,COLLOQUIAL,43.75,7,9,16,0,0,0,0,0,,False
2594,card_payment_fee_charged,COLLOQUIAL,27.27,3,8,11,0,0,0,0,0,,False
2595,card_payment_fee_charged,COLLOQUIAL,33.33,4,8,12,0,0,0,0,0,,False
2596,card_payment_fee_charged,COLLOQUIAL,25.0,2,6,8,0,0,0,0,0,,False
2597,card_payment_fee_charged,COLLOQUIAL,40.0,4,6,10,0,0,0,0,0,,False
2598,card_payment_fee_charged,COLLOQUIAL,33.33,3,6,9,0,0,0,0,0,,False
2599,card_payment_fee_charged,COLLOQUIAL,21.43,3,11,14,0,0,0,0,0,,False
2600,card_payment_fee_charged,COLLOQUIAL,33.33,3,6,9,0,0,0,0,0,,False
2601,card_payment_fee_charged,COLLOQUIAL,20.0,3,12,15,0,0,0,0,0,,False
2602,card_payment_fee_charged,COLLOQUIAL,36.84,7,12,19,0,0,0,0,0,,False
2603,card_payment_fee_charged,COLLOQUIAL,27.27,3,8,11,0,0,0,0,0,,False
2604,card_payment_fee_charged,MIXED,0.0,0,6,6,0,0,0,0,0,,True
2605,card_payment_fee_charged,COLLOQUIAL,37.5,3,5,8,0,0,0,0,0,,False
2606,card_payment_fee_charged,COLLOQUIAL,33.33,3,6,9,0,0,0,0,0,,False
2607,card_payment_fee_charged,COLLOQUIAL,44.44,5,4,9,0,0,0,0,0,,False
2608,card_payment_fee_charged,COLLOQUIAL,37.5,3,5,8,0,0,0,0,0,,False
2609,card_payment_fee_charged,COLLOQUIAL,12.5,1,7,8,0,0,0,0,0,,False
2610,card_payment_fee_charged,COLLOQUIAL,13.33,2,13,15,0,0,0,0,0,,False
2611,card_payment_fee_charged,COLLOQUIAL,18.18,2,9,11,0,0,0,0,0,,False
2612,card_payment_fee_charged,COLLOQUIAL,22.22,2,7,9,0,0,0,0,0,,False
2613,card_payment_fee_charged,COLLOQUIAL,18.18,2,9,11,0,0,0,0,0,,False
2614,card_payment_fee_charged,COLLOQUIAL,10.0,1,9,10,0,0,0,0,0,,False
2615,card_payment_fee_charged,COLLOQUIAL,17.65,3,14,17,0,0,0,0,0,,False
2616,card_payment_fee_charged,COLLOQUIAL,14.29,4,24,28,0,0,0,0,0,,False
2617,card_payment_fee_charged,COLLOQUIAL,30.0,3,7,10,0,0,0,0,0,,False
2618,card_payment_fee_charged,COLLOQUIAL,38.46,5,8,13,0,0,0,0,0,,False
2619,card_payment_fee_charged,COLLOQUIAL,13.33,2,13,15,0,0,0,0,0,,False
2620,card_payment_fee_charged,MIXED,0.0,0,8,8,0,0,0,0,0,,True
2621,card_payment_fee_charged,COLLOQUIAL,23.53,4,13,17,0,0,0,0,0,,False
2622,card_payment_fee_charged,COLLOQUIAL,25.0,3,9,12,0,0,0,0,0,,False
2623,card_payment_fee_charged,COLLOQUIAL,27.27,3,8,11,0,0,0,0,0,,False
2624,card_payment_fee_charged,COLLOQUIAL,25.0,3,9,12,0,0,0,0,0,,False
2625,card_payment_fee_charged,COLLOQUIAL,40.0,4,6,10,0,0,0,0,0,,False
2626,card_payment_fee_charged,COLLOQUIAL,16.67,3,15,18,0,0,0,0,0,,False
2627,card_payment_fee_charged,COLLOQUIAL,27.27,3,8,11,0,0,0,0,0,,False
2628,card_payment_fee_charged,COLLOQUIAL,50.0,3,3,6,0,0,0,0,0,,False
2629,card_payment_fee_charged,COLLOQUIAL,20.0,2,8,10,0,0,0,0,0,,False
2630,card_payment_fee_charged,COLLOQUIAL,14.29,2,12,14,0,0,0,0,0,,False
2631,card_payment_fee_charged,COLLOQUIAL,33.33,3,6,9,0,0,0,0,0,,False
2632,card_payment_fee_charged,COLLOQUIAL,12.5,1,7,8,0,0,0,0,0,,False
2633,card_payment_fee_charged,COLLOQUIAL,16.67,3,15,18,0,0,0,0,0,,False
2634,card_payment_fee_charged,COLLOQUIAL,30.0,3,7,10,0,0,0,0,0,,False
2635,card_payment_fee_charged,COLLOQUIAL,36.36,4,7,11,0,0,0,0,0,,False
2636,card_payment_fee_charged,COLLOQUIAL,33.33,4,8,12,0,0,0,0,0,,False
2637,card_payment_fee_charged,COLLOQUIAL,37.5,3,5,8,0,0,0,0,0,,False
2638,card_payment_fee_charged,COLLOQUIAL,22.22,4,14,18,0,0,0,0,0,,False
2639,card_payment_fee_charged,COLLOQUIAL,42.86,3,4,7,0,0,0,0,0,,False
2640,card_payment_fee_charged,COLLOQUIAL,37.5,5,3,8,0,0,0,0,0,,False
2641,card_payment_fee_charged,COLLOQUIAL,26.32,5,14,19,0,0,0,0,0,,False
2642,card_payment_fee_charged,COLLOQUIAL,28.57,2,5,7,0,0,0,0,0,,False
2643,card_payment_fee_charged,COLLOQUIAL,30.0,3,7,10,0,0,0,0,0,,False
2644,card_payment_fee_charged,COLLOQUIAL,40.0,2,3,5,0,0,0,0,0,,False
2645,card_payment_fee_charged,COLLOQUIAL,23.53,4,13,17,0,0,0,0,0,,False
2646,card_payment_fee_charged,COLLOQUIAL,36.36,4,7,11,0,0,0,0,0,,False
2647,card_payment_fee_charged,COLLOQUIAL,36.36,4,7,11,0,0,0,0,0,,False
2648,card_payment_fee_charged,COLLOQUIAL,20.0,5,20,25,0,0,0,0,0,,False
2649,card_payment_fee_charged,COLLOQUIAL,50.0,4,4,8,0,0,0,0,0,,False
2650,card_payment_fee_charged,COLLOQUIAL,20.0,2,8,10,0,0,0,0,0,,False
2651,card_payment_fee_charged,COLLOQUIAL,42.86,3,4,7,0,0,0,0,0,,False
2652,card_payment_fee_charged,COLLOQUIAL,42.86,4,3,7,0,0,0,0,0,,False
2653,card_payment_fee_charged,COLLOQUIAL,33.33,3,6,9,0,0,0,0,0,,False
2654,card_payment_fee_charged,COLLOQUIAL,40.0,4,6,10,0,0,0,0,0,,False
2655,card_payment_fee_charged,COLLOQUIAL,13.04,3,20,23,0,0,0,0,0,,False
2656,card_payment_fee_charged,COLLOQUIAL,37.5,3,5,8,0,0,0,0,0,,False
2657,card_payment_fee_charged,COLLOQUIAL,33.33,3,6,9,0,0,0,0,0,,False
2658,card_payment_fee_charged,COLLOQUIAL,50.0,4,4,8,0,0,0,0,0,,False
2659,card_payment_fee_charged,COLLOQUIAL,18.18,2,9,11,0,0,0,0,0,,False
2660,card_payment_fee_charged,COLLOQUIAL,42.86,4,3,7,0,0,0,0,0,,False
2661,card_payment_fee_charged,COLLOQUIAL,12.5,1,7,8,0,0,0,0,0,,False
2662,card_payment_fee_charged,COLLOQUIAL,42.86,3,4,7,0,0,0,0,0,,False
2663,card_payment_fee_charged,COLLOQUIAL,50.0,4,4,8,0,0,0,0,0,,False
2664,card_payment_fee_charged,COLLOQUIAL,33.33,5,10,15,0,0,0,0,0,,False
2665,card_payment_fee_charged,COLLOQUIAL,44.44,4,5,9,0,0,0,0,0,,False
2666,card_payment_fee_charged,COLLOQUIAL,45.45,5,6,11,0,0,0,0,0,,False
2667,card_payment_fee_charged,COLLOQUIAL,18.18,2,9,11,0,0,0,0,0,,False
2668,card_payment_fee_charged,COLLOQUIAL,16.67,2,10,12,0,0,0,0,0,,False
2669,card_payment_fee_charged,COLLOQUIAL,44.44,5,4,9,0,0,0,0,0,,False
2670,card_payment_fee_charged,COLLOQUIAL,50.0,4,4,8,0,0,0,0,0,,False
2671,card_payment_fee_charged,COLLOQUIAL,40.0,4,6,10,0,0,0,0,0,,False
2672,card_payment_fee_charged,COLLOQUIAL,41.67,5,7,12,0,0,0,0,0,,False
2673,card_payment_fee_charged,COLLOQUIAL,42.86,4,3,7,0,0,0,0,0,,False
2674,card_payment_fee_charged,COLLOQUIAL,16.67,1,5,6,0,0,0,0,0,,False
2675,card_payment_fee_charged,COLLOQUIAL,37.5,3,5,8,0,0,0,0,0,,False
2676,card_payment_fee_charged,COLLOQUIAL,42.86,3,4,7,0,0,0,0,0,,False
2677,card_payment_fee_charged,MIXED,0.0,0,6,6,0,0,0,0,0,,True
2678,card_payment_fee_charged,COLLOQUIAL,44.44,4,5,9,0,0,0,0,0,,False
2679,card_payment_fee_charged,COLLOQUIAL,28.57,4,10,14,0,0,0,0,0,,False
2680,card_payment_fee_charged,COLLOQUIAL,40.0,6,9,15,0,0,0,0,0,,False
2681,card_payment_fee_charged,COLLOQUIAL,37.5,6,10,16,0,0,0,0,0,,False
2682,card_payment_fee_charged,COLLOQUIAL,28.57,2,5,7,0,0,0,0,0,,False
2683,card_payment_fee_charged,COLLOQUIAL,36.0,9,16,25,0,0,0,0,0,,False
2684,card_payment_fee_charged,COLLOQUIAL,33.33,4,8,12,0,0,0,0,0,,False
2685,card_payment_fee_charged,COLLOQUIAL,35.71,5,9,14,0,0,0,0,0,,False
2686,card_payment_fee_charged,COLLOQUIAL,45.45,5,6,11,0,0,0,0,0,,False
2687,card_payment_fee_charged,COLLOQUIAL,20.0,1,4,5,0,0,0,0,0,,False
2688,card_payment_fee_charged,COLLOQUIAL,33.33,2,4,6,0,0,0,0,0,,False
2689,card_payment_fee_charged,COLLOQUIAL,40.0,4,6,10,0,0,0,0,0,,False
2690,card_payment_fee_charged,COLLOQUIAL,42.86,3,4,7,0,0,0,0,0,,False
2691,card_payment_fee_charged,COLLOQUIAL,12.5,1,7,8,0,0,0,0,0,,False
2692,card_payment_fee_charged,COLLOQUIAL,50.0,4,4,8,0,0,0,0,0,,False
2693,card_payment_fee_charged,COLLOQUIAL,40.0,4,6,10,0,0,0,0,0,,False
2694,card_payment_fee_charged,COLLOQUIAL,35.29,6,11,17,0,0,0,0,0,,False
2695,card_payment_fee_charged,COLLOQUIAL,22.22,2,7,9,0,0,0,0,0,,False
2696,card_payment_fee_charged,COLLOQUIAL,40.0,4,6,10,0,0,0,0,0,,False
2697,card_payment_fee_charged,COLLOQUIAL,31.25,5,11,16,0,0,0,0,0,,False
2698,transfer_not_received_by_recipient,COLLOQUIAL,20.0,2,8,10,0,0,0,0,0,,False
2699,transfer_not_received_by_recipient,COLLOQUIAL,16.67,3,15,18,0,0,0,0,0,,False
2700,transfer_not_received_by_recipient,COLLOQUIAL,14.29,1,6,7,0,0,0,0,0,,False
2701,transfer_not_received_by_recipient,COLLOQUIAL,21.21,7,26,33,0,0,0,0,0,,False
2702,transfer_not_received_by_recipient,COLLOQUIAL,34.62,9,17,26,0,0,0,0,0,,False
2703,transfer_not_received_by_recipient,COLLOQUIAL,33.33,9,18,27,0,0,0,0,0,,False
2704,transfer_not_received_by_recipient,COLLOQUIAL,33.33,2,4,6,0,0,0,0,0,,False
2705,transfer_not_received_by_recipient,COLLOQUIAL,10.0,1,9,10,0,0,0,0,0,,False
2706,transfer_not_received_by_recipient,COLLOQUIAL,20.0,1,4,5,0,0,0,0,0,,False
2707,transfer_not_received_by_recipient,COLLOQUIAL,18.18,2,9,11,0,0,0,0,0,,False
2708,transfer_not_received_by_recipient,COLLOQUIAL,25.0,2,6,8,0,0,0,0,0,,False
2709,transfer_not_received_by_recipient,COLLOQUIAL,40.0,2,3,5,0,0,0,0,0,,False
2710,transfer_not_received_by_recipient,COLLOQUIAL,10.0,1,9,10,0,0,0,0,0,,False
2711,transfer_not_received_by_recipient,COLLOQUIAL,12.5,1,7,8,0,0,0,0,0,,False
2712,transfer_not_received_by_recipient,COLLOQUIAL,20.0,2,8,10,0,0,0,0,0,,False
2713,transfer_not_received_by_recipient,COLLOQUIAL,37.5,3,5,8,0,0,0,0,0,,False
2714,transfer_not_received_by_recipient,COLLOQUIAL,28.57,2,5,7,0,0,0,0,0,,False
2715,transfer_not_received_by_recipient,COLLOQUIAL,22.22,2,7,9,0,0,0,0,0,,False
2716,transfer_not_received_by_recipient,COLLOQUIAL,40.0,3,2,5,0,0,0,0,0,,False
2717,transfer_not_received_by_recipient,COLLOQUIAL,30.3,10,23,33,0,0,0,0,0,,False
2718,transfer_not_received_by_recipient,COLLOQUIAL,18.18,6,27,33,0,0,0,0,0,,False
2719,transfer_not_received_by_recipient,MIXED,4.55,1,21,22,0,0,0,0,0,,True
2720,transfer_not_received_by_recipient,COLLOQUIAL,20.0,1,4,5,0,0,0,0,0,,False
2721,transfer_not_received_by_recipient,MIXED,0.0,0,10,10,0,0,0,0,0,,True
2722,transfer_not_received_by_recipient,MIXED,0.0,0,8,8,0,0,0,0,0,,True
2723,transfer_not_received_by_recipient,COLLOQUIAL,40.0,2,3,5,0,0,0,0,0,,False
2724,transfer_not_received_by_recipient,COLLOQUIAL,14.29,1,6,7,0,0,0,0,0,,False
2725,transfer_not_received_by_recipient,COLLOQUIAL,16.67,2,10,12,0,0,0,0,0,,False
2726,transfer_not_received_by_recipient,COLLOQUIAL,10.0,1,9,10,0,0,0,0,0,,False
2727,transfer_not_received_by_recipient,COLLOQUIAL,10.0,1,9,10,0,0,0,0,0,,False
2728,transfer_not_received_by_recipient,MIXED,0.0,0,10,10,0,0,0,0,0,,True
2729,transfer_not_received_by_recipient,COLLOQUIAL,12.5,2,14,16,0,0,0,0,0,,False
2730,transfer_not_received_by_recipient,COLLOQUIAL,11.11,1,8,9,0,0,0,0,0,,False
2731,transfer_not_received_by_recipient,MIXED,0.0,0,11,11,0,0,0,0,0,,True
2732,transfer_not_received_by_recipient,COLLOQUIAL,16.67,1,5,6,0,0,0,0,0,,False
2733,transfer_not_received_by_recipient,COLLOQUIAL,33.33,2,4,6,0,0,0,0,0,,False
2734,transfer_not_received_by_recipient,COLLOQUIAL,16.67,1,5,6,0,0,0,0,0,,False
2735,transfer_not_received_by_recipient,COLLOQUIAL,16.67,1,5,6,0,0,0,0,0,,False
2736,transfer_not_received_by_recipient,COLLOQUIAL,6.06,2,31,33,0,0,0,0,0,,False
2737,transfer_not_received_by_recipient,COLLOQUIAL,18.18,2,9,11,0,0,0,0,0,,False
2738,transfer_not_received_by_recipient,COLLOQUIAL,9.09,2,20,22,0,0,0,0,0,,False
2739,transfer_not_received_by_recipient,COLLOQUIAL,50.0,2,2,4,0,0,0,0,0,,False
2740,transfer_not_received_by_recipient,MIXED,0.0,0,4,4,0,0,0,0,0,,True
2741,transfer_not_received_by_recipient,COLLOQUIAL,8.33,1,11,12,0,0,0,0,0,,False
2742,transfer_not_received_by_recipient,COLLOQUIAL,16.67,1,5,6,0,0,0,0,0,,False
2743,transfer_not_received_by_recipient,COLLOQUIAL,5.0,1,19,20,0,0,0,0,0,,False
2744,transfer_not_received_by_recipient,COLLOQUIAL,14.29,3,18,21,0,0,0,0,0,,False
2745,transfer_not_received_by_recipient,COLLOQUIAL,28.57,2,5,7,0,0,0,0,0,,False
2746,transfer_not_received_by_recipient,COLLOQUIAL,14.29,1,6,7,0,0,0,0,0,,False
2747,transfer_not_received_by_recipient,COLLOQUIAL,22.22,2,7,9,0,0,0,0,0,,False
2748,transfer_not_received_by_recipient,COLLOQUIAL,15.79,3,16,19,0,0,0,0,0,,False
2749,transfer_not_received_by_recipient,COLLOQUIAL,17.86,5,23,28,0,0,0,0,0,,False
2750,transfer_not_received_by_recipient,MIXED,0.0,0,4,4,0,0,0,0,0,,True
2751,transfer_not_received_by_recipient,COLLOQUIAL,25.0,1,3,4,0,0,0,0,0,,False
2752,transfer_not_received_by_recipient,COLLOQUIAL,12.0,3,22,25,0,0,0,0,0,,False
2753,transfer_not_received_by_recipient,COLLOQUIAL,14.29,1,6,7,0,0,0,0,0,,False
2754,transfer_not_received_by_recipient,COLLOQUIAL,12.5,1,7,8,0,0,0,0,0,,False
2755,transfer_not_received_by_recipient,COLLOQUIAL,12.5,1,7,8,0,0,0,0,0,,False
2756,transfer_not_received_by_recipient,COLLOQUIAL,11.11,1,8,9,0,0,0,0,0,,False
2757,transfer_not_received_by_recipient,COLLOQUIAL,22.22,2,7,9,0,0,0,0,0,,False
2758,transfer_not_received_by_recipient,MIXED,0.0,0,8,8,0,0,0,0,0,,True
2759,transfer_not_received_by_recipient,COLLOQUIAL,5.41,2,35,37,0,0,0,0,0,,False
2760,transfer_not_received_by_recipient,COLLOQUIAL,25.0,2,6,8,0,0,0,0,0,,False
2761,transfer_not_received_by_recipient,COLLOQUIAL,16.67,1,5,6,0,0,0,0,0,,False
2762,transfer_not_received_by_recipient,COLLOQUIAL,20.0,2,8,10,0,0,0,0,0,,False
2763,transfer_not_received_by_recipient,COLLOQUIAL,15.38,2,11,13,0,0,0,0,0,,False
2764,transfer_not_received_by_recipient,COLLOQUIAL,14.71,5,29,34,0,0,0,0,0,,False
2765,transfer_not_received_by_recipient,COLLOQUIAL,14.29,1,6,7,0,0,0,0,0,,False
2766,transfer_not_received_by_recipient,COLLOQUIAL,20.0,2,8,10,0,0,0,0,0,,False
2767,transfer_not_received_by_recipient,COLLOQUIAL,15.38,4,22,26,0,0,0,0,0,,False
2768,transfer_not_received_by_recipient,COLLOQUIAL,14.29,6,36,42,0,0,0,0,0,,False
2769,transfer_not_received_by_recipient,COLLOQUIAL,17.86,5,23,28,0,0,0,0,0,,False
2770,transfer_not_received_by_recipient,COLLOQUIAL,25.0,1,3,4,0,0,0,0,0,,False
2771,transfer_not_received_by_recipient,COLLOQUIAL,16.67,1,5,6,0,0,0,0,0,,False
2772,transfer_not_received_by_recipient,COLLOQUIAL,20.0,2,8,10,0,0,0,0,0,,False
2773,transfer_not_received_by_recipient,COLLOQUIAL,18.52,5,22,27,0,0,0,0,0,,False
2774,transfer_not_received_by_recipient,COLLOQUIAL,17.65,3,14,17,0,0,0,0,0,,False
2775,transfer_not_received_by_recipient,COLLOQUIAL,22.22,2,7,9,0,0,0,0,0,,False
2776,transfer_not_received_by_recipient,COLLOQUIAL,25.0,2,6,8,0,0,0,0,0,,False
2777,transfer_not_received_by_recipient,COLLOQUIAL,25.0,2,6,8,0,0,0,0,0,,False
2778,transfer_not_received_by_recipient,COLLOQUIAL,12.5,2,14,16,0,0,0,0,0,,False
2779,transfer_not_received_by_recipient,COLLOQUIAL,25.81,8,23,31,0,0,0,0,0,,False
2780,transfer_not_received_by_recipient,COLLOQUIAL,15.91,7,37,44,0,0,0,0,0,,False
2781,transfer_not_received_by_recipient,COLLOQUIAL,16.67,1,5,6,0,0,0,0,0,,False
2782,transfer_not_received_by_recipient,COLLOQUIAL,14.29,1,6,7,0,0,0,0,0,,False
2783,transfer_not_received_by_recipient,COLLOQUIAL,28.57,2,5,7,0,0,0,0,0,,False
2784,transfer_not_received_by_recipient,COLLOQUIAL,28.57,2,5,7,0,0,0,0,0,,False
2785,transfer_not_received_by_recipient,COLLOQUIAL,10.0,1,9,10,0,0,0,0,0,,False
2786,transfer_not_received_by_recipient,COLLOQUIAL,15.38,4,22,26,0,0,0,0,0,,False
2787,transfer_not_received_by_recipient,COLLOQUIAL,33.33,2,4,6,0,0,0,0,0,,False
2788,transfer_not_received_by_recipient,COLLOQUIAL,20.0,1,4,5,0,0,0,0,0,,False
2789,transfer_not_received_by_recipient,COLLOQUIAL,14.29,1,6,7,0,0,0,0,0,,False
2790,transfer_not_received_by_recipient,COLLOQUIAL,20.0,1,4,5,0,0,0,0,0,,False
2791,transfer_not_received_by_recipient,COLLOQUIAL,11.63,5,38,43,0,0,0,0,0,,False
2792,transfer_not_received_by_recipient,COLLOQUIAL,22.22,2,7,9,0,0,0,0,0,,False
2793,transfer_not_received_by_recipient,COLLOQUIAL,28.57,2,5,7,0,0,0,0,0,,False
2794,transfer_not_received_by_recipient,COLLOQUIAL,16.67,1,5,6,0,0,0,0,0,,False
2795,transfer_not_received_by_recipient,COLLOQUIAL,8.33,1,11,12,0,0,0,0,0,,False
2796,transfer_not_received_by_recipient,COLLOQUIAL,8.33,1,11,12,0,0,0,0,0,,False
2797,transfer_not_received_by_recipient,COLLOQUIAL,25.0,2,6,8,0,0,0,0,0,,False
2798,transfer_not_received_by_recipient,COLLOQUIAL,33.33,2,4,6,0,0,0,0,0,,False
2799,transfer_not_received_by_recipient,COLLOQUIAL,17.24,5,24,29,0,0,0,0,0,,False
2800,transfer_not_received_by_recipient,COLLOQUIAL,5.88,1,16,17,0,0,0,0,0,,False
2801,transfer_not_received_by_recipient,COLLOQUIAL,25.93,7,20,27,0,0,0,0,0,,False
2802,transfer_not_received_by_recipient,COLLOQUIAL,10.0,1,9,10,0,0,0,0,0,,False
2803,transfer_not_received_by_recipient,COLLOQUIAL,14.29,1,6,7,0,0,0,0,0,,False
2804,transfer_not_received_by_recipient,COLLOQUIAL,25.0,1,3,4,0,0,0,0,0,,False
2805,transfer_not_received_by_recipient,MIXED,0.0,0,11,11,0,0,0,0,0,,True
2806,transfer_not_received_by_recipient,MIXED,0.0,0,7,7,0,0,0,0,0,,True
2807,transfer_not_received_by_recipient,COLLOQUIAL,12.5,1,7,8,0,0,0,0,0,,False
2808,transfer_not_received_by_recipient,COLLOQUIAL,11.11,1,8,9,0,0,0,0,0,,False
2809,transfer_not_received_by_recipient,COLLOQUIAL,21.05,4,15,19,0,0,0,0,0,,False
2810,transfer_not_received_by_recipient,COLLOQUIAL,11.11,4,32,36,0,0,0,0,0,,False
2811,transfer_not_received_by_recipient,COLLOQUIAL,20.0,2,8,10,0,0,0,0,0,,False
2812,transfer_not_received_by_recipient,COLLOQUIAL,16.67,6,30,36,0,0,0,0,0,,False
2813,transfer_not_received_by_recipient,COLLOQUIAL,50.0,3,3,6,0,0,0,0,0,,False
2814,transfer_not_received_by_recipient,COLLOQUIAL,20.0,1,4,5,0,0,0,0,0,,False
2815,transfer_not_received_by_recipient,COLLOQUIAL,33.33,3,6,9,0,0,0,0,0,,False
2816,transfer_not_received_by_recipient,COLLOQUIAL,11.11,2,16,18,0,0,0,0,0,,False
2817,transfer_not_received_by_recipient,COLLOQUIAL,28.57,2,5,7,0,0,0,0,0,,False
2818,transfer_not_received_by_recipient,COLLOQUIAL,13.33,4,26,30,0,0,0,0,0,,False
2819,transfer_not_received_by_recipient,MIXED,0.0,0,8,8,0,0,0,0,0,,True
2820,transfer_not_received_by_recipient,COLLOQUIAL,20.0,2,8,10,0,0,0,0,0,,False
2821,transfer_not_received_by_recipient,COLLOQUIAL,14.29,1,6,7,0,0,0,0,0,,False
2822,transfer_not_received_by_recipient,MIXED,0.0,0,5,5,0,0,0,0,0,,True
2823,transfer_not_received_by_recipient,MIXED,0.0,0,6,6,0,0,0,0,0,,True
2824,transfer_not_received_by_recipient,COLLOQUIAL,16.67,1,5,6,0,0,0,0,0,,False
2825,transfer_not_received_by_recipient,COLLOQUIAL,7.5,3,37,40,0,0,0,0,0,,False
2826,transfer_not_received_by_recipient,COLLOQUIAL,12.5,2,14,16,0,0,0,0,0,,False
2827,transfer_not_received_by_recipient,COLLOQUIAL,11.36,5,39,44,0,0,0,0,0,,False
2828,transfer_not_received_by_recipient,COLLOQUIAL,30.0,3,7,10,0,0,0,0,0,,False
2829,transfer_not_received_by_recipient,COLLOQUIAL,25.0,6,18,24,0,0,0,0,0,,False
2830,transfer_not_received_by_recipient,COLLOQUIAL,26.09,6,17,23,0,0,0,0,0,,False
2831,transfer_not_received_by_recipient,COLLOQUIAL,25.0,6,18,24,0,0,0,0,0,,False
2832,transfer_not_received_by_recipient,COLLOQUIAL,21.21,7,26,33,0,0,0,0,0,,False
2833,transfer_not_received_by_recipient,COLLOQUIAL,11.11,1,8,9,0,0,0,0,0,,False
2834,transfer_not_received_by_recipient,MIXED,4.76,1,20,21,0,0,0,0,0,,True
2835,transfer_not_received_by_recipient,MIXED,0.0,0,10,10,0,0,0,0,0,,True
2836,transfer_not_received_by_recipient,COLLOQUIAL,12.5,1,7,8,0,0,0,0,0,,False
2837,transfer_not_received_by_recipient,COLLOQUIAL,16.67,1,5,6,0,0,0,0,0,,False
2838,transfer_not_received_by_recipient,COLLOQUIAL,16.67,1,5,6,0,0,0,0,0,,False
2839,transfer_not_received_by_recipient,COLLOQUIAL,16.67,1,5,6,0,0,0,0,0,,False
2840,transfer_not_received_by_recipient,COLLOQUIAL,8.33,1,11,12,0,0,0,0,0,,False
2841,transfer_not_received_by_recipient,COLLOQUIAL,14.29,1,6,7,0,0,0,0,0,,False
2842,transfer_not_received_by_recipient,COLLOQUIAL,18.75,3,13,16,0,0,0,0,0,,False
2843,transfer_not_received_by_recipient,COLLOQUIAL,10.0,1,9,10,0,0,0,0,0,,False
2844,transfer_not_received_by_recipient,COLLOQUIAL,22.22,6,21,27,0,0,0,0,0,,False
2845,transfer_not_received_by_recipient,COLLOQUIAL,20.0,6,24,30,0,0,0,0,0,,False
2846,transfer_not_received_by_recipient,MIXED,0.0,0,8,8,0,0,0,0,0,,True
2847,transfer_not_received_by_recipient,COLLOQUIAL,10.0,1,9,10,0,0,0,0,0,,False
2848,transfer_not_received_by_recipient,COLLOQUIAL,11.11,3,24,27,0,0,0,0,0,,False
2849,transfer_not_received_by_recipient,COLLOQUIAL,33.33,4,8,12,0,0,0,0,0,,False
2850,transfer_not_received_by_recipient,COLLOQUIAL,12.5,1,7,8,0,0,0,0,0,,False
2851,transfer_not_received_by_recipient,COLLOQUIAL,13.04,3,20,23,0,0,0,0,0,,False
2852,transfer_not_received_by_recipient,COLLOQUIAL,14.29,2,12,14,0,0,0,0,0,,False
2853,transfer_not_received_by_recipient,MIXED,0.0,0,5,5,0,0,0,0,0,,True
2854,transfer_not_received_by_recipient,COLLOQUIAL,20.0,1,4,5,0,0,0,0,0,,False
2855,transfer_not_received_by_recipient,COLLOQUIAL,14.29,2,12,14,0,0,0,0,0,,False
2856,transfer_not_received_by_recipient,COLLOQUIAL,20.0,1,4,5,0,0,0,0,0,,False
2857,transfer_not_received_by_recipient,COLLOQUIAL,14.29,1,6,7,0,0,0,0,0,,False
2858,transfer_not_received_by_recipient,COLLOQUIAL,25.0,2,6,8,0,0,0,0,0,,False
2859,transfer_not_received_by_recipient,COLLOQUIAL,14.29,1,6,7,0,0,0,0,0,,False
2860,transfer_not_received_by_recipient,MIXED,0.0,0,6,6,0,0,0,0,0,,True
2861,transfer_not_received_by_recipient,COLLOQUIAL,30.0,6,14,20,0,0,0,0,0,,False
2862,transfer_not_received_by_recipient,COLLOQUIAL,25.0,7,21,28,0,0,0,0,0,,False
2863,transfer_not_received_by_recipient,COLLOQUIAL,12.5,1,7,8,0,0,0,0,0,,False
2864,transfer_not_received_by_recipient,COLLOQUIAL,10.53,2,17,19,0,0,0,0,0,,False
2865,transfer_not_received_by_recipient,COLLOQUIAL,16.67,1,5,6,0,0,0,0,0,,False
2866,transfer_not_received_by_recipient,COLLOQUIAL,13.04,3,20,23,0,0,0,0,0,,False
2867,transfer_not_received_by_recipient,COLLOQUIAL,5.0,1,19,20,0,0,0,0,0,,False
2868,transfer_not_received_by_recipient,COLLOQUIAL,13.33,2,13,15,0,0,0,0,0,,False
2869,supported_cards_and_currencies,COLLOQUIAL,30.0,3,7,10,0,0,0,0,0,,False
2870,supported_cards_and_currencies,COLLOQUIAL,25.0,2,6,8,0,0,0,0,0,,False
2871,supported_cards_and_currencies,COLLOQUIAL,50.0,3,3,6,0,0,0,0,0,,False
2872,supported_cards_and_currencies,COLLOQUIAL,20.0,2,8,10,0,0,0,0,0,,False
2873,supported_cards_and_currencies,COLLOQUIAL,27.27,3,8,11,0,0,0,0,0,,False
2874,supported_cards_and_currencies,COLLOQUIAL,30.0,3,7,10,0,0,0,0,0,,False
2875,supported_cards_and_currencies,COLLOQUIAL,20.0,2,8,10,0,0,0,0,0,,False
2876,supported_cards_and_currencies,COLLOQUIAL,28.57,2,5,7,0,0,0,0,0,,False
2877,supported_cards_and_currencies,COLLOQUIAL,14.29,1,6,7,0,0,0,0,0,,False
2878,supported_cards_and_currencies,COLLOQUIAL,25.0,2,6,8,0,0,0,0,0,,False
2879,supported_cards_and_currencies,COLLOQUIAL,33.33,2,4,6,0,0,0,0,0,,False
2880,supported_cards_and_currencies,COLLOQUIAL,30.0,3,7,10,0,0,0,0,0,,False
2881,supported_cards_and_currencies,COLLOQUIAL,20.0,1,4,5,0,0,0,0,0,,False
2882,supported_cards_and_currencies,MIXED,0.0,0,6,6,0,0,0,0,0,,True
2883,supported_cards_and_currencies,COLLOQUIAL,28.57,2,5,7,0,0,0,0,0,,False
2884,supported_cards_and_currencies,COLLOQUIAL,14.29,1,6,7,0,0,0,0,0,,False
2885,supported_cards_and_currencies,COLLOQUIAL,12.5,1,7,8,0,0,0,0,0,,False
2886,supported_cards_and_currencies,COLLOQUIAL,10.0,1,9,10,0,0,0,0,0,,False
2887,supported_cards_and_currencies,COLLOQUIAL,14.29,1,6,7,0,0,0,0,0,,False
2888,supported_cards_and_currencies,COLLOQUIAL,16.67,2,10,12,0,0,0,0,0,,False
2889,supported_cards_and_currencies,COLLOQUIAL,42.86,3,4,7,0,0,0,0,0,,False
2890,supported_cards_and_currencies,COLLOQUIAL,37.5,3,5,8,0,0,0,0,0,,False
2891,supported_cards_and_currencies,MIXED,0.0,0,9,9,0,0,0,0,0,,True
2892,supported_cards_and_currencies,COLLOQUIAL,50.0,3,3,6,0,0,0,0,0,,False
2893,supported_cards_and_currencies,COLLOQUIAL,37.5,3,5,8,0,0,0,0,0,,False
2894,supported_cards_and_currencies,COLLOQUIAL,16.67,1,5,6,0,0,0,0,0,,False
2895,supported_cards_and_currencies,COLLOQUIAL,30.0,3,7,10,0,0,0,0,0,,False
2896,supported_cards_and_currencies,COLLOQUIAL,10.0,1,9,10,0,0,0,0,0,,False
2897,supported_cards_and_currencies,COLLOQUIAL,18.18,2,9,11,0,0,0,0,0,,False
2898,supported_cards_and_currencies,COLLOQUIAL,12.5,1,7,8,0,0,0,0,0,,False
2899,supported_cards_and_currencies,COLLOQUIAL,15.38,2,11,13,0,0,0,0,0,,False
2900,supported_cards_and_currencies,COLLOQUIAL,33.33,2,4,6,0,0,0,0,0,,False
2901,supported_cards_and_currencies,COLLOQUIAL,11.11,1,8,9,0,0,0,0,0,,False
2902,supported_cards_and_currencies,COLLOQUIAL,9.09,1,10,11,0,0,0,0,0,,False
2903,supported_cards_and_currencies,COLLOQUIAL,20.0,3,12,15,0,0,0,0,0,,False
2904,supported_cards_and_currencies,MIXED,0.0,0,4,4,0,0,0,0,0,,True
2905,supported_cards_and_currencies,COLLOQUIAL,10.0,1,9,10,0,0,0,0,0,,False
2906,supported_cards_and_currencies,MIXED,0.0,0,4,4,0,0,0,0,0,,True
2907,supported_cards_and_currencies,COLLOQUIAL,12.5,1,7,8,0,0,0,0,0,,False
2908,supported_cards_and_currencies,COLLOQUIAL,27.27,3,8,11,0,0,0,0,0,,False
2909,supported_cards_and_currencies,COLLOQUIAL,33.33,2,4,6,0,0,0,0,0,,False
2910,supported_cards_and_currencies,COLLOQUIAL,14.29,1,6,7,0,0,0,0,0,,False
2911,supported_cards_and_currencies,COLLOQUIAL,6.67,1,14,15,0,0,0,0,0,,False
2912,supported_cards_and_currencies,MIXED,0.0,0,4,4,0,0,0,0,0,,True
2913,supported_cards_and_currencies,COLLOQUIAL,10.0,1,9,10,0,0,0,0,0,,False
2914,supported_cards_and_currencies,MIXED,0.0,0,4,4,0,0,0,0,0,,True
2915,supported_cards_and_currencies,COLLOQUIAL,12.5,1,7,8,0,0,0,0,0,,False
2916,supported_cards_and_currencies,COLLOQUIAL,33.33,3,6,9,0,0,0,0,0,,False
2917,supported_cards_and_currencies,COLLOQUIAL,12.5,1,7,8,0,0,0,0,0,,False
2918,supported_cards_and_currencies,COLLOQUIAL,16.67,1,5,6,0,0,0,0,0,,False
2919,supported_cards_and_currencies,COLLOQUIAL,37.5,3,5,8,0,0,0,0,0,,False
2920,supported_cards_and_currencies,COLLOQUIAL,42.86,3,4,7,0,0,0,0,0,,False
2921,supported_cards_and_currencies,COLLOQUIAL,25.0,3,9,12,0,0,0,0,0,,False
2922,supported_cards_and_currencies,COLLOQUIAL,25.0,3,9,12,0,0,0,0,0,,False
2923,supported_cards_and_currencies,COLLOQUIAL,40.0,4,6,10,0,0,0,0,0,,False
2924,supported_cards_and_currencies,COLLOQUIAL,14.29,1,6,7,0,0,0,0,0,,False
2925,supported_cards_and_currencies,COLLOQUIAL,50.0,3,3,6,0,0,0,0,0,,False
2926,supported_cards_and_currencies,COLLOQUIAL,20.0,2,8,10,0,0,0,0,0,,False
2927,supported_cards_and_currencies,COLLOQUIAL,50.0,2,2,4,0,0,0,0,0,,False
2928,supported_cards_and_currencies,MIXED,0.0,0,10,10,0,0,0,0,0,,True
2929,supported_cards_and_currencies,COLLOQUIAL,23.08,3,10,13,0,0,0,0,0,,False
2930,supported_cards_and_currencies,COLLOQUIAL,14.29,1,6,7,0,0,0,0,0,,False
2931,supported_cards_and_currencies,COLLOQUIAL,16.67,2,10,12,0,0,0,0,0,,False
2932,supported_cards_and_currencies,COLLOQUIAL,28.57,2,5,7,0,0,0,0,0,,False
2933,supported_cards_and_currencies,COLLOQUIAL,46.67,7,8,15,0,0,0,0,0,,False
2934,supported_cards_and_currencies,COLLOQUIAL,14.29,1,6,7,0,0,0,0,0,,False
2935,supported_cards_and_currencies,MIXED,0.0,0,11,11,0,0,0,0,0,,True
2936,supported_cards_and_currencies,COLLOQUIAL,50.0,2,2,4,0,0,0,0,0,,False
2937,supported_cards_and_currencies,COLLOQUIAL,16.67,2,10,12,0,0,0,0,0,,False
2938,supported_cards_and_currencies,COLLOQUIAL,33.33,3,6,9,0,0,0,0,0,,False
2939,supported_cards_and_currencies,COLLOQUIAL,27.27,3,8,11,0,0,0,0,0,,False
2940,supported_cards_and_currencies,COLLOQUIAL,16.67,2,10,12,0,0,0,0,0,,False
2941,supported_cards_and_currencies,COLLOQUIAL,42.86,3,4,7,0,0,0,0,0,,False
2942,supported_cards_and_currencies,COLLOQUIAL,28.57,2,5,7,0,0,0,0,0,,False
2943,supported_cards_and_currencies,MIXED,0.0,0,10,10,0,0,0,0,0,,True
2944,supported_cards_and_currencies,COLLOQUIAL,7.14,1,13,14,0,0,0,0,0,,False
2945,supported_cards_and_currencies,COLLOQUIAL,14.29,1,6,7,0,0,0,0,0,,False
2946,supported_cards_and_currencies,COLLOQUIAL,44.44,4,5,9,0,0,0,0,0,,False
2947,supported_cards_and_currencies,COLLOQUIAL,33.33,3,6,9,0,0,0,0,0,,False
2948,supported_cards_and_currencies,COLLOQUIAL,41.67,5,7,12,0,0,0,0,0,,False
2949,supported_cards_and_currencies,COLLOQUIAL,33.33,3,6,9,0,0,0,0,0,,False
2950,supported_cards_and_currencies,COLLOQUIAL,28.57,2,5,7,0,0,0,0,0,,False
2951,supported_cards_and_currencies,COLLOQUIAL,18.18,2,9,11,0,0,0,0,0,,False
2952,supported_cards_and_currencies,COLLOQUIAL,33.33,4,8,12,0,0,0,0,0,,False
2953,supported_cards_and_currencies,COLLOQUIAL,20.0,1,4,5,0,0,0,0,0,,False
2954,supported_cards_and_currencies,COLLOQUIAL,10.0,1,9,10,0,0,0,0,0,,False
2955,supported_cards_and_currencies,COLLOQUIAL,8.33,1,11,12,0,0,0,0,0,,False
2956,supported_cards_and_currencies,COLLOQUIAL,21.43,3,11,14,0,0,0,0,0,,False
2957,supported_cards_and_currencies,COLLOQUIAL,20.0,3,12,15,0,0,0,0,0,,False
2958,supported_cards_and_currencies,COLLOQUIAL,42.86,3,4,7,0,0,0,0,0,,False
2959,supported_cards_and_currencies,COLLOQUIAL,33.33,3,6,9,0,0,0,0,0,,False
2960,supported_cards_and_currencies,COLLOQUIAL,18.18,2,9,11,0,0,0,0,0,,False
2961,supported_cards_and_currencies,COLLOQUIAL,28.57,2,5,7,0,0,0,0,0,,False
2962,supported_cards_and_currencies,COLLOQUIAL,42.86,3,4,7,0,0,0,0,0,,False
2963,supported_cards_and_currencies,COLLOQUIAL,28.57,2,5,7,0,0,0,0,0,,False
2964,supported_cards_and_currencies,COLLOQUIAL,50.0,4,4,8,0,0,0,0,0,,False
2965,supported_cards_and_currencies,MIXED,0.0,0,8,8,0,0,0,0,0,,True
2966,supported_cards_and_currencies,COLLOQUIAL,25.0,2,6,8,0,0,0,0,0,,False
2967,supported_cards_and_currencies,MIXED,0.0,0,4,4,0,0,0,0,0,,True
2968,supported_cards_and_currencies,COLLOQUIAL,40.0,2,3,5,0,0,0,0,0,,False
2969,supported_cards_and_currencies,COLLOQUIAL,14.29,1,6,7,0,0,0,0,0,,False
2970,supported_cards_and_currencies,COLLOQUIAL,25.0,2,6,8,0,0,0,0,0,,False
2971,supported_cards_and_currencies,MIXED,0.0,0,5,5,0,0,0,0,0,,True
2972,supported_cards_and_currencies,COLLOQUIAL,22.22,2,7,9,0,0,0,0,0,,False
2973,supported_cards_and_currencies,COLLOQUIAL,33.33,3,6,9,0,0,0,0,0,,False
2974,supported_cards_and_currencies,COLLOQUIAL,50.0,7,7,14,0,0,0,0,0,,False
2975,supported_cards_and_currencies,COLLOQUIAL,25.0,3,9,12,0,0,0,0,0,,False
2976,supported_cards_and_currencies,COLLOQUIAL,11.11,1,8,9,0,0,0,0,0,,False
2977,supported_cards_and_currencies,COLLOQUIAL,23.08,3,10,13,0,0,0,0,0,,False
2978,supported_cards_and_currencies,COLLOQUIAL,36.36,4,7,11,0,0,0,0,0,,False
2979,supported_cards_and_currencies,COLLOQUIAL,37.5,3,5,8,0,0,0,0,0,,False
2980,supported_cards_and_currencies,COLLOQUIAL,36.36,4,7,11,0,0,0,0,0,,False
2981,supported_cards_and_currencies,COLLOQUIAL,11.11,1,8,9,0,0,0,0,0,,False
2982,supported_cards_and_currencies,COLLOQUIAL,12.5,1,7,8,0,0,0,0,0,,False
2983,supported_cards_and_currencies,COLLOQUIAL,30.0,3,7,10,0,0,0,0,0,,False
2984,supported_cards_and_currencies,COLLOQUIAL,50.0,3,3,6,0,0,0,0,0,,False
2985,supported_cards_and_currencies,COLLOQUIAL,28.57,2,5,7,0,0,0,0,0,,False
2986,supported_cards_and_currencies,COLLOQUIAL,25.0,2,6,8,0,0,0,0,0,,False
2987,supported_cards_and_currencies,COLLOQUIAL,37.5,3,5,8,0,0,0,0,0,,False
2988,supported_cards_and_currencies,COLLOQUIAL,33.33,2,4,6,0,0,0,0,0,,False
2989,supported_cards_and_currencies,COLLOQUIAL,30.77,4,9,13,0,0,0,0,0,,False
2990,supported_cards_and_currencies,COLLOQUIAL,20.0,1,4,5,0,0,0,0,0,,False
2991,supported_cards_and_currencies,COLLOQUIAL,33.33,2,4,6,0,0,0,0,0,,False
2992,supported_cards_and_currencies,COLLOQUIAL,25.0,2,6,8,0,0,0,0,0,,False
2993,supported_cards_and_currencies,COLLOQUIAL,37.5,3,5,8,0,0,0,0,0,,False
2994,supported_cards_and_currencies,COLLOQUIAL,40.0,4,6,10,0,0,0,0,0,,False
2995,supported_cards_and_currencies,COLLOQUIAL,50.0,3,3,6,0,0,0,0,0,,False
2996,supported_cards_and_currencies,COLLOQUIAL,9.09,1,10,11,0,0,0,0,0,,False
2997,supported_cards_and_currencies,COLLOQUIAL,20.0,2,8,10,0,0,0,0,0,,False
2998,getting_virtual_card,COLLOQUIAL,27.27,3,8,11,0,0,0,0,0,,False
2999,getting_virtual_card,COLLOQUIAL,25.0,3,9,12,0,0,0,0,0,,False
3000,getting_virtual_card,COLLOQUIAL,42.86,3,4,7,0,0,0,0,0,,False
3001,getting_virtual_card,COLLOQUIAL,33.33,2,4,6,0,0,0,0,0,,False
3002,getting_virtual_card,COLLOQUIAL,33.33,2,4,6,0,0,0,0,0,,False
3003,getting_virtual_card,COLLOQUIAL,14.29,1,6,7,0,0,0,0,0,,False
3004,getting_virtual_card,COLLOQUIAL,40.0,2,3,5,0,0,0,0,0,,False
3005,getting_virtual_card,COLLOQUIAL,20.0,1,4,5,0,0,0,0,0,,False
3006,getting_virtual_card,COLLOQUIAL,25.0,2,6,8,0,0,0,0,0,,False
3007,getting_virtual_card,COLLOQUIAL,50.0,2,2,4,0,0,0,0,0,,False
3008,getting_virtual_card,COLLOQUIAL,50.0,2,2,4,0,0,0,0,0,,False
3009,getting_virtual_card,COLLOQUIAL,50.0,3,3,6,0,0,0,0,0,,False
3010,getting_virtual_card,COLLOQUIAL,12.5,1,7,8,0,0,0,0,0,,False
3011,getting_virtual_card,COLLOQUIAL,25.0,2,6,8,0,0,0,0,0,,False
3012,getting_virtual_card,COLLOQUIAL,25.0,1,3,4,0,0,0,0,0,,False
3013,getting_virtual_card,COLLOQUIAL,33.33,2,4,6,0,0,0,0,0,,False
3014,getting_virtual_card,COLLOQUIAL,33.33,2,4,6,0,0,0,0,0,,False
3015,getting_virtual_card,COLLOQUIAL,40.0,2,3,5,0,0,0,0,0,,False
3016,getting_virtual_card,COLLOQUIAL,30.0,3,7,10,0,0,0,0,0,,False
3017,getting_virtual_card,COLLOQUIAL,40.0,2,3,5,0,0,0,0,0,,False
3018,getting_virtual_card,COLLOQUIAL,36.36,4,7,11,0,0,0,0,0,,False
3019,getting_virtual_card,COLLOQUIAL,25.0,2,6,8,0,0,0,0,0,,False
3020,getting_virtual_card,COLLOQUIAL,50.0,3,3,6,0,0,0,0,0,,False
3021,getting_virtual_card,COLLOQUIAL,33.33,2,4,6,0,0,0,0,0,,False
3022,getting_virtual_card,COLLOQUIAL,28.57,2,5,7,0,0,0,0,0,,False
3023,getting_virtual_card,COLLOQUIAL,37.5,3,5,8,0,0,0,0,0,,False
3024,getting_virtual_card,COLLOQUIAL,28.57,2,5,7,0,0,0,0,0,,False
3025,getting_virtual_card,COLLOQUIAL,50.0,2,2,4,0,0,0,0,0,,False
3026,getting_virtual_card,COLLOQUIAL,40.0,3,2,5,0,0,0,0,0,,False
3027,getting_virtual_card,COLLOQUIAL,28.57,2,5,7,0,0,0,0,0,,False
3028,getting_virtual_card,COLLOQUIAL,30.77,4,9,13,0,0,0,0,0,,False
3029,getting_virtual_card,COLLOQUIAL,25.0,2,6,8,0,0,0,0,0,,False
3030,getting_virtual_card,COLLOQUIAL,50.0,4,4,8,0,0,0,0,0,,False
3031,getting_virtual_card,COLLOQUIAL,33.33,2,4,6,0,0,0,0,0,,False
3032,getting_virtual_card,COLLOQUIAL,18.18,2,9,11,0,0,0,0,0,,False
3033,getting_virtual_card,COLLOQUIAL,33.33,2,4,6,0,0,0,0,0,,False
3034,getting_virtual_card,COLLOQUIAL,28.57,2,5,7,0,0,0,0,0,,False
3035,getting_virtual_card,COLLOQUIAL,40.0,2,3,5,0,0,0,0,0,,False
3036,getting_virtual_card,COLLOQUIAL,28.57,2,5,7,0,0,0,0,0,,False
3037,getting_virtual_card,COLLOQUIAL,50.0,2,2,4,0,0,0,0,0,,False
3038,getting_virtual_card,COLLOQUIAL,25.0,2,6,8,0,0,0,0,0,,False
3039,getting_virtual_card,COLLOQUIAL,33.33,3,6,9,0,0,0,0,0,,False
3040,getting_virtual_card,COLLOQUIAL,22.22,2,7,9,0,0,0,0,0,,False
3041,getting_virtual_card,COLLOQUIAL,33.33,3,6,9,0,0,0,0,0,,False
3042,getting_virtual_card,COLLOQUIAL,28.57,2,5,7,0,0,0,0,0,,False
3043,getting_virtual_card,COLLOQUIAL,25.0,2,6,8,0,0,0,0,0,,False
3044,getting_virtual_card,COLLOQUIAL,25.0,2,6,8,0,0,0,0,0,,False
3045,getting_virtual_card,COLLOQUIAL,28.57,2,5,7,0,0,0,0,0,,False
3046,getting_virtual_card,COLLOQUIAL,42.86,3,4,7,0,0,0,0,0,,False
3047,getting_virtual_card,COLLOQUIAL,20.0,2,8,10,0,0,0,0,0,,False
3048,getting_virtual_card,COLLOQUIAL,50.0,2,2,4,0,0,0,0,0,,False
3049,getting_virtual_card,COLLOQUIAL,25.0,2,6,8,0,0,0,0,0,,False
3050,getting_virtual_card,COLLOQUIAL,42.86,3,4,7,0,0,0,0,0,,False
3051,getting_virtual_card,COLLOQUIAL,33.33,2,4,6,0,0,0,0,0,,False
3052,getting_virtual_card,COLLOQUIAL,33.33,2,4,6,0,0,0,0,0,,False
3053,getting_virtual_card,COLLOQUIAL,33.33,2,4,6,0,0,0,0,0,,False
3054,getting_virtual_card,COLLOQUIAL,33.33,2,4,6,0,0,0,0,0,,False
3055,getting_virtual_card,COLLOQUIAL,28.57,2,5,7,0,0,0,0,0,,False
3056,getting_virtual_card,COLLOQUIAL,16.67,1,5,6,0,0,0,0,0,,False
3057,getting_virtual_card,COLLOQUIAL,28.57,2,5,7,0,0,0,0,0,,False
3058,getting_virtual_card,COLLOQUIAL,12.5,1,7,8,0,0,0,0,0,,False
3059,getting_virtual_card,COLLOQUIAL,16.67,1,5,6,0,0,0,0,0,,False
3060,getting_virtual_card,COLLOQUIAL,20.0,2,8,10,0,0,0,0,0,,False
3061,getting_virtual_card,COLLOQUIAL,28.57,2,5,7,0,0,0,0,0,,False
3062,getting_virtual_card,COLLOQUIAL,33.33,2,4,6,0,0,0,0,0,,False
3063,getting_virtual_card,COLLOQUIAL,20.0,1,4,5,0,0,0,0,0,,False
3064,getting_virtual_card,COLLOQUIAL,20.0,2,8,10,0,0,0,0,0,,False
3065,getting_virtual_card,COLLOQUIAL,16.67,1,5,6,0,0,0,0,0,,False
3066,getting_virtual_card,COLLOQUIAL,20.0,1,4,5,0,0,0,0,0,,False
3067,getting_virtual_card,COLLOQUIAL,28.57,2,5,7,0,0,0,0,0,,False
3068,getting_virtual_card,COLLOQUIAL,14.29,1,6,7,0,0,0,0,0,,False
3069,getting_virtual_card,COLLOQUIAL,33.33,1,2,3,0,0,0,0,0,,False
3070,getting_virtual_card,COLLOQUIAL,20.0,2,8,10,0,0,0,0,0,,False
3071,getting_virtual_card,COLLOQUIAL,30.0,3,7,10,0,0,0,0,0,,False
3072,getting_virtual_card,COLLOQUIAL,28.57,2,5,7,0,0,0,0,0,,False
3073,getting_virtual_card,COLLOQUIAL,16.67,2,10,12,0,0,0,0,0,,False
3074,getting_virtual_card,COLLOQUIAL,33.33,2,4,6,0,0,0,0,0,,False
3075,getting_virtual_card,COLLOQUIAL,25.0,2,6,8,0,0,0,0,0,,False
3076,getting_virtual_card,COLLOQUIAL,12.5,2,14,16,0,0,0,0,0,,False
3077,getting_virtual_card,COLLOQUIAL,14.29,1,6,7,0,0,0,0,0,,False
3078,getting_virtual_card,COLLOQUIAL,40.0,2,3,5,0,0,0,0,0,,False
3079,getting_virtual_card,COLLOQUIAL,28.57,2,5,7,0,0,0,0,0,,False
3080,getting_virtual_card,COLLOQUIAL,28.57,2,5,7,0,0,0,0,0,,False
3081,getting_virtual_card,COLLOQUIAL,13.33,2,13,15,0,0,0,0,0,,False
3082,getting_virtual_card,COLLOQUIAL,40.0,2,3,5,0,0,0,0,0,,False
3083,getting_virtual_card,COLLOQUIAL,40.0,2,3,5,0,0,0,0,0,,False
3084,getting_virtual_card,COLLOQUIAL,16.67,1,5,6,0,0,0,0,0,,False
3085,getting_virtual_card,COLLOQUIAL,11.11,1,8,9,0,0,0,0,0,,False
3086,getting_virtual_card,COLLOQUIAL,22.22,2,7,9,0,0,0,0,0,,False
3087,getting_virtual_card,COLLOQUIAL,50.0,2,2,4,0,0,0,0,0,,False
3088,getting_virtual_card,COLLOQUIAL,20.0,2,8,10,0,0,0,0,0,,False
3089,getting_virtual_card,COLLOQUIAL,28.57,2,5,7,0,0,0,0,0,,False
3090,getting_virtual_card,COLLOQUIAL,33.33,2,4,6,0,0,0,0,0,,False
3091,getting_virtual_card,COLLOQUIAL,33.33,3,6,9,0,0,0,0,0,,False
3092,getting_virtual_card,MIXED,0.0,0,7,7,0,0,0,0,0,,True
3093,getting_virtual_card,COLLOQUIAL,11.11,1,8,9,0,0,0,0,0,,False
3094,getting_virtual_card,COLLOQUIAL,28.57,2,5,7,0,0,0,0,0,,False
3095,getting_virtual_card,COLLOQUIAL,16.67,1,5,6,0,0,0,0,0,,False
3096,card_acceptance,MIXED,0.0,0,7,7,0,0,0,0,0,,True
3097,card_acceptance,MIXED,0.0,0,8,8,0,0,0,0,0,,True
3098,card_acceptance,MIXED,0.0,0,8,8,0,0,0,0,0,,True
3099,card_acceptance,MIXED,0.0,0,10,10,0,0,0,0,0,,True
3100,card_acceptance,MIXED,0.0,0,7,7,0,0,0,0,0,,True
3101,card_acceptance,COLLOQUIAL,25.0,1,3,4,0,0,0,0,0,,False
3102,card_acceptance,MIXED,0.0,0,8,8,0,0,0,0,0,,True
3103,card_acceptance,MIXED,0.0,0,6,6,0,0,0,0,0,,True
3104,card_acceptance,MIXED,0.0,0,6,6,0,0,0,0,0,,True
3105,card_acceptance,COLLOQUIAL,16.67,1,5,6,0,0,0,0,0,,False
3106,card_acceptance,COLLOQUIAL,16.67,1,5,6,0,0,0,0,0,,False
3107,card_acceptance,MIXED,0.0,0,3,3,0,0,0,0,0,,True
3108,card_acceptance,MIXED,0.0,0,6,6,0,0,0,0,0,,True
3109,card_acceptance,COLLOQUIAL,30.0,3,7,10,0,0,0,0,0,,False
3110,card_acceptance,COLLOQUIAL,14.29,1,6,7,0,0,0,0,0,,False
3111,card_acceptance,MIXED,0.0,0,9,9,0,0,0,0,0,,True
3112,card_acceptance,MIXED,0.0,0,4,4,0,0,0,0,0,,True
3113,card_acceptance,MIXED,0.0,0,4,4,0,0,0,0,0,,True
3114,card_acceptance,COLLOQUIAL,25.0,1,3,4,0,0,0,0,0,,False
3115,card_acceptance,COLLOQUIAL,25.0,1,3,4,0,0,0,0,0,,False
3116,card_acceptance,MIXED,0.0,0,5,5,0,0,0,0,0,,True
3117,card_acceptance,MIXED,0.0,0,5,5,0,0,0,0,0,,True
3118,card_acceptance,COLLOQUIAL,33.33,1,2,3,0,0,0,0,0,,False
3119,card_acceptance,COLLOQUIAL,14.29,1,6,7,0,0,0,0,0,,False
3120,card_acceptance,MIXED,0.0,0,5,5,0,0,0,0,0,,True
3121,card_acceptance,COLLOQUIAL,20.0,1,4,5,0,0,0,0,0,,False
3122,card_acceptance,MIXED,0.0,0,5,5,0,0,0,0,0,,True
3123,card_acceptance,MIXED,0.0,0,8,8,0,0,0,0,0,,True
3124,card_acceptance,MIXED,0.0,0,5,5,0,0,0,0,0,,True
3125,card_acceptance,MIXED,0.0,0,8,8,0,0,0,0,0,,True
3126,card_acceptance,COLLOQUIAL,16.67,1,5,6,0,0,0,0,0,,False
3127,card_acceptance,MIXED,0.0,0,6,6,0,0,0,0,0,,True
3128,card_acceptance,COLLOQUIAL,14.29,1,6,7,0,0,0,0,0,,False
3129,card_acceptance,COLLOQUIAL,14.29,1,6,7,0,0,0,0,0,,False
3130,card_acceptance,MIXED,0.0,0,7,7,0,0,0,0,0,,True
3131,card_acceptance,MIXED,0.0,0,6,6,0,0,0,0,0,,True
3132,card_acceptance,MIXED,0.0,0,5,5,0,0,0,0,0,,True
3133,card_acceptance,MIXED,0.0,0,7,7,0,0,0,0,0,,True
3134,card_acceptance,MIXED,0.0,0,8,8,0,0,0,0,0,,True
3135,card_acceptance,COLLOQUIAL,28.57,2,5,7,0,0,0,0,0,,False
3136,card_acceptance,COLLOQUIAL,25.0,2,6,8,0,0,0,0,0,,False
3137,card_acceptance,COLLOQUIAL,14.29,1,6,7,0,0,0,0,0,,False
3138,card_acceptance,MIXED,0.0,0,6,6,0,0,0,0,0,,True
3139,card_acceptance,COLLOQUIAL,20.0,2,8,10,0,0,0,0,0,,False
3140,card_acceptance,COLLOQUIAL,16.67,1,5,6,0,0,0,0,0,,False
3141,card_acceptance,COLLOQUIAL,14.29,1,6,7,0,0,0,0,0,,False
3142,card_acceptance,MIXED,0.0,0,6,6,0,0,0,0,0,,True
3143,card_acceptance,COLLOQUIAL,12.5,1,7,8,0,0,0,0,0,,False
3144,card_acceptance,COLLOQUIAL,14.29,1,6,7,0,0,0,0,0,,False
3145,card_acceptance,COLLOQUIAL,12.5,1,7,8,0,0,0,0,0,,False
3146,card_acceptance,COLLOQUIAL,12.5,1,7,8,0,0,0,0,0,,False
3147,card_acceptance,COLLOQUIAL,14.29,1,6,7,0,0,0,0,0,,False
3148,card_acceptance,COLLOQUIAL,16.67,1,5,6,0,0,0,0,0,,False
3149,card_acceptance,COLLOQUIAL,14.29,1,6,7,0,0,0,0,0,,False
3150,card_acceptance,MIXED,0.0,0,6,6,0,0,0,0,0,,True
3151,card_acceptance,COLLOQUIAL,20.0,1,4,5,0,0,0,0,0,,False
3152,card_acceptance,MIXED,0.0,0,6,6,0,0,0,0,0,,True
3153,card_acceptance,COLLOQUIAL,12.5,1,7,8,0,0,0,0,0,,False
3154,card_acceptance,COLLOQUIAL,22.22,2,7,9,0,0,0,0,0,,False
3155,top_up_reverted,COLLOQUIAL,5.88,1,16,17,0,0,0,0,0,,False
3156,top_up_reverted,COLLOQUIAL,25.0,1,3,4,0,0,0,0,0,,False
3157,top_up_reverted,COLLOQUIAL,6.67,1,14,15,0,0,0,0,0,,False
3158,top_up_reverted,COLLOQUIAL,16.67,1,5,6,0,0,0,0,0,,False
3159,top_up_reverted,COLLOQUIAL,33.33,2,4,6,0,0,0,0,0,,False
3160,top_up_reverted,MIXED,0.0,0,4,4,0,0,0,0,0,,True
3161,top_up_reverted,COLLOQUIAL,30.0,3,7,10,0,0,0,0,0,,False
3162,top_up_reverted,COLLOQUIAL,20.0,1,4,5,0,0,0,0,0,,False
3163,top_up_reverted,COLLOQUIAL,16.67,2,10,12,0,0,0,0,0,,False
3164,top_up_reverted,COLLOQUIAL,33.33,2,4,6,0,0,0,0,0,,False
3165,top_up_reverted,COLLOQUIAL,5.26,1,18,19,0,0,0,0,0,,False
3166,top_up_reverted,COLLOQUIAL,26.09,6,17,23,0,0,0,0,0,,False
3167,top_up_reverted,COLLOQUIAL,33.33,2,4,6,0,0,0,0,0,,False
3168,top_up_reverted,MIXED,0.0,0,6,6,0,0,0,0,0,,True
3169,top_up_reverted,MIXED,0.0,0,15,15,0,0,0,0,0,,True
3170,top_up_reverted,COLLOQUIAL,33.33,2,4,6,0,0,0,0,0,,False
3171,top_up_reverted,COLLOQUIAL,16.67,1,5,6,0,0,0,0,0,,False
3172,top_up_reverted,COLLOQUIAL,42.86,3,4,7,0,0,0,0,0,,False
3173,top_up_reverted,COLLOQUIAL,10.53,2,17,19,0,0,0,0,0,,False
3174,top_up_reverted,MIXED,0.0,0,13,13,0,0,0,0,0,,True
3175,top_up_reverted,MIXED,0.0,0,14,14,0,0,0,0,0,,True
3176,top_up_reverted,COLLOQUIAL,5.56,1,17,18,0,0,0,0,0,,False
3177,top_up_reverted,COLLOQUIAL,33.33,3,6,9,0,0,0,0,0,,False
3178,top_up_reverted,MIXED,0.0,0,5,5,0,0,0,0,0,,True
3179,top_up_reverted,COLLOQUIAL,33.33,3,6,9,0,0,0,0,0,,False
3180,top_up_reverted,MIXED,0.0,0,12,12,0,0,0,0,0,,True
3181,top_up_reverted,COLLOQUIAL,33.33,2,4,6,0,0,0,0,0,,False
3182,top_up_reverted,COLLOQUIAL,20.0,2,8,10,0,0,0,0,0,,False
3183,top_up_reverted,COLLOQUIAL,16.67,1,5,6,0,0,0,0,0,,False
3184,top_up_reverted,COLLOQUIAL,30.0,3,7,10,0,0,0,0,0,,False
3185,top_up_reverted,COLLOQUIAL,14.29,1,6,7,0,0,0,0,0,,False
3186,top_up_reverted,COLLOQUIAL,12.5,1,7,8,0,0,0,0,0,,False
3187,top_up_reverted,COLLOQUIAL,7.69,2,24,26,0,0,0,0,0,,False
3188,top_up_reverted,MIXED,0.0,0,9,9,0,0,0,0,0,,True
3189,top_up_reverted,COLLOQUIAL,50.0,3,3,6,0,0,0,0,0,,False
3190,top_up_reverted,COLLOQUIAL,7.14,1,13,14,0,0,0,0,0,,False
3191,top_up_reverted,COLLOQUIAL,20.0,1,4,5,0,0,0,0,0,,False
3192,top_up_reverted,MIXED,0.0,0,28,28,0,0,0,0,0,,True
3193,top_up_reverted,COLLOQUIAL,11.11,1,8,9,0,0,0,0,0,,False
3194,top_up_reverted,MIXED,0.0,0,5,5,0,0,0,0,0,,True
3195,top_up_reverted,COLLOQUIAL,33.33,2,4,6,0,0,0,0,0,,False
3196,top_up_reverted,MIXED,0.0,0,14,14,0,0,0,0,0,,True
3197,top_up_reverted,COLLOQUIAL,10.53,2,17,19,0,0,0,0,0,,False
3198,top_up_reverted,COLLOQUIAL,10.53,2,17,19,0,0,0,0,0,,False
3199,top_up_reverted,COLLOQUIAL,7.14,1,13,14,0,0,0,0,0,,False
3200,top_up_reverted,MIXED,0.0,0,14,14,0,0,0,0,0,,True
3201,top_up_reverted,COLLOQUIAL,18.18,4,18,22,0,0,0,0,0,,False
3202,top_up_reverted,COLLOQUIAL,10.53,2,17,19,0,0,0,0,0,,False
3203,top_up_reverted,COLLOQUIAL,20.0,2,8,10,0,0,0,0,0,,False
3204,top_up_reverted,COLLOQUIAL,40.0,3,2,5,0,0,0,0,0,,False
3205,top_up_reverted,COLLOQUIAL,14.29,1,6,7,0,0,0,0,0,,False
3206,top_up_reverted,COLLOQUIAL,50.0,3,3,6,0,0,0,0,0,,False
3207,top_up_reverted,COLLOQUIAL,20.0,4,16,20,0,0,0,0,0,,False
3208,top_up_reverted,COLLOQUIAL,15.0,3,17,20,0,0,0,0,0,,False
3209,top_up_reverted,COLLOQUIAL,14.29,1,6,7,0,0,0,0,0,,False
3210,top_up_reverted,COLLOQUIAL,20.0,1,4,5,0,0,0,0,0,,False
3211,top_up_reverted,COLLOQUIAL,16.67,1,5,6,0,0,0,0,0,,False
3212,top_up_reverted,COLLOQUIAL,10.0,1,9,10,0,0,0,0,0,,False
3213,top_up_reverted,COLLOQUIAL,12.5,2,14,16,0,0,0,0,0,,False
3214,top_up_reverted,COLLOQUIAL,33.33,2,4,6,0,0,0,0,0,,False
3215,top_up_reverted,MIXED,0.0,0,9,9,0,0,0,0,0,,True
3216,top_up_reverted,COLLOQUIAL,9.09,1,10,11,0,0,0,0,0,,False
3217,top_up_reverted,COLLOQUIAL,15.79,3,16,19,0,0,0,0,0,,False
3218,top_up_reverted,COLLOQUIAL,14.29,2,12,14,0,0,0,0,0,,False
3219,top_up_reverted,MIXED,0.0,0,8,8,0,0,0,0,0,,True
3220,top_up_reverted,COLLOQUIAL,14.29,1,6,7,0,0,0,0,0,,False
3221,top_up_reverted,COLLOQUIAL,11.11,1,8,9,0,0,0,0,0,,False
3222,top_up_reverted,MIXED,0.0,0,6,6,0,0,0,0,0,,True
3223,top_up_reverted,COLLOQUIAL,10.0,1,9,10,0,0,0,0,0,,False
3224,top_up_reverted,COLLOQUIAL,10.53,2,17,19,0,0,0,0,0,,False
3225,top_up_reverted,MIXED,0.0,0,6,6,0,0,0,0,0,,True
3226,top_up_reverted,COLLOQUIAL,22.22,2,7,9,0,0,0,0,0,,False
3227,top_up_reverted,COLLOQUIAL,19.05,4,17,21,0,0,0,0,0,,False
3228,top_up_reverted,MIXED,0.0,0,5,5,0,0,0,0,0,,True
3229,top_up_reverted,COLLOQUIAL,18.18,2,9,11,0,0,0,0,0,,False
3230,top_up_reverted,COLLOQUIAL,16.67,1,5,6,0,0,0,0,0,,False
3231,top_up_reverted,COLLOQUIAL,50.0,3,3,6,0,0,0,0,0,,False
3232,top_up_reverted,COLLOQUIAL,28.57,2,5,7,0,0,0,0,0,,False
3233,top_up_reverted,COLLOQUIAL,25.0,3,1,4,0,0,0,0,0,,False
3234,top_up_reverted,COLLOQUIAL,16.0,4,21,25,0,0,0,0,0,,False
3235,top_up_reverted,MIXED,0.0,0,11,11,0,0,0,0,0,,True
3236,top_up_reverted,COLLOQUIAL,20.0,2,8,10,0,0,0,0,0,,False
3237,top_up_reverted,COLLOQUIAL,12.5,1,7,8,0,0,0,0,0,,False
3238,top_up_reverted,MIXED,0.0,0,18,18,0,0,0,0,0,,True
3239,top_up_reverted,COLLOQUIAL,40.0,2,3,5,0,0,0,0,0,,False
3240,top_up_reverted,COLLOQUIAL,26.67,4,11,15,0,0,0,0,0,,False
3241,top_up_reverted,COLLOQUIAL,28.57,2,5,7,0,0,0,0,0,,False
3242,top_up_reverted,MIXED,0.0,0,8,8,0,0,0,0,0,,True
3243,top_up_reverted,COLLOQUIAL,40.0,2,3,5,0,0,0,0,0,,False
3244,top_up_reverted,COLLOQUIAL,12.5,1,7,8,0,0,0,0,0,,False
3245,top_up_reverted,COLLOQUIAL,20.0,1,4,5,0,0,0,0,0,,False
3246,top_up_reverted,COLLOQUIAL,6.25,1,15,16,0,0,0,0,0,,False
3247,top_up_reverted,COLLOQUIAL,33.33,2,4,6,0,0,0,0,0,,False
3248,top_up_reverted,MIXED,0.0,0,7,7,0,0,0,0,0,,True
3249,top_up_reverted,COLLOQUIAL,25.0,2,6,8,0,0,0,0,0,,False
3250,top_up_reverted,COLLOQUIAL,14.29,1,6,7,0,0,0,0,0,,False
3251,top_up_reverted,COLLOQUIAL,10.71,3,25,28,0,0,0,0,0,,False
3252,top_up_reverted,MIXED,0.0,0,9,9,0,0,0,0,0,,True
3253,top_up_reverted,COLLOQUIAL,14.29,1,6,7,0,0,0,0,0,,False
3254,top_up_reverted,COLLOQUIAL,22.22,2,7,9,0,0,0,0,0,,False
3255,top_up_reverted,COLLOQUIAL,25.0,2,6,8,0,0,0,0,0,,False
3256,top_up_reverted,COLLOQUIAL,28.57,2,5,7,0,0,0,0,0,,False
3257,top_up_reverted,COLLOQUIAL,13.04,3,20,23,0,0,0,0,0,,False
3258,top_up_reverted,COLLOQUIAL,33.33,3,6,9,0,0,0,0,0,,False
3259,top_up_reverted,COLLOQUIAL,13.33,4,26,30,0,0,0,0,0,,False
3260,top_up_reverted,COLLOQUIAL,20.0,1,4,5,0,0,0,0,0,,False
3261,top_up_reverted,COLLOQUIAL,22.22,2,7,9,0,0,0,0,0,,False
3262,top_up_reverted,COLLOQUIAL,20.0,2,8,10,0,0,0,0,0,,False
3263,top_up_reverted,MIXED,0.0,0,5,5,0,0,0,0,0,,True
3264,top_up_reverted,COLLOQUIAL,16.67,1,5,6,0,0,0,0,0,,False
3265,top_up_reverted,COLLOQUIAL,19.05,4,17,21,0,0,0,0,0,,False
3266,top_up_reverted,COLLOQUIAL,40.0,3,2,5,0,0,0,0,0,,False
3267,top_up_reverted,COLLOQUIAL,10.0,2,18,20,0,0,0,0,0,,False
3268,top_up_reverted,COLLOQUIAL,40.0,2,3,5,0,0,0,0,0,,False
3269,top_up_reverted,COLLOQUIAL,16.67,1,5,6,0,0,0,0,0,,False
3270,top_up_reverted,COLLOQUIAL,25.0,2,6,8,0,0,0,0,0,,False
3271,top_up_reverted,COLLOQUIAL,16.67,1,5,6,0,0,0,0,0,,False
3272,top_up_reverted,COLLOQUIAL,16.67,4,20,24,0,0,0,0,0,,False
3273,top_up_reverted,COLLOQUIAL,37.5,3,5,8,0,0,0,0,0,,False
3274,top_up_reverted,COLLOQUIAL,20.0,2,8,10,0,0,0,0,0,,False
3275,top_up_reverted,MIXED,0.0,0,6,6,0,0,0,0,0,,True
3276,top_up_reverted,COLLOQUIAL,19.05,4,17,21,0,0,0,0,0,,False
3277,top_up_reverted,COLLOQUIAL,25.0,2,6,8,0,0,0,0,0,,False
3278,top_up_reverted,COLLOQUIAL,11.11,1,8,9,0,0,0,0,0,,False
3279,top_up_reverted,COLLOQUIAL,33.33,2,4,6,0,0,0,0,0,,False
3280,top_up_reverted,COLLOQUIAL,10.0,2,18,20,0,0,0,0,0,,False
3281,top_up_reverted,MIXED,0.0,0,7,7,0,0,0,0,0,,True
3282,top_up_reverted,COLLOQUIAL,15.38,2,11,13,0,0,0,0,0,,False
3283,top_up_reverted,COLLOQUIAL,22.73,5,17,22,0,0,0,0,0,,False
3284,top_up_reverted,COLLOQUIAL,12.5,1,7,8,0,0,0,0,0,,False
3285,top_up_reverted,COLLOQUIAL,32.26,10,21,31,0,0,0,0,0,,False
3286,top_up_reverted,COLLOQUIAL,16.67,1,5,6,0,0,0,0,0,,False
3287,top_up_reverted,COLLOQUIAL,12.12,4,29,33,0,0,0,0,0,,False
3288,top_up_reverted,COLLOQUIAL,5.88,1,16,17,0,0,0,0,0,,False
3289,top_up_reverted,MIXED,0.0,0,20,20,0,0,0,0,0,,True
3290,top_up_reverted,COLLOQUIAL,11.76,2,15,17,0,0,0,0,0,,False
3291,top_up_reverted,COLLOQUIAL,14.29,1,6,7,0,0,0,0,0,,False
3292,top_up_reverted,COLLOQUIAL,18.18,4,18,22,0,0,0,0,0,,False
3293,top_up_reverted,MIXED,0.0,0,4,4,0,0,0,0,0,,True
3294,top_up_reverted,COLLOQUIAL,33.33,2,4,6,0,0,0,0,0,,False
3295,top_up_reverted,COLLOQUIAL,33.33,2,4,6,0,0,0,0,0,,False
3296,top_up_reverted,COLLOQUIAL,28.57,6,15,21,0,0,0,0,0,,False
3297,top_up_reverted,COLLOQUIAL,50.0,2,2,4,0,0,0,0,0,,False
3298,top_up_reverted,COLLOQUIAL,21.43,6,22,28,0,0,0,0,0,,False
3299,top_up_reverted,COLLOQUIAL,12.5,1,7,8,0,0,0,0,0,,False
3300,top_up_reverted,MIXED,0.0,0,7,7,0,0,0,0,0,,True
3301,balance_not_updated_after_cheque_or_cash_deposit,COLLOQUIAL,25.0,2,6,8,0,0,0,0,0,,False
3302,balance_not_updated_after_cheque_or_cash_deposit,COLLOQUIAL,11.11,1,8,9,0,0,0,0,0,,False
3303,balance_not_updated_after_cheque_or_cash_deposit,COLLOQUIAL,35.29,6,11,17,0,0,0,0,0,,False
3304,balance_not_updated_after_cheque_or_cash_deposit,COLLOQUIAL,20.0,2,8,10,0,0,0,0,0,,False
3305,balance_not_updated_after_cheque_or_cash_deposit,COLLOQUIAL,23.08,3,10,13,0,0,0,0,0,,False
3306,balance_not_updated_after_cheque_or_cash_deposit,COLLOQUIAL,16.67,1,5,6,0,0,0,0,0,,False
3307,balance_not_updated_after_cheque_or_cash_deposit,COLLOQUIAL,30.77,4,9,13,0,0,0,0,0,,False
3308,balance_not_updated_after_cheque_or_cash_deposit,COLLOQUIAL,10.53,2,17,19,0,0,0,0,0,,False
3309,balance_not_updated_after_cheque_or_cash_deposit,COLLOQUIAL,16.67,3,15,18,0,0,0,0,0,,False
3310,balance_not_updated_after_cheque_or_cash_deposit,MIXED,0.0,0,12,12,0,0,0,0,0,,True
3311,balance_not_updated_after_cheque_or_cash_deposit,COLLOQUIAL,16.67,1,5,6,0,0,0,0,0,,False
3312,balance_not_updated_after_cheque_or_cash_deposit,COLLOQUIAL,16.67,1,5,6,0,0,0,0,0,,False
3313,balance_not_updated_after_cheque_or_cash_deposit,COLLOQUIAL,20.0,1,4,5,0,0,0,0,0,,False
3314,balance_not_updated_after_cheque_or_cash_deposit,COLLOQUIAL,22.22,2,7,9,0,0,0,0,0,,False
3315,balance_not_updated_after_cheque_or_cash_deposit,COLLOQUIAL,20.0,2,8,10,0,0,0,0,0,,False
3316,balance_not_updated_after_cheque_or_cash_deposit,COLLOQUIAL,33.33,2,4,6,0,0,0,0,0,,False
3317,balance_not_updated_after_cheque_or_cash_deposit,COLLOQUIAL,33.33,4,8,12,0,0,0,0,0,,False
3318,balance_not_updated_after_cheque_or_cash_deposit,COLLOQUIAL,35.71,5,9,14,0,0,0,0,0,,False
3319,balance_not_updated_after_cheque_or_cash_deposit,COLLOQUIAL,12.5,2,14,16,0,0,0,0,0,,False
3320,balance_not_updated_after_cheque_or_cash_deposit,COLLOQUIAL,22.22,2,7,9,0,0,0,0,0,,False
3321,balance_not_updated_after_cheque_or_cash_deposit,COLLOQUIAL,22.22,2,7,9,0,0,0,0,0,,False
3322,balance_not_updated_after_cheque_or_cash_deposit,COLLOQUIAL,10.0,1,9,10,0,0,0,0,0,,False
3323,balance_not_updated_after_cheque_or_cash_deposit,COLLOQUIAL,20.0,1,4,5,0,0,0,0,0,,False
3324,balance_not_updated_after_cheque_or_cash_deposit,COLLOQUIAL,16.67,2,10,12,0,0,0,0,0,,False
3325,balance_not_updated_after_cheque_or_cash_deposit,COLLOQUIAL,14.29,1,6,7,0,0,0,0,0,,False
3326,balance_not_updated_after_cheque_or_cash_deposit,COLLOQUIAL,42.86,3,4,7,0,0,0,0,0,,False
3327,balance_not_updated_after_cheque_or_cash_deposit,COLLOQUIAL,23.08,3,10,13,0,0,0,0,0,,False
3328,balance_not_updated_after_cheque_or_cash_deposit,COLLOQUIAL,18.18,2,9,11,0,0,0,0,0,,False
3329,balance_not_updated_after_cheque_or_cash_deposit,COLLOQUIAL,30.77,4,9,13,0,0,0,0,0,,False
3330,balance_not_updated_after_cheque_or_cash_deposit,COLLOQUIAL,28.57,6,15,21,0,0,0,0,0,,False
3331,balance_not_updated_after_cheque_or_cash_deposit,COLLOQUIAL,20.0,1,4,5,0,0,0,0,0,,False
3332,balance_not_updated_after_cheque_or_cash_deposit,MIXED,0.0,0,8,8,0,0,0,0,0,,True
3333,balance_not_updated_after_cheque_or_cash_deposit,COLLOQUIAL,22.22,4,14,18,0,0,0,0,0,,False
3334,balance_not_updated_after_cheque_or_cash_deposit,COLLOQUIAL,16.67,1,5,6,0,0,0,0,0,,False
3335,balance_not_updated_after_cheque_or_cash_deposit,COLLOQUIAL,17.86,5,23,28,0,0,0,0,0,,False
3336,balance_not_updated_after_cheque_or_cash_deposit,MIXED,0.0,0,6,6,0,0,0,0,0,,True
3337,balance_not_updated_after_cheque_or_cash_deposit,MIXED,0.0,0,7,7,0,0,0,0,0,,True
3338,balance_not_updated_after_cheque_or_cash_deposit,COLLOQUIAL,18.75,3,13,16,0,0,0,0,0,,False
3339,balance_not_updated_after_cheque_or_cash_deposit,COLLOQUIAL,25.0,2,6,8,0,0,0,0,0,,False
3340,balance_not_updated_after_cheque_or_cash_deposit,MIXED,0.0,0,9,9,0,0,0,0,0,,True
3341,balance_not_updated_after_cheque_or_cash_deposit,COLLOQUIAL,12.5,1,7,8,0,0,0,0,0,,False
3342,balance_not_updated_after_cheque_or_cash_deposit,COLLOQUIAL,7.69,1,12,13,0,0,0,0,0,,False
3343,balance_not_updated_after_cheque_or_cash_deposit,COLLOQUIAL,11.11,1,8,9,0,0,0,0,0,,False
3344,balance_not_updated_after_cheque_or_cash_deposit,MIXED,0.0,0,10,10,0,0,0,0,0,,True
3345,balance_not_updated_after_cheque_or_cash_deposit,COLLOQUIAL,10.0,1,9,10,0,0,0,0,0,,False
3346,balance_not_updated_after_cheque_or_cash_deposit,MIXED,0.0,0,7,7,0,0,0,0,0,,True
3347,balance_not_updated_after_cheque_or_cash_deposit,MIXED,0.0,0,15,15,0,0,0,0,0,,True
3348,balance_not_updated_after_cheque_or_cash_deposit,COLLOQUIAL,12.5,1,7,8,0,0,0,0,0,,False
3349,balance_not_updated_after_cheque_or_cash_deposit,COLLOQUIAL,5.56,1,17,18,0,0,0,0,0,,False
3350,balance_not_updated_after_cheque_or_cash_deposit,COLLOQUIAL,18.52,5,22,27,0,0,0,0,0,,False
3351,balance_not_updated_after_cheque_or_cash_deposit,COLLOQUIAL,12.5,1,7,8,0,0,0,0,0,,False
3352,balance_not_updated_after_cheque_or_cash_deposit,MIXED,0.0,0,8,8,0,0,0,0,0,,True
3353,balance_not_updated_after_cheque_or_cash_deposit,MIXED,0.0,0,8,8,0,0,0,0,0,,True
3354,balance_not_updated_after_cheque_or_cash_deposit,MIXED,0.0,0,6,6,0,0,0,0,0,,True
3355,balance_not_updated_after_cheque_or_cash_deposit,MIXED,0.0,0,14,14,0,0,0,0,0,,True
3356,balance_not_updated_after_cheque_or_cash_deposit,COLLOQUIAL,6.25,1,15,16,0,0,0,0,0,,False
3357,balance_not_updated_after_cheque_or_cash_deposit,COLLOQUIAL,11.11,1,8,9,0,0,0,0,0,,False
3358,balance_not_updated_after_cheque_or_cash_deposit,COLLOQUIAL,11.11,1,8,9,0,0,0,0,0,,False
3359,balance_not_updated_after_cheque_or_cash_deposit,COLLOQUIAL,8.33,1,11,12,0,0,0,0,0,,False
3360,balance_not_updated_after_cheque_or_cash_deposit,MIXED,0.0,0,8,8,0,0,0,0,0,,True
3361,balance_not_updated_after_cheque_or_cash_deposit,COLLOQUIAL,14.29,1,6,7,0,0,0,0,0,,False
3362,balance_not_updated_after_cheque_or_cash_deposit,MIXED,0.0,0,18,18,0,0,0,0,0,,True
3363,balance_not_updated_after_cheque_or_cash_deposit,COLLOQUIAL,6.25,1,15,16,0,0,0,0,0,,False
3364,balance_not_updated_after_cheque_or_cash_deposit,COLLOQUIAL,12.5,1,7,8,0,0,0,0,0,,False
3365,balance_not_updated_after_cheque_or_cash_deposit,COLLOQUIAL,22.22,2,7,9,0,0,0,0,0,,False
3366,balance_not_updated_after_cheque_or_cash_deposit,COLLOQUIAL,20.0,1,4,5,0,0,0,0,0,,False
3367,balance_not_updated_after_cheque_or_cash_deposit,COLLOQUIAL,10.0,1,9,10,0,0,0,0,0,,False
3368,balance_not_updated_after_cheque_or_cash_deposit,MIXED,0.0,0,10,10,0,0,0,0,0,,True
3369,balance_not_updated_after_cheque_or_cash_deposit,COLLOQUIAL,27.27,3,8,11,0,0,0,0,0,,False
3370,balance_not_updated_after_cheque_or_cash_deposit,COLLOQUIAL,11.11,1,8,9,0,0,0,0,0,,False
3371,balance_not_updated_after_cheque_or_cash_deposit,COLLOQUIAL,13.33,2,13,15,0,0,0,0,0,,False
3372,balance_not_updated_after_cheque_or_cash_deposit,COLLOQUIAL,5.0,1,19,20,0,0,0,0,0,,False
3373,balance_not_updated_after_cheque_or_cash_deposit,MIXED,0.0,0,6,6,0,0,0,0,0,,True
3374,balance_not_updated_after_cheque_or_cash_deposit,COLLOQUIAL,30.0,3,7,10,0,0,0,0,0,,False
3375,balance_not_updated_after_cheque_or_cash_deposit,COLLOQUIAL,6.25,1,15,16,0,0,0,0,0,,False
3376,balance_not_updated_after_cheque_or_cash_deposit,COLLOQUIAL,6.25,1,15,16,0,0,0,0,0,,False
3377,balance_not_updated_after_cheque_or_cash_deposit,COLLOQUIAL,11.11,1,8,9,0,0,0,0,0,,False
3378,balance_not_updated_after_cheque_or_cash_deposit,COLLOQUIAL,16.0,4,21,25,0,0,0,0,0,,False
3379,balance_not_updated_after_cheque_or_cash_deposit,COLLOQUIAL,12.5,1,7,8,0,0,0,0,0,,False
3380,balance_not_updated_after_cheque_or_cash_deposit,MIXED,0.0,0,7,7,0,0,0,0,0,,True
3381,balance_not_updated_after_cheque_or_cash_deposit,COLLOQUIAL,7.69,1,12,13,0,0,0,0,0,,False
3382,balance_not_updated_after_cheque_or_cash_deposit,COLLOQUIAL,9.09,1,10,11,0,0,0,0,0,,False
3383,balance_not_updated_after_cheque_or_cash_deposit,MIXED,0.0,0,8,8,0,0,0,0,0,,True
3384,balance_not_updated_after_cheque_or_cash_deposit,COLLOQUIAL,6.67,1,14,15,0,0,0,0,0,,False
3385,balance_not_updated_after_cheque_or_cash_deposit,COLLOQUIAL,10.0,1,9,10,0,0,0,0,0,,False
3386,balance_not_updated_after_cheque_or_cash_deposit,MIXED,0.0,0,8,8,0,0,0,0,0,,True
3387,balance_not_updated_after_cheque_or_cash_deposit,MIXED,4.55,1,21,22,0,0,0,0,0,,True
3388,balance_not_updated_after_cheque_or_cash_deposit,MIXED,0.0,0,8,8,0,0,0,0,0,,True
3389,balance_not_updated_after_cheque_or_cash_deposit,COLLOQUIAL,7.14,1,13,14,0,0,0,0,0,,False
3390,balance_not_updated_after_cheque_or_cash_deposit,MIXED,4.55,1,21,22,0,0,0,0,0,,True
3391,balance_not_updated_after_cheque_or_cash_deposit,COLLOQUIAL,12.5,2,14,16,0,0,0,0,0,,False
3392,balance_not_updated_after_cheque_or_cash_deposit,COLLOQUIAL,10.0,1,9,10,0,0,0,0,0,,False
3393,balance_not_updated_after_cheque_or_cash_deposit,COLLOQUIAL,6.25,1,15,16,0,0,0,0,0,,False
3394,balance_not_updated_after_cheque_or_cash_deposit,COLLOQUIAL,12.5,1,7,8,0,0,0,0,0,,False
3395,balance_not_updated_after_cheque_or_cash_deposit,MIXED,0.0,0,9,9,0,0,0,0,0,,True
3396,balance_not_updated_after_cheque_or_cash_deposit,COLLOQUIAL,15.38,2,11,13,0,0,0,0,0,,False
3397,balance_not_updated_after_cheque_or_cash_deposit,COLLOQUIAL,10.0,1,9,10,0,0,0,0,0,,False
3398,balance_not_updated_after_cheque_or_cash_deposit,COLLOQUIAL,10.0,1,9,10,0,0,0,0,0,,False
3399,balance_not_updated_after_cheque_or_cash_deposit,COLLOQUIAL,8.7,2,21,23,0,0,0,0,0,,False
3400,balance_not_updated_after_cheque_or_cash_deposit,MIXED,0.0,0,7,7,0,0,0,0,0,,True
3401,balance_not_updated_after_cheque_or_cash_deposit,COLLOQUIAL,10.0,1,9,10,0,0,0,0,0,,False
3402,balance_not_updated_after_cheque_or_cash_deposit,COLLOQUIAL,20.0,1,4,5,0,0,0,0,0,,False
3403,balance_not_updated_after_cheque_or_cash_deposit,MIXED,0.0,0,10,10,0,0,0,0,0,,True
3404,balance_not_updated_after_cheque_or_cash_deposit,COLLOQUIAL,16.67,1,5,6,0,0,0,0,0,,False
3405,balance_not_updated_after_cheque_or_cash_deposit,COLLOQUIAL,10.0,1,9,10,0,0,0,0,0,,False
3406,balance_not_updated_after_cheque_or_cash_deposit,MIXED,0.0,0,10,10,0,0,0,0,0,,True
3407,balance_not_updated_after_cheque_or_cash_deposit,COLLOQUIAL,16.67,2,10,12,0,0,0,0,0,,False
3408,balance_not_updated_after_cheque_or_cash_deposit,MIXED,4.35,1,22,23,0,0,0,0,0,,True
3409,balance_not_updated_after_cheque_or_cash_deposit,COLLOQUIAL,7.14,1,13,14,0,0,0,0,0,,False
3410,balance_not_updated_after_cheque_or_cash_deposit,COLLOQUIAL,20.0,2,8,10,0,0,0,0,0,,False
3411,balance_not_updated_after_cheque_or_cash_deposit,COLLOQUIAL,16.67,1,5,6,0,0,0,0,0,,False
3412,balance_not_updated_after_cheque_or_cash_deposit,MIXED,0.0,0,8,8,0,0,0,0,0,,True
3413,balance_not_updated_after_cheque_or_cash_deposit,COLLOQUIAL,15.62,5,27,32,0,0,0,0,0,,False
3414,balance_not_updated_after_cheque_or_cash_deposit,COLLOQUIAL,7.14,1,13,14,0,0,0,0,0,,False
3415,balance_not_updated_after_cheque_or_cash_deposit,COLLOQUIAL,22.22,2,7,9,0,0,0,0,0,,False
3416,balance_not_updated_after_cheque_or_cash_deposit,COLLOQUIAL,5.88,1,16,17,0,0,0,0,0,,False
3417,balance_not_updated_after_cheque_or_cash_deposit,COLLOQUIAL,28.57,2,5,7,0,0,0,0,0,,False
3418,balance_not_updated_after_cheque_or_cash_deposit,COLLOQUIAL,15.38,2,11,13,0,0,0,0,0,,False
3419,balance_not_updated_after_cheque_or_cash_deposit,COLLOQUIAL,18.18,2,9,11,0,0,0,0,0,,False
3420,balance_not_updated_after_cheque_or_cash_deposit,COLLOQUIAL,9.09,1,10,11,0,0,0,0,0,,False
3421,balance_not_updated_after_cheque_or_cash_deposit,COLLOQUIAL,25.0,2,6,8,0,0,0,0,0,,False
3422,balance_not_updated_after_cheque_or_cash_deposit,MIXED,0.0,0,9,9,0,0,0,0,0,,True
3423,balance_not_updated_after_cheque_or_cash_deposit,COLLOQUIAL,9.09,1,10,11,0,0,0,0,0,,False
3424,balance_not_updated_after_cheque_or_cash_deposit,COLLOQUIAL,17.65,3,14,17,0,0,0,0,0,,False
3425,balance_not_updated_after_cheque_or_cash_deposit,COLLOQUIAL,23.08,3,10,13,0,0,0,0,0,,False
3426,balance_not_updated_after_cheque_or_cash_deposit,COLLOQUIAL,7.14,1,13,14,0,0,0,0,0,,False
3427,balance_not_updated_after_cheque_or_cash_deposit,COLLOQUIAL,20.0,2,8,10,0,0,0,0,0,,False
3428,balance_not_updated_after_cheque_or_cash_deposit,COLLOQUIAL,27.27,3,8,11,0,0,0,0,0,,False
3429,balance_not_updated_after_cheque_or_cash_deposit,COLLOQUIAL,23.08,3,10,13,0,0,0,0,0,,False
3430,balance_not_updated_after_cheque_or_cash_deposit,COLLOQUIAL,9.09,1,10,11,0,0,0,0,0,,False
3431,balance_not_updated_after_cheque_or_cash_deposit,COLLOQUIAL,14.29,1,6,7,0,0,0,0,0,,False
3432,balance_not_updated_after_cheque_or_cash_deposit,MIXED,0.0,0,11,11,0,0,0,0,0,,True
3433,balance_not_updated_after_cheque_or_cash_deposit,COLLOQUIAL,10.0,1,9,10,0,0,0,0,0,,False
3434,balance_not_updated_after_cheque_or_cash_deposit,COLLOQUIAL,21.43,3,11,14,0,0,0,0,0,,False
3435,balance_not_updated_after_cheque_or_cash_deposit,COLLOQUIAL,8.7,2,21,23,0,0,0,0,0,,False
3436,balance_not_updated_after_cheque_or_cash_deposit,COLLOQUIAL,12.5,1,7,8,0,0,0,0,0,,False
3437,balance_not_updated_after_cheque_or_cash_deposit,COLLOQUIAL,22.22,2,7,9,0,0,0,0,0,,False
3438,balance_not_updated_after_cheque_or_cash_deposit,COLLOQUIAL,10.0,1,9,10,0,0,0,0,0,,False
3439,balance_not_updated_after_cheque_or_cash_deposit,COLLOQUIAL,16.67,2,10,12,0,0,0,0,0,,False
3440,balance_not_updated_after_cheque_or_cash_deposit,MIXED,0.0,0,10,10,0,0,0,0,0,,True
3441,balance_not_updated_after_cheque_or_cash_deposit,COLLOQUIAL,16.67,2,10,12,0,0,0,0,0,,False
3442,balance_not_updated_after_cheque_or_cash_deposit,MIXED,0.0,0,8,8,0,0,0,0,0,,True
3443,balance_not_updated_after_cheque_or_cash_deposit,MIXED,0.0,0,14,14,0,0,0,0,0,,True
3444,balance_not_updated_after_cheque_or_cash_deposit,COLLOQUIAL,20.0,1,4,5,0,0,0,0,0,,False
3445,balance_not_updated_after_cheque_or_cash_deposit,COLLOQUIAL,9.09,1,10,11,0,0,0,0,0,,False
3446,balance_not_updated_after_cheque_or_cash_deposit,MIXED,0.0,0,14,14,0,0,0,0,0,,True
3447,balance_not_updated_after_cheque_or_cash_deposit,COLLOQUIAL,16.67,3,15,18,0,0,0,0,0,,False
3448,balance_not_updated_after_cheque_or_cash_deposit,COLLOQUIAL,23.08,3,10,13,0,0,0,0,0,,False
3449,balance_not_updated_after_cheque_or_cash_deposit,COLLOQUIAL,11.11,2,16,18,0,0,0,0,0,,False
3450,balance_not_updated_after_cheque_or_cash_deposit,COLLOQUIAL,16.67,1,5,6,0,0,0,0,0,,False
3451,balance_not_updated_after_cheque_or_cash_deposit,COLLOQUIAL,9.09,1,10,11,0,0,0,0,0,,False
3452,balance_not_updated_after_cheque_or_cash_deposit,COLLOQUIAL,10.0,1,9,10,0,0,0,0,0,,False
3453,balance_not_updated_after_cheque_or_cash_deposit,MIXED,0.0,0,11,11,0,0,0,0,0,,True
3454,balance_not_updated_after_cheque_or_cash_deposit,COLLOQUIAL,18.18,2,9,11,0,0,0,0,0,,False
3455,balance_not_updated_after_cheque_or_cash_deposit,COLLOQUIAL,16.67,1,5,6,0,0,0,0,0,,False
3456,balance_not_updated_after_cheque_or_cash_deposit,COLLOQUIAL,17.65,3,14,17,0,0,0,0,0,,False
3457,balance_not_updated_after_cheque_or_cash_deposit,MIXED,0.0,0,9,9,0,0,0,0,0,,True
3458,balance_not_updated_after_cheque_or_cash_deposit,COLLOQUIAL,28.57,2,5,7,0,0,0,0,0,,False
3459,balance_not_updated_after_cheque_or_cash_deposit,COLLOQUIAL,22.22,2,7,9,0,0,0,0,0,,False
3460,balance_not_updated_after_cheque_or_cash_deposit,COLLOQUIAL,5.0,1,19,20,0,0,0,0,0,,False
3461,balance_not_updated_after_cheque_or_cash_deposit,COLLOQUIAL,16.67,1,5,6,0,0,0,0,0,,False
3462,balance_not_updated_after_cheque_or_cash_deposit,COLLOQUIAL,14.29,2,12,14,0,0,0,0,0,,False
3463,balance_not_updated_after_cheque_or_cash_deposit,COLLOQUIAL,11.11,1,8,9,0,0,0,0,0,,False
3464,balance_not_updated_after_cheque_or_cash_deposit,COLLOQUIAL,25.0,3,9,12,0,0,0,0,0,,False
3465,balance_not_updated_after_cheque_or_cash_deposit,COLLOQUIAL,22.22,2,7,9,0,0,0,0,0,,False
3466,balance_not_updated_after_cheque_or_cash_deposit,COLLOQUIAL,12.0,3,22,25,0,0,0,0,0,,False
3467,balance_not_updated_after_cheque_or_cash_deposit,COLLOQUIAL,33.33,2,4,6,0,0,0,0,0,,False
3468,balance_not_updated_after_cheque_or_cash_deposit,MIXED,0.0,0,9,9,0,0,0,0,0,,True
3469,balance_not_updated_after_cheque_or_cash_deposit,COLLOQUIAL,12.5,1,7,8,0,0,0,0,0,,False
3470,balance_not_updated_after_cheque_or_cash_deposit,COLLOQUIAL,16.67,2,10,12,0,0,0,0,0,,False
3471,balance_not_updated_after_cheque_or_cash_deposit,COLLOQUIAL,15.38,2,11,13,0,0,0,0,0,,False
3472,balance_not_updated_after_cheque_or_cash_deposit,MIXED,0.0,0,7,7,0,0,0,0,0,,True
3473,balance_not_updated_after_cheque_or_cash_deposit,COLLOQUIAL,8.33,1,11,12,0,0,0,0,0,,False
3474,balance_not_updated_after_cheque_or_cash_deposit,COLLOQUIAL,16.67,1,5,6,0,0,0,0,0,,False
3475,balance_not_updated_after_cheque_or_cash_deposit,COLLOQUIAL,16.67,1,5,6,0,0,0,0,0,,False
3476,balance_not_updated_after_cheque_or_cash_deposit,MIXED,0.0,0,18,18,0,0,0,0,0,,True
3477,balance_not_updated_after_cheque_or_cash_deposit,COLLOQUIAL,27.27,3,8,11,0,0,0,0,0,,False
3478,balance_not_updated_after_cheque_or_cash_deposit,COLLOQUIAL,12.5,1,7,8,0,0,0,0,0,,False
3479,balance_not_updated_after_cheque_or_cash_deposit,COLLOQUIAL,20.0,2,8,10,0,0,0,0,0,,False
3480,balance_not_updated_after_cheque_or_cash_deposit,MIXED,0.0,0,12,12,0,0,0,0,0,,True
3481,balance_not_updated_after_cheque_or_cash_deposit,COLLOQUIAL,12.5,1,7,8,0,0,0,0,0,,False
3482,card_payment_not_recognised,COLLOQUIAL,14.29,2,12,14,0,0,0,0,0,,False
3483,card_payment_not_recognised,COLLOQUIAL,18.18,2,9,11,0,0,0,0,0,,False
3484,card_payment_not_recognised,COLLOQUIAL,11.76,2,15,17,0,0,0,0,0,,False
3485,card_payment_not_recognised,COLLOQUIAL,30.0,3,7,10,0,0,0,0,0,,False
3486,card_payment_not_recognised,COLLOQUIAL,12.5,1,7,8,0,0,0,0,0,,False
3487,card_payment_not_recognised,COLLOQUIAL,20.0,1,4,5,0,0,0,0,0,,False
3488,card_payment_not_recognised,COLLOQUIAL,7.41,2,25,27,0,0,0,0,0,,False
3489,card_payment_not_recognised,COLLOQUIAL,23.53,4,13,17,0,0,0,0,0,,False
3490,card_payment_not_recognised,COLLOQUIAL,26.32,5,14,19,0,0,0,0,0,,False
3491,card_payment_not_recognised,COLLOQUIAL,27.27,3,8,11,0,0,0,0,0,,False
3492,card_payment_not_recognised,COLLOQUIAL,22.22,2,7,9,0,0,0,0,0,,False
3493,card_payment_not_recognised,COLLOQUIAL,25.0,2,6,8,0,0,0,0,0,,False
3494,card_payment_not_recognised,COLLOQUIAL,28.57,2,5,7,0,0,0,0,0,,False
3495,card_payment_not_recognised,COLLOQUIAL,14.29,1,6,7,0,0,0,0,0,,False
3496,card_payment_not_recognised,COLLOQUIAL,27.27,3,8,11,0,0,0,0,0,,False
3497,card_payment_not_recognised,COLLOQUIAL,10.0,1,9,10,0,0,0,0,0,,False
3498,card_payment_not_recognised,COLLOQUIAL,14.29,1,6,7,0,0,0,0,0,,False
3499,card_payment_not_recognised,COLLOQUIAL,14.29,3,18,21,0,0,0,0,0,,False
3500,card_payment_not_recognised,MIXED,4.17,1,23,24,0,0,0,0,0,,True
3501,card_payment_not_recognised,COLLOQUIAL,20.0,7,28,35,0,0,0,0,0,,False
3502,card_payment_not_recognised,COLLOQUIAL,25.0,2,6,8,0,0,0,0,0,,False
3503,card_payment_not_recognised,COLLOQUIAL,20.0,2,8,10,0,0,0,0,0,,False
3504,card_payment_not_recognised,COLLOQUIAL,28.57,2,5,7,0,0,0,0,0,,False
3505,card_payment_not_recognised,MIXED,0.0,0,10,10,0,0,0,0,0,,True
3506,card_payment_not_recognised,COLLOQUIAL,11.11,1,8,9,0,0,0,0,0,,False
3507,card_payment_not_recognised,COLLOQUIAL,16.67,1,5,6,0,0,0,0,0,,False
3508,card_payment_not_recognised,COLLOQUIAL,25.0,2,6,8,0,0,0,0,0,,False
3509,card_payment_not_recognised,COLLOQUIAL,25.0,2,6,8,0,0,0,0,0,,False
3510,card_payment_not_recognised,COLLOQUIAL,25.0,2,6,8,0,0,0,0,0,,False
3511,card_payment_not_recognised,COLLOQUIAL,14.29,1,6,7,0,0,0,0,0,,False
3512,card_payment_not_recognised,COLLOQUIAL,10.0,1,9,10,0,0,0,0,0,,False
3513,card_payment_not_recognised,COLLOQUIAL,22.22,2,7,9,0,0,0,0,0,,False
3514,card_payment_not_recognised,COLLOQUIAL,5.56,1,17,18,0,0,0,0,0,,False
3515,card_payment_not_recognised,COLLOQUIAL,19.23,5,21,26,0,0,0,0,0,,False
3516,card_payment_not_recognised,COLLOQUIAL,20.0,1,4,5,0,0,0,0,0,,False
3517,card_payment_not_recognised,COLLOQUIAL,33.33,1,2,3,0,0,0,0,0,,False
3518,card_payment_not_recognised,COLLOQUIAL,22.22,2,7,9,0,0,0,0,0,,False
3519,card_payment_not_recognised,COLLOQUIAL,18.75,3,13,16,0,0,0,0,0,,False
3520,card_payment_not_recognised,COLLOQUIAL,25.0,2,6,8,0,0,0,0,0,,False
3521,card_payment_not_recognised,COLLOQUIAL,20.0,1,4,5,0,0,0,0,0,,False
3522,card_payment_not_recognised,COLLOQUIAL,10.0,1,9,10,0,0,0,0,0,,False
3523,card_payment_not_recognised,COLLOQUIAL,12.5,3,21,24,0,0,0,0,0,,False
3524,card_payment_not_recognised,COLLOQUIAL,6.9,2,27,29,0,0,0,0,0,,False
3525,card_payment_not_recognised,MIXED,4.76,1,20,21,0,0,0,0,0,,True
3526,card_payment_not_recognised,COLLOQUIAL,40.0,4,6,10,0,0,0,0,0,,False
3527,card_payment_not_recognised,COLLOQUIAL,12.5,1,7,8,0,0,0,0,0,,False
3528,card_payment_not_recognised,COLLOQUIAL,28.57,2,5,7,0,0,0,0,0,,False
3529,card_payment_not_recognised,COLLOQUIAL,21.05,4,15,19,0,0,0,0,0,,False
3530,card_payment_not_recognised,COLLOQUIAL,33.33,2,4,6,0,0,0,0,0,,False
3531,card_payment_not_recognised,COLLOQUIAL,15.38,2,11,13,0,0,0,0,0,,False
3532,card_payment_not_recognised,COLLOQUIAL,8.7,2,21,23,0,0,0,0,0,,False
3533,card_payment_not_recognised,COLLOQUIAL,18.75,3,13,16,0,0,0,0,0,,False
3534,card_payment_not_recognised,COLLOQUIAL,25.0,2,6,8,0,0,0,0,0,,False
3535,card_payment_not_recognised,MIXED,0.0,0,4,4,0,0,0,0,0,,True
3536,card_payment_not_recognised,COLLOQUIAL,10.0,1,9,10,0,0,0,0,0,,False
3537,card_payment_not_recognised,MIXED,0.0,0,25,25,0,0,0,0,0,,True
3538,card_payment_not_recognised,COLLOQUIAL,14.29,1,6,7,0,0,0,0,0,,False
3539,card_payment_not_recognised,COLLOQUIAL,5.56,1,17,18,0,0,0,0,0,,False
3540,card_payment_not_recognised,COLLOQUIAL,28.57,2,5,7,0,0,0,0,0,,False
3541,card_payment_not_recognised,MIXED,0.0,0,19,19,0,0,0,0,0,,True
3542,card_payment_not_recognised,COLLOQUIAL,10.0,1,9,10,0,0,0,0,0,,False
3543,card_payment_not_recognised,COLLOQUIAL,10.0,1,9,10,0,0,0,0,0,,False
3544,card_payment_not_recognised,COLLOQUIAL,21.43,3,11,14,0,0,0,0,0,,False
3545,card_payment_not_recognised,MIXED,0.0,0,6,6,0,0,0,0,0,,True
3546,card_payment_not_recognised,COLLOQUIAL,6.25,1,15,16,0,0,0,0,0,,False
3547,card_payment_not_recognised,COLLOQUIAL,25.0,2,6,8,0,0,0,0,0,,False
3548,card_payment_not_recognised,MIXED,0.0,0,4,4,0,0,0,0,0,,True
3549,card_payment_not_recognised,COLLOQUIAL,10.0,1,9,10,0,0,0,0,0,,False
3550,card_payment_not_recognised,COLLOQUIAL,16.67,1,5,6,0,0,0,0,0,,False
3551,card_payment_not_recognised,COLLOQUIAL,12.5,1,7,8,0,0,0,0,0,,False
3552,card_payment_not_recognised,COLLOQUIAL,16.67,1,5,6,0,0,0,0,0,,False
3553,card_payment_not_recognised,COLLOQUIAL,20.0,1,4,5,0,0,0,0,0,,False
3554,card_payment_not_recognised,COLLOQUIAL,40.0,2,3,5,0,0,0,0,0,,False
3555,card_payment_not_recognised,COLLOQUIAL,16.67,1,5,6,0,0,0,0,0,,False
3556,card_payment_not_recognised,COLLOQUIAL,33.33,1,2,3,0,0,0,0,0,,False
3557,card_payment_not_recognised,MIXED,0.0,0,23,23,0,0,0,0,0,,True
3558,card_payment_not_recognised,MIXED,0.0,0,14,14,0,0,0,0,0,,True
3559,card_payment_not_recognised,COLLOQUIAL,12.5,1,7,8,0,0,0,0,0,,False
3560,card_payment_not_recognised,COLLOQUIAL,20.0,1,4,5,0,0,0,0,0,,False
3561,card_payment_not_recognised,COLLOQUIAL,12.5,1,7,8,0,0,0,0,0,,False
3562,card_payment_not_recognised,COLLOQUIAL,20.0,2,8,10,0,0,0,0,0,,False
3563,card_payment_not_recognised,COLLOQUIAL,7.69,1,12,13,0,0,0,0,0,,False
3564,card_payment_not_recognised,COLLOQUIAL,5.56,1,17,18,0,0,0,0,0,,False
3565,card_payment_not_recognised,COLLOQUIAL,16.67,1,5,6,0,0,0,0,0,,False
3566,card_payment_not_recognised,MIXED,0.0,0,24,24,0,0,0,0,0,,True
3567,card_payment_not_recognised,COLLOQUIAL,11.11,1,8,9,0,0,0,0,0,,False
3568,card_payment_not_recognised,COLLOQUIAL,8.33,1,11,12,0,0,0,0,0,,False
3569,card_payment_not_recognised,MIXED,0.0,0,15,15,0,0,0,0,0,,True
3570,card_payment_not_recognised,COLLOQUIAL,12.5,1,7,8,0,0,0,0,0,,False
3571,card_payment_not_recognised,COLLOQUIAL,25.0,2,6,8,0,0,0,0,0,,False
3572,card_payment_not_recognised,COLLOQUIAL,14.29,1,6,7,0,0,0,0,0,,False
3573,card_payment_not_recognised,COLLOQUIAL,14.29,1,6,7,0,0,0,0,0,,False
3574,card_payment_not_recognised,MIXED,0.0,0,9,9,0,0,0,0,0,,True
3575,card_payment_not_recognised,MIXED,0.0,0,17,17,0,0,0,0,0,,True
3576,card_payment_not_recognised,COLLOQUIAL,14.29,1,6,7,0,0,0,0,0,,False
3577,card_payment_not_recognised,COLLOQUIAL,16.67,1,5,6,0,0,0,0,0,,False
3578,card_payment_not_recognised,COLLOQUIAL,11.76,2,15,17,0,0,0,0,0,,False
3579,card_payment_not_recognised,COLLOQUIAL,9.09,1,10,11,0,0,0,0,0,,False
3580,card_payment_not_recognised,MIXED,0.0,0,7,7,0,0,0,0,0,,True
3581,card_payment_not_recognised,COLLOQUIAL,33.33,2,4,6,0,0,0,0,0,,False
3582,card_payment_not_recognised,MIXED,0.0,0,4,4,0,0,0,0,0,,True
3583,card_payment_not_recognised,MIXED,0.0,0,4,4,0,0,0,0,0,,True
3584,card_payment_not_recognised,COLLOQUIAL,16.67,1,5,6,0,0,0,0,0,,False
3585,card_payment_not_recognised,MIXED,0.0,0,18,18,0,0,0,0,0,,True
3586,card_payment_not_recognised,MIXED,0.0,0,7,7,0,0,0,0,0,,True
3587,card_payment_not_recognised,MIXED,0.0,0,8,8,0,0,0,0,0,,True
3588,card_payment_not_recognised,COLLOQUIAL,20.0,1,4,5,0,0,0,0,0,,False
3589,card_payment_not_recognised,MIXED,0.0,0,17,17,0,0,0,0,0,,True
3590,card_payment_not_recognised,COLLOQUIAL,12.5,1,7,8,0,0,0,0,0,,False
3591,card_payment_not_recognised,COLLOQUIAL,12.5,2,14,16,0,0,0,0,0,,False
3592,card_payment_not_recognised,COLLOQUIAL,40.0,2,3,5,0,0,0,0,0,,False
3593,card_payment_not_recognised,COLLOQUIAL,22.22,2,7,9,0,0,0,0,0,,False
3594,card_payment_not_recognised,COLLOQUIAL,5.56,1,17,18,0,0,0,0,0,,False
3595,card_payment_not_recognised,COLLOQUIAL,11.11,1,8,9,0,0,0,0,0,,False
3596,card_payment_not_recognised,COLLOQUIAL,14.29,1,6,7,0,0,0,0,0,,False
3597,card_payment_not_recognised,COLLOQUIAL,14.29,2,12,14,0,0,0,0,0,,False
3598,card_payment_not_recognised,COLLOQUIAL,7.69,1,12,13,0,0,0,0,0,,False
3599,card_payment_not_recognised,MIXED,0.0,0,6,6,0,0,0,0,0,,True
3600,card_payment_not_recognised,COLLOQUIAL,6.67,1,14,15,0,0,0,0,0,,False
3601,card_payment_not_recognised,MIXED,0.0,0,9,9,0,0,0,0,0,,True
3602,card_payment_not_recognised,COLLOQUIAL,14.29,1,6,7,0,0,0,0,0,,False
3603,card_payment_not_recognised,COLLOQUIAL,6.67,1,14,15,0,0,0,0,0,,False
3604,card_payment_not_recognised,MIXED,0.0,0,9,9,0,0,0,0,0,,True
3605,card_payment_not_recognised,COLLOQUIAL,16.67,1,5,6,0,0,0,0,0,,False
3606,card_payment_not_recognised,COLLOQUIAL,14.29,1,6,7,0,0,0,0,0,,False
3607,card_payment_not_recognised,MIXED,0.0,0,20,20,0,0,0,0,0,,True
3608,card_payment_not_recognised,MIXED,0.0,0,6,6,0,0,0,0,0,,True
3609,card_payment_not_recognised,COLLOQUIAL,20.0,1,4,5,0,0,0,0,0,,False
3610,card_payment_not_recognised,COLLOQUIAL,8.33,1,11,12,0,0,0,0,0,,False
3611,card_payment_not_recognised,COLLOQUIAL,33.33,2,4,6,0,0,0,0,0,,False
3612,card_payment_not_recognised,COLLOQUIAL,5.26,1,18,19,0,0,0,0,0,,False
3613,card_payment_not_recognised,COLLOQUIAL,7.69,1,12,13,0,0,0,0,0,,False
3614,card_payment_not_recognised,COLLOQUIAL,11.11,1,8,9,0,0,0,0,0,,False
3615,card_payment_not_recognised,COLLOQUIAL,12.5,1,7,8,0,0,0,0,0,,False
3616,card_payment_not_recognised,COLLOQUIAL,25.0,2,6,8,0,0,0,0,0,,False
3617,card_payment_not_recognised,COLLOQUIAL,18.18,2,9,11,0,0,0,0,0,,False
3618,card_payment_not_recognised,COLLOQUIAL,28.57,2,5,7,0,0,0,0,0,,False
3619,card_payment_not_recognised,COLLOQUIAL,14.29,2,12,14,0,0,0,0,0,,False
3620,card_payment_not_recognised,COLLOQUIAL,20.0,4,16,20,0,0,0,0,0,,False
3621,card_payment_not_recognised,COLLOQUIAL,25.0,2,6,8,0,0,0,0,0,,False
3622,card_payment_not_recognised,COLLOQUIAL,22.22,2,7,9,0,0,0,0,0,,False
3623,card_payment_not_recognised,COLLOQUIAL,10.53,2,17,19,0,0,0,0,0,,False
3624,card_payment_not_recognised,COLLOQUIAL,14.29,1,6,7,0,0,0,0,0,,False
3625,card_payment_not_recognised,COLLOQUIAL,20.0,2,8,10,0,0,0,0,0,,False
3626,card_payment_not_recognised,COLLOQUIAL,28.57,2,5,7,0,0,0,0,0,,False
3627,card_payment_not_recognised,COLLOQUIAL,20.0,1,4,5,0,0,0,0,0,,False
3628,card_payment_not_recognised,COLLOQUIAL,28.57,2,5,7,0,0,0,0,0,,False
3629,card_payment_not_recognised,COLLOQUIAL,14.29,1,6,7,0,0,0,0,0,,False
3630,card_payment_not_recognised,COLLOQUIAL,14.29,1,6,7,0,0,0,0,0,,False
3631,card_payment_not_recognised,COLLOQUIAL,20.0,2,8,10,0,0,0,0,0,,False
3632,card_payment_not_recognised,COLLOQUIAL,33.33,2,4,6,0,0,0,0,0,,False
3633,card_payment_not_recognised,COLLOQUIAL,18.75,3,13,16,0,0,0,0,0,,False
3634,card_payment_not_recognised,COLLOQUIAL,11.36,5,39,44,0,0,0,0,0,,False
3635,card_payment_not_recognised,COLLOQUIAL,16.67,2,10,12,0,0,0,0,0,,False
3636,card_payment_not_recognised,COLLOQUIAL,18.18,2,9,11,0,0,0,0,0,,False
3637,card_payment_not_recognised,COLLOQUIAL,10.64,5,42,47,0,0,0,0,0,,False
3638,card_payment_not_recognised,COLLOQUIAL,22.22,2,7,9,0,0,0,0,0,,False
3639,card_payment_not_recognised,COLLOQUIAL,25.0,2,6,8,0,0,0,0,0,,False
3640,card_payment_not_recognised,COLLOQUIAL,13.33,2,13,15,0,0,0,0,0,,False
3641,card_payment_not_recognised,COLLOQUIAL,25.0,2,6,8,0,0,0,0,0,,False
3642,card_payment_not_recognised,COLLOQUIAL,16.67,1,5,6,0,0,0,0,0,,False
3643,card_payment_not_recognised,COLLOQUIAL,25.0,2,6,8,0,0,0,0,0,,False
3644,card_payment_not_recognised,COLLOQUIAL,14.29,3,18,21,0,0,0,0,0,,False
3645,card_payment_not_recognised,COLLOQUIAL,15.38,2,11,13,0,0,0,0,0,,False
3646,card_payment_not_recognised,COLLOQUIAL,18.18,2,9,11,0,0,0,0,0,,False
3647,card_payment_not_recognised,COLLOQUIAL,23.08,3,10,13,0,0,0,0,0,,False
3648,card_payment_not_recognised,COLLOQUIAL,25.0,2,6,8,0,0,0,0,0,,False
3649,card_payment_not_recognised,COLLOQUIAL,25.0,2,6,8,0,0,0,0,0,,False
3650,edit_personal_details,COLLOQUIAL,12.5,1,7,8,0,0,0,0,0,,False
3651,edit_personal_details,MIXED,0.0,0,8,8,0,0,0,0,0,,True
3652,edit_personal_details,COLLOQUIAL,12.5,1,7,8,0,0,0,0,0,,False
3653,edit_personal_details,MIXED,0.0,0,8,8,0,0,0,0,0,,True
3654,edit_personal_details,MIXED,0.0,0,6,6,0,0,0,0,0,,True
3655,edit_personal_details,MIXED,0.0,0,7,7,0,0,0,0,0,,True
3656,edit_personal_details,COLLOQUIAL,28.57,2,5,7,0,0,0,0,0,,False
3657,edit_personal_details,COLLOQUIAL,22.22,2,7,9,0,0,0,0,0,,False
3658,edit_personal_details,MIXED,0.0,0,9,9,0,0,0,0,0,,True
3659,edit_personal_details,COLLOQUIAL,11.11,1,8,9,0,0,0,0,0,,False
3660,edit_personal_details,MIXED,0.0,0,4,4,0,0,0,0,0,,True
3661,edit_personal_details,COLLOQUIAL,50.0,4,4,8,0,0,0,0,0,,False
3662,edit_personal_details,MIXED,0.0,0,4,4,0,0,0,0,0,,True
3663,edit_personal_details,COLLOQUIAL,22.22,2,7,9,0,0,0,0,0,,False
3664,edit_personal_details,COLLOQUIAL,50.0,1,1,2,0,0,0,0,0,,False
3665,edit_personal_details,COLLOQUIAL,33.33,2,4,6,0,0,0,0,0,,False
3666,edit_personal_details,MIXED,0.0,0,9,9,0,0,0,0,0,,True
3667,edit_personal_details,MIXED,0.0,0,6,6,0,0,0,0,0,,True
3668,edit_personal_details,MIXED,0.0,0,10,10,0,0,0,0,0,,True
3669,edit_personal_details,COLLOQUIAL,14.29,1,6,7,0,0,0,0,0,,False
3670,edit_personal_details,COLLOQUIAL,12.5,1,7,8,0,0,0,0,0,,False
3671,edit_personal_details,COLLOQUIAL,40.0,2,3,5,0,0,0,0,0,,False
3672,edit_personal_details,COLLOQUIAL,50.0,2,2,4,0,0,0,0,0,,False
3673,edit_personal_details,MIXED,0.0,0,6,6,0,0,0,0,0,,True
3674,edit_personal_details,COLLOQUIAL,33.33,3,6,9,0,0,0,0,0,,False
3675,edit_personal_details,MIXED,0.0,0,5,5,0,0,0,0,0,,True
3676,edit_personal_details,COLLOQUIAL,28.57,2,5,7,0,0,0,0,0,,False
3677,edit_personal_details,COLLOQUIAL,28.57,2,5,7,0,0,0,0,0,,False
3678,edit_personal_details,COLLOQUIAL,20.0,1,4,5,0,0,0,0,0,,False
3679,edit_personal_details,COLLOQUIAL,40.0,2,3,5,0,0,0,0,0,,False
3680,edit_personal_details,COLLOQUIAL,28.57,2,5,7,0,0,0,0,0,,False
3681,edit_personal_details,MIXED,0.0,0,5,5,0,0,0,0,0,,True
3682,edit_personal_details,MIXED,0.0,0,10,10,0,0,0,0,0,,True
3683,edit_personal_details,MIXED,0.0,0,6,6,0,0,0,0,0,,True
3684,edit_personal_details,COLLOQUIAL,33.33,1,2,3,0,0,0,0,0,,False
3685,edit_personal_details,MIXED,0.0,0,9,9,0,0,0,0,0,,True
3686,edit_personal_details,COLLOQUIAL,20.0,1,4,5,0,0,0,0,0,,False
3687,edit_personal_details,MIXED,0.0,0,5,5,0,0,0,0,0,,True
3688,edit_personal_details,COLLOQUIAL,15.38,2,11,13,0,0,0,0,0,,False
3689,edit_personal_details,MIXED,0.0,0,7,7,0,0,0,0,0,,True
3690,edit_personal_details,COLLOQUIAL,16.67,1,5,6,0,0,0,0,0,,False
3691,edit_personal_details,COLLOQUIAL,40.0,2,3,5,0,0,0,0,0,,False
3692,edit_personal_details,COLLOQUIAL,33.33,3,6,9,0,0,0,0,0,,False
3693,edit_personal_details,MIXED,0.0,0,4,4,0,0,0,0,0,,True
3694,edit_personal_details,COLLOQUIAL,14.29,1,6,7,0,0,0,0,0,,False
3695,edit_personal_details,MIXED,0.0,0,10,10,0,0,0,0,0,,True
3696,edit_personal_details,MIXED,0.0,0,5,5,0,0,0,0,0,,True
3697,edit_personal_details,MIXED,0.0,0,5,5,0,0,0,0,0,,True
3698,edit_personal_details,MIXED,0.0,0,9,9,0,0,0,0,0,,True
3699,edit_personal_details,MIXED,0.0,0,9,9,0,0,0,0,0,,True
3700,edit_personal_details,COLLOQUIAL,25.0,1,3,4,0,0,0,0,0,,False
3701,edit_personal_details,COLLOQUIAL,8.33,1,11,12,0,0,0,0,0,,False
3702,edit_personal_details,MIXED,0.0,0,6,6,0,0,0,0,0,,True
3703,edit_personal_details,MIXED,0.0,0,5,5,0,0,0,0,0,,True
3704,edit_personal_details,MIXED,0.0,0,7,7,0,0,0,0,0,,True
3705,edit_personal_details,MIXED,0.0,0,5,5,0,0,0,0,0,,True
3706,edit_personal_details,COLLOQUIAL,8.33,1,11,12,0,0,0,0,0,,False
3707,edit_personal_details,MIXED,0.0,0,4,4,0,0,0,0,0,,True
3708,edit_personal_details,COLLOQUIAL,14.29,1,6,7,0,0,0,0,0,,False
3709,edit_personal_details,MIXED,0.0,0,5,5,0,0,0,0,0,,True
3710,edit_personal_details,MIXED,0.0,0,8,8,0,0,0,0,0,,True
3711,edit_personal_details,COLLOQUIAL,16.67,1,5,6,0,0,0,0,0,,False
3712,edit_personal_details,MIXED,0.0,0,12,12,0,0,0,0,0,,True
3713,edit_personal_details,MIXED,0.0,0,5,5,0,0,0,0,0,,True
3714,edit_personal_details,MIXED,0.0,0,7,7,0,0,0,0,0,,True
3715,edit_personal_details,MIXED,0.0,0,7,7,0,0,0,0,0,,True
3716,edit_personal_details,MIXED,0.0,0,4,4,0,0,0,0,0,,True
3717,edit_personal_details,MIXED,0.0,0,6,6,0,0,0,0,0,,True
3718,edit_personal_details,MIXED,0.0,0,7,7,0,0,0,0,0,,True
3719,edit_personal_details,MIXED,0.0,0,6,6,0,0,0,0,0,,True
3720,edit_personal_details,MIXED,0.0,0,8,8,0,0,0,0,0,,True
3721,edit_personal_details,MIXED,0.0,0,5,5,0,0,0,0,0,,True
3722,edit_personal_details,COLLOQUIAL,18.18,2,9,11,0,0,0,0,0,,False
3723,edit_personal_details,MIXED,0.0,0,4,4,0,0,0,0,0,,True
3724,edit_personal_details,MIXED,0.0,0,11,11,0,0,0,0,0,,True
3725,edit_personal_details,MIXED,0.0,0,9,9,0,0,0,0,0,,True
3726,edit_personal_details,COLLOQUIAL,10.0,1,9,10,0,0,0,0,0,,False
3727,edit_personal_details,MIXED,0.0,0,6,6,0,0,0,0,0,,True
3728,edit_personal_details,MIXED,0.0,0,7,7,0,0,0,0,0,,True
3729,edit_personal_details,MIXED,0.0,0,8,8,0,0,0,0,0,,True
3730,edit_personal_details,MIXED,0.0,0,10,10,0,0,0,0,0,,True
3731,edit_personal_details,COLLOQUIAL,20.0,1,4,5,0,0,0,0,0,,False
3732,edit_personal_details,MIXED,0.0,0,9,9,0,0,0,0,0,,True
3733,edit_personal_details,COLLOQUIAL,16.67,1,5,6,0,0,0,0,0,,False
3734,edit_personal_details,COLLOQUIAL,16.67,1,5,6,0,0,0,0,0,,False
3735,edit_personal_details,MIXED,0.0,0,5,5,0,0,0,0,0,,True
3736,edit_personal_details,MIXED,0.0,0,5,5,0,0,0,0,0,,True
3737,edit_personal_details,MIXED,0.0,0,6,6,0,0,0,0,0,,True
3738,edit_personal_details,MIXED,0.0,0,4,4,0,0,0,0,0,,True
3739,edit_personal_details,MIXED,0.0,0,5,5,0,0,0,0,0,,True
3740,edit_personal_details,COLLOQUIAL,33.33,4,8,12,0,0,0,0,0,,False
3741,edit_personal_details,MIXED,0.0,0,7,7,0,0,0,0,0,,True
3742,edit_personal_details,MIXED,0.0,0,6,6,0,0,0,0,0,,True
3743,edit_personal_details,MIXED,0.0,0,6,6,0,0,0,0,0,,True
3744,edit_personal_details,COLLOQUIAL,11.11,1,8,9,0,0,0,0,0,,False
3745,edit_personal_details,MIXED,0.0,0,7,7,0,0,0,0,0,,True
3746,edit_personal_details,MIXED,0.0,0,8,8,0,0,0,0,0,,True
3747,edit_personal_details,COLLOQUIAL,12.5,1,7,8,0,0,0,0,0,,False
3748,edit_personal_details,MIXED,0.0,0,6,6,0,0,0,0,0,,True
3749,edit_personal_details,MIXED,0.0,0,8,8,0,0,0,0,0,,True
3750,edit_personal_details,MIXED,0.0,0,6,6,0,0,0,0,0,,True
3751,edit_personal_details,MIXED,0.0,0,7,7,0,0,0,0,0,,True
3752,edit_personal_details,MIXED,0.0,0,6,6,0,0,0,0,0,,True
3753,edit_personal_details,COLLOQUIAL,14.29,1,6,7,0,0,0,0,0,,False
3754,edit_personal_details,MIXED,0.0,0,4,4,0,0,0,0,0,,True
3755,edit_personal_details,MIXED,0.0,0,7,7,0,0,0,0,0,,True
3756,edit_personal_details,MIXED,0.0,0,6,6,0,0,0,0,0,,True
3757,edit_personal_details,COLLOQUIAL,33.33,2,4,6,0,0,0,0,0,,False
3758,edit_personal_details,MIXED,0.0,0,6,6,0,0,0,0,0,,True
3759,edit_personal_details,MIXED,0.0,0,8,8,0,0,0,0,0,,True
3760,edit_personal_details,MIXED,0.0,0,5,5,0,0,0,0,0,,True
3761,edit_personal_details,COLLOQUIAL,9.09,1,10,11,0,0,0,0,0,,False
3762,edit_personal_details,MIXED,0.0,0,5,5,0,0,0,0,0,,True
3763,edit_personal_details,MIXED,0.0,0,7,7,0,0,0,0,0,,True
3764,edit_personal_details,COLLOQUIAL,14.29,1,6,7,0,0,0,0,0,,False
3765,edit_personal_details,COLLOQUIAL,14.29,1,6,7,0,0,0,0,0,,False
3766,edit_personal_details,MIXED,0.0,0,5,5,0,0,0,0,0,,True
3767,edit_personal_details,MIXED,0.0,0,7,7,0,0,0,0,0,,True
3768,edit_personal_details,COLLOQUIAL,16.67,1,5,6,0,0,0,0,0,,False
3769,edit_personal_details,COLLOQUIAL,25.0,1,3,4,0,0,0,0,0,,False
3770,edit_personal_details,COLLOQUIAL,12.5,1,7,8,0,0,0,0,0,,False
3771,why_verify_identity,COLLOQUIAL,20.0,1,4,5,0,0,0,0,0,,False
3772,why_verify_identity,COLLOQUIAL,14.29,1,6,7,0,0,0,0,0,,False
3773,why_verify_identity,COLLOQUIAL,9.09,1,10,11,0,0,0,0,0,,False
3774,why_verify_identity,MIXED,0.0,0,5,5,0,0,0,0,0,,True
3775,why_verify_identity,COLLOQUIAL,7.69,1,12,13,0,0,0,0,0,,False
3776,why_verify_identity,COLLOQUIAL,20.0,1,4,5,0,0,0,0,0,,False
3777,why_verify_identity,COLLOQUIAL,20.0,2,8,10,0,0,0,0,0,,False
3778,why_verify_identity,COLLOQUIAL,16.67,1,5,6,0,0,0,0,0,,False
3779,why_verify_identity,COLLOQUIAL,12.5,1,7,8,0,0,0,0,0,,False
3780,why_verify_identity,COLLOQUIAL,14.29,1,6,7,0,0,0,0,0,,False
3781,why_verify_identity,COLLOQUIAL,33.33,2,4,6,0,0,0,0,0,,False
3782,why_verify_identity,MIXED,0.0,0,4,4,0,0,0,0,0,,True
3783,why_verify_identity,MIXED,0.0,0,4,4,0,0,0,0,0,,True
3784,why_verify_identity,MIXED,0.0,0,7,7,0,0,0,0,0,,True
3785,why_verify_identity,MIXED,0.0,0,4,4,0,0,0,0,0,,True
3786,why_verify_identity,COLLOQUIAL,11.11,1,8,9,0,0,0,0,0,,False
3787,why_verify_identity,COLLOQUIAL,10.0,1,9,10,0,0,0,0,0,,False
3788,why_verify_identity,MIXED,0.0,0,5,5,0,0,0,0,0,,True
3789,why_verify_identity,COLLOQUIAL,26.67,4,11,15,0,0,0,0,0,,False
3790,why_verify_identity,COLLOQUIAL,20.0,1,4,5,0,0,0,0,0,,False
3791,why_verify_identity,COLLOQUIAL,20.0,2,8,10,0,0,0,0,0,,False
3792,why_verify_identity,COLLOQUIAL,20.0,1,4,5,0,0,0,0,0,,False
3793,why_verify_identity,COLLOQUIAL,8.33,1,11,12,0,0,0,0,0,,False
3794,why_verify_identity,COLLOQUIAL,14.29,1,6,7,0,0,0,0,0,,False
3795,why_verify_identity,COLLOQUIAL,14.29,1,6,7,0,0,0,0,0,,False
3796,why_verify_identity,COLLOQUIAL,14.29,1,6,7,0,0,0,0,0,,False
3797,why_verify_identity,MIXED,0.0,0,8,8,0,0,0,0,0,,True
3798,why_verify_identity,COLLOQUIAL,14.29,1,6,7,0,0,0,0,0,,False
3799,why_verify_identity,MIXED,0.0,0,8,8,0,0,0,0,0,,True
3800,why_verify_identity,MIXED,0.0,0,6,6,0,0,0,0,0,,True
3801,why_verify_identity,COLLOQUIAL,9.09,1,10,11,0,0,0,0,0,,False
3802,why_verify_identity,COLLOQUIAL,16.67,1,5,6,0,0,0,0,0,,False
3803,why_verify_identity,COLLOQUIAL,16.67,1,5,6,0,0,0,0,0,,False
3804,why_verify_identity,COLLOQUIAL,16.67,1,5,6,0,0,0,0,0,,False
3805,why_verify_identity,COLLOQUIAL,8.33,1,11,12,0,0,0,0,0,,False
3806,why_verify_identity,COLLOQUIAL,16.67,1,5,6,0,0,0,0,0,,False
3807,why_verify_identity,COLLOQUIAL,14.29,1,6,7,0,0,0,0,0,,False
3808,why_verify_identity,COLLOQUIAL,7.69,1,12,13,0,0,0,0,0,,False
3809,why_verify_identity,MIXED,0.0,0,4,4,0,0,0,0,0,,True
3810,why_verify_identity,COLLOQUIAL,16.67,1,5,6,0,0,0,0,0,,False
3811,why_verify_identity,MIXED,0.0,0,5,5,0,0,0,0,0,,True
3812,why_verify_identity,COLLOQUIAL,8.33,1,11,12,0,0,0,0,0,,False
3813,why_verify_identity,COLLOQUIAL,10.0,1,9,10,0,0,0,0,0,,False
3814,why_verify_identity,COLLOQUIAL,12.5,1,7,8,0,0,0,0,0,,False
3815,why_verify_identity,COLLOQUIAL,16.67,1,5,6,0,0,0,0,0,,False
3816,why_verify_identity,COLLOQUIAL,10.0,1,9,10,0,0,0,0,0,,False
3817,why_verify_identity,MIXED,0.0,0,6,6,0,0,0,0,0,,True
3818,why_verify_identity,COLLOQUIAL,20.0,2,8,10,0,0,0,0,0,,False
3819,why_verify_identity,COLLOQUIAL,16.67,2,10,12,0,0,0,0,0,,False
3820,why_verify_identity,COLLOQUIAL,12.5,1,7,8,0,0,0,0,0,,False
3821,why_verify_identity,COLLOQUIAL,14.29,1,6,7,0,0,0,0,0,,False
3822,why_verify_identity,COLLOQUIAL,8.33,1,11,12,0,0,0,0,0,,False
3823,why_verify_identity,COLLOQUIAL,16.67,2,10,12,0,0,0,0,0,,False
3824,why_verify_identity,COLLOQUIAL,8.33,1,11,12,0,0,0,0,0,,False
3825,why_verify_identity,MIXED,0.0,0,6,6,0,0,0,0,0,,True
3826,why_verify_identity,MIXED,0.0,0,7,7,0,0,0,0,0,,True
3827,why_verify_identity,COLLOQUIAL,40.0,2,3,5,0,0,0,0,0,,False
3828,why_verify_identity,COLLOQUIAL,16.67,1,5,6,0,0,0,0,0,,False
3829,why_verify_identity,COLLOQUIAL,20.0,2,8,10,0,0,0,0,0,,False
3830,why_verify_identity,MIXED,0.0,0,7,7,0,0,0,0,0,,True
3831,why_verify_identity,COLLOQUIAL,14.29,1,6,7,0,0,0,0,0,,False
3832,why_verify_identity,COLLOQUIAL,16.67,1,5,6,0,0,0,0,0,,False
3833,why_verify_identity,COLLOQUIAL,9.09,1,10,11,0,0,0,0,0,,False
3834,why_verify_identity,COLLOQUIAL,14.29,1,6,7,0,0,0,0,0,,False
3835,why_verify_identity,COLLOQUIAL,25.0,1,3,4,0,0,0,0,0,,False
3836,why_verify_identity,COLLOQUIAL,25.0,1,3,4,0,0,0,0,0,,False
3837,why_verify_identity,COLLOQUIAL,12.5,1,7,8,0,0,0,0,0,,False
3838,why_verify_identity,COLLOQUIAL,20.0,1,4,5,0,0,0,0,0,,False
3839,why_verify_identity,COLLOQUIAL,10.0,1,9,10,0,0,0,0,0,,False
3840,why_verify_identity,COLLOQUIAL,15.38,2,11,13,0,0,0,0,0,,False
3841,why_verify_identity,COLLOQUIAL,16.67,1,5,6,0,0,0,0,0,,False
3842,why_verify_identity,COLLOQUIAL,14.29,1,6,7,0,0,0,0,0,,False
3843,why_verify_identity,MIXED,0.0,0,4,4,0,0,0,0,0,,True
3844,why_verify_identity,COLLOQUIAL,10.0,1,9,10,0,0,0,0,0,,False
3845,why_verify_identity,COLLOQUIAL,18.18,2,9,11,0,0,0,0,0,,False
3846,why_verify_identity,COLLOQUIAL,9.09,1,10,11,0,0,0,0,0,,False
3847,why_verify_identity,COLLOQUIAL,12.5,1,7,8,0,0,0,0,0,,False
3848,why_verify_identity,COLLOQUIAL,25.0,1,3,4,0,0,0,0,0,,False
3849,why_verify_identity,MIXED,0.0,0,7,7,0,0,0,0,0,,True
3850,why_verify_identity,COLLOQUIAL,11.11,1,8,9,0,0,0,0,0,,False
3851,why_verify_identity,COLLOQUIAL,20.0,1,4,5,0,0,0,0,0,,False
3852,why_verify_identity,COLLOQUIAL,33.33,2,4,6,0,0,0,0,0,,False
3853,why_verify_identity,COLLOQUIAL,12.5,1,7,8,0,0,0,0,0,,False
3854,why_verify_identity,COLLOQUIAL,25.0,2,6,8,0,0,0,0,0,,False
3855,why_verify_identity,COLLOQUIAL,16.67,1,5,6,0,0,0,0,0,,False
3856,why_verify_identity,COLLOQUIAL,16.67,1,5,6,0,0,0,0,0,,False
3857,why_verify_identity,COLLOQUIAL,16.67,1,5,6,0,0,0,0,0,,False
3858,why_verify_identity,COLLOQUIAL,20.0,1,4,5,0,0,0,0,0,,False
3859,why_verify_identity,MIXED,0.0,0,5,5,0,0,0,0,0,,True
3860,why_verify_identity,COLLOQUIAL,12.5,1,7,8,0,0,0,0,0,,False
3861,why_verify_identity,MIXED,0.0,0,6,6,0,0,0,0,0,,True
3862,why_verify_identity,COLLOQUIAL,37.5,3,5,8,0,0,0,0,0,,False
3863,why_verify_identity,COLLOQUIAL,14.29,1,6,7,0,0,0,0,0,,False
3864,why_verify_identity,COLLOQUIAL,20.0,1,4,5,0,0,0,0,0,,False
3865,why_verify_identity,COLLOQUIAL,16.67,1,5,6,0,0,0,0,0,,False
3866,why_verify_identity,COLLOQUIAL,9.09,1,10,11,0,0,0,0,0,,False
3867,why_verify_identity,COLLOQUIAL,20.0,1,4,5,0,0,0,0,0,,False
3868,why_verify_identity,MIXED,0.0,0,7,7,0,0,0,0,0,,True
3869,why_verify_identity,COLLOQUIAL,14.29,1,6,7,0,0,0,0,0,,False
3870,why_verify_identity,COLLOQUIAL,11.11,1,8,9,0,0,0,0,0,,False
3871,why_verify_identity,COLLOQUIAL,20.0,2,8,10,0,0,0,0,0,,False
3872,why_verify_identity,COLLOQUIAL,10.0,1,9,10,0,0,0,0,0,,False
3873,why_verify_identity,COLLOQUIAL,25.0,1,3,4,0,0,0,0,0,,False
3874,why_verify_identity,COLLOQUIAL,16.67,1,5,6,0,0,0,0,0,,False
3875,why_verify_identity,COLLOQUIAL,16.67,1,5,6,0,0,0,0,0,,False
3876,why_verify_identity,COLLOQUIAL,16.67,2,10,12,0,0,0,0,0,,False
3877,why_verify_identity,COLLOQUIAL,33.33,1,2,3,0,0,0,0,0,,False
3878,why_verify_identity,COLLOQUIAL,11.11,1,8,9,0,0,0,0,0,,False
3879,why_verify_identity,COLLOQUIAL,12.5,1,7,8,0,0,0,0,0,,False
3880,why_verify_identity,MIXED,0.0,0,10,10,0,0,0,0,0,,True
3881,why_verify_identity,MIXED,0.0,0,5,5,0,0,0,0,0,,True
3882,why_verify_identity,COLLOQUIAL,16.67,1,5,6,0,0,0,0,0,,False
3883,why_verify_identity,MIXED,0.0,0,4,4,0,0,0,0,0,,True
3884,why_verify_identity,COLLOQUIAL,16.67,1,5,6,0,0,0,0,0,,False
3885,why_verify_identity,MIXED,0.0,0,8,8,0,0,0,0,0,,True
3886,why_verify_identity,COLLOQUIAL,20.0,1,4,5,0,0,0,0,0,,False
3887,why_verify_identity,MIXED,0.0,0,9,9,0,0,0,0,0,,True
3888,why_verify_identity,COLLOQUIAL,11.11,1,8,9,0,0,0,0,0,,False
3889,why_verify_identity,MIXED,0.0,0,3,3,0,0,0,0,0,,True
3890,why_verify_identity,COLLOQUIAL,14.29,1,6,7,0,0,0,0,0,,False
3891,why_verify_identity,COLLOQUIAL,11.11,1,8,9,0,0,0,0,0,,False
3892,unable_to_verify_identity,COLLOQUIAL,12.5,1,7,8,0,0,0,0,0,,False
3893,unable_to_verify_identity,MIXED,0.0,0,5,5,0,0,0,0,0,,True
3894,unable_to_verify_identity,MIXED,0.0,0,13,13,0,0,0,0,0,,True
3895,unable_to_verify_identity,COLLOQUIAL,12.5,1,7,8,0,0,0,0,0,,False
3896,unable_to_verify_identity,COLLOQUIAL,14.29,1,6,7,0,0,0,0,0,,False
3897,unable_to_verify_identity,COLLOQUIAL,28.57,2,5,7,0,0,0,0,0,,False
3898,unable_to_verify_identity,COLLOQUIAL,28.57,2,5,7,0,0,0,0,0,,False
3899,unable_to_verify_identity,COLLOQUIAL,28.57,2,5,7,0,0,0,0,0,,False
3900,unable_to_verify_identity,MIXED,0.0,0,7,7,0,0,0,0,0,,True
3901,unable_to_verify_identity,COLLOQUIAL,20.0,1,4,5,0,0,0,0,0,,False
3902,unable_to_verify_identity,COLLOQUIAL,11.11,1,8,9,0,0,0,0,0,,False
3903,unable_to_verify_identity,COLLOQUIAL,28.57,2,5,7,0,0,0,0,0,,False
3904,unable_to_verify_identity,COLLOQUIAL,20.0,1,4,5,0,0,0,0,0,,False
3905,unable_to_verify_identity,COLLOQUIAL,6.12,3,46,49,0,0,0,0,0,,False
3906,unable_to_verify_identity,MIXED,0.0,0,7,7,0,0,0,0,0,,True
3907,unable_to_verify_identity,COLLOQUIAL,25.0,1,3,4,0,0,0,0,0,,False
3908,unable_to_verify_identity,COLLOQUIAL,28.57,2,5,7,0,0,0,0,0,,False
3909,unable_to_verify_identity,MIXED,0.0,0,6,6,0,0,0,0,0,,True
3910,unable_to_verify_identity,COLLOQUIAL,8.16,4,45,49,0,0,0,0,0,,False
3911,unable_to_verify_identity,MIXED,0.0,0,5,5,0,0,0,0,0,,True
3912,unable_to_verify_identity,COLLOQUIAL,16.67,1,5,6,0,0,0,0,0,,False
3913,unable_to_verify_identity,MIXED,0.0,0,7,7,0,0,0,0,0,,True
3914,unable_to_verify_identity,COLLOQUIAL,12.5,1,7,8,0,0,0,0,0,,False
3915,unable_to_verify_identity,MIXED,0.0,0,6,6,0,0,0,0,0,,True
3916,unable_to_verify_identity,COLLOQUIAL,28.57,2,5,7,0,0,0,0,0,,False
3917,unable_to_verify_identity,COLLOQUIAL,5.56,3,51,54,0,0,0,0,0,,False
3918,unable_to_verify_identity,COLLOQUIAL,16.67,1,5,6,0,0,0,0,0,,False
3919,unable_to_verify_identity,COLLOQUIAL,20.0,1,4,5,0,0,0,0,0,,False
3920,unable_to_verify_identity,COLLOQUIAL,16.67,1,5,6,0,0,0,0,0,,False
3921,unable_to_verify_identity,MIXED,0.0,0,8,8,0,0,0,0,0,,True
3922,unable_to_verify_identity,COLLOQUIAL,14.29,1,6,7,0,0,0,0,0,,False
3923,unable_to_verify_identity,COLLOQUIAL,16.67,1,5,6,0,0,0,0,0,,False
3924,unable_to_verify_identity,MIXED,0.0,0,6,6,0,0,0,0,0,,True
3925,unable_to_verify_identity,MIXED,0.0,0,4,4,0,0,0,0,0,,True
3926,unable_to_verify_identity,MIXED,0.0,0,6,6,0,0,0,0,0,,True
3927,unable_to_verify_identity,COLLOQUIAL,25.0,1,3,4,0,0,0,0,0,,False
3928,unable_to_verify_identity,COLLOQUIAL,12.5,1,7,8,0,0,0,0,0,,False
3929,unable_to_verify_identity,COLLOQUIAL,20.0,1,4,5,0,0,0,0,0,,False
3930,unable_to_verify_identity,MIXED,0.0,0,8,8,0,0,0,0,0,,True
3931,unable_to_verify_identity,COLLOQUIAL,14.29,1,6,7,0,0,0,0,0,,False
3932,unable_to_verify_identity,COLLOQUIAL,9.09,4,40,44,0,0,0,0,0,,False
3933,unable_to_verify_identity,COLLOQUIAL,14.29,1,6,7,0,0,0,0,0,,False
3934,unable_to_verify_identity,COLLOQUIAL,5.26,3,54,57,0,0,0,0,0,,False
3935,unable_to_verify_identity,MIXED,0.0,0,7,7,0,0,0,0,0,,True
3936,unable_to_verify_identity,MIXED,0.0,0,6,6,0,0,0,0,0,,True
3937,unable_to_verify_identity,COLLOQUIAL,25.0,2,6,8,0,0,0,0,0,,False
3938,unable_to_verify_identity,MIXED,0.0,0,7,7,0,0,0,0,0,,True
3939,unable_to_verify_identity,COLLOQUIAL,20.0,1,4,5,0,0,0,0,0,,False
3940,unable_to_verify_identity,COLLOQUIAL,14.29,1,6,7,0,0,0,0,0,,False
3941,unable_to_verify_identity,MIXED,0.0,0,7,7,0,0,0,0,0,,True
3942,unable_to_verify_identity,COLLOQUIAL,12.5,1,7,8,0,0,0,0,0,,False
3943,unable_to_verify_identity,COLLOQUIAL,28.57,2,5,7,0,0,0,0,0,,False
3944,unable_to_verify_identity,MIXED,0.0,0,8,8,0,0,0,0,0,,True
3945,unable_to_verify_identity,COLLOQUIAL,16.67,1,5,6,0,0,0,0,0,,False
3946,unable_to_verify_identity,COLLOQUIAL,14.29,1,6,7,0,0,0,0,0,,False
3947,unable_to_verify_identity,COLLOQUIAL,14.29,1,6,7,0,0,0,0,0,,False
3948,unable_to_verify_identity,MIXED,0.0,0,8,8,0,0,0,0,0,,True
3949,unable_to_verify_identity,COLLOQUIAL,10.0,1,9,10,0,0,0,0,0,,False
3950,unable_to_verify_identity,MIXED,0.0,0,6,6,0,0,0,0,0,,True
3951,unable_to_verify_identity,COLLOQUIAL,22.22,2,7,9,0,0,0,0,0,,False
3952,unable_to_verify_identity,COLLOQUIAL,40.0,2,3,5,0,0,0,0,0,,False
3953,unable_to_verify_identity,COLLOQUIAL,12.5,1,7,8,0,0,0,0,0,,False
3954,unable_to_verify_identity,COLLOQUIAL,10.0,1,9,10,0,0,0,0,0,,False
3955,unable_to_verify_identity,COLLOQUIAL,16.67,1,5,6,0,0,0,0,0,,False
3956,unable_to_verify_identity,COLLOQUIAL,25.0,2,6,8,0,0,0,0,0,,False
3957,unable_to_verify_identity,COLLOQUIAL,14.29,1,6,7,0,0,0,0,0,,False
3958,unable_to_verify_identity,COLLOQUIAL,12.5,1,7,8,0,0,0,0,0,,False
3959,unable_to_verify_identity,MIXED,0.0,0,8,8,0,0,0,0,0,,True
3960,unable_to_verify_identity,COLLOQUIAL,28.57,2,5,7,0,0,0,0,0,,False
3961,unable_to_verify_identity,MIXED,0.0,0,7,7,0,0,0,0,0,,True
3962,unable_to_verify_identity,COLLOQUIAL,16.67,1,5,6,0,0,0,0,0,,False
3963,unable_to_verify_identity,COLLOQUIAL,14.29,1,6,7,0,0,0,0,0,,False
3964,unable_to_verify_identity,COLLOQUIAL,12.5,1,7,8,0,0,0,0,0,,False
3965,unable_to_verify_identity,MIXED,0.0,0,7,7,0,0,0,0,0,,True
3966,unable_to_verify_identity,COLLOQUIAL,20.0,1,4,5,0,0,0,0,0,,False
3967,unable_to_verify_identity,COLLOQUIAL,14.29,1,6,7,0,0,0,0,0,,False
3968,unable_to_verify_identity,MIXED,0.0,0,5,5,0,0,0,0,0,,True
3969,unable_to_verify_identity,COLLOQUIAL,14.29,1,6,7,0,0,0,0,0,,False
3970,unable_to_verify_identity,COLLOQUIAL,11.11,1,8,9,0,0,0,0,0,,False
3971,unable_to_verify_identity,MIXED,0.0,0,8,8,0,0,0,0,0,,True
3972,unable_to_verify_identity,COLLOQUIAL,28.57,2,5,7,0,0,0,0,0,,False
3973,unable_to_verify_identity,COLLOQUIAL,14.29,1,6,7,0,0,0,0,0,,False
3974,unable_to_verify_identity,COLLOQUIAL,20.0,1,4,5,0,0,0,0,0,,False
3975,unable_to_verify_identity,COLLOQUIAL,16.67,1,5,6,0,0,0,0,0,,False
3976,unable_to_verify_identity,COLLOQUIAL,14.29,1,6,7,0,0,0,0,0,,False
3977,unable_to_verify_identity,MIXED,0.0,0,7,7,0,0,0,0,0,,True
3978,unable_to_verify_identity,COLLOQUIAL,28.57,2,5,7,0,0,0,0,0,,False
3979,unable_to_verify_identity,COLLOQUIAL,28.57,2,5,7,0,0,0,0,0,,False
3980,unable_to_verify_identity,COLLOQUIAL,14.29,1,6,7,0,0,0,0,0,,False
3981,unable_to_verify_identity,COLLOQUIAL,25.0,3,9,12,0,0,0,0,0,,False
3982,unable_to_verify_identity,COLLOQUIAL,14.29,2,12,14,0,0,0,0,0,,False
3983,unable_to_verify_identity,COLLOQUIAL,12.5,1,7,8,0,0,0,0,0,,False
3984,unable_to_verify_identity,MIXED,0.0,0,5,5,0,0,0,0,0,,True
3985,unable_to_verify_identity,COLLOQUIAL,14.29,1,6,7,0,0,0,0,0,,False
3986,unable_to_verify_identity,COLLOQUIAL,7.14,1,13,14,0,0,0,0,0,,False
3987,unable_to_verify_identity,COLLOQUIAL,14.29,1,6,7,0,0,0,0,0,,False
3988,unable_to_verify_identity,COLLOQUIAL,40.0,2,3,5,0,0,0,0,0,,False
3989,unable_to_verify_identity,MIXED,0.0,0,7,7,0,0,0,0,0,,True
3990,unable_to_verify_identity,COLLOQUIAL,16.67,1,5,6,0,0,0,0,0,,False
3991,unable_to_verify_identity,COLLOQUIAL,14.29,1,6,7,0,0,0,0,0,,False
3992,unable_to_verify_identity,COLLOQUIAL,14.29,2,12,14,0,0,0,0,0,,False
3993,unable_to_verify_identity,MIXED,0.0,0,6,6,0,0,0,0,0,,True
3994,get_physical_card,COLLOQUIAL,9.09,1,10,11,0,0,0,0,0,,False
3995,get_physical_card,COLLOQUIAL,25.0,1,3,4,0,0,0,0,0,,False
3996,get_physical_card,COLLOQUIAL,14.29,1,6,7,0,0,0,0,0,,False
3997,get_physical_card,COLLOQUIAL,18.18,2,9,11,0,0,0,0,0,,False
3998,get_physical_card,COLLOQUIAL,50.0,2,2,4,0,0,0,0,0,,False
3999,get_physical_card,COLLOQUIAL,28.57,2,5,7,0,0,0,0,0,,False
4000,get_physical_card,COLLOQUIAL,33.33,1,2,3,0,0,0,0,0,,False
4001,get_physical_card,COLLOQUIAL,25.0,1,3,4,0,0,0,0,0,,False
4002,get_physical_card,COLLOQUIAL,50.0,2,2,4,0,0,0,0,0,,False
4003,get_physical_card,COLLOQUIAL,50.0,1,1,2,0,0,0,0,0,,False
4004,get_physical_card,COLLOQUIAL,25.0,1,3,4,0,0,0,0,0,,False
4005,get_physical_card,COLLOQUIAL,20.0,1,4,5,0,0,0,0,0,,False
4006,get_physical_card,COLLOQUIAL,14.29,1,6,7,0,0,0,0,0,,False
4007,get_physical_card,COLLOQUIAL,16.67,1,5,6,0,0,0,0,0,,False
4008,get_physical_card,COLLOQUIAL,14.29,1,6,7,0,0,0,0,0,,False
4009,get_physical_card,COLLOQUIAL,25.0,1,3,4,0,0,0,0,0,,False
4010,get_physical_card,COLLOQUIAL,16.67,1,5,6,0,0,0,0,0,,False
4011,get_physical_card,COLLOQUIAL,14.29,1,6,7,0,0,0,0,0,,False
4012,get_physical_card,COLLOQUIAL,25.0,1,3,4,0,0,0,0,0,,False
4013,get_physical_card,MIXED,0.0,0,4,4,0,0,0,0,0,,True
4014,get_physical_card,COLLOQUIAL,20.0,1,4,5,0,0,0,0,0,,False
4015,get_physical_card,COLLOQUIAL,25.0,1,3,4,0,0,0,0,0,,False
4016,get_physical_card,COLLOQUIAL,16.67,1,5,6,0,0,0,0,0,,False
4017,get_physical_card,COLLOQUIAL,40.0,2,3,5,0,0,0,0,0,,False
4018,get_physical_card,COLLOQUIAL,16.67,1,5,6,0,0,0,0,0,,False
4019,get_physical_card,MIXED,0.0,0,8,8,0,0,0,0,0,,True
4020,get_physical_card,COLLOQUIAL,50.0,2,2,4,0,0,0,0,0,,False
4021,get_physical_card,COLLOQUIAL,16.67,1,5,6,0,0,0,0,0,,False
4022,get_physical_card,COLLOQUIAL,20.0,1,4,5,0,0,0,0,0,,False
4023,get_physical_card,COLLOQUIAL,22.22,2,7,9,0,0,0,0,0,,False
4024,get_physical_card,COLLOQUIAL,14.29,1,6,7,0,0,0,0,0,,False
4025,get_physical_card,MIXED,0.0,0,5,5,0,0,0,0,0,,True
4026,get_physical_card,COLLOQUIAL,20.0,1,4,5,0,0,0,0,0,,False
4027,get_physical_card,COLLOQUIAL,20.0,1,4,5,0,0,0,0,0,,False
4028,get_physical_card,COLLOQUIAL,40.0,2,3,5,0,0,0,0,0,,False
4029,get_physical_card,COLLOQUIAL,25.0,1,3,4,0,0,0,0,0,,False
4030,get_physical_card,MIXED,0.0,0,4,4,0,0,0,0,0,,True
4031,get_physical_card,COLLOQUIAL,28.57,2,5,7,0,0,0,0,0,,False
4032,get_physical_card,COLLOQUIAL,16.67,1,5,6,0,0,0,0,0,,False
4033,get_physical_card,COLLOQUIAL,16.67,1,5,6,0,0,0,0,0,,False
4034,get_physical_card,COLLOQUIAL,25.0,1,3,4,0,0,0,0,0,,False
4035,get_physical_card,COLLOQUIAL,16.67,1,5,6,0,0,0,0,0,,False
4036,get_physical_card,COLLOQUIAL,14.29,1,6,7,0,0,0,0,0,,False
4037,get_physical_card,MIXED,0.0,0,5,5,0,0,0,0,0,,True
4038,get_physical_card,MIXED,0.0,0,5,5,0,0,0,0,0,,True
4039,get_physical_card,COLLOQUIAL,25.0,1,3,4,0,0,0,0,0,,False
4040,get_physical_card,COLLOQUIAL,27.27,3,8,11,0,0,0,0,0,,False
4041,get_physical_card,COLLOQUIAL,25.0,1,3,4,0,0,0,0,0,,False
4042,get_physical_card,COLLOQUIAL,22.22,2,7,9,0,0,0,0,0,,False
4043,get_physical_card,COLLOQUIAL,16.67,1,5,6,0,0,0,0,0,,False
4044,get_physical_card,COLLOQUIAL,50.0,2,2,4,0,0,0,0,0,,False
4045,get_physical_card,COLLOQUIAL,12.5,1,7,8,0,0,0,0,0,,False
4046,get_physical_card,COLLOQUIAL,33.33,1,2,3,0,0,0,0,0,,False
4047,get_physical_card,COLLOQUIAL,14.29,1,6,7,0,0,0,0,0,,False
4048,get_physical_card,COLLOQUIAL,50.0,2,2,4,0,0,0,0,0,,False
4049,get_physical_card,MIXED,0.0,0,5,5,0,0,0,0,0,,True
4050,get_physical_card,COLLOQUIAL,12.5,1,7,8,0,0,0,0,0,,False
4051,get_physical_card,MIXED,0.0,0,8,8,0,0,0,0,0,,True
4052,get_physical_card,MIXED,16.67,2,10,12,0,0,0,0,1,formal_compound:kaaththirukka,True
4053,get_physical_card,COLLOQUIAL,10.0,1,9,10,0,0,0,0,0,,False
4054,get_physical_card,COLLOQUIAL,33.33,1,2,3,0,0,0,0,0,,False
4055,get_physical_card,COLLOQUIAL,40.0,2,3,5,0,0,0,0,0,,False
4056,get_physical_card,MIXED,0.0,0,4,4,0,0,0,0,0,,True
4057,get_physical_card,COLLOQUIAL,33.33,1,2,3,0,0,0,0,0,,False
4058,get_physical_card,MIXED,0.0,0,9,9,0,0,0,0,0,,True
4059,get_physical_card,COLLOQUIAL,14.29,1,6,7,0,0,0,0,0,,False
4060,get_physical_card,COLLOQUIAL,12.5,1,7,8,0,0,0,0,0,,False
4061,get_physical_card,MIXED,0.0,0,7,7,0,0,0,0,0,,True
4062,get_physical_card,FORMAL,0.0,0,7,7,0,0,0,0,1,formal_compound:kaaththirukka,True
4063,get_physical_card,COLLOQUIAL,20.0,1,4,5,0,0,0,0,0,,False
4064,get_physical_card,COLLOQUIAL,20.0,1,4,5,0,0,0,0,0,,False
4065,get_physical_card,COLLOQUIAL,16.67,1,5,6,0,0,0,0,0,,False
4066,get_physical_card,COLLOQUIAL,20.0,1,4,5,0,0,0,0,0,,False
4067,get_physical_card,COLLOQUIAL,9.09,1,10,11,0,0,0,0,0,,False
4068,get_physical_card,COLLOQUIAL,33.33,1,2,3,0,0,0,0,0,,False
4069,get_physical_card,COLLOQUIAL,33.33,1,2,3,0,0,0,0,0,,False
4070,get_physical_card,COLLOQUIAL,25.0,2,6,8,0,0,0,0,0,,False
4071,get_physical_card,COLLOQUIAL,33.33,2,4,6,0,0,0,0,0,,False
4072,get_physical_card,MIXED,0.0,0,6,6,0,0,0,0,0,,True
4073,get_physical_card,COLLOQUIAL,28.57,2,5,7,0,0,0,0,0,,False
4074,get_physical_card,COLLOQUIAL,25.0,1,3,4,0,0,0,0,0,,False
4075,get_physical_card,COLLOQUIAL,20.0,1,4,5,0,0,0,0,0,,False
4076,get_physical_card,COLLOQUIAL,33.33,2,1,3,0,0,0,0,0,,False
4077,get_physical_card,MIXED,0.0,0,6,6,0,0,0,0,0,,True
4078,get_physical_card,COLLOQUIAL,25.0,1,3,4,0,0,0,0,0,,False
4079,get_physical_card,COLLOQUIAL,20.0,1,4,5,0,0,0,0,0,,False
4080,get_physical_card,COLLOQUIAL,14.29,1,6,7,0,0,0,0,0,,False
4081,get_physical_card,COLLOQUIAL,20.0,1,4,5,0,0,0,0,0,,False
4082,get_physical_card,COLLOQUIAL,20.0,1,4,5,0,0,0,0,0,,False
4083,get_physical_card,COLLOQUIAL,50.0,2,2,4,0,0,0,0,0,,False
4084,get_physical_card,COLLOQUIAL,33.33,2,4,6,0,0,0,0,0,,False
4085,get_physical_card,COLLOQUIAL,25.0,1,3,4,0,0,0,0,0,,False
4086,get_physical_card,COLLOQUIAL,25.0,1,3,4,0,0,0,0,0,,False
4087,get_physical_card,MIXED,0.0,0,4,4,0,0,0,0,0,,True
4088,get_physical_card,MIXED,0.0,0,4,4,0,0,0,0,0,,True
4089,get_physical_card,MIXED,0.0,0,8,8,0,0,0,0,0,,True
4090,get_physical_card,COLLOQUIAL,11.11,1,8,9,0,0,0,0,0,,False
4091,get_physical_card,COLLOQUIAL,20.0,1,4,5,0,0,0,0,0,,False
4092,get_physical_card,MIXED,0.0,0,5,5,0,0,0,0,0,,True
4093,get_physical_card,MIXED,0.0,0,5,5,0,0,0,0,0,,True
4094,get_physical_card,MIXED,0.0,0,8,8,0,0,0,0,0,,True
4095,get_physical_card,COLLOQUIAL,50.0,2,2,4,0,0,0,0,0,,False
4096,get_physical_card,MIXED,0.0,0,6,6,0,0,0,0,0,,True
4097,get_physical_card,MIXED,0.0,0,5,5,0,0,0,0,0,,True
4098,get_physical_card,MIXED,0.0,0,4,4,0,0,0,0,0,,True
4099,get_physical_card,COLLOQUIAL,20.0,1,4,5,0,0,0,0,0,,False
4100,visa_or_mastercard,COLLOQUIAL,16.67,1,5,6,0,0,0,0,0,,False
4101,visa_or_mastercard,COLLOQUIAL,25.0,2,6,8,0,0,0,0,0,,False
4102,visa_or_mastercard,COLLOQUIAL,50.0,2,2,4,0,0,0,0,0,,False
4103,visa_or_mastercard,COLLOQUIAL,22.22,2,7,9,0,0,0,0,0,,False
4104,visa_or_mastercard,COLLOQUIAL,25.0,1,3,4,0,0,0,0,0,,False
4105,visa_or_mastercard,COLLOQUIAL,25.0,2,6,8,0,0,0,0,0,,False
4106,visa_or_mastercard,MIXED,0.0,0,3,3,0,0,0,0,0,,True
4107,visa_or_mastercard,COLLOQUIAL,14.29,1,6,7,0,0,0,0,0,,False
4108,visa_or_mastercard,COLLOQUIAL,25.0,1,3,4,0,0,0,0,0,,False
4109,visa_or_mastercard,MIXED,0.0,0,5,5,0,0,0,0,0,,True
4110,visa_or_mastercard,COLLOQUIAL,42.86,3,4,7,0,0,0,0,0,,False
4111,visa_or_mastercard,COLLOQUIAL,25.0,2,6,8,0,0,0,0,0,,False
4112,visa_or_mastercard,COLLOQUIAL,8.33,1,11,12,0,0,0,0,0,,False
4113,visa_or_mastercard,COLLOQUIAL,40.0,2,3,5,0,0,0,0,0,,False
4114,visa_or_mastercard,MIXED,0.0,0,8,8,0,0,0,0,0,,True
4115,visa_or_mastercard,COLLOQUIAL,14.29,1,6,7,0,0,0,0,0,,False
4116,visa_or_mastercard,COLLOQUIAL,25.0,2,6,8,0,0,0,0,0,,False
4117,visa_or_mastercard,COLLOQUIAL,25.0,2,6,8,0,0,0,0,0,,False
4118,visa_or_mastercard,COLLOQUIAL,16.67,1,5,6,0,0,0,0,0,,False
4119,visa_or_mastercard,COLLOQUIAL,28.57,2,5,7,0,0,0,0,0,,False
4120,visa_or_mastercard,COLLOQUIAL,20.0,1,4,5,0,0,0,0,0,,False
4121,visa_or_mastercard,COLLOQUIAL,25.0,3,9,12,0,0,0,0,0,,False
4122,visa_or_mastercard,COLLOQUIAL,25.0,2,6,8,0,0,0,0,0,,False
4123,visa_or_mastercard,COLLOQUIAL,33.33,1,2,3,0,0,0,0,0,,False
4124,visa_or_mastercard,COLLOQUIAL,33.33,2,4,6,0,0,0,0,0,,False
4125,visa_or_mastercard,COLLOQUIAL,50.0,2,2,4,0,0,0,0,0,,False
4126,visa_or_mastercard,COLLOQUIAL,16.67,1,5,6,0,0,0,0,0,,False
4127,visa_or_mastercard,MIXED,0.0,0,8,8,0,0,0,0,0,,True
4128,visa_or_mastercard,COLLOQUIAL,20.0,2,8,10,0,0,0,0,0,,False
4129,visa_or_mastercard,COLLOQUIAL,28.57,2,5,7,0,0,0,0,0,,False
4130,visa_or_mastercard,MIXED,0.0,0,6,6,0,0,0,0,0,,True
4131,visa_or_mastercard,COLLOQUIAL,14.29,1,6,7,0,0,0,0,0,,False
4132,visa_or_mastercard,COLLOQUIAL,25.0,2,6,8,0,0,0,0,0,,False
4133,visa_or_mastercard,COLLOQUIAL,40.0,2,3,5,0,0,0,0,0,,False
4134,visa_or_mastercard,MIXED,0.0,0,5,5,0,0,0,0,0,,True
4135,visa_or_mastercard,COLLOQUIAL,22.22,2,7,9,0,0,0,0,0,,False
4136,visa_or_mastercard,COLLOQUIAL,33.33,2,4,6,0,0,0,0,0,,False
4137,visa_or_mastercard,COLLOQUIAL,14.29,1,6,7,0,0,0,0,0,,False
4138,visa_or_mastercard,COLLOQUIAL,25.0,1,3,4,0,0,0,0,0,,False
4139,visa_or_mastercard,COLLOQUIAL,12.5,1,7,8,0,0,0,0,0,,False
4140,visa_or_mastercard,COLLOQUIAL,33.33,2,4,6,0,0,0,0,0,,False
4141,visa_or_mastercard,COLLOQUIAL,27.27,3,8,11,0,0,0,0,0,,False
4142,visa_or_mastercard,MIXED,0.0,0,5,5,0,0,0,0,0,,True
4143,visa_or_mastercard,COLLOQUIAL,20.0,1,4,5,0,0,0,0,0,,False
4144,visa_or_mastercard,COLLOQUIAL,40.0,2,3,5,0,0,0,0,0,,False
4145,visa_or_mastercard,COLLOQUIAL,40.0,2,3,5,0,0,0,0,0,,False
4146,visa_or_mastercard,COLLOQUIAL,25.0,2,6,8,0,0,0,0,0,,False
4147,visa_or_mastercard,COLLOQUIAL,28.57,2,5,7,0,0,0,0,0,,False
4148,visa_or_mastercard,MIXED,0.0,0,3,3,0,0,0,0,0,,True
4149,visa_or_mastercard,COLLOQUIAL,28.57,2,5,7,0,0,0,0,0,,False
4150,visa_or_mastercard,COLLOQUIAL,11.11,1,8,9,0,0,0,0,0,,False
4151,visa_or_mastercard,COLLOQUIAL,20.0,1,4,5,0,0,0,0,0,,False
4152,visa_or_mastercard,COLLOQUIAL,33.33,3,6,9,0,0,0,0,0,,False
4153,visa_or_mastercard,COLLOQUIAL,12.5,1,7,8,0,0,0,0,0,,False
4154,visa_or_mastercard,COLLOQUIAL,18.18,2,9,11,0,0,0,0,0,,False
4155,visa_or_mastercard,COLLOQUIAL,25.0,2,6,8,0,0,0,0,0,,False
4156,visa_or_mastercard,COLLOQUIAL,25.0,1,3,4,0,0,0,0,0,,False
4157,visa_or_mastercard,COLLOQUIAL,28.57,2,5,7,0,0,0,0,0,,False
4158,visa_or_mastercard,COLLOQUIAL,28.57,2,5,7,0,0,0,0,0,,False
4159,visa_or_mastercard,COLLOQUIAL,28.57,2,5,7,0,0,0,0,0,,False
4160,visa_or_mastercard,COLLOQUIAL,40.0,2,3,5,0,0,0,0,0,,False
4161,visa_or_mastercard,COLLOQUIAL,16.67,1,5,6,0,0,0,0,0,,False
4162,visa_or_mastercard,COLLOQUIAL,16.67,1,5,6,0,0,0,0,0,,False
4163,visa_or_mastercard,COLLOQUIAL,18.18,2,9,11,0,0,0,0,0,,False
4164,visa_or_mastercard,MIXED,0.0,0,4,4,0,0,0,0,0,,True
4165,visa_or_mastercard,COLLOQUIAL,50.0,4,4,8,0,0,0,0,0,,False
4166,visa_or_mastercard,COLLOQUIAL,12.5,1,7,8,0,0,0,0,0,,False
4167,visa_or_mastercard,COLLOQUIAL,8.33,1,11,12,0,0,0,0,0,,False
4168,visa_or_mastercard,COLLOQUIAL,33.33,3,6,9,0,0,0,0,0,,False
4169,visa_or_mastercard,COLLOQUIAL,37.5,3,5,8,0,0,0,0,0,,False
4170,visa_or_mastercard,COLLOQUIAL,14.29,1,6,7,0,0,0,0,0,,False
4171,visa_or_mastercard,COLLOQUIAL,28.57,2,5,7,0,0,0,0,0,,False
4172,visa_or_mastercard,COLLOQUIAL,40.0,2,3,5,0,0,0,0,0,,False
4173,visa_or_mastercard,COLLOQUIAL,18.18,2,9,11,0,0,0,0,0,,False
4174,visa_or_mastercard,COLLOQUIAL,50.0,3,3,6,0,0,0,0,0,,False
4175,visa_or_mastercard,COLLOQUIAL,25.0,2,6,8,0,0,0,0,0,,False
4176,visa_or_mastercard,COLLOQUIAL,25.0,2,6,8,0,0,0,0,0,,False
4177,visa_or_mastercard,COLLOQUIAL,10.0,1,9,10,0,0,0,0,0,,False
4178,visa_or_mastercard,COLLOQUIAL,28.57,2,5,7,0,0,0,0,0,,False
4179,visa_or_mastercard,COLLOQUIAL,28.57,2,5,7,0,0,0,0,0,,False
4180,visa_or_mastercard,COLLOQUIAL,33.33,2,4,6,0,0,0,0,0,,False
4181,visa_or_mastercard,COLLOQUIAL,33.33,2,4,6,0,0,0,0,0,,False
4182,visa_or_mastercard,COLLOQUIAL,28.57,2,5,7,0,0,0,0,0,,False
4183,visa_or_mastercard,COLLOQUIAL,25.0,2,6,8,0,0,0,0,0,,False
4184,visa_or_mastercard,COLLOQUIAL,40.0,2,3,5,0,0,0,0,0,,False
4185,visa_or_mastercard,COLLOQUIAL,33.33,2,4,6,0,0,0,0,0,,False
4186,visa_or_mastercard,COLLOQUIAL,14.29,1,6,7,0,0,0,0,0,,False
4187,visa_or_mastercard,COLLOQUIAL,30.0,3,7,10,0,0,0,0,0,,False
4188,visa_or_mastercard,COLLOQUIAL,33.33,2,4,6,0,0,0,0,0,,False
4189,visa_or_mastercard,COLLOQUIAL,25.0,2,6,8,0,0,0,0,0,,False
4190,visa_or_mastercard,COLLOQUIAL,22.22,2,7,9,0,0,0,0,0,,False
4191,visa_or_mastercard,COLLOQUIAL,40.0,2,3,5,0,0,0,0,0,,False
4192,visa_or_mastercard,COLLOQUIAL,14.29,1,6,7,0,0,0,0,0,,False
4193,visa_or_mastercard,COLLOQUIAL,42.86,3,4,7,0,0,0,0,0,,False
4194,visa_or_mastercard,MIXED,0.0,0,8,8,0,0,0,0,0,,True
4195,visa_or_mastercard,COLLOQUIAL,20.0,2,8,10,0,0,0,0,0,,False
4196,visa_or_mastercard,COLLOQUIAL,25.0,1,3,4,0,0,0,0,0,,False
4197,visa_or_mastercard,COLLOQUIAL,25.0,2,6,8,0,0,0,0,0,,False
4198,visa_or_mastercard,COLLOQUIAL,28.57,2,5,7,0,0,0,0,0,,False
4199,visa_or_mastercard,COLLOQUIAL,16.67,1,5,6,0,0,0,0,0,,False
4200,visa_or_mastercard,COLLOQUIAL,33.33,2,4,6,0,0,0,0,0,,False
4201,visa_or_mastercard,COLLOQUIAL,25.0,2,6,8,0,0,0,0,0,,False
4202,visa_or_mastercard,MIXED,0.0,0,4,4,0,0,0,0,0,,True
4203,visa_or_mastercard,COLLOQUIAL,42.86,3,4,7,0,0,0,0,0,,False
4204,visa_or_mastercard,COLLOQUIAL,40.0,2,3,5,0,0,0,0,0,,False
4205,visa_or_mastercard,COLLOQUIAL,28.57,2,5,7,0,0,0,0,0,,False
4206,visa_or_mastercard,COLLOQUIAL,25.0,2,6,8,0,0,0,0,0,,False
4207,visa_or_mastercard,COLLOQUIAL,33.33,2,4,6,0,0,0,0,0,,False
4208,visa_or_mastercard,COLLOQUIAL,33.33,3,6,9,0,0,0,0,0,,False
4209,visa_or_mastercard,COLLOQUIAL,33.33,2,4,6,0,0,0,0,0,,False
4210,visa_or_mastercard,COLLOQUIAL,12.5,1,7,8,0,0,0,0,0,,False
4211,visa_or_mastercard,COLLOQUIAL,50.0,3,3,6,0,0,0,0,0,,False
4212,visa_or_mastercard,COLLOQUIAL,14.29,1,6,7,0,0,0,0,0,,False
4213,visa_or_mastercard,COLLOQUIAL,20.0,1,4,5,0,0,0,0,0,,False
4214,visa_or_mastercard,COLLOQUIAL,33.33,3,6,9,0,0,0,0,0,,False
4215,visa_or_mastercard,COLLOQUIAL,20.0,1,4,5,0,0,0,0,0,,False
4216,visa_or_mastercard,COLLOQUIAL,20.0,1,4,5,0,0,0,0,0,,False
4217,visa_or_mastercard,COLLOQUIAL,16.67,1,5,6,0,0,0,0,0,,False
4218,visa_or_mastercard,COLLOQUIAL,28.57,2,5,7,0,0,0,0,0,,False
4219,visa_or_mastercard,COLLOQUIAL,14.29,1,6,7,0,0,0,0,0,,False
4220,visa_or_mastercard,COLLOQUIAL,28.57,2,5,7,0,0,0,0,0,,False
4221,visa_or_mastercard,MIXED,0.0,0,5,5,0,0,0,0,0,,True
4222,visa_or_mastercard,COLLOQUIAL,28.57,2,5,7,0,0,0,0,0,,False
4223,visa_or_mastercard,COLLOQUIAL,37.5,3,5,8,0,0,0,0,0,,False
4224,visa_or_mastercard,COLLOQUIAL,20.0,1,4,5,0,0,0,0,0,,False
4225,visa_or_mastercard,COLLOQUIAL,25.0,3,9,12,0,0,0,0,0,,False
4226,visa_or_mastercard,COLLOQUIAL,42.86,3,4,7,0,0,0,0,0,,False
4227,visa_or_mastercard,COLLOQUIAL,40.0,2,3,5,0,0,0,0,0,,False
4228,visa_or_mastercard,COLLOQUIAL,27.27,3,8,11,0,0,0,0,0,,False
4229,visa_or_mastercard,COLLOQUIAL,33.33,2,4,6,0,0,0,0,0,,False
4230,visa_or_mastercard,COLLOQUIAL,22.22,2,7,9,0,0,0,0,0,,False
4231,visa_or_mastercard,COLLOQUIAL,28.57,2,5,7,0,0,0,0,0,,False
4232,visa_or_mastercard,COLLOQUIAL,25.0,2,6,8,0,0,0,0,0,,False
4233,visa_or_mastercard,COLLOQUIAL,9.09,1,10,11,0,0,0,0,0,,False
4234,visa_or_mastercard,COLLOQUIAL,28.57,2,5,7,0,0,0,0,0,,False
4235,topping_up_by_card,COLLOQUIAL,10.0,1,9,10,0,0,0,0,0,,False
4236,topping_up_by_card,COLLOQUIAL,28.57,2,5,7,0,0,0,0,0,,False
4237,topping_up_by_card,COLLOQUIAL,30.0,3,7,10,0,0,0,0,0,,False
4238,topping_up_by_card,COLLOQUIAL,37.5,3,5,8,0,0,0,0,0,,False
4239,topping_up_by_card,COLLOQUIAL,36.36,4,7,11,0,0,0,0,0,,False
4240,topping_up_by_card,COLLOQUIAL,22.22,2,7,9,0,0,0,0,0,,False
4241,topping_up_by_card,COLLOQUIAL,33.33,4,8,12,0,0,0,0,0,,False
4242,topping_up_by_card,COLLOQUIAL,42.86,3,4,7,0,0,0,0,0,,False
4243,topping_up_by_card,COLLOQUIAL,25.0,2,6,8,0,0,0,0,0,,False
4244,topping_up_by_card,COLLOQUIAL,42.86,3,4,7,0,0,0,0,0,,False
4245,topping_up_by_card,COLLOQUIAL,25.0,2,6,8,0,0,0,0,0,,False
4246,topping_up_by_card,COLLOQUIAL,28.57,2,5,7,0,0,0,0,0,,False
4247,topping_up_by_card,COLLOQUIAL,30.0,3,7,10,0,0,0,0,0,,False
4248,topping_up_by_card,COLLOQUIAL,37.5,3,5,8,0,0,0,0,0,,False
4249,topping_up_by_card,COLLOQUIAL,12.5,1,7,8,0,0,0,0,0,,False
4250,topping_up_by_card,COLLOQUIAL,36.36,4,7,11,0,0,0,0,0,,False
4251,topping_up_by_card,COLLOQUIAL,27.27,3,8,11,0,0,0,0,0,,False
4252,topping_up_by_card,COLLOQUIAL,30.0,3,7,10,0,0,0,0,0,,False
4253,topping_up_by_card,MIXED,25.0,4,12,16,1,0,0,0,0,formal_verbs:kalikkappatta,True
4254,topping_up_by_card,COLLOQUIAL,50.0,3,3,6,0,0,0,0,0,,False
4255,topping_up_by_card,COLLOQUIAL,27.27,3,8,11,0,0,0,0,0,,False
4256,topping_up_by_card,COLLOQUIAL,37.5,3,5,8,0,0,0,0,0,,False
4257,topping_up_by_card,COLLOQUIAL,28.57,4,10,14,0,0,0,0,0,,False
4258,topping_up_by_card,COLLOQUIAL,37.5,3,5,8,0,0,0,0,0,,False
4259,topping_up_by_card,COLLOQUIAL,25.0,2,6,8,0,0,0,0,0,,False
4260,topping_up_by_card,COLLOQUIAL,42.86,3,4,7,0,0,0,0,0,,False
4261,topping_up_by_card,COLLOQUIAL,33.33,2,4,6,0,0,0,0,0,,False
4262,topping_up_by_card,COLLOQUIAL,30.77,4,9,13,0,0,0,0,0,,False
4263,topping_up_by_card,COLLOQUIAL,26.67,4,11,15,0,0,0,0,0,,False
4264,topping_up_by_card,COLLOQUIAL,50.0,3,3,6,0,0,0,0,0,,False
4265,topping_up_by_card,COLLOQUIAL,37.5,3,5,8,0,0,0,0,0,,False
4266,topping_up_by_card,COLLOQUIAL,42.86,3,4,7,0,0,0,0,0,,False
4267,topping_up_by_card,COLLOQUIAL,28.57,2,5,7,0,0,0,0,0,,False
4268,topping_up_by_card,COLLOQUIAL,33.33,4,8,12,0,0,0,0,0,,False
4269,topping_up_by_card,COLLOQUIAL,25.0,2,6,8,0,0,0,0,0,,False
4270,topping_up_by_card,COLLOQUIAL,37.5,3,5,8,0,0,0,0,0,,False
4271,topping_up_by_card,COLLOQUIAL,22.22,2,7,9,0,0,0,0,0,,False
4272,topping_up_by_card,COLLOQUIAL,40.0,3,2,5,0,0,0,0,0,,False
4273,topping_up_by_card,COLLOQUIAL,42.86,3,4,7,0,0,0,0,0,,False
4274,topping_up_by_card,COLLOQUIAL,30.0,3,7,10,0,0,0,0,0,,False
4275,topping_up_by_card,COLLOQUIAL,37.5,3,5,8,0,0,0,0,0,,False
4276,topping_up_by_card,COLLOQUIAL,44.44,4,5,9,0,0,0,0,0,,False
4277,topping_up_by_card,COLLOQUIAL,50.0,5,5,10,0,0,0,0,0,,False
4278,topping_up_by_card,COLLOQUIAL,38.46,5,8,13,0,0,0,0,0,,False
4279,topping_up_by_card,COLLOQUIAL,50.0,3,3,6,0,0,0,0,0,,False
4280,topping_up_by_card,COLLOQUIAL,30.0,3,7,10,0,0,0,0,0,,False
4281,topping_up_by_card,COLLOQUIAL,42.86,3,4,7,0,0,0,0,0,,False
4282,topping_up_by_card,COLLOQUIAL,37.5,3,5,8,0,0,0,0,0,,False
4283,topping_up_by_card,COLLOQUIAL,42.86,3,4,7,0,0,0,0,0,,False
4284,topping_up_by_card,COLLOQUIAL,22.22,2,7,9,0,0,0,0,0,,False
4285,topping_up_by_card,COLLOQUIAL,50.0,4,4,8,0,0,0,0,0,,False
4286,topping_up_by_card,COLLOQUIAL,33.33,3,6,9,0,0,0,0,0,,False
4287,topping_up_by_card,COLLOQUIAL,37.5,3,5,8,0,0,0,0,0,,False
4288,topping_up_by_card,COLLOQUIAL,42.86,3,4,7,0,0,0,0,0,,False
4289,topping_up_by_card,COLLOQUIAL,42.86,3,4,7,0,0,0,0,0,,False
4290,topping_up_by_card,COLLOQUIAL,40.0,3,2,5,0,0,0,0,0,,False
4291,topping_up_by_card,COLLOQUIAL,30.0,3,7,10,0,0,0,0,0,,False
4292,topping_up_by_card,COLLOQUIAL,41.67,5,7,12,0,0,0,0,0,,False
4293,topping_up_by_card,COLLOQUIAL,30.0,3,7,10,0,0,0,0,0,,False
4294,topping_up_by_card,COLLOQUIAL,33.33,4,8,12,0,0,0,0,0,,False
4295,topping_up_by_card,COLLOQUIAL,41.67,5,7,12,0,0,0,0,0,,False
4296,topping_up_by_card,COLLOQUIAL,25.0,3,9,12,0,0,0,0,0,,False
4297,topping_up_by_card,COLLOQUIAL,40.0,4,6,10,0,0,0,0,0,,False
4298,topping_up_by_card,COLLOQUIAL,12.5,1,7,8,0,0,0,0,0,,False
4299,topping_up_by_card,COLLOQUIAL,33.33,3,6,9,0,0,0,0,0,,False
4300,topping_up_by_card,COLLOQUIAL,45.45,5,6,11,0,0,0,0,0,,False
4301,topping_up_by_card,COLLOQUIAL,22.22,2,7,9,0,0,0,0,0,,False
4302,topping_up_by_card,COLLOQUIAL,27.27,3,8,11,0,0,0,0,0,,False
4303,topping_up_by_card,COLLOQUIAL,28.57,2,5,7,0,0,0,0,0,,False
4304,topping_up_by_card,COLLOQUIAL,16.67,2,10,12,0,0,0,0,0,,False
4305,topping_up_by_card,COLLOQUIAL,44.44,4,5,9,0,0,0,0,0,,False
4306,topping_up_by_card,COLLOQUIAL,21.43,3,11,14,0,0,0,0,0,,False
4307,topping_up_by_card,COLLOQUIAL,25.0,2,6,8,0,0,0,0,0,,False
4308,topping_up_by_card,COLLOQUIAL,20.0,2,8,10,0,0,0,0,0,,False
4309,topping_up_by_card,COLLOQUIAL,44.44,4,5,9,0,0,0,0,0,,False
4310,topping_up_by_card,COLLOQUIAL,37.5,3,5,8,0,0,0,0,0,,False
4311,topping_up_by_card,COLLOQUIAL,30.0,3,7,10,0,0,0,0,0,,False
4312,topping_up_by_card,COLLOQUIAL,33.33,4,2,6,0,0,0,0,0,,False
4313,topping_up_by_card,COLLOQUIAL,42.86,3,4,7,0,0,0,0,0,,False
4314,topping_up_by_card,COLLOQUIAL,28.57,2,5,7,0,0,0,0,0,,False
4315,topping_up_by_card,MIXED,0.0,0,6,6,0,0,0,0,0,,True
4316,topping_up_by_card,COLLOQUIAL,22.22,2,7,9,0,0,0,0,0,,False
4317,topping_up_by_card,COLLOQUIAL,44.44,5,4,9,0,0,0,0,0,,False
4318,topping_up_by_card,COLLOQUIAL,27.27,3,8,11,0,0,0,0,0,,False
4319,topping_up_by_card,COLLOQUIAL,22.22,2,7,9,0,0,0,0,0,,False
4320,topping_up_by_card,COLLOQUIAL,27.27,3,8,11,0,0,0,0,0,,False
4321,topping_up_by_card,COLLOQUIAL,27.27,3,8,11,0,0,0,0,0,,False
4322,topping_up_by_card,COLLOQUIAL,25.0,2,6,8,0,0,0,0,0,,False
4323,topping_up_by_card,COLLOQUIAL,44.44,5,4,9,0,0,0,0,0,,False
4324,topping_up_by_card,COLLOQUIAL,11.11,1,8,9,0,0,0,0,0,,False
4325,topping_up_by_card,COLLOQUIAL,40.0,4,6,10,0,0,0,0,0,,False
4326,topping_up_by_card,COLLOQUIAL,25.0,2,6,8,0,0,0,0,0,,False
4327,topping_up_by_card,COLLOQUIAL,22.22,2,7,9,0,0,0,0,0,,False
4328,topping_up_by_card,COLLOQUIAL,27.27,3,8,11,0,0,0,0,0,,False
4329,topping_up_by_card,COLLOQUIAL,27.27,3,8,11,0,0,0,0,0,,False
4330,topping_up_by_card,COLLOQUIAL,28.57,2,5,7,0,0,0,0,0,,False
4331,topping_up_by_card,COLLOQUIAL,41.67,5,7,12,0,0,0,0,0,,False
4332,topping_up_by_card,COLLOQUIAL,27.27,3,8,11,0,0,0,0,0,,False
4333,topping_up_by_card,COLLOQUIAL,40.0,4,6,10,0,0,0,0,0,,False
4334,topping_up_by_card,COLLOQUIAL,37.5,3,5,8,0,0,0,0,0,,False
4335,topping_up_by_card,COLLOQUIAL,36.36,4,7,11,0,0,0,0,0,,False
4336,topping_up_by_card,COLLOQUIAL,14.29,1,6,7,0,0,0,0,0,,False
4337,topping_up_by_card,COLLOQUIAL,28.57,2,5,7,0,0,0,0,0,,False
4338,disposable_card_limits,COLLOQUIAL,40.0,2,3,5,0,0,0,0,0,,False
4339,disposable_card_limits,COLLOQUIAL,25.0,2,6,8,0,0,0,0,0,,False
4340,disposable_card_limits,COLLOQUIAL,20.0,3,12,15,0,0,0,0,0,,False
4341,disposable_card_limits,COLLOQUIAL,40.0,2,3,5,0,0,0,0,0,,False
4342,disposable_card_limits,COLLOQUIAL,35.71,5,9,14,0,0,0,0,0,,False
4343,disposable_card_limits,COLLOQUIAL,50.0,2,2,4,0,0,0,0,0,,False
4344,disposable_card_limits,COLLOQUIAL,25.0,2,6,8,0,0,0,0,0,,False
4345,disposable_card_limits,MIXED,0.0,0,8,8,0,0,0,0,0,,True
4346,disposable_card_limits,COLLOQUIAL,14.29,2,12,14,0,0,0,0,0,,False
4347,disposable_card_limits,COLLOQUIAL,28.57,2,5,7,0,0,0,0,0,,False
4348,disposable_card_limits,COLLOQUIAL,50.0,2,2,4,0,0,0,0,0,,False
4349,disposable_card_limits,COLLOQUIAL,50.0,3,3,6,0,0,0,0,0,,False
4350,disposable_card_limits,COLLOQUIAL,23.08,3,10,13,0,0,0,0,0,,False
4351,disposable_card_limits,COLLOQUIAL,33.33,3,6,9,0,0,0,0,0,,False
4352,disposable_card_limits,COLLOQUIAL,33.33,4,2,6,0,0,0,0,0,,False
4353,disposable_card_limits,COLLOQUIAL,33.33,2,4,6,0,0,0,0,0,,False
4354,disposable_card_limits,COLLOQUIAL,50.0,2,2,4,0,0,0,0,0,,False
4355,disposable_card_limits,COLLOQUIAL,16.67,2,10,12,0,0,0,0,0,,False
4356,disposable_card_limits,COLLOQUIAL,25.0,2,6,8,0,0,0,0,0,,False
4357,disposable_card_limits,COLLOQUIAL,33.33,2,4,6,0,0,0,0,0,,False
4358,disposable_card_limits,COLLOQUIAL,33.33,2,4,6,0,0,0,0,0,,False
4359,disposable_card_limits,COLLOQUIAL,50.0,2,2,4,0,0,0,0,0,,False
4360,disposable_card_limits,COLLOQUIAL,12.5,1,7,8,0,0,0,0,0,,False
4361,disposable_card_limits,COLLOQUIAL,37.5,5,3,8,0,0,0,0,0,,False
4362,disposable_card_limits,COLLOQUIAL,27.27,3,8,11,0,0,0,0,0,,False
4363,disposable_card_limits,COLLOQUIAL,50.0,2,2,4,0,0,0,0,0,,False
4364,disposable_card_limits,COLLOQUIAL,30.0,3,7,10,0,0,0,0,0,,False
4365,disposable_card_limits,COLLOQUIAL,50.0,2,2,4,0,0,0,0,0,,False
4366,disposable_card_limits,COLLOQUIAL,25.0,3,9,12,0,0,0,0,0,,False
4367,disposable_card_limits,COLLOQUIAL,25.0,2,6,8,0,0,0,0,0,,False
4368,disposable_card_limits,COLLOQUIAL,20.0,2,8,10,0,0,0,0,0,,False
4369,disposable_card_limits,COLLOQUIAL,42.86,3,4,7,0,0,0,0,0,,False
4370,disposable_card_limits,COLLOQUIAL,16.67,1,5,6,0,0,0,0,0,,False
4371,disposable_card_limits,COLLOQUIAL,25.0,2,6,8,0,0,0,0,0,,False
4372,disposable_card_limits,COLLOQUIAL,25.0,2,6,8,0,0,0,0,0,,False
4373,disposable_card_limits,COLLOQUIAL,40.0,2,3,5,0,0,0,0,0,,False
4374,disposable_card_limits,COLLOQUIAL,5.56,1,17,18,0,0,0,0,0,,False
4375,disposable_card_limits,COLLOQUIAL,25.0,2,6,8,0,0,0,0,0,,False
4376,disposable_card_limits,COLLOQUIAL,28.57,2,5,7,0,0,0,0,0,,False
4377,disposable_card_limits,COLLOQUIAL,31.25,5,11,16,0,0,0,0,0,,False
4378,disposable_card_limits,COLLOQUIAL,28.57,2,5,7,0,0,0,0,0,,False
4379,disposable_card_limits,COLLOQUIAL,40.0,3,2,5,0,0,0,0,0,,False
4380,disposable_card_limits,COLLOQUIAL,14.29,1,6,7,0,0,0,0,0,,False
4381,disposable_card_limits,COLLOQUIAL,25.0,2,6,8,0,0,0,0,0,,False
4382,disposable_card_limits,COLLOQUIAL,20.0,2,8,10,0,0,0,0,0,,False
4383,disposable_card_limits,COLLOQUIAL,42.86,3,4,7,0,0,0,0,0,,False
4384,disposable_card_limits,COLLOQUIAL,42.86,3,4,7,0,0,0,0,0,,False
4385,disposable_card_limits,COLLOQUIAL,42.86,3,4,7,0,0,0,0,0,,False
4386,disposable_card_limits,COLLOQUIAL,40.0,3,2,5,0,0,0,0,0,,False
4387,disposable_card_limits,COLLOQUIAL,22.22,2,7,9,0,0,0,0,0,,False
4388,disposable_card_limits,COLLOQUIAL,33.33,2,4,6,0,0,0,0,0,,False
4389,disposable_card_limits,COLLOQUIAL,25.0,2,6,8,0,0,0,0,0,,False
4390,disposable_card_limits,COLLOQUIAL,30.0,3,7,10,0,0,0,0,0,,False
4391,disposable_card_limits,COLLOQUIAL,33.33,4,2,6,0,0,0,0,0,,False
4392,disposable_card_limits,COLLOQUIAL,22.22,2,7,9,0,0,0,0,0,,False
4393,disposable_card_limits,COLLOQUIAL,33.33,3,6,9,0,0,0,0,0,,False
4394,disposable_card_limits,COLLOQUIAL,25.0,3,9,12,0,0,0,0,0,,False
4395,disposable_card_limits,COLLOQUIAL,40.0,4,6,10,0,0,0,0,0,,False
4396,disposable_card_limits,COLLOQUIAL,44.44,4,5,9,0,0,0,0,0,,False
4397,disposable_card_limits,COLLOQUIAL,33.33,3,6,9,0,0,0,0,0,,False
4398,disposable_card_limits,COLLOQUIAL,20.0,2,8,10,0,0,0,0,0,,False
4399,disposable_card_limits,COLLOQUIAL,50.0,3,3,6,0,0,0,0,0,,False
4400,disposable_card_limits,COLLOQUIAL,33.33,3,6,9,0,0,0,0,0,,False
4401,disposable_card_limits,COLLOQUIAL,33.33,2,4,6,0,0,0,0,0,,False
4402,disposable_card_limits,COLLOQUIAL,40.0,2,3,5,0,0,0,0,0,,False
4403,disposable_card_limits,COLLOQUIAL,42.86,4,3,7,0,0,0,0,0,,False
4404,disposable_card_limits,COLLOQUIAL,42.86,3,4,7,0,0,0,0,0,,False
4405,disposable_card_limits,COLLOQUIAL,33.33,3,6,9,0,0,0,0,0,,False
4406,disposable_card_limits,COLLOQUIAL,33.33,4,2,6,0,0,0,0,0,,False
4407,disposable_card_limits,COLLOQUIAL,30.0,3,7,10,0,0,0,0,0,,False
4408,disposable_card_limits,COLLOQUIAL,37.5,3,5,8,0,0,0,0,0,,False
4409,disposable_card_limits,COLLOQUIAL,50.0,4,4,8,0,0,0,0,0,,False
4410,disposable_card_limits,COLLOQUIAL,37.5,3,5,8,0,0,0,0,0,,False
4411,disposable_card_limits,COLLOQUIAL,50.0,4,4,8,0,0,0,0,0,,False
4412,disposable_card_limits,COLLOQUIAL,33.33,2,4,6,0,0,0,0,0,,False
4413,disposable_card_limits,COLLOQUIAL,36.36,4,7,11,0,0,0,0,0,,False
4414,disposable_card_limits,COLLOQUIAL,22.22,2,7,9,0,0,0,0,0,,False
4415,disposable_card_limits,COLLOQUIAL,22.22,2,7,9,0,0,0,0,0,,False
4416,disposable_card_limits,COLLOQUIAL,37.5,3,5,8,0,0,0,0,0,,False
4417,disposable_card_limits,COLLOQUIAL,40.0,3,2,5,0,0,0,0,0,,False
4418,disposable_card_limits,COLLOQUIAL,33.33,2,4,6,0,0,0,0,0,,False
4419,disposable_card_limits,COLLOQUIAL,40.0,4,6,10,0,0,0,0,0,,False
4420,disposable_card_limits,COLLOQUIAL,33.33,3,6,9,0,0,0,0,0,,False
4421,disposable_card_limits,COLLOQUIAL,44.44,4,5,9,0,0,0,0,0,,False
4422,disposable_card_limits,COLLOQUIAL,36.36,4,7,11,0,0,0,0,0,,False
4423,disposable_card_limits,COLLOQUIAL,40.0,4,6,10,0,0,0,0,0,,False
4424,disposable_card_limits,COLLOQUIAL,42.86,4,3,7,0,0,0,0,0,,False
4425,disposable_card_limits,COLLOQUIAL,20.0,4,1,5,0,0,0,0,0,,False
4426,disposable_card_limits,COLLOQUIAL,22.22,2,7,9,0,0,0,0,0,,False
4427,disposable_card_limits,COLLOQUIAL,37.5,3,5,8,0,0,0,0,0,,False
4428,disposable_card_limits,COLLOQUIAL,25.0,3,9,12,0,0,0,0,0,,False
4429,disposable_card_limits,COLLOQUIAL,20.0,2,8,10,0,0,0,0,0,,False
4430,disposable_card_limits,COLLOQUIAL,50.0,3,3,6,0,0,0,0,0,,False
4431,disposable_card_limits,COLLOQUIAL,40.0,2,3,5,0,0,0,0,0,,False
4432,disposable_card_limits,COLLOQUIAL,40.0,2,3,5,0,0,0,0,0,,False
4433,disposable_card_limits,COLLOQUIAL,42.86,3,4,7,0,0,0,0,0,,False
4434,disposable_card_limits,COLLOQUIAL,50.0,2,2,4,0,0,0,0,0,,False
4435,disposable_card_limits,COLLOQUIAL,37.5,3,5,8,0,0,0,0,0,,False
4436,disposable_card_limits,COLLOQUIAL,25.0,3,1,4,0,0,0,0,0,,False
4437,disposable_card_limits,COLLOQUIAL,37.5,5,3,8,0,0,0,0,0,,False
4438,disposable_card_limits,COLLOQUIAL,35.71,5,9,14,0,0,0,0,0,,False
4439,disposable_card_limits,COLLOQUIAL,37.5,3,5,8,0,0,0,0,0,,False
4440,disposable_card_limits,COLLOQUIAL,33.33,3,6,9,0,0,0,0,0,,False
4441,disposable_card_limits,COLLOQUIAL,22.22,2,7,9,0,0,0,0,0,,False
4442,disposable_card_limits,COLLOQUIAL,22.22,2,7,9,0,0,0,0,0,,False
4443,disposable_card_limits,COLLOQUIAL,20.0,2,8,10,0,0,0,0,0,,False
4444,disposable_card_limits,COLLOQUIAL,28.57,2,5,7,0,0,0,0,0,,False
4445,disposable_card_limits,COLLOQUIAL,40.0,2,3,5,0,0,0,0,0,,False
4446,disposable_card_limits,COLLOQUIAL,16.67,2,10,12,0,0,0,0,0,,False
4447,disposable_card_limits,COLLOQUIAL,50.0,3,3,6,0,0,0,0,0,,False
4448,disposable_card_limits,COLLOQUIAL,40.0,2,3,5,0,0,0,0,0,,False
4449,disposable_card_limits,COLLOQUIAL,28.57,2,5,7,0,0,0,0,0,,False
4450,disposable_card_limits,COLLOQUIAL,25.0,2,6,8,0,0,0,0,0,,False
4451,disposable_card_limits,COLLOQUIAL,28.57,2,5,7,0,0,0,0,0,,False
4452,disposable_card_limits,COLLOQUIAL,42.86,3,4,7,0,0,0,0,0,,False
4453,disposable_card_limits,COLLOQUIAL,33.33,2,4,6,0,0,0,0,0,,False
4454,disposable_card_limits,COLLOQUIAL,37.5,3,5,8,0,0,0,0,0,,False
4455,disposable_card_limits,COLLOQUIAL,20.0,2,8,10,0,0,0,0,0,,False
4456,disposable_card_limits,COLLOQUIAL,42.86,3,4,7,0,0,0,0,0,,False
4457,disposable_card_limits,COLLOQUIAL,33.33,2,4,6,0,0,0,0,0,,False
4458,disposable_card_limits,COLLOQUIAL,16.67,1,5,6,0,0,0,0,0,,False
4459,compromised_card,COLLOQUIAL,11.11,1,8,9,0,0,0,0,0,,False
4460,compromised_card,COLLOQUIAL,11.11,1,8,9,0,0,0,0,0,,False
4461,compromised_card,COLLOQUIAL,9.09,1,10,11,0,0,0,0,0,,False
4462,compromised_card,COLLOQUIAL,25.0,2,6,8,0,0,0,0,0,,False
4463,compromised_card,COLLOQUIAL,10.0,4,36,40,0,0,0,0,0,,False
4464,compromised_card,COLLOQUIAL,12.5,1,7,8,0,0,0,0,0,,False
4465,compromised_card,COLLOQUIAL,33.33,2,4,6,0,0,0,0,0,,False
4466,compromised_card,COLLOQUIAL,25.0,2,6,8,0,0,0,0,0,,False
4467,compromised_card,COLLOQUIAL,20.0,2,8,10,0,0,0,0,0,,False
4468,compromised_card,COLLOQUIAL,18.75,3,13,16,0,0,0,0,0,,False
4469,compromised_card,COLLOQUIAL,16.67,2,10,12,0,0,0,0,0,,False
4470,compromised_card,COLLOQUIAL,14.29,2,12,14,0,0,0,0,0,,False
4471,compromised_card,COLLOQUIAL,12.5,1,7,8,0,0,0,0,0,,False
4472,compromised_card,COLLOQUIAL,20.0,2,8,10,0,0,0,0,0,,False
4473,compromised_card,COLLOQUIAL,20.0,2,8,10,0,0,0,0,0,,False
4474,compromised_card,COLLOQUIAL,12.0,3,22,25,0,0,0,0,0,,False
4475,compromised_card,COLLOQUIAL,18.18,2,9,11,0,0,0,0,0,,False
4476,compromised_card,COLLOQUIAL,26.67,4,11,15,0,0,0,0,0,,False
4477,compromised_card,COLLOQUIAL,22.22,4,14,18,0,0,0,0,0,,False
4478,compromised_card,COLLOQUIAL,19.05,4,17,21,0,0,0,0,0,,False
4479,compromised_card,COLLOQUIAL,25.0,3,9,12,0,0,0,0,0,,False
4480,compromised_card,COLLOQUIAL,23.08,3,10,13,0,0,0,0,0,,False
4481,compromised_card,COLLOQUIAL,14.29,2,12,14,0,0,0,0,0,,False
4482,compromised_card,COLLOQUIAL,20.0,2,8,10,0,0,0,0,0,,False
4483,compromised_card,COLLOQUIAL,15.38,2,11,13,0,0,0,0,0,,False
4484,compromised_card,COLLOQUIAL,27.27,3,8,11,0,0,0,0,0,,False
4485,compromised_card,COLLOQUIAL,27.27,3,8,11,0,0,0,0,0,,False
4486,compromised_card,COLLOQUIAL,23.08,3,10,13,0,0,0,0,0,,False
4487,compromised_card,COLLOQUIAL,12.5,1,7,8,0,0,0,0,0,,False
4488,compromised_card,COLLOQUIAL,12.5,2,14,16,0,0,0,0,0,,False
4489,compromised_card,COLLOQUIAL,20.0,5,20,25,0,0,0,0,0,,False
4490,compromised_card,COLLOQUIAL,12.5,1,7,8,0,0,0,0,0,,False
4491,compromised_card,COLLOQUIAL,28.57,4,10,14,0,0,0,0,0,,False
4492,compromised_card,COLLOQUIAL,20.0,5,20,25,0,0,0,0,0,,False
4493,compromised_card,COLLOQUIAL,16.67,1,5,6,0,0,0,0,0,,False
4494,compromised_card,COLLOQUIAL,12.5,1,7,8,0,0,0,0,0,,False
4495,compromised_card,COLLOQUIAL,12.5,1,7,8,0,0,0,0,0,,False
4496,compromised_card,COLLOQUIAL,22.22,2,7,9,0,0,0,0,0,,False
4497,compromised_card,COLLOQUIAL,23.08,3,10,13,0,0,0,0,0,,False
4498,compromised_card,COLLOQUIAL,20.0,2,8,10,0,0,0,0,0,,False
4499,compromised_card,COLLOQUIAL,18.18,2,9,11,0,0,0,0,0,,False
4500,compromised_card,COLLOQUIAL,28.57,2,5,7,0,0,0,0,0,,False
4501,compromised_card,COLLOQUIAL,21.43,3,11,14,0,0,0,0,0,,False
4502,compromised_card,COLLOQUIAL,23.08,3,10,13,0,0,0,0,0,,False
4503,compromised_card,COLLOQUIAL,20.0,2,8,10,0,0,0,0,0,,False
4504,compromised_card,COLLOQUIAL,22.22,2,7,9,0,0,0,0,0,,False
4505,compromised_card,COLLOQUIAL,18.18,2,9,11,0,0,0,0,0,,False
4506,compromised_card,COLLOQUIAL,14.29,2,12,14,0,0,0,0,0,,False
4507,compromised_card,COLLOQUIAL,18.18,2,9,11,0,0,0,0,0,,False
4508,compromised_card,COLLOQUIAL,16.67,2,10,12,0,0,0,0,0,,False
4509,compromised_card,COLLOQUIAL,25.0,2,6,8,0,0,0,0,0,,False
4510,compromised_card,COLLOQUIAL,25.0,3,9,12,0,0,0,0,0,,False
4511,compromised_card,COLLOQUIAL,25.0,3,9,12,0,0,0,0,0,,False
4512,compromised_card,COLLOQUIAL,30.0,3,7,10,0,0,0,0,0,,False
4513,compromised_card,COLLOQUIAL,16.67,2,10,12,0,0,0,0,0,,False
4514,compromised_card,COLLOQUIAL,13.33,2,13,15,0,0,0,0,0,,False
4515,compromised_card,COLLOQUIAL,17.65,3,14,17,0,0,0,0,0,,False
4516,compromised_card,COLLOQUIAL,15.0,3,17,20,0,0,0,0,0,,False
4517,compromised_card,COLLOQUIAL,18.18,2,9,11,0,0,0,0,0,,False
4518,compromised_card,COLLOQUIAL,10.0,1,9,10,0,0,0,0,0,,False
4519,compromised_card,COLLOQUIAL,11.11,2,16,18,0,0,0,0,0,,False
4520,compromised_card,COLLOQUIAL,21.43,3,11,14,0,0,0,0,0,,False
4521,compromised_card,COLLOQUIAL,17.86,5,23,28,0,0,0,0,0,,False
4522,compromised_card,COLLOQUIAL,20.0,2,8,10,0,0,0,0,0,,False
4523,compromised_card,COLLOQUIAL,5.26,1,18,19,0,0,0,0,0,,False
4524,compromised_card,COLLOQUIAL,20.0,1,4,5,0,0,0,0,0,,False
4525,compromised_card,COLLOQUIAL,17.65,3,14,17,0,0,0,0,0,,False
4526,compromised_card,COLLOQUIAL,11.11,1,8,9,0,0,0,0,0,,False
4527,compromised_card,COLLOQUIAL,16.67,1,5,6,0,0,0,0,0,,False
4528,compromised_card,MIXED,0.0,0,7,7,0,0,0,0,0,,True
4529,compromised_card,MIXED,0.0,0,9,9,0,0,0,0,0,,True
4530,compromised_card,COLLOQUIAL,10.0,1,9,10,0,0,0,0,0,,False
4531,compromised_card,COLLOQUIAL,20.0,2,8,10,0,0,0,0,0,,False
4532,compromised_card,COLLOQUIAL,22.22,2,7,9,0,0,0,0,0,,False
4533,compromised_card,COLLOQUIAL,7.69,1,12,13,0,0,0,0,0,,False
4534,compromised_card,COLLOQUIAL,14.29,1,6,7,0,0,0,0,0,,False
4535,compromised_card,COLLOQUIAL,11.11,1,8,9,0,0,0,0,0,,False
4536,compromised_card,COLLOQUIAL,10.0,1,9,10,0,0,0,0,0,,False
4537,compromised_card,COLLOQUIAL,7.69,1,12,13,0,0,0,0,0,,False
4538,compromised_card,COLLOQUIAL,25.0,3,9,12,0,0,0,0,0,,False
4539,compromised_card,MIXED,0.0,0,18,18,0,0,0,0,0,,True
4540,compromised_card,MIXED,0.0,0,4,4,0,0,0,0,0,,True
4541,compromised_card,COLLOQUIAL,40.0,2,3,5,0,0,0,0,0,,False
4542,compromised_card,COLLOQUIAL,8.33,1,11,12,0,0,0,0,0,,False
4543,compromised_card,COLLOQUIAL,14.29,1,6,7,0,0,0,0,0,,False
4544,compromised_card,COLLOQUIAL,10.0,1,9,10,0,0,0,0,0,,False
4545,atm_support,COLLOQUIAL,14.29,1,6,7,0,0,0,0,0,,False
4546,atm_support,COLLOQUIAL,14.29,1,6,7,0,0,0,0,0,,False
4547,atm_support,MIXED,0.0,0,6,6,0,0,0,0,0,,True
4548,atm_support,COLLOQUIAL,33.33,2,4,6,0,0,0,0,0,,False
4549,atm_support,COLLOQUIAL,14.29,1,6,7,0,0,0,0,0,,False
4550,atm_support,MIXED,0.0,0,6,6,0,0,0,0,0,,True
4551,atm_support,COLLOQUIAL,33.33,2,4,6,0,0,0,0,0,,False
4552,atm_support,MIXED,0.0,0,7,7,0,0,0,0,0,,True
4553,atm_support,COLLOQUIAL,16.67,1,5,6,0,0,0,0,0,,False
4554,atm_support,MIXED,0.0,0,6,6,0,0,0,0,0,,True
4555,atm_support,COLLOQUIAL,30.0,3,7,10,0,0,0,0,0,,False
4556,atm_support,COLLOQUIAL,25.0,1,3,4,0,0,0,0,0,,False
4557,atm_support,COLLOQUIAL,14.29,1,6,7,0,0,0,0,0,,False
4558,atm_support,COLLOQUIAL,16.67,1,5,6,0,0,0,0,0,,False
4559,atm_support,MIXED,0.0,0,5,5,0,0,0,0,0,,True
4560,atm_support,COLLOQUIAL,25.0,2,6,8,0,0,0,0,0,,False
4561,atm_support,COLLOQUIAL,12.5,1,7,8,0,0,0,0,0,,False
4562,atm_support,COLLOQUIAL,20.0,1,4,5,0,0,0,0,0,,False
4563,atm_support,COLLOQUIAL,12.5,1,7,8,0,0,0,0,0,,False
4564,atm_support,COLLOQUIAL,25.0,1,3,4,0,0,0,0,0,,False
4565,atm_support,COLLOQUIAL,25.0,2,6,8,0,0,0,0,0,,False
4566,atm_support,COLLOQUIAL,20.0,1,4,5,0,0,0,0,0,,False
4567,atm_support,COLLOQUIAL,14.29,1,6,7,0,0,0,0,0,,False
4568,atm_support,COLLOQUIAL,16.67,1,5,6,0,0,0,0,0,,False
4569,atm_support,COLLOQUIAL,20.0,1,4,5,0,0,0,0,0,,False
4570,atm_support,COLLOQUIAL,20.0,1,4,5,0,0,0,0,0,,False
4571,atm_support,MIXED,0.0,0,6,6,0,0,0,0,0,,True
4572,atm_support,COLLOQUIAL,12.5,1,7,8,0,0,0,0,0,,False
4573,atm_support,MIXED,0.0,0,6,6,0,0,0,0,0,,True
4574,atm_support,COLLOQUIAL,16.67,1,5,6,0,0,0,0,0,,False
4575,atm_support,COLLOQUIAL,16.67,1,5,6,0,0,0,0,0,,False
4576,atm_support,COLLOQUIAL,14.29,1,6,7,0,0,0,0,0,,False
4577,atm_support,MIXED,0.0,0,7,7,0,0,0,0,0,,True
4578,atm_support,COLLOQUIAL,16.67,1,5,6,0,0,0,0,0,,False
4579,atm_support,COLLOQUIAL,25.0,2,6,8,0,0,0,0,0,,False
4580,atm_support,COLLOQUIAL,33.33,2,4,6,0,0,0,0,0,,False
4581,atm_support,COLLOQUIAL,14.29,1,6,7,0,0,0,0,0,,False
4582,atm_support,COLLOQUIAL,12.5,1,7,8,0,0,0,0,0,,False
4583,atm_support,COLLOQUIAL,20.0,1,4,5,0,0,0,0,0,,False
4584,atm_support,MIXED,0.0,0,4,4,0,0,0,0,0,,True
4585,atm_support,COLLOQUIAL,25.0,1,3,4,0,0,0,0,0,,False
4586,atm_support,COLLOQUIAL,16.67,1,5,6,0,0,0,0,0,,False
4587,atm_support,COLLOQUIAL,14.29,1,6,7,0,0,0,0,0,,False
4588,atm_support,COLLOQUIAL,16.67,1,5,6,0,0,0,0,0,,False
4589,atm_support,COLLOQUIAL,16.67,1,5,6,0,0,0,0,0,,False
4590,atm_support,COLLOQUIAL,14.29,1,6,7,0,0,0,0,0,,False
4591,atm_support,COLLOQUIAL,12.5,1,7,8,0,0,0,0,0,,False
4592,atm_support,COLLOQUIAL,20.0,1,4,5,0,0,0,0,0,,False
4593,atm_support,COLLOQUIAL,25.0,1,3,4,0,0,0,0,0,,False
4594,atm_support,MIXED,0.0,0,4,4,0,0,0,0,0,,True
4596,atm_support,COLLOQUIAL,22.22,2,7,9,0,0,0,0,0,,False
4597,atm_support,MIXED,0.0,0,6,6,0,0,0,0,0,,True
4598,atm_support,MIXED,0.0,0,5,5,0,0,0,0,0,,True
4599,atm_support,MIXED,0.0,0,6,6,0,0,0,0,0,,True
4600,atm_support,MIXED,0.0,0,6,6,0,0,0,0,0,,True
4601,atm_support,COLLOQUIAL,40.0,2,3,5,0,0,0,0,0,,False
4602,atm_support,MIXED,0.0,0,8,8,0,0,0,0,0,,True
4603,atm_support,MIXED,0.0,0,8,8,0,0,0,0,0,,True
4604,atm_support,MIXED,0.0,0,7,7,0,0,0,0,0,,True
4605,atm_support,COLLOQUIAL,16.67,1,5,6,0,0,0,0,0,,False
4606,atm_support,COLLOQUIAL,33.33,1,2,3,0,0,0,0,0,,False
4607,atm_support,MIXED,0.0,0,6,6,0,0,0,0,0,,True
4608,atm_support,MIXED,0.0,0,5,5,0,0,0,0,0,,True
4609,atm_support,MIXED,0.0,0,7,7,0,0,0,0,0,,True
4610,atm_support,MIXED,0.0,0,12,12,0,0,0,0,0,,True
4611,atm_support,MIXED,0.0,0,5,5,0,0,0,0,0,,True
4612,atm_support,MIXED,0.0,0,5,5,0,0,0,0,0,,True
4613,atm_support,MIXED,0.0,0,4,4,0,0,0,0,0,,True
4614,atm_support,MIXED,0.0,0,6,6,0,0,0,0,0,,True
4615,atm_support,COLLOQUIAL,33.33,1,2,3,0,0,0,0,0,,False
4616,atm_support,COLLOQUIAL,10.0,1,9,10,0,0,0,0,0,,False
4617,atm_support,COLLOQUIAL,16.67,1,5,6,0,0,0,0,0,,False
4618,atm_support,MIXED,0.0,0,8,8,0,0,0,0,0,,True
4619,atm_support,MIXED,0.0,0,4,4,0,0,0,0,0,,True
4620,atm_support,COLLOQUIAL,14.29,1,6,7,0,0,0,0,0,,False
4621,atm_support,MIXED,0.0,0,9,9,0,0,0,0,0,,True
4622,atm_support,COLLOQUIAL,50.0,2,2,4,0,0,0,0,0,,False
4623,atm_support,MIXED,0.0,0,8,8,0,0,0,0,0,,True
4624,atm_support,MIXED,0.0,0,8,8,0,0,0,0,0,,True
4625,atm_support,MIXED,0.0,0,5,5,0,0,0,0,0,,True
4626,atm_support,COLLOQUIAL,12.5,1,7,8,0,0,0,0,0,,False
4627,atm_support,COLLOQUIAL,25.0,2,6,8,0,0,0,0,0,,False
4628,atm_support,MIXED,0.0,0,5,5,0,0,0,0,0,,True
4629,atm_support,COLLOQUIAL,16.67,1,5,6,0,0,0,0,0,,False
4630,atm_support,COLLOQUIAL,33.33,1,2,3,0,0,0,0,0,,False
4631,atm_support,MIXED,0.0,0,5,5,0,0,0,0,0,,True
4632,direct_debit_payment_not_recognised,MIXED,0.0,0,35,35,0,0,0,0,0,,True
4633,direct_debit_payment_not_recognised,MIXED,0.0,0,3,3,0,0,0,0,0,,True
4634,direct_debit_payment_not_recognised,COLLOQUIAL,14.29,2,12,14,0,0,0,0,0,,False
4635,direct_debit_payment_not_recognised,COLLOQUIAL,25.0,2,6,8,0,0,0,0,0,,False
4636,direct_debit_payment_not_recognised,COLLOQUIAL,28.57,2,5,7,0,0,0,0,0,,False
4637,direct_debit_payment_not_recognised,COLLOQUIAL,37.5,3,5,8,0,0,0,0,0,,False
4638,direct_debit_payment_not_recognised,COLLOQUIAL,20.0,1,4,5,0,0,0,0,0,,False
4639,direct_debit_payment_not_recognised,COLLOQUIAL,5.88,1,16,17,0,0,0,0,0,,False
4640,direct_debit_payment_not_recognised,COLLOQUIAL,27.27,3,8,11,0,0,0,0,0,,False
4641,direct_debit_payment_not_recognised,COLLOQUIAL,27.27,3,8,11,0,0,0,0,0,,False
4642,direct_debit_payment_not_recognised,COLLOQUIAL,28.57,6,15,21,0,0,0,0,0,,False
4643,direct_debit_payment_not_recognised,COLLOQUIAL,22.22,2,7,9,0,0,0,0,0,,False
4644,direct_debit_payment_not_recognised,COLLOQUIAL,20.0,2,8,10,0,0,0,0,0,,False
4645,direct_debit_payment_not_recognised,COLLOQUIAL,30.0,3,7,10,0,0,0,0,0,,False
4646,direct_debit_payment_not_recognised,COLLOQUIAL,25.0,3,9,12,0,0,0,0,0,,False
4647,direct_debit_payment_not_recognised,COLLOQUIAL,33.33,3,6,9,0,0,0,0,0,,False
4648,direct_debit_payment_not_recognised,COLLOQUIAL,12.5,1,7,8,0,0,0,0,0,,False
4649,direct_debit_payment_not_recognised,COLLOQUIAL,11.9,5,37,42,0,0,0,0,0,,False
4650,direct_debit_payment_not_recognised,COLLOQUIAL,18.18,2,9,11,0,0,0,0,0,,False
4651,direct_debit_payment_not_recognised,COLLOQUIAL,28.57,2,5,7,0,0,0,0,0,,False
4652,direct_debit_payment_not_recognised,COLLOQUIAL,11.54,3,23,26,0,0,0,0,0,,False
4653,direct_debit_payment_not_recognised,COLLOQUIAL,17.39,4,19,23,0,0,0,0,0,,False
4654,direct_debit_payment_not_recognised,COLLOQUIAL,37.5,3,5,8,0,0,0,0,0,,False
4655,direct_debit_payment_not_recognised,MIXED,0.0,0,2,2,0,0,0,0,0,,True
4656,direct_debit_payment_not_recognised,COLLOQUIAL,16.67,3,15,18,0,0,0,0,0,,False
4657,direct_debit_payment_not_recognised,COLLOQUIAL,30.0,3,7,10,0,0,0,0,0,,False
4658,direct_debit_payment_not_recognised,COLLOQUIAL,25.0,3,9,12,0,0,0,0,0,,False
4659,direct_debit_payment_not_recognised,COLLOQUIAL,13.33,4,26,30,0,0,0,0,0,,False
4660,direct_debit_payment_not_recognised,COLLOQUIAL,13.64,3,19,22,0,0,0,0,0,,False
4661,direct_debit_payment_not_recognised,COLLOQUIAL,12.5,4,28,32,0,0,0,0,0,,False
4662,direct_debit_payment_not_recognised,COLLOQUIAL,28.57,2,5,7,0,0,0,0,0,,False
4663,direct_debit_payment_not_recognised,COLLOQUIAL,25.0,2,6,8,0,0,0,0,0,,False
4664,direct_debit_payment_not_recognised,COLLOQUIAL,18.18,2,9,11,0,0,0,0,0,,False
4665,direct_debit_payment_not_recognised,COLLOQUIAL,12.5,1,7,8,0,0,0,0,0,,False
4666,direct_debit_payment_not_recognised,COLLOQUIAL,27.27,3,8,11,0,0,0,0,0,,False
4667,direct_debit_payment_not_recognised,COLLOQUIAL,18.18,2,9,11,0,0,0,0,0,,False
4668,direct_debit_payment_not_recognised,COLLOQUIAL,22.22,2,7,9,0,0,0,0,0,,False
4669,direct_debit_payment_not_recognised,COLLOQUIAL,25.0,2,6,8,0,0,0,0,0,,False
4670,direct_debit_payment_not_recognised,COLLOQUIAL,20.83,5,19,24,0,0,0,0,0,,False
4671,direct_debit_payment_not_recognised,COLLOQUIAL,22.22,2,7,9,0,0,0,0,0,,False
4672,direct_debit_payment_not_recognised,COLLOQUIAL,9.09,1,10,11,0,0,0,0,0,,False
4673,direct_debit_payment_not_recognised,COLLOQUIAL,14.29,2,12,14,0,0,0,0,0,,False
4674,direct_debit_payment_not_recognised,MIXED,2.44,1,40,41,0,0,0,0,0,,True
4675,direct_debit_payment_not_recognised,COLLOQUIAL,12.5,1,7,8,0,0,0,0,0,,False
4676,direct_debit_payment_not_recognised,COLLOQUIAL,11.76,2,15,17,0,0,0,0,0,,False
4677,direct_debit_payment_not_recognised,COLLOQUIAL,20.0,1,4,5,0,0,0,0,0,,False
4678,direct_debit_payment_not_recognised,MIXED,0.0,0,8,8,0,0,0,0,0,,True
4679,direct_debit_payment_not_recognised,COLLOQUIAL,12.5,1,7,8,0,0,0,0,0,,False
4680,direct_debit_payment_not_recognised,COLLOQUIAL,8.33,2,22,24,0,0,0,0,0,,False
4681,direct_debit_payment_not_recognised,COLLOQUIAL,25.0,2,6,8,0,0,0,0,0,,False
4682,direct_debit_payment_not_recognised,MIXED,0.0,0,10,10,0,0,0,0,0,,True
4683,direct_debit_payment_not_recognised,MIXED,0.0,0,6,6,0,0,0,0,0,,True
4684,direct_debit_payment_not_recognised,MIXED,0.0,0,17,17,0,0,0,0,0,,True
4685,direct_debit_payment_not_recognised,COLLOQUIAL,12.5,1,7,8,0,0,0,0,0,,False
4686,direct_debit_payment_not_recognised,MIXED,4.76,1,20,21,0,0,0,0,0,,True
4687,direct_debit_payment_not_recognised,MIXED,0.0,0,7,7,0,0,0,0,0,,True
4688,direct_debit_payment_not_recognised,COLLOQUIAL,12.5,1,7,8,0,0,0,0,0,,False
4689,direct_debit_payment_not_recognised,COLLOQUIAL,12.5,1,7,8,0,0,0,0,0,,False
4690,direct_debit_payment_not_recognised,COLLOQUIAL,14.29,1,6,7,0,0,0,0,0,,False
4691,direct_debit_payment_not_recognised,COLLOQUIAL,25.0,2,6,8,0,0,0,0,0,,False
4692,direct_debit_payment_not_recognised,COLLOQUIAL,33.33,3,6,9,0,0,0,0,0,,False
4693,direct_debit_payment_not_recognised,MIXED,0.0,0,38,38,0,0,0,0,0,,True
4694,direct_debit_payment_not_recognised,COLLOQUIAL,11.11,1,8,9,0,0,0,0,0,,False
4695,direct_debit_payment_not_recognised,COLLOQUIAL,14.29,1,6,7,0,0,0,0,0,,False
4696,direct_debit_payment_not_recognised,MIXED,0.0,0,12,12,0,0,0,0,0,,True
4697,direct_debit_payment_not_recognised,COLLOQUIAL,9.52,2,19,21,0,0,0,0,0,,False
4698,direct_debit_payment_not_recognised,COLLOQUIAL,22.22,2,7,9,0,0,0,0,0,,False
4699,direct_debit_payment_not_recognised,COLLOQUIAL,11.11,1,8,9,0,0,0,0,0,,False
4700,direct_debit_payment_not_recognised,MIXED,0.0,0,7,7,0,0,0,0,0,,True
4701,direct_debit_payment_not_recognised,COLLOQUIAL,6.25,1,15,16,0,0,0,0,0,,False
4702,direct_debit_payment_not_recognised,COLLOQUIAL,16.67,1,5,6,0,0,0,0,0,,False
4703,direct_debit_payment_not_recognised,COLLOQUIAL,8.33,1,11,12,0,0,0,0,0,,False
4704,direct_debit_payment_not_recognised,COLLOQUIAL,6.45,2,29,31,0,0,0,0,0,,False
4705,direct_debit_payment_not_recognised,COLLOQUIAL,22.22,2,7,9,0,0,0,0,0,,False
4706,direct_debit_payment_not_recognised,MIXED,0.0,0,29,29,0,0,0,0,0,,True
4707,direct_debit_payment_not_recognised,MIXED,0.0,0,6,6,0,0,0,0,0,,True
4708,direct_debit_payment_not_recognised,COLLOQUIAL,6.45,2,29,31,0,0,0,0,0,,False
4709,direct_debit_payment_not_recognised,COLLOQUIAL,11.11,1,8,9,0,0,0,0,0,,False
4710,direct_debit_payment_not_recognised,COLLOQUIAL,12.5,1,7,8,0,0,0,0,0,,False
4711,direct_debit_payment_not_recognised,COLLOQUIAL,14.29,1,6,7,0,0,0,0,0,,False
4712,direct_debit_payment_not_recognised,COLLOQUIAL,12.5,1,7,8,0,0,0,0,0,,False
4713,direct_debit_payment_not_recognised,COLLOQUIAL,16.67,2,10,12,0,0,0,0,0,,False
4714,direct_debit_payment_not_recognised,COLLOQUIAL,22.22,2,7,9,0,0,0,0,0,,False
4715,direct_debit_payment_not_recognised,COLLOQUIAL,20.0,2,8,10,0,0,0,0,0,,False
4716,direct_debit_payment_not_recognised,COLLOQUIAL,9.09,3,30,33,0,0,0,0,0,,False
4717,direct_debit_payment_not_recognised,MIXED,0.0,0,7,7,0,0,0,0,0,,True
4718,direct_debit_payment_not_recognised,COLLOQUIAL,9.68,3,28,31,0,0,0,0,0,,False
4719,direct_debit_payment_not_recognised,COLLOQUIAL,33.33,2,4,6,0,0,0,0,0,,False
4720,direct_debit_payment_not_recognised,COLLOQUIAL,8.33,1,11,12,0,0,0,0,0,,False
4721,direct_debit_payment_not_recognised,COLLOQUIAL,20.0,2,8,10,0,0,0,0,0,,False
4722,direct_debit_payment_not_recognised,COLLOQUIAL,10.0,1,9,10,0,0,0,0,0,,False
4723,direct_debit_payment_not_recognised,COLLOQUIAL,11.11,1,8,9,0,0,0,0,0,,False
4724,direct_debit_payment_not_recognised,COLLOQUIAL,8.33,1,11,12,0,0,0,0,0,,False
4725,direct_debit_payment_not_recognised,COLLOQUIAL,12.5,1,7,8,0,0,0,0,0,,False
4726,direct_debit_payment_not_recognised,COLLOQUIAL,7.14,2,26,28,0,0,0,0,0,,False
4727,direct_debit_payment_not_recognised,COLLOQUIAL,10.0,1,9,10,0,0,0,0,0,,False
4728,direct_debit_payment_not_recognised,COLLOQUIAL,20.0,2,8,10,0,0,0,0,0,,False
4729,direct_debit_payment_not_recognised,MIXED,0.0,0,7,7,0,0,0,0,0,,True
4730,direct_debit_payment_not_recognised,MIXED,0.0,0,8,8,0,0,0,0,0,,True
4731,direct_debit_payment_not_recognised,COLLOQUIAL,7.14,2,26,28,0,0,0,0,0,,False
4732,direct_debit_payment_not_recognised,COLLOQUIAL,25.0,2,6,8,0,0,0,0,0,,False
4733,direct_debit_payment_not_recognised,COLLOQUIAL,12.5,1,7,8,0,0,0,0,0,,False
4734,direct_debit_payment_not_recognised,COLLOQUIAL,14.29,1,6,7,0,0,0,0,0,,False
4735,direct_debit_payment_not_recognised,COLLOQUIAL,14.29,4,24,28,0,0,0,0,0,,False
4736,direct_debit_payment_not_recognised,COLLOQUIAL,20.0,2,8,10,0,0,0,0,0,,False
4737,direct_debit_payment_not_recognised,COLLOQUIAL,9.09,1,10,11,0,0,0,0,0,,False
4738,direct_debit_payment_not_recognised,COLLOQUIAL,30.0,3,7,10,0,0,0,0,0,,False
4739,direct_debit_payment_not_recognised,MIXED,0.0,0,7,7,0,0,0,0,0,,True
4740,direct_debit_payment_not_recognised,COLLOQUIAL,18.18,2,9,11,0,0,0,0,0,,False
4741,direct_debit_payment_not_recognised,COLLOQUIAL,22.22,2,7,9,0,0,0,0,0,,False
4742,direct_debit_payment_not_recognised,COLLOQUIAL,7.14,2,26,28,0,0,0,0,0,,False
4743,direct_debit_payment_not_recognised,COLLOQUIAL,9.09,1,10,11,0,0,0,0,0,,False
4744,direct_debit_payment_not_recognised,COLLOQUIAL,25.0,2,6,8,0,0,0,0,0,,False
4745,direct_debit_payment_not_recognised,COLLOQUIAL,8.33,2,22,24,0,0,0,0,0,,False
4746,direct_debit_payment_not_recognised,MIXED,0.0,0,8,8,0,0,0,0,0,,True
4747,direct_debit_payment_not_recognised,COLLOQUIAL,9.52,2,19,21,0,0,0,0,0,,False
4748,direct_debit_payment_not_recognised,COLLOQUIAL,12.5,1,7,8,0,0,0,0,0,,False
4749,direct_debit_payment_not_recognised,COLLOQUIAL,12.5,1,7,8,0,0,0,0,0,,False
4750,direct_debit_payment_not_recognised,COLLOQUIAL,22.22,2,7,9,0,0,0,0,0,,False
4751,direct_debit_payment_not_recognised,COLLOQUIAL,20.0,2,8,10,0,0,0,0,0,,False
4752,direct_debit_payment_not_recognised,COLLOQUIAL,22.22,2,7,9,0,0,0,0,0,,False
4753,direct_debit_payment_not_recognised,COLLOQUIAL,22.22,2,7,9,0,0,0,0,0,,False
4754,direct_debit_payment_not_recognised,COLLOQUIAL,33.33,3,6,9,0,0,0,0,0,,False
4755,direct_debit_payment_not_recognised,COLLOQUIAL,25.0,2,6,8,0,0,0,0,0,,False
4756,direct_debit_payment_not_recognised,COLLOQUIAL,30.0,3,7,10,0,0,0,0,0,,False
4757,direct_debit_payment_not_recognised,COLLOQUIAL,29.41,5,12,17,0,0,0,0,0,,False
4758,direct_debit_payment_not_recognised,MIXED,0.0,0,5,5,0,0,0,0,0,,True
4759,direct_debit_payment_not_recognised,COLLOQUIAL,30.0,3,7,10,0,0,0,0,0,,False
4760,direct_debit_payment_not_recognised,COLLOQUIAL,44.44,4,5,9,0,0,0,0,0,,False
4761,direct_debit_payment_not_recognised,COLLOQUIAL,22.22,2,7,9,0,0,0,0,0,,False
4762,direct_debit_payment_not_recognised,COLLOQUIAL,12.5,1,7,8,0,0,0,0,0,,False
4763,direct_debit_payment_not_recognised,COLLOQUIAL,50.0,2,2,4,0,0,0,0,0,,False
4764,direct_debit_payment_not_recognised,COLLOQUIAL,22.22,2,7,9,0,0,0,0,0,,False
4765,direct_debit_payment_not_recognised,COLLOQUIAL,20.0,1,4,5,0,0,0,0,0,,False
4766,direct_debit_payment_not_recognised,COLLOQUIAL,12.5,1,7,8,0,0,0,0,0,,False
4767,direct_debit_payment_not_recognised,COLLOQUIAL,20.59,7,27,34,0,0,0,0,0,,False
4768,direct_debit_payment_not_recognised,COLLOQUIAL,11.11,3,24,27,0,0,0,0,0,,False
4769,direct_debit_payment_not_recognised,COLLOQUIAL,33.33,3,6,9,0,0,0,0,0,,False
4770,direct_debit_payment_not_recognised,COLLOQUIAL,27.27,3,8,11,0,0,0,0,0,,False
4771,direct_debit_payment_not_recognised,COLLOQUIAL,16.67,1,5,6,0,0,0,0,0,,False
4772,direct_debit_payment_not_recognised,COLLOQUIAL,16.67,1,5,6,0,0,0,0,0,,False
4773,direct_debit_payment_not_recognised,COLLOQUIAL,14.29,1,6,7,0,0,0,0,0,,False
4774,direct_debit_payment_not_recognised,COLLOQUIAL,22.73,5,17,22,0,0,0,0,0,,False
4775,direct_debit_payment_not_recognised,COLLOQUIAL,25.0,2,6,8,0,0,0,0,0,,False
4776,direct_debit_payment_not_recognised,COLLOQUIAL,27.27,3,8,11,0,0,0,0,0,,False
4777,direct_debit_payment_not_recognised,COLLOQUIAL,33.33,3,6,9,0,0,0,0,0,,False
4778,direct_debit_payment_not_recognised,COLLOQUIAL,16.67,1,5,6,0,0,0,0,0,,False
4779,direct_debit_payment_not_recognised,COLLOQUIAL,25.0,2,6,8,0,0,0,0,0,,False
4780,direct_debit_payment_not_recognised,COLLOQUIAL,22.22,2,7,9,0,0,0,0,0,,False
4781,direct_debit_payment_not_recognised,COLLOQUIAL,11.11,1,8,9,0,0,0,0,0,,False
4782,direct_debit_payment_not_recognised,COLLOQUIAL,14.29,2,12,14,0,0,0,0,0,,False
4783,direct_debit_payment_not_recognised,COLLOQUIAL,20.0,2,8,10,0,0,0,0,0,,False
4784,direct_debit_payment_not_recognised,COLLOQUIAL,20.0,2,8,10,0,0,0,0,0,,False
4785,direct_debit_payment_not_recognised,COLLOQUIAL,18.18,4,18,22,0,0,0,0,0,,False
4786,direct_debit_payment_not_recognised,COLLOQUIAL,25.0,3,9,12,0,0,0,0,0,,False
4787,direct_debit_payment_not_recognised,COLLOQUIAL,30.0,3,7,10,0,0,0,0,0,,False
4788,direct_debit_payment_not_recognised,COLLOQUIAL,30.0,3,7,10,0,0,0,0,0,,False
4789,direct_debit_payment_not_recognised,COLLOQUIAL,20.0,2,8,10,0,0,0,0,0,,False
4790,direct_debit_payment_not_recognised,COLLOQUIAL,20.0,2,8,10,0,0,0,0,0,,False
4791,direct_debit_payment_not_recognised,COLLOQUIAL,30.0,3,7,10,0,0,0,0,0,,False
4792,direct_debit_payment_not_recognised,COLLOQUIAL,20.0,1,4,5,0,0,0,0,0,,False
4793,direct_debit_payment_not_recognised,COLLOQUIAL,19.23,5,21,26,0,0,0,0,0,,False
4794,direct_debit_payment_not_recognised,MIXED,0.0,0,9,9,0,0,0,0,0,,True
4795,direct_debit_payment_not_recognised,COLLOQUIAL,18.18,2,9,11,0,0,0,0,0,,False
4796,direct_debit_payment_not_recognised,COLLOQUIAL,8.0,2,23,25,0,0,0,0,0,,False
4797,direct_debit_payment_not_recognised,COLLOQUIAL,15.38,2,11,13,0,0,0,0,0,,False
4798,direct_debit_payment_not_recognised,COLLOQUIAL,18.18,2,9,11,0,0,0,0,0,,False
4799,direct_debit_payment_not_recognised,COLLOQUIAL,30.0,3,7,10,0,0,0,0,0,,False
4800,direct_debit_payment_not_recognised,COLLOQUIAL,22.22,2,7,9,0,0,0,0,0,,False
4801,direct_debit_payment_not_recognised,MIXED,0.0,0,29,29,0,0,0,0,0,,True
4802,direct_debit_payment_not_recognised,COLLOQUIAL,11.11,1,8,9,0,0,0,0,0,,False
4803,direct_debit_payment_not_recognised,COLLOQUIAL,28.57,2,5,7,0,0,0,0,0,,False
4804,direct_debit_payment_not_recognised,COLLOQUIAL,30.0,3,7,10,0,0,0,0,0,,False
4805,direct_debit_payment_not_recognised,COLLOQUIAL,10.0,1,9,10,0,0,0,0,0,,False
4806,direct_debit_payment_not_recognised,MIXED,0.0,0,8,8,0,0,0,0,0,,True
4807,direct_debit_payment_not_recognised,MIXED,4.35,1,22,23,0,0,0,0,0,,True
4808,direct_debit_payment_not_recognised,MIXED,4.76,1,20,21,0,0,0,0,0,,True
4809,direct_debit_payment_not_recognised,COLLOQUIAL,13.64,3,19,22,0,0,0,0,0,,False
4810,direct_debit_payment_not_recognised,COLLOQUIAL,12.5,1,7,8,0,0,0,0,0,,False
4811,direct_debit_payment_not_recognised,COLLOQUIAL,31.25,5,11,16,0,0,0,0,0,,False
4812,direct_debit_payment_not_recognised,COLLOQUIAL,23.53,4,13,17,0,0,0,0,0,,False
4813,direct_debit_payment_not_recognised,COLLOQUIAL,18.18,2,9,11,0,0,0,0,0,,False
4814,passcode_forgotten,COLLOQUIAL,22.22,2,7,9,0,0,0,0,0,,False
4815,passcode_forgotten,COLLOQUIAL,7.14,1,13,14,0,0,0,0,0,,False
4816,passcode_forgotten,MIXED,0.0,0,8,8,0,0,0,0,0,,True
4817,passcode_forgotten,MIXED,0.0,0,5,5,0,0,0,0,0,,True
4818,passcode_forgotten,COLLOQUIAL,12.5,1,7,8,0,0,0,0,0,,False
4819,passcode_forgotten,MIXED,0.0,0,4,4,0,0,0,0,0,,True
4820,passcode_forgotten,COLLOQUIAL,12.5,1,7,8,0,0,0,0,0,,False
4821,passcode_forgotten,MIXED,0.0,0,7,7,0,0,0,0,0,,True
4822,passcode_forgotten,MIXED,0.0,0,7,7,0,0,0,0,0,,True
4823,passcode_forgotten,MIXED,0.0,0,7,7,0,0,0,0,0,,True
4824,passcode_forgotten,COLLOQUIAL,16.67,1,5,6,0,0,0,0,0,,False
4825,passcode_forgotten,MIXED,0.0,0,5,5,0,0,0,0,0,,True
4826,passcode_forgotten,MIXED,0.0,0,4,4,0,0,0,0,0,,True
4827,passcode_forgotten,COLLOQUIAL,16.67,1,5,6,0,0,0,0,0,,False
4828,passcode_forgotten,MIXED,0.0,0,4,4,0,0,0,0,0,,True
4829,passcode_forgotten,MIXED,0.0,0,7,7,0,0,0,0,0,,True
4830,passcode_forgotten,MIXED,0.0,0,5,5,0,0,0,0,0,,True
4831,passcode_forgotten,COLLOQUIAL,33.33,1,2,3,0,0,0,0,0,,False
4832,passcode_forgotten,MIXED,0.0,0,6,6,0,0,0,0,0,,True
4833,passcode_forgotten,MIXED,0.0,0,5,5,0,0,0,0,0,,True
4834,passcode_forgotten,MIXED,0.0,0,4,4,0,0,0,0,0,,True
4835,passcode_forgotten,COLLOQUIAL,20.0,1,4,5,0,0,0,0,0,,False
4836,passcode_forgotten,MIXED,0.0,0,6,6,0,0,0,0,0,,True
4837,passcode_forgotten,COLLOQUIAL,12.5,1,7,8,0,0,0,0,0,,False
4838,passcode_forgotten,COLLOQUIAL,25.0,1,3,4,0,0,0,0,0,,False
4839,passcode_forgotten,MIXED,0.0,0,5,5,0,0,0,0,0,,True
4840,passcode_forgotten,COLLOQUIAL,16.67,1,5,6,0,0,0,0,0,,False
4841,passcode_forgotten,MIXED,0.0,0,5,5,0,0,0,0,0,,True
4842,passcode_forgotten,COLLOQUIAL,16.67,1,5,6,0,0,0,0,0,,False
4843,passcode_forgotten,COLLOQUIAL,16.67,1,5,6,0,0,0,0,0,,False
4844,passcode_forgotten,COLLOQUIAL,16.67,1,5,6,0,0,0,0,0,,False
4845,passcode_forgotten,MIXED,0.0,0,4,4,0,0,0,0,0,,True
4846,passcode_forgotten,COLLOQUIAL,9.09,1,10,11,0,0,0,0,0,,False
4847,passcode_forgotten,MIXED,0.0,0,2,2,0,0,0,0,0,,True
4848,passcode_forgotten,MIXED,0.0,0,4,4,0,0,0,0,0,,True
4849,passcode_forgotten,COLLOQUIAL,10.0,1,9,10,0,0,0,0,0,,False
4850,passcode_forgotten,MIXED,0.0,0,5,5,0,0,0,0,0,,True
4851,passcode_forgotten,COLLOQUIAL,50.0,2,2,4,0,0,0,0,0,,False
4852,passcode_forgotten,MIXED,0.0,0,4,4,0,0,0,0,0,,True
4853,passcode_forgotten,MIXED,0.0,0,4,4,0,0,0,0,0,,True
4854,passcode_forgotten,COLLOQUIAL,20.0,1,4,5,0,0,0,0,0,,False
4855,passcode_forgotten,COLLOQUIAL,20.0,2,8,10,0,0,0,0,0,,False
4856,passcode_forgotten,COLLOQUIAL,14.29,1,6,7,0,0,0,0,0,,False
4857,passcode_forgotten,MIXED,0.0,0,7,7,0,0,0,0,0,,True
4858,passcode_forgotten,MIXED,0.0,0,8,8,0,0,0,0,0,,True
4859,passcode_forgotten,COLLOQUIAL,25.0,1,3,4,0,0,0,0,0,,False
4860,passcode_forgotten,MIXED,0.0,0,7,7,0,0,0,0,0,,True
4861,passcode_forgotten,MIXED,0.0,0,6,6,0,0,0,0,0,,True
4862,passcode_forgotten,COLLOQUIAL,12.5,1,7,8,0,0,0,0,0,,False
4863,passcode_forgotten,MIXED,0.0,0,6,6,0,0,0,0,0,,True
4864,passcode_forgotten,MIXED,0.0,0,7,7,0,0,0,0,0,,True
4865,passcode_forgotten,COLLOQUIAL,11.11,1,8,9,0,0,0,0,0,,False
4866,passcode_forgotten,MIXED,0.0,0,9,9,0,0,0,0,0,,True
4867,passcode_forgotten,MIXED,0.0,0,5,5,0,0,0,0,0,,True
4868,passcode_forgotten,COLLOQUIAL,9.09,1,10,11,0,0,0,0,0,,False
4869,passcode_forgotten,MIXED,0.0,0,5,5,0,0,0,0,0,,True
4870,passcode_forgotten,MIXED,0.0,0,5,5,0,0,0,0,0,,True
4871,passcode_forgotten,COLLOQUIAL,33.33,1,2,3,0,0,0,0,0,,False
4872,passcode_forgotten,MIXED,0.0,0,7,7,0,0,0,0,0,,True
4873,passcode_forgotten,MIXED,0.0,0,6,6,0,0,0,0,0,,True
4874,passcode_forgotten,MIXED,0.0,0,6,6,0,0,0,0,0,,True
4875,passcode_forgotten,MIXED,0.0,0,4,4,0,0,0,0,0,,True
4876,passcode_forgotten,MIXED,0.0,0,4,4,0,0,0,0,0,,True
4877,passcode_forgotten,MIXED,0.0,0,6,6,0,0,0,0,0,,True
4878,passcode_forgotten,COLLOQUIAL,25.0,1,3,4,0,0,0,0,0,,False
4879,passcode_forgotten,COLLOQUIAL,28.57,2,5,7,0,0,0,0,0,,False
4880,passcode_forgotten,COLLOQUIAL,14.29,1,6,7,0,0,0,0,0,,False
4881,passcode_forgotten,MIXED,0.0,0,5,5,0,0,0,0,0,,True
4882,passcode_forgotten,MIXED,0.0,0,6,6,0,0,0,0,0,,True
4883,passcode_forgotten,MIXED,0.0,0,7,7,0,0,0,0,0,,True
4884,passcode_forgotten,MIXED,0.0,0,11,11,0,0,0,0,0,,True
4885,passcode_forgotten,COLLOQUIAL,12.5,1,7,8,0,0,0,0,0,,False
4886,passcode_forgotten,MIXED,0.0,0,4,4,0,0,0,0,0,,True
4887,passcode_forgotten,COLLOQUIAL,14.29,1,6,7,0,0,0,0,0,,False
4888,passcode_forgotten,MIXED,0.0,0,6,6,0,0,0,0,0,,True
4889,passcode_forgotten,COLLOQUIAL,50.0,1,1,2,0,0,0,0,0,,False
4890,passcode_forgotten,COLLOQUIAL,8.33,1,11,12,0,0,0,0,0,,False
4891,passcode_forgotten,COLLOQUIAL,9.09,1,10,11,0,0,0,0,0,,False
4892,passcode_forgotten,MIXED,0.0,0,7,7,0,0,0,0,0,,True
4893,passcode_forgotten,COLLOQUIAL,23.08,3,10,13,0,0,0,0,0,,False
4894,passcode_forgotten,MIXED,0.0,0,7,7,0,0,0,0,0,,True
4895,passcode_forgotten,MIXED,0.0,0,8,8,0,0,0,0,0,,True
4896,passcode_forgotten,COLLOQUIAL,16.67,1,5,6,0,0,0,0,0,,False
4897,passcode_forgotten,MIXED,0.0,0,5,5,0,0,0,0,0,,True
4898,passcode_forgotten,MIXED,0.0,0,4,4,0,0,0,0,0,,True
4899,passcode_forgotten,COLLOQUIAL,20.0,1,4,5,0,0,0,0,0,,False
4900,passcode_forgotten,MIXED,0.0,0,6,6,0,0,0,0,0,,True
4901,passcode_forgotten,COLLOQUIAL,16.67,1,5,6,0,0,0,0,0,,False
4902,passcode_forgotten,MIXED,0.0,0,9,9,0,0,0,0,0,,True
4903,passcode_forgotten,MIXED,0.0,0,5,5,0,0,0,0,0,,True
4904,passcode_forgotten,MIXED,0.0,0,4,4,0,0,0,0,0,,True
4905,passcode_forgotten,COLLOQUIAL,16.67,2,10,12,0,0,0,0,0,,False
4906,passcode_forgotten,MIXED,0.0,0,6,6,0,0,0,0,0,,True
4907,passcode_forgotten,MIXED,0.0,0,4,4,0,0,0,0,0,,True
4908,passcode_forgotten,MIXED,0.0,0,9,9,0,0,0,0,0,,True
4909,passcode_forgotten,MIXED,0.0,0,4,4,0,0,0,0,0,,True
4910,passcode_forgotten,MIXED,0.0,0,6,6,0,0,0,0,0,,True
4911,passcode_forgotten,MIXED,0.0,0,6,6,0,0,0,0,0,,True
4912,passcode_forgotten,COLLOQUIAL,25.0,1,3,4,0,0,0,0,0,,False
4913,passcode_forgotten,MIXED,0.0,0,6,6,0,0,0,0,0,,True
4914,passcode_forgotten,COLLOQUIAL,12.5,1,7,8,0,0,0,0,0,,False
4915,passcode_forgotten,MIXED,0.0,0,5,5,0,0,0,0,0,,True
4916,passcode_forgotten,MIXED,0.0,0,7,7,0,0,0,0,0,,True
4917,passcode_forgotten,COLLOQUIAL,11.11,1,8,9,0,0,0,0,0,,False
4918,passcode_forgotten,COLLOQUIAL,16.67,1,5,6,0,0,0,0,0,,False
4919,declined_cash_withdrawal,COLLOQUIAL,20.0,2,8,10,0,0,0,0,0,,False
4920,declined_cash_withdrawal,COLLOQUIAL,25.0,2,6,8,0,0,0,0,0,,False
4921,declined_cash_withdrawal,MIXED,0.0,0,5,5,0,0,0,0,0,,True
4922,declined_cash_withdrawal,COLLOQUIAL,7.69,1,12,13,0,0,0,0,0,,False
4923,declined_cash_withdrawal,COLLOQUIAL,12.5,1,7,8,0,0,0,0,0,,False
4924,declined_cash_withdrawal,COLLOQUIAL,11.11,1,8,9,0,0,0,0,0,,False
4925,declined_cash_withdrawal,MIXED,0.0,0,5,5,0,0,0,0,0,,True
4926,declined_cash_withdrawal,COLLOQUIAL,9.09,1,10,11,0,0,0,0,0,,False
4927,declined_cash_withdrawal,COLLOQUIAL,19.23,5,21,26,0,0,0,0,0,,False
4928,declined_cash_withdrawal,COLLOQUIAL,12.5,1,7,8,0,0,0,0,0,,False
4929,declined_cash_withdrawal,MIXED,0.0,0,9,9,0,0,0,0,0,,True
4930,declined_cash_withdrawal,COLLOQUIAL,20.0,1,4,5,0,0,0,0,0,,False
4931,declined_cash_withdrawal,MIXED,0.0,0,7,7,0,0,0,0,0,,True
4932,declined_cash_withdrawal,COLLOQUIAL,33.33,2,4,6,0,0,0,0,0,,False
4933,declined_cash_withdrawal,MIXED,0.0,0,5,5,0,0,0,0,0,,True
4934,declined_cash_withdrawal,MIXED,0.0,0,5,5,0,0,0,0,0,,True
4935,declined_cash_withdrawal,MIXED,0.0,0,7,7,0,0,0,0,0,,True
4936,declined_cash_withdrawal,MIXED,3.85,1,25,26,0,0,0,0,0,,True
4937,declined_cash_withdrawal,COLLOQUIAL,23.81,5,16,21,0,0,0,0,0,,False
4938,declined_cash_withdrawal,COLLOQUIAL,18.18,4,18,22,0,0,0,0,0,,False
4939,declined_cash_withdrawal,COLLOQUIAL,25.0,2,6,8,0,0,0,0,0,,False
4940,declined_cash_withdrawal,COLLOQUIAL,14.29,1,6,7,0,0,0,0,0,,False
4941,declined_cash_withdrawal,MIXED,0.0,0,4,4,0,0,0,0,0,,True
4942,declined_cash_withdrawal,COLLOQUIAL,22.22,2,7,9,0,0,0,0,0,,False
4943,declined_cash_withdrawal,COLLOQUIAL,20.0,1,4,5,0,0,0,0,0,,False
4944,declined_cash_withdrawal,COLLOQUIAL,40.0,3,2,5,0,0,0,0,0,,False
4945,declined_cash_withdrawal,MIXED,0.0,0,5,5,0,0,0,0,0,,True
4946,declined_cash_withdrawal,COLLOQUIAL,14.29,1,6,7,0,0,0,0,0,,False
4947,declined_cash_withdrawal,COLLOQUIAL,28.57,2,5,7,0,0,0,0,0,,False
4948,declined_cash_withdrawal,COLLOQUIAL,18.18,4,18,22,0,0,0,0,0,,False
4949,declined_cash_withdrawal,COLLOQUIAL,20.0,1,4,5,0,0,0,0,0,,False
4950,declined_cash_withdrawal,COLLOQUIAL,16.67,1,5,6,0,0,0,0,0,,False
4951,declined_cash_withdrawal,COLLOQUIAL,11.11,1,8,9,0,0,0,0,0,,False
4952,declined_cash_withdrawal,MIXED,0.0,0,7,7,0,0,0,0,0,,True
4953,declined_cash_withdrawal,COLLOQUIAL,28.57,2,5,7,0,0,0,0,0,,False
4954,declined_cash_withdrawal,COLLOQUIAL,18.18,2,9,11,0,0,0,0,0,,False
4955,declined_cash_withdrawal,COLLOQUIAL,20.69,6,23,29,0,0,0,0,0,,False
4956,declined_cash_withdrawal,COLLOQUIAL,16.67,2,10,12,0,0,0,0,0,,False
4957,declined_cash_withdrawal,COLLOQUIAL,29.63,8,19,27,0,0,0,0,0,,False
4958,declined_cash_withdrawal,COLLOQUIAL,18.18,4,18,22,0,0,0,0,0,,False
4959,declined_cash_withdrawal,COLLOQUIAL,28.57,2,5,7,0,0,0,0,0,,False
4960,declined_cash_withdrawal,COLLOQUIAL,8.33,1,11,12,0,0,0,0,0,,False
4961,declined_cash_withdrawal,COLLOQUIAL,40.0,2,3,5,0,0,0,0,0,,False
4962,declined_cash_withdrawal,COLLOQUIAL,14.29,1,6,7,0,0,0,0,0,,False
4963,declined_cash_withdrawal,COLLOQUIAL,31.58,6,13,19,0,0,0,0,0,,False
4964,declined_cash_withdrawal,COLLOQUIAL,23.81,5,16,21,0,0,0,0,0,,False
4965,declined_cash_withdrawal,COLLOQUIAL,25.0,2,6,8,0,0,0,0,0,,False
4966,declined_cash_withdrawal,COLLOQUIAL,24.14,7,22,29,0,0,0,0,0,,False
4967,declined_cash_withdrawal,COLLOQUIAL,25.0,3,9,12,0,0,0,0,0,,False
4968,declined_cash_withdrawal,COLLOQUIAL,30.0,6,14,20,0,0,0,0,0,,False
4969,declined_cash_withdrawal,COLLOQUIAL,11.11,1,8,9,0,0,0,0,0,,False
4970,declined_cash_withdrawal,COLLOQUIAL,39.13,9,14,23,0,0,0,0,0,,False
4971,declined_cash_withdrawal,COLLOQUIAL,16.67,1,5,6,0,0,0,0,0,,False
4972,declined_cash_withdrawal,COLLOQUIAL,25.0,6,18,24,0,0,0,0,0,,False
4973,declined_cash_withdrawal,COLLOQUIAL,28.57,2,5,7,0,0,0,0,0,,False
4974,declined_cash_withdrawal,COLLOQUIAL,40.0,4,6,10,0,0,0,0,0,,False
4975,declined_cash_withdrawal,COLLOQUIAL,25.0,3,9,12,0,0,0,0,0,,False
4976,declined_cash_withdrawal,COLLOQUIAL,11.11,1,8,9,0,0,0,0,0,,False
4977,declined_cash_withdrawal,COLLOQUIAL,15.38,2,11,13,0,0,0,0,0,,False
4978,declined_cash_withdrawal,COLLOQUIAL,14.29,1,6,7,0,0,0,0,0,,False
4979,declined_cash_withdrawal,COLLOQUIAL,11.11,1,8,9,0,0,0,0,0,,False
4980,declined_cash_withdrawal,COLLOQUIAL,30.77,8,18,26,0,0,0,0,0,,False
4981,declined_cash_withdrawal,COLLOQUIAL,31.25,5,11,16,0,0,0,0,0,,False
4982,declined_cash_withdrawal,COLLOQUIAL,17.65,3,14,17,0,0,0,0,0,,False
4983,declined_cash_withdrawal,COLLOQUIAL,16.67,1,5,6,0,0,0,0,0,,False
4984,declined_cash_withdrawal,COLLOQUIAL,20.0,4,16,20,0,0,0,0,0,,False
4985,declined_cash_withdrawal,COLLOQUIAL,24.0,6,19,25,0,0,0,0,0,,False
4986,declined_cash_withdrawal,COLLOQUIAL,14.29,1,6,7,0,0,0,0,0,,False
4987,declined_cash_withdrawal,COLLOQUIAL,40.0,2,3,5,0,0,0,0,0,,False
4988,declined_cash_withdrawal,COLLOQUIAL,25.0,3,9,12,0,0,0,0,0,,False
4989,declined_cash_withdrawal,COLLOQUIAL,14.29,1,6,7,0,0,0,0,0,,False
4990,declined_cash_withdrawal,COLLOQUIAL,33.33,2,4,6,0,0,0,0,0,,False
4991,declined_cash_withdrawal,COLLOQUIAL,12.5,1,7,8,0,0,0,0,0,,False
4992,declined_cash_withdrawal,COLLOQUIAL,18.18,2,9,11,0,0,0,0,0,,False
4993,declined_cash_withdrawal,COLLOQUIAL,31.25,5,11,16,0,0,0,0,0,,False
4994,declined_cash_withdrawal,COLLOQUIAL,13.04,3,20,23,0,0,0,0,0,,False
4995,declined_cash_withdrawal,MIXED,0.0,0,8,8,0,0,0,0,0,,True
4996,declined_cash_withdrawal,COLLOQUIAL,7.14,1,13,14,0,0,0,0,0,,False
4997,declined_cash_withdrawal,MIXED,0.0,0,6,6,0,0,0,0,0,,True
4998,declined_cash_withdrawal,MIXED,0.0,0,8,8,0,0,0,0,0,,True
4999,declined_cash_withdrawal,COLLOQUIAL,10.0,1,9,10,0,0,0,0,0,,False
5000,declined_cash_withdrawal,COLLOQUIAL,25.0,2,6,8,0,0,0,0,0,,False
5001,declined_cash_withdrawal,COLLOQUIAL,28.57,2,5,7,0,0,0,0,0,,False
5002,declined_cash_withdrawal,MIXED,0.0,0,6,6,0,0,0,0,0,,True
5003,declined_cash_withdrawal,COLLOQUIAL,9.09,1,10,11,0,0,0,0,0,,False
5004,declined_cash_withdrawal,COLLOQUIAL,20.0,4,16,20,0,0,0,0,0,,False
5005,declined_cash_withdrawal,COLLOQUIAL,8.33,1,11,12,0,0,0,0,0,,False
5006,declined_cash_withdrawal,COLLOQUIAL,10.0,3,27,30,0,0,0,0,0,,False
5007,declined_cash_withdrawal,MIXED,0.0,0,11,11,0,0,0,0,0,,True
5008,declined_cash_withdrawal,MIXED,0.0,0,29,29,0,0,0,0,0,,True
5009,declined_cash_withdrawal,COLLOQUIAL,11.54,3,23,26,0,0,0,0,0,,False
5010,declined_cash_withdrawal,COLLOQUIAL,16.67,2,10,12,0,0,0,0,0,,False
5011,declined_cash_withdrawal,MIXED,0.0,0,7,7,0,0,0,0,0,,True
5012,declined_cash_withdrawal,COLLOQUIAL,7.14,1,13,14,0,0,0,0,0,,False
5013,declined_cash_withdrawal,MIXED,0.0,0,28,28,0,0,0,0,0,,True
5014,declined_cash_withdrawal,MIXED,0.0,0,8,8,0,0,0,0,0,,True
5015,declined_cash_withdrawal,COLLOQUIAL,12.0,3,22,25,0,0,0,0,0,,False
5016,declined_cash_withdrawal,COLLOQUIAL,33.33,3,6,9,0,0,0,0,0,,False
5017,declined_cash_withdrawal,MIXED,0.0,0,6,6,0,0,0,0,0,,True
5018,declined_cash_withdrawal,COLLOQUIAL,14.29,1,6,7,0,0,0,0,0,,False
5019,declined_cash_withdrawal,MIXED,0.0,0,5,5,0,0,0,0,0,,True
5020,declined_cash_withdrawal,COLLOQUIAL,22.22,2,7,9,0,0,0,0,0,,False
5021,declined_cash_withdrawal,COLLOQUIAL,18.52,5,22,27,0,0,0,0,0,,False
5022,declined_cash_withdrawal,COLLOQUIAL,16.67,1,5,6,0,0,0,0,0,,False
5023,declined_cash_withdrawal,MIXED,0.0,0,11,11,0,0,0,0,0,,True
5024,declined_cash_withdrawal,COLLOQUIAL,20.0,1,4,5,0,0,0,0,0,,False
5025,declined_cash_withdrawal,COLLOQUIAL,33.33,2,4,6,0,0,0,0,0,,False
5026,declined_cash_withdrawal,MIXED,4.17,1,23,24,0,0,0,0,0,,True
5027,declined_cash_withdrawal,MIXED,0.0,0,7,7,0,0,0,0,0,,True
5028,declined_cash_withdrawal,MIXED,0.0,0,7,7,0,0,0,0,0,,True
5029,declined_cash_withdrawal,COLLOQUIAL,11.11,1,8,9,0,0,0,0,0,,False
5030,declined_cash_withdrawal,MIXED,0.0,0,8,8,0,0,0,0,0,,True
5031,declined_cash_withdrawal,COLLOQUIAL,16.67,1,5,6,0,0,0,0,0,,False
5032,declined_cash_withdrawal,COLLOQUIAL,33.33,1,2,3,0,0,0,0,0,,False
5033,declined_cash_withdrawal,COLLOQUIAL,28.57,2,5,7,0,0,0,0,0,,False
5034,declined_cash_withdrawal,COLLOQUIAL,16.67,1,5,6,0,0,0,0,0,,False
5035,declined_cash_withdrawal,COLLOQUIAL,25.0,2,6,8,0,0,0,0,0,,False
5036,declined_cash_withdrawal,COLLOQUIAL,33.33,2,4,6,0,0,0,0,0,,False
5037,declined_cash_withdrawal,COLLOQUIAL,36.36,4,7,11,0,0,0,0,0,,False
5038,declined_cash_withdrawal,COLLOQUIAL,12.5,1,7,8,0,0,0,0,0,,False
5039,declined_cash_withdrawal,COLLOQUIAL,40.0,2,3,5,0,0,0,0,0,,False
5040,declined_cash_withdrawal,COLLOQUIAL,28.57,2,5,7,0,0,0,0,0,,False
5041,declined_cash_withdrawal,COLLOQUIAL,14.29,1,6,7,0,0,0,0,0,,False
5042,declined_cash_withdrawal,COLLOQUIAL,30.77,4,9,13,0,0,0,0,0,,False
5043,declined_cash_withdrawal,COLLOQUIAL,20.0,1,4,5,0,0,0,0,0,,False
5044,declined_cash_withdrawal,COLLOQUIAL,23.33,7,23,30,0,0,0,0,0,,False
5045,declined_cash_withdrawal,COLLOQUIAL,27.78,5,13,18,0,0,0,0,0,,False
5046,declined_cash_withdrawal,COLLOQUIAL,40.0,2,3,5,0,0,0,0,0,,False
5047,declined_cash_withdrawal,COLLOQUIAL,11.11,1,8,9,0,0,0,0,0,,False
5048,declined_cash_withdrawal,COLLOQUIAL,33.33,5,10,15,0,0,0,0,0,,False
5049,declined_cash_withdrawal,COLLOQUIAL,18.18,2,9,11,0,0,0,0,0,,False
5050,declined_cash_withdrawal,COLLOQUIAL,32.14,9,19,28,0,0,0,0,0,,False
5051,declined_cash_withdrawal,COLLOQUIAL,20.0,1,4,5,0,0,0,0,0,,False
5052,declined_cash_withdrawal,COLLOQUIAL,27.27,3,8,11,0,0,0,0,0,,False
5053,declined_cash_withdrawal,COLLOQUIAL,23.08,3,10,13,0,0,0,0,0,,False
5054,declined_cash_withdrawal,COLLOQUIAL,26.92,7,19,26,0,0,0,0,0,,False
5055,declined_cash_withdrawal,COLLOQUIAL,13.64,3,19,22,0,0,0,0,0,,False
5056,declined_cash_withdrawal,COLLOQUIAL,11.11,1,8,9,0,0,0,0,0,,False
5057,declined_cash_withdrawal,COLLOQUIAL,25.0,2,6,8,0,0,0,0,0,,False
5058,declined_cash_withdrawal,COLLOQUIAL,16.67,1,5,6,0,0,0,0,0,,False
5059,declined_cash_withdrawal,COLLOQUIAL,14.81,4,23,27,0,0,0,0,0,,False
5060,declined_cash_withdrawal,COLLOQUIAL,33.33,2,4,6,0,0,0,0,0,,False
5061,declined_cash_withdrawal,COLLOQUIAL,22.22,2,7,9,0,0,0,0,0,,False
5062,declined_cash_withdrawal,COLLOQUIAL,37.5,3,5,8,0,0,0,0,0,,False
5063,declined_cash_withdrawal,MIXED,0.0,0,5,5,0,0,0,0,0,,True
5064,declined_cash_withdrawal,MIXED,0.0,0,6,6,0,0,0,0,0,,True
5065,declined_cash_withdrawal,COLLOQUIAL,17.65,3,14,17,0,0,0,0,0,,False
5066,declined_cash_withdrawal,COLLOQUIAL,22.22,2,7,9,0,0,0,0,0,,False
5067,declined_cash_withdrawal,COLLOQUIAL,33.33,2,4,6,0,0,0,0,0,,False
5068,declined_cash_withdrawal,COLLOQUIAL,16.22,6,31,37,0,0,0,0,0,,False
5069,declined_cash_withdrawal,COLLOQUIAL,8.33,1,11,12,0,0,0,0,0,,False
5070,declined_cash_withdrawal,COLLOQUIAL,23.53,4,13,17,0,0,0,0,0,,False
5071,declined_cash_withdrawal,COLLOQUIAL,16.67,1,5,6,0,0,0,0,0,,False
5072,declined_cash_withdrawal,COLLOQUIAL,27.27,3,8,11,0,0,0,0,0,,False
5073,declined_cash_withdrawal,COLLOQUIAL,12.5,1,7,8,0,0,0,0,0,,False
5074,declined_cash_withdrawal,COLLOQUIAL,13.04,3,20,23,0,0,0,0,0,,False
5075,declined_cash_withdrawal,COLLOQUIAL,27.27,3,8,11,0,0,0,0,0,,False
5076,declined_cash_withdrawal,COLLOQUIAL,40.0,2,3,5,0,0,0,0,0,,False
5077,declined_cash_withdrawal,COLLOQUIAL,8.0,2,23,25,0,0,0,0,0,,False
5078,declined_cash_withdrawal,COLLOQUIAL,17.24,5,24,29,0,0,0,0,0,,False
5079,declined_cash_withdrawal,COLLOQUIAL,23.53,4,13,17,0,0,0,0,0,,False
5080,declined_cash_withdrawal,COLLOQUIAL,28.57,2,5,7,0,0,0,0,0,,False
5081,declined_cash_withdrawal,COLLOQUIAL,28.57,2,5,7,0,0,0,0,0,,False
5082,declined_cash_withdrawal,COLLOQUIAL,16.67,1,5,6,0,0,0,0,0,,False
5083,declined_cash_withdrawal,COLLOQUIAL,38.46,5,8,13,0,0,0,0,0,,False
5084,declined_cash_withdrawal,COLLOQUIAL,42.86,3,4,7,0,0,0,0,0,,False
5085,declined_cash_withdrawal,COLLOQUIAL,33.33,2,4,6,0,0,0,0,0,,False
5086,declined_cash_withdrawal,MIXED,0.0,0,5,5,0,0,0,0,0,,True
5087,declined_cash_withdrawal,COLLOQUIAL,27.27,3,8,11,0,0,0,0,0,,False
5088,declined_cash_withdrawal,COLLOQUIAL,40.0,2,3,5,0,0,0,0,0,,False
5089,declined_cash_withdrawal,COLLOQUIAL,14.29,2,12,14,0,0,0,0,0,,False
5090,declined_cash_withdrawal,COLLOQUIAL,37.5,3,5,8,0,0,0,0,0,,False
5091,declined_cash_withdrawal,COLLOQUIAL,25.0,1,3,4,0,0,0,0,0,,False
5092,pending_card_payment,COLLOQUIAL,25.0,2,6,8,0,0,0,0,0,,False
5093,pending_card_payment,COLLOQUIAL,13.33,2,13,15,0,0,0,0,0,,False
5094,pending_card_payment,COLLOQUIAL,22.22,2,7,9,0,0,0,0,0,,False
5095,pending_card_payment,COLLOQUIAL,22.22,2,7,9,0,0,0,0,0,,False
5096,pending_card_payment,COLLOQUIAL,14.29,1,6,7,0,0,0,0,0,,False
5097,pending_card_payment,COLLOQUIAL,15.79,3,16,19,0,0,0,0,0,,False
5098,pending_card_payment,COLLOQUIAL,33.33,2,4,6,0,0,0,0,0,,False
5099,pending_card_payment,COLLOQUIAL,18.75,3,13,16,0,0,0,0,0,,False
5100,pending_card_payment,COLLOQUIAL,42.86,3,4,7,0,0,0,0,0,,False
5101,pending_card_payment,COLLOQUIAL,42.86,3,4,7,0,0,0,0,0,,False
5102,pending_card_payment,COLLOQUIAL,13.33,2,13,15,0,0,0,0,0,,False
5103,pending_card_payment,COLLOQUIAL,20.0,2,8,10,0,0,0,0,0,,False
5104,pending_card_payment,COLLOQUIAL,30.0,3,7,10,0,0,0,0,0,,False
5105,pending_card_payment,COLLOQUIAL,25.0,2,6,8,0,0,0,0,0,,False
5106,pending_card_payment,COLLOQUIAL,10.53,2,17,19,0,0,0,0,0,,False
5107,pending_card_payment,COLLOQUIAL,11.11,1,8,9,0,0,0,0,0,,False
5108,pending_card_payment,COLLOQUIAL,50.0,3,3,6,0,0,0,0,0,,False
5109,pending_card_payment,COLLOQUIAL,17.65,3,14,17,0,0,0,0,0,,False
5110,pending_card_payment,COLLOQUIAL,16.67,1,5,6,0,0,0,0,0,,False
5111,pending_card_payment,COLLOQUIAL,11.76,2,15,17,0,0,0,0,0,,False
5112,pending_card_payment,COLLOQUIAL,14.29,1,6,7,0,0,0,0,0,,False
5113,pending_card_payment,COLLOQUIAL,14.29,1,6,7,0,0,0,0,0,,False
5114,pending_card_payment,COLLOQUIAL,19.05,4,17,21,0,0,0,0,0,,False
5115,pending_card_payment,COLLOQUIAL,28.57,2,5,7,0,0,0,0,0,,False
5116,pending_card_payment,COLLOQUIAL,25.0,2,6,8,0,0,0,0,0,,False
5117,pending_card_payment,COLLOQUIAL,44.44,4,5,9,0,0,0,0,0,,False
5118,pending_card_payment,COLLOQUIAL,37.5,3,5,8,0,0,0,0,0,,False
5119,pending_card_payment,COLLOQUIAL,16.0,4,21,25,0,0,0,0,0,,False
5120,pending_card_payment,COLLOQUIAL,37.5,3,5,8,0,0,0,0,0,,False
5121,pending_card_payment,COLLOQUIAL,33.33,3,6,9,0,0,0,0,0,,False
5122,pending_card_payment,COLLOQUIAL,28.57,2,5,7,0,0,0,0,0,,False
5123,pending_card_payment,COLLOQUIAL,37.5,3,5,8,0,0,0,0,0,,False
5124,pending_card_payment,COLLOQUIAL,40.0,2,3,5,0,0,0,0,0,,False
5125,pending_card_payment,COLLOQUIAL,28.57,2,5,7,0,0,0,0,0,,False
5126,pending_card_payment,COLLOQUIAL,18.18,2,9,11,0,0,0,0,0,,False
5127,pending_card_payment,COLLOQUIAL,23.81,5,16,21,0,0,0,0,0,,False
5128,pending_card_payment,COLLOQUIAL,44.44,4,5,9,0,0,0,0,0,,False
5129,pending_card_payment,COLLOQUIAL,30.0,3,7,10,0,0,0,0,0,,False
5130,pending_card_payment,COLLOQUIAL,33.33,3,6,9,0,0,0,0,0,,False
5131,pending_card_payment,COLLOQUIAL,40.0,3,2,5,0,0,0,0,0,,False
5132,pending_card_payment,COLLOQUIAL,26.67,4,11,15,0,0,0,0,0,,False
5133,pending_card_payment,COLLOQUIAL,23.08,3,10,13,0,0,0,0,0,,False
5134,pending_card_payment,COLLOQUIAL,30.0,3,7,10,0,0,0,0,0,,False
5135,pending_card_payment,COLLOQUIAL,12.5,1,7,8,0,0,0,0,0,,False
5136,pending_card_payment,COLLOQUIAL,16.67,1,5,6,0,0,0,0,0,,False
5137,pending_card_payment,COLLOQUIAL,12.5,1,7,8,0,0,0,0,0,,False
5138,pending_card_payment,COLLOQUIAL,29.41,5,12,17,0,0,0,0,0,,False
5139,pending_card_payment,COLLOQUIAL,40.0,2,3,5,0,0,0,0,0,,False
5140,pending_card_payment,COLLOQUIAL,28.57,2,5,7,0,0,0,0,0,,False
5141,pending_card_payment,COLLOQUIAL,13.64,3,19,22,0,0,0,0,0,,False
5142,pending_card_payment,COLLOQUIAL,14.29,1,6,7,0,0,0,0,0,,False
5143,pending_card_payment,COLLOQUIAL,25.0,2,6,8,0,0,0,0,0,,False
5144,pending_card_payment,COLLOQUIAL,20.0,1,4,5,0,0,0,0,0,,False
5145,pending_card_payment,COLLOQUIAL,40.0,3,2,5,0,0,0,0,0,,False
5146,pending_card_payment,COLLOQUIAL,18.18,2,9,11,0,0,0,0,0,,False
5147,pending_card_payment,COLLOQUIAL,42.86,3,4,7,0,0,0,0,0,,False
5148,pending_card_payment,COLLOQUIAL,19.05,4,17,21,0,0,0,0,0,,False
5149,pending_card_payment,COLLOQUIAL,28.57,6,15,21,0,0,0,0,0,,False
5150,pending_card_payment,COLLOQUIAL,20.0,3,12,15,0,0,0,0,0,,False
5151,pending_card_payment,COLLOQUIAL,17.65,3,14,17,0,0,0,0,0,,False
5152,pending_card_payment,COLLOQUIAL,13.33,2,13,15,0,0,0,0,0,,False
5153,pending_card_payment,COLLOQUIAL,33.33,2,4,6,0,0,0,0,0,,False
5154,pending_card_payment,COLLOQUIAL,14.29,1,6,7,0,0,0,0,0,,False
5155,pending_card_payment,COLLOQUIAL,20.0,2,8,10,0,0,0,0,0,,False
5156,pending_card_payment,COLLOQUIAL,28.57,2,5,7,0,0,0,0,0,,False
5157,pending_card_payment,COLLOQUIAL,18.18,4,18,22,0,0,0,0,0,,False
5158,pending_card_payment,COLLOQUIAL,19.05,4,17,21,0,0,0,0,0,,False
5159,pending_card_payment,COLLOQUIAL,18.52,5,22,27,0,0,0,0,0,,False
5160,pending_card_payment,COLLOQUIAL,25.0,1,3,4,0,0,0,0,0,,False
5161,pending_card_payment,COLLOQUIAL,26.67,4,11,15,0,0,0,0,0,,False
5162,pending_card_payment,COLLOQUIAL,20.0,2,8,10,0,0,0,0,0,,False
5163,pending_card_payment,COLLOQUIAL,37.5,3,5,8,0,0,0,0,0,,False
5164,pending_card_payment,COLLOQUIAL,37.5,3,5,8,0,0,0,0,0,,False
5165,pending_card_payment,COLLOQUIAL,20.0,3,12,15,0,0,0,0,0,,False
5166,pending_card_payment,COLLOQUIAL,19.05,4,17,21,0,0,0,0,0,,False
5167,pending_card_payment,COLLOQUIAL,40.0,2,3,5,0,0,0,0,0,,False
5168,pending_card_payment,COLLOQUIAL,11.11,3,24,27,0,0,0,0,0,,False
5169,pending_card_payment,COLLOQUIAL,32.0,8,17,25,0,0,0,0,0,,False
5170,pending_card_payment,COLLOQUIAL,20.0,2,8,10,0,0,0,0,0,,False
5171,pending_card_payment,COLLOQUIAL,37.5,3,5,8,0,0,0,0,0,,False
5172,pending_card_payment,COLLOQUIAL,19.23,5,21,26,0,0,0,0,0,,False
5173,pending_card_payment,COLLOQUIAL,33.33,2,4,6,0,0,0,0,0,,False
5174,pending_card_payment,COLLOQUIAL,20.0,3,12,15,0,0,0,0,0,,False
5175,pending_card_payment,COLLOQUIAL,28.57,2,5,7,0,0,0,0,0,,False
5176,pending_card_payment,COLLOQUIAL,50.0,1,1,2,0,0,0,0,0,,False
5177,pending_card_payment,COLLOQUIAL,30.0,3,7,10,0,0,0,0,0,,False
5178,pending_card_payment,COLLOQUIAL,22.22,2,7,9,0,0,0,0,0,,False
5179,pending_card_payment,COLLOQUIAL,20.0,3,12,15,0,0,0,0,0,,False
5180,pending_card_payment,COLLOQUIAL,25.0,2,6,8,0,0,0,0,0,,False
5181,pending_card_payment,COLLOQUIAL,20.0,2,8,10,0,0,0,0,0,,False
5182,pending_card_payment,COLLOQUIAL,9.09,1,10,11,0,0,0,0,0,,False
5183,pending_card_payment,COLLOQUIAL,30.77,4,9,13,0,0,0,0,0,,False
5184,pending_card_payment,COLLOQUIAL,26.32,5,14,19,0,0,0,0,0,,False
5185,pending_card_payment,COLLOQUIAL,15.79,3,16,19,0,0,0,0,0,,False
5186,pending_card_payment,COLLOQUIAL,20.0,1,4,5,0,0,0,0,0,,False
5187,pending_card_payment,COLLOQUIAL,36.36,4,7,11,0,0,0,0,0,,False
5188,pending_card_payment,COLLOQUIAL,10.0,1,9,10,0,0,0,0,0,,False
5189,pending_card_payment,COLLOQUIAL,33.33,3,6,9,0,0,0,0,0,,False
5190,pending_card_payment,COLLOQUIAL,17.39,4,19,23,0,0,0,0,0,,False
5191,pending_card_payment,COLLOQUIAL,28.57,2,5,7,0,0,0,0,0,,False
5192,pending_card_payment,COLLOQUIAL,42.86,3,4,7,0,0,0,0,0,,False
5193,pending_card_payment,COLLOQUIAL,33.33,2,4,6,0,0,0,0,0,,False
5194,pending_card_payment,COLLOQUIAL,18.18,2,9,11,0,0,0,0,0,,False
5195,pending_card_payment,COLLOQUIAL,25.0,2,6,8,0,0,0,0,0,,False
5196,pending_card_payment,COLLOQUIAL,37.5,3,5,8,0,0,0,0,0,,False
5197,pending_card_payment,COLLOQUIAL,5.88,1,16,17,0,0,0,0,0,,False
5198,pending_card_payment,COLLOQUIAL,40.0,2,3,5,0,0,0,0,0,,False
5199,pending_card_payment,COLLOQUIAL,20.0,1,4,5,0,0,0,0,0,,False
5200,pending_card_payment,COLLOQUIAL,25.0,2,6,8,0,0,0,0,0,,False
5201,pending_card_payment,COLLOQUIAL,18.18,2,9,11,0,0,0,0,0,,False
5202,pending_card_payment,COLLOQUIAL,16.67,3,15,18,0,0,0,0,0,,False
5203,pending_card_payment,COLLOQUIAL,36.36,4,7,11,0,0,0,0,0,,False
5204,pending_card_payment,COLLOQUIAL,28.57,2,5,7,0,0,0,0,0,,False
5205,pending_card_payment,COLLOQUIAL,16.67,1,5,6,0,0,0,0,0,,False
5206,pending_card_payment,COLLOQUIAL,25.0,2,6,8,0,0,0,0,0,,False
5207,pending_card_payment,COLLOQUIAL,30.0,3,7,10,0,0,0,0,0,,False
5208,pending_card_payment,COLLOQUIAL,33.33,3,6,9,0,0,0,0,0,,False
5209,pending_card_payment,COLLOQUIAL,30.0,3,7,10,0,0,0,0,0,,False
5210,pending_card_payment,COLLOQUIAL,28.57,2,5,7,0,0,0,0,0,,False
5211,pending_card_payment,COLLOQUIAL,33.33,2,4,6,0,0,0,0,0,,False
5212,pending_card_payment,COLLOQUIAL,11.11,2,16,18,0,0,0,0,0,,False
5213,pending_card_payment,COLLOQUIAL,10.0,1,9,10,0,0,0,0,0,,False
5214,pending_card_payment,COLLOQUIAL,28.57,4,10,14,0,0,0,0,0,,False
5215,pending_card_payment,COLLOQUIAL,20.0,4,16,20,0,0,0,0,0,,False
5216,pending_card_payment,COLLOQUIAL,21.74,5,18,23,0,0,0,0,0,,False
5217,pending_card_payment,COLLOQUIAL,50.0,3,3,6,0,0,0,0,0,,False
5218,pending_card_payment,COLLOQUIAL,28.57,2,5,7,0,0,0,0,0,,False
5219,pending_card_payment,COLLOQUIAL,30.0,3,7,10,0,0,0,0,0,,False
5220,pending_card_payment,COLLOQUIAL,30.0,3,7,10,0,0,0,0,0,,False
5221,pending_card_payment,COLLOQUIAL,22.22,2,7,9,0,0,0,0,0,,False
5222,pending_card_payment,COLLOQUIAL,6.67,1,14,15,0,0,0,0,0,,False
5223,pending_card_payment,COLLOQUIAL,12.5,2,14,16,0,0,0,0,0,,False
5224,pending_card_payment,COLLOQUIAL,12.5,1,7,8,0,0,0,0,0,,False
5225,pending_card_payment,COLLOQUIAL,20.0,1,4,5,0,0,0,0,0,,False
5226,pending_card_payment,COLLOQUIAL,33.33,2,4,6,0,0,0,0,0,,False
5227,pending_card_payment,COLLOQUIAL,22.22,2,7,9,0,0,0,0,0,,False
5228,pending_card_payment,COLLOQUIAL,16.67,3,15,18,0,0,0,0,0,,False
5229,pending_card_payment,COLLOQUIAL,16.67,1,5,6,0,0,0,0,0,,False
5230,pending_card_payment,COLLOQUIAL,28.57,2,5,7,0,0,0,0,0,,False
5231,pending_card_payment,COLLOQUIAL,22.22,2,7,9,0,0,0,0,0,,False
5232,pending_card_payment,COLLOQUIAL,25.0,5,15,20,0,0,0,0,0,,False
5233,pending_card_payment,COLLOQUIAL,33.33,3,6,9,0,0,0,0,0,,False
5234,pending_card_payment,COLLOQUIAL,26.32,5,14,19,0,0,0,0,0,,False
5235,pending_card_payment,COLLOQUIAL,20.0,1,4,5,0,0,0,0,0,,False
5236,pending_card_payment,COLLOQUIAL,33.33,2,4,6,0,0,0,0,0,,False
5237,pending_card_payment,COLLOQUIAL,33.33,2,4,6,0,0,0,0,0,,False
5238,pending_card_payment,COLLOQUIAL,37.5,3,5,8,0,0,0,0,0,,False
5239,pending_card_payment,COLLOQUIAL,25.0,2,6,8,0,0,0,0,0,,False
5240,pending_card_payment,COLLOQUIAL,26.67,4,11,15,0,0,0,0,0,,False
5241,pending_card_payment,COLLOQUIAL,28.57,2,5,7,0,0,0,0,0,,False
5242,pending_card_payment,COLLOQUIAL,28.57,4,10,14,0,0,0,0,0,,False
5243,pending_card_payment,COLLOQUIAL,30.0,3,7,10,0,0,0,0,0,,False
5244,pending_card_payment,COLLOQUIAL,33.33,2,4,6,0,0,0,0,0,,False
5245,pending_card_payment,COLLOQUIAL,17.65,3,14,17,0,0,0,0,0,,False
5246,pending_card_payment,COLLOQUIAL,10.0,1,9,10,0,0,0,0,0,,False
5247,pending_card_payment,COLLOQUIAL,20.0,2,8,10,0,0,0,0,0,,False
5248,pending_card_payment,COLLOQUIAL,8.33,1,11,12,0,0,0,0,0,,False
5249,pending_card_payment,COLLOQUIAL,22.22,4,14,18,0,0,0,0,0,,False
5250,pending_card_payment,COLLOQUIAL,28.57,2,5,7,0,0,0,0,0,,False
5251,lost_or_stolen_phone,COLLOQUIAL,12.5,1,7,8,0,0,0,0,0,,False
5252,lost_or_stolen_phone,COLLOQUIAL,14.29,1,6,7,0,0,0,0,0,,False
5253,lost_or_stolen_phone,COLLOQUIAL,16.67,1,5,6,0,0,0,0,0,,False
5254,lost_or_stolen_phone,MIXED,0.0,0,7,7,0,0,0,0,0,,True
5255,lost_or_stolen_phone,COLLOQUIAL,14.29,2,12,14,0,0,0,0,0,,False
5256,lost_or_stolen_phone,COLLOQUIAL,14.29,1,6,7,0,0,0,0,0,,False
5257,lost_or_stolen_phone,COLLOQUIAL,28.57,2,5,7,0,0,0,0,0,,False
5258,lost_or_stolen_phone,COLLOQUIAL,18.75,3,13,16,0,0,0,0,0,,False
5259,lost_or_stolen_phone,MIXED,0.0,0,8,8,0,0,0,0,0,,True
5260,lost_or_stolen_phone,COLLOQUIAL,8.33,1,11,12,0,0,0,0,0,,False
5261,lost_or_stolen_phone,COLLOQUIAL,16.67,2,10,12,0,0,0,0,0,,False
5262,lost_or_stolen_phone,COLLOQUIAL,33.33,1,2,3,0,0,0,0,0,,False
5263,lost_or_stolen_phone,COLLOQUIAL,18.75,3,13,16,0,0,0,0,0,,False
5264,lost_or_stolen_phone,COLLOQUIAL,10.0,1,9,10,0,0,0,0,0,,False
5265,lost_or_stolen_phone,COLLOQUIAL,25.0,2,6,8,0,0,0,0,0,,False
5266,lost_or_stolen_phone,MIXED,0.0,0,7,7,0,0,0,0,0,,True
5267,lost_or_stolen_phone,COLLOQUIAL,17.65,3,14,17,0,0,0,0,0,,False
5268,lost_or_stolen_phone,COLLOQUIAL,9.09,1,10,11,0,0,0,0,0,,False
5269,lost_or_stolen_phone,COLLOQUIAL,14.29,1,6,7,0,0,0,0,0,,False
5270,lost_or_stolen_phone,COLLOQUIAL,11.11,1,8,9,0,0,0,0,0,,False
5271,lost_or_stolen_phone,COLLOQUIAL,20.0,1,4,5,0,0,0,0,0,,False
5272,lost_or_stolen_phone,COLLOQUIAL,20.0,2,8,10,0,0,0,0,0,,False
5273,lost_or_stolen_phone,COLLOQUIAL,14.29,2,12,14,0,0,0,0,0,,False
5274,lost_or_stolen_phone,COLLOQUIAL,17.65,3,14,17,0,0,0,0,0,,False
5275,lost_or_stolen_phone,COLLOQUIAL,14.29,1,6,7,0,0,0,0,0,,False
5276,lost_or_stolen_phone,COLLOQUIAL,14.29,1,6,7,0,0,0,0,0,,False
5277,lost_or_stolen_phone,COLLOQUIAL,11.11,2,16,18,0,0,0,0,0,,False
5278,lost_or_stolen_phone,COLLOQUIAL,23.08,3,10,13,0,0,0,0,0,,False
5279,lost_or_stolen_phone,COLLOQUIAL,16.67,1,5,6,0,0,0,0,0,,False
5280,lost_or_stolen_phone,COLLOQUIAL,22.22,2,7,9,0,0,0,0,0,,False
5281,lost_or_stolen_phone,COLLOQUIAL,8.33,1,11,12,0,0,0,0,0,,False
5282,lost_or_stolen_phone,COLLOQUIAL,11.76,2,15,17,0,0,0,0,0,,False
5283,lost_or_stolen_phone,COLLOQUIAL,30.0,3,7,10,0,0,0,0,0,,False
5284,lost_or_stolen_phone,COLLOQUIAL,10.0,1,9,10,0,0,0,0,0,,False
5285,lost_or_stolen_phone,COLLOQUIAL,15.38,2,11,13,0,0,0,0,0,,False
5286,lost_or_stolen_phone,COLLOQUIAL,16.67,2,10,12,0,0,0,0,0,,False
5287,lost_or_stolen_phone,COLLOQUIAL,33.33,2,4,6,0,0,0,0,0,,False
5288,lost_or_stolen_phone,COLLOQUIAL,16.67,1,5,6,0,0,0,0,0,,False
5289,lost_or_stolen_phone,COLLOQUIAL,16.67,2,10,12,0,0,0,0,0,,False
5290,lost_or_stolen_phone,MIXED,0.0,0,7,7,0,0,0,0,0,,True
5291,lost_or_stolen_phone,COLLOQUIAL,20.0,2,8,10,0,0,0,0,0,,False
5292,lost_or_stolen_phone,COLLOQUIAL,11.11,1,8,9,0,0,0,0,0,,False
5293,lost_or_stolen_phone,COLLOQUIAL,12.5,1,7,8,0,0,0,0,0,,False
5294,lost_or_stolen_phone,MIXED,0.0,0,7,7,0,0,0,0,0,,True
5295,lost_or_stolen_phone,MIXED,0.0,0,6,6,0,0,0,0,0,,True
5296,lost_or_stolen_phone,COLLOQUIAL,12.5,1,7,8,0,0,0,0,0,,False
5297,lost_or_stolen_phone,MIXED,0.0,0,9,9,0,0,0,0,0,,True
5298,lost_or_stolen_phone,COLLOQUIAL,14.29,1,6,7,0,0,0,0,0,,False
5299,lost_or_stolen_phone,COLLOQUIAL,18.75,3,13,16,0,0,0,0,0,,False
5300,lost_or_stolen_phone,COLLOQUIAL,16.67,2,10,12,0,0,0,0,0,,False
5301,lost_or_stolen_phone,COLLOQUIAL,20.0,2,8,10,0,0,0,0,0,,False
5302,lost_or_stolen_phone,COLLOQUIAL,15.0,3,17,20,0,0,0,0,0,,False
5303,lost_or_stolen_phone,COLLOQUIAL,22.22,2,7,9,0,0,0,0,0,,False
5304,lost_or_stolen_phone,COLLOQUIAL,25.0,1,3,4,0,0,0,0,0,,False
5305,lost_or_stolen_phone,COLLOQUIAL,16.67,1,5,6,0,0,0,0,0,,False
5306,lost_or_stolen_phone,MIXED,0.0,0,4,4,0,0,0,0,0,,True
5307,lost_or_stolen_phone,MIXED,0.0,0,7,7,0,0,0,0,0,,True
5308,lost_or_stolen_phone,COLLOQUIAL,20.0,3,12,15,0,0,0,0,0,,False
5309,lost_or_stolen_phone,COLLOQUIAL,25.0,2,6,8,0,0,0,0,0,,False
5310,lost_or_stolen_phone,COLLOQUIAL,15.38,2,11,13,0,0,0,0,0,,False
5311,lost_or_stolen_phone,COLLOQUIAL,20.0,2,8,10,0,0,0,0,0,,False
5312,lost_or_stolen_phone,COLLOQUIAL,9.09,1,10,11,0,0,0,0,0,,False
5313,lost_or_stolen_phone,COLLOQUIAL,50.0,1,1,2,0,0,0,0,0,,False
5314,lost_or_stolen_phone,COLLOQUIAL,11.11,1,8,9,0,0,0,0,0,,False
5315,lost_or_stolen_phone,COLLOQUIAL,6.67,1,14,15,0,0,0,0,0,,False
5316,lost_or_stolen_phone,COLLOQUIAL,20.0,2,8,10,0,0,0,0,0,,False
5317,lost_or_stolen_phone,COLLOQUIAL,16.67,1,5,6,0,0,0,0,0,,False
5318,lost_or_stolen_phone,COLLOQUIAL,9.09,1,10,11,0,0,0,0,0,,False
5319,lost_or_stolen_phone,COLLOQUIAL,12.5,1,7,8,0,0,0,0,0,,False
5320,lost_or_stolen_phone,COLLOQUIAL,15.38,2,11,13,0,0,0,0,0,,False
5321,lost_or_stolen_phone,COLLOQUIAL,10.0,1,9,10,0,0,0,0,0,,False
5322,lost_or_stolen_phone,COLLOQUIAL,22.22,2,7,9,0,0,0,0,0,,False
5323,lost_or_stolen_phone,COLLOQUIAL,20.0,1,4,5,0,0,0,0,0,,False
5324,lost_or_stolen_phone,COLLOQUIAL,20.0,3,12,15,0,0,0,0,0,,False
5325,lost_or_stolen_phone,COLLOQUIAL,11.11,1,8,9,0,0,0,0,0,,False
5326,lost_or_stolen_phone,MIXED,0.0,0,7,7,0,0,0,0,0,,True
5327,lost_or_stolen_phone,COLLOQUIAL,33.33,1,2,3,0,0,0,0,0,,False
5328,lost_or_stolen_phone,MIXED,20.0,1,4,5,1,0,0,0,0,formal_verbs:thirudappatta,True
5329,lost_or_stolen_phone,COLLOQUIAL,9.09,1,10,11,0,0,0,0,0,,False
5330,lost_or_stolen_phone,COLLOQUIAL,16.67,1,5,6,0,0,0,0,0,,False
5331,lost_or_stolen_phone,COLLOQUIAL,11.11,1,8,9,0,0,0,0,0,,False
5332,lost_or_stolen_phone,COLLOQUIAL,20.0,2,8,10,0,0,0,0,0,,False
5333,lost_or_stolen_phone,COLLOQUIAL,12.5,1,7,8,0,0,0,0,0,,False
5334,lost_or_stolen_phone,COLLOQUIAL,7.14,1,13,14,0,0,0,0,0,,False
5335,lost_or_stolen_phone,COLLOQUIAL,20.0,1,4,5,0,0,0,0,0,,False
5336,lost_or_stolen_phone,MIXED,0.0,0,7,7,0,0,0,0,0,,True
5337,lost_or_stolen_phone,COLLOQUIAL,12.5,1,7,8,0,0,0,0,0,,False
5338,lost_or_stolen_phone,COLLOQUIAL,14.29,1,6,7,0,0,0,0,0,,False
5339,lost_or_stolen_phone,COLLOQUIAL,14.29,1,6,7,0,0,0,0,0,,False
5340,lost_or_stolen_phone,MIXED,0.0,0,12,12,0,0,0,0,0,,True
5341,lost_or_stolen_phone,COLLOQUIAL,11.11,1,8,9,0,0,0,0,0,,False
5342,lost_or_stolen_phone,COLLOQUIAL,20.0,1,4,5,0,0,0,0,0,,False
5343,lost_or_stolen_phone,MIXED,0.0,0,14,14,0,0,0,0,0,,True
5344,lost_or_stolen_phone,COLLOQUIAL,16.67,1,5,6,0,0,0,0,0,,False
5345,lost_or_stolen_phone,COLLOQUIAL,12.5,1,7,8,0,0,0,0,0,,False
5346,lost_or_stolen_phone,COLLOQUIAL,13.33,2,13,15,0,0,0,0,0,,False
5347,lost_or_stolen_phone,MIXED,0.0,0,6,6,0,0,0,0,0,,True
5348,lost_or_stolen_phone,MIXED,0.0,0,3,3,0,0,0,0,0,,True
5349,lost_or_stolen_phone,COLLOQUIAL,20.0,1,4,5,0,0,0,0,0,,False
5350,lost_or_stolen_phone,COLLOQUIAL,28.57,2,5,7,0,0,0,0,0,,False
5351,lost_or_stolen_phone,COLLOQUIAL,12.5,1,7,8,0,0,0,0,0,,False
5352,lost_or_stolen_phone,COLLOQUIAL,18.18,2,9,11,0,0,0,0,0,,False
5353,lost_or_stolen_phone,COLLOQUIAL,16.67,2,10,12,0,0,0,0,0,,False
5354,lost_or_stolen_phone,COLLOQUIAL,14.29,1,6,7,0,0,0,0,0,,False
5355,lost_or_stolen_phone,COLLOQUIAL,12.5,1,7,8,0,0,0,0,0,,False
5356,lost_or_stolen_phone,MIXED,0.0,0,9,9,0,0,0,0,0,,True
5357,lost_or_stolen_phone,COLLOQUIAL,8.33,1,11,12,0,0,0,0,0,,False
5358,lost_or_stolen_phone,COLLOQUIAL,20.0,2,8,10,0,0,0,0,0,,False
5359,lost_or_stolen_phone,COLLOQUIAL,8.33,1,11,12,0,0,0,0,0,,False
5360,lost_or_stolen_phone,COLLOQUIAL,33.33,1,2,3,0,0,0,0,0,,False
5361,lost_or_stolen_phone,COLLOQUIAL,16.67,2,10,12,0,0,0,0,0,,False
5362,lost_or_stolen_phone,COLLOQUIAL,14.29,1,6,7,0,0,0,0,0,,False
5363,lost_or_stolen_phone,MIXED,0.0,0,11,11,0,0,0,0,0,,True
5364,lost_or_stolen_phone,COLLOQUIAL,14.29,1,6,7,0,0,0,0,0,,False
5365,lost_or_stolen_phone,COLLOQUIAL,11.11,1,8,9,0,0,0,0,0,,False
5366,lost_or_stolen_phone,MIXED,0.0,0,6,6,0,0,0,0,0,,True
5367,lost_or_stolen_phone,COLLOQUIAL,12.5,2,14,16,0,0,0,0,0,,False
5368,lost_or_stolen_phone,COLLOQUIAL,7.69,1,12,13,0,0,0,0,0,,False
5369,lost_or_stolen_phone,COLLOQUIAL,33.33,2,4,6,0,0,0,0,0,,False
5370,lost_or_stolen_phone,COLLOQUIAL,13.33,2,13,15,0,0,0,0,0,,False
5371,lost_or_stolen_phone,COLLOQUIAL,33.33,3,6,9,0,0,0,0,0,,False
5372,request_refund,COLLOQUIAL,11.11,1,8,9,0,0,0,0,0,,False
5373,request_refund,COLLOQUIAL,10.0,1,9,10,0,0,0,0,0,,False
5374,request_refund,COLLOQUIAL,16.67,1,5,6,0,0,0,0,0,,False
5375,request_refund,MIXED,0.0,0,10,10,0,0,0,0,0,,True
5376,request_refund,COLLOQUIAL,25.0,1,3,4,0,0,0,0,0,,False
5377,request_refund,COLLOQUIAL,19.05,4,17,21,0,0,0,0,0,,False
5378,request_refund,COLLOQUIAL,20.0,1,4,5,0,0,0,0,0,,False
5379,request_refund,COLLOQUIAL,14.29,1,6,7,0,0,0,0,0,,False
5380,request_refund,COLLOQUIAL,11.11,1,8,9,0,0,0,0,0,,False
5381,request_refund,COLLOQUIAL,16.67,1,5,6,0,0,0,0,0,,False
5382,request_refund,COLLOQUIAL,14.29,1,6,7,0,0,0,0,0,,False
5383,request_refund,COLLOQUIAL,17.65,3,14,17,0,0,0,0,0,,False
5384,request_refund,COLLOQUIAL,11.76,2,15,17,0,0,0,0,0,,False
5385,request_refund,COLLOQUIAL,14.29,1,6,7,0,0,0,0,0,,False
5386,request_refund,COLLOQUIAL,33.33,2,4,6,0,0,0,0,0,,False
5387,request_refund,COLLOQUIAL,15.0,3,17,20,0,0,0,0,0,,False
5388,request_refund,COLLOQUIAL,13.64,3,19,22,0,0,0,0,0,,False
5389,request_refund,COLLOQUIAL,10.34,3,26,29,0,0,0,0,0,,False
5390,request_refund,COLLOQUIAL,14.29,1,6,7,0,0,0,0,0,,False
5391,request_refund,COLLOQUIAL,15.38,2,11,13,0,0,0,0,0,,False
5392,request_refund,COLLOQUIAL,9.09,1,10,11,0,0,0,0,0,,False
5393,request_refund,COLLOQUIAL,10.0,1,9,10,0,0,0,0,0,,False
5394,request_refund,COLLOQUIAL,11.76,2,15,17,0,0,0,0,0,,False
5395,request_refund,COLLOQUIAL,14.29,1,6,7,0,0,0,0,0,,False
5396,request_refund,MIXED,3.7,1,26,27,0,0,0,0,0,,True
5397,request_refund,COLLOQUIAL,28.57,2,5,7,0,0,0,0,0,,False
5398,request_refund,COLLOQUIAL,33.33,2,1,3,0,0,0,0,0,,False
5399,request_refund,COLLOQUIAL,11.11,2,16,18,0,0,0,0,0,,False
5400,request_refund,COLLOQUIAL,25.0,1,3,4,0,0,0,0,0,,False
5401,request_refund,COLLOQUIAL,20.0,1,4,5,0,0,0,0,0,,False
5402,request_refund,COLLOQUIAL,28.57,2,5,7,0,0,0,0,0,,False
5403,request_refund,COLLOQUIAL,20.0,1,4,5,0,0,0,0,0,,False
5404,request_refund,MIXED,0.0,0,8,8,0,0,0,0,0,,True
5405,request_refund,COLLOQUIAL,16.67,1,5,6,0,0,0,0,0,,False
5406,request_refund,COLLOQUIAL,12.5,1,7,8,0,0,0,0,0,,False
5407,request_refund,COLLOQUIAL,14.29,1,6,7,0,0,0,0,0,,False
5408,request_refund,COLLOQUIAL,16.67,1,5,6,0,0,0,0,0,,False
5409,request_refund,COLLOQUIAL,16.67,1,5,6,0,0,0,0,0,,False
5410,request_refund,COLLOQUIAL,14.29,1,6,7,0,0,0,0,0,,False
5411,request_refund,COLLOQUIAL,15.38,2,11,13,0,0,0,0,0,,False
5412,request_refund,COLLOQUIAL,20.0,1,4,5,0,0,0,0,0,,False
5413,request_refund,MIXED,0.0,0,8,8,0,0,0,0,0,,True
5414,request_refund,COLLOQUIAL,33.33,1,2,3,0,0,0,0,0,,False
5415,request_refund,COLLOQUIAL,8.0,2,23,25,0,0,0,0,0,,False
5416,request_refund,COLLOQUIAL,16.67,2,10,12,0,0,0,0,0,,False
5417,request_refund,COLLOQUIAL,11.11,1,8,9,0,0,0,0,0,,False
5418,request_refund,COLLOQUIAL,33.33,1,2,3,0,0,0,0,0,,False
5419,request_refund,COLLOQUIAL,28.57,2,5,7,0,0,0,0,0,,False
5420,request_refund,COLLOQUIAL,20.0,1,4,5,0,0,0,0,0,,False
5421,request_refund,COLLOQUIAL,20.0,1,4,5,0,0,0,0,0,,False
5422,request_refund,COLLOQUIAL,25.0,3,9,12,0,0,0,0,0,,False
5423,request_refund,COLLOQUIAL,14.29,1,6,7,0,0,0,0,0,,False
5424,request_refund,COLLOQUIAL,18.18,4,18,22,0,0,0,0,0,,False
5425,request_refund,COLLOQUIAL,11.11,1,8,9,0,0,0,0,0,,False
5426,request_refund,COLLOQUIAL,33.33,3,6,9,0,0,0,0,0,,False
5427,request_refund,COLLOQUIAL,11.11,1,8,9,0,0,0,0,0,,False
5428,request_refund,COLLOQUIAL,16.67,1,5,6,0,0,0,0,0,,False
5429,request_refund,COLLOQUIAL,33.33,2,4,6,0,0,0,0,0,,False
5430,request_refund,COLLOQUIAL,7.69,1,12,13,0,0,0,0,0,,False
5431,request_refund,COLLOQUIAL,19.05,4,17,21,0,0,0,0,0,,False
5432,request_refund,COLLOQUIAL,14.29,1,6,7,0,0,0,0,0,,False
5433,request_refund,COLLOQUIAL,20.0,1,4,5,0,0,0,0,0,,False
5434,request_refund,COLLOQUIAL,20.0,1,4,5,0,0,0,0,0,,False
5435,request_refund,COLLOQUIAL,5.88,2,32,34,0,0,0,0,0,,False
5436,request_refund,MIXED,0.0,0,7,7,0,0,0,0,0,,True
5437,request_refund,COLLOQUIAL,31.25,5,11,16,0,0,0,0,0,,False
5438,request_refund,COLLOQUIAL,17.65,3,14,17,0,0,0,0,0,,False
5439,request_refund,MIXED,0.0,0,7,7,0,0,0,0,0,,True
5440,request_refund,COLLOQUIAL,20.0,1,4,5,0,0,0,0,0,,False
5441,request_refund,COLLOQUIAL,16.67,1,5,6,0,0,0,0,0,,False
5442,request_refund,COLLOQUIAL,25.0,1,3,4,0,0,0,0,0,,False
5443,request_refund,COLLOQUIAL,16.67,1,5,6,0,0,0,0,0,,False
5444,request_refund,COLLOQUIAL,33.33,1,2,3,0,0,0,0,0,,False
5445,request_refund,COLLOQUIAL,25.0,1,3,4,0,0,0,0,0,,False
5446,request_refund,MIXED,0.0,0,6,6,0,0,0,0,0,,True
5447,request_refund,COLLOQUIAL,15.38,2,11,13,0,0,0,0,0,,False
5448,request_refund,COLLOQUIAL,50.0,2,2,4,0,0,0,0,0,,False
5449,request_refund,COLLOQUIAL,20.0,5,20,25,0,0,0,0,0,,False
5450,request_refund,COLLOQUIAL,28.57,2,5,7,0,0,0,0,0,,False
5451,request_refund,COLLOQUIAL,16.67,2,10,12,0,0,0,0,0,,False
5452,request_refund,COLLOQUIAL,28.57,2,5,7,0,0,0,0,0,,False
5453,request_refund,COLLOQUIAL,14.29,1,6,7,0,0,0,0,0,,False
5454,request_refund,MIXED,0.0,0,6,6,0,0,0,0,0,,True
5455,request_refund,COLLOQUIAL,12.5,1,7,8,0,0,0,0,0,,False
5456,request_refund,COLLOQUIAL,7.41,2,25,27,0,0,0,0,0,,False
5457,request_refund,COLLOQUIAL,20.0,1,4,5,0,0,0,0,0,,False
5458,request_refund,COLLOQUIAL,11.11,1,8,9,0,0,0,0,0,,False
5459,request_refund,MIXED,0.0,0,13,13,0,0,0,0,0,,True
5460,request_refund,COLLOQUIAL,16.67,1,5,6,0,0,0,0,0,,False
5461,request_refund,COLLOQUIAL,25.93,7,20,27,0,0,0,0,0,,False
5462,request_refund,COLLOQUIAL,14.29,1,6,7,0,0,0,0,0,,False
5463,request_refund,COLLOQUIAL,14.81,4,23,27,0,0,0,0,0,,False
5464,request_refund,COLLOQUIAL,20.0,1,4,5,0,0,0,0,0,,False
5465,request_refund,COLLOQUIAL,26.09,6,17,23,0,0,0,0,0,,False
5466,request_refund,COLLOQUIAL,9.52,2,19,21,0,0,0,0,0,,False
5467,request_refund,COLLOQUIAL,10.53,2,17,19,0,0,0,0,0,,False
5468,request_refund,COLLOQUIAL,14.29,1,6,7,0,0,0,0,0,,False
5469,request_refund,COLLOQUIAL,14.29,1,6,7,0,0,0,0,0,,False
5470,request_refund,COLLOQUIAL,20.0,1,4,5,0,0,0,0,0,,False
5471,request_refund,COLLOQUIAL,12.5,1,7,8,0,0,0,0,0,,False
5472,request_refund,COLLOQUIAL,33.33,1,2,3,0,0,0,0,0,,False
5473,request_refund,COLLOQUIAL,11.11,1,8,9,0,0,0,0,0,,False
5474,request_refund,COLLOQUIAL,20.0,3,12,15,0,0,0,0,0,,False
5475,request_refund,COLLOQUIAL,11.11,1,8,9,0,0,0,0,0,,False
5476,request_refund,COLLOQUIAL,20.83,5,19,24,0,0,0,0,0,,False
5477,request_refund,COLLOQUIAL,12.5,1,7,8,0,0,0,0,0,,False
5478,request_refund,COLLOQUIAL,33.33,1,2,3,0,0,0,0,0,,False
5479,request_refund,COLLOQUIAL,25.0,1,3,4,0,0,0,0,0,,False
5480,request_refund,COLLOQUIAL,14.29,1,6,7,0,0,0,0,0,,False
5481,request_refund,COLLOQUIAL,20.0,1,4,5,0,0,0,0,0,,False
5482,request_refund,COLLOQUIAL,14.29,1,6,7,0,0,0,0,0,,False
5483,request_refund,COLLOQUIAL,16.67,1,5,6,0,0,0,0,0,,False
5484,request_refund,COLLOQUIAL,37.5,3,5,8,0,0,0,0,0,,False
5485,request_refund,COLLOQUIAL,14.29,1,6,7,0,0,0,0,0,,False
5486,request_refund,COLLOQUIAL,5.0,1,19,20,0,0,0,0,0,,False
5487,request_refund,COLLOQUIAL,25.0,1,3,4,0,0,0,0,0,,False
5488,request_refund,COLLOQUIAL,9.09,1,10,11,0,0,0,0,0,,False
5489,request_refund,COLLOQUIAL,8.33,1,11,12,0,0,0,0,0,,False
5490,request_refund,COLLOQUIAL,5.56,2,34,36,0,0,0,0,0,,False
5491,request_refund,COLLOQUIAL,25.0,1,3,4,0,0,0,0,0,,False
5492,request_refund,COLLOQUIAL,14.29,1,6,7,0,0,0,0,0,,False
5493,request_refund,COLLOQUIAL,40.0,2,3,5,0,0,0,0,0,,False
5494,request_refund,COLLOQUIAL,5.0,1,19,20,0,0,0,0,0,,False
5495,request_refund,COLLOQUIAL,16.67,4,20,24,0,0,0,0,0,,False
5496,request_refund,MIXED,0.0,0,6,6,0,0,0,0,0,,True
5497,request_refund,COLLOQUIAL,20.0,1,4,5,0,0,0,0,0,,False
5498,request_refund,COLLOQUIAL,20.0,1,4,5,0,0,0,0,0,,False
5499,request_refund,MIXED,0.0,0,8,8,0,0,0,0,0,,True
5500,request_refund,COLLOQUIAL,12.5,1,7,8,0,0,0,0,0,,False
5501,request_refund,MIXED,4.17,1,23,24,0,0,0,0,0,,True
5502,request_refund,MIXED,0.0,0,6,6,0,0,0,0,0,,True
5503,request_refund,COLLOQUIAL,33.33,2,1,3,0,0,0,0,0,,False
5504,request_refund,COLLOQUIAL,12.5,1,7,8,0,0,0,0,0,,False
5505,request_refund,COLLOQUIAL,20.0,1,4,5,0,0,0,0,0,,False
5506,request_refund,MIXED,0.0,0,16,16,0,0,0,0,0,,True
5507,request_refund,COLLOQUIAL,7.41,2,25,27,0,0,0,0,0,,False
5508,request_refund,COLLOQUIAL,14.29,3,18,21,0,0,0,0,0,,False
5509,request_refund,COLLOQUIAL,14.29,1,6,7,0,0,0,0,0,,False
5510,request_refund,COLLOQUIAL,11.11,1,8,9,0,0,0,0,0,,False
5511,request_refund,COLLOQUIAL,12.5,1,7,8,0,0,0,0,0,,False
5512,request_refund,COLLOQUIAL,13.33,4,26,30,0,0,0,0,0,,False
5513,request_refund,MIXED,0.0,0,7,7,0,0,0,0,0,,True
5514,request_refund,MIXED,4.55,1,21,22,0,0,0,0,0,,True
5515,request_refund,COLLOQUIAL,8.16,4,45,49,0,0,0,0,0,,False
5516,request_refund,MIXED,0.0,0,7,7,0,0,0,0,0,,True
5517,request_refund,COLLOQUIAL,20.0,1,4,5,0,0,0,0,0,,False
5518,request_refund,COLLOQUIAL,12.5,1,7,8,0,0,0,0,0,,False
5519,request_refund,COLLOQUIAL,11.11,1,8,9,0,0,0,0,0,,False
5520,request_refund,COLLOQUIAL,22.73,5,17,22,0,0,0,0,0,,False
5521,request_refund,MIXED,0.0,0,5,5,0,0,0,0,0,,True
5522,request_refund,COLLOQUIAL,33.33,2,4,6,0,0,0,0,0,,False
5523,request_refund,COLLOQUIAL,20.0,1,4,5,0,0,0,0,0,,False
5524,request_refund,MIXED,0.0,0,17,17,0,0,0,0,0,,True
5525,request_refund,COLLOQUIAL,28.57,2,5,7,0,0,0,0,0,,False
5526,request_refund,COLLOQUIAL,20.0,5,20,25,0,0,0,0,0,,False
5527,request_refund,COLLOQUIAL,16.67,1,5,6,0,0,0,0,0,,False
5528,request_refund,MIXED,0.0,0,7,7,0,0,0,0,0,,True
5529,request_refund,COLLOQUIAL,20.0,1,4,5,0,0,0,0,0,,False
5530,request_refund,COLLOQUIAL,20.0,1,4,5,0,0,0,0,0,,False
5531,request_refund,COLLOQUIAL,13.51,5,32,37,0,0,0,0,0,,False
5532,request_refund,COLLOQUIAL,33.33,1,2,3,0,0,0,0,0,,False
5533,request_refund,COLLOQUIAL,6.67,1,14,15,0,0,0,0,0,,False
5534,request_refund,COLLOQUIAL,33.33,1,2,3,0,0,0,0,0,,False
5535,request_refund,COLLOQUIAL,16.67,1,5,6,0,0,0,0,0,,False
5536,request_refund,COLLOQUIAL,28.57,2,5,7,0,0,0,0,0,,False
5537,request_refund,COLLOQUIAL,12.5,1,7,8,0,0,0,0,0,,False
5538,request_refund,COLLOQUIAL,25.0,2,6,8,0,0,0,0,0,,False
5539,request_refund,COLLOQUIAL,20.0,1,4,5,0,0,0,0,0,,False
5540,request_refund,COLLOQUIAL,11.11,1,8,9,0,0,0,0,0,,False
5541,declined_transfer,COLLOQUIAL,16.67,1,5,6,0,0,0,0,0,,False
5542,declined_transfer,COLLOQUIAL,33.33,2,4,6,0,0,0,0,0,,False
5543,declined_transfer,COLLOQUIAL,25.0,1,3,4,0,0,0,0,0,,False
5544,declined_transfer,COLLOQUIAL,20.0,4,16,20,0,0,0,0,0,,False
5545,declined_transfer,COLLOQUIAL,27.27,3,8,11,0,0,0,0,0,,False
5546,declined_transfer,COLLOQUIAL,25.0,3,1,4,0,0,0,0,0,,False
5547,declined_transfer,COLLOQUIAL,20.0,6,24,30,0,0,0,0,0,,False
5548,declined_transfer,COLLOQUIAL,50.0,2,2,4,0,0,0,0,0,,False
5549,declined_transfer,COLLOQUIAL,40.0,2,3,5,0,0,0,0,0,,False
5550,declined_transfer,COLLOQUIAL,15.38,2,11,13,0,0,0,0,0,,False
5551,declined_transfer,COLLOQUIAL,33.33,2,1,3,0,0,0,0,0,,False
5552,declined_transfer,COLLOQUIAL,30.0,3,7,10,0,0,0,0,0,,False
5553,declined_transfer,COLLOQUIAL,28.57,2,5,7,0,0,0,0,0,,False
5554,declined_transfer,COLLOQUIAL,40.0,2,3,5,0,0,0,0,0,,False
5555,declined_transfer,COLLOQUIAL,22.22,2,7,9,0,0,0,0,0,,False
5556,declined_transfer,COLLOQUIAL,40.0,2,3,5,0,0,0,0,0,,False
5557,declined_transfer,COLLOQUIAL,40.0,2,3,5,0,0,0,0,0,,False
5558,declined_transfer,COLLOQUIAL,20.0,1,4,5,0,0,0,0,0,,False
5559,declined_transfer,COLLOQUIAL,24.14,7,22,29,0,0,0,0,0,,False
5560,declined_transfer,COLLOQUIAL,16.67,2,10,12,0,0,0,0,0,,False
5561,declined_transfer,COLLOQUIAL,33.33,2,1,3,0,0,0,0,0,,False
5562,declined_transfer,COLLOQUIAL,23.81,5,16,21,0,0,0,0,0,,False
5563,declined_transfer,COLLOQUIAL,37.5,3,5,8,0,0,0,0,0,,False
5564,declined_transfer,COLLOQUIAL,13.64,3,19,22,0,0,0,0,0,,False
5565,declined_transfer,COLLOQUIAL,21.05,4,15,19,0,0,0,0,0,,False
5566,declined_transfer,COLLOQUIAL,28.57,2,5,7,0,0,0,0,0,,False
5567,declined_transfer,COLLOQUIAL,14.29,1,6,7,0,0,0,0,0,,False
5568,declined_transfer,COLLOQUIAL,25.0,1,3,4,0,0,0,0,0,,False
5569,declined_transfer,COLLOQUIAL,40.0,2,3,5,0,0,0,0,0,,False
5570,declined_transfer,COLLOQUIAL,17.39,4,19,23,0,0,0,0,0,,False
5571,declined_transfer,COLLOQUIAL,33.33,2,4,6,0,0,0,0,0,,False
5572,declined_transfer,COLLOQUIAL,28.57,2,5,7,0,0,0,0,0,,False
5573,declined_transfer,COLLOQUIAL,33.33,3,6,9,0,0,0,0,0,,False
5574,declined_transfer,COLLOQUIAL,26.92,7,19,26,0,0,0,0,0,,False
5575,declined_transfer,COLLOQUIAL,20.0,3,12,15,0,0,0,0,0,,False
5576,declined_transfer,COLLOQUIAL,23.81,5,16,21,0,0,0,0,0,,False
5577,declined_transfer,COLLOQUIAL,18.18,6,27,33,0,0,0,0,0,,False
5578,declined_transfer,COLLOQUIAL,23.08,3,10,13,0,0,0,0,0,,False
5579,declined_transfer,COLLOQUIAL,25.0,2,6,8,0,0,0,0,0,,False
5580,declined_transfer,COLLOQUIAL,16.67,1,5,6,0,0,0,0,0,,False
5581,declined_transfer,COLLOQUIAL,12.5,2,14,16,0,0,0,0,0,,False
5582,declined_transfer,COLLOQUIAL,20.0,1,4,5,0,0,0,0,0,,False
5583,declined_transfer,COLLOQUIAL,20.0,1,4,5,0,0,0,0,0,,False
5584,declined_transfer,COLLOQUIAL,33.33,2,4,6,0,0,0,0,0,,False
5585,declined_transfer,COLLOQUIAL,27.27,3,8,11,0,0,0,0,0,,False
5586,declined_transfer,MIXED,0.0,0,5,5,0,0,0,0,0,,True
5587,declined_transfer,COLLOQUIAL,14.81,4,23,27,0,0,0,0,0,,False
5588,declined_transfer,COLLOQUIAL,30.0,3,7,10,0,0,0,0,0,,False
5589,declined_transfer,COLLOQUIAL,20.0,1,4,5,0,0,0,0,0,,False
5590,declined_transfer,COLLOQUIAL,33.33,2,4,6,0,0,0,0,0,,False
5591,declined_transfer,COLLOQUIAL,37.5,3,5,8,0,0,0,0,0,,False
5592,declined_transfer,COLLOQUIAL,40.0,2,3,5,0,0,0,0,0,,False
5593,declined_transfer,COLLOQUIAL,20.0,1,4,5,0,0,0,0,0,,False
5594,declined_transfer,COLLOQUIAL,9.52,2,19,21,0,0,0,0,0,,False
5595,declined_transfer,COLLOQUIAL,33.33,3,6,9,0,0,0,0,0,,False
5596,declined_transfer,COLLOQUIAL,28.57,2,5,7,0,0,0,0,0,,False
5597,declined_transfer,COLLOQUIAL,33.33,2,4,6,0,0,0,0,0,,False
5598,declined_transfer,COLLOQUIAL,35.29,6,11,17,0,0,0,0,0,,False
5599,declined_transfer,COLLOQUIAL,40.0,2,3,5,0,0,0,0,0,,False
5600,declined_transfer,COLLOQUIAL,10.0,2,18,20,0,0,0,0,0,,False
5601,declined_transfer,COLLOQUIAL,28.57,2,5,7,0,0,0,0,0,,False
5602,declined_transfer,COLLOQUIAL,50.0,2,2,4,0,0,0,0,0,,False
5603,declined_transfer,COLLOQUIAL,40.0,2,3,5,0,0,0,0,0,,False
5604,declined_transfer,COLLOQUIAL,25.0,3,9,12,0,0,0,0,0,,False
5605,declined_transfer,COLLOQUIAL,10.0,1,9,10,0,0,0,0,0,,False
5606,declined_transfer,COLLOQUIAL,25.0,1,3,4,0,0,0,0,0,,False
5607,declined_transfer,COLLOQUIAL,33.33,5,10,15,0,0,0,0,0,,False
5608,declined_transfer,COLLOQUIAL,26.67,4,11,15,0,0,0,0,0,,False
5609,declined_transfer,COLLOQUIAL,26.32,5,14,19,0,0,0,0,0,,False
5610,declined_transfer,COLLOQUIAL,37.5,3,5,8,0,0,0,0,0,,False
5611,declined_transfer,COLLOQUIAL,25.0,2,6,8,0,0,0,0,0,,False
5612,declined_transfer,COLLOQUIAL,33.33,3,6,9,0,0,0,0,0,,False
5613,declined_transfer,COLLOQUIAL,22.22,2,7,9,0,0,0,0,0,,False
5614,declined_transfer,COLLOQUIAL,28.57,2,5,7,0,0,0,0,0,,False
5615,declined_transfer,COLLOQUIAL,28.57,2,5,7,0,0,0,0,0,,False
5616,declined_transfer,COLLOQUIAL,25.0,2,6,8,0,0,0,0,0,,False
5617,declined_transfer,COLLOQUIAL,30.0,3,7,10,0,0,0,0,0,,False
5618,declined_transfer,MIXED,0.0,0,11,11,0,0,0,0,0,,True
5619,declined_transfer,COLLOQUIAL,14.29,1,6,7,0,0,0,0,0,,False
5620,declined_transfer,COLLOQUIAL,40.0,2,3,5,0,0,0,0,0,,False
5621,declined_transfer,COLLOQUIAL,25.0,2,6,8,0,0,0,0,0,,False
5622,declined_transfer,COLLOQUIAL,18.18,4,18,22,0,0,0,0,0,,False
5623,declined_transfer,COLLOQUIAL,40.0,2,3,5,0,0,0,0,0,,False
5624,declined_transfer,COLLOQUIAL,33.33,2,4,6,0,0,0,0,0,,False
5625,declined_transfer,COLLOQUIAL,15.0,3,17,20,0,0,0,0,0,,False
5626,declined_transfer,MIXED,0.0,0,6,6,0,0,0,0,0,,True
5627,declined_transfer,COLLOQUIAL,20.69,6,23,29,0,0,0,0,0,,False
5628,declined_transfer,COLLOQUIAL,50.0,2,2,4,0,0,0,0,0,,False
5629,declined_transfer,COLLOQUIAL,14.29,1,6,7,0,0,0,0,0,,False
5630,declined_transfer,COLLOQUIAL,20.0,1,4,5,0,0,0,0,0,,False
5631,declined_transfer,COLLOQUIAL,33.33,2,4,6,0,0,0,0,0,,False
5632,declined_transfer,COLLOQUIAL,14.29,3,18,21,0,0,0,0,0,,False
5633,declined_transfer,COLLOQUIAL,40.0,2,3,5,0,0,0,0,0,,False
5634,declined_transfer,COLLOQUIAL,18.75,3,13,16,0,0,0,0,0,,False
5635,declined_transfer,COLLOQUIAL,24.0,6,19,25,0,0,0,0,0,,False
5636,declined_transfer,COLLOQUIAL,28.57,2,5,7,0,0,0,0,0,,False
5637,declined_transfer,COLLOQUIAL,33.33,2,4,6,0,0,0,0,0,,False
5638,declined_transfer,COLLOQUIAL,33.33,2,4,6,0,0,0,0,0,,False
5639,declined_transfer,COLLOQUIAL,20.0,1,4,5,0,0,0,0,0,,False
5640,declined_transfer,COLLOQUIAL,11.11,1,8,9,0,0,0,0,0,,False
5641,declined_transfer,COLLOQUIAL,27.27,3,8,11,0,0,0,0,0,,False
5642,declined_transfer,COLLOQUIAL,17.39,4,19,23,0,0,0,0,0,,False
5643,declined_transfer,COLLOQUIAL,7.14,1,13,14,0,0,0,0,0,,False
5644,declined_transfer,COLLOQUIAL,22.22,6,21,27,0,0,0,0,0,,False
5645,declined_transfer,COLLOQUIAL,50.0,2,2,4,0,0,0,0,0,,False
5646,declined_transfer,COLLOQUIAL,33.33,2,4,6,0,0,0,0,0,,False
5647,declined_transfer,COLLOQUIAL,27.27,3,8,11,0,0,0,0,0,,False
5648,declined_transfer,COLLOQUIAL,42.86,3,4,7,0,0,0,0,0,,False
5649,declined_transfer,COLLOQUIAL,40.0,2,3,5,0,0,0,0,0,,False
5650,declined_transfer,COLLOQUIAL,20.0,1,4,5,0,0,0,0,0,,False
5651,declined_transfer,COLLOQUIAL,28.57,2,5,7,0,0,0,0,0,,False
5652,declined_transfer,COLLOQUIAL,17.39,4,19,23,0,0,0,0,0,,False
5653,declined_transfer,COLLOQUIAL,20.0,3,12,15,0,0,0,0,0,,False
5654,declined_transfer,COLLOQUIAL,16.67,1,5,6,0,0,0,0,0,,False
5655,declined_transfer,COLLOQUIAL,18.75,3,13,16,0,0,0,0,0,,False
5656,declined_transfer,COLLOQUIAL,12.5,3,21,24,0,0,0,0,0,,False
5657,declined_transfer,COLLOQUIAL,30.0,3,7,10,0,0,0,0,0,,False
5658,declined_transfer,COLLOQUIAL,12.5,1,7,8,0,0,0,0,0,,False
5659,declined_transfer,COLLOQUIAL,8.0,2,23,25,0,0,0,0,0,,False
5660,declined_transfer,COLLOQUIAL,15.38,2,11,13,0,0,0,0,0,,False
5661,declined_transfer,COLLOQUIAL,30.0,3,7,10,0,0,0,0,0,,False
5662,declined_transfer,COLLOQUIAL,15.38,2,11,13,0,0,0,0,0,,False
5663,declined_transfer,COLLOQUIAL,19.23,5,21,26,0,0,0,0,0,,False
5664,declined_transfer,COLLOQUIAL,29.17,7,17,24,0,0,0,0,0,,False
5665,declined_transfer,COLLOQUIAL,19.05,4,17,21,0,0,0,0,0,,False
5666,declined_transfer,COLLOQUIAL,25.0,2,6,8,0,0,0,0,0,,False
5667,declined_transfer,COLLOQUIAL,24.14,7,22,29,0,0,0,0,0,,False
5668,declined_transfer,COLLOQUIAL,50.0,2,2,4,0,0,0,0,0,,False
5669,declined_transfer,COLLOQUIAL,33.33,2,4,6,0,0,0,0,0,,False
5670,declined_transfer,COLLOQUIAL,19.35,6,25,31,0,0,0,0,0,,False
5671,declined_transfer,COLLOQUIAL,20.0,2,8,10,0,0,0,0,0,,False
5672,declined_transfer,COLLOQUIAL,31.82,7,15,22,0,0,0,0,0,,False
5673,declined_transfer,COLLOQUIAL,36.36,4,7,11,0,0,0,0,0,,False
5674,Refund_not_showing_up,COLLOQUIAL,18.42,7,31,38,0,0,0,0,0,,False
5675,Refund_not_showing_up,COLLOQUIAL,16.67,1,5,6,0,0,0,0,0,,False
5676,Refund_not_showing_up,COLLOQUIAL,30.0,3,7,10,0,0,0,0,0,,False
5677,Refund_not_showing_up,COLLOQUIAL,16.67,2,10,12,0,0,0,0,0,,False
5678,Refund_not_showing_up,COLLOQUIAL,25.0,1,3,4,0,0,0,0,0,,False
5679,Refund_not_showing_up,COLLOQUIAL,33.33,2,4,6,0,0,0,0,0,,False
5680,Refund_not_showing_up,COLLOQUIAL,25.0,1,3,4,0,0,0,0,0,,False
5681,Refund_not_showing_up,COLLOQUIAL,11.11,1,8,9,0,0,0,0,0,,False
5682,Refund_not_showing_up,COLLOQUIAL,20.0,1,4,5,0,0,0,0,0,,False
5683,Refund_not_showing_up,COLLOQUIAL,20.0,1,4,5,0,0,0,0,0,,False
5684,Refund_not_showing_up,COLLOQUIAL,20.0,2,8,10,0,0,0,0,0,,False
5685,Refund_not_showing_up,COLLOQUIAL,40.0,2,3,5,0,0,0,0,0,,False
5686,Refund_not_showing_up,COLLOQUIAL,25.0,9,27,36,0,0,0,0,0,,False
5687,Refund_not_showing_up,COLLOQUIAL,28.57,2,5,7,0,0,0,0,0,,False
5688,Refund_not_showing_up,COLLOQUIAL,10.0,1,9,10,0,0,0,0,0,,False
5689,Refund_not_showing_up,COLLOQUIAL,25.0,2,6,8,0,0,0,0,0,,False
5690,Refund_not_showing_up,COLLOQUIAL,12.5,1,7,8,0,0,0,0,0,,False
5691,Refund_not_showing_up,COLLOQUIAL,19.44,7,29,36,0,0,0,0,0,,False
5692,Refund_not_showing_up,COLLOQUIAL,28.57,2,5,7,0,0,0,0,0,,False
5693,Refund_not_showing_up,COLLOQUIAL,40.0,2,3,5,0,0,0,0,0,,False
5694,Refund_not_showing_up,COLLOQUIAL,33.33,1,2,3,0,0,0,0,0,,False
5695,Refund_not_showing_up,COLLOQUIAL,37.5,3,5,8,0,0,0,0,0,,False
5696,Refund_not_showing_up,COLLOQUIAL,25.0,2,6,8,0,0,0,0,0,,False
5697,Refund_not_showing_up,COLLOQUIAL,14.29,1,6,7,0,0,0,0,0,,False
5698,Refund_not_showing_up,COLLOQUIAL,25.0,1,3,4,0,0,0,0,0,,False
5699,Refund_not_showing_up,COLLOQUIAL,20.0,2,8,10,0,0,0,0,0,,False
5700,Refund_not_showing_up,MIXED,12.5,1,7,8,1,0,0,0,0,formal_verbs:perappatta,True
5701,Refund_not_showing_up,COLLOQUIAL,25.0,1,3,4,0,0,0,0,0,,False
5702,Refund_not_showing_up,COLLOQUIAL,7.69,1,12,13,0,0,0,0,0,,False
5703,Refund_not_showing_up,COLLOQUIAL,7.14,1,13,14,0,0,0,0,0,,False
5704,Refund_not_showing_up,COLLOQUIAL,28.57,2,5,7,0,0,0,0,0,,False
5705,Refund_not_showing_up,COLLOQUIAL,25.0,1,3,4,0,0,0,0,0,,False
5706,Refund_not_showing_up,COLLOQUIAL,28.57,4,10,14,0,0,0,0,0,,False
5707,Refund_not_showing_up,COLLOQUIAL,42.86,3,4,7,0,0,0,0,0,,False
5708,Refund_not_showing_up,COLLOQUIAL,16.67,1,5,6,0,0,0,0,0,,False
5709,Refund_not_showing_up,COLLOQUIAL,11.54,3,23,26,0,0,0,0,0,,False
5710,Refund_not_showing_up,COLLOQUIAL,25.0,1,3,4,0,0,0,0,0,,False
5711,Refund_not_showing_up,COLLOQUIAL,14.29,1,6,7,0,0,0,0,0,,False
5712,Refund_not_showing_up,COLLOQUIAL,14.81,4,23,27,0,0,0,0,0,,False
5713,Refund_not_showing_up,COLLOQUIAL,25.0,1,3,4,0,0,0,0,0,,False
5714,Refund_not_showing_up,COLLOQUIAL,42.86,3,4,7,0,0,0,0,0,,False
5715,Refund_not_showing_up,COLLOQUIAL,7.69,1,12,13,0,0,0,0,0,,False
5716,Refund_not_showing_up,COLLOQUIAL,16.67,1,5,6,0,0,0,0,0,,False
5717,Refund_not_showing_up,COLLOQUIAL,20.0,2,8,10,0,0,0,0,0,,False
5718,Refund_not_showing_up,COLLOQUIAL,18.18,2,9,11,0,0,0,0,0,,False
5719,Refund_not_showing_up,COLLOQUIAL,14.29,1,6,7,0,0,0,0,0,,False
5720,Refund_not_showing_up,COLLOQUIAL,14.29,1,6,7,0,0,0,0,0,,False
5721,Refund_not_showing_up,COLLOQUIAL,13.04,3,20,23,0,0,0,0,0,,False
5722,Refund_not_showing_up,COLLOQUIAL,16.67,1,5,6,0,0,0,0,0,,False
5723,Refund_not_showing_up,COLLOQUIAL,16.67,1,5,6,0,0,0,0,0,,False
5724,Refund_not_showing_up,COLLOQUIAL,37.5,3,5,8,0,0,0,0,0,,False
5725,Refund_not_showing_up,COLLOQUIAL,33.33,1,2,3,0,0,0,0,0,,False
5726,Refund_not_showing_up,COLLOQUIAL,20.0,2,8,10,0,0,0,0,0,,False
5727,Refund_not_showing_up,COLLOQUIAL,28.57,2,5,7,0,0,0,0,0,,False
5728,Refund_not_showing_up,COLLOQUIAL,17.86,5,23,28,0,0,0,0,0,,False
5729,Refund_not_showing_up,COLLOQUIAL,16.67,1,5,6,0,0,0,0,0,,False
5730,Refund_not_showing_up,COLLOQUIAL,10.0,1,9,10,0,0,0,0,0,,False
5731,Refund_not_showing_up,COLLOQUIAL,20.0,3,12,15,0,0,0,0,0,,False
5732,Refund_not_showing_up,MIXED,0.0,0,30,30,0,0,0,0,0,,True
5733,Refund_not_showing_up,COLLOQUIAL,16.67,1,5,6,0,0,0,0,0,,False
5734,Refund_not_showing_up,MIXED,13.33,2,13,15,1,0,0,0,0,formal_verbs:perappatta,True
5735,Refund_not_showing_up,COLLOQUIAL,16.67,1,5,6,0,0,0,0,0,,False
5736,Refund_not_showing_up,COLLOQUIAL,25.0,1,3,4,0,0,0,0,0,,False
5737,Refund_not_showing_up,COLLOQUIAL,20.0,5,20,25,0,0,0,0,0,,False
5738,Refund_not_showing_up,COLLOQUIAL,20.0,1,4,5,0,0,0,0,0,,False
5739,Refund_not_showing_up,COLLOQUIAL,20.0,1,4,5,0,0,0,0,0,,False
5740,Refund_not_showing_up,COLLOQUIAL,11.11,1,8,9,0,0,0,0,0,,False
5741,Refund_not_showing_up,COLLOQUIAL,40.0,2,3,5,0,0,0,0,0,,False
5742,Refund_not_showing_up,COLLOQUIAL,16.67,1,5,6,0,0,0,0,0,,False
5743,Refund_not_showing_up,COLLOQUIAL,11.11,1,8,9,0,0,0,0,0,,False
5744,Refund_not_showing_up,COLLOQUIAL,8.0,2,23,25,0,0,0,0,0,,False
5745,Refund_not_showing_up,COLLOQUIAL,10.81,4,33,37,0,0,0,0,0,,False
5746,Refund_not_showing_up,COLLOQUIAL,8.33,2,22,24,0,0,0,0,0,,False
5747,Refund_not_showing_up,COLLOQUIAL,12.5,1,7,8,0,0,0,0,0,,False
5748,Refund_not_showing_up,COLLOQUIAL,10.0,1,9,10,0,0,0,0,0,,False
5749,Refund_not_showing_up,MIXED,0.0,0,6,6,0,0,0,0,0,,True
5750,Refund_not_showing_up,COLLOQUIAL,16.67,2,10,12,0,0,0,0,0,,False
5751,Refund_not_showing_up,MIXED,3.85,1,25,26,0,0,0,0,0,,True
5752,Refund_not_showing_up,MIXED,0.0,0,6,6,0,0,0,0,0,,True
5753,Refund_not_showing_up,COLLOQUIAL,50.0,3,3,6,0,0,0,0,0,,False
5754,Refund_not_showing_up,COLLOQUIAL,28.57,2,5,7,0,0,0,0,0,,False
5755,Refund_not_showing_up,MIXED,0.0,0,6,6,0,0,0,0,0,,True
5756,Refund_not_showing_up,COLLOQUIAL,7.14,2,26,28,0,0,0,0,0,,False
5757,Refund_not_showing_up,COLLOQUIAL,33.33,2,4,6,0,0,0,0,0,,False
5758,Refund_not_showing_up,COLLOQUIAL,33.33,2,4,6,0,0,0,0,0,,False
5759,Refund_not_showing_up,COLLOQUIAL,9.68,3,28,31,0,0,0,0,0,,False
5760,Refund_not_showing_up,COLLOQUIAL,12.5,1,7,8,0,0,0,0,0,,False
5761,Refund_not_showing_up,COLLOQUIAL,10.0,1,9,10,0,0,0,0,0,,False
5762,Refund_not_showing_up,COLLOQUIAL,7.41,2,25,27,0,0,0,0,0,,False
5763,Refund_not_showing_up,COLLOQUIAL,10.53,2,17,19,0,0,0,0,0,,False
5764,Refund_not_showing_up,COLLOQUIAL,25.0,1,3,4,0,0,0,0,0,,False
5765,Refund_not_showing_up,COLLOQUIAL,7.14,1,13,14,0,0,0,0,0,,False
5766,Refund_not_showing_up,MIXED,0.0,0,5,5,0,0,0,0,0,,True
5767,Refund_not_showing_up,COLLOQUIAL,13.64,3,19,22,0,0,0,0,0,,False
5768,Refund_not_showing_up,COLLOQUIAL,11.11,1,8,9,0,0,0,0,0,,False
5769,Refund_not_showing_up,COLLOQUIAL,6.45,2,29,31,0,0,0,0,0,,False
5770,Refund_not_showing_up,COLLOQUIAL,17.24,5,24,29,0,0,0,0,0,,False
5771,Refund_not_showing_up,MIXED,0.0,0,27,27,0,0,0,0,0,,True
5772,Refund_not_showing_up,MIXED,4.0,1,24,25,0,0,0,0,0,,True
5773,Refund_not_showing_up,MIXED,0.0,0,8,8,0,0,0,0,0,,True
5774,Refund_not_showing_up,COLLOQUIAL,16.67,1,5,6,0,0,0,0,0,,False
5775,Refund_not_showing_up,COLLOQUIAL,13.64,3,19,22,0,0,0,0,0,,False
5776,Refund_not_showing_up,COLLOQUIAL,30.77,4,9,13,0,0,0,0,0,,False
5777,Refund_not_showing_up,COLLOQUIAL,33.33,3,6,9,0,0,0,0,0,,False
5778,Refund_not_showing_up,COLLOQUIAL,8.33,2,22,24,0,0,0,0,0,,False
5779,Refund_not_showing_up,COLLOQUIAL,42.86,3,4,7,0,0,0,0,0,,False
5780,Refund_not_showing_up,COLLOQUIAL,40.0,2,3,5,0,0,0,0,0,,False
5781,Refund_not_showing_up,COLLOQUIAL,6.67,2,28,30,0,0,0,0,0,,False
5782,Refund_not_showing_up,COLLOQUIAL,16.67,1,5,6,0,0,0,0,0,,False
5783,Refund_not_showing_up,COLLOQUIAL,17.86,5,23,28,0,0,0,0,0,,False
5784,Refund_not_showing_up,COLLOQUIAL,7.89,3,35,38,0,0,0,0,0,,False
5785,Refund_not_showing_up,COLLOQUIAL,5.26,1,18,19,0,0,0,0,0,,False
5786,Refund_not_showing_up,COLLOQUIAL,20.0,2,8,10,0,0,0,0,0,,False
5787,Refund_not_showing_up,COLLOQUIAL,28.57,2,5,7,0,0,0,0,0,,False
5788,Refund_not_showing_up,COLLOQUIAL,22.22,2,7,9,0,0,0,0,0,,False
5789,Refund_not_showing_up,COLLOQUIAL,16.67,1,5,6,0,0,0,0,0,,False
5790,Refund_not_showing_up,COLLOQUIAL,16.67,1,5,6,0,0,0,0,0,,False
5791,Refund_not_showing_up,COLLOQUIAL,16.67,1,5,6,0,0,0,0,0,,False
5792,Refund_not_showing_up,COLLOQUIAL,10.81,4,33,37,0,0,0,0,0,,False
5793,Refund_not_showing_up,COLLOQUIAL,13.51,5,32,37,0,0,0,0,0,,False
5794,Refund_not_showing_up,COLLOQUIAL,33.33,2,4,6,0,0,0,0,0,,False
5795,Refund_not_showing_up,COLLOQUIAL,28.57,2,5,7,0,0,0,0,0,,False
5796,Refund_not_showing_up,COLLOQUIAL,16.67,1,5,6,0,0,0,0,0,,False
5797,Refund_not_showing_up,COLLOQUIAL,33.33,2,4,6,0,0,0,0,0,,False
5798,Refund_not_showing_up,COLLOQUIAL,30.0,3,7,10,0,0,0,0,0,,False
5799,Refund_not_showing_up,COLLOQUIAL,25.0,1,3,4,0,0,0,0,0,,False
5800,Refund_not_showing_up,COLLOQUIAL,7.89,3,35,38,0,0,0,0,0,,False
5801,Refund_not_showing_up,MIXED,2.38,1,41,42,0,0,0,0,0,,True
5802,Refund_not_showing_up,COLLOQUIAL,25.0,2,6,8,0,0,0,0,0,,False
5803,Refund_not_showing_up,COLLOQUIAL,7.69,1,12,13,0,0,0,0,0,,False
5804,Refund_not_showing_up,COLLOQUIAL,8.33,1,11,12,0,0,0,0,0,,False
5805,Refund_not_showing_up,COLLOQUIAL,12.12,4,29,33,0,0,0,0,0,,False
5806,Refund_not_showing_up,COLLOQUIAL,20.0,1,4,5,0,0,0,0,0,,False
5807,Refund_not_showing_up,COLLOQUIAL,18.18,2,9,11,0,0,0,0,0,,False
5808,Refund_not_showing_up,COLLOQUIAL,18.18,2,9,11,0,0,0,0,0,,False
5809,Refund_not_showing_up,COLLOQUIAL,20.0,1,4,5,0,0,0,0,0,,False
5810,Refund_not_showing_up,COLLOQUIAL,20.0,2,8,10,0,0,0,0,0,,False
5811,Refund_not_showing_up,COLLOQUIAL,11.11,1,8,9,0,0,0,0,0,,False
5812,Refund_not_showing_up,COLLOQUIAL,33.33,1,2,3,0,0,0,0,0,,False
5813,Refund_not_showing_up,COLLOQUIAL,22.22,2,7,9,0,0,0,0,0,,False
5814,Refund_not_showing_up,COLLOQUIAL,12.5,2,14,16,0,0,0,0,0,,False
5815,Refund_not_showing_up,COLLOQUIAL,8.33,1,11,12,0,0,0,0,0,,False
5816,Refund_not_showing_up,COLLOQUIAL,16.67,1,5,6,0,0,0,0,0,,False
5817,Refund_not_showing_up,COLLOQUIAL,20.0,1,4,5,0,0,0,0,0,,False
5818,Refund_not_showing_up,COLLOQUIAL,33.33,2,4,6,0,0,0,0,0,,False
5819,Refund_not_showing_up,COLLOQUIAL,25.0,1,3,4,0,0,0,0,0,,False
5820,Refund_not_showing_up,COLLOQUIAL,11.11,1,8,9,0,0,0,0,0,,False
5821,Refund_not_showing_up,COLLOQUIAL,8.33,1,11,12,0,0,0,0,0,,False
5822,Refund_not_showing_up,COLLOQUIAL,12.5,3,21,24,0,0,0,0,0,,False
5823,Refund_not_showing_up,COLLOQUIAL,25.0,2,6,8,0,0,0,0,0,,False
5824,Refund_not_showing_up,COLLOQUIAL,33.33,2,4,6,0,0,0,0,0,,False
5825,Refund_not_showing_up,COLLOQUIAL,18.18,2,9,11,0,0,0,0,0,,False
5826,Refund_not_showing_up,COLLOQUIAL,11.11,1,8,9,0,0,0,0,0,,False
5827,Refund_not_showing_up,COLLOQUIAL,33.33,2,4,6,0,0,0,0,0,,False
5828,Refund_not_showing_up,COLLOQUIAL,12.12,4,29,33,0,0,0,0,0,,False
5829,Refund_not_showing_up,MIXED,3.23,1,30,31,0,0,0,0,0,,True
5830,Refund_not_showing_up,COLLOQUIAL,33.33,2,4,6,0,0,0,0,0,,False
5831,Refund_not_showing_up,COLLOQUIAL,14.29,1,6,7,0,0,0,0,0,,False
5832,Refund_not_showing_up,COLLOQUIAL,14.29,4,24,28,0,0,0,0,0,,False
5833,Refund_not_showing_up,COLLOQUIAL,8.11,3,34,37,0,0,0,0,0,,False
5834,Refund_not_showing_up,COLLOQUIAL,16.67,1,5,6,0,0,0,0,0,,False
5835,Refund_not_showing_up,COLLOQUIAL,22.22,2,7,9,0,0,0,0,0,,False
5836,declined_card_payment,COLLOQUIAL,12.5,1,7,8,0,0,0,0,0,,False
5837,declined_card_payment,COLLOQUIAL,16.67,1,5,6,0,0,0,0,0,,False
5838,declined_card_payment,COLLOQUIAL,33.33,3,6,9,0,0,0,0,0,,False
5839,declined_card_payment,COLLOQUIAL,18.18,4,18,22,0,0,0,0,0,,False
5840,declined_card_payment,COLLOQUIAL,20.0,2,8,10,0,0,0,0,0,,False
5841,declined_card_payment,COLLOQUIAL,22.22,2,7,9,0,0,0,0,0,,False
5842,declined_card_payment,COLLOQUIAL,25.0,2,6,8,0,0,0,0,0,,False
5843,declined_card_payment,COLLOQUIAL,33.33,3,6,9,0,0,0,0,0,,False
5844,declined_card_payment,COLLOQUIAL,20.0,5,20,25,0,0,0,0,0,,False
5845,declined_card_payment,COLLOQUIAL,16.0,4,21,25,0,0,0,0,0,,False
5846,declined_card_payment,COLLOQUIAL,42.86,3,4,7,0,0,0,0,0,,False
5847,declined_card_payment,COLLOQUIAL,25.0,2,6,8,0,0,0,0,0,,False
5848,declined_card_payment,COLLOQUIAL,40.0,2,3,5,0,0,0,0,0,,False
5849,declined_card_payment,COLLOQUIAL,22.22,6,21,27,0,0,0,0,0,,False
5850,declined_card_payment,COLLOQUIAL,12.5,3,21,24,0,0,0,0,0,,False
5851,declined_card_payment,COLLOQUIAL,16.67,1,5,6,0,0,0,0,0,,False
5852,declined_card_payment,COLLOQUIAL,10.71,3,25,28,0,0,0,0,0,,False
5853,declined_card_payment,COLLOQUIAL,33.33,2,4,6,0,0,0,0,0,,False
5854,declined_card_payment,COLLOQUIAL,26.67,4,11,15,0,0,0,0,0,,False
5855,declined_card_payment,COLLOQUIAL,14.29,5,30,35,0,0,0,0,0,,False
5856,declined_card_payment,COLLOQUIAL,17.39,4,19,23,0,0,0,0,0,,False
5857,declined_card_payment,COLLOQUIAL,23.53,8,26,34,0,0,0,0,0,,False
5858,declined_card_payment,COLLOQUIAL,40.0,4,6,10,0,0,0,0,0,,False
5859,declined_card_payment,COLLOQUIAL,33.33,2,4,6,0,0,0,0,0,,False
5860,declined_card_payment,COLLOQUIAL,40.0,3,2,5,0,0,0,0,0,,False
5861,declined_card_payment,COLLOQUIAL,25.0,1,3,4,0,0,0,0,0,,False
5862,declined_card_payment,COLLOQUIAL,15.38,2,11,13,0,0,0,0,0,,False
5863,declined_card_payment,MIXED,0.0,0,7,7,0,0,0,0,0,,True
5864,declined_card_payment,COLLOQUIAL,42.86,3,4,7,0,0,0,0,0,,False
5865,declined_card_payment,MIXED,0.0,0,5,5,0,0,0,0,0,,True
5866,declined_card_payment,COLLOQUIAL,17.65,3,14,17,0,0,0,0,0,,False
5867,declined_card_payment,COLLOQUIAL,40.0,2,3,5,0,0,0,0,0,,False
5868,declined_card_payment,COLLOQUIAL,28.57,4,10,14,0,0,0,0,0,,False
5869,declined_card_payment,COLLOQUIAL,18.75,3,13,16,0,0,0,0,0,,False
5870,declined_card_payment,COLLOQUIAL,40.0,2,3,5,0,0,0,0,0,,False
5871,declined_card_payment,MIXED,0.0,0,13,13,0,0,0,0,0,,True
5872,declined_card_payment,COLLOQUIAL,20.0,2,8,10,0,0,0,0,0,,False
5873,declined_card_payment,COLLOQUIAL,25.0,2,6,8,0,0,0,0,0,,False
5874,declined_card_payment,COLLOQUIAL,17.65,3,14,17,0,0,0,0,0,,False
5875,declined_card_payment,COLLOQUIAL,15.38,2,11,13,0,0,0,0,0,,False
5876,declined_card_payment,COLLOQUIAL,42.86,3,4,7,0,0,0,0,0,,False
5877,declined_card_payment,COLLOQUIAL,40.0,3,2,5,0,0,0,0,0,,False
5878,declined_card_payment,COLLOQUIAL,11.11,2,16,18,0,0,0,0,0,,False
5879,declined_card_payment,COLLOQUIAL,50.0,2,2,4,0,0,0,0,0,,False
5880,declined_card_payment,COLLOQUIAL,30.0,3,7,10,0,0,0,0,0,,False
5881,declined_card_payment,COLLOQUIAL,40.0,2,3,5,0,0,0,0,0,,False
5882,declined_card_payment,COLLOQUIAL,25.0,2,6,8,0,0,0,0,0,,False
5883,declined_card_payment,COLLOQUIAL,50.0,3,3,6,0,0,0,0,0,,False
5884,declined_card_payment,COLLOQUIAL,33.33,2,4,6,0,0,0,0,0,,False
5885,declined_card_payment,COLLOQUIAL,33.33,3,6,9,0,0,0,0,0,,False
5886,declined_card_payment,COLLOQUIAL,40.0,2,3,5,0,0,0,0,0,,False
5887,declined_card_payment,MIXED,0.0,0,6,6,0,0,0,0,0,,True
5888,declined_card_payment,COLLOQUIAL,30.0,3,7,10,0,0,0,0,0,,False
5889,declined_card_payment,COLLOQUIAL,25.0,3,9,12,0,0,0,0,0,,False
5890,declined_card_payment,COLLOQUIAL,50.0,3,3,6,0,0,0,0,0,,False
5891,declined_card_payment,COLLOQUIAL,50.0,3,3,6,0,0,0,0,0,,False
5892,declined_card_payment,COLLOQUIAL,40.0,2,3,5,0,0,0,0,0,,False
5893,declined_card_payment,COLLOQUIAL,12.5,1,7,8,0,0,0,0,0,,False
5894,declined_card_payment,COLLOQUIAL,28.57,4,10,14,0,0,0,0,0,,False
5895,declined_card_payment,COLLOQUIAL,50.0,2,2,4,0,0,0,0,0,,False
5896,declined_card_payment,COLLOQUIAL,25.0,1,3,4,0,0,0,0,0,,False
5897,declined_card_payment,COLLOQUIAL,28.57,2,5,7,0,0,0,0,0,,False
5898,declined_card_payment,COLLOQUIAL,12.0,3,22,25,0,0,0,0,0,,False
5899,declined_card_payment,COLLOQUIAL,40.0,3,2,5,0,0,0,0,0,,False
5900,declined_card_payment,COLLOQUIAL,33.33,3,6,9,0,0,0,0,0,,False
5901,declined_card_payment,COLLOQUIAL,40.0,3,2,5,0,0,0,0,0,,False
5902,declined_card_payment,COLLOQUIAL,50.0,3,3,6,0,0,0,0,0,,False
5903,declined_card_payment,COLLOQUIAL,11.11,2,16,18,0,0,0,0,0,,False
5904,declined_card_payment,COLLOQUIAL,40.0,4,6,10,0,0,0,0,0,,False
5905,declined_card_payment,COLLOQUIAL,37.5,3,5,8,0,0,0,0,0,,False
5906,declined_card_payment,COLLOQUIAL,40.0,2,3,5,0,0,0,0,0,,False
5907,declined_card_payment,COLLOQUIAL,12.5,1,7,8,0,0,0,0,0,,False
5908,declined_card_payment,COLLOQUIAL,20.0,1,4,5,0,0,0,0,0,,False
5909,declined_card_payment,COLLOQUIAL,30.0,3,7,10,0,0,0,0,0,,False
5910,declined_card_payment,COLLOQUIAL,33.33,2,4,6,0,0,0,0,0,,False
5911,declined_card_payment,COLLOQUIAL,11.11,1,8,9,0,0,0,0,0,,False
5912,declined_card_payment,COLLOQUIAL,40.0,3,2,5,0,0,0,0,0,,False
5913,declined_card_payment,COLLOQUIAL,20.0,3,12,15,0,0,0,0,0,,False
5914,declined_card_payment,COLLOQUIAL,25.0,1,3,4,0,0,0,0,0,,False
5915,declined_card_payment,COLLOQUIAL,33.33,4,8,12,0,0,0,0,0,,False
5916,declined_card_payment,COLLOQUIAL,20.0,2,8,10,0,0,0,0,0,,False
5917,declined_card_payment,COLLOQUIAL,12.5,1,7,8,0,0,0,0,0,,False
5918,declined_card_payment,COLLOQUIAL,40.0,2,3,5,0,0,0,0,0,,False
5919,declined_card_payment,COLLOQUIAL,10.0,2,18,20,0,0,0,0,0,,False
5920,declined_card_payment,COLLOQUIAL,33.33,2,4,6,0,0,0,0,0,,False
5921,declined_card_payment,COLLOQUIAL,15.0,3,17,20,0,0,0,0,0,,False
5922,declined_card_payment,COLLOQUIAL,14.29,3,18,21,0,0,0,0,0,,False
5923,declined_card_payment,COLLOQUIAL,25.0,1,3,4,0,0,0,0,0,,False
5924,declined_card_payment,COLLOQUIAL,27.27,3,8,11,0,0,0,0,0,,False
5925,declined_card_payment,COLLOQUIAL,24.0,6,19,25,0,0,0,0,0,,False
5926,declined_card_payment,COLLOQUIAL,33.33,3,6,9,0,0,0,0,0,,False
5927,declined_card_payment,COLLOQUIAL,20.0,1,4,5,0,0,0,0,0,,False
5928,declined_card_payment,COLLOQUIAL,14.29,2,12,14,0,0,0,0,0,,False
5929,declined_card_payment,COLLOQUIAL,25.0,3,9,12,0,0,0,0,0,,False
5930,declined_card_payment,COLLOQUIAL,17.65,3,14,17,0,0,0,0,0,,False
5931,declined_card_payment,COLLOQUIAL,37.5,3,5,8,0,0,0,0,0,,False
5932,declined_card_payment,COLLOQUIAL,50.0,3,3,6,0,0,0,0,0,,False
5933,declined_card_payment,COLLOQUIAL,20.0,1,4,5,0,0,0,0,0,,False
5934,declined_card_payment,COLLOQUIAL,40.0,2,3,5,0,0,0,0,0,,False
5935,declined_card_payment,COLLOQUIAL,50.0,3,3,6,0,0,0,0,0,,False
5936,declined_card_payment,COLLOQUIAL,11.11,1,8,9,0,0,0,0,0,,False
5937,declined_card_payment,COLLOQUIAL,42.86,3,4,7,0,0,0,0,0,,False
5938,declined_card_payment,COLLOQUIAL,15.38,2,11,13,0,0,0,0,0,,False
5939,declined_card_payment,COLLOQUIAL,28.57,2,5,7,0,0,0,0,0,,False
5940,declined_card_payment,COLLOQUIAL,28.57,4,10,14,0,0,0,0,0,,False
5941,declined_card_payment,COLLOQUIAL,30.0,3,7,10,0,0,0,0,0,,False
5942,declined_card_payment,COLLOQUIAL,12.5,1,7,8,0,0,0,0,0,,False
5943,declined_card_payment,COLLOQUIAL,40.0,3,2,5,0,0,0,0,0,,False
5944,declined_card_payment,COLLOQUIAL,37.5,3,5,8,0,0,0,0,0,,False
5945,declined_card_payment,COLLOQUIAL,23.08,3,10,13,0,0,0,0,0,,False
5946,declined_card_payment,COLLOQUIAL,23.53,4,13,17,0,0,0,0,0,,False
5947,declined_card_payment,COLLOQUIAL,30.0,3,7,10,0,0,0,0,0,,False
5948,declined_card_payment,COLLOQUIAL,40.0,2,3,5,0,0,0,0,0,,False
5949,declined_card_payment,COLLOQUIAL,27.27,3,8,11,0,0,0,0,0,,False
5950,declined_card_payment,COLLOQUIAL,22.22,2,7,9,0,0,0,0,0,,False
5951,declined_card_payment,COLLOQUIAL,50.0,2,2,4,0,0,0,0,0,,False
5952,declined_card_payment,COLLOQUIAL,40.0,2,3,5,0,0,0,0,0,,False
5953,declined_card_payment,COLLOQUIAL,30.0,3,7,10,0,0,0,0,0,,False
5954,declined_card_payment,COLLOQUIAL,12.5,3,21,24,0,0,0,0,0,,False
5955,declined_card_payment,COLLOQUIAL,30.0,3,7,10,0,0,0,0,0,,False
5956,declined_card_payment,COLLOQUIAL,30.0,3,7,10,0,0,0,0,0,,False
5957,declined_card_payment,COLLOQUIAL,20.0,2,8,10,0,0,0,0,0,,False
5958,declined_card_payment,COLLOQUIAL,37.5,3,5,8,0,0,0,0,0,,False
5959,declined_card_payment,COLLOQUIAL,33.33,2,4,6,0,0,0,0,0,,False
5960,declined_card_payment,COLLOQUIAL,22.22,2,7,9,0,0,0,0,0,,False
5961,declined_card_payment,COLLOQUIAL,33.33,2,4,6,0,0,0,0,0,,False
5962,declined_card_payment,COLLOQUIAL,16.0,4,21,25,0,0,0,0,0,,False
5963,declined_card_payment,COLLOQUIAL,50.0,3,3,6,0,0,0,0,0,,False
5964,declined_card_payment,COLLOQUIAL,15.79,3,16,19,0,0,0,0,0,,False
5965,declined_card_payment,COLLOQUIAL,40.0,3,2,5,0,0,0,0,0,,False
5966,declined_card_payment,COLLOQUIAL,40.0,2,3,5,0,0,0,0,0,,False
5967,declined_card_payment,COLLOQUIAL,12.5,2,14,16,0,0,0,0,0,,False
5968,declined_card_payment,COLLOQUIAL,21.43,3,11,14,0,0,0,0,0,,False
5969,declined_card_payment,COLLOQUIAL,21.43,3,11,14,0,0,0,0,0,,False
5970,declined_card_payment,COLLOQUIAL,18.92,7,30,37,0,0,0,0,0,,False
5971,declined_card_payment,COLLOQUIAL,42.86,3,4,7,0,0,0,0,0,,False
5972,declined_card_payment,COLLOQUIAL,40.0,3,2,5,0,0,0,0,0,,False
5973,declined_card_payment,COLLOQUIAL,40.0,2,3,5,0,0,0,0,0,,False
5974,declined_card_payment,COLLOQUIAL,33.33,2,4,6,0,0,0,0,0,,False
5975,declined_card_payment,COLLOQUIAL,16.67,1,5,6,0,0,0,0,0,,False
5976,declined_card_payment,COLLOQUIAL,42.86,3,4,7,0,0,0,0,0,,False
5977,declined_card_payment,COLLOQUIAL,50.0,3,3,6,0,0,0,0,0,,False
5978,declined_card_payment,COLLOQUIAL,25.0,3,9,12,0,0,0,0,0,,False
5979,declined_card_payment,COLLOQUIAL,11.76,2,15,17,0,0,0,0,0,,False
5980,declined_card_payment,COLLOQUIAL,42.86,3,4,7,0,0,0,0,0,,False
5981,declined_card_payment,COLLOQUIAL,23.81,5,16,21,0,0,0,0,0,,False
5982,declined_card_payment,COLLOQUIAL,33.33,3,6,9,0,0,0,0,0,,False
5983,declined_card_payment,COLLOQUIAL,35.71,5,9,14,0,0,0,0,0,,False
5984,declined_card_payment,COLLOQUIAL,13.04,3,20,23,0,0,0,0,0,,False
5985,declined_card_payment,COLLOQUIAL,50.0,2,2,4,0,0,0,0,0,,False
5986,declined_card_payment,COLLOQUIAL,12.5,5,35,40,0,0,0,0,0,,False
5987,declined_card_payment,COLLOQUIAL,40.0,2,3,5,0,0,0,0,0,,False
5988,declined_card_payment,COLLOQUIAL,37.5,3,5,8,0,0,0,0,0,,False
5989,pending_transfer,MIXED,0.0,0,16,16,0,0,0,0,0,,True
5990,pending_transfer,MIXED,0.0,0,9,9,0,0,0,0,0,,True
5991,pending_transfer,MIXED,3.12,1,31,32,0,0,0,0,0,,True
5992,pending_transfer,MIXED,0.0,0,6,6,0,0,0,0,0,,True
5993,pending_transfer,MIXED,0.0,0,8,8,0,0,0,0,0,,True
5994,pending_transfer,MIXED,0.0,0,8,8,0,0,0,0,0,,True
5995,pending_transfer,MIXED,0.0,0,6,6,0,0,0,0,0,,True
5996,pending_transfer,MIXED,0.0,0,7,7,0,0,0,0,0,,True
5997,pending_transfer,MIXED,2.38,1,41,42,0,0,0,0,0,,True
5998,pending_transfer,MIXED,0.0,0,18,18,0,0,0,0,0,,True
5999,pending_transfer,COLLOQUIAL,20.0,1,4,5,0,0,0,0,0,,False
6000,pending_transfer,MIXED,0.0,0,14,14,0,0,0,0,0,,True
6001,pending_transfer,COLLOQUIAL,11.11,3,24,27,0,0,0,0,0,,False
6002,pending_transfer,MIXED,0.0,0,6,6,0,0,0,0,0,,True
6003,pending_transfer,MIXED,0.0,0,5,5,0,0,0,0,0,,True
6004,pending_transfer,COLLOQUIAL,11.54,3,23,26,0,0,0,0,0,,False
6005,pending_transfer,MIXED,0.0,0,7,7,0,0,0,0,0,,True
6006,pending_transfer,COLLOQUIAL,8.33,1,11,12,0,0,0,0,0,,False
6007,pending_transfer,MIXED,0.0,0,7,7,0,0,0,0,0,,True
6008,pending_transfer,COLLOQUIAL,11.11,1,8,9,0,0,0,0,0,,False
6009,pending_transfer,MIXED,0.0,0,6,6,0,0,0,0,0,,True
6010,pending_transfer,MIXED,0.0,0,8,8,0,0,0,0,0,,True
6011,pending_transfer,MIXED,0.0,0,6,6,0,0,0,0,0,,True
6012,pending_transfer,COLLOQUIAL,7.41,2,25,27,0,0,0,0,0,,False
6013,pending_transfer,MIXED,0.0,0,6,6,0,0,0,0,0,,True
6014,pending_transfer,COLLOQUIAL,10.0,1,9,10,0,0,0,0,0,,False
6015,pending_transfer,MIXED,0.0,0,8,8,0,0,0,0,0,,True
6016,pending_transfer,MIXED,0.0,0,12,12,0,0,0,0,0,,True
6017,pending_transfer,MIXED,0.0,0,27,27,0,0,0,0,0,,True
6018,pending_transfer,MIXED,0.0,0,5,5,0,0,0,0,0,,True
6019,pending_transfer,COLLOQUIAL,6.67,1,14,15,0,0,0,0,0,,False
6020,pending_transfer,COLLOQUIAL,10.0,2,18,20,0,0,0,0,0,,False
6021,pending_transfer,MIXED,0.0,0,7,7,0,0,0,0,0,,True
6022,pending_transfer,COLLOQUIAL,7.14,2,26,28,0,0,0,0,0,,False
6023,pending_transfer,COLLOQUIAL,6.67,1,14,15,0,0,0,0,0,,False
6024,pending_transfer,MIXED,0.0,0,5,5,0,0,0,0,0,,True
6025,pending_transfer,MIXED,0.0,0,4,4,0,0,0,0,0,,True
6026,pending_transfer,MIXED,0.0,0,5,5,0,0,0,0,0,,True
6027,pending_transfer,MIXED,0.0,0,4,4,0,0,0,0,0,,True
6028,pending_transfer,MIXED,0.0,0,20,20,0,0,0,0,0,,True
6029,pending_transfer,MIXED,0.0,0,20,20,0,0,0,0,0,,True
6030,pending_transfer,COLLOQUIAL,28.57,2,5,7,0,0,0,0,0,,False
6031,pending_transfer,COLLOQUIAL,8.0,2,23,25,0,0,0,0,0,,False
6032,pending_transfer,COLLOQUIAL,16.67,2,10,12,0,0,0,0,0,,False
6033,pending_transfer,COLLOQUIAL,27.27,3,8,11,0,0,0,0,0,,False
6034,pending_transfer,COLLOQUIAL,20.0,1,4,5,0,0,0,0,0,,False
6035,pending_transfer,COLLOQUIAL,20.0,8,32,40,0,0,0,0,0,,False
6036,pending_transfer,COLLOQUIAL,40.0,2,3,5,0,0,0,0,0,,False
6037,pending_transfer,COLLOQUIAL,37.5,3,5,8,0,0,0,0,0,,False
6038,pending_transfer,COLLOQUIAL,40.0,2,3,5,0,0,0,0,0,,False
6039,pending_transfer,COLLOQUIAL,20.0,2,8,10,0,0,0,0,0,,False
6040,pending_transfer,COLLOQUIAL,20.0,2,8,10,0,0,0,0,0,,False
6041,pending_transfer,COLLOQUIAL,33.33,2,4,6,0,0,0,0,0,,False
6042,pending_transfer,COLLOQUIAL,28.57,2,5,7,0,0,0,0,0,,False
6043,pending_transfer,COLLOQUIAL,20.0,1,4,5,0,0,0,0,0,,False
6044,pending_transfer,COLLOQUIAL,12.5,1,7,8,0,0,0,0,0,,False
6045,pending_transfer,COLLOQUIAL,14.29,2,12,14,0,0,0,0,0,,False
6046,pending_transfer,COLLOQUIAL,30.43,7,16,23,0,0,0,0,0,,False
6047,pending_transfer,COLLOQUIAL,28.57,2,5,7,0,0,0,0,0,,False
6048,pending_transfer,COLLOQUIAL,28.57,2,5,7,0,0,0,0,0,,False
6049,pending_transfer,COLLOQUIAL,37.5,12,20,32,0,0,0,0,0,,False
6050,pending_transfer,COLLOQUIAL,40.0,2,3,5,0,0,0,0,0,,False
6051,pending_transfer,COLLOQUIAL,33.33,2,4,6,0,0,0,0,0,,False
6052,pending_transfer,COLLOQUIAL,17.65,3,14,17,0,0,0,0,0,,False
6053,pending_transfer,COLLOQUIAL,40.0,2,3,5,0,0,0,0,0,,False
6054,pending_transfer,COLLOQUIAL,25.0,2,6,8,0,0,0,0,0,,False
6055,pending_transfer,COLLOQUIAL,20.0,1,4,5,0,0,0,0,0,,False
6056,pending_transfer,COLLOQUIAL,5.26,1,18,19,0,0,0,0,0,,False
6057,pending_transfer,COLLOQUIAL,23.08,3,10,13,0,0,0,0,0,,False
6058,pending_transfer,COLLOQUIAL,15.38,4,22,26,0,0,0,0,0,,False
6059,pending_transfer,COLLOQUIAL,16.0,4,21,25,0,0,0,0,0,,False
6060,pending_transfer,COLLOQUIAL,38.71,12,19,31,0,0,0,0,0,,False
6061,pending_transfer,COLLOQUIAL,25.0,1,3,4,0,0,0,0,0,,False
6062,pending_transfer,COLLOQUIAL,25.0,2,6,8,0,0,0,0,0,,False
6063,pending_transfer,COLLOQUIAL,18.18,2,9,11,0,0,0,0,0,,False
6064,pending_transfer,COLLOQUIAL,33.33,2,4,6,0,0,0,0,0,,False
6065,pending_transfer,COLLOQUIAL,20.0,1,4,5,0,0,0,0,0,,False
6066,pending_transfer,COLLOQUIAL,37.5,3,5,8,0,0,0,0,0,,False
6067,pending_transfer,COLLOQUIAL,25.0,1,3,4,0,0,0,0,0,,False
6068,pending_transfer,COLLOQUIAL,25.0,2,6,8,0,0,0,0,0,,False
6069,pending_transfer,COLLOQUIAL,28.57,2,5,7,0,0,0,0,0,,False
6070,pending_transfer,COLLOQUIAL,22.22,6,21,27,0,0,0,0,0,,False
6071,pending_transfer,COLLOQUIAL,33.33,3,6,9,0,0,0,0,0,,False
6072,pending_transfer,COLLOQUIAL,6.25,1,15,16,0,0,0,0,0,,False
6073,pending_transfer,MIXED,0.0,0,8,8,0,0,0,0,0,,True
6074,pending_transfer,COLLOQUIAL,41.67,5,7,12,0,0,0,0,0,,False
6075,pending_transfer,COLLOQUIAL,10.53,2,17,19,0,0,0,0,0,,False
6076,pending_transfer,COLLOQUIAL,42.86,3,4,7,0,0,0,0,0,,False
6077,pending_transfer,COLLOQUIAL,25.0,2,6,8,0,0,0,0,0,,False
6078,pending_transfer,COLLOQUIAL,22.22,2,7,9,0,0,0,0,0,,False
6079,pending_transfer,COLLOQUIAL,28.57,2,5,7,0,0,0,0,0,,False
6080,pending_transfer,COLLOQUIAL,28.57,2,5,7,0,0,0,0,0,,False
6081,pending_transfer,COLLOQUIAL,22.22,2,7,9,0,0,0,0,0,,False
6082,pending_transfer,COLLOQUIAL,18.18,2,9,11,0,0,0,0,0,,False
6083,pending_transfer,COLLOQUIAL,25.0,2,6,8,0,0,0,0,0,,False
6084,pending_transfer,COLLOQUIAL,33.33,3,6,9,0,0,0,0,0,,False
6085,pending_transfer,COLLOQUIAL,33.33,3,6,9,0,0,0,0,0,,False
6086,pending_transfer,COLLOQUIAL,17.65,3,14,17,0,0,0,0,0,,False
6087,pending_transfer,COLLOQUIAL,42.86,3,4,7,0,0,0,0,0,,False
6088,pending_transfer,COLLOQUIAL,20.0,2,8,10,0,0,0,0,0,,False
6089,pending_transfer,COLLOQUIAL,25.0,2,6,8,0,0,0,0,0,,False
6090,pending_transfer,COLLOQUIAL,20.0,2,8,10,0,0,0,0,0,,False
6091,pending_transfer,COLLOQUIAL,11.54,3,23,26,0,0,0,0,0,,False
6092,pending_transfer,COLLOQUIAL,20.0,1,4,5,0,0,0,0,0,,False
6093,pending_transfer,COLLOQUIAL,30.0,3,7,10,0,0,0,0,0,,False
6094,pending_transfer,COLLOQUIAL,8.33,2,22,24,0,0,0,0,0,,False
6095,pending_transfer,COLLOQUIAL,28.57,2,5,7,0,0,0,0,0,,False
6096,pending_transfer,COLLOQUIAL,40.0,2,3,5,0,0,0,0,0,,False
6097,pending_transfer,COLLOQUIAL,33.33,2,4,6,0,0,0,0,0,,False
6098,pending_transfer,COLLOQUIAL,33.33,2,4,6,0,0,0,0,0,,False
6099,pending_transfer,COLLOQUIAL,22.22,2,7,9,0,0,0,0,0,,False
6100,pending_transfer,COLLOQUIAL,30.43,7,16,23,0,0,0,0,0,,False
6101,pending_transfer,COLLOQUIAL,10.0,1,9,10,0,0,0,0,0,,False
6102,pending_transfer,COLLOQUIAL,25.93,7,20,27,0,0,0,0,0,,False
6103,pending_transfer,COLLOQUIAL,42.86,3,4,7,0,0,0,0,0,,False
6104,pending_transfer,COLLOQUIAL,20.0,1,4,5,0,0,0,0,0,,False
6105,pending_transfer,COLLOQUIAL,29.55,13,31,44,0,0,0,0,0,,False
6106,pending_transfer,COLLOQUIAL,12.5,3,21,24,0,0,0,0,0,,False
6107,pending_transfer,COLLOQUIAL,33.33,2,4,6,0,0,0,0,0,,False
6108,pending_transfer,COLLOQUIAL,28.57,8,20,28,0,0,0,0,0,,False
6109,pending_transfer,COLLOQUIAL,20.0,2,8,10,0,0,0,0,0,,False
6110,pending_transfer,COLLOQUIAL,33.33,2,4,6,0,0,0,0,0,,False
6111,pending_transfer,COLLOQUIAL,8.33,1,11,12,0,0,0,0,0,,False
6112,pending_transfer,COLLOQUIAL,25.0,2,6,8,0,0,0,0,0,,False
6113,pending_transfer,COLLOQUIAL,25.0,2,6,8,0,0,0,0,0,,False
6114,pending_transfer,COLLOQUIAL,40.0,2,3,5,0,0,0,0,0,,False
6115,pending_transfer,MIXED,4.76,1,20,21,0,0,0,0,0,,True
6116,pending_transfer,COLLOQUIAL,12.5,3,21,24,0,0,0,0,0,,False
6117,pending_transfer,COLLOQUIAL,33.33,2,4,6,0,0,0,0,0,,False
6118,pending_transfer,MIXED,0.0,0,17,17,0,0,0,0,0,,True
6119,pending_transfer,COLLOQUIAL,15.15,5,28,33,0,0,0,0,0,,False
6120,pending_transfer,COLLOQUIAL,28.0,7,18,25,0,0,0,0,0,,False
6121,pending_transfer,COLLOQUIAL,20.0,2,8,10,0,0,0,0,0,,False
6122,pending_transfer,COLLOQUIAL,42.86,3,4,7,0,0,0,0,0,,False
6123,pending_transfer,COLLOQUIAL,25.0,2,6,8,0,0,0,0,0,,False
6124,pending_transfer,COLLOQUIAL,25.0,2,6,8,0,0,0,0,0,,False
6125,pending_transfer,COLLOQUIAL,11.76,2,15,17,0,0,0,0,0,,False
6126,pending_transfer,COLLOQUIAL,33.33,2,4,6,0,0,0,0,0,,False
6127,pending_transfer,COLLOQUIAL,20.0,2,8,10,0,0,0,0,0,,False
6128,pending_transfer,COLLOQUIAL,33.33,3,6,9,0,0,0,0,0,,False
6129,pending_transfer,COLLOQUIAL,5.88,1,16,17,0,0,0,0,0,,False
6130,pending_transfer,COLLOQUIAL,25.0,2,6,8,0,0,0,0,0,,False
6131,pending_transfer,COLLOQUIAL,19.23,5,21,26,0,0,0,0,0,,False
6132,pending_transfer,COLLOQUIAL,25.0,2,6,8,0,0,0,0,0,,False
6133,pending_transfer,COLLOQUIAL,14.29,1,6,7,0,0,0,0,0,,False
6134,pending_transfer,COLLOQUIAL,30.0,3,7,10,0,0,0,0,0,,False
6135,pending_transfer,COLLOQUIAL,37.5,3,5,8,0,0,0,0,0,,False
6136,pending_transfer,COLLOQUIAL,25.0,2,6,8,0,0,0,0,0,,False
6137,terminate_account,COLLOQUIAL,14.29,1,6,7,0,0,0,0,0,,False
6138,terminate_account,COLLOQUIAL,16.67,1,5,6,0,0,0,0,0,,False
6139,terminate_account,COLLOQUIAL,14.29,1,6,7,0,0,0,0,0,,False
6140,terminate_account,COLLOQUIAL,14.29,1,6,7,0,0,0,0,0,,False
6141,terminate_account,COLLOQUIAL,40.0,2,3,5,0,0,0,0,0,,False
6142,terminate_account,COLLOQUIAL,14.29,1,6,7,0,0,0,0,0,,False
6143,terminate_account,COLLOQUIAL,22.22,2,7,9,0,0,0,0,0,,False
6144,terminate_account,COLLOQUIAL,13.33,2,13,15,0,0,0,0,0,,False
6145,terminate_account,COLLOQUIAL,16.67,1,5,6,0,0,0,0,0,,False
6146,terminate_account,COLLOQUIAL,20.0,1,4,5,0,0,0,0,0,,False
6147,terminate_account,COLLOQUIAL,9.09,1,10,11,0,0,0,0,0,,False
6148,terminate_account,COLLOQUIAL,28.57,2,5,7,0,0,0,0,0,,False
6149,terminate_account,COLLOQUIAL,28.57,2,5,7,0,0,0,0,0,,False
6150,terminate_account,MIXED,0.0,0,8,8,0,0,0,0,0,,True
6151,terminate_account,MIXED,0.0,0,10,10,0,0,0,0,0,,True
6152,terminate_account,MIXED,0.0,0,6,6,0,0,0,0,0,,True
6153,terminate_account,MIXED,0.0,0,8,8,0,0,0,0,0,,True
6154,terminate_account,COLLOQUIAL,25.0,1,3,4,0,0,0,0,0,,False
6155,terminate_account,MIXED,0.0,0,6,6,0,0,0,0,0,,True
6156,terminate_account,COLLOQUIAL,20.0,2,8,10,0,0,0,0,0,,False
6157,terminate_account,MIXED,0.0,0,8,8,0,0,0,0,0,,True
6158,terminate_account,COLLOQUIAL,16.67,1,5,6,0,0,0,0,0,,False
6159,terminate_account,MIXED,0.0,0,7,7,0,0,0,0,0,,True
6160,terminate_account,MIXED,0.0,0,7,7,0,0,0,0,0,,True
6161,terminate_account,COLLOQUIAL,16.67,1,5,6,0,0,0,0,0,,False
6162,terminate_account,MIXED,0.0,0,10,10,0,0,0,0,0,,True
6163,terminate_account,COLLOQUIAL,9.09,1,10,11,0,0,0,0,0,,False
6164,terminate_account,MIXED,0.0,0,10,10,0,0,0,0,0,,True
6165,terminate_account,MIXED,0.0,0,12,12,0,0,0,0,0,,True
6166,terminate_account,MIXED,0.0,0,6,6,0,0,0,0,0,,True
6167,terminate_account,MIXED,0.0,0,13,13,0,0,0,0,0,,True
6168,terminate_account,MIXED,0.0,0,9,9,0,0,0,0,0,,True
6169,terminate_account,MIXED,0.0,0,11,11,0,0,0,0,0,,True
6170,terminate_account,COLLOQUIAL,16.67,1,5,6,0,0,0,0,0,,False
6171,terminate_account,COLLOQUIAL,10.0,1,9,10,0,0,0,0,0,,False
6172,terminate_account,COLLOQUIAL,25.0,1,3,4,0,0,0,0,0,,False
6173,terminate_account,MIXED,0.0,0,5,5,0,0,0,0,0,,True
6174,terminate_account,MIXED,0.0,0,7,7,0,0,0,0,0,,True
6175,terminate_account,MIXED,0.0,0,11,11,0,0,0,0,0,,True
6176,terminate_account,MIXED,0.0,0,11,11,0,0,0,0,0,,True
6177,terminate_account,MIXED,0.0,0,11,11,0,0,0,0,0,,True
6178,terminate_account,MIXED,0.0,0,7,7,0,0,0,0,0,,True
6179,terminate_account,MIXED,0.0,0,10,10,0,0,0,0,0,,True
6180,terminate_account,MIXED,0.0,0,10,10,0,0,0,0,0,,True
6181,terminate_account,MIXED,0.0,0,6,6,0,0,0,0,0,,True
6182,terminate_account,MIXED,0.0,0,10,10,0,0,0,0,0,,True
6183,terminate_account,MIXED,0.0,0,11,11,0,0,0,0,0,,True
6184,terminate_account,MIXED,0.0,0,6,6,0,0,0,0,0,,True
6185,terminate_account,MIXED,0.0,0,6,6,0,0,0,0,0,,True
6186,terminate_account,MIXED,0.0,0,5,5,0,0,0,0,0,,True
6187,terminate_account,MIXED,0.0,0,7,7,0,0,0,0,0,,True
6188,terminate_account,MIXED,0.0,0,8,8,0,0,0,0,0,,True
6189,terminate_account,COLLOQUIAL,8.33,1,11,12,0,0,0,0,0,,False
6190,terminate_account,MIXED,0.0,0,9,9,0,0,0,0,0,,True
6191,terminate_account,MIXED,0.0,0,5,5,0,0,0,0,0,,True
6192,terminate_account,MIXED,0.0,0,5,5,0,0,0,0,0,,True
6193,terminate_account,MIXED,0.0,0,6,6,0,0,0,0,0,,True
6194,terminate_account,MIXED,0.0,0,14,14,0,0,0,0,0,,True
6195,terminate_account,COLLOQUIAL,9.09,1,10,11,0,0,0,0,0,,False
6196,terminate_account,COLLOQUIAL,22.22,2,7,9,0,0,0,0,0,,False
6197,terminate_account,MIXED,0.0,0,12,12,0,0,0,0,0,,True
6198,terminate_account,MIXED,0.0,0,5,5,0,0,0,0,0,,True
6199,terminate_account,COLLOQUIAL,9.09,1,10,11,0,0,0,0,0,,False
6200,terminate_account,MIXED,0.0,0,6,6,0,0,0,0,0,,True
6201,terminate_account,MIXED,0.0,0,7,7,0,0,0,0,0,,True
6202,terminate_account,MIXED,0.0,0,6,6,0,0,0,0,0,,True
6203,terminate_account,MIXED,0.0,0,6,6,0,0,0,0,0,,True
6204,terminate_account,COLLOQUIAL,10.0,1,9,10,0,0,0,0,0,,False
6205,terminate_account,MIXED,0.0,0,5,5,0,0,0,0,0,,True
6206,terminate_account,MIXED,0.0,0,5,5,0,0,0,0,0,,True
6207,terminate_account,MIXED,0.0,0,7,7,0,0,0,0,0,,True
6208,terminate_account,COLLOQUIAL,16.67,1,5,6,0,0,0,0,0,,False
6209,terminate_account,MIXED,0.0,0,7,7,0,0,0,0,0,,True
6210,terminate_account,MIXED,0.0,0,10,10,0,0,0,0,0,,True
6211,terminate_account,MIXED,0.0,0,6,6,0,0,0,0,0,,True
6212,terminate_account,MIXED,0.0,0,5,5,0,0,0,0,0,,True
6213,terminate_account,COLLOQUIAL,20.0,1,4,5,0,0,0,0,0,,False
6214,terminate_account,MIXED,0.0,0,6,6,0,0,0,0,0,,True
6215,terminate_account,MIXED,0.0,0,8,8,0,0,0,0,0,,True
6216,terminate_account,MIXED,0.0,0,4,4,0,0,0,0,0,,True
6217,terminate_account,COLLOQUIAL,14.29,1,6,7,0,0,0,0,0,,False
6218,terminate_account,MIXED,0.0,0,11,11,0,0,0,0,0,,True
6219,terminate_account,MIXED,0.0,0,5,5,0,0,0,0,0,,True
6220,terminate_account,COLLOQUIAL,12.5,1,7,8,0,0,0,0,0,,False
6221,terminate_account,MIXED,0.0,0,9,9,0,0,0,0,0,,True
6222,terminate_account,MIXED,0.0,0,11,11,0,0,0,0,0,,True
6223,terminate_account,MIXED,0.0,0,5,5,0,0,0,0,0,,True
6224,terminate_account,COLLOQUIAL,12.5,1,7,8,0,0,0,0,0,,False
6225,terminate_account,COLLOQUIAL,8.33,1,11,12,0,0,0,0,0,,False
6226,terminate_account,MIXED,0.0,0,6,6,0,0,0,0,0,,True
6227,terminate_account,MIXED,0.0,0,5,5,0,0,0,0,0,,True
6228,terminate_account,MIXED,0.0,0,9,9,0,0,0,0,0,,True
6229,terminate_account,MIXED,0.0,0,10,10,0,0,0,0,0,,True
6230,terminate_account,MIXED,0.0,0,4,4,0,0,0,0,0,,True
6231,terminate_account,MIXED,0.0,0,10,10,0,0,0,0,0,,True
6232,terminate_account,MIXED,0.0,0,6,6,0,0,0,0,0,,True
6233,terminate_account,COLLOQUIAL,14.29,1,6,7,0,0,0,0,0,,False
6234,terminate_account,MIXED,0.0,0,9,9,0,0,0,0,0,,True
6235,terminate_account,COLLOQUIAL,16.67,1,5,6,0,0,0,0,0,,False
6236,terminate_account,COLLOQUIAL,9.09,1,10,11,0,0,0,0,0,,False
6237,terminate_account,MIXED,0.0,0,4,4,0,0,0,0,0,,True
6238,terminate_account,COLLOQUIAL,14.29,1,6,7,0,0,0,0,0,,False
6239,terminate_account,COLLOQUIAL,11.11,1,8,9,0,0,0,0,0,,False
6240,terminate_account,MIXED,0.0,0,9,9,0,0,0,0,0,,True
6241,terminate_account,MIXED,0.0,0,14,14,0,0,0,0,0,,True
6242,terminate_account,MIXED,0.0,0,10,10,0,0,0,0,0,,True
6243,terminate_account,MIXED,0.0,0,9,9,0,0,0,0,0,,True
6244,terminate_account,COLLOQUIAL,11.11,1,8,9,0,0,0,0,0,,False
6245,card_swallowed,COLLOQUIAL,14.29,1,6,7,0,0,0,0,0,,False
6246,card_swallowed,COLLOQUIAL,22.22,2,7,9,0,0,0,0,0,,False
6247,card_swallowed,COLLOQUIAL,28.57,2,5,7,0,0,0,0,0,,False
6248,card_swallowed,COLLOQUIAL,14.29,1,6,7,0,0,0,0,0,,False
6249,card_swallowed,MIXED,0.0,0,11,11,0,0,0,0,0,,True
6250,card_swallowed,COLLOQUIAL,25.0,1,3,4,0,0,0,0,0,,False
6251,card_swallowed,COLLOQUIAL,10.0,1,9,10,0,0,0,0,0,,False
6252,card_swallowed,MIXED,0.0,0,11,11,0,0,0,0,0,,True
6253,card_swallowed,COLLOQUIAL,25.0,1,3,4,0,0,0,0,0,,False
6254,card_swallowed,COLLOQUIAL,16.67,1,5,6,0,0,0,0,0,,False
6255,card_swallowed,COLLOQUIAL,13.64,3,19,22,0,0,0,0,0,,False
6256,card_swallowed,COLLOQUIAL,25.0,2,6,8,0,0,0,0,0,,False
6257,card_swallowed,COLLOQUIAL,25.0,1,3,4,0,0,0,0,0,,False
6258,card_swallowed,MIXED,0.0,0,11,11,0,0,0,0,0,,True
6259,card_swallowed,COLLOQUIAL,25.0,1,3,4,0,0,0,0,0,,False
6260,card_swallowed,COLLOQUIAL,9.09,1,10,11,0,0,0,0,0,,False
6261,card_swallowed,COLLOQUIAL,10.0,1,9,10,0,0,0,0,0,,False
6262,card_swallowed,COLLOQUIAL,20.0,1,4,5,0,0,0,0,0,,False
6263,card_swallowed,COLLOQUIAL,20.0,1,4,5,0,0,0,0,0,,False
6264,card_swallowed,COLLOQUIAL,12.5,1,7,8,0,0,0,0,0,,False
6265,card_swallowed,COLLOQUIAL,14.29,1,6,7,0,0,0,0,0,,False
6266,card_swallowed,COLLOQUIAL,14.29,1,6,7,0,0,0,0,0,,False
6267,card_swallowed,COLLOQUIAL,28.57,2,5,7,0,0,0,0,0,,False
6268,card_swallowed,MIXED,0.0,0,7,7,0,0,0,0,0,,True
6269,card_swallowed,COLLOQUIAL,16.67,1,5,6,0,0,0,0,0,,False
6270,card_swallowed,COLLOQUIAL,12.5,1,7,8,0,0,0,0,0,,False
6271,card_swallowed,MIXED,0.0,0,7,7,0,0,0,0,0,,True
6272,card_swallowed,COLLOQUIAL,20.0,1,4,5,0,0,0,0,0,,False
6273,card_swallowed,COLLOQUIAL,18.18,2,9,11,0,0,0,0,0,,False
6274,card_swallowed,COLLOQUIAL,16.67,1,5,6,0,0,0,0,0,,False
6275,card_swallowed,COLLOQUIAL,9.09,1,10,11,0,0,0,0,0,,False
6276,card_swallowed,COLLOQUIAL,8.33,1,11,12,0,0,0,0,0,,False
6277,card_swallowed,COLLOQUIAL,20.0,1,4,5,0,0,0,0,0,,False
6278,card_swallowed,MIXED,0.0,0,4,4,0,0,0,0,0,,True
6279,card_swallowed,MIXED,0.0,0,9,9,0,0,0,0,0,,True
6280,card_swallowed,COLLOQUIAL,25.0,2,6,8,0,0,0,0,0,,False
6281,card_swallowed,COLLOQUIAL,25.0,1,3,4,0,0,0,0,0,,False
6282,card_swallowed,COLLOQUIAL,7.14,1,13,14,0,0,0,0,0,,False
6283,card_swallowed,COLLOQUIAL,14.29,1,6,7,0,0,0,0,0,,False
6284,card_swallowed,COLLOQUIAL,14.29,1,6,7,0,0,0,0,0,,False
6285,card_swallowed,COLLOQUIAL,25.0,1,3,4,0,0,0,0,0,,False
6286,card_swallowed,COLLOQUIAL,12.5,1,7,8,0,0,0,0,0,,False
6287,card_swallowed,COLLOQUIAL,33.33,2,4,6,0,0,0,0,0,,False
6288,card_swallowed,COLLOQUIAL,16.67,1,5,6,0,0,0,0,0,,False
6289,card_swallowed,COLLOQUIAL,10.0,1,9,10,0,0,0,0,0,,False
6290,card_swallowed,COLLOQUIAL,16.67,1,5,6,0,0,0,0,0,,False
6291,card_swallowed,COLLOQUIAL,11.11,1,8,9,0,0,0,0,0,,False
6292,card_swallowed,COLLOQUIAL,18.18,2,9,11,0,0,0,0,0,,False
6293,card_swallowed,COLLOQUIAL,40.0,2,3,5,0,0,0,0,0,,False
6294,card_swallowed,COLLOQUIAL,25.0,2,6,8,0,0,0,0,0,,False
6295,card_swallowed,COLLOQUIAL,12.5,1,7,8,0,0,0,0,0,,False
6296,card_swallowed,COLLOQUIAL,12.5,1,7,8,0,0,0,0,0,,False
6297,card_swallowed,MIXED,0.0,0,8,8,0,0,0,0,0,,True
6298,card_swallowed,MIXED,0.0,0,8,8,0,0,0,0,0,,True
6299,card_swallowed,COLLOQUIAL,11.11,1,8,9,0,0,0,0,0,,False
6300,card_swallowed,COLLOQUIAL,11.11,1,8,9,0,0,0,0,0,,False
6301,card_swallowed,COLLOQUIAL,18.18,2,9,11,0,0,0,0,0,,False
6302,card_swallowed,COLLOQUIAL,25.0,1,3,4,0,0,0,0,0,,False
6303,card_swallowed,FORMAL,0.0,0,8,8,1,0,0,0,0,formal_verbs:vilungappatta,True
6304,card_swallowed,COLLOQUIAL,12.5,1,7,8,0,0,0,0,0,,False
6305,card_swallowed,COLLOQUIAL,16.67,1,5,6,0,0,0,0,0,,False
6306,transaction_charged_twice,MIXED,0.0,0,6,6,0,0,0,0,0,,True
6307,transaction_charged_twice,MIXED,0.0,0,6,6,0,0,0,0,0,,True
6308,transaction_charged_twice,MIXED,0.0,0,11,11,0,0,0,0,0,,True
6309,transaction_charged_twice,MIXED,0.0,0,8,8,0,0,0,0,0,,True
6310,transaction_charged_twice,COLLOQUIAL,19.05,8,34,42,0,0,0,0,0,,False
6311,transaction_charged_twice,COLLOQUIAL,10.0,2,18,20,0,0,0,0,0,,False
6312,transaction_charged_twice,COLLOQUIAL,33.33,2,4,6,0,0,0,0,0,,False
6313,transaction_charged_twice,COLLOQUIAL,8.33,1,11,12,0,0,0,0,0,,False
6314,transaction_charged_twice,COLLOQUIAL,26.47,9,25,34,0,0,0,0,0,,False
6315,transaction_charged_twice,COLLOQUIAL,20.0,2,8,10,0,0,0,0,0,,False
6316,transaction_charged_twice,COLLOQUIAL,20.0,2,8,10,0,0,0,0,0,,False
6317,transaction_charged_twice,COLLOQUIAL,10.0,1,9,10,0,0,0,0,0,,False
6318,transaction_charged_twice,COLLOQUIAL,13.64,3,19,22,0,0,0,0,0,,False
6319,transaction_charged_twice,COLLOQUIAL,14.29,1,6,7,0,0,0,0,0,,False
6320,transaction_charged_twice,COLLOQUIAL,18.18,2,9,11,0,0,0,0,0,,False
6321,transaction_charged_twice,COLLOQUIAL,13.33,2,13,15,0,0,0,0,0,,False
6322,transaction_charged_twice,COLLOQUIAL,16.67,1,5,6,0,0,0,0,0,,False
6323,transaction_charged_twice,COLLOQUIAL,14.29,1,6,7,0,0,0,0,0,,False
6324,transaction_charged_twice,COLLOQUIAL,25.0,2,6,8,0,0,0,0,0,,False
6325,transaction_charged_twice,COLLOQUIAL,22.22,2,7,9,0,0,0,0,0,,False
6326,transaction_charged_twice,COLLOQUIAL,28.57,2,5,7,0,0,0,0,0,,False
6327,transaction_charged_twice,COLLOQUIAL,18.18,4,18,22,0,0,0,0,0,,False
6328,transaction_charged_twice,COLLOQUIAL,20.0,1,4,5,0,0,0,0,0,,False
6329,transaction_charged_twice,COLLOQUIAL,25.0,7,21,28,0,0,0,0,0,,False
6330,transaction_charged_twice,COLLOQUIAL,25.0,1,3,4,0,0,0,0,0,,False
6331,transaction_charged_twice,COLLOQUIAL,15.38,2,11,13,0,0,0,0,0,,False
6332,transaction_charged_twice,COLLOQUIAL,20.0,1,4,5,0,0,0,0,0,,False
6333,transaction_charged_twice,COLLOQUIAL,25.0,2,6,8,0,0,0,0,0,,False
6334,transaction_charged_twice,COLLOQUIAL,22.22,2,7,9,0,0,0,0,0,,False
6335,transaction_charged_twice,COLLOQUIAL,16.67,1,5,6,0,0,0,0,0,,False
6336,transaction_charged_twice,COLLOQUIAL,12.5,1,7,8,0,0,0,0,0,,False
6337,transaction_charged_twice,COLLOQUIAL,12.5,1,7,8,0,0,0,0,0,,False
6338,transaction_charged_twice,COLLOQUIAL,22.22,2,7,9,0,0,0,0,0,,False
6339,transaction_charged_twice,COLLOQUIAL,28.57,2,5,7,0,0,0,0,0,,False
6340,transaction_charged_twice,COLLOQUIAL,26.09,6,17,23,0,0,0,0,0,,False
6341,transaction_charged_twice,COLLOQUIAL,43.75,7,9,16,0,0,0,0,0,,False
6342,transaction_charged_twice,COLLOQUIAL,11.11,1,8,9,0,0,0,0,0,,False
6343,transaction_charged_twice,COLLOQUIAL,20.0,2,8,10,0,0,0,0,0,,False
6344,transaction_charged_twice,COLLOQUIAL,16.0,4,21,25,0,0,0,0,0,,False
6345,transaction_charged_twice,COLLOQUIAL,20.0,1,4,5,0,0,0,0,0,,False
6346,transaction_charged_twice,COLLOQUIAL,25.0,1,3,4,0,0,0,0,0,,False
6347,transaction_charged_twice,COLLOQUIAL,32.56,14,29,43,0,0,0,0,0,,False
6348,transaction_charged_twice,COLLOQUIAL,15.38,2,11,13,0,0,0,0,0,,False
6349,transaction_charged_twice,COLLOQUIAL,14.29,1,6,7,0,0,0,0,0,,False
6350,transaction_charged_twice,MIXED,0.0,0,5,5,0,0,0,0,0,,True
6351,transaction_charged_twice,COLLOQUIAL,20.45,9,35,44,0,0,0,0,0,,False
6352,transaction_charged_twice,COLLOQUIAL,12.5,1,7,8,0,0,0,0,0,,False
6353,transaction_charged_twice,COLLOQUIAL,12.9,4,27,31,0,0,0,0,0,,False
6354,transaction_charged_twice,COLLOQUIAL,7.69,1,12,13,0,0,0,0,0,,False
6355,transaction_charged_twice,COLLOQUIAL,14.29,7,42,49,0,0,0,0,0,,False
6356,transaction_charged_twice,COLLOQUIAL,20.69,6,23,29,0,0,0,0,0,,False
6357,transaction_charged_twice,COLLOQUIAL,14.29,5,30,35,0,0,0,0,0,,False
6358,transaction_charged_twice,COLLOQUIAL,11.11,1,8,9,0,0,0,0,0,,False
6359,transaction_charged_twice,COLLOQUIAL,16.67,1,5,6,0,0,0,0,0,,False
6360,transaction_charged_twice,MIXED,0.0,0,4,4,0,0,0,0,0,,True
6361,transaction_charged_twice,COLLOQUIAL,9.52,2,19,21,0,0,0,0,0,,False
6362,transaction_charged_twice,COLLOQUIAL,16.67,1,5,6,0,0,0,0,0,,False
6363,transaction_charged_twice,COLLOQUIAL,28.57,2,5,7,0,0,0,0,0,,False
6364,transaction_charged_twice,COLLOQUIAL,16.67,1,5,6,0,0,0,0,0,,False
6365,transaction_charged_twice,COLLOQUIAL,12.5,1,7,8,0,0,0,0,0,,False
6366,transaction_charged_twice,COLLOQUIAL,25.0,2,6,8,0,0,0,0,0,,False
6367,transaction_charged_twice,COLLOQUIAL,25.0,2,6,8,0,0,0,0,0,,False
6368,transaction_charged_twice,COLLOQUIAL,12.5,1,7,8,0,0,0,0,0,,False
6369,transaction_charged_twice,COLLOQUIAL,14.29,1,6,7,0,0,0,0,0,,False
6370,transaction_charged_twice,COLLOQUIAL,25.0,2,6,8,0,0,0,0,0,,False
6371,transaction_charged_twice,COLLOQUIAL,14.29,1,6,7,0,0,0,0,0,,False
6372,transaction_charged_twice,COLLOQUIAL,11.11,1,8,9,0,0,0,0,0,,False
6373,transaction_charged_twice,COLLOQUIAL,19.05,4,17,21,0,0,0,0,0,,False
6374,transaction_charged_twice,COLLOQUIAL,15.38,4,22,26,0,0,0,0,0,,False
6375,transaction_charged_twice,COLLOQUIAL,20.0,1,4,5,0,0,0,0,0,,False
6376,transaction_charged_twice,COLLOQUIAL,12.5,1,7,8,0,0,0,0,0,,False
6377,transaction_charged_twice,COLLOQUIAL,25.0,2,6,8,0,0,0,0,0,,False
6378,transaction_charged_twice,COLLOQUIAL,16.67,2,10,12,0,0,0,0,0,,False
6379,transaction_charged_twice,COLLOQUIAL,27.27,3,8,11,0,0,0,0,0,,False
6380,transaction_charged_twice,COLLOQUIAL,12.5,1,7,8,0,0,0,0,0,,False
6381,transaction_charged_twice,COLLOQUIAL,20.0,2,8,10,0,0,0,0,0,,False
6382,transaction_charged_twice,COLLOQUIAL,18.18,2,9,11,0,0,0,0,0,,False
6383,transaction_charged_twice,COLLOQUIAL,11.11,1,8,9,0,0,0,0,0,,False
6384,transaction_charged_twice,COLLOQUIAL,12.5,1,7,8,0,0,0,0,0,,False
6385,transaction_charged_twice,COLLOQUIAL,25.0,2,6,8,0,0,0,0,0,,False
6386,transaction_charged_twice,COLLOQUIAL,27.27,3,8,11,0,0,0,0,0,,False
6387,transaction_charged_twice,COLLOQUIAL,20.0,1,4,5,0,0,0,0,0,,False
6388,transaction_charged_twice,COLLOQUIAL,10.0,1,9,10,0,0,0,0,0,,False
6389,transaction_charged_twice,COLLOQUIAL,16.67,1,5,6,0,0,0,0,0,,False
6390,transaction_charged_twice,COLLOQUIAL,16.67,1,5,6,0,0,0,0,0,,False
6391,transaction_charged_twice,COLLOQUIAL,10.0,1,9,10,0,0,0,0,0,,False
6392,transaction_charged_twice,COLLOQUIAL,11.63,5,38,43,0,0,0,0,0,,False
6393,transaction_charged_twice,COLLOQUIAL,14.29,1,6,7,0,0,0,0,0,,False
6394,transaction_charged_twice,COLLOQUIAL,14.29,1,6,7,0,0,0,0,0,,False
6395,transaction_charged_twice,COLLOQUIAL,16.67,5,25,30,0,0,0,0,0,,False
6396,transaction_charged_twice,COLLOQUIAL,21.43,3,11,14,0,0,0,0,0,,False
6397,transaction_charged_twice,COLLOQUIAL,16.67,1,5,6,0,0,0,0,0,,False
6398,transaction_charged_twice,COLLOQUIAL,16.67,1,5,6,0,0,0,0,0,,False
6399,transaction_charged_twice,COLLOQUIAL,14.29,1,6,7,0,0,0,0,0,,False
6400,transaction_charged_twice,COLLOQUIAL,20.0,1,4,5,0,0,0,0,0,,False
6401,transaction_charged_twice,COLLOQUIAL,50.0,2,2,4,0,0,0,0,0,,False
6402,transaction_charged_twice,COLLOQUIAL,28.57,2,5,7,0,0,0,0,0,,False
6403,transaction_charged_twice,COLLOQUIAL,21.05,4,15,19,0,0,0,0,0,,False
6404,transaction_charged_twice,COLLOQUIAL,31.58,12,26,38,0,0,0,0,0,,False
6405,transaction_charged_twice,COLLOQUIAL,16.67,1,5,6,0,0,0,0,0,,False
6406,transaction_charged_twice,COLLOQUIAL,12.5,1,7,8,0,0,0,0,0,,False
6407,transaction_charged_twice,COLLOQUIAL,20.0,2,8,10,0,0,0,0,0,,False
6408,transaction_charged_twice,COLLOQUIAL,27.27,6,16,22,0,0,0,0,0,,False
6409,transaction_charged_twice,COLLOQUIAL,19.05,4,17,21,0,0,0,0,0,,False
6410,transaction_charged_twice,COLLOQUIAL,14.29,1,6,7,0,0,0,0,0,,False
6411,transaction_charged_twice,COLLOQUIAL,32.0,8,17,25,0,0,0,0,0,,False
6412,transaction_charged_twice,MIXED,0.0,0,4,4,0,0,0,0,0,,True
6413,transaction_charged_twice,COLLOQUIAL,25.0,2,6,8,0,0,0,0,0,,False
6414,transaction_charged_twice,COLLOQUIAL,22.22,6,21,27,0,0,0,0,0,,False
6415,transaction_charged_twice,COLLOQUIAL,10.0,1,9,10,0,0,0,0,0,,False
6416,transaction_charged_twice,COLLOQUIAL,33.33,12,24,36,0,0,0,0,0,,False
6417,transaction_charged_twice,COLLOQUIAL,20.0,2,8,10,0,0,0,0,0,,False
6418,transaction_charged_twice,COLLOQUIAL,12.5,1,7,8,0,0,0,0,0,,False
6419,transaction_charged_twice,COLLOQUIAL,31.25,5,11,16,0,0,0,0,0,,False
6420,transaction_charged_twice,COLLOQUIAL,14.29,1,6,7,0,0,0,0,0,,False
6421,transaction_charged_twice,COLLOQUIAL,16.67,1,5,6,0,0,0,0,0,,False
6422,transaction_charged_twice,COLLOQUIAL,28.57,2,5,7,0,0,0,0,0,,False
6423,transaction_charged_twice,COLLOQUIAL,31.03,9,20,29,0,0,0,0,0,,False
6424,transaction_charged_twice,COLLOQUIAL,33.33,2,4,6,0,0,0,0,0,,False
6425,transaction_charged_twice,COLLOQUIAL,22.22,2,7,9,0,0,0,0,0,,False
6426,transaction_charged_twice,COLLOQUIAL,25.0,2,6,8,0,0,0,0,0,,False
6427,transaction_charged_twice,COLLOQUIAL,22.22,2,7,9,0,0,0,0,0,,False
6428,transaction_charged_twice,COLLOQUIAL,20.0,1,4,5,0,0,0,0,0,,False
6429,transaction_charged_twice,COLLOQUIAL,15.0,3,17,20,0,0,0,0,0,,False
6430,transaction_charged_twice,COLLOQUIAL,25.0,2,6,8,0,0,0,0,0,,False
6431,transaction_charged_twice,COLLOQUIAL,40.0,14,21,35,0,0,0,0,0,,False
6432,transaction_charged_twice,COLLOQUIAL,12.5,1,7,8,0,0,0,0,0,,False
6433,transaction_charged_twice,COLLOQUIAL,13.33,2,13,15,0,0,0,0,0,,False
6434,transaction_charged_twice,COLLOQUIAL,25.0,2,6,8,0,0,0,0,0,,False
6435,transaction_charged_twice,COLLOQUIAL,33.33,2,4,6,0,0,0,0,0,,False
6436,transaction_charged_twice,COLLOQUIAL,16.67,1,5,6,0,0,0,0,0,,False
6437,transaction_charged_twice,COLLOQUIAL,27.27,3,8,11,0,0,0,0,0,,False
6438,transaction_charged_twice,COLLOQUIAL,22.22,2,7,9,0,0,0,0,0,,False
6439,transaction_charged_twice,COLLOQUIAL,30.95,13,29,42,0,0,0,0,0,,False
6440,transaction_charged_twice,COLLOQUIAL,14.29,1,6,7,0,0,0,0,0,,False
6441,transaction_charged_twice,COLLOQUIAL,33.33,2,4,6,0,0,0,0,0,,False
6442,transaction_charged_twice,MIXED,0.0,0,8,8,0,0,0,0,0,,True
6443,transaction_charged_twice,COLLOQUIAL,25.0,2,6,8,0,0,0,0,0,,False
6444,transaction_charged_twice,COLLOQUIAL,22.22,2,7,9,0,0,0,0,0,,False
6445,transaction_charged_twice,COLLOQUIAL,14.29,1,6,7,0,0,0,0,0,,False
6446,transaction_charged_twice,COLLOQUIAL,28.57,2,5,7,0,0,0,0,0,,False
6447,transaction_charged_twice,COLLOQUIAL,20.0,2,8,10,0,0,0,0,0,,False
6448,transaction_charged_twice,COLLOQUIAL,11.11,1,8,9,0,0,0,0,0,,False
6449,transaction_charged_twice,COLLOQUIAL,17.78,8,37,45,0,0,0,0,0,,False
6450,transaction_charged_twice,COLLOQUIAL,33.33,3,6,9,0,0,0,0,0,,False
6451,transaction_charged_twice,COLLOQUIAL,22.22,2,7,9,0,0,0,0,0,,False
6452,transaction_charged_twice,COLLOQUIAL,28.57,10,25,35,0,0,0,0,0,,False
6453,transaction_charged_twice,COLLOQUIAL,16.67,1,5,6,0,0,0,0,0,,False
6454,transaction_charged_twice,COLLOQUIAL,15.38,2,11,13,0,0,0,0,0,,False
6455,transaction_charged_twice,COLLOQUIAL,33.33,2,4,6,0,0,0,0,0,,False
6456,transaction_charged_twice,COLLOQUIAL,20.0,1,4,5,0,0,0,0,0,,False
6457,transaction_charged_twice,COLLOQUIAL,29.73,11,26,37,0,0,0,0,0,,False
6458,transaction_charged_twice,COLLOQUIAL,17.39,4,19,23,0,0,0,0,0,,False
6459,transaction_charged_twice,COLLOQUIAL,11.11,3,24,27,0,0,0,0,0,,False
6460,transaction_charged_twice,COLLOQUIAL,33.33,12,24,36,0,0,0,0,0,,False
6461,transaction_charged_twice,COLLOQUIAL,5.88,1,16,17,0,0,0,0,0,,False
6462,transaction_charged_twice,COLLOQUIAL,18.75,3,13,16,0,0,0,0,0,,False
6463,transaction_charged_twice,COLLOQUIAL,16.67,1,5,6,0,0,0,0,0,,False
6464,transaction_charged_twice,COLLOQUIAL,40.48,17,25,42,0,0,0,0,0,,False
6465,transaction_charged_twice,COLLOQUIAL,25.0,2,6,8,0,0,0,0,0,,False
6466,transaction_charged_twice,COLLOQUIAL,20.0,1,4,5,0,0,0,0,0,,False
6467,transaction_charged_twice,COLLOQUIAL,16.67,1,5,6,0,0,0,0,0,,False
6468,transaction_charged_twice,COLLOQUIAL,16.67,2,10,12,0,0,0,0,0,,False
6469,transaction_charged_twice,COLLOQUIAL,25.0,2,6,8,0,0,0,0,0,,False
6470,transaction_charged_twice,COLLOQUIAL,12.5,2,14,16,0,0,0,0,0,,False
6471,transaction_charged_twice,COLLOQUIAL,22.22,2,7,9,0,0,0,0,0,,False
6472,transaction_charged_twice,COLLOQUIAL,25.0,3,9,12,0,0,0,0,0,,False
6473,transaction_charged_twice,COLLOQUIAL,14.29,1,6,7,0,0,0,0,0,,False
6474,transaction_charged_twice,COLLOQUIAL,5.88,1,16,17,0,0,0,0,0,,False
6475,transaction_charged_twice,COLLOQUIAL,16.67,1,5,6,0,0,0,0,0,,False
6476,transaction_charged_twice,COLLOQUIAL,25.0,1,3,4,0,0,0,0,0,,False
6477,transaction_charged_twice,COLLOQUIAL,16.67,1,5,6,0,0,0,0,0,,False
6478,transaction_charged_twice,COLLOQUIAL,20.0,2,8,10,0,0,0,0,0,,False
6479,transaction_charged_twice,COLLOQUIAL,14.29,1,6,7,0,0,0,0,0,,False
6480,transaction_charged_twice,COLLOQUIAL,23.53,4,13,17,0,0,0,0,0,,False
6481,verify_source_of_funds,COLLOQUIAL,16.67,1,5,6,0,0,0,0,0,,False
6482,verify_source_of_funds,COLLOQUIAL,20.0,1,4,5,0,0,0,0,0,,False
6483,verify_source_of_funds,COLLOQUIAL,12.5,1,7,8,0,0,0,0,0,,False
6484,verify_source_of_funds,COLLOQUIAL,14.29,1,6,7,0,0,0,0,0,,False
6485,verify_source_of_funds,COLLOQUIAL,16.67,1,5,6,0,0,0,0,0,,False
6486,verify_source_of_funds,MIXED,0.0,0,9,9,0,0,0,0,0,,True
6487,verify_source_of_funds,COLLOQUIAL,10.0,1,9,10,0,0,0,0,0,,False
6488,verify_source_of_funds,COLLOQUIAL,25.0,2,6,8,0,0,0,0,0,,False
6489,verify_source_of_funds,COLLOQUIAL,28.57,2,5,7,0,0,0,0,0,,False
6490,verify_source_of_funds,COLLOQUIAL,11.11,1,8,9,0,0,0,0,0,,False
6491,verify_source_of_funds,COLLOQUIAL,14.29,1,6,7,0,0,0,0,0,,False
6492,verify_source_of_funds,COLLOQUIAL,14.29,1,6,7,0,0,0,0,0,,False
6493,verify_source_of_funds,COLLOQUIAL,9.09,1,10,11,0,0,0,0,0,,False
6494,verify_source_of_funds,COLLOQUIAL,9.09,1,10,11,0,0,0,0,0,,False
6495,verify_source_of_funds,COLLOQUIAL,20.0,1,4,5,0,0,0,0,0,,False
6496,verify_source_of_funds,MIXED,0.0,0,6,6,0,0,0,0,0,,True
6497,verify_source_of_funds,MIXED,0.0,0,8,8,0,0,0,0,0,,True
6498,verify_source_of_funds,COLLOQUIAL,22.22,2,7,9,0,0,0,0,0,,False
6499,verify_source_of_funds,MIXED,0.0,0,9,9,0,0,0,0,0,,True
6500,verify_source_of_funds,COLLOQUIAL,12.5,1,7,8,0,0,0,0,0,,False
6501,verify_source_of_funds,MIXED,0.0,0,11,11,0,0,0,0,0,,True
6502,verify_source_of_funds,MIXED,0.0,0,7,7,0,0,0,0,0,,True
6503,verify_source_of_funds,COLLOQUIAL,14.29,1,6,7,0,0,0,0,0,,False
6504,verify_source_of_funds,MIXED,0.0,0,4,4,0,0,0,0,0,,True
6505,verify_source_of_funds,COLLOQUIAL,10.0,1,9,10,0,0,0,0,0,,False
6506,verify_source_of_funds,COLLOQUIAL,9.09,1,10,11,0,0,0,0,0,,False
6507,verify_source_of_funds,COLLOQUIAL,11.11,1,8,9,0,0,0,0,0,,False
6508,verify_source_of_funds,MIXED,0.0,0,5,5,0,0,0,0,0,,True
6509,verify_source_of_funds,MIXED,0.0,0,9,9,0,0,0,0,0,,True
6510,verify_source_of_funds,COLLOQUIAL,14.29,1,6,7,0,0,0,0,0,,False
6511,verify_source_of_funds,MIXED,0.0,0,8,8,0,0,0,0,0,,True
6512,verify_source_of_funds,MIXED,0.0,0,6,6,0,0,0,0,0,,True
6513,verify_source_of_funds,MIXED,0.0,0,6,6,0,0,0,0,0,,True
6514,verify_source_of_funds,MIXED,0.0,0,12,12,0,0,0,0,0,,True
6515,verify_source_of_funds,COLLOQUIAL,20.0,1,4,5,0,0,0,0,0,,False
6516,verify_source_of_funds,COLLOQUIAL,11.11,1,8,9,0,0,0,0,0,,False
6517,verify_source_of_funds,COLLOQUIAL,12.5,1,7,8,0,0,0,0,0,,False
6518,verify_source_of_funds,MIXED,0.0,0,4,4,0,0,0,0,0,,True
6519,verify_source_of_funds,COLLOQUIAL,16.67,1,5,6,0,0,0,0,0,,False
6520,verify_source_of_funds,MIXED,0.0,0,8,8,0,0,0,0,0,,True
6521,verify_source_of_funds,COLLOQUIAL,14.29,1,6,7,0,0,0,0,0,,False
6522,verify_source_of_funds,MIXED,0.0,0,9,9,0,0,0,0,0,,True
6523,verify_source_of_funds,MIXED,0.0,0,7,7,0,0,0,0,0,,True
6524,verify_source_of_funds,MIXED,0.0,0,10,10,0,0,0,0,0,,True
6525,verify_source_of_funds,MIXED,0.0,0,4,4,0,0,0,0,0,,True
6526,verify_source_of_funds,MIXED,0.0,0,6,6,0,0,0,0,0,,True
6527,verify_source_of_funds,MIXED,0.0,0,7,7,0,0,0,0,0,,True
6528,verify_source_of_funds,MIXED,0.0,0,5,5,0,0,0,0,0,,True
6529,verify_source_of_funds,COLLOQUIAL,20.0,1,4,5,0,0,0,0,0,,False
6530,verify_source_of_funds,MIXED,0.0,0,8,8,0,0,0,0,0,,True
6531,verify_source_of_funds,MIXED,0.0,0,7,7,0,0,0,0,0,,True
6532,verify_source_of_funds,MIXED,0.0,0,8,8,0,0,0,0,0,,True
6533,verify_source_of_funds,MIXED,0.0,0,5,5,0,0,0,0,0,,True
6534,verify_source_of_funds,MIXED,0.0,0,8,8,0,0,0,0,0,,True
6535,verify_source_of_funds,COLLOQUIAL,12.5,1,7,8,0,0,0,0,0,,False
6536,verify_source_of_funds,MIXED,0.0,0,10,10,0,0,0,0,0,,True
6537,verify_source_of_funds,MIXED,0.0,0,9,9,0,0,0,0,0,,True
6538,verify_source_of_funds,MIXED,0.0,0,8,8,0,0,0,0,0,,True
6539,verify_source_of_funds,MIXED,0.0,0,3,3,0,0,0,0,0,,True
6540,verify_source_of_funds,MIXED,0.0,0,8,8,0,0,0,0,0,,True
6541,verify_source_of_funds,MIXED,0.0,0,9,9,0,0,0,0,0,,True
6542,verify_source_of_funds,MIXED,0.0,0,5,5,0,0,0,0,0,,True
6543,verify_source_of_funds,MIXED,0.0,0,4,4,0,0,0,0,0,,True
6544,verify_source_of_funds,COLLOQUIAL,20.0,1,4,5,0,0,0,0,0,,False
6545,verify_source_of_funds,MIXED,0.0,0,5,5,0,0,0,0,0,,True
6546,verify_source_of_funds,MIXED,0.0,0,8,8,0,0,0,0,0,,True
6547,verify_source_of_funds,MIXED,0.0,0,11,11,0,0,0,0,0,,True
6548,verify_source_of_funds,MIXED,0.0,0,5,5,0,0,0,0,0,,True
6549,verify_source_of_funds,MIXED,0.0,0,8,8,0,0,0,0,0,,True
6550,verify_source_of_funds,MIXED,0.0,0,7,7,0,0,0,0,0,,True
6551,verify_source_of_funds,MIXED,0.0,0,5,5,0,0,0,0,0,,True
6552,verify_source_of_funds,MIXED,0.0,0,6,6,0,0,0,0,0,,True
6553,verify_source_of_funds,MIXED,0.0,0,7,7,0,0,0,0,0,,True
6554,verify_source_of_funds,MIXED,0.0,0,8,8,0,0,0,0,0,,True
6555,verify_source_of_funds,MIXED,0.0,0,9,9,0,0,0,0,0,,True
6556,verify_source_of_funds,MIXED,0.0,0,4,4,0,0,0,0,0,,True
6557,verify_source_of_funds,MIXED,0.0,0,7,7,0,0,0,0,0,,True
6558,verify_source_of_funds,MIXED,0.0,0,8,8,0,0,0,0,0,,True
6559,verify_source_of_funds,MIXED,0.0,0,7,7,0,0,0,0,0,,True
6560,verify_source_of_funds,MIXED,0.0,0,4,4,0,0,0,0,0,,True
6561,verify_source_of_funds,MIXED,0.0,0,7,7,0,0,0,0,0,,True
6562,verify_source_of_funds,COLLOQUIAL,16.67,1,5,6,0,0,0,0,0,,False
6563,verify_source_of_funds,COLLOQUIAL,14.29,1,6,7,0,0,0,0,0,,False
6564,verify_source_of_funds,COLLOQUIAL,25.0,2,6,8,0,0,0,0,0,,False
6565,verify_source_of_funds,COLLOQUIAL,20.0,1,4,5,0,0,0,0,0,,False
6566,verify_source_of_funds,MIXED,0.0,0,6,6,0,0,0,0,0,,True
6567,verify_source_of_funds,COLLOQUIAL,16.67,1,5,6,0,0,0,0,0,,False
6568,verify_source_of_funds,COLLOQUIAL,20.0,1,4,5,0,0,0,0,0,,False
6569,verify_source_of_funds,MIXED,0.0,0,5,5,0,0,0,0,0,,True
6570,verify_source_of_funds,COLLOQUIAL,14.29,1,6,7,0,0,0,0,0,,False
6571,verify_source_of_funds,COLLOQUIAL,20.0,1,4,5,0,0,0,0,0,,False
6572,verify_source_of_funds,COLLOQUIAL,11.11,1,8,9,0,0,0,0,0,,False
6573,verify_source_of_funds,MIXED,0.0,0,5,5,0,0,0,0,0,,True
6574,verify_source_of_funds,MIXED,0.0,0,6,6,0,0,0,0,0,,True
6575,verify_source_of_funds,COLLOQUIAL,14.29,1,6,7,0,0,0,0,0,,False
6576,verify_source_of_funds,COLLOQUIAL,12.5,1,7,8,0,0,0,0,0,,False
6577,verify_source_of_funds,COLLOQUIAL,8.33,1,11,12,0,0,0,0,0,,False
6578,verify_source_of_funds,MIXED,0.0,0,6,6,0,0,0,0,0,,True
6579,verify_source_of_funds,COLLOQUIAL,12.5,1,7,8,0,0,0,0,0,,False
6580,verify_source_of_funds,COLLOQUIAL,12.5,1,7,8,0,0,0,0,0,,False
6581,verify_source_of_funds,COLLOQUIAL,25.0,3,9,12,0,0,0,0,0,,False
6582,verify_source_of_funds,COLLOQUIAL,7.69,1,12,13,0,0,0,0,0,,False
6583,verify_source_of_funds,COLLOQUIAL,14.29,1,6,7,0,0,0,0,0,,False
6584,verify_source_of_funds,COLLOQUIAL,21.43,3,11,14,0,0,0,0,0,,False
6585,verify_source_of_funds,COLLOQUIAL,12.5,1,7,8,0,0,0,0,0,,False
6586,verify_source_of_funds,COLLOQUIAL,20.0,2,8,10,0,0,0,0,0,,False
6587,verify_source_of_funds,COLLOQUIAL,11.11,1,8,9,0,0,0,0,0,,False
6588,verify_source_of_funds,COLLOQUIAL,18.18,2,9,11,0,0,0,0,0,,False
6589,verify_source_of_funds,COLLOQUIAL,14.29,1,6,7,0,0,0,0,0,,False
6590,verify_source_of_funds,COLLOQUIAL,25.0,2,6,8,0,0,0,0,0,,False
6591,verify_source_of_funds,MIXED,0.0,0,4,4,0,0,0,0,0,,True
6592,verify_source_of_funds,COLLOQUIAL,14.29,1,6,7,0,0,0,0,0,,False
6593,verify_source_of_funds,MIXED,0.0,0,6,6,0,0,0,0,0,,True
6594,transfer_timing,COLLOQUIAL,10.0,1,9,10,0,0,0,0,0,,False
6595,transfer_timing,COLLOQUIAL,33.33,2,4,6,0,0,0,0,0,,False
6596,transfer_timing,COLLOQUIAL,14.29,1,6,7,0,0,0,0,0,,False
6597,transfer_timing,COLLOQUIAL,16.67,1,5,6,0,0,0,0,0,,False
6598,transfer_timing,MIXED,0.0,0,6,6,0,0,0,0,0,,True
6599,transfer_timing,COLLOQUIAL,11.11,1,8,9,0,0,0,0,0,,False
6600,transfer_timing,COLLOQUIAL,8.33,1,11,12,0,0,0,0,0,,False
6601,transfer_timing,COLLOQUIAL,20.0,2,8,10,0,0,0,0,0,,False
6602,transfer_timing,COLLOQUIAL,33.33,2,4,6,0,0,0,0,0,,False
6603,transfer_timing,COLLOQUIAL,12.5,1,7,8,0,0,0,0,0,,False
6604,transfer_timing,COLLOQUIAL,28.57,2,5,7,0,0,0,0,0,,False
6605,transfer_timing,COLLOQUIAL,18.18,2,9,11,0,0,0,0,0,,False
6606,transfer_timing,COLLOQUIAL,28.57,2,5,7,0,0,0,0,0,,False
6607,transfer_timing,COLLOQUIAL,16.67,1,5,6,0,0,0,0,0,,False
6608,transfer_timing,COLLOQUIAL,20.0,2,8,10,0,0,0,0,0,,False
6609,transfer_timing,COLLOQUIAL,8.33,1,11,12,0,0,0,0,0,,False
6610,transfer_timing,COLLOQUIAL,10.0,1,9,10,0,0,0,0,0,,False
6611,transfer_timing,MIXED,0.0,0,8,8,0,0,0,0,0,,True
6612,transfer_timing,COLLOQUIAL,7.14,1,13,14,0,0,0,0,0,,False
6613,transfer_timing,COLLOQUIAL,9.09,1,10,11,0,0,0,0,0,,False
6614,transfer_timing,COLLOQUIAL,25.0,2,6,8,0,0,0,0,0,,False
6615,transfer_timing,COLLOQUIAL,50.0,2,2,4,0,0,0,0,0,,False
6616,transfer_timing,COLLOQUIAL,22.22,2,7,9,0,0,0,0,0,,False
6617,transfer_timing,COLLOQUIAL,14.29,1,6,7,0,0,0,0,0,,False
6618,transfer_timing,COLLOQUIAL,14.29,1,6,7,0,0,0,0,0,,False
6619,transfer_timing,COLLOQUIAL,7.14,1,13,14,0,0,0,0,0,,False
6620,transfer_timing,COLLOQUIAL,10.53,2,17,19,0,0,0,0,0,,False
6621,transfer_timing,COLLOQUIAL,25.0,2,6,8,0,0,0,0,0,,False
6622,transfer_timing,COLLOQUIAL,20.0,2,8,10,0,0,0,0,0,,False
6623,transfer_timing,COLLOQUIAL,16.67,1,5,6,0,0,0,0,0,,False
6624,transfer_timing,COLLOQUIAL,25.0,2,6,8,0,0,0,0,0,,False
6625,transfer_timing,COLLOQUIAL,10.0,1,9,10,0,0,0,0,0,,False
6626,transfer_timing,COLLOQUIAL,11.11,1,8,9,0,0,0,0,0,,False
6627,transfer_timing,COLLOQUIAL,22.22,2,7,9,0,0,0,0,0,,False
6628,transfer_timing,COLLOQUIAL,6.67,1,14,15,0,0,0,0,0,,False
6629,transfer_timing,COLLOQUIAL,16.67,1,5,6,0,0,0,0,0,,False
6630,transfer_timing,COLLOQUIAL,16.67,1,5,6,0,0,0,0,0,,False
6631,transfer_timing,MIXED,0.0,0,8,8,0,0,0,0,0,,True
6632,transfer_timing,COLLOQUIAL,33.33,3,6,9,0,0,0,0,0,,False
6633,transfer_timing,MIXED,0.0,0,8,8,0,0,0,0,0,,True
6634,transfer_timing,COLLOQUIAL,20.0,2,8,10,0,0,0,0,0,,False
6635,transfer_timing,MIXED,0.0,0,6,6,0,0,0,0,0,,True
6636,transfer_timing,COLLOQUIAL,20.0,1,4,5,0,0,0,0,0,,False
6637,transfer_timing,COLLOQUIAL,18.18,2,9,11,0,0,0,0,0,,False
6638,transfer_timing,COLLOQUIAL,20.0,2,8,10,0,0,0,0,0,,False
6639,transfer_timing,COLLOQUIAL,20.0,2,8,10,0,0,0,0,0,,False
6640,transfer_timing,COLLOQUIAL,20.0,2,8,10,0,0,0,0,0,,False
6641,transfer_timing,COLLOQUIAL,8.33,1,11,12,0,0,0,0,0,,False
6642,transfer_timing,COLLOQUIAL,11.11,1,8,9,0,0,0,0,0,,False
6643,transfer_timing,COLLOQUIAL,22.22,2,7,9,0,0,0,0,0,,False
6644,transfer_timing,COLLOQUIAL,16.67,1,5,6,0,0,0,0,0,,False
6645,transfer_timing,COLLOQUIAL,14.29,1,6,7,0,0,0,0,0,,False
6646,transfer_timing,MIXED,0.0,0,6,6,0,0,0,0,0,,True
6647,transfer_timing,COLLOQUIAL,33.33,2,4,6,0,0,0,0,0,,False
6648,transfer_timing,COLLOQUIAL,25.0,2,6,8,0,0,0,0,0,,False
6649,transfer_timing,COLLOQUIAL,10.0,2,18,20,0,0,0,0,0,,False
6650,transfer_timing,COLLOQUIAL,8.33,1,11,12,0,0,0,0,0,,False
6651,transfer_timing,COLLOQUIAL,7.14,1,13,14,0,0,0,0,0,,False
6652,transfer_timing,COLLOQUIAL,8.33,1,11,12,0,0,0,0,0,,False
6653,transfer_timing,MIXED,0.0,0,8,8,0,0,0,0,0,,True
6654,transfer_timing,COLLOQUIAL,18.18,2,9,11,0,0,0,0,0,,False
6655,transfer_timing,COLLOQUIAL,11.11,1,8,9,0,0,0,0,0,,False
6656,transfer_timing,COLLOQUIAL,9.09,1,10,11,0,0,0,0,0,,False
6657,transfer_timing,MIXED,0.0,0,11,11,0,0,0,0,0,,True
6658,transfer_timing,COLLOQUIAL,20.0,1,4,5,0,0,0,0,0,,False
6659,transfer_timing,MIXED,0.0,0,5,5,0,0,0,0,0,,True
6660,transfer_timing,COLLOQUIAL,28.57,2,5,7,0,0,0,0,0,,False
6661,transfer_timing,COLLOQUIAL,37.5,3,5,8,0,0,0,0,0,,False
6662,transfer_timing,COLLOQUIAL,12.5,1,7,8,0,0,0,0,0,,False
6663,transfer_timing,COLLOQUIAL,7.14,1,13,14,0,0,0,0,0,,False
6664,transfer_timing,COLLOQUIAL,23.08,3,10,13,0,0,0,0,0,,False
6665,transfer_timing,COLLOQUIAL,12.5,1,7,8,0,0,0,0,0,,False
6666,transfer_timing,COLLOQUIAL,25.0,2,6,8,0,0,0,0,0,,False
6667,transfer_timing,MIXED,0.0,0,8,8,0,0,0,0,0,,True
6668,transfer_timing,COLLOQUIAL,11.11,1,8,9,0,0,0,0,0,,False
6669,transfer_timing,COLLOQUIAL,40.0,4,6,10,0,0,0,0,0,,False
6670,transfer_timing,COLLOQUIAL,7.14,1,13,14,0,0,0,0,0,,False
6671,transfer_timing,COLLOQUIAL,17.65,3,14,17,0,0,0,0,0,,False
6672,transfer_timing,COLLOQUIAL,12.5,1,7,8,0,0,0,0,0,,False
6673,transfer_timing,COLLOQUIAL,28.57,2,5,7,0,0,0,0,0,,False
6674,transfer_timing,COLLOQUIAL,20.0,2,8,10,0,0,0,0,0,,False
6675,transfer_timing,COLLOQUIAL,18.18,2,9,11,0,0,0,0,0,,False
6676,transfer_timing,COLLOQUIAL,20.0,1,4,5,0,0,0,0,0,,False
6677,transfer_timing,COLLOQUIAL,11.11,1,8,9,0,0,0,0,0,,False
6678,transfer_timing,COLLOQUIAL,22.22,2,7,9,0,0,0,0,0,,False
6679,transfer_timing,COLLOQUIAL,11.11,1,8,9,0,0,0,0,0,,False
6680,transfer_timing,MIXED,0.0,0,9,9,0,0,0,0,0,,True
6681,transfer_timing,COLLOQUIAL,14.29,2,12,14,0,0,0,0,0,,False
6682,transfer_timing,COLLOQUIAL,16.67,1,5,6,0,0,0,0,0,,False
6683,transfer_timing,COLLOQUIAL,14.29,2,12,14,0,0,0,0,0,,False
6684,transfer_timing,COLLOQUIAL,14.29,2,12,14,0,0,0,0,0,,False
6685,transfer_timing,COLLOQUIAL,28.57,2,5,7,0,0,0,0,0,,False
6686,transfer_timing,COLLOQUIAL,27.27,3,8,11,0,0,0,0,0,,False
6687,transfer_timing,COLLOQUIAL,22.22,2,7,9,0,0,0,0,0,,False
6688,transfer_timing,COLLOQUIAL,11.11,1,8,9,0,0,0,0,0,,False
6689,transfer_timing,COLLOQUIAL,6.67,1,14,15,0,0,0,0,0,,False
6690,transfer_timing,COLLOQUIAL,33.33,2,4,6,0,0,0,0,0,,False
6691,transfer_timing,COLLOQUIAL,12.5,1,7,8,0,0,0,0,0,,False
6692,transfer_timing,COLLOQUIAL,14.29,1,6,7,0,0,0,0,0,,False
6693,transfer_timing,COLLOQUIAL,25.0,2,6,8,0,0,0,0,0,,False
6694,transfer_timing,COLLOQUIAL,42.86,4,3,7,0,0,0,0,0,,False
6695,transfer_timing,COLLOQUIAL,9.09,1,10,11,0,0,0,0,0,,False
6696,transfer_timing,COLLOQUIAL,14.29,1,6,7,0,0,0,0,0,,False
6697,transfer_timing,COLLOQUIAL,30.0,3,7,10,0,0,0,0,0,,False
6698,transfer_timing,MIXED,0.0,0,6,6,0,0,0,0,0,,True
6699,transfer_timing,COLLOQUIAL,20.0,1,4,5,0,0,0,0,0,,False
6700,transfer_timing,COLLOQUIAL,11.11,1,8,9,0,0,0,0,0,,False
6701,transfer_timing,COLLOQUIAL,8.33,1,11,12,0,0,0,0,0,,False
6702,transfer_timing,MIXED,0.0,0,8,8,0,0,0,0,0,,True
6703,transfer_timing,COLLOQUIAL,50.0,2,2,4,0,0,0,0,0,,False
6704,transfer_timing,COLLOQUIAL,16.67,1,5,6,0,0,0,0,0,,False
6705,transfer_timing,COLLOQUIAL,16.67,1,5,6,0,0,0,0,0,,False
6706,transfer_timing,COLLOQUIAL,12.5,1,7,8,0,0,0,0,0,,False
6707,transfer_timing,COLLOQUIAL,12.5,1,7,8,0,0,0,0,0,,False
6708,transfer_timing,MIXED,0.0,0,5,5,0,0,0,0,0,,True
6709,transfer_timing,COLLOQUIAL,14.29,2,12,14,0,0,0,0,0,,False
6710,transfer_timing,COLLOQUIAL,16.67,1,5,6,0,0,0,0,0,,False
6711,transfer_timing,COLLOQUIAL,22.22,2,7,9,0,0,0,0,0,,False
6712,transfer_timing,COLLOQUIAL,28.57,2,5,7,0,0,0,0,0,,False
6713,transfer_timing,COLLOQUIAL,14.29,1,6,7,0,0,0,0,0,,False
6714,transfer_timing,COLLOQUIAL,14.29,1,6,7,0,0,0,0,0,,False
6715,transfer_timing,COLLOQUIAL,14.29,1,6,7,0,0,0,0,0,,False
6716,transfer_timing,COLLOQUIAL,14.29,1,6,7,0,0,0,0,0,,False
6717,transfer_timing,COLLOQUIAL,25.0,2,6,8,0,0,0,0,0,,False
6718,transfer_timing,COLLOQUIAL,25.0,2,6,8,0,0,0,0,0,,False
6719,transfer_timing,COLLOQUIAL,28.57,2,5,7,0,0,0,0,0,,False
6720,transfer_timing,COLLOQUIAL,11.11,1,8,9,0,0,0,0,0,,False
6721,transfer_timing,COLLOQUIAL,50.0,3,3,6,0,0,0,0,0,,False
6722,reverted_card_payment?,COLLOQUIAL,8.7,2,21,23,0,0,0,0,0,,False
6723,reverted_card_payment?,COLLOQUIAL,46.15,6,7,13,0,0,0,0,0,,False
6724,reverted_card_payment?,COLLOQUIAL,23.68,9,29,38,0,0,0,0,0,,False
6725,reverted_card_payment?,COLLOQUIAL,28.57,2,5,7,0,0,0,0,0,,False
6726,reverted_card_payment?,COLLOQUIAL,25.0,2,6,8,0,0,0,0,0,,False
6727,reverted_card_payment?,COLLOQUIAL,33.33,2,4,6,0,0,0,0,0,,False
6728,reverted_card_payment?,COLLOQUIAL,42.86,3,4,7,0,0,0,0,0,,False
6729,reverted_card_payment?,COLLOQUIAL,28.57,2,5,7,0,0,0,0,0,,False
6730,reverted_card_payment?,COLLOQUIAL,10.0,1,9,10,0,0,0,0,0,,False
6731,reverted_card_payment?,COLLOQUIAL,25.0,1,3,4,0,0,0,0,0,,False
6732,reverted_card_payment?,COLLOQUIAL,42.86,3,4,7,0,0,0,0,0,,False
6733,reverted_card_payment?,COLLOQUIAL,8.33,1,11,12,0,0,0,0,0,,False
6734,reverted_card_payment?,COLLOQUIAL,22.22,2,7,9,0,0,0,0,0,,False
6735,reverted_card_payment?,COLLOQUIAL,28.57,2,5,7,0,0,0,0,0,,False
6736,reverted_card_payment?,COLLOQUIAL,25.0,2,6,8,0,0,0,0,0,,False
6737,reverted_card_payment?,COLLOQUIAL,9.09,1,10,11,0,0,0,0,0,,False
6738,reverted_card_payment?,COLLOQUIAL,17.24,5,24,29,0,0,0,0,0,,False
6739,reverted_card_payment?,COLLOQUIAL,50.0,2,2,4,0,0,0,0,0,,False
6740,reverted_card_payment?,COLLOQUIAL,14.29,1,6,7,0,0,0,0,0,,False
6741,reverted_card_payment?,COLLOQUIAL,40.0,3,2,5,0,0,0,0,0,,False
6742,reverted_card_payment?,COLLOQUIAL,37.5,3,5,8,0,0,0,0,0,,False
6743,reverted_card_payment?,COLLOQUIAL,6.67,2,28,30,0,0,0,0,0,,False
6744,reverted_card_payment?,COLLOQUIAL,30.0,3,7,10,0,0,0,0,0,,False
6745,reverted_card_payment?,COLLOQUIAL,28.57,2,5,7,0,0,0,0,0,,False
6746,reverted_card_payment?,COLLOQUIAL,25.0,9,27,36,0,0,0,0,0,,False
6747,reverted_card_payment?,COLLOQUIAL,19.05,4,17,21,0,0,0,0,0,,False
6748,reverted_card_payment?,COLLOQUIAL,28.57,2,5,7,0,0,0,0,0,,False
6749,reverted_card_payment?,COLLOQUIAL,20.0,1,4,5,0,0,0,0,0,,False
6750,reverted_card_payment?,COLLOQUIAL,22.22,2,7,9,0,0,0,0,0,,False
6751,reverted_card_payment?,COLLOQUIAL,7.69,1,12,13,0,0,0,0,0,,False
6752,reverted_card_payment?,COLLOQUIAL,37.5,3,5,8,0,0,0,0,0,,False
6753,reverted_card_payment?,COLLOQUIAL,50.0,3,3,6,0,0,0,0,0,,False
6754,reverted_card_payment?,COLLOQUIAL,22.22,2,7,9,0,0,0,0,0,,False
6755,reverted_card_payment?,COLLOQUIAL,25.0,3,1,4,0,0,0,0,0,,False
6756,reverted_card_payment?,COLLOQUIAL,20.0,1,4,5,0,0,0,0,0,,False
6757,reverted_card_payment?,COLLOQUIAL,18.18,4,18,22,0,0,0,0,0,,False
6758,reverted_card_payment?,COLLOQUIAL,37.5,3,5,8,0,0,0,0,0,,False
6759,reverted_card_payment?,COLLOQUIAL,42.86,3,4,7,0,0,0,0,0,,False
6760,reverted_card_payment?,COLLOQUIAL,33.33,2,4,6,0,0,0,0,0,,False
6761,reverted_card_payment?,COLLOQUIAL,33.33,2,4,6,0,0,0,0,0,,False
6762,reverted_card_payment?,COLLOQUIAL,25.0,2,6,8,0,0,0,0,0,,False
6763,reverted_card_payment?,COLLOQUIAL,14.29,1,6,7,0,0,0,0,0,,False
6764,reverted_card_payment?,COLLOQUIAL,33.33,2,4,6,0,0,0,0,0,,False
6765,reverted_card_payment?,COLLOQUIAL,37.5,3,5,8,0,0,0,0,0,,False
6766,reverted_card_payment?,COLLOQUIAL,37.5,3,5,8,0,0,0,0,0,,False
6767,reverted_card_payment?,COLLOQUIAL,40.0,2,3,5,0,0,0,0,0,,False
6768,reverted_card_payment?,COLLOQUIAL,11.11,1,8,9,0,0,0,0,0,,False
6769,reverted_card_payment?,COLLOQUIAL,30.0,3,7,10,0,0,0,0,0,,False
6770,reverted_card_payment?,COLLOQUIAL,10.34,3,26,29,0,0,0,0,0,,False
6771,reverted_card_payment?,COLLOQUIAL,10.53,2,17,19,0,0,0,0,0,,False
6772,reverted_card_payment?,COLLOQUIAL,42.86,3,4,7,0,0,0,0,0,,False
6773,reverted_card_payment?,COLLOQUIAL,28.0,7,18,25,0,0,0,0,0,,False
6774,reverted_card_payment?,COLLOQUIAL,28.57,4,10,14,0,0,0,0,0,,False
6775,reverted_card_payment?,COLLOQUIAL,25.0,1,3,4,0,0,0,0,0,,False
6776,reverted_card_payment?,COLLOQUIAL,16.67,1,5,6,0,0,0,0,0,,False
6777,reverted_card_payment?,COLLOQUIAL,9.09,3,30,33,0,0,0,0,0,,False
6778,reverted_card_payment?,COLLOQUIAL,42.86,3,4,7,0,0,0,0,0,,False
6779,reverted_card_payment?,COLLOQUIAL,24.32,9,28,37,0,0,0,0,0,,False
6780,reverted_card_payment?,COLLOQUIAL,30.77,4,9,13,0,0,0,0,0,,False
6781,reverted_card_payment?,COLLOQUIAL,11.76,2,15,17,0,0,0,0,0,,False
6782,reverted_card_payment?,COLLOQUIAL,50.0,3,3,6,0,0,0,0,0,,False
6783,reverted_card_payment?,COLLOQUIAL,14.29,1,6,7,0,0,0,0,0,,False
6784,reverted_card_payment?,COLLOQUIAL,12.5,1,7,8,0,0,0,0,0,,False
6785,reverted_card_payment?,COLLOQUIAL,9.68,3,28,31,0,0,0,0,0,,False
6786,reverted_card_payment?,COLLOQUIAL,12.5,3,21,24,0,0,0,0,0,,False
6787,reverted_card_payment?,COLLOQUIAL,50.0,2,2,4,0,0,0,0,0,,False
6788,reverted_card_payment?,COLLOQUIAL,50.0,3,3,6,0,0,0,0,0,,False
6789,reverted_card_payment?,COLLOQUIAL,16.67,1,5,6,0,0,0,0,0,,False
6790,reverted_card_payment?,COLLOQUIAL,17.24,5,24,29,0,0,0,0,0,,False
6791,reverted_card_payment?,COLLOQUIAL,40.0,2,3,5,0,0,0,0,0,,False
6792,reverted_card_payment?,COLLOQUIAL,16.67,1,5,6,0,0,0,0,0,,False
6793,reverted_card_payment?,COLLOQUIAL,15.15,5,28,33,0,0,0,0,0,,False
6794,reverted_card_payment?,COLLOQUIAL,33.33,3,6,9,0,0,0,0,0,,False
6795,reverted_card_payment?,MIXED,3.7,1,26,27,0,0,0,0,0,,True
6796,reverted_card_payment?,COLLOQUIAL,30.0,3,7,10,0,0,0,0,0,,False
6797,reverted_card_payment?,COLLOQUIAL,37.5,3,5,8,0,0,0,0,0,,False
6798,reverted_card_payment?,COLLOQUIAL,25.0,3,1,4,0,0,0,0,0,,False
6799,reverted_card_payment?,COLLOQUIAL,20.0,2,8,10,0,0,0,0,0,,False
6800,reverted_card_payment?,COLLOQUIAL,25.0,1,3,4,0,0,0,0,0,,False
6801,reverted_card_payment?,COLLOQUIAL,12.5,1,7,8,0,0,0,0,0,,False
6802,reverted_card_payment?,COLLOQUIAL,25.0,2,6,8,0,0,0,0,0,,False
6803,reverted_card_payment?,COLLOQUIAL,8.7,2,21,23,0,0,0,0,0,,False
6804,reverted_card_payment?,COLLOQUIAL,12.12,4,29,33,0,0,0,0,0,,False
6805,reverted_card_payment?,COLLOQUIAL,37.5,3,5,8,0,0,0,0,0,,False
6806,reverted_card_payment?,MIXED,3.57,1,27,28,0,0,0,0,0,,True
6807,reverted_card_payment?,COLLOQUIAL,33.33,2,4,6,0,0,0,0,0,,False
6808,reverted_card_payment?,COLLOQUIAL,11.11,1,8,9,0,0,0,0,0,,False
6809,reverted_card_payment?,COLLOQUIAL,25.0,1,3,4,0,0,0,0,0,,False
6810,reverted_card_payment?,MIXED,3.33,1,29,30,0,0,0,0,0,,True
6811,reverted_card_payment?,COLLOQUIAL,12.5,2,14,16,0,0,0,0,0,,False
6812,reverted_card_payment?,COLLOQUIAL,25.0,2,6,8,0,0,0,0,0,,False
6813,reverted_card_payment?,COLLOQUIAL,19.35,6,25,31,0,0,0,0,0,,False
6814,reverted_card_payment?,COLLOQUIAL,28.57,2,5,7,0,0,0,0,0,,False
6815,reverted_card_payment?,COLLOQUIAL,40.0,3,2,5,0,0,0,0,0,,False
6816,reverted_card_payment?,COLLOQUIAL,12.5,1,7,8,0,0,0,0,0,,False
6817,reverted_card_payment?,COLLOQUIAL,20.0,4,16,20,0,0,0,0,0,,False
6818,reverted_card_payment?,COLLOQUIAL,8.33,1,11,12,0,0,0,0,0,,False
6819,reverted_card_payment?,COLLOQUIAL,50.0,3,3,6,0,0,0,0,0,,False
6820,reverted_card_payment?,COLLOQUIAL,13.33,4,26,30,0,0,0,0,0,,False
6821,reverted_card_payment?,COLLOQUIAL,40.0,2,3,5,0,0,0,0,0,,False
6822,reverted_card_payment?,COLLOQUIAL,37.5,3,5,8,0,0,0,0,0,,False
6823,reverted_card_payment?,COLLOQUIAL,6.67,2,28,30,0,0,0,0,0,,False
6824,reverted_card_payment?,COLLOQUIAL,18.18,2,9,11,0,0,0,0,0,,False
6825,reverted_card_payment?,COLLOQUIAL,20.0,2,8,10,0,0,0,0,0,,False
6826,reverted_card_payment?,COLLOQUIAL,28.57,2,5,7,0,0,0,0,0,,False
6827,reverted_card_payment?,COLLOQUIAL,14.29,1,6,7,0,0,0,0,0,,False
6828,reverted_card_payment?,COLLOQUIAL,17.65,3,14,17,0,0,0,0,0,,False
6829,reverted_card_payment?,COLLOQUIAL,16.67,1,5,6,0,0,0,0,0,,False
6830,reverted_card_payment?,COLLOQUIAL,10.0,1,9,10,0,0,0,0,0,,False
6831,reverted_card_payment?,COLLOQUIAL,28.57,2,5,7,0,0,0,0,0,,False
6832,reverted_card_payment?,COLLOQUIAL,28.57,2,5,7,0,0,0,0,0,,False
6833,reverted_card_payment?,COLLOQUIAL,33.33,3,6,9,0,0,0,0,0,,False
6834,reverted_card_payment?,MIXED,0.0,0,11,11,0,0,0,0,0,,True
6835,reverted_card_payment?,COLLOQUIAL,28.57,2,5,7,0,0,0,0,0,,False
6836,reverted_card_payment?,COLLOQUIAL,6.45,2,29,31,0,0,0,0,0,,False
6837,reverted_card_payment?,COLLOQUIAL,37.5,3,5,8,0,0,0,0,0,,False
6838,reverted_card_payment?,COLLOQUIAL,40.0,2,3,5,0,0,0,0,0,,False
6839,reverted_card_payment?,COLLOQUIAL,10.0,1,9,10,0,0,0,0,0,,False
6840,reverted_card_payment?,COLLOQUIAL,13.04,3,20,23,0,0,0,0,0,,False
6841,reverted_card_payment?,COLLOQUIAL,22.22,2,7,9,0,0,0,0,0,,False
6842,reverted_card_payment?,COLLOQUIAL,50.0,3,3,6,0,0,0,0,0,,False
6843,reverted_card_payment?,COLLOQUIAL,6.45,2,29,31,0,0,0,0,0,,False
6844,reverted_card_payment?,COLLOQUIAL,12.5,1,7,8,0,0,0,0,0,,False
6845,reverted_card_payment?,COLLOQUIAL,33.33,2,4,6,0,0,0,0,0,,False
6846,reverted_card_payment?,MIXED,4.17,1,23,24,0,0,0,0,0,,True
6847,reverted_card_payment?,COLLOQUIAL,6.67,1,14,15,0,0,0,0,0,,False
6848,reverted_card_payment?,COLLOQUIAL,33.33,3,6,9,0,0,0,0,0,,False
6849,reverted_card_payment?,COLLOQUIAL,37.5,3,5,8,0,0,0,0,0,,False
6850,reverted_card_payment?,COLLOQUIAL,28.57,2,5,7,0,0,0,0,0,,False
6851,reverted_card_payment?,COLLOQUIAL,50.0,3,3,6,0,0,0,0,0,,False
6852,reverted_card_payment?,COLLOQUIAL,11.11,1,8,9,0,0,0,0,0,,False
6853,reverted_card_payment?,COLLOQUIAL,33.33,3,6,9,0,0,0,0,0,,False
6854,reverted_card_payment?,COLLOQUIAL,42.86,3,4,7,0,0,0,0,0,,False
6855,reverted_card_payment?,MIXED,0.0,0,7,7,0,0,0,0,0,,True
6856,reverted_card_payment?,MIXED,0.0,0,8,8,0,0,0,0,0,,True
6857,reverted_card_payment?,COLLOQUIAL,33.33,2,4,6,0,0,0,0,0,,False
6858,reverted_card_payment?,COLLOQUIAL,25.0,2,6,8,0,0,0,0,0,,False
6859,reverted_card_payment?,COLLOQUIAL,25.0,2,6,8,0,0,0,0,0,,False
6860,reverted_card_payment?,COLLOQUIAL,5.56,1,17,18,0,0,0,0,0,,False
6861,reverted_card_payment?,COLLOQUIAL,33.33,2,4,6,0,0,0,0,0,,False
6862,reverted_card_payment?,MIXED,0.0,0,8,8,0,0,0,0,0,,True
6863,reverted_card_payment?,COLLOQUIAL,6.25,2,30,32,0,0,0,0,0,,False
6864,reverted_card_payment?,COLLOQUIAL,16.67,1,5,6,0,0,0,0,0,,False
6865,reverted_card_payment?,COLLOQUIAL,14.29,1,6,7,0,0,0,0,0,,False
6866,reverted_card_payment?,COLLOQUIAL,15.79,3,16,19,0,0,0,0,0,,False
6867,reverted_card_payment?,COLLOQUIAL,8.33,1,11,12,0,0,0,0,0,,False
6868,reverted_card_payment?,COLLOQUIAL,50.0,3,3,6,0,0,0,0,0,,False
6869,reverted_card_payment?,COLLOQUIAL,36.36,4,7,11,0,0,0,0,0,,False
6870,reverted_card_payment?,MIXED,0.0,0,12,12,0,0,0,0,0,,True
6871,reverted_card_payment?,COLLOQUIAL,25.0,3,9,12,0,0,0,0,0,,False
6872,reverted_card_payment?,COLLOQUIAL,7.14,1,13,14,0,0,0,0,0,,False
6873,reverted_card_payment?,COLLOQUIAL,40.0,2,3,5,0,0,0,0,0,,False
6874,reverted_card_payment?,COLLOQUIAL,30.0,3,7,10,0,0,0,0,0,,False
6875,reverted_card_payment?,COLLOQUIAL,5.56,1,17,18,0,0,0,0,0,,False
6876,reverted_card_payment?,COLLOQUIAL,33.33,2,4,6,0,0,0,0,0,,False
6877,reverted_card_payment?,COLLOQUIAL,14.29,1,6,7,0,0,0,0,0,,False
6878,reverted_card_payment?,COLLOQUIAL,25.0,1,3,4,0,0,0,0,0,,False
6879,reverted_card_payment?,COLLOQUIAL,50.0,2,2,4,0,0,0,0,0,,False
6880,reverted_card_payment?,COLLOQUIAL,28.57,2,5,7,0,0,0,0,0,,False
6881,reverted_card_payment?,COLLOQUIAL,50.0,2,2,4,0,0,0,0,0,,False
6882,reverted_card_payment?,COLLOQUIAL,28.57,2,5,7,0,0,0,0,0,,False
6883,change_pin,COLLOQUIAL,20.0,1,4,5,0,0,0,0,0,,False
6884,change_pin,MIXED,0.0,0,6,6,0,0,0,0,0,,True
6885,change_pin,MIXED,0.0,0,9,9,0,0,0,0,0,,True
6886,change_pin,COLLOQUIAL,14.29,1,6,7,0,0,0,0,0,,False
6887,change_pin,COLLOQUIAL,16.67,1,5,6,0,0,0,0,0,,False
6888,change_pin,MIXED,0.0,0,7,7,0,0,0,0,0,,True
6889,change_pin,MIXED,0.0,0,7,7,0,0,0,0,0,,True
6890,change_pin,COLLOQUIAL,12.5,1,7,8,0,0,0,0,0,,False
6891,change_pin,MIXED,0.0,0,6,6,0,0,0,0,0,,True
6892,change_pin,MIXED,0.0,0,6,6,0,0,0,0,0,,True
6893,change_pin,MIXED,0.0,0,7,7,0,0,0,0,0,,True
6894,change_pin,COLLOQUIAL,14.29,1,6,7,0,0,0,0,0,,False
6895,change_pin,MIXED,0.0,0,6,6,0,0,0,0,0,,True
6896,change_pin,COLLOQUIAL,11.11,1,8,9,0,0,0,0,0,,False
6897,change_pin,COLLOQUIAL,16.67,1,5,6,0,0,0,0,0,,False
6898,change_pin,COLLOQUIAL,28.57,2,5,7,0,0,0,0,0,,False
6899,change_pin,MIXED,0.0,0,8,8,0,0,0,0,0,,True
6900,change_pin,COLLOQUIAL,20.0,1,4,5,0,0,0,0,0,,False
6901,change_pin,COLLOQUIAL,10.0,1,9,10,0,0,0,0,0,,False
6902,change_pin,COLLOQUIAL,9.09,1,10,11,0,0,0,0,0,,False
6903,change_pin,MIXED,0.0,0,6,6,0,0,0,0,0,,True
6904,change_pin,MIXED,0.0,0,6,6,0,0,0,0,0,,True
6905,change_pin,MIXED,0.0,0,7,7,0,0,0,0,0,,True
6906,change_pin,MIXED,0.0,0,7,7,0,0,0,0,0,,True
6907,change_pin,MIXED,0.0,0,7,7,0,0,0,0,0,,True
6908,change_pin,MIXED,0.0,0,6,6,0,0,0,0,0,,True
6909,change_pin,MIXED,0.0,0,5,5,0,0,0,0,0,,True
6910,change_pin,MIXED,0.0,0,8,8,0,0,0,0,0,,True
6911,change_pin,COLLOQUIAL,14.29,1,6,7,0,0,0,0,0,,False
6912,change_pin,MIXED,0.0,0,7,7,0,0,0,0,0,,True
6913,change_pin,MIXED,0.0,0,6,6,0,0,0,0,0,,True
6914,change_pin,MIXED,0.0,0,6,6,0,0,0,0,0,,True
6915,change_pin,MIXED,0.0,0,8,8,0,0,0,0,0,,True
6916,change_pin,MIXED,0.0,0,6,6,0,0,0,0,0,,True
6917,change_pin,COLLOQUIAL,16.67,1,5,6,0,0,0,0,0,,False
6918,change_pin,COLLOQUIAL,14.29,1,6,7,0,0,0,0,0,,False
6919,change_pin,MIXED,0.0,0,21,21,0,0,0,0,0,,True
6920,change_pin,COLLOQUIAL,10.0,1,9,10,0,0,0,0,0,,False
6921,change_pin,COLLOQUIAL,7.14,1,13,14,0,0,0,0,0,,False
6922,change_pin,MIXED,0.0,0,6,6,0,0,0,0,0,,True
6923,change_pin,MIXED,0.0,0,7,7,0,0,0,0,0,,True
6924,change_pin,MIXED,0.0,0,9,9,0,0,0,0,0,,True
6925,change_pin,MIXED,0.0,0,5,5,0,0,0,0,0,,True
6926,change_pin,MIXED,0.0,0,6,6,0,0,0,0,0,,True
6927,change_pin,COLLOQUIAL,5.56,1,17,18,0,0,0,0,0,,False
6928,change_pin,MIXED,0.0,0,9,9,0,0,0,0,0,,True
6929,change_pin,COLLOQUIAL,11.11,1,8,9,0,0,0,0,0,,False
6930,change_pin,MIXED,0.0,0,7,7,0,0,0,0,0,,True
6931,change_pin,MIXED,0.0,0,7,7,0,0,0,0,0,,True
6932,change_pin,MIXED,0.0,0,6,6,0,0,0,0,0,,True
6933,change_pin,COLLOQUIAL,20.0,1,4,5,0,0,0,0,0,,False
6934,change_pin,MIXED,0.0,0,9,9,0,0,0,0,0,,True
6935,change_pin,MIXED,0.0,0,3,3,0,0,0,0,0,,True
6936,change_pin,MIXED,0.0,0,4,4,0,0,0,0,0,,True
6937,change_pin,MIXED,0.0,0,3,3,0,0,0,0,0,,True
6938,change_pin,MIXED,0.0,0,7,7,0,0,0,0,0,,True
6939,change_pin,COLLOQUIAL,16.67,1,5,6,0,0,0,0,0,,False
6940,change_pin,MIXED,0.0,0,4,4,0,0,0,0,0,,True
6941,change_pin,MIXED,0.0,0,9,9,0,0,0,0,0,,True
6942,change_pin,MIXED,0.0,0,9,9,0,0,0,0,0,,True
6943,change_pin,MIXED,0.0,0,5,5,0,0,0,0,0,,True
6944,change_pin,MIXED,0.0,0,7,7,0,0,0,0,0,,True
6945,change_pin,COLLOQUIAL,16.67,1,5,6,0,0,0,0,0,,False
6946,change_pin,MIXED,0.0,0,17,17,0,0,0,0,0,,True
6947,change_pin,COLLOQUIAL,12.5,1,7,8,0,0,0,0,0,,False
6948,change_pin,COLLOQUIAL,5.88,1,16,17,0,0,0,0,0,,False
6949,change_pin,COLLOQUIAL,16.67,1,5,6,0,0,0,0,0,,False
6950,change_pin,MIXED,0.0,0,19,19,0,0,0,0,0,,True
6951,change_pin,MIXED,0.0,0,6,6,0,0,0,0,0,,True
6952,change_pin,COLLOQUIAL,12.5,1,7,8,0,0,0,0,0,,False
6953,change_pin,COLLOQUIAL,36.84,7,12,19,0,0,0,0,0,,False
6954,change_pin,MIXED,0.0,0,15,15,0,0,0,0,0,,True
6955,change_pin,MIXED,0.0,0,14,14,0,0,0,0,0,,True
6956,change_pin,MIXED,0.0,0,6,6,0,0,0,0,0,,True
6957,change_pin,COLLOQUIAL,16.67,1,5,6,0,0,0,0,0,,False
6958,change_pin,MIXED,0.0,0,4,4,0,0,0,0,0,,True
6959,change_pin,MIXED,0.0,0,8,8,0,0,0,0,0,,True
6960,change_pin,COLLOQUIAL,22.22,2,7,9,0,0,0,0,0,,False
6961,change_pin,MIXED,0.0,0,6,6,0,0,0,0,0,,True
6962,change_pin,MIXED,0.0,0,16,16,0,0,0,0,0,,True
6963,change_pin,MIXED,0.0,0,5,5,0,0,0,0,0,,True
6964,change_pin,COLLOQUIAL,14.29,1,6,7,0,0,0,0,0,,False
6966,change_pin,MIXED,0.0,0,4,4,0,0,0,0,0,,True
6967,change_pin,MIXED,0.0,0,5,5,0,0,0,0,0,,True
6968,change_pin,COLLOQUIAL,16.67,1,5,6,0,0,0,0,0,,False
6969,change_pin,MIXED,0.0,0,5,5,0,0,0,0,0,,True
6970,change_pin,MIXED,0.0,0,7,7,0,0,0,0,0,,True
6971,change_pin,MIXED,0.0,0,3,3,0,0,0,0,0,,True
6972,change_pin,MIXED,0.0,0,7,7,0,0,0,0,0,,True
6973,change_pin,MIXED,0.0,0,3,3,0,0,0,0,0,,True
6974,change_pin,COLLOQUIAL,20.0,2,8,10,0,0,0,0,0,,False
6975,change_pin,MIXED,0.0,0,7,7,0,0,0,0,0,,True
6976,change_pin,COLLOQUIAL,14.29,1,6,7,0,0,0,0,0,,False
6977,change_pin,COLLOQUIAL,12.5,1,7,8,0,0,0,0,0,,False
6978,change_pin,COLLOQUIAL,14.29,1,6,7,0,0,0,0,0,,False
6979,change_pin,MIXED,0.0,0,9,9,0,0,0,0,0,,True
6980,change_pin,MIXED,0.0,0,8,8,0,0,0,0,0,,True
6981,change_pin,MIXED,0.0,0,5,5,0,0,0,0,0,,True
6982,change_pin,MIXED,0.0,0,5,5,0,0,0,0,0,,True
6983,change_pin,COLLOQUIAL,11.11,1,8,9,0,0,0,0,0,,False
6984,change_pin,COLLOQUIAL,12.5,1,7,8,0,0,0,0,0,,False
6985,change_pin,COLLOQUIAL,25.0,2,6,8,0,0,0,0,0,,False
6986,change_pin,COLLOQUIAL,12.5,1,7,8,0,0,0,0,0,,False
6987,change_pin,MIXED,0.0,0,7,7,0,0,0,0,0,,True
6988,change_pin,MIXED,0.0,0,7,7,0,0,0,0,0,,True
6989,change_pin,MIXED,0.0,0,6,6,0,0,0,0,0,,True
6990,change_pin,MIXED,0.0,0,6,6,0,0,0,0,0,,True
6991,change_pin,COLLOQUIAL,20.0,4,16,20,0,0,0,0,0,,False
6992,change_pin,MIXED,0.0,0,9,9,0,0,0,0,0,,True
6993,change_pin,MIXED,0.0,0,8,8,0,0,0,0,0,,True
6994,change_pin,COLLOQUIAL,16.67,1,5,6,0,0,0,0,0,,False
6995,change_pin,COLLOQUIAL,20.0,1,4,5,0,0,0,0,0,,False
6996,change_pin,MIXED,0.0,0,8,8,0,0,0,0,0,,True
6997,change_pin,COLLOQUIAL,11.11,1,8,9,0,0,0,0,0,,False
6998,change_pin,MIXED,0.0,0,6,6,0,0,0,0,0,,True
6999,change_pin,COLLOQUIAL,20.0,1,4,5,0,0,0,0,0,,False
7000,change_pin,MIXED,0.0,0,7,7,0,0,0,0,0,,True
7001,change_pin,MIXED,0.0,0,6,6,0,0,0,0,0,,True
7002,change_pin,MIXED,0.0,0,11,11,0,0,0,0,0,,True
7003,change_pin,MIXED,0.0,0,7,7,0,0,0,0,0,,True
7004,change_pin,COLLOQUIAL,28.57,2,5,7,0,0,0,0,0,,False
7005,beneficiary_not_allowed,COLLOQUIAL,20.0,1,4,5,0,0,0,0,0,,False
7006,beneficiary_not_allowed,MIXED,0.0,0,6,6,0,0,0,0,0,,True
7007,beneficiary_not_allowed,COLLOQUIAL,23.53,4,13,17,0,0,0,0,0,,False
7008,beneficiary_not_allowed,MIXED,0.0,0,6,6,0,0,0,0,0,,True
7009,beneficiary_not_allowed,COLLOQUIAL,20.0,1,4,5,0,0,0,0,0,,False
7010,beneficiary_not_allowed,COLLOQUIAL,12.5,1,7,8,0,0,0,0,0,,False
7011,beneficiary_not_allowed,COLLOQUIAL,7.69,1,12,13,0,0,0,0,0,,False
7012,beneficiary_not_allowed,MIXED,0.0,0,5,5,0,0,0,0,0,,True
7013,beneficiary_not_allowed,MIXED,3.7,1,26,27,0,0,0,0,0,,True
7014,beneficiary_not_allowed,COLLOQUIAL,18.18,2,9,11,0,0,0,0,0,,False
7015,beneficiary_not_allowed,COLLOQUIAL,25.0,2,6,8,0,0,0,0,0,,False
7016,beneficiary_not_allowed,COLLOQUIAL,16.67,1,5,6,0,0,0,0,0,,False
7017,beneficiary_not_allowed,MIXED,0.0,0,5,5,0,0,0,0,0,,True
7018,beneficiary_not_allowed,COLLOQUIAL,11.11,1,8,9,0,0,0,0,0,,False
7019,beneficiary_not_allowed,MIXED,0.0,0,5,5,0,0,0,0,0,,True
7020,beneficiary_not_allowed,COLLOQUIAL,17.65,3,14,17,0,0,0,0,0,,False
7021,beneficiary_not_allowed,COLLOQUIAL,11.11,1,8,9,0,0,0,0,0,,False
7022,beneficiary_not_allowed,MIXED,0.0,0,9,9,0,0,0,0,0,,True
7023,beneficiary_not_allowed,MIXED,0.0,0,9,9,0,0,0,0,0,,True
7024,beneficiary_not_allowed,MIXED,0.0,0,8,8,0,0,0,0,0,,True
7025,beneficiary_not_allowed,COLLOQUIAL,20.0,3,12,15,0,0,0,0,0,,False
7026,beneficiary_not_allowed,COLLOQUIAL,26.67,4,11,15,0,0,0,0,0,,False
7027,beneficiary_not_allowed,COLLOQUIAL,14.29,1,6,7,0,0,0,0,0,,False
7028,beneficiary_not_allowed,COLLOQUIAL,37.5,3,5,8,0,0,0,0,0,,False
7029,beneficiary_not_allowed,COLLOQUIAL,20.0,1,4,5,0,0,0,0,0,,False
7030,beneficiary_not_allowed,COLLOQUIAL,25.0,2,6,8,0,0,0,0,0,,False
7031,beneficiary_not_allowed,COLLOQUIAL,11.11,1,8,9,0,0,0,0,0,,False
7032,beneficiary_not_allowed,MIXED,0.0,0,6,6,0,0,0,0,0,,True
7033,beneficiary_not_allowed,COLLOQUIAL,25.0,2,6,8,0,0,0,0,0,,False
7034,beneficiary_not_allowed,COLLOQUIAL,27.27,3,8,11,0,0,0,0,0,,False
7035,beneficiary_not_allowed,COLLOQUIAL,22.22,2,7,9,0,0,0,0,0,,False
7036,beneficiary_not_allowed,COLLOQUIAL,25.0,2,6,8,0,0,0,0,0,,False
7037,beneficiary_not_allowed,COLLOQUIAL,37.5,3,5,8,0,0,0,0,0,,False
7038,beneficiary_not_allowed,COLLOQUIAL,18.18,2,9,11,0,0,0,0,0,,False
7039,beneficiary_not_allowed,COLLOQUIAL,10.53,2,17,19,0,0,0,0,0,,False
7040,beneficiary_not_allowed,COLLOQUIAL,16.67,3,15,18,0,0,0,0,0,,False
7041,beneficiary_not_allowed,COLLOQUIAL,33.33,4,8,12,0,0,0,0,0,,False
7042,beneficiary_not_allowed,COLLOQUIAL,16.67,4,20,24,0,0,0,0,0,,False
7043,beneficiary_not_allowed,MIXED,0.0,0,5,5,0,0,0,0,0,,True
7044,beneficiary_not_allowed,COLLOQUIAL,14.29,1,6,7,0,0,0,0,0,,False
7045,beneficiary_not_allowed,MIXED,0.0,0,10,10,0,0,0,0,0,,True
7046,beneficiary_not_allowed,COLLOQUIAL,21.74,5,18,23,0,0,0,0,0,,False
7047,beneficiary_not_allowed,COLLOQUIAL,8.33,1,11,12,0,0,0,0,0,,False
7048,beneficiary_not_allowed,COLLOQUIAL,33.33,3,6,9,0,0,0,0,0,,False
7049,beneficiary_not_allowed,COLLOQUIAL,40.0,2,3,5,0,0,0,0,0,,False
7050,beneficiary_not_allowed,COLLOQUIAL,28.0,7,18,25,0,0,0,0,0,,False
7051,beneficiary_not_allowed,COLLOQUIAL,28.57,2,5,7,0,0,0,0,0,,False
7052,beneficiary_not_allowed,COLLOQUIAL,20.0,2,8,10,0,0,0,0,0,,False
7053,beneficiary_not_allowed,COLLOQUIAL,14.29,1,6,7,0,0,0,0,0,,False
7054,beneficiary_not_allowed,COLLOQUIAL,12.5,1,7,8,0,0,0,0,0,,False
7055,beneficiary_not_allowed,COLLOQUIAL,18.18,2,9,11,0,0,0,0,0,,False
7056,beneficiary_not_allowed,MIXED,0.0,0,6,6,0,0,0,0,0,,True
7057,beneficiary_not_allowed,COLLOQUIAL,11.11,2,16,18,0,0,0,0,0,,False
7058,beneficiary_not_allowed,COLLOQUIAL,28.57,2,5,7,0,0,0,0,0,,False
7059,beneficiary_not_allowed,COLLOQUIAL,22.22,2,7,9,0,0,0,0,0,,False
7060,beneficiary_not_allowed,COLLOQUIAL,28.57,2,5,7,0,0,0,0,0,,False
7061,beneficiary_not_allowed,COLLOQUIAL,20.0,1,4,5,0,0,0,0,0,,False
7062,beneficiary_not_allowed,COLLOQUIAL,15.0,3,17,20,0,0,0,0,0,,False
7063,beneficiary_not_allowed,COLLOQUIAL,14.29,1,6,7,0,0,0,0,0,,False
7064,beneficiary_not_allowed,COLLOQUIAL,25.0,2,6,8,0,0,0,0,0,,False
7065,beneficiary_not_allowed,COLLOQUIAL,12.5,1,7,8,0,0,0,0,0,,False
7066,beneficiary_not_allowed,MIXED,0.0,0,10,10,0,0,0,0,0,,True
7067,beneficiary_not_allowed,COLLOQUIAL,18.18,2,9,11,0,0,0,0,0,,False
7068,beneficiary_not_allowed,COLLOQUIAL,12.5,1,7,8,0,0,0,0,0,,False
7069,beneficiary_not_allowed,COLLOQUIAL,22.22,2,7,9,0,0,0,0,0,,False
7070,beneficiary_not_allowed,COLLOQUIAL,13.64,3,19,22,0,0,0,0,0,,False
7071,beneficiary_not_allowed,MIXED,0.0,0,8,8,0,0,0,0,0,,True
7072,beneficiary_not_allowed,COLLOQUIAL,12.5,1,7,8,0,0,0,0,0,,False
7073,beneficiary_not_allowed,COLLOQUIAL,16.67,1,5,6,0,0,0,0,0,,False
7074,beneficiary_not_allowed,COLLOQUIAL,12.5,1,7,8,0,0,0,0,0,,False
7075,beneficiary_not_allowed,COLLOQUIAL,14.29,1,6,7,0,0,0,0,0,,False
7076,beneficiary_not_allowed,COLLOQUIAL,16.67,1,5,6,0,0,0,0,0,,False
7077,beneficiary_not_allowed,COLLOQUIAL,14.29,1,6,7,0,0,0,0,0,,False
7078,beneficiary_not_allowed,COLLOQUIAL,11.11,1,8,9,0,0,0,0,0,,False
7079,beneficiary_not_allowed,COLLOQUIAL,20.0,2,8,10,0,0,0,0,0,,False
7080,beneficiary_not_allowed,COLLOQUIAL,5.56,1,17,18,0,0,0,0,0,,False
7081,beneficiary_not_allowed,COLLOQUIAL,18.18,2,9,11,0,0,0,0,0,,False
7082,beneficiary_not_allowed,COLLOQUIAL,10.0,2,18,20,0,0,0,0,0,,False
7083,beneficiary_not_allowed,COLLOQUIAL,7.69,1,12,13,0,0,0,0,0,,False
7084,beneficiary_not_allowed,COLLOQUIAL,7.69,1,12,13,0,0,0,0,0,,False
7085,beneficiary_not_allowed,COLLOQUIAL,20.0,1,4,5,0,0,0,0,0,,False
7086,beneficiary_not_allowed,COLLOQUIAL,20.0,4,16,20,0,0,0,0,0,,False
7087,beneficiary_not_allowed,COLLOQUIAL,20.0,1,4,5,0,0,0,0,0,,False
7088,beneficiary_not_allowed,MIXED,0.0,0,6,6,0,0,0,0,0,,True
7089,beneficiary_not_allowed,COLLOQUIAL,33.33,5,10,15,0,0,0,0,0,,False
7090,beneficiary_not_allowed,COLLOQUIAL,16.67,1,5,6,0,0,0,0,0,,False
7091,beneficiary_not_allowed,MIXED,0.0,0,5,5,0,0,0,0,0,,True
7092,beneficiary_not_allowed,COLLOQUIAL,11.11,1,8,9,0,0,0,0,0,,False
7093,beneficiary_not_allowed,COLLOQUIAL,5.88,1,16,17,0,0,0,0,0,,False
7094,beneficiary_not_allowed,COLLOQUIAL,8.33,1,11,12,0,0,0,0,0,,False
7095,beneficiary_not_allowed,COLLOQUIAL,14.29,1,6,7,0,0,0,0,0,,False
7096,beneficiary_not_allowed,COLLOQUIAL,14.29,1,6,7,0,0,0,0,0,,False
7097,beneficiary_not_allowed,MIXED,0.0,0,5,5,0,0,0,0,0,,True
7098,beneficiary_not_allowed,COLLOQUIAL,11.76,2,15,17,0,0,0,0,0,,False
7099,beneficiary_not_allowed,COLLOQUIAL,28.57,2,5,7,0,0,0,0,0,,False
7100,beneficiary_not_allowed,COLLOQUIAL,20.0,2,8,10,0,0,0,0,0,,False
7101,beneficiary_not_allowed,COLLOQUIAL,14.29,1,6,7,0,0,0,0,0,,False
7102,beneficiary_not_allowed,COLLOQUIAL,28.57,2,5,7,0,0,0,0,0,,False
7103,beneficiary_not_allowed,COLLOQUIAL,14.29,1,6,7,0,0,0,0,0,,False
7104,beneficiary_not_allowed,COLLOQUIAL,10.0,2,18,20,0,0,0,0,0,,False
7105,beneficiary_not_allowed,COLLOQUIAL,15.79,3,16,19,0,0,0,0,0,,False
7106,beneficiary_not_allowed,COLLOQUIAL,12.5,1,7,8,0,0,0,0,0,,False
7107,beneficiary_not_allowed,COLLOQUIAL,23.08,3,10,13,0,0,0,0,0,,False
7108,beneficiary_not_allowed,COLLOQUIAL,25.0,2,6,8,0,0,0,0,0,,False
7109,beneficiary_not_allowed,COLLOQUIAL,16.67,1,5,6,0,0,0,0,0,,False
7110,beneficiary_not_allowed,MIXED,0.0,0,9,9,0,0,0,0,0,,True
7111,beneficiary_not_allowed,COLLOQUIAL,11.11,1,8,9,0,0,0,0,0,,False
7112,beneficiary_not_allowed,COLLOQUIAL,17.95,7,32,39,0,0,0,0,0,,False
7113,beneficiary_not_allowed,COLLOQUIAL,14.29,1,6,7,0,0,0,0,0,,False
7114,beneficiary_not_allowed,MIXED,0.0,0,10,10,0,0,0,0,0,,True
7115,beneficiary_not_allowed,COLLOQUIAL,16.67,2,10,12,0,0,0,0,0,,False
7116,beneficiary_not_allowed,COLLOQUIAL,20.0,2,8,10,0,0,0,0,0,,False
7117,beneficiary_not_allowed,COLLOQUIAL,12.5,1,7,8,0,0,0,0,0,,False
7118,beneficiary_not_allowed,COLLOQUIAL,40.0,2,3,5,0,0,0,0,0,,False
7119,beneficiary_not_allowed,COLLOQUIAL,15.79,3,16,19,0,0,0,0,0,,False
7120,beneficiary_not_allowed,COLLOQUIAL,11.11,1,8,9,0,0,0,0,0,,False
7121,beneficiary_not_allowed,COLLOQUIAL,9.52,2,19,21,0,0,0,0,0,,False
7122,beneficiary_not_allowed,COLLOQUIAL,25.0,2,6,8,0,0,0,0,0,,False
7123,beneficiary_not_allowed,COLLOQUIAL,7.69,1,12,13,0,0,0,0,0,,False
7124,beneficiary_not_allowed,COLLOQUIAL,20.0,1,4,5,0,0,0,0,0,,False
7125,beneficiary_not_allowed,MIXED,0.0,0,7,7,0,0,0,0,0,,True
7126,beneficiary_not_allowed,COLLOQUIAL,20.0,2,8,10,0,0,0,0,0,,False
7127,beneficiary_not_allowed,COLLOQUIAL,11.11,1,8,9,0,0,0,0,0,,False
7128,beneficiary_not_allowed,COLLOQUIAL,16.67,1,5,6,0,0,0,0,0,,False
7129,beneficiary_not_allowed,COLLOQUIAL,12.5,1,7,8,0,0,0,0,0,,False
7130,beneficiary_not_allowed,COLLOQUIAL,25.0,2,6,8,0,0,0,0,0,,False
7131,beneficiary_not_allowed,COLLOQUIAL,18.18,2,9,11,0,0,0,0,0,,False
7132,beneficiary_not_allowed,COLLOQUIAL,14.29,2,12,14,0,0,0,0,0,,False
7133,beneficiary_not_allowed,COLLOQUIAL,21.43,3,11,14,0,0,0,0,0,,False
7134,beneficiary_not_allowed,COLLOQUIAL,14.29,1,6,7,0,0,0,0,0,,False
7135,beneficiary_not_allowed,COLLOQUIAL,25.0,2,6,8,0,0,0,0,0,,False
7136,beneficiary_not_allowed,COLLOQUIAL,14.29,1,6,7,0,0,0,0,0,,False
7137,beneficiary_not_allowed,COLLOQUIAL,20.0,1,4,5,0,0,0,0,0,,False
7138,beneficiary_not_allowed,COLLOQUIAL,20.0,4,16,20,0,0,0,0,0,,False
7139,beneficiary_not_allowed,COLLOQUIAL,25.0,5,15,20,0,0,0,0,0,,False
7140,beneficiary_not_allowed,COLLOQUIAL,19.05,4,17,21,0,0,0,0,0,,False
7141,beneficiary_not_allowed,COLLOQUIAL,40.0,3,2,5,0,0,0,0,0,,False
7142,beneficiary_not_allowed,MIXED,0.0,0,10,10,0,0,0,0,0,,True
7143,beneficiary_not_allowed,COLLOQUIAL,25.0,2,6,8,0,0,0,0,0,,False
7144,beneficiary_not_allowed,MIXED,0.0,0,8,8,0,0,0,0,0,,True
7145,beneficiary_not_allowed,COLLOQUIAL,16.67,1,5,6,0,0,0,0,0,,False
7146,beneficiary_not_allowed,COLLOQUIAL,12.5,1,7,8,0,0,0,0,0,,False
7147,beneficiary_not_allowed,COLLOQUIAL,9.52,2,19,21,0,0,0,0,0,,False
7148,beneficiary_not_allowed,COLLOQUIAL,14.81,4,23,27,0,0,0,0,0,,False
7149,beneficiary_not_allowed,COLLOQUIAL,7.14,1,13,14,0,0,0,0,0,,False
7150,beneficiary_not_allowed,COLLOQUIAL,9.09,1,10,11,0,0,0,0,0,,False
7151,beneficiary_not_allowed,MIXED,0.0,0,5,5,0,0,0,0,0,,True
7152,beneficiary_not_allowed,COLLOQUIAL,20.0,1,4,5,0,0,0,0,0,,False
7153,beneficiary_not_allowed,MIXED,0.0,0,4,4,0,0,0,0,0,,True
7154,beneficiary_not_allowed,COLLOQUIAL,16.67,1,5,6,0,0,0,0,0,,False
7155,beneficiary_not_allowed,COLLOQUIAL,33.33,2,1,3,0,0,0,0,0,,False
7156,beneficiary_not_allowed,COLLOQUIAL,15.38,2,11,13,0,0,0,0,0,,False
7157,beneficiary_not_allowed,COLLOQUIAL,25.0,2,6,8,0,0,0,0,0,,False
7158,beneficiary_not_allowed,MIXED,0.0,0,10,10,0,0,0,0,0,,True
7159,beneficiary_not_allowed,COLLOQUIAL,33.33,1,2,3,0,0,0,0,0,,False
7160,beneficiary_not_allowed,MIXED,0.0,0,6,6,0,0,0,0,0,,True
7161,transfer_fee_charged,COLLOQUIAL,16.67,3,15,18,0,0,0,0,0,,False
7162,transfer_fee_charged,COLLOQUIAL,22.22,2,7,9,0,0,0,0,0,,False
7163,transfer_fee_charged,COLLOQUIAL,30.0,3,7,10,0,0,0,0,0,,False
7164,transfer_fee_charged,COLLOQUIAL,50.0,5,5,10,0,0,0,0,0,,False
7165,transfer_fee_charged,COLLOQUIAL,25.0,2,6,8,0,0,0,0,0,,False
7166,transfer_fee_charged,COLLOQUIAL,40.0,2,3,5,0,0,0,0,0,,False
7167,transfer_fee_charged,COLLOQUIAL,25.0,2,6,8,0,0,0,0,0,,False
7168,transfer_fee_charged,COLLOQUIAL,22.73,5,17,22,0,0,0,0,0,,False
7169,transfer_fee_charged,COLLOQUIAL,50.0,4,4,8,0,0,0,0,0,,False
7170,transfer_fee_charged,COLLOQUIAL,25.0,4,12,16,0,0,0,0,0,,False
7171,transfer_fee_charged,COLLOQUIAL,37.5,3,5,8,0,0,0,0,0,,False
7172,transfer_fee_charged,COLLOQUIAL,13.33,4,26,30,0,0,0,0,0,,False
7173,transfer_fee_charged,COLLOQUIAL,42.86,3,4,7,0,0,0,0,0,,False
7174,transfer_fee_charged,COLLOQUIAL,18.18,2,9,11,0,0,0,0,0,,False
7175,transfer_fee_charged,COLLOQUIAL,30.0,3,7,10,0,0,0,0,0,,False
7176,transfer_fee_charged,COLLOQUIAL,9.09,2,20,22,0,0,0,0,0,,False
7177,transfer_fee_charged,COLLOQUIAL,22.22,2,7,9,0,0,0,0,0,,False
7178,transfer_fee_charged,COLLOQUIAL,27.27,3,8,11,0,0,0,0,0,,False
7179,transfer_fee_charged,COLLOQUIAL,10.71,3,25,28,0,0,0,0,0,,False
7180,transfer_fee_charged,COLLOQUIAL,10.34,3,26,29,0,0,0,0,0,,False
7181,transfer_fee_charged,COLLOQUIAL,11.11,1,8,9,0,0,0,0,0,,False
7182,transfer_fee_charged,COLLOQUIAL,28.57,2,5,7,0,0,0,0,0,,False
7183,transfer_fee_charged,COLLOQUIAL,22.22,2,7,9,0,0,0,0,0,,False
7184,transfer_fee_charged,COLLOQUIAL,20.0,1,4,5,0,0,0,0,0,,False
7185,transfer_fee_charged,COLLOQUIAL,33.33,2,4,6,0,0,0,0,0,,False
7186,transfer_fee_charged,COLLOQUIAL,14.29,2,12,14,0,0,0,0,0,,False
7187,transfer_fee_charged,COLLOQUIAL,28.57,2,5,7,0,0,0,0,0,,False
7188,transfer_fee_charged,COLLOQUIAL,33.33,2,4,6,0,0,0,0,0,,False
7189,transfer_fee_charged,COLLOQUIAL,37.5,3,5,8,0,0,0,0,0,,False
7190,transfer_fee_charged,COLLOQUIAL,23.08,3,10,13,0,0,0,0,0,,False
7191,transfer_fee_charged,COLLOQUIAL,44.44,4,5,9,0,0,0,0,0,,False
7192,transfer_fee_charged,COLLOQUIAL,18.18,2,9,11,0,0,0,0,0,,False
7193,transfer_fee_charged,COLLOQUIAL,20.0,2,8,10,0,0,0,0,0,,False
7194,transfer_fee_charged,COLLOQUIAL,40.0,4,6,10,0,0,0,0,0,,False
7195,transfer_fee_charged,COLLOQUIAL,30.0,3,7,10,0,0,0,0,0,,False
7196,transfer_fee_charged,COLLOQUIAL,20.0,7,28,35,0,0,0,0,0,,False
7197,transfer_fee_charged,COLLOQUIAL,25.0,4,12,16,0,0,0,0,0,,False
7198,transfer_fee_charged,COLLOQUIAL,16.67,2,10,12,0,0,0,0,0,,False
7199,transfer_fee_charged,COLLOQUIAL,30.77,4,9,13,0,0,0,0,0,,False
7200,transfer_fee_charged,COLLOQUIAL,50.0,3,3,6,0,0,0,0,0,,False
7201,transfer_fee_charged,COLLOQUIAL,42.86,3,4,7,0,0,0,0,0,,False
7202,transfer_fee_charged,COLLOQUIAL,7.89,3,35,38,0,0,0,0,0,,False
7203,transfer_fee_charged,COLLOQUIAL,20.0,1,4,5,0,0,0,0,0,,False
7204,transfer_fee_charged,COLLOQUIAL,14.29,3,18,21,0,0,0,0,0,,False
7205,transfer_fee_charged,COLLOQUIAL,33.33,2,4,6,0,0,0,0,0,,False
7206,transfer_fee_charged,COLLOQUIAL,28.57,2,5,7,0,0,0,0,0,,False
7207,transfer_fee_charged,COLLOQUIAL,33.33,2,4,6,0,0,0,0,0,,False
7208,transfer_fee_charged,COLLOQUIAL,37.5,3,5,8,0,0,0,0,0,,False
7209,transfer_fee_charged,MIXED,0.0,0,8,8,0,0,0,0,0,,True
7210,transfer_fee_charged,COLLOQUIAL,25.0,3,9,12,0,0,0,0,0,,False
7211,transfer_fee_charged,COLLOQUIAL,40.0,4,6,10,0,0,0,0,0,,False
7212,transfer_fee_charged,COLLOQUIAL,13.79,4,25,29,0,0,0,0,0,,False
7213,transfer_fee_charged,COLLOQUIAL,21.43,3,11,14,0,0,0,0,0,,False
7214,transfer_fee_charged,COLLOQUIAL,28.57,2,5,7,0,0,0,0,0,,False
7215,transfer_fee_charged,COLLOQUIAL,9.09,2,20,22,0,0,0,0,0,,False
7216,transfer_fee_charged,COLLOQUIAL,30.0,3,7,10,0,0,0,0,0,,False
7217,transfer_fee_charged,COLLOQUIAL,36.36,4,7,11,0,0,0,0,0,,False
7218,transfer_fee_charged,COLLOQUIAL,25.0,1,3,4,0,0,0,0,0,,False
7219,transfer_fee_charged,COLLOQUIAL,20.0,1,4,5,0,0,0,0,0,,False
7220,transfer_fee_charged,COLLOQUIAL,20.0,5,20,25,0,0,0,0,0,,False
7221,transfer_fee_charged,COLLOQUIAL,30.0,3,7,10,0,0,0,0,0,,False
7222,transfer_fee_charged,COLLOQUIAL,14.29,1,6,7,0,0,0,0,0,,False
7223,transfer_fee_charged,MIXED,0.0,0,4,4,0,0,0,0,0,,True
7224,transfer_fee_charged,COLLOQUIAL,25.0,2,6,8,0,0,0,0,0,,False
7225,transfer_fee_charged,COLLOQUIAL,14.29,1,6,7,0,0,0,0,0,,False
7226,transfer_fee_charged,MIXED,2.78,1,35,36,0,0,0,0,0,,True
7227,transfer_fee_charged,COLLOQUIAL,23.08,3,10,13,0,0,0,0,0,,False
7228,transfer_fee_charged,COLLOQUIAL,5.56,1,17,18,0,0,0,0,0,,False
7229,transfer_fee_charged,MIXED,4.76,2,40,42,0,0,0,0,0,,True
7230,transfer_fee_charged,COLLOQUIAL,40.0,2,3,5,0,0,0,0,0,,False
7231,transfer_fee_charged,COLLOQUIAL,27.59,8,21,29,0,0,0,0,0,,False
7232,transfer_fee_charged,COLLOQUIAL,6.06,2,31,33,0,0,0,0,0,,False
7233,transfer_fee_charged,COLLOQUIAL,7.14,1,13,14,0,0,0,0,0,,False
7234,transfer_fee_charged,COLLOQUIAL,25.0,1,3,4,0,0,0,0,0,,False
7235,transfer_fee_charged,COLLOQUIAL,14.29,1,6,7,0,0,0,0,0,,False
7236,transfer_fee_charged,COLLOQUIAL,7.41,2,25,27,0,0,0,0,0,,False
7237,transfer_fee_charged,COLLOQUIAL,20.0,1,4,5,0,0,0,0,0,,False
7238,transfer_fee_charged,COLLOQUIAL,20.0,1,4,5,0,0,0,0,0,,False
7239,transfer_fee_charged,COLLOQUIAL,7.69,1,12,13,0,0,0,0,0,,False
7240,transfer_fee_charged,COLLOQUIAL,22.22,2,7,9,0,0,0,0,0,,False
7241,transfer_fee_charged,COLLOQUIAL,13.33,2,13,15,0,0,0,0,0,,False
7242,transfer_fee_charged,COLLOQUIAL,12.5,1,7,8,0,0,0,0,0,,False
7243,transfer_fee_charged,COLLOQUIAL,10.0,2,18,20,0,0,0,0,0,,False
7244,transfer_fee_charged,COLLOQUIAL,12.5,1,7,8,0,0,0,0,0,,False
7245,transfer_fee_charged,COLLOQUIAL,10.34,3,26,29,0,0,0,0,0,,False
7246,transfer_fee_charged,COLLOQUIAL,33.33,3,6,9,0,0,0,0,0,,False
7247,transfer_fee_charged,COLLOQUIAL,12.5,1,7,8,0,0,0,0,0,,False
7248,transfer_fee_charged,COLLOQUIAL,14.29,1,6,7,0,0,0,0,0,,False
7249,transfer_fee_charged,COLLOQUIAL,9.09,1,10,11,0,0,0,0,0,,False
7250,transfer_fee_charged,COLLOQUIAL,14.29,1,6,7,0,0,0,0,0,,False
7251,transfer_fee_charged,COLLOQUIAL,20.0,1,4,5,0,0,0,0,0,,False
7252,transfer_fee_charged,COLLOQUIAL,25.0,3,9,12,0,0,0,0,0,,False
7253,transfer_fee_charged,COLLOQUIAL,33.33,4,8,12,0,0,0,0,0,,False
7254,transfer_fee_charged,COLLOQUIAL,12.5,4,28,32,0,0,0,0,0,,False
7255,transfer_fee_charged,COLLOQUIAL,9.09,1,10,11,0,0,0,0,0,,False
7256,transfer_fee_charged,COLLOQUIAL,27.27,3,8,11,0,0,0,0,0,,False
7257,transfer_fee_charged,COLLOQUIAL,14.29,1,6,7,0,0,0,0,0,,False
7258,transfer_fee_charged,COLLOQUIAL,14.29,5,30,35,0,0,0,0,0,,False
7259,transfer_fee_charged,COLLOQUIAL,15.15,5,28,33,0,0,0,0,0,,False
7260,transfer_fee_charged,COLLOQUIAL,16.67,2,10,12,0,0,0,0,0,,False
7261,transfer_fee_charged,COLLOQUIAL,22.22,4,14,18,0,0,0,0,0,,False
7262,transfer_fee_charged,COLLOQUIAL,8.7,2,21,23,0,0,0,0,0,,False
7263,transfer_fee_charged,COLLOQUIAL,22.22,2,7,9,0,0,0,0,0,,False
7264,transfer_fee_charged,COLLOQUIAL,37.5,3,5,8,0,0,0,0,0,,False
7265,transfer_fee_charged,COLLOQUIAL,13.89,5,31,36,0,0,0,0,0,,False
7266,transfer_fee_charged,COLLOQUIAL,33.33,2,4,6,0,0,0,0,0,,False
7267,transfer_fee_charged,COLLOQUIAL,15.38,2,11,13,0,0,0,0,0,,False
7268,transfer_fee_charged,COLLOQUIAL,42.86,3,4,7,0,0,0,0,0,,False
7269,transfer_fee_charged,COLLOQUIAL,12.5,1,7,8,0,0,0,0,0,,False
7270,transfer_fee_charged,COLLOQUIAL,15.79,3,16,19,0,0,0,0,0,,False
7271,transfer_fee_charged,COLLOQUIAL,50.0,4,4,8,0,0,0,0,0,,False
7272,transfer_fee_charged,COLLOQUIAL,20.0,1,4,5,0,0,0,0,0,,False
7273,transfer_fee_charged,COLLOQUIAL,22.22,4,14,18,0,0,0,0,0,,False
7274,transfer_fee_charged,COLLOQUIAL,28.57,4,10,14,0,0,0,0,0,,False
7275,transfer_fee_charged,COLLOQUIAL,50.0,4,4,8,0,0,0,0,0,,False
7276,transfer_fee_charged,COLLOQUIAL,37.5,3,5,8,0,0,0,0,0,,False
7277,transfer_fee_charged,COLLOQUIAL,33.33,3,6,9,0,0,0,0,0,,False
7278,transfer_fee_charged,COLLOQUIAL,17.95,7,32,39,0,0,0,0,0,,False
7279,transfer_fee_charged,MIXED,4.0,1,24,25,0,0,0,0,0,,True
7280,transfer_fee_charged,COLLOQUIAL,40.0,2,3,5,0,0,0,0,0,,False
7281,transfer_fee_charged,COLLOQUIAL,25.0,1,3,4,0,0,0,0,0,,False
7282,transfer_fee_charged,COLLOQUIAL,12.12,4,29,33,0,0,0,0,0,,False
7283,transfer_fee_charged,COLLOQUIAL,16.67,7,35,42,0,0,0,0,0,,False
7284,transfer_fee_charged,COLLOQUIAL,40.0,2,3,5,0,0,0,0,0,,False
7285,transfer_fee_charged,COLLOQUIAL,25.93,7,20,27,0,0,0,0,0,,False
7286,transfer_fee_charged,COLLOQUIAL,10.0,3,27,30,0,0,0,0,0,,False
7287,transfer_fee_charged,COLLOQUIAL,33.33,3,6,9,0,0,0,0,0,,False
7288,transfer_fee_charged,COLLOQUIAL,42.86,3,4,7,0,0,0,0,0,,False
7289,transfer_fee_charged,COLLOQUIAL,21.43,3,11,14,0,0,0,0,0,,False
7290,transfer_fee_charged,COLLOQUIAL,33.33,2,4,6,0,0,0,0,0,,False
7291,transfer_fee_charged,COLLOQUIAL,33.33,2,4,6,0,0,0,0,0,,False
7292,transfer_fee_charged,COLLOQUIAL,12.5,1,7,8,0,0,0,0,0,,False
7293,transfer_fee_charged,COLLOQUIAL,17.65,3,14,17,0,0,0,0,0,,False
7294,transfer_fee_charged,COLLOQUIAL,37.5,3,5,8,0,0,0,0,0,,False
7295,transfer_fee_charged,COLLOQUIAL,42.86,3,4,7,0,0,0,0,0,,False
7296,transfer_fee_charged,COLLOQUIAL,20.0,1,4,5,0,0,0,0,0,,False
7297,transfer_fee_charged,COLLOQUIAL,15.38,2,11,13,0,0,0,0,0,,False
7298,transfer_fee_charged,COLLOQUIAL,25.0,2,6,8,0,0,0,0,0,,False
7299,transfer_fee_charged,COLLOQUIAL,31.25,5,11,16,0,0,0,0,0,,False
7300,transfer_fee_charged,COLLOQUIAL,16.67,1,5,6,0,0,0,0,0,,False
7301,transfer_fee_charged,COLLOQUIAL,30.0,3,7,10,0,0,0,0,0,,False
7302,transfer_fee_charged,COLLOQUIAL,40.0,2,3,5,0,0,0,0,0,,False
7303,transfer_fee_charged,COLLOQUIAL,40.0,2,3,5,0,0,0,0,0,,False
7304,transfer_fee_charged,COLLOQUIAL,28.57,2,5,7,0,0,0,0,0,,False
7305,transfer_fee_charged,COLLOQUIAL,20.0,2,8,10,0,0,0,0,0,,False
7306,transfer_fee_charged,COLLOQUIAL,12.12,4,29,33,0,0,0,0,0,,False
7307,transfer_fee_charged,COLLOQUIAL,44.44,4,5,9,0,0,0,0,0,,False
7308,transfer_fee_charged,COLLOQUIAL,42.86,3,4,7,0,0,0,0,0,,False
7309,transfer_fee_charged,COLLOQUIAL,20.0,8,32,40,0,0,0,0,0,,False
7310,transfer_fee_charged,COLLOQUIAL,14.55,8,47,55,0,0,0,0,0,,False
7311,transfer_fee_charged,COLLOQUIAL,25.0,1,3,4,0,0,0,0,0,,False
7312,transfer_fee_charged,COLLOQUIAL,21.05,4,15,19,0,0,0,0,0,,False
7313,transfer_fee_charged,COLLOQUIAL,42.86,3,4,7,0,0,0,0,0,,False
7314,transfer_fee_charged,COLLOQUIAL,36.36,4,7,11,0,0,0,0,0,,False
7315,transfer_fee_charged,COLLOQUIAL,33.33,2,4,6,0,0,0,0,0,,False
7316,transfer_fee_charged,COLLOQUIAL,25.0,2,6,8,0,0,0,0,0,,False
7317,transfer_fee_charged,COLLOQUIAL,28.57,4,10,14,0,0,0,0,0,,False
7318,transfer_fee_charged,COLLOQUIAL,22.22,2,7,9,0,0,0,0,0,,False
7319,transfer_fee_charged,COLLOQUIAL,33.33,2,4,6,0,0,0,0,0,,False
7320,transfer_fee_charged,COLLOQUIAL,37.5,3,5,8,0,0,0,0,0,,False
7321,transfer_fee_charged,COLLOQUIAL,37.5,3,5,8,0,0,0,0,0,,False
7322,transfer_fee_charged,COLLOQUIAL,22.22,2,7,9,0,0,0,0,0,,False
7323,transfer_fee_charged,COLLOQUIAL,33.33,2,4,6,0,0,0,0,0,,False
7324,transfer_fee_charged,COLLOQUIAL,27.27,3,8,11,0,0,0,0,0,,False
7325,transfer_fee_charged,COLLOQUIAL,37.5,3,5,8,0,0,0,0,0,,False
7326,transfer_fee_charged,COLLOQUIAL,18.18,2,9,11,0,0,0,0,0,,False
7327,transfer_fee_charged,COLLOQUIAL,13.51,5,32,37,0,0,0,0,0,,False
7328,transfer_fee_charged,COLLOQUIAL,30.77,4,9,13,0,0,0,0,0,,False
7329,transfer_fee_charged,COLLOQUIAL,19.05,4,17,21,0,0,0,0,0,,False
7330,transfer_fee_charged,COLLOQUIAL,21.74,5,18,23,0,0,0,0,0,,False
7331,transfer_fee_charged,COLLOQUIAL,14.71,5,29,34,0,0,0,0,0,,False
7332,transfer_fee_charged,COLLOQUIAL,42.86,3,4,7,0,0,0,0,0,,False
7333,receiving_money,MIXED,0.0,0,6,6,0,0,0,0,0,,True
7334,receiving_money,MIXED,0.0,0,8,8,0,0,0,0,0,,True
7335,receiving_money,MIXED,0.0,0,9,9,0,0,0,0,0,,True
7336,receiving_money,MIXED,0.0,0,14,14,0,0,0,0,0,,True
7337,receiving_money,COLLOQUIAL,14.29,1,6,7,0,0,0,0,0,,False
7338,receiving_money,COLLOQUIAL,12.5,1,7,8,0,0,0,0,0,,False
7339,receiving_money,MIXED,0.0,0,5,5,0,0,0,0,0,,True
7340,receiving_money,COLLOQUIAL,11.11,1,8,9,0,0,0,0,0,,False
7341,receiving_money,COLLOQUIAL,14.29,1,6,7,0,0,0,0,0,,False
7342,receiving_money,MIXED,0.0,0,9,9,0,0,0,0,0,,True
7343,receiving_money,COLLOQUIAL,11.11,1,8,9,0,0,0,0,0,,False
7344,receiving_money,COLLOQUIAL,16.67,1,5,6,0,0,0,0,0,,False
7345,receiving_money,COLLOQUIAL,11.11,1,8,9,0,0,0,0,0,,False
7346,receiving_money,MIXED,0.0,0,7,7,0,0,0,0,0,,True
7347,receiving_money,COLLOQUIAL,16.67,1,5,6,0,0,0,0,0,,False
7348,receiving_money,MIXED,0.0,0,8,8,0,0,0,0,0,,True
7349,receiving_money,MIXED,0.0,0,7,7,0,0,0,0,0,,True
7350,receiving_money,MIXED,0.0,0,7,7,0,0,0,0,0,,True
7351,receiving_money,COLLOQUIAL,9.09,1,10,11,0,0,0,0,0,,False
7352,receiving_money,COLLOQUIAL,14.29,1,6,7,0,0,0,0,0,,False
7353,receiving_money,MIXED,0.0,0,6,6,0,0,0,0,0,,True
7354,receiving_money,MIXED,0.0,0,10,10,0,0,0,0,0,,True
7355,receiving_money,MIXED,0.0,0,8,8,0,0,0,0,0,,True
7356,receiving_money,COLLOQUIAL,25.0,2,6,8,0,0,0,0,0,,False
7357,receiving_money,COLLOQUIAL,16.67,1,5,6,0,0,0,0,0,,False
7358,receiving_money,COLLOQUIAL,20.0,1,4,5,0,0,0,0,0,,False
7359,receiving_money,MIXED,0.0,0,9,9,0,0,0,0,0,,True
7360,receiving_money,MIXED,0.0,0,5,5,0,0,0,0,0,,True
7361,receiving_money,MIXED,0.0,0,8,8,0,0,0,0,0,,True
7362,receiving_money,COLLOQUIAL,10.0,1,9,10,0,0,0,0,0,,False
7363,receiving_money,COLLOQUIAL,7.14,1,13,14,0,0,0,0,0,,False
7364,receiving_money,COLLOQUIAL,20.0,1,4,5,0,0,0,0,0,,False
7365,receiving_money,MIXED,12.5,1,7,8,1,0,0,0,0,formal_verbs:thanippatta,True
7366,receiving_money,COLLOQUIAL,14.29,1,6,7,0,0,0,0,0,,False
7367,receiving_money,MIXED,0.0,0,6,6,0,0,0,0,0,,True
7368,receiving_money,MIXED,0.0,0,8,8,0,0,0,0,0,,True
7369,receiving_money,COLLOQUIAL,22.22,2,7,9,0,0,0,0,0,,False
7370,receiving_money,COLLOQUIAL,15.38,2,11,13,0,0,0,0,0,,False
7371,receiving_money,COLLOQUIAL,14.29,1,6,7,0,0,0,0,0,,False
7372,receiving_money,COLLOQUIAL,11.11,1,8,9,0,0,0,0,0,,False
7373,receiving_money,COLLOQUIAL,16.67,1,5,6,0,0,0,0,0,,False
7374,receiving_money,COLLOQUIAL,7.69,1,12,13,0,0,0,0,0,,False
7375,receiving_money,COLLOQUIAL,12.5,1,7,8,0,0,0,0,0,,False
7376,receiving_money,COLLOQUIAL,16.67,1,5,6,0,0,0,0,0,,False
7377,receiving_money,COLLOQUIAL,12.5,1,7,8,0,0,0,0,0,,False
7378,receiving_money,COLLOQUIAL,20.0,1,4,5,0,0,0,0,0,,False
7379,receiving_money,MIXED,0.0,0,6,6,0,0,0,0,0,,True
7380,receiving_money,COLLOQUIAL,12.5,1,7,8,0,0,0,0,0,,False
7381,receiving_money,COLLOQUIAL,16.67,1,5,6,0,0,0,0,0,,False
7382,receiving_money,MIXED,0.0,0,7,7,0,0,0,0,0,,True
7383,receiving_money,MIXED,0.0,0,5,5,0,0,0,0,0,,True
7384,receiving_money,COLLOQUIAL,14.29,1,6,7,0,0,0,0,0,,False
7385,receiving_money,COLLOQUIAL,14.29,1,6,7,0,0,0,0,0,,False
7386,receiving_money,MIXED,0.0,0,5,5,0,0,0,0,0,,True
7387,receiving_money,COLLOQUIAL,20.0,1,4,5,0,0,0,0,0,,False
7388,receiving_money,COLLOQUIAL,8.33,1,11,12,0,0,0,0,0,,False
7389,receiving_money,MIXED,0.0,0,6,6,0,0,0,0,0,,True
7390,receiving_money,COLLOQUIAL,8.33,1,11,12,0,0,0,0,0,,False
7391,receiving_money,MIXED,0.0,0,9,9,0,0,0,0,0,,True
7392,receiving_money,COLLOQUIAL,11.11,1,8,9,0,0,0,0,0,,False
7393,receiving_money,MIXED,0.0,0,8,8,0,0,0,0,0,,True
7394,receiving_money,COLLOQUIAL,20.0,1,4,5,0,0,0,0,0,,False
7395,receiving_money,COLLOQUIAL,11.11,1,8,9,0,0,0,0,0,,False
7396,receiving_money,MIXED,0.0,0,9,9,0,0,0,0,0,,True
7397,receiving_money,MIXED,0.0,0,6,6,0,0,0,0,0,,True
7398,receiving_money,COLLOQUIAL,20.0,1,4,5,0,0,0,0,0,,False
7399,receiving_money,COLLOQUIAL,20.0,2,8,10,0,0,0,0,0,,False
7400,receiving_money,MIXED,0.0,0,5,5,0,0,0,0,0,,True
7401,receiving_money,COLLOQUIAL,12.5,1,7,8,0,0,0,0,0,,False
7402,receiving_money,MIXED,0.0,0,7,7,0,0,0,0,0,,True
7403,receiving_money,COLLOQUIAL,11.11,1,8,9,0,0,0,0,0,,False
7404,receiving_money,COLLOQUIAL,16.67,1,5,6,0,0,0,0,0,,False
7405,receiving_money,COLLOQUIAL,11.11,1,8,9,0,0,0,0,0,,False
7406,receiving_money,COLLOQUIAL,40.0,4,6,10,0,0,0,0,0,,False
7407,receiving_money,COLLOQUIAL,10.0,1,9,10,0,0,0,0,0,,False
7408,receiving_money,COLLOQUIAL,12.5,1,7,8,0,0,0,0,0,,False
7409,receiving_money,COLLOQUIAL,18.18,2,9,11,0,0,0,0,0,,False
7410,receiving_money,COLLOQUIAL,25.0,2,6,8,0,0,0,0,0,,False
7411,receiving_money,COLLOQUIAL,25.0,2,6,8,0,0,0,0,0,,False
7412,receiving_money,MIXED,0.0,0,5,5,0,0,0,0,0,,True
7413,receiving_money,COLLOQUIAL,14.29,1,6,7,0,0,0,0,0,,False
7414,receiving_money,COLLOQUIAL,11.11,1,8,9,0,0,0,0,0,,False
7415,receiving_money,COLLOQUIAL,27.27,3,8,11,0,0,0,0,0,,False
7416,receiving_money,COLLOQUIAL,16.67,1,5,6,0,0,0,0,0,,False
7417,receiving_money,COLLOQUIAL,7.14,1,13,14,0,0,0,0,0,,False
7418,receiving_money,COLLOQUIAL,16.67,2,10,12,0,0,0,0,0,,False
7419,receiving_money,COLLOQUIAL,20.0,2,8,10,0,0,0,0,0,,False
7420,receiving_money,MIXED,0.0,0,7,7,0,0,0,0,0,,True
7421,receiving_money,COLLOQUIAL,11.11,1,8,9,0,0,0,0,0,,False
7422,receiving_money,COLLOQUIAL,12.5,1,7,8,0,0,0,0,0,,False
7423,receiving_money,COLLOQUIAL,25.0,2,6,8,0,0,0,0,0,,False
7424,receiving_money,COLLOQUIAL,9.09,1,10,11,0,0,0,0,0,,False
7425,receiving_money,COLLOQUIAL,14.29,2,12,14,0,0,0,0,0,,False
7426,receiving_money,COLLOQUIAL,11.11,1,8,9,0,0,0,0,0,,False
7427,receiving_money,COLLOQUIAL,14.29,1,6,7,0,0,0,0,0,,False
7428,failed_transfer,COLLOQUIAL,26.32,5,14,19,0,0,0,0,0,,False
7429,failed_transfer,COLLOQUIAL,14.29,1,6,7,0,0,0,0,0,,False
7430,failed_transfer,COLLOQUIAL,20.0,1,4,5,0,0,0,0,0,,False
7431,failed_transfer,COLLOQUIAL,12.5,1,7,8,0,0,0,0,0,,False
7432,failed_transfer,COLLOQUIAL,31.58,6,13,19,0,0,0,0,0,,False
7433,failed_transfer,COLLOQUIAL,15.38,2,11,13,0,0,0,0,0,,False
7434,failed_transfer,COLLOQUIAL,16.67,3,15,18,0,0,0,0,0,,False
7435,failed_transfer,COLLOQUIAL,10.0,1,9,10,0,0,0,0,0,,False
7436,failed_transfer,COLLOQUIAL,13.64,3,19,22,0,0,0,0,0,,False
7437,failed_transfer,COLLOQUIAL,25.0,5,15,20,0,0,0,0,0,,False
7438,failed_transfer,COLLOQUIAL,16.67,1,5,6,0,0,0,0,0,,False
7439,failed_transfer,COLLOQUIAL,16.67,1,5,6,0,0,0,0,0,,False
7440,failed_transfer,COLLOQUIAL,14.29,1,6,7,0,0,0,0,0,,False
7441,failed_transfer,COLLOQUIAL,33.33,2,1,3,0,0,0,0,0,,False
7442,failed_transfer,COLLOQUIAL,15.38,2,11,13,0,0,0,0,0,,False
7443,failed_transfer,COLLOQUIAL,33.33,1,2,3,0,0,0,0,0,,False
7444,failed_transfer,COLLOQUIAL,25.0,1,3,4,0,0,0,0,0,,False
7445,failed_transfer,COLLOQUIAL,16.67,2,10,12,0,0,0,0,0,,False
7446,failed_transfer,COLLOQUIAL,25.0,2,6,8,0,0,0,0,0,,False
7447,failed_transfer,COLLOQUIAL,20.0,1,4,5,0,0,0,0,0,,False
7448,failed_transfer,COLLOQUIAL,27.27,6,16,22,0,0,0,0,0,,False
7449,failed_transfer,COLLOQUIAL,23.53,4,13,17,0,0,0,0,0,,False
7450,failed_transfer,COLLOQUIAL,17.86,5,23,28,0,0,0,0,0,,False
7451,failed_transfer,COLLOQUIAL,33.33,5,10,15,0,0,0,0,0,,False
7452,failed_transfer,COLLOQUIAL,40.0,2,3,5,0,0,0,0,0,,False
7453,failed_transfer,COLLOQUIAL,9.09,2,20,22,0,0,0,0,0,,False
7454,failed_transfer,COLLOQUIAL,23.08,3,10,13,0,0,0,0,0,,False
7455,failed_transfer,COLLOQUIAL,23.08,3,10,13,0,0,0,0,0,,False
7456,failed_transfer,COLLOQUIAL,25.0,2,6,8,0,0,0,0,0,,False
7457,failed_transfer,COLLOQUIAL,11.11,1,8,9,0,0,0,0,0,,False
7458,failed_transfer,COLLOQUIAL,11.11,1,8,9,0,0,0,0,0,,False
7459,failed_transfer,COLLOQUIAL,33.33,2,4,6,0,0,0,0,0,,False
7460,failed_transfer,COLLOQUIAL,22.22,2,7,9,0,0,0,0,0,,False
7461,failed_transfer,COLLOQUIAL,24.24,8,25,33,0,0,0,0,0,,False
7462,failed_transfer,COLLOQUIAL,37.5,3,5,8,0,0,0,0,0,,False
7463,failed_transfer,COLLOQUIAL,42.86,3,4,7,0,0,0,0,0,,False
7464,failed_transfer,COLLOQUIAL,50.0,3,3,6,0,0,0,0,0,,False
7465,failed_transfer,COLLOQUIAL,12.5,1,7,8,0,0,0,0,0,,False
7466,failed_transfer,COLLOQUIAL,25.0,2,6,8,0,0,0,0,0,,False
7467,failed_transfer,COLLOQUIAL,25.0,1,3,4,0,0,0,0,0,,False
7468,failed_transfer,COLLOQUIAL,20.0,1,4,5,0,0,0,0,0,,False
7469,failed_transfer,COLLOQUIAL,8.33,1,11,12,0,0,0,0,0,,False
7470,failed_transfer,COLLOQUIAL,20.0,2,8,10,0,0,0,0,0,,False
7471,failed_transfer,COLLOQUIAL,21.21,7,26,33,0,0,0,0,0,,False
7472,failed_transfer,COLLOQUIAL,21.43,6,22,28,0,0,0,0,0,,False
7473,failed_transfer,COLLOQUIAL,20.0,2,8,10,0,0,0,0,0,,False
7474,failed_transfer,COLLOQUIAL,40.0,2,3,5,0,0,0,0,0,,False
7475,failed_transfer,COLLOQUIAL,35.71,5,9,14,0,0,0,0,0,,False
7476,failed_transfer,COLLOQUIAL,20.0,1,4,5,0,0,0,0,0,,False
7477,failed_transfer,COLLOQUIAL,14.29,1,6,7,0,0,0,0,0,,False
7478,failed_transfer,COLLOQUIAL,25.0,2,6,8,0,0,0,0,0,,False
7479,failed_transfer,COLLOQUIAL,14.29,1,6,7,0,0,0,0,0,,False
7480,failed_transfer,COLLOQUIAL,20.0,1,4,5,0,0,0,0,0,,False
7481,failed_transfer,COLLOQUIAL,22.22,2,7,9,0,0,0,0,0,,False
7482,failed_transfer,COLLOQUIAL,16.67,1,5,6,0,0,0,0,0,,False
7483,failed_transfer,COLLOQUIAL,28.57,2,5,7,0,0,0,0,0,,False
7484,failed_transfer,COLLOQUIAL,18.18,6,27,33,0,0,0,0,0,,False
7485,failed_transfer,COLLOQUIAL,13.79,4,25,29,0,0,0,0,0,,False
7486,failed_transfer,COLLOQUIAL,24.0,6,19,25,0,0,0,0,0,,False
7487,failed_transfer,MIXED,0.0,0,6,6,0,0,0,0,0,,True
7488,failed_transfer,COLLOQUIAL,28.57,2,5,7,0,0,0,0,0,,False
7489,failed_transfer,COLLOQUIAL,22.22,6,21,27,0,0,0,0,0,,False
7490,failed_transfer,COLLOQUIAL,18.75,3,13,16,0,0,0,0,0,,False
7491,failed_transfer,MIXED,0.0,0,6,6,0,0,0,0,0,,True
7492,failed_transfer,COLLOQUIAL,40.0,2,3,5,0,0,0,0,0,,False
7493,failed_transfer,COLLOQUIAL,20.0,4,16,20,0,0,0,0,0,,False
7494,failed_transfer,COLLOQUIAL,33.33,2,4,6,0,0,0,0,0,,False
7495,failed_transfer,MIXED,0.0,0,8,8,0,0,0,0,0,,True
7496,failed_transfer,COLLOQUIAL,33.33,3,6,9,0,0,0,0,0,,False
7497,failed_transfer,COLLOQUIAL,22.22,2,7,9,0,0,0,0,0,,False
7498,failed_transfer,COLLOQUIAL,16.67,1,5,6,0,0,0,0,0,,False
7499,failed_transfer,COLLOQUIAL,14.29,1,6,7,0,0,0,0,0,,False
7500,failed_transfer,COLLOQUIAL,11.11,1,8,9,0,0,0,0,0,,False
7501,failed_transfer,COLLOQUIAL,15.38,4,22,26,0,0,0,0,0,,False
7502,failed_transfer,COLLOQUIAL,25.0,2,6,8,0,0,0,0,0,,False
7503,failed_transfer,COLLOQUIAL,22.22,2,7,9,0,0,0,0,0,,False
7504,failed_transfer,COLLOQUIAL,25.0,2,6,8,0,0,0,0,0,,False
7505,failed_transfer,COLLOQUIAL,16.67,1,5,6,0,0,0,0,0,,False
7506,failed_transfer,COLLOQUIAL,18.75,3,13,16,0,0,0,0,0,,False
7507,failed_transfer,COLLOQUIAL,16.67,1,5,6,0,0,0,0,0,,False
7508,failed_transfer,COLLOQUIAL,25.0,1,3,4,0,0,0,0,0,,False
7509,failed_transfer,COLLOQUIAL,33.33,3,6,9,0,0,0,0,0,,False
7510,failed_transfer,COLLOQUIAL,33.33,3,6,9,0,0,0,0,0,,False
7511,failed_transfer,COLLOQUIAL,13.33,4,26,30,0,0,0,0,0,,False
7512,failed_transfer,COLLOQUIAL,22.22,6,21,27,0,0,0,0,0,,False
7513,failed_transfer,COLLOQUIAL,20.0,1,4,5,0,0,0,0,0,,False
7514,failed_transfer,COLLOQUIAL,25.0,2,6,8,0,0,0,0,0,,False
7515,failed_transfer,COLLOQUIAL,14.29,3,18,21,0,0,0,0,0,,False
7516,failed_transfer,COLLOQUIAL,14.29,1,6,7,0,0,0,0,0,,False
7517,failed_transfer,COLLOQUIAL,30.0,3,7,10,0,0,0,0,0,,False
7518,failed_transfer,COLLOQUIAL,10.0,1,9,10,0,0,0,0,0,,False
7519,failed_transfer,COLLOQUIAL,6.25,1,15,16,0,0,0,0,0,,False
7520,failed_transfer,COLLOQUIAL,10.34,3,26,29,0,0,0,0,0,,False
7521,failed_transfer,COLLOQUIAL,16.67,1,5,6,0,0,0,0,0,,False
7522,failed_transfer,COLLOQUIAL,8.0,2,23,25,0,0,0,0,0,,False
7523,failed_transfer,COLLOQUIAL,10.0,1,9,10,0,0,0,0,0,,False
7524,failed_transfer,COLLOQUIAL,20.0,2,8,10,0,0,0,0,0,,False
7525,failed_transfer,COLLOQUIAL,25.0,1,3,4,0,0,0,0,0,,False
7526,failed_transfer,COLLOQUIAL,17.65,3,14,17,0,0,0,0,0,,False
7527,failed_transfer,COLLOQUIAL,12.5,3,21,24,0,0,0,0,0,,False
7528,failed_transfer,COLLOQUIAL,11.76,2,15,17,0,0,0,0,0,,False
7529,failed_transfer,COLLOQUIAL,8.33,2,22,24,0,0,0,0,0,,False
7530,failed_transfer,MIXED,0.0,0,7,7,0,0,0,0,0,,True
7531,failed_transfer,COLLOQUIAL,12.0,3,22,25,0,0,0,0,0,,False
7532,failed_transfer,COLLOQUIAL,40.0,2,3,5,0,0,0,0,0,,False
7533,failed_transfer,COLLOQUIAL,20.0,1,4,5,0,0,0,0,0,,False
7534,failed_transfer,COLLOQUIAL,11.11,1,8,9,0,0,0,0,0,,False
7535,failed_transfer,COLLOQUIAL,8.33,1,11,12,0,0,0,0,0,,False
7536,failed_transfer,COLLOQUIAL,40.0,2,3,5,0,0,0,0,0,,False
7537,failed_transfer,COLLOQUIAL,22.22,2,7,9,0,0,0,0,0,,False
7538,failed_transfer,COLLOQUIAL,40.0,2,3,5,0,0,0,0,0,,False
7539,failed_transfer,COLLOQUIAL,19.23,5,21,26,0,0,0,0,0,,False
7540,failed_transfer,COLLOQUIAL,15.38,2,11,13,0,0,0,0,0,,False
7541,failed_transfer,MIXED,4.55,1,21,22,0,0,0,0,0,,True
7542,failed_transfer,COLLOQUIAL,7.41,2,25,27,0,0,0,0,0,,False
7543,failed_transfer,COLLOQUIAL,11.11,3,24,27,0,0,0,0,0,,False
7544,failed_transfer,MIXED,4.76,1,20,21,0,0,0,0,0,,True
7545,failed_transfer,MIXED,0.0,0,8,8,0,0,0,0,0,,True
7546,failed_transfer,MIXED,2.63,1,37,38,0,0,0,0,0,,True
7547,failed_transfer,COLLOQUIAL,16.67,4,20,24,0,0,0,0,0,,False
7548,failed_transfer,COLLOQUIAL,12.12,4,29,33,0,0,0,0,0,,False
7549,failed_transfer,COLLOQUIAL,11.11,1,8,9,0,0,0,0,0,,False
7550,failed_transfer,COLLOQUIAL,11.54,3,23,26,0,0,0,0,0,,False
7551,failed_transfer,COLLOQUIAL,12.5,1,7,8,0,0,0,0,0,,False
7552,failed_transfer,COLLOQUIAL,27.27,3,8,11,0,0,0,0,0,,False
7553,failed_transfer,COLLOQUIAL,8.0,2,23,25,0,0,0,0,0,,False
7554,failed_transfer,COLLOQUIAL,16.67,1,5,6,0,0,0,0,0,,False
7555,failed_transfer,COLLOQUIAL,5.88,1,16,17,0,0,0,0,0,,False
7556,failed_transfer,COLLOQUIAL,17.39,4,19,23,0,0,0,0,0,,False
7557,failed_transfer,COLLOQUIAL,28.57,2,5,7,0,0,0,0,0,,False
7558,failed_transfer,COLLOQUIAL,8.33,1,11,12,0,0,0,0,0,,False
7559,failed_transfer,COLLOQUIAL,5.0,1,19,20,0,0,0,0,0,,False
7560,failed_transfer,COLLOQUIAL,20.0,1,4,5,0,0,0,0,0,,False
7561,failed_transfer,COLLOQUIAL,19.05,4,17,21,0,0,0,0,0,,False
7562,failed_transfer,COLLOQUIAL,22.22,2,7,9,0,0,0,0,0,,False
7563,failed_transfer,COLLOQUIAL,16.67,1,5,6,0,0,0,0,0,,False
7564,failed_transfer,COLLOQUIAL,16.67,1,5,6,0,0,0,0,0,,False
7565,transfer_into_account,COLLOQUIAL,20.0,2,8,10,0,0,0,0,0,,False
7566,transfer_into_account,COLLOQUIAL,28.57,2,5,7,0,0,0,0,0,,False
7567,transfer_into_account,COLLOQUIAL,45.45,6,5,11,0,0,0,0,0,,False
7568,transfer_into_account,COLLOQUIAL,21.43,3,11,14,0,0,0,0,0,,False
7569,transfer_into_account,COLLOQUIAL,33.33,3,6,9,0,0,0,0,0,,False
7570,transfer_into_account,COLLOQUIAL,33.33,2,1,3,0,0,0,0,0,,False
7571,transfer_into_account,COLLOQUIAL,46.15,6,7,13,0,0,0,0,0,,False
7572,transfer_into_account,COLLOQUIAL,30.0,3,7,10,0,0,0,0,0,,False
7573,transfer_into_account,COLLOQUIAL,37.5,6,10,16,0,0,0,0,0,,False
7574,transfer_into_account,COLLOQUIAL,16.67,2,10,12,0,0,0,0,0,,False
7575,transfer_into_account,COLLOQUIAL,25.0,3,9,12,0,0,0,0,0,,False
7576,transfer_into_account,COLLOQUIAL,36.36,4,7,11,0,0,0,0,0,,False
7577,transfer_into_account,COLLOQUIAL,20.0,2,8,10,0,0,0,0,0,,False
7578,transfer_into_account,COLLOQUIAL,35.71,5,9,14,0,0,0,0,0,,False
7579,transfer_into_account,COLLOQUIAL,25.0,2,6,8,0,0,0,0,0,,False
7580,transfer_into_account,COLLOQUIAL,25.0,2,6,8,0,0,0,0,0,,False
7581,transfer_into_account,COLLOQUIAL,17.65,3,14,17,0,0,0,0,0,,False
7582,transfer_into_account,COLLOQUIAL,50.0,6,6,12,0,0,0,0,0,,False
7583,transfer_into_account,COLLOQUIAL,40.0,2,3,5,0,0,0,0,0,,False
7584,transfer_into_account,COLLOQUIAL,22.22,2,7,9,0,0,0,0,0,,False
7585,transfer_into_account,COLLOQUIAL,23.08,3,10,13,0,0,0,0,0,,False
7586,transfer_into_account,COLLOQUIAL,33.33,4,8,12,0,0,0,0,0,,False
7587,transfer_into_account,COLLOQUIAL,18.18,2,9,11,0,0,0,0,0,,False
7588,transfer_into_account,COLLOQUIAL,16.67,1,5,6,0,0,0,0,0,,False
7589,transfer_into_account,COLLOQUIAL,40.0,4,6,10,0,0,0,0,0,,False
7590,transfer_into_account,COLLOQUIAL,22.22,2,7,9,0,0,0,0,0,,False
7591,transfer_into_account,COLLOQUIAL,22.22,4,14,18,0,0,0,0,0,,False
7592,transfer_into_account,COLLOQUIAL,46.67,7,8,15,0,0,0,0,0,,False
7593,transfer_into_account,COLLOQUIAL,18.18,2,9,11,0,0,0,0,0,,False
7594,transfer_into_account,COLLOQUIAL,25.0,3,9,12,0,0,0,0,0,,False
7595,transfer_into_account,COLLOQUIAL,33.33,3,6,9,0,0,0,0,0,,False
7596,transfer_into_account,COLLOQUIAL,15.38,2,11,13,0,0,0,0,0,,False
7597,transfer_into_account,COLLOQUIAL,25.0,3,9,12,0,0,0,0,0,,False
7598,transfer_into_account,COLLOQUIAL,20.0,1,4,5,0,0,0,0,0,,False
7599,transfer_into_account,COLLOQUIAL,11.11,1,8,9,0,0,0,0,0,,False
7600,transfer_into_account,COLLOQUIAL,30.0,3,7,10,0,0,0,0,0,,False
7601,transfer_into_account,COLLOQUIAL,25.0,2,6,8,0,0,0,0,0,,False
7602,transfer_into_account,COLLOQUIAL,11.76,2,15,17,0,0,0,0,0,,False
7603,transfer_into_account,COLLOQUIAL,18.18,2,9,11,0,0,0,0,0,,False
7604,transfer_into_account,COLLOQUIAL,42.86,3,4,7,0,0,0,0,0,,False
7605,transfer_into_account,COLLOQUIAL,11.11,1,8,9,0,0,0,0,0,,False
7606,transfer_into_account,COLLOQUIAL,20.0,2,8,10,0,0,0,0,0,,False
7607,transfer_into_account,COLLOQUIAL,38.46,5,8,13,0,0,0,0,0,,False
7608,transfer_into_account,COLLOQUIAL,22.22,2,7,9,0,0,0,0,0,,False
7609,transfer_into_account,COLLOQUIAL,7.69,1,12,13,0,0,0,0,0,,False
7610,transfer_into_account,COLLOQUIAL,33.33,2,4,6,0,0,0,0,0,,False
7611,transfer_into_account,COLLOQUIAL,22.22,2,7,9,0,0,0,0,0,,False
7612,transfer_into_account,COLLOQUIAL,18.18,2,9,11,0,0,0,0,0,,False
7613,transfer_into_account,COLLOQUIAL,16.67,1,5,6,0,0,0,0,0,,False
7614,transfer_into_account,COLLOQUIAL,10.0,1,9,10,0,0,0,0,0,,False
7615,transfer_into_account,COLLOQUIAL,16.67,1,5,6,0,0,0,0,0,,False
7616,transfer_into_account,COLLOQUIAL,16.67,1,5,6,0,0,0,0,0,,False
7617,transfer_into_account,COLLOQUIAL,8.33,1,11,12,0,0,0,0,0,,False
7618,transfer_into_account,COLLOQUIAL,14.29,1,6,7,0,0,0,0,0,,False
7619,transfer_into_account,COLLOQUIAL,33.33,3,6,9,0,0,0,0,0,,False
7620,transfer_into_account,COLLOQUIAL,28.57,2,5,7,0,0,0,0,0,,False
7621,transfer_into_account,COLLOQUIAL,25.0,2,6,8,0,0,0,0,0,,False
7622,transfer_into_account,COLLOQUIAL,33.33,4,8,12,0,0,0,0,0,,False
7623,transfer_into_account,COLLOQUIAL,36.36,4,7,11,0,0,0,0,0,,False
7624,transfer_into_account,COLLOQUIAL,37.5,3,5,8,0,0,0,0,0,,False
7625,transfer_into_account,COLLOQUIAL,50.0,6,6,12,0,0,0,0,0,,False
7626,transfer_into_account,COLLOQUIAL,9.09,1,10,11,0,0,0,0,0,,False
7627,transfer_into_account,COLLOQUIAL,8.33,1,11,12,0,0,0,0,0,,False
7628,transfer_into_account,COLLOQUIAL,28.57,2,5,7,0,0,0,0,0,,False
7629,transfer_into_account,COLLOQUIAL,11.11,1,8,9,0,0,0,0,0,,False
7630,transfer_into_account,COLLOQUIAL,37.5,3,5,8,0,0,0,0,0,,False
7631,transfer_into_account,COLLOQUIAL,16.67,1,5,6,0,0,0,0,0,,False
7632,transfer_into_account,COLLOQUIAL,28.57,2,5,7,0,0,0,0,0,,False
7633,transfer_into_account,COLLOQUIAL,33.33,4,8,12,0,0,0,0,0,,False
7634,transfer_into_account,MIXED,0.0,0,6,6,0,0,0,0,0,,True
7635,transfer_into_account,COLLOQUIAL,30.77,4,9,13,0,0,0,0,0,,False
7636,transfer_into_account,COLLOQUIAL,42.86,3,4,7,0,0,0,0,0,,False
7637,transfer_into_account,COLLOQUIAL,16.67,1,5,6,0,0,0,0,0,,False
7638,transfer_into_account,COLLOQUIAL,12.5,1,7,8,0,0,0,0,0,,False
7639,transfer_into_account,COLLOQUIAL,14.29,1,6,7,0,0,0,0,0,,False
7640,transfer_into_account,COLLOQUIAL,44.44,4,5,9,0,0,0,0,0,,False
7641,transfer_into_account,COLLOQUIAL,14.29,2,12,14,0,0,0,0,0,,False
7642,transfer_into_account,COLLOQUIAL,25.0,3,9,12,0,0,0,0,0,,False
7643,transfer_into_account,COLLOQUIAL,16.67,2,10,12,0,0,0,0,0,,False
7644,transfer_into_account,COLLOQUIAL,25.0,2,6,8,0,0,0,0,0,,False
7645,transfer_into_account,COLLOQUIAL,20.0,2,8,10,0,0,0,0,0,,False
7646,transfer_into_account,COLLOQUIAL,18.75,3,13,16,0,0,0,0,0,,False
7647,transfer_into_account,COLLOQUIAL,20.0,1,4,5,0,0,0,0,0,,False
7648,transfer_into_account,COLLOQUIAL,44.44,4,5,9,0,0,0,0,0,,False
7649,transfer_into_account,COLLOQUIAL,13.33,2,13,15,0,0,0,0,0,,False
7650,transfer_into_account,MIXED,0.0,0,11,11,0,0,0,0,0,,True
7651,transfer_into_account,COLLOQUIAL,10.0,1,9,10,0,0,0,0,0,,False
7652,transfer_into_account,COLLOQUIAL,28.57,2,5,7,0,0,0,0,0,,False
7653,transfer_into_account,COLLOQUIAL,20.0,2,8,10,0,0,0,0,0,,False
7654,transfer_into_account,COLLOQUIAL,25.0,2,6,8,0,0,0,0,0,,False
7655,transfer_into_account,COLLOQUIAL,12.5,1,7,8,0,0,0,0,0,,False
7656,transfer_into_account,MIXED,0.0,0,8,8,0,0,0,0,0,,True
7657,transfer_into_account,MIXED,0.0,0,7,7,0,0,0,0,0,,True
7658,transfer_into_account,COLLOQUIAL,20.0,1,4,5,0,0,0,0,0,,False
7659,transfer_into_account,COLLOQUIAL,28.57,2,5,7,0,0,0,0,0,,False
7660,transfer_into_account,MIXED,0.0,0,10,10,0,0,0,0,0,,True
7661,transfer_into_account,MIXED,0.0,0,6,6,0,0,0,0,0,,True
7662,transfer_into_account,COLLOQUIAL,11.11,1,8,9,0,0,0,0,0,,False
7663,transfer_into_account,COLLOQUIAL,11.11,1,8,9,0,0,0,0,0,,False
7664,transfer_into_account,MIXED,0.0,0,6,6,0,0,0,0,0,,True
7665,transfer_into_account,MIXED,0.0,0,15,15,0,0,0,0,0,,True
7666,transfer_into_account,MIXED,0.0,0,10,10,0,0,0,0,0,,True
7667,transfer_into_account,MIXED,0.0,0,7,7,0,0,0,0,0,,True
7668,transfer_into_account,MIXED,0.0,0,8,8,0,0,0,0,0,,True
7669,transfer_into_account,COLLOQUIAL,16.67,1,5,6,0,0,0,0,0,,False
7670,transfer_into_account,COLLOQUIAL,12.5,1,7,8,0,0,0,0,0,,False
7671,transfer_into_account,MIXED,0.0,0,6,6,0,0,0,0,0,,True
7672,transfer_into_account,COLLOQUIAL,16.67,2,10,12,0,0,0,0,0,,False
7673,transfer_into_account,COLLOQUIAL,25.0,2,6,8,0,0,0,0,0,,False
7674,transfer_into_account,COLLOQUIAL,8.33,1,11,12,0,0,0,0,0,,False
7675,transfer_into_account,COLLOQUIAL,10.0,1,9,10,0,0,0,0,0,,False
7676,transfer_into_account,MIXED,0.0,0,10,10,0,0,0,0,0,,True
7677,transfer_into_account,MIXED,0.0,0,8,8,0,0,0,0,0,,True
7678,verify_top_up,MIXED,0.0,0,9,9,0,0,0,0,0,,True
7679,verify_top_up,MIXED,0.0,0,6,6,0,0,0,0,0,,True
7680,verify_top_up,COLLOQUIAL,25.0,1,3,4,0,0,0,0,0,,False
7681,verify_top_up,MIXED,0.0,0,5,5,0,0,0,0,0,,True
7682,verify_top_up,MIXED,0.0,0,6,6,0,0,0,0,0,,True
7683,verify_top_up,MIXED,0.0,0,7,7,0,0,0,0,0,,True
7684,verify_top_up,MIXED,0.0,0,6,6,0,0,0,0,0,,True
7685,verify_top_up,MIXED,0.0,0,8,8,0,0,0,0,0,,True
7686,verify_top_up,MIXED,0.0,0,8,8,0,0,0,0,0,,True
7687,verify_top_up,COLLOQUIAL,14.29,1,6,7,0,0,0,0,0,,False
7688,verify_top_up,MIXED,0.0,0,8,8,0,0,0,0,0,,True
7689,verify_top_up,MIXED,0.0,0,5,5,0,0,0,0,0,,True
7690,verify_top_up,MIXED,0.0,0,4,4,0,0,0,0,0,,True
7691,verify_top_up,MIXED,0.0,0,5,5,0,0,0,0,0,,True
7692,verify_top_up,MIXED,0.0,0,3,3,0,0,0,0,0,,True
7693,verify_top_up,COLLOQUIAL,25.0,1,3,4,0,0,0,0,0,,False
7694,verify_top_up,MIXED,12.5,1,7,8,0,0,0,0,1,formal_compound:kandupidikkirathu,True
7695,verify_top_up,MIXED,0.0,0,4,4,0,0,0,0,0,,True
7696,verify_top_up,COLLOQUIAL,28.57,2,5,7,0,0,0,0,0,,False
7697,verify_top_up,COLLOQUIAL,25.0,1,3,4,0,0,0,0,0,,False
7698,verify_top_up,COLLOQUIAL,14.29,1,6,7,0,0,0,0,0,,False
7699,verify_top_up,COLLOQUIAL,16.67,1,5,6,0,0,0,0,0,,False
7700,verify_top_up,COLLOQUIAL,33.33,2,4,6,0,0,0,0,0,,False
7701,verify_top_up,COLLOQUIAL,28.57,2,5,7,0,0,0,0,0,,False
7702,verify_top_up,MIXED,0.0,0,6,6,0,0,0,0,0,,True
7703,verify_top_up,COLLOQUIAL,20.0,1,4,5,0,0,0,0,0,,False
7704,verify_top_up,COLLOQUIAL,28.57,2,5,7,0,0,0,0,0,,False
7705,verify_top_up,COLLOQUIAL,18.18,2,9,11,0,0,0,0,0,,False
7706,verify_top_up,COLLOQUIAL,16.67,1,5,6,0,0,0,0,0,,False
7707,verify_top_up,COLLOQUIAL,33.33,3,6,9,0,0,0,0,0,,False
7708,verify_top_up,COLLOQUIAL,28.57,2,5,7,0,0,0,0,0,,False
7709,verify_top_up,COLLOQUIAL,12.5,1,7,8,0,0,0,0,0,,False
7710,verify_top_up,COLLOQUIAL,14.29,1,6,7,0,0,0,0,0,,False
7711,verify_top_up,COLLOQUIAL,16.67,1,5,6,0,0,0,0,0,,False
7712,verify_top_up,COLLOQUIAL,14.29,1,6,7,0,0,0,0,0,,False
7713,verify_top_up,COLLOQUIAL,30.0,3,7,10,0,0,0,0,0,,False
7714,verify_top_up,COLLOQUIAL,10.0,1,9,10,0,0,0,0,0,,False
7715,verify_top_up,MIXED,0.0,0,8,8,0,0,0,0,0,,True
7716,verify_top_up,COLLOQUIAL,20.0,1,4,5,0,0,0,0,0,,False
7717,verify_top_up,MIXED,0.0,0,6,6,0,0,0,0,0,,True
7718,verify_top_up,COLLOQUIAL,20.0,1,4,5,0,0,0,0,0,,False
7719,verify_top_up,COLLOQUIAL,16.67,1,5,6,0,0,0,0,0,,False
7720,verify_top_up,COLLOQUIAL,33.33,2,4,6,0,0,0,0,0,,False
7721,verify_top_up,COLLOQUIAL,14.29,1,6,7,0,0,0,0,0,,False
7722,verify_top_up,MIXED,0.0,0,8,8,0,0,0,0,0,,True
7723,verify_top_up,COLLOQUIAL,16.67,1,5,6,0,0,0,0,0,,False
7724,verify_top_up,MIXED,0.0,0,5,5,0,0,0,0,0,,True
7725,verify_top_up,COLLOQUIAL,16.67,1,5,6,0,0,0,0,0,,False
7726,verify_top_up,COLLOQUIAL,14.29,1,6,7,0,0,0,0,0,,False
7727,verify_top_up,COLLOQUIAL,28.57,2,5,7,0,0,0,0,0,,False
7728,verify_top_up,COLLOQUIAL,50.0,3,3,6,0,0,0,0,0,,False
7729,verify_top_up,COLLOQUIAL,25.0,1,3,4,0,0,0,0,0,,False
7730,verify_top_up,COLLOQUIAL,20.0,2,8,10,0,0,0,0,0,,False
7731,verify_top_up,MIXED,0.0,0,4,4,0,0,0,0,0,,True
7732,verify_top_up,MIXED,0.0,0,13,13,0,0,0,0,0,,True
7733,verify_top_up,COLLOQUIAL,11.11,1,8,9,0,0,0,0,0,,False
7734,verify_top_up,COLLOQUIAL,25.0,1,3,4,0,0,0,0,0,,False
7735,verify_top_up,MIXED,0.0,0,9,9,0,0,0,0,0,,True
7736,verify_top_up,COLLOQUIAL,16.67,1,5,6,0,0,0,0,0,,False
7737,verify_top_up,COLLOQUIAL,33.33,3,6,9,0,0,0,0,0,,False
7738,verify_top_up,COLLOQUIAL,33.33,2,4,6,0,0,0,0,0,,False
7739,verify_top_up,COLLOQUIAL,36.36,4,7,11,0,0,0,0,0,,False
7740,verify_top_up,COLLOQUIAL,40.0,2,3,5,0,0,0,0,0,,False
7741,verify_top_up,MIXED,0.0,0,5,5,0,0,0,0,0,,True
7742,verify_top_up,MIXED,0.0,0,7,7,0,0,0,0,0,,True
7743,verify_top_up,MIXED,0.0,0,5,5,0,0,0,0,0,,True
7744,verify_top_up,COLLOQUIAL,7.69,1,12,13,0,0,0,0,0,,False
7745,verify_top_up,COLLOQUIAL,14.29,1,6,7,0,0,0,0,0,,False
7746,verify_top_up,COLLOQUIAL,25.0,1,3,4,0,0,0,0,0,,False
7747,verify_top_up,COLLOQUIAL,20.0,1,4,5,0,0,0,0,0,,False
7748,verify_top_up,COLLOQUIAL,25.0,2,6,8,0,0,0,0,0,,False
7749,verify_top_up,MIXED,0.0,0,6,6,0,0,0,0,0,,True
7750,verify_top_up,COLLOQUIAL,14.29,1,6,7,0,0,0,0,0,,False
7751,verify_top_up,MIXED,0.0,0,5,5,0,0,0,0,0,,True
7752,verify_top_up,COLLOQUIAL,25.0,2,6,8,0,0,0,0,0,,False
7753,verify_top_up,COLLOQUIAL,50.0,3,3,6,0,0,0,0,0,,False
7754,verify_top_up,COLLOQUIAL,50.0,3,3,6,0,0,0,0,0,,False
7755,verify_top_up,COLLOQUIAL,20.0,1,4,5,0,0,0,0,0,,False
7756,verify_top_up,COLLOQUIAL,33.33,2,4,6,0,0,0,0,0,,False
7757,verify_top_up,MIXED,0.0,0,9,9,0,0,0,0,0,,True
7758,verify_top_up,MIXED,0.0,0,6,6,0,0,0,0,0,,True
7759,verify_top_up,COLLOQUIAL,33.33,1,2,3,0,0,0,0,0,,False
7760,verify_top_up,COLLOQUIAL,20.0,1,4,5,0,0,0,0,0,,False
7761,verify_top_up,MIXED,0.0,0,10,10,0,0,0,0,0,,True
7762,verify_top_up,COLLOQUIAL,33.33,2,4,6,0,0,0,0,0,,False
7763,verify_top_up,COLLOQUIAL,27.27,3,8,11,0,0,0,0,0,,False
7764,verify_top_up,MIXED,0.0,0,6,6,0,0,0,0,0,,True
7765,verify_top_up,COLLOQUIAL,20.0,1,4,5,0,0,0,0,0,,False
7766,verify_top_up,COLLOQUIAL,16.67,1,5,6,0,0,0,0,0,,False
7767,verify_top_up,COLLOQUIAL,16.67,1,5,6,0,0,0,0,0,,False
7768,verify_top_up,COLLOQUIAL,33.33,2,4,6,0,0,0,0,0,,False
7769,verify_top_up,COLLOQUIAL,25.0,1,3,4,0,0,0,0,0,,False
7770,verify_top_up,COLLOQUIAL,25.0,2,6,8,0,0,0,0,0,,False
7771,verify_top_up,COLLOQUIAL,20.0,1,4,5,0,0,0,0,0,,False
7772,verify_top_up,COLLOQUIAL,25.0,1,3,4,0,0,0,0,0,,False
7773,verify_top_up,COLLOQUIAL,25.0,2,6,8,0,0,0,0,0,,False
7774,verify_top_up,COLLOQUIAL,28.57,2,5,7,0,0,0,0,0,,False
7775,verify_top_up,COLLOQUIAL,23.08,3,10,13,0,0,0,0,0,,False
7776,verify_top_up,COLLOQUIAL,33.33,2,4,6,0,0,0,0,0,,False
7777,verify_top_up,COLLOQUIAL,22.22,2,7,9,0,0,0,0,0,,False
7778,verify_top_up,MIXED,0.0,0,7,7,0,0,0,0,0,,True
7779,verify_top_up,COLLOQUIAL,16.67,1,5,6,0,0,0,0,0,,False
7780,verify_top_up,COLLOQUIAL,50.0,2,2,4,0,0,0,0,0,,False
7781,verify_top_up,COLLOQUIAL,33.33,2,4,6,0,0,0,0,0,,False
7782,verify_top_up,COLLOQUIAL,12.5,1,7,8,0,0,0,0,0,,False
7783,verify_top_up,COLLOQUIAL,10.0,1,9,10,0,0,0,0,0,,False
7784,verify_top_up,COLLOQUIAL,20.0,1,4,5,0,0,0,0,0,,False
7785,verify_top_up,MIXED,0.0,0,5,5,0,0,0,0,0,,True
7786,verify_top_up,MIXED,0.0,0,3,3,0,0,0,0,0,,True
7787,verify_top_up,COLLOQUIAL,25.0,2,6,8,0,0,0,0,0,,False
7788,verify_top_up,MIXED,0.0,0,5,5,0,0,0,0,0,,True
7789,verify_top_up,COLLOQUIAL,14.29,1,6,7,0,0,0,0,0,,False
7790,verify_top_up,COLLOQUIAL,25.0,1,3,4,0,0,0,0,0,,False
7791,verify_top_up,COLLOQUIAL,20.0,1,4,5,0,0,0,0,0,,False
7792,verify_top_up,MIXED,0.0,0,6,6,0,0,0,0,0,,True
7793,verify_top_up,COLLOQUIAL,20.0,1,4,5,0,0,0,0,0,,False
7794,verify_top_up,MIXED,0.0,0,6,6,0,0,0,0,0,,True
7795,verify_top_up,MIXED,0.0,0,8,8,0,0,0,0,0,,True
7796,verify_top_up,COLLOQUIAL,25.0,1,3,4,0,0,0,0,0,,False
7797,verify_top_up,COLLOQUIAL,12.5,1,7,8,0,0,0,0,0,,False
7798,verify_top_up,COLLOQUIAL,28.57,2,5,7,0,0,0,0,0,,False
7799,verify_top_up,COLLOQUIAL,30.0,3,7,10,0,0,0,0,0,,False
7800,verify_top_up,MIXED,0.0,0,4,4,0,0,0,0,0,,True
7801,verify_top_up,MIXED,0.0,0,6,6,0,0,0,0,0,,True
7802,verify_top_up,COLLOQUIAL,12.5,1,7,8,0,0,0,0,0,,False
7803,verify_top_up,COLLOQUIAL,33.33,2,4,6,0,0,0,0,0,,False
7804,getting_spare_card,COLLOQUIAL,28.57,2,5,7,0,0,0,0,0,,False
7805,getting_spare_card,COLLOQUIAL,28.57,2,5,7,0,0,0,0,0,,False
7806,getting_spare_card,COLLOQUIAL,33.33,2,4,6,0,0,0,0,0,,False
7807,getting_spare_card,COLLOQUIAL,15.38,2,11,13,0,0,0,0,0,,False
7808,getting_spare_card,COLLOQUIAL,33.33,2,4,6,0,0,0,0,0,,False
7809,getting_spare_card,COLLOQUIAL,11.11,1,8,9,0,0,0,0,0,,False
7810,getting_spare_card,COLLOQUIAL,16.67,1,5,6,0,0,0,0,0,,False
7811,getting_spare_card,COLLOQUIAL,16.67,1,5,6,0,0,0,0,0,,False
7812,getting_spare_card,COLLOQUIAL,28.57,2,5,7,0,0,0,0,0,,False
7813,getting_spare_card,COLLOQUIAL,50.0,3,3,6,0,0,0,0,0,,False
7814,getting_spare_card,COLLOQUIAL,40.0,2,3,5,0,0,0,0,0,,False
7815,getting_spare_card,COLLOQUIAL,10.0,1,9,10,0,0,0,0,0,,False
7816,getting_spare_card,COLLOQUIAL,40.0,2,3,5,0,0,0,0,0,,False
7817,getting_spare_card,COLLOQUIAL,33.33,2,4,6,0,0,0,0,0,,False
7818,getting_spare_card,COLLOQUIAL,40.0,2,3,5,0,0,0,0,0,,False
7819,getting_spare_card,COLLOQUIAL,20.0,1,4,5,0,0,0,0,0,,False
7820,getting_spare_card,COLLOQUIAL,14.29,1,6,7,0,0,0,0,0,,False
7821,getting_spare_card,COLLOQUIAL,16.67,1,5,6,0,0,0,0,0,,False
7822,getting_spare_card,COLLOQUIAL,30.0,3,7,10,0,0,0,0,0,,False
7823,getting_spare_card,COLLOQUIAL,33.33,2,4,6,0,0,0,0,0,,False
7824,getting_spare_card,COLLOQUIAL,20.0,1,4,5,0,0,0,0,0,,False
7825,getting_spare_card,COLLOQUIAL,50.0,3,3,6,0,0,0,0,0,,False
7826,getting_spare_card,COLLOQUIAL,12.5,1,7,8,0,0,0,0,0,,False
7827,getting_spare_card,COLLOQUIAL,20.0,1,4,5,0,0,0,0,0,,False
7828,getting_spare_card,COLLOQUIAL,20.0,1,4,5,0,0,0,0,0,,False
7829,getting_spare_card,COLLOQUIAL,11.11,2,16,18,0,0,0,0,0,,False
7830,getting_spare_card,COLLOQUIAL,12.5,2,14,16,0,0,0,0,0,,False
7831,getting_spare_card,COLLOQUIAL,25.0,1,3,4,0,0,0,0,0,,False
7832,getting_spare_card,MIXED,0.0,0,5,5,0,0,0,0,0,,True
7833,getting_spare_card,COLLOQUIAL,28.57,2,5,7,0,0,0,0,0,,False
7834,getting_spare_card,COLLOQUIAL,25.0,1,3,4,0,0,0,0,0,,False
7835,getting_spare_card,COLLOQUIAL,9.09,1,10,11,0,0,0,0,0,,False
7836,getting_spare_card,MIXED,0.0,0,5,5,0,0,0,0,0,,True
7837,getting_spare_card,COLLOQUIAL,20.0,1,4,5,0,0,0,0,0,,False
7838,getting_spare_card,COLLOQUIAL,9.09,1,10,11,0,0,0,0,0,,False
7839,getting_spare_card,COLLOQUIAL,10.0,1,9,10,0,0,0,0,0,,False
7840,getting_spare_card,MIXED,0.0,0,12,12,0,0,0,0,0,,True
7841,getting_spare_card,MIXED,0.0,0,6,6,0,0,0,0,0,,True
7842,getting_spare_card,MIXED,0.0,0,7,7,0,0,0,0,0,,True
7843,getting_spare_card,COLLOQUIAL,22.22,2,7,9,0,0,0,0,0,,False
7844,getting_spare_card,COLLOQUIAL,16.67,1,5,6,0,0,0,0,0,,False
7845,getting_spare_card,MIXED,0.0,0,10,10,0,0,0,0,0,,True
7846,getting_spare_card,COLLOQUIAL,14.29,1,6,7,0,0,0,0,0,,False
7847,getting_spare_card,COLLOQUIAL,14.29,1,6,7,0,0,0,0,0,,False
7848,getting_spare_card,COLLOQUIAL,7.14,1,13,14,0,0,0,0,0,,False
7849,getting_spare_card,COLLOQUIAL,16.67,1,5,6,0,0,0,0,0,,False
7850,getting_spare_card,MIXED,0.0,0,5,5,0,0,0,0,0,,True
7851,getting_spare_card,COLLOQUIAL,20.0,1,4,5,0,0,0,0,0,,False
7852,getting_spare_card,COLLOQUIAL,30.0,3,7,10,0,0,0,0,0,,False
7853,getting_spare_card,MIXED,0.0,0,6,6,0,0,0,0,0,,True
7854,getting_spare_card,MIXED,0.0,0,8,8,0,0,0,0,0,,True
7855,getting_spare_card,MIXED,0.0,0,8,8,0,0,0,0,0,,True
7856,getting_spare_card,COLLOQUIAL,16.67,1,5,6,0,0,0,0,0,,False
7857,getting_spare_card,COLLOQUIAL,16.67,1,5,6,0,0,0,0,0,,False
7858,getting_spare_card,COLLOQUIAL,25.0,2,6,8,0,0,0,0,0,,False
7859,getting_spare_card,MIXED,0.0,0,5,5,0,0,0,0,0,,True
7860,getting_spare_card,COLLOQUIAL,11.11,1,8,9,0,0,0,0,0,,False
7861,getting_spare_card,COLLOQUIAL,16.67,1,5,6,0,0,0,0,0,,False
7862,getting_spare_card,COLLOQUIAL,20.0,1,4,5,0,0,0,0,0,,False
7863,getting_spare_card,COLLOQUIAL,40.0,2,3,5,0,0,0,0,0,,False
7864,getting_spare_card,MIXED,0.0,0,4,4,0,0,0,0,0,,True
7865,getting_spare_card,MIXED,0.0,0,11,11,0,0,0,0,0,,True
7866,getting_spare_card,MIXED,0.0,0,11,11,0,0,0,0,0,,True
7867,getting_spare_card,COLLOQUIAL,25.0,1,3,4,0,0,0,0,0,,False
7868,getting_spare_card,COLLOQUIAL,37.5,3,5,8,0,0,0,0,0,,False
7869,getting_spare_card,COLLOQUIAL,20.0,1,4,5,0,0,0,0,0,,False
7870,getting_spare_card,COLLOQUIAL,40.0,3,2,5,0,0,0,0,0,,False
7871,getting_spare_card,COLLOQUIAL,25.0,2,6,8,0,0,0,0,0,,False
7872,getting_spare_card,COLLOQUIAL,20.0,1,4,5,0,0,0,0,0,,False
7873,getting_spare_card,COLLOQUIAL,33.33,2,4,6,0,0,0,0,0,,False
7874,getting_spare_card,COLLOQUIAL,37.5,3,5,8,0,0,0,0,0,,False
7875,getting_spare_card,COLLOQUIAL,40.0,2,3,5,0,0,0,0,0,,False
7876,getting_spare_card,COLLOQUIAL,20.0,1,4,5,0,0,0,0,0,,False
7877,getting_spare_card,COLLOQUIAL,25.0,1,3,4,0,0,0,0,0,,False
7878,getting_spare_card,COLLOQUIAL,10.0,1,9,10,0,0,0,0,0,,False
7879,getting_spare_card,COLLOQUIAL,40.0,2,3,5,0,0,0,0,0,,False
7880,getting_spare_card,COLLOQUIAL,16.67,1,5,6,0,0,0,0,0,,False
7881,getting_spare_card,COLLOQUIAL,44.44,4,5,9,0,0,0,0,0,,False
7882,getting_spare_card,COLLOQUIAL,50.0,3,3,6,0,0,0,0,0,,False
7883,getting_spare_card,COLLOQUIAL,33.33,2,4,6,0,0,0,0,0,,False
7884,getting_spare_card,COLLOQUIAL,20.0,1,4,5,0,0,0,0,0,,False
7885,getting_spare_card,COLLOQUIAL,13.33,2,13,15,0,0,0,0,0,,False
7886,getting_spare_card,COLLOQUIAL,16.67,1,5,6,0,0,0,0,0,,False
7887,getting_spare_card,COLLOQUIAL,9.09,1,10,11,0,0,0,0,0,,False
7888,getting_spare_card,COLLOQUIAL,20.0,2,8,10,0,0,0,0,0,,False
7889,getting_spare_card,COLLOQUIAL,14.29,1,6,7,0,0,0,0,0,,False
7890,getting_spare_card,COLLOQUIAL,22.22,2,7,9,0,0,0,0,0,,False
7891,getting_spare_card,COLLOQUIAL,33.33,3,6,9,0,0,0,0,0,,False
7892,getting_spare_card,COLLOQUIAL,20.0,1,4,5,0,0,0,0,0,,False
7893,getting_spare_card,COLLOQUIAL,16.67,1,5,6,0,0,0,0,0,,False
7894,getting_spare_card,COLLOQUIAL,25.0,2,6,8,0,0,0,0,0,,False
7895,getting_spare_card,COLLOQUIAL,40.0,3,2,5,0,0,0,0,0,,False
7896,getting_spare_card,COLLOQUIAL,12.5,1,7,8,0,0,0,0,0,,False
7897,getting_spare_card,COLLOQUIAL,14.29,1,6,7,0,0,0,0,0,,False
7898,getting_spare_card,COLLOQUIAL,33.33,2,4,6,0,0,0,0,0,,False
7899,getting_spare_card,COLLOQUIAL,10.0,1,9,10,0,0,0,0,0,,False
7900,getting_spare_card,COLLOQUIAL,33.33,2,4,6,0,0,0,0,0,,False
7901,getting_spare_card,COLLOQUIAL,33.33,2,4,6,0,0,0,0,0,,False
7902,getting_spare_card,COLLOQUIAL,20.0,1,4,5,0,0,0,0,0,,False
7903,getting_spare_card,COLLOQUIAL,28.57,2,5,7,0,0,0,0,0,,False
7904,getting_spare_card,COLLOQUIAL,40.0,2,3,5,0,0,0,0,0,,False
7905,getting_spare_card,COLLOQUIAL,37.5,3,5,8,0,0,0,0,0,,False
7906,getting_spare_card,COLLOQUIAL,40.0,3,2,5,0,0,0,0,0,,False
7907,getting_spare_card,COLLOQUIAL,33.33,2,4,6,0,0,0,0,0,,False
7908,getting_spare_card,COLLOQUIAL,16.67,1,5,6,0,0,0,0,0,,False
7909,getting_spare_card,COLLOQUIAL,25.0,1,3,4,0,0,0,0,0,,False
7910,getting_spare_card,COLLOQUIAL,50.0,3,3,6,0,0,0,0,0,,False
7911,getting_spare_card,COLLOQUIAL,20.0,1,4,5,0,0,0,0,0,,False
7912,getting_spare_card,COLLOQUIAL,20.0,1,4,5,0,0,0,0,0,,False
7913,getting_spare_card,COLLOQUIAL,40.0,3,2,5,0,0,0,0,0,,False
7914,getting_spare_card,COLLOQUIAL,10.0,1,9,10,0,0,0,0,0,,False
7915,getting_spare_card,COLLOQUIAL,40.0,2,3,5,0,0,0,0,0,,False
7916,getting_spare_card,COLLOQUIAL,28.57,2,5,7,0,0,0,0,0,,False
7917,getting_spare_card,COLLOQUIAL,40.0,2,3,5,0,0,0,0,0,,False
7918,getting_spare_card,COLLOQUIAL,40.0,2,3,5,0,0,0,0,0,,False
7919,getting_spare_card,COLLOQUIAL,16.67,1,5,6,0,0,0,0,0,,False
7920,getting_spare_card,COLLOQUIAL,50.0,2,2,4,0,0,0,0,0,,False
7921,getting_spare_card,COLLOQUIAL,40.0,3,2,5,0,0,0,0,0,,False
7922,getting_spare_card,COLLOQUIAL,33.33,3,6,9,0,0,0,0,0,,False
7923,getting_spare_card,COLLOQUIAL,22.22,2,7,9,0,0,0,0,0,,False
7924,getting_spare_card,COLLOQUIAL,12.5,1,7,8,0,0,0,0,0,,False
7925,getting_spare_card,COLLOQUIAL,14.29,1,6,7,0,0,0,0,0,,False
7926,getting_spare_card,COLLOQUIAL,33.33,3,6,9,0,0,0,0,0,,False
7927,getting_spare_card,COLLOQUIAL,16.67,1,5,6,0,0,0,0,0,,False
7928,getting_spare_card,COLLOQUIAL,14.29,1,6,7,0,0,0,0,0,,False
7929,getting_spare_card,COLLOQUIAL,7.69,1,12,13,0,0,0,0,0,,False
7930,getting_spare_card,COLLOQUIAL,25.0,3,9,12,0,0,0,0,0,,False
7931,getting_spare_card,COLLOQUIAL,20.0,2,8,10,0,0,0,0,0,,False
7932,getting_spare_card,COLLOQUIAL,18.18,2,9,11,0,0,0,0,0,,False
7933,top_up_by_cash_or_cheque,COLLOQUIAL,44.44,5,4,9,0,0,0,0,0,,False
7934,top_up_by_cash_or_cheque,COLLOQUIAL,36.36,4,7,11,0,0,0,0,0,,False
7935,top_up_by_cash_or_cheque,COLLOQUIAL,10.0,1,9,10,0,0,0,0,0,,False
7936,top_up_by_cash_or_cheque,MIXED,0.0,0,3,3,0,0,0,0,0,,True
7937,top_up_by_cash_or_cheque,COLLOQUIAL,33.33,3,6,9,0,0,0,0,0,,False
7938,top_up_by_cash_or_cheque,COLLOQUIAL,33.33,2,4,6,0,0,0,0,0,,False
7939,top_up_by_cash_or_cheque,COLLOQUIAL,16.67,1,5,6,0,0,0,0,0,,False
7940,top_up_by_cash_or_cheque,MIXED,0.0,0,5,5,0,0,0,0,0,,True
7941,top_up_by_cash_or_cheque,MIXED,0.0,0,5,5,0,0,0,0,0,,True
7942,top_up_by_cash_or_cheque,COLLOQUIAL,28.57,2,5,7,0,0,0,0,0,,False
7943,top_up_by_cash_or_cheque,COLLOQUIAL,33.33,3,6,9,0,0,0,0,0,,False
7944,top_up_by_cash_or_cheque,COLLOQUIAL,50.0,3,3,6,0,0,0,0,0,,False
7945,top_up_by_cash_or_cheque,COLLOQUIAL,33.33,3,6,9,0,0,0,0,0,,False
7946,top_up_by_cash_or_cheque,COLLOQUIAL,28.57,2,5,7,0,0,0,0,0,,False
7947,top_up_by_cash_or_cheque,COLLOQUIAL,50.0,4,4,8,0,0,0,0,0,,False
7948,top_up_by_cash_or_cheque,COLLOQUIAL,33.33,3,6,9,0,0,0,0,0,,False
7949,top_up_by_cash_or_cheque,COLLOQUIAL,42.86,3,4,7,0,0,0,0,0,,False
7950,top_up_by_cash_or_cheque,COLLOQUIAL,25.0,2,6,8,0,0,0,0,0,,False
7951,top_up_by_cash_or_cheque,COLLOQUIAL,15.38,2,11,13,0,0,0,0,0,,False
7952,top_up_by_cash_or_cheque,MIXED,0.0,0,4,4,0,0,0,0,0,,True
7953,top_up_by_cash_or_cheque,COLLOQUIAL,25.0,2,6,8,0,0,0,0,0,,False
7954,top_up_by_cash_or_cheque,COLLOQUIAL,20.0,2,8,10,0,0,0,0,0,,False
7955,top_up_by_cash_or_cheque,COLLOQUIAL,22.22,2,7,9,0,0,0,0,0,,False
7956,top_up_by_cash_or_cheque,COLLOQUIAL,33.33,4,8,12,0,0,0,0,0,,False
7957,top_up_by_cash_or_cheque,COLLOQUIAL,25.0,2,6,8,0,0,0,0,0,,False
7958,top_up_by_cash_or_cheque,COLLOQUIAL,16.67,1,5,6,0,0,0,0,0,,False
7959,top_up_by_cash_or_cheque,COLLOQUIAL,42.86,3,4,7,0,0,0,0,0,,False
7960,top_up_by_cash_or_cheque,COLLOQUIAL,42.86,3,4,7,0,0,0,0,0,,False
7961,top_up_by_cash_or_cheque,COLLOQUIAL,33.33,2,4,6,0,0,0,0,0,,False
7962,top_up_by_cash_or_cheque,COLLOQUIAL,27.27,3,8,11,0,0,0,0,0,,False
7963,top_up_by_cash_or_cheque,COLLOQUIAL,20.0,2,8,10,0,0,0,0,0,,False
7964,top_up_by_cash_or_cheque,COLLOQUIAL,25.0,2,6,8,0,0,0,0,0,,False
7965,top_up_by_cash_or_cheque,COLLOQUIAL,28.57,2,5,7,0,0,0,0,0,,False
7966,top_up_by_cash_or_cheque,COLLOQUIAL,28.57,2,5,7,0,0,0,0,0,,False
7967,top_up_by_cash_or_cheque,COLLOQUIAL,30.0,3,7,10,0,0,0,0,0,,False
7968,top_up_by_cash_or_cheque,COLLOQUIAL,30.0,3,7,10,0,0,0,0,0,,False
7969,top_up_by_cash_or_cheque,MIXED,0.0,0,5,5,0,0,0,0,0,,True
7970,top_up_by_cash_or_cheque,COLLOQUIAL,23.08,3,10,13,0,0,0,0,0,,False
7971,top_up_by_cash_or_cheque,COLLOQUIAL,14.29,1,6,7,0,0,0,0,0,,False
7972,top_up_by_cash_or_cheque,MIXED,0.0,0,5,5,0,0,0,0,0,,True
7973,top_up_by_cash_or_cheque,COLLOQUIAL,33.33,3,6,9,0,0,0,0,0,,False
7974,top_up_by_cash_or_cheque,COLLOQUIAL,44.44,4,5,9,0,0,0,0,0,,False
7975,top_up_by_cash_or_cheque,COLLOQUIAL,40.0,2,3,5,0,0,0,0,0,,False
7976,top_up_by_cash_or_cheque,COLLOQUIAL,44.44,4,5,9,0,0,0,0,0,,False
7977,top_up_by_cash_or_cheque,COLLOQUIAL,42.86,3,4,7,0,0,0,0,0,,False
7978,top_up_by_cash_or_cheque,COLLOQUIAL,28.57,2,5,7,0,0,0,0,0,,False
7979,top_up_by_cash_or_cheque,COLLOQUIAL,33.33,3,6,9,0,0,0,0,0,,False
7980,top_up_by_cash_or_cheque,COLLOQUIAL,25.0,2,6,8,0,0,0,0,0,,False
7981,top_up_by_cash_or_cheque,COLLOQUIAL,22.22,2,7,9,0,0,0,0,0,,False
7982,top_up_by_cash_or_cheque,COLLOQUIAL,28.57,2,5,7,0,0,0,0,0,,False
7983,top_up_by_cash_or_cheque,COLLOQUIAL,44.44,4,5,9,0,0,0,0,0,,False
7984,top_up_by_cash_or_cheque,COLLOQUIAL,42.86,3,4,7,0,0,0,0,0,,False
7985,top_up_by_cash_or_cheque,COLLOQUIAL,44.44,4,5,9,0,0,0,0,0,,False
7986,top_up_by_cash_or_cheque,COLLOQUIAL,37.5,3,5,8,0,0,0,0,0,,False
7987,top_up_by_cash_or_cheque,COLLOQUIAL,33.33,2,4,6,0,0,0,0,0,,False
7988,top_up_by_cash_or_cheque,COLLOQUIAL,44.44,4,5,9,0,0,0,0,0,,False
7989,top_up_by_cash_or_cheque,COLLOQUIAL,37.5,3,5,8,0,0,0,0,0,,False
7990,top_up_by_cash_or_cheque,COLLOQUIAL,20.0,1,4,5,0,0,0,0,0,,False
7991,top_up_by_cash_or_cheque,COLLOQUIAL,28.57,2,5,7,0,0,0,0,0,,False
7992,top_up_by_cash_or_cheque,MIXED,0.0,0,6,6,0,0,0,0,0,,True
7993,top_up_by_cash_or_cheque,COLLOQUIAL,42.86,3,4,7,0,0,0,0,0,,False
7994,top_up_by_cash_or_cheque,COLLOQUIAL,50.0,4,4,8,0,0,0,0,0,,False
7995,top_up_by_cash_or_cheque,COLLOQUIAL,37.5,3,5,8,0,0,0,0,0,,False
7996,top_up_by_cash_or_cheque,COLLOQUIAL,40.0,2,3,5,0,0,0,0,0,,False
7997,top_up_by_cash_or_cheque,COLLOQUIAL,28.57,2,5,7,0,0,0,0,0,,False
7998,top_up_by_cash_or_cheque,COLLOQUIAL,37.5,3,5,8,0,0,0,0,0,,False
7999,top_up_by_cash_or_cheque,COLLOQUIAL,42.86,3,4,7,0,0,0,0,0,,False
8000,top_up_by_cash_or_cheque,COLLOQUIAL,37.5,3,5,8,0,0,0,0,0,,False
8001,top_up_by_cash_or_cheque,COLLOQUIAL,28.57,2,5,7,0,0,0,0,0,,False
8002,top_up_by_cash_or_cheque,COLLOQUIAL,16.67,1,5,6,0,0,0,0,0,,False
8003,top_up_by_cash_or_cheque,COLLOQUIAL,33.33,3,6,9,0,0,0,0,0,,False
8004,top_up_by_cash_or_cheque,COLLOQUIAL,37.5,3,5,8,0,0,0,0,0,,False
8005,top_up_by_cash_or_cheque,COLLOQUIAL,30.0,3,7,10,0,0,0,0,0,,False
8006,top_up_by_cash_or_cheque,COLLOQUIAL,25.0,2,6,8,0,0,0,0,0,,False
8007,top_up_by_cash_or_cheque,COLLOQUIAL,28.57,2,5,7,0,0,0,0,0,,False
8008,top_up_by_cash_or_cheque,COLLOQUIAL,33.33,3,6,9,0,0,0,0,0,,False
8009,top_up_by_cash_or_cheque,COLLOQUIAL,20.0,2,8,10,0,0,0,0,0,,False
8010,top_up_by_cash_or_cheque,COLLOQUIAL,30.0,3,7,10,0,0,0,0,0,,False
8011,top_up_by_cash_or_cheque,COLLOQUIAL,36.36,4,7,11,0,0,0,0,0,,False
8012,top_up_by_cash_or_cheque,COLLOQUIAL,40.0,4,6,10,0,0,0,0,0,,False
8013,top_up_by_cash_or_cheque,COLLOQUIAL,22.22,2,7,9,0,0,0,0,0,,False
8014,top_up_by_cash_or_cheque,COLLOQUIAL,20.0,2,8,10,0,0,0,0,0,,False
8015,top_up_by_cash_or_cheque,MIXED,0.0,0,6,6,0,0,0,0,0,,True
8016,top_up_by_cash_or_cheque,COLLOQUIAL,14.29,1,6,7,0,0,0,0,0,,False
8017,top_up_by_cash_or_cheque,COLLOQUIAL,14.29,1,6,7,0,0,0,0,0,,False
8018,top_up_by_cash_or_cheque,COLLOQUIAL,30.0,3,7,10,0,0,0,0,0,,False
8019,top_up_by_cash_or_cheque,COLLOQUIAL,25.0,2,6,8,0,0,0,0,0,,False
8020,top_up_by_cash_or_cheque,COLLOQUIAL,25.0,3,9,12,0,0,0,0,0,,False
8021,top_up_by_cash_or_cheque,COLLOQUIAL,37.5,3,5,8,0,0,0,0,0,,False
8022,top_up_by_cash_or_cheque,COLLOQUIAL,25.0,1,3,4,0,0,0,0,0,,False
8023,top_up_by_cash_or_cheque,COLLOQUIAL,16.67,1,5,6,0,0,0,0,0,,False
8024,top_up_by_cash_or_cheque,COLLOQUIAL,42.86,3,4,7,0,0,0,0,0,,False
8025,top_up_by_cash_or_cheque,COLLOQUIAL,25.0,2,6,8,0,0,0,0,0,,False
8026,top_up_by_cash_or_cheque,COLLOQUIAL,10.0,1,9,10,0,0,0,0,0,,False
8027,top_up_by_cash_or_cheque,COLLOQUIAL,16.67,2,10,12,0,0,0,0,0,,False
8028,top_up_by_cash_or_cheque,MIXED,0.0,0,6,6,0,0,0,0,0,,True
8029,top_up_by_cash_or_cheque,COLLOQUIAL,22.22,2,7,9,0,0,0,0,0,,False
8030,top_up_by_cash_or_cheque,COLLOQUIAL,14.29,2,12,14,0,0,0,0,0,,False
8031,top_up_by_cash_or_cheque,MIXED,0.0,0,7,7,0,0,0,0,0,,True
8032,top_up_by_cash_or_cheque,MIXED,0.0,0,5,5,0,0,0,0,0,,True
8033,top_up_by_cash_or_cheque,COLLOQUIAL,16.67,1,5,6,0,0,0,0,0,,False
8034,top_up_by_cash_or_cheque,MIXED,0.0,0,5,5,0,0,0,0,0,,True
8035,top_up_by_cash_or_cheque,MIXED,0.0,0,8,8,0,0,0,0,0,,True
8036,top_up_by_cash_or_cheque,COLLOQUIAL,7.69,1,12,13,0,0,0,0,0,,False
8037,top_up_by_cash_or_cheque,MIXED,0.0,0,5,5,0,0,0,0,0,,True
8038,top_up_by_cash_or_cheque,COLLOQUIAL,12.5,1,7,8,0,0,0,0,0,,False
8039,top_up_by_cash_or_cheque,MIXED,0.0,0,6,6,0,0,0,0,0,,True
8040,top_up_by_cash_or_cheque,COLLOQUIAL,25.0,1,3,4,0,0,0,0,0,,False
8041,top_up_by_cash_or_cheque,MIXED,0.0,0,5,5,0,0,0,0,0,,True
8042,top_up_by_cash_or_cheque,MIXED,0.0,0,10,10,0,0,0,0,0,,True
8043,top_up_by_cash_or_cheque,MIXED,0.0,0,8,8,0,0,0,0,0,,True
8044,top_up_by_cash_or_cheque,MIXED,0.0,0,8,8,0,0,0,0,0,,True
8045,top_up_by_cash_or_cheque,MIXED,0.0,0,8,8,0,0,0,0,0,,True
8046,top_up_by_cash_or_cheque,MIXED,0.0,0,3,3,0,0,0,0,0,,True
8047,order_physical_card,MIXED,0.0,0,5,5,0,0,0,0,0,,True
8048,order_physical_card,MIXED,0.0,0,5,5,0,0,0,0,0,,True
8049,order_physical_card,MIXED,0.0,0,8,8,0,0,0,0,0,,True
8050,order_physical_card,MIXED,0.0,0,6,6,0,0,0,0,0,,True
8051,order_physical_card,MIXED,0.0,0,7,7,0,0,0,0,0,,True
8052,order_physical_card,COLLOQUIAL,7.69,1,12,13,0,0,0,0,0,,False
8053,order_physical_card,MIXED,0.0,0,9,9,0,0,0,0,0,,True
8054,order_physical_card,MIXED,0.0,0,11,11,0,0,0,0,0,,True
8055,order_physical_card,MIXED,0.0,0,8,8,0,0,0,0,0,,True
8056,order_physical_card,MIXED,0.0,0,5,5,0,0,0,0,0,,True
8057,order_physical_card,MIXED,0.0,0,5,5,0,0,0,0,0,,True
8058,order_physical_card,MIXED,0.0,0,6,6,0,0,0,0,0,,True
8059,order_physical_card,COLLOQUIAL,14.29,1,6,7,0,0,0,0,0,,False
8060,order_physical_card,MIXED,0.0,0,5,5,0,0,0,0,0,,True
8061,order_physical_card,MIXED,0.0,0,14,14,0,0,0,0,0,,True
8062,order_physical_card,MIXED,0.0,0,6,6,0,0,0,0,0,,True
8063,order_physical_card,MIXED,0.0,0,6,6,0,0,0,0,0,,True
8064,order_physical_card,MIXED,0.0,0,6,6,0,0,0,0,0,,True
8065,order_physical_card,MIXED,0.0,0,7,7,0,0,0,0,0,,True
8066,order_physical_card,COLLOQUIAL,10.0,1,9,10,0,0,0,0,0,,False
8067,order_physical_card,MIXED,0.0,0,5,5,0,0,0,0,0,,True
8068,order_physical_card,COLLOQUIAL,20.0,1,4,5,0,0,0,0,0,,False
8069,order_physical_card,COLLOQUIAL,28.57,2,5,7,0,0,0,0,0,,False
8070,order_physical_card,COLLOQUIAL,11.11,1,8,9,0,0,0,0,0,,False
8071,order_physical_card,COLLOQUIAL,14.29,1,6,7,0,0,0,0,0,,False
8072,order_physical_card,MIXED,0.0,0,4,4,0,0,0,0,0,,True
8073,order_physical_card,MIXED,0.0,0,4,4,0,0,0,0,0,,True
8074,order_physical_card,COLLOQUIAL,33.33,1,2,3,0,0,0,0,0,,False
8075,order_physical_card,COLLOQUIAL,14.29,1,6,7,0,0,0,0,0,,False
8076,order_physical_card,COLLOQUIAL,20.0,1,4,5,0,0,0,0,0,,False
8077,order_physical_card,COLLOQUIAL,12.5,1,7,8,0,0,0,0,0,,False
8078,order_physical_card,COLLOQUIAL,20.0,1,4,5,0,0,0,0,0,,False
8079,order_physical_card,MIXED,0.0,0,5,5,0,0,0,0,0,,True
8080,order_physical_card,COLLOQUIAL,25.0,1,3,4,0,0,0,0,0,,False
8081,order_physical_card,MIXED,0.0,0,5,5,0,0,0,0,0,,True
8082,order_physical_card,COLLOQUIAL,40.0,2,3,5,0,0,0,0,0,,False
8083,order_physical_card,COLLOQUIAL,20.0,1,4,5,0,0,0,0,0,,False
8084,order_physical_card,COLLOQUIAL,33.33,2,4,6,0,0,0,0,0,,False
8085,order_physical_card,COLLOQUIAL,14.29,1,6,7,0,0,0,0,0,,False
8086,order_physical_card,COLLOQUIAL,25.0,2,6,8,0,0,0,0,0,,False
8087,order_physical_card,COLLOQUIAL,18.18,2,9,11,0,0,0,0,0,,False
8088,order_physical_card,COLLOQUIAL,25.0,1,3,4,0,0,0,0,0,,False
8089,order_physical_card,MIXED,0.0,0,6,6,0,0,0,0,0,,True
8090,order_physical_card,COLLOQUIAL,12.5,1,7,8,0,0,0,0,0,,False
8091,order_physical_card,MIXED,0.0,0,5,5,0,0,0,0,0,,True
8092,order_physical_card,COLLOQUIAL,28.57,2,5,7,0,0,0,0,0,,False
8093,order_physical_card,COLLOQUIAL,14.29,1,6,7,0,0,0,0,0,,False
8094,order_physical_card,COLLOQUIAL,10.0,1,9,10,0,0,0,0,0,,False
8095,order_physical_card,MIXED,0.0,0,5,5,0,0,0,0,0,,True
8096,order_physical_card,COLLOQUIAL,40.0,2,3,5,0,0,0,0,0,,False
8097,order_physical_card,COLLOQUIAL,20.0,1,4,5,0,0,0,0,0,,False
8098,order_physical_card,COLLOQUIAL,20.0,1,4,5,0,0,0,0,0,,False
8099,order_physical_card,COLLOQUIAL,10.0,1,9,10,0,0,0,0,0,,False
8100,order_physical_card,COLLOQUIAL,14.29,1,6,7,0,0,0,0,0,,False
8101,order_physical_card,MIXED,0.0,0,6,6,0,0,0,0,0,,True
8102,order_physical_card,COLLOQUIAL,16.67,1,5,6,0,0,0,0,0,,False
8103,order_physical_card,COLLOQUIAL,16.67,1,5,6,0,0,0,0,0,,False
8104,order_physical_card,COLLOQUIAL,16.67,1,5,6,0,0,0,0,0,,False
8105,order_physical_card,COLLOQUIAL,14.29,1,6,7,0,0,0,0,0,,False
8106,order_physical_card,COLLOQUIAL,33.33,2,4,6,0,0,0,0,0,,False
8107,order_physical_card,COLLOQUIAL,40.0,2,3,5,0,0,0,0,0,,False
8108,order_physical_card,COLLOQUIAL,16.67,1,5,6,0,0,0,0,0,,False
8109,order_physical_card,COLLOQUIAL,14.29,1,6,7,0,0,0,0,0,,False
8110,order_physical_card,COLLOQUIAL,16.67,1,5,6,0,0,0,0,0,,False
8111,order_physical_card,COLLOQUIAL,33.33,2,4,6,0,0,0,0,0,,False
8112,order_physical_card,COLLOQUIAL,25.0,1,3,4,0,0,0,0,0,,False
8113,order_physical_card,COLLOQUIAL,20.0,1,4,5,0,0,0,0,0,,False
8114,order_physical_card,COLLOQUIAL,20.0,1,4,5,0,0,0,0,0,,False
8115,order_physical_card,COLLOQUIAL,16.67,1,5,6,0,0,0,0,0,,False
8116,order_physical_card,COLLOQUIAL,40.0,2,3,5,0,0,0,0,0,,False
8117,order_physical_card,COLLOQUIAL,25.0,1,3,4,0,0,0,0,0,,False
8118,order_physical_card,COLLOQUIAL,16.67,1,5,6,0,0,0,0,0,,False
8119,order_physical_card,COLLOQUIAL,40.0,2,3,5,0,0,0,0,0,,False
8120,order_physical_card,COLLOQUIAL,33.33,2,4,6,0,0,0,0,0,,False
8121,order_physical_card,COLLOQUIAL,50.0,2,2,4,0,0,0,0,0,,False
8122,order_physical_card,COLLOQUIAL,40.0,2,3,5,0,0,0,0,0,,False
8123,order_physical_card,COLLOQUIAL,20.0,1,4,5,0,0,0,0,0,,False
8124,order_physical_card,COLLOQUIAL,33.33,2,4,6,0,0,0,0,0,,False
8125,order_physical_card,COLLOQUIAL,25.0,1,3,4,0,0,0,0,0,,False
8126,order_physical_card,COLLOQUIAL,20.0,1,4,5,0,0,0,0,0,,False
8127,order_physical_card,COLLOQUIAL,25.0,1,3,4,0,0,0,0,0,,False
8128,order_physical_card,COLLOQUIAL,40.0,2,3,5,0,0,0,0,0,,False
8129,order_physical_card,COLLOQUIAL,20.0,1,4,5,0,0,0,0,0,,False
8130,order_physical_card,COLLOQUIAL,16.67,1,5,6,0,0,0,0,0,,False
8131,order_physical_card,COLLOQUIAL,25.0,1,3,4,0,0,0,0,0,,False
8132,order_physical_card,COLLOQUIAL,25.0,2,6,8,0,0,0,0,0,,False
8133,order_physical_card,COLLOQUIAL,20.0,1,4,5,0,0,0,0,0,,False
8134,order_physical_card,COLLOQUIAL,33.33,1,2,3,0,0,0,0,0,,False
8135,order_physical_card,COLLOQUIAL,25.0,1,3,4,0,0,0,0,0,,False
8136,order_physical_card,COLLOQUIAL,50.0,3,3,6,0,0,0,0,0,,False
8137,order_physical_card,COLLOQUIAL,40.0,2,3,5,0,0,0,0,0,,False
8138,order_physical_card,COLLOQUIAL,16.67,1,5,6,0,0,0,0,0,,False
8139,order_physical_card,COLLOQUIAL,16.67,1,5,6,0,0,0,0,0,,False
8140,order_physical_card,COLLOQUIAL,28.57,2,5,7,0,0,0,0,0,,False
8141,order_physical_card,COLLOQUIAL,14.29,1,6,7,0,0,0,0,0,,False
8142,order_physical_card,COLLOQUIAL,25.0,1,3,4,0,0,0,0,0,,False
8143,order_physical_card,COLLOQUIAL,33.33,2,4,6,0,0,0,0,0,,False
8144,order_physical_card,COLLOQUIAL,25.0,1,3,4,0,0,0,0,0,,False
8145,order_physical_card,COLLOQUIAL,50.0,2,2,4,0,0,0,0,0,,False
8146,order_physical_card,COLLOQUIAL,28.57,2,5,7,0,0,0,0,0,,False
8147,order_physical_card,COLLOQUIAL,40.0,2,3,5,0,0,0,0,0,,False
8148,order_physical_card,COLLOQUIAL,12.5,1,7,8,0,0,0,0,0,,False
8149,order_physical_card,COLLOQUIAL,12.5,1,7,8,0,0,0,0,0,,False
8150,order_physical_card,COLLOQUIAL,14.29,1,6,7,0,0,0,0,0,,False
8151,order_physical_card,COLLOQUIAL,50.0,3,3,6,0,0,0,0,0,,False
8152,order_physical_card,COLLOQUIAL,20.0,1,4,5,0,0,0,0,0,,False
8153,order_physical_card,COLLOQUIAL,25.0,1,3,4,0,0,0,0,0,,False
8154,order_physical_card,COLLOQUIAL,20.0,1,4,5,0,0,0,0,0,,False
8155,order_physical_card,COLLOQUIAL,16.67,1,5,6,0,0,0,0,0,,False
8156,order_physical_card,COLLOQUIAL,20.0,1,4,5,0,0,0,0,0,,False
8157,order_physical_card,COLLOQUIAL,25.0,1,3,4,0,0,0,0,0,,False
8158,order_physical_card,COLLOQUIAL,11.11,1,8,9,0,0,0,0,0,,False
8159,order_physical_card,COLLOQUIAL,25.0,2,6,8,0,0,0,0,0,,False
8160,order_physical_card,COLLOQUIAL,33.33,2,4,6,0,0,0,0,0,,False
8161,order_physical_card,COLLOQUIAL,16.67,2,10,12,0,0,0,0,0,,False
8162,order_physical_card,COLLOQUIAL,25.0,1,3,4,0,0,0,0,0,,False
8163,order_physical_card,COLLOQUIAL,25.0,1,3,4,0,0,0,0,0,,False
8164,order_physical_card,COLLOQUIAL,33.33,2,4,6,0,0,0,0,0,,False
8165,order_physical_card,COLLOQUIAL,40.0,2,3,5,0,0,0,0,0,,False
8166,order_physical_card,COLLOQUIAL,12.5,1,7,8,0,0,0,0,0,,False
8167,virtual_card_not_working,COLLOQUIAL,42.86,3,4,7,0,0,0,0,0,,False
8168,virtual_card_not_working,COLLOQUIAL,37.5,3,5,8,0,0,0,0,0,,False
8169,virtual_card_not_working,COLLOQUIAL,33.33,2,4,6,0,0,0,0,0,,False
8170,virtual_card_not_working,COLLOQUIAL,40.0,2,3,5,0,0,0,0,0,,False
8171,virtual_card_not_working,COLLOQUIAL,40.0,2,3,5,0,0,0,0,0,,False
8172,virtual_card_not_working,COLLOQUIAL,50.0,3,3,6,0,0,0,0,0,,False
8173,virtual_card_not_working,COLLOQUIAL,40.0,3,2,5,0,0,0,0,0,,False
8174,virtual_card_not_working,COLLOQUIAL,33.33,2,4,6,0,0,0,0,0,,False
8175,virtual_card_not_working,COLLOQUIAL,33.33,2,4,6,0,0,0,0,0,,False
8176,virtual_card_not_working,COLLOQUIAL,28.57,5,2,7,0,0,0,0,0,,False
8177,virtual_card_not_working,COLLOQUIAL,50.0,2,2,4,0,0,0,0,0,,False
8178,virtual_card_not_working,COLLOQUIAL,37.5,3,5,8,0,0,0,0,0,,False
8179,virtual_card_not_working,COLLOQUIAL,37.5,3,5,8,0,0,0,0,0,,False
8180,virtual_card_not_working,COLLOQUIAL,25.0,2,6,8,0,0,0,0,0,,False
8181,virtual_card_not_working,COLLOQUIAL,50.0,3,3,6,0,0,0,0,0,,False
8182,virtual_card_not_working,COLLOQUIAL,15.79,3,16,19,0,0,0,0,0,,False
8183,virtual_card_not_working,COLLOQUIAL,37.5,3,5,8,0,0,0,0,0,,False
8184,virtual_card_not_working,COLLOQUIAL,28.57,2,5,7,0,0,0,0,0,,False
8185,virtual_card_not_working,COLLOQUIAL,28.57,2,5,7,0,0,0,0,0,,False
8186,virtual_card_not_working,COLLOQUIAL,50.0,3,3,6,0,0,0,0,0,,False
8187,virtual_card_not_working,COLLOQUIAL,28.57,2,5,7,0,0,0,0,0,,False
8188,virtual_card_not_working,COLLOQUIAL,20.0,1,4,5,0,0,0,0,0,,False
8189,virtual_card_not_working,COLLOQUIAL,37.5,3,5,8,0,0,0,0,0,,False
8190,virtual_card_not_working,COLLOQUIAL,14.29,1,6,7,0,0,0,0,0,,False
8191,virtual_card_not_working,COLLOQUIAL,28.57,4,10,14,0,0,0,0,0,,False
8192,virtual_card_not_working,COLLOQUIAL,14.29,1,6,7,0,0,0,0,0,,False
8193,virtual_card_not_working,COLLOQUIAL,14.29,1,6,7,0,0,0,0,0,,False
8194,virtual_card_not_working,COLLOQUIAL,22.22,2,7,9,0,0,0,0,0,,False
8195,virtual_card_not_working,COLLOQUIAL,23.53,4,13,17,0,0,0,0,0,,False
8196,virtual_card_not_working,COLLOQUIAL,30.0,3,7,10,0,0,0,0,0,,False
8197,virtual_card_not_working,COLLOQUIAL,33.33,4,8,12,0,0,0,0,0,,False
8198,virtual_card_not_working,COLLOQUIAL,25.0,2,6,8,0,0,0,0,0,,False
8199,virtual_card_not_working,COLLOQUIAL,40.0,2,3,5,0,0,0,0,0,,False
8200,virtual_card_not_working,COLLOQUIAL,50.0,3,3,6,0,0,0,0,0,,False
8201,virtual_card_not_working,COLLOQUIAL,25.0,5,15,20,0,0,0,0,0,,False
8202,virtual_card_not_working,COLLOQUIAL,33.33,2,4,6,0,0,0,0,0,,False
8203,virtual_card_not_working,COLLOQUIAL,12.5,1,7,8,0,0,0,0,0,,False
8204,virtual_card_not_working,COLLOQUIAL,33.33,3,6,9,0,0,0,0,0,,False
8205,virtual_card_not_working,COLLOQUIAL,25.0,2,6,8,0,0,0,0,0,,False
8206,virtual_card_not_working,COLLOQUIAL,25.0,2,6,8,0,0,0,0,0,,False
8207,virtual_card_not_working,COLLOQUIAL,25.0,2,6,8,0,0,0,0,0,,False
8208,wrong_exchange_rate_for_cash_withdrawal,COLLOQUIAL,33.33,3,6,9,0,0,0,0,0,,False
8209,wrong_exchange_rate_for_cash_withdrawal,COLLOQUIAL,37.5,3,5,8,0,0,0,0,0,,False
8210,wrong_exchange_rate_for_cash_withdrawal,COLLOQUIAL,13.64,3,19,22,0,0,0,0,0,,False
8211,wrong_exchange_rate_for_cash_withdrawal,COLLOQUIAL,25.0,3,9,12,0,0,0,0,0,,False
8212,wrong_exchange_rate_for_cash_withdrawal,COLLOQUIAL,30.0,3,7,10,0,0,0,0,0,,False
8213,wrong_exchange_rate_for_cash_withdrawal,COLLOQUIAL,37.5,6,10,16,0,0,0,0,0,,False
8214,wrong_exchange_rate_for_cash_withdrawal,COLLOQUIAL,16.67,4,20,24,0,0,0,0,0,,False
8215,wrong_exchange_rate_for_cash_withdrawal,COLLOQUIAL,30.77,4,9,13,0,0,0,0,0,,False
8216,wrong_exchange_rate_for_cash_withdrawal,COLLOQUIAL,40.0,2,3,5,0,0,0,0,0,,False
8217,wrong_exchange_rate_for_cash_withdrawal,COLLOQUIAL,7.69,2,24,26,0,0,0,0,0,,False
8218,wrong_exchange_rate_for_cash_withdrawal,COLLOQUIAL,12.5,3,21,24,0,0,0,0,0,,False
8219,wrong_exchange_rate_for_cash_withdrawal,COLLOQUIAL,6.67,1,14,15,0,0,0,0,0,,False
8220,wrong_exchange_rate_for_cash_withdrawal,COLLOQUIAL,37.5,3,5,8,0,0,0,0,0,,False
8221,wrong_exchange_rate_for_cash_withdrawal,COLLOQUIAL,33.33,3,6,9,0,0,0,0,0,,False
8222,wrong_exchange_rate_for_cash_withdrawal,COLLOQUIAL,33.33,3,6,9,0,0,0,0,0,,False
8223,wrong_exchange_rate_for_cash_withdrawal,COLLOQUIAL,27.27,3,8,11,0,0,0,0,0,,False
8224,wrong_exchange_rate_for_cash_withdrawal,COLLOQUIAL,25.0,3,9,12,0,0,0,0,0,,False
8225,wrong_exchange_rate_for_cash_withdrawal,COLLOQUIAL,44.44,4,5,9,0,0,0,0,0,,False
8226,wrong_exchange_rate_for_cash_withdrawal,COLLOQUIAL,12.5,3,21,24,0,0,0,0,0,,False
8227,wrong_exchange_rate_for_cash_withdrawal,COLLOQUIAL,28.57,2,5,7,0,0,0,0,0,,False
8228,wrong_exchange_rate_for_cash_withdrawal,COLLOQUIAL,13.04,3,20,23,0,0,0,0,0,,False
8229,wrong_exchange_rate_for_cash_withdrawal,COLLOQUIAL,26.67,4,11,15,0,0,0,0,0,,False
8230,wrong_exchange_rate_for_cash_withdrawal,COLLOQUIAL,33.33,2,4,6,0,0,0,0,0,,False
8231,wrong_exchange_rate_for_cash_withdrawal,COLLOQUIAL,33.33,3,6,9,0,0,0,0,0,,False
8232,wrong_exchange_rate_for_cash_withdrawal,COLLOQUIAL,45.45,5,6,11,0,0,0,0,0,,False
8233,wrong_exchange_rate_for_cash_withdrawal,COLLOQUIAL,40.0,2,3,5,0,0,0,0,0,,False
8234,wrong_exchange_rate_for_cash_withdrawal,COLLOQUIAL,40.0,4,6,10,0,0,0,0,0,,False
8235,wrong_exchange_rate_for_cash_withdrawal,COLLOQUIAL,40.0,2,3,5,0,0,0,0,0,,False
8236,wrong_exchange_rate_for_cash_withdrawal,COLLOQUIAL,16.0,4,21,25,0,0,0,0,0,,False
8237,wrong_exchange_rate_for_cash_withdrawal,COLLOQUIAL,25.0,3,9,12,0,0,0,0,0,,False
8238,wrong_exchange_rate_for_cash_withdrawal,COLLOQUIAL,27.27,3,8,11,0,0,0,0,0,,False
8239,wrong_exchange_rate_for_cash_withdrawal,COLLOQUIAL,22.22,4,14,18,0,0,0,0,0,,False
8240,wrong_exchange_rate_for_cash_withdrawal,COLLOQUIAL,16.67,1,5,6,0,0,0,0,0,,False
8241,wrong_exchange_rate_for_cash_withdrawal,COLLOQUIAL,21.05,4,15,19,0,0,0,0,0,,False
8242,wrong_exchange_rate_for_cash_withdrawal,COLLOQUIAL,40.0,3,2,5,0,0,0,0,0,,False
8243,wrong_exchange_rate_for_cash_withdrawal,COLLOQUIAL,15.79,3,16,19,0,0,0,0,0,,False
8244,wrong_exchange_rate_for_cash_withdrawal,COLLOQUIAL,30.77,4,9,13,0,0,0,0,0,,False
8245,wrong_exchange_rate_for_cash_withdrawal,COLLOQUIAL,42.86,6,8,14,0,0,0,0,0,,False
8246,wrong_exchange_rate_for_cash_withdrawal,COLLOQUIAL,28.57,2,5,7,0,0,0,0,0,,False
8247,wrong_exchange_rate_for_cash_withdrawal,COLLOQUIAL,13.33,2,13,15,0,0,0,0,0,,False
8248,wrong_exchange_rate_for_cash_withdrawal,COLLOQUIAL,11.54,3,23,26,0,0,0,0,0,,False
8249,wrong_exchange_rate_for_cash_withdrawal,COLLOQUIAL,12.5,2,14,16,0,0,0,0,0,,False
8250,wrong_exchange_rate_for_cash_withdrawal,COLLOQUIAL,25.0,2,6,8,0,0,0,0,0,,False
8251,wrong_exchange_rate_for_cash_withdrawal,COLLOQUIAL,43.75,7,9,16,0,0,0,0,0,,False
8252,wrong_exchange_rate_for_cash_withdrawal,COLLOQUIAL,44.44,5,4,9,0,0,0,0,0,,False
8253,wrong_exchange_rate_for_cash_withdrawal,COLLOQUIAL,27.27,3,8,11,0,0,0,0,0,,False
8254,wrong_exchange_rate_for_cash_withdrawal,COLLOQUIAL,25.0,3,9,12,0,0,0,0,0,,False
8255,wrong_exchange_rate_for_cash_withdrawal,COLLOQUIAL,22.22,2,7,9,0,0,0,0,0,,False
8256,wrong_exchange_rate_for_cash_withdrawal,COLLOQUIAL,27.27,3,8,11,0,0,0,0,0,,False
8257,wrong_exchange_rate_for_cash_withdrawal,COLLOQUIAL,37.5,3,5,8,0,0,0,0,0,,False
8258,wrong_exchange_rate_for_cash_withdrawal,COLLOQUIAL,37.5,5,3,8,0,0,0,0,0,,False
8259,wrong_exchange_rate_for_cash_withdrawal,COLLOQUIAL,25.0,2,6,8,0,0,0,0,0,,False
8260,wrong_exchange_rate_for_cash_withdrawal,COLLOQUIAL,11.54,3,23,26,0,0,0,0,0,,False
8261,wrong_exchange_rate_for_cash_withdrawal,COLLOQUIAL,33.33,3,6,9,0,0,0,0,0,,False
8262,wrong_exchange_rate_for_cash_withdrawal,COLLOQUIAL,28.57,2,5,7,0,0,0,0,0,,False
8263,wrong_exchange_rate_for_cash_withdrawal,COLLOQUIAL,20.0,2,8,10,0,0,0,0,0,,False
8264,wrong_exchange_rate_for_cash_withdrawal,COLLOQUIAL,33.33,2,4,6,0,0,0,0,0,,False
8265,wrong_exchange_rate_for_cash_withdrawal,COLLOQUIAL,22.22,2,7,9,0,0,0,0,0,,False
8266,wrong_exchange_rate_for_cash_withdrawal,COLLOQUIAL,15.38,2,11,13,0,0,0,0,0,,False
8267,wrong_exchange_rate_for_cash_withdrawal,COLLOQUIAL,35.71,5,9,14,0,0,0,0,0,,False
8268,wrong_exchange_rate_for_cash_withdrawal,COLLOQUIAL,14.29,2,12,14,0,0,0,0,0,,False
8269,wrong_exchange_rate_for_cash_withdrawal,COLLOQUIAL,25.0,2,6,8,0,0,0,0,0,,False
8270,wrong_exchange_rate_for_cash_withdrawal,COLLOQUIAL,16.67,1,5,6,0,0,0,0,0,,False
8271,wrong_exchange_rate_for_cash_withdrawal,COLLOQUIAL,28.57,2,5,7,0,0,0,0,0,,False
8272,wrong_exchange_rate_for_cash_withdrawal,COLLOQUIAL,33.33,2,4,6,0,0,0,0,0,,False
8273,wrong_exchange_rate_for_cash_withdrawal,COLLOQUIAL,10.0,1,9,10,0,0,0,0,0,,False
8274,wrong_exchange_rate_for_cash_withdrawal,COLLOQUIAL,11.76,2,15,17,0,0,0,0,0,,False
8275,wrong_exchange_rate_for_cash_withdrawal,COLLOQUIAL,27.27,3,8,11,0,0,0,0,0,,False
8276,wrong_exchange_rate_for_cash_withdrawal,COLLOQUIAL,33.33,2,4,6,0,0,0,0,0,,False
8277,wrong_exchange_rate_for_cash_withdrawal,COLLOQUIAL,40.0,4,6,10,0,0,0,0,0,,False
8278,wrong_exchange_rate_for_cash_withdrawal,COLLOQUIAL,30.0,3,7,10,0,0,0,0,0,,False
8279,wrong_exchange_rate_for_cash_withdrawal,COLLOQUIAL,25.0,3,9,12,0,0,0,0,0,,False
8280,wrong_exchange_rate_for_cash_withdrawal,COLLOQUIAL,18.18,2,9,11,0,0,0,0,0,,False
8281,wrong_exchange_rate_for_cash_withdrawal,COLLOQUIAL,22.22,2,7,9,0,0,0,0,0,,False
8282,wrong_exchange_rate_for_cash_withdrawal,COLLOQUIAL,22.22,2,7,9,0,0,0,0,0,,False
8283,wrong_exchange_rate_for_cash_withdrawal,COLLOQUIAL,23.53,4,13,17,0,0,0,0,0,,False
8284,wrong_exchange_rate_for_cash_withdrawal,COLLOQUIAL,33.33,3,6,9,0,0,0,0,0,,False
8285,wrong_exchange_rate_for_cash_withdrawal,COLLOQUIAL,33.33,3,6,9,0,0,0,0,0,,False
8286,wrong_exchange_rate_for_cash_withdrawal,COLLOQUIAL,30.0,3,7,10,0,0,0,0,0,,False
8287,wrong_exchange_rate_for_cash_withdrawal,COLLOQUIAL,30.0,3,7,10,0,0,0,0,0,,False
8288,wrong_exchange_rate_for_cash_withdrawal,COLLOQUIAL,23.08,3,10,13,0,0,0,0,0,,False
8289,wrong_exchange_rate_for_cash_withdrawal,COLLOQUIAL,22.22,2,7,9,0,0,0,0,0,,False
8290,wrong_exchange_rate_for_cash_withdrawal,COLLOQUIAL,50.0,2,2,4,0,0,0,0,0,,False
8291,wrong_exchange_rate_for_cash_withdrawal,COLLOQUIAL,23.08,3,10,13,0,0,0,0,0,,False
8292,wrong_exchange_rate_for_cash_withdrawal,COLLOQUIAL,28.57,4,10,14,0,0,0,0,0,,False
8293,wrong_exchange_rate_for_cash_withdrawal,COLLOQUIAL,22.22,6,21,27,0,0,0,0,0,,False
8294,wrong_exchange_rate_for_cash_withdrawal,COLLOQUIAL,45.45,5,6,11,0,0,0,0,0,,False
8295,wrong_exchange_rate_for_cash_withdrawal,COLLOQUIAL,17.86,5,23,28,0,0,0,0,0,,False
8296,wrong_exchange_rate_for_cash_withdrawal,COLLOQUIAL,16.67,5,25,30,0,0,0,0,0,,False
8297,wrong_exchange_rate_for_cash_withdrawal,COLLOQUIAL,16.67,2,10,12,0,0,0,0,0,,False
8298,wrong_exchange_rate_for_cash_withdrawal,COLLOQUIAL,27.27,3,8,11,0,0,0,0,0,,False
8299,wrong_exchange_rate_for_cash_withdrawal,COLLOQUIAL,33.33,3,6,9,0,0,0,0,0,,False
8300,wrong_exchange_rate_for_cash_withdrawal,COLLOQUIAL,22.22,2,7,9,0,0,0,0,0,,False
8301,wrong_exchange_rate_for_cash_withdrawal,COLLOQUIAL,30.77,4,9,13,0,0,0,0,0,,False
8302,wrong_exchange_rate_for_cash_withdrawal,COLLOQUIAL,25.0,2,6,8,0,0,0,0,0,,False
8303,wrong_exchange_rate_for_cash_withdrawal,COLLOQUIAL,30.0,3,7,10,0,0,0,0,0,,False
8304,wrong_exchange_rate_for_cash_withdrawal,COLLOQUIAL,50.0,4,4,8,0,0,0,0,0,,False
8305,wrong_exchange_rate_for_cash_withdrawal,COLLOQUIAL,50.0,6,6,12,0,0,0,0,0,,False
8306,wrong_exchange_rate_for_cash_withdrawal,COLLOQUIAL,33.33,4,2,6,0,0,0,0,0,,False
8307,wrong_exchange_rate_for_cash_withdrawal,COLLOQUIAL,33.33,2,4,6,0,0,0,0,0,,False
8308,wrong_exchange_rate_for_cash_withdrawal,COLLOQUIAL,33.33,4,8,12,0,0,0,0,0,,False
8309,wrong_exchange_rate_for_cash_withdrawal,COLLOQUIAL,37.5,3,5,8,0,0,0,0,0,,False
8310,wrong_exchange_rate_for_cash_withdrawal,COLLOQUIAL,28.57,4,10,14,0,0,0,0,0,,False
8311,wrong_exchange_rate_for_cash_withdrawal,COLLOQUIAL,33.33,3,6,9,0,0,0,0,0,,False
8312,wrong_exchange_rate_for_cash_withdrawal,COLLOQUIAL,37.5,3,5,8,0,0,0,0,0,,False
8313,wrong_exchange_rate_for_cash_withdrawal,COLLOQUIAL,37.5,3,5,8,0,0,0,0,0,,False
8314,wrong_exchange_rate_for_cash_withdrawal,COLLOQUIAL,12.5,2,14,16,0,0,0,0,0,,False
8315,wrong_exchange_rate_for_cash_withdrawal,COLLOQUIAL,33.33,4,8,12,0,0,0,0,0,,False
8316,wrong_exchange_rate_for_cash_withdrawal,COLLOQUIAL,27.27,3,8,11,0,0,0,0,0,,False
8317,wrong_exchange_rate_for_cash_withdrawal,COLLOQUIAL,18.18,2,9,11,0,0,0,0,0,,False
8318,wrong_exchange_rate_for_cash_withdrawal,COLLOQUIAL,36.36,4,7,11,0,0,0,0,0,,False
8319,wrong_exchange_rate_for_cash_withdrawal,COLLOQUIAL,41.67,5,7,12,0,0,0,0,0,,False
8320,wrong_exchange_rate_for_cash_withdrawal,COLLOQUIAL,33.33,3,6,9,0,0,0,0,0,,False
8321,wrong_exchange_rate_for_cash_withdrawal,COLLOQUIAL,21.43,3,11,14,0,0,0,0,0,,False
8322,wrong_exchange_rate_for_cash_withdrawal,COLLOQUIAL,27.27,3,8,11,0,0,0,0,0,,False
8323,wrong_exchange_rate_for_cash_withdrawal,COLLOQUIAL,12.5,3,21,24,0,0,0,0,0,,False
8324,wrong_exchange_rate_for_cash_withdrawal,COLLOQUIAL,18.18,2,9,11,0,0,0,0,0,,False
8325,wrong_exchange_rate_for_cash_withdrawal,COLLOQUIAL,22.22,2,7,9,0,0,0,0,0,,False
8326,wrong_exchange_rate_for_cash_withdrawal,MIXED,0.0,0,7,7,0,0,0,0,0,,True
8327,wrong_exchange_rate_for_cash_withdrawal,COLLOQUIAL,13.79,4,25,29,0,0,0,0,0,,False
8328,wrong_exchange_rate_for_cash_withdrawal,COLLOQUIAL,18.18,2,9,11,0,0,0,0,0,,False
8329,wrong_exchange_rate_for_cash_withdrawal,COLLOQUIAL,25.0,2,6,8,0,0,0,0,0,,False
8330,wrong_exchange_rate_for_cash_withdrawal,COLLOQUIAL,20.0,3,12,15,0,0,0,0,0,,False
8331,wrong_exchange_rate_for_cash_withdrawal,COLLOQUIAL,33.33,2,4,6,0,0,0,0,0,,False
8332,wrong_exchange_rate_for_cash_withdrawal,COLLOQUIAL,10.0,2,18,20,0,0,0,0,0,,False
8333,wrong_exchange_rate_for_cash_withdrawal,COLLOQUIAL,28.57,5,2,7,0,0,0,0,0,,False
8334,wrong_exchange_rate_for_cash_withdrawal,COLLOQUIAL,7.69,2,24,26,0,0,0,0,0,,False
8335,wrong_exchange_rate_for_cash_withdrawal,COLLOQUIAL,28.57,2,5,7,0,0,0,0,0,,False
8336,wrong_exchange_rate_for_cash_withdrawal,COLLOQUIAL,50.0,6,6,12,0,0,0,0,0,,False
8337,wrong_exchange_rate_for_cash_withdrawal,COLLOQUIAL,30.0,3,7,10,0,0,0,0,0,,False
8338,wrong_exchange_rate_for_cash_withdrawal,COLLOQUIAL,42.86,3,4,7,0,0,0,0,0,,False
8339,wrong_exchange_rate_for_cash_withdrawal,COLLOQUIAL,18.18,2,9,11,0,0,0,0,0,,False
8340,wrong_exchange_rate_for_cash_withdrawal,COLLOQUIAL,33.33,2,4,6,0,0,0,0,0,,False
8341,wrong_exchange_rate_for_cash_withdrawal,COLLOQUIAL,20.0,2,8,10,0,0,0,0,0,,False
8342,wrong_exchange_rate_for_cash_withdrawal,COLLOQUIAL,37.5,3,5,8,0,0,0,0,0,,False
8343,wrong_exchange_rate_for_cash_withdrawal,COLLOQUIAL,44.44,4,5,9,0,0,0,0,0,,False
8344,wrong_exchange_rate_for_cash_withdrawal,COLLOQUIAL,20.83,5,19,24,0,0,0,0,0,,False
8345,wrong_exchange_rate_for_cash_withdrawal,COLLOQUIAL,33.33,3,6,9,0,0,0,0,0,,False
8346,wrong_exchange_rate_for_cash_withdrawal,COLLOQUIAL,5.88,1,16,17,0,0,0,0,0,,False
8347,wrong_exchange_rate_for_cash_withdrawal,COLLOQUIAL,33.33,3,6,9,0,0,0,0,0,,False
8348,wrong_exchange_rate_for_cash_withdrawal,COLLOQUIAL,50.0,5,5,10,0,0,0,0,0,,False
8349,wrong_exchange_rate_for_cash_withdrawal,COLLOQUIAL,33.33,3,6,9,0,0,0,0,0,,False
8350,wrong_exchange_rate_for_cash_withdrawal,COLLOQUIAL,25.0,4,12,16,0,0,0,0,0,,False
8351,wrong_exchange_rate_for_cash_withdrawal,MIXED,4.76,1,20,21,0,0,0,0,0,,True
8352,wrong_exchange_rate_for_cash_withdrawal,COLLOQUIAL,6.67,1,14,15,0,0,0,0,0,,False
8353,wrong_exchange_rate_for_cash_withdrawal,COLLOQUIAL,33.33,3,6,9,0,0,0,0,0,,False
8354,wrong_exchange_rate_for_cash_withdrawal,COLLOQUIAL,25.0,2,6,8,0,0,0,0,0,,False
8355,wrong_exchange_rate_for_cash_withdrawal,COLLOQUIAL,40.0,6,9,15,0,0,0,0,0,,False
8356,wrong_exchange_rate_for_cash_withdrawal,COLLOQUIAL,33.33,6,12,18,0,0,0,0,0,,False
8357,wrong_exchange_rate_for_cash_withdrawal,COLLOQUIAL,12.0,3,22,25,0,0,0,0,0,,False
8358,wrong_exchange_rate_for_cash_withdrawal,COLLOQUIAL,13.33,2,13,15,0,0,0,0,0,,False
8359,wrong_exchange_rate_for_cash_withdrawal,COLLOQUIAL,8.7,2,21,23,0,0,0,0,0,,False
8360,wrong_exchange_rate_for_cash_withdrawal,COLLOQUIAL,44.44,4,5,9,0,0,0,0,0,,False
8361,wrong_exchange_rate_for_cash_withdrawal,COLLOQUIAL,42.86,4,3,7,0,0,0,0,0,,False
8362,wrong_exchange_rate_for_cash_withdrawal,COLLOQUIAL,8.33,2,22,24,0,0,0,0,0,,False
8363,wrong_exchange_rate_for_cash_withdrawal,COLLOQUIAL,20.0,2,8,10,0,0,0,0,0,,False
8364,wrong_exchange_rate_for_cash_withdrawal,COLLOQUIAL,42.86,3,4,7,0,0,0,0,0,,False
8365,wrong_exchange_rate_for_cash_withdrawal,COLLOQUIAL,8.7,2,21,23,0,0,0,0,0,,False
8366,wrong_exchange_rate_for_cash_withdrawal,COLLOQUIAL,22.22,2,7,9,0,0,0,0,0,,False
8367,wrong_exchange_rate_for_cash_withdrawal,COLLOQUIAL,27.27,3,8,11,0,0,0,0,0,,False
8368,wrong_exchange_rate_for_cash_withdrawal,COLLOQUIAL,8.33,1,11,12,0,0,0,0,0,,False
8369,wrong_exchange_rate_for_cash_withdrawal,COLLOQUIAL,37.5,3,5,8,0,0,0,0,0,,False
8370,wrong_exchange_rate_for_cash_withdrawal,COLLOQUIAL,37.5,3,5,8,0,0,0,0,0,,False
8371,get_disposable_virtual_card,COLLOQUIAL,33.33,2,4,6,0,0,0,0,0,,False
8372,get_disposable_virtual_card,COLLOQUIAL,28.57,2,5,7,0,0,0,0,0,,False
8373,get_disposable_virtual_card,COLLOQUIAL,30.0,3,7,10,0,0,0,0,0,,False
8374,get_disposable_virtual_card,COLLOQUIAL,50.0,2,2,4,0,0,0,0,0,,False
8375,get_disposable_virtual_card,COLLOQUIAL,30.77,4,9,13,0,0,0,0,0,,False
8376,get_disposable_virtual_card,COLLOQUIAL,8.33,1,11,12,0,0,0,0,0,,False
8377,get_disposable_virtual_card,COLLOQUIAL,40.0,2,3,5,0,0,0,0,0,,False
8378,get_disposable_virtual_card,COLLOQUIAL,12.5,1,7,8,0,0,0,0,0,,False
8379,get_disposable_virtual_card,COLLOQUIAL,10.0,1,9,10,0,0,0,0,0,,False
8380,get_disposable_virtual_card,COLLOQUIAL,14.29,1,6,7,0,0,0,0,0,,False
8381,get_disposable_virtual_card,COLLOQUIAL,28.57,2,5,7,0,0,0,0,0,,False
8382,get_disposable_virtual_card,COLLOQUIAL,12.5,1,7,8,0,0,0,0,0,,False
8383,get_disposable_virtual_card,COLLOQUIAL,12.5,1,7,8,0,0,0,0,0,,False
8384,get_disposable_virtual_card,COLLOQUIAL,12.5,1,7,8,0,0,0,0,0,,False
8385,get_disposable_virtual_card,COLLOQUIAL,12.5,1,7,8,0,0,0,0,0,,False
8386,get_disposable_virtual_card,COLLOQUIAL,25.0,2,6,8,0,0,0,0,0,,False
8387,get_disposable_virtual_card,MIXED,0.0,0,6,6,0,0,0,0,0,,True
8388,get_disposable_virtual_card,COLLOQUIAL,16.67,1,5,6,0,0,0,0,0,,False
8389,get_disposable_virtual_card,COLLOQUIAL,28.57,2,5,7,0,0,0,0,0,,False
8390,get_disposable_virtual_card,COLLOQUIAL,8.33,1,11,12,0,0,0,0,0,,False
8391,get_disposable_virtual_card,COLLOQUIAL,12.5,1,7,8,0,0,0,0,0,,False
8392,get_disposable_virtual_card,COLLOQUIAL,9.09,1,10,11,0,0,0,0,0,,False
8393,get_disposable_virtual_card,COLLOQUIAL,50.0,3,3,6,0,0,0,0,0,,False
8394,get_disposable_virtual_card,COLLOQUIAL,14.29,1,6,7,0,0,0,0,0,,False
8395,get_disposable_virtual_card,MIXED,0.0,0,6,6,0,0,0,0,0,,True
8396,get_disposable_virtual_card,COLLOQUIAL,14.29,1,6,7,0,0,0,0,0,,False
8397,get_disposable_virtual_card,COLLOQUIAL,12.5,1,7,8,0,0,0,0,0,,False
8398,get_disposable_virtual_card,MIXED,0.0,0,10,10,0,0,0,0,0,,True
8399,get_disposable_virtual_card,COLLOQUIAL,16.67,1,5,6,0,0,0,0,0,,False
8400,get_disposable_virtual_card,COLLOQUIAL,10.0,1,9,10,0,0,0,0,0,,False
8401,get_disposable_virtual_card,COLLOQUIAL,11.54,3,23,26,0,0,0,0,0,,False
8402,get_disposable_virtual_card,COLLOQUIAL,10.0,1,9,10,0,0,0,0,0,,False
8403,get_disposable_virtual_card,COLLOQUIAL,25.0,2,6,8,0,0,0,0,0,,False
8404,get_disposable_virtual_card,COLLOQUIAL,16.67,1,5,6,0,0,0,0,0,,False
8405,get_disposable_virtual_card,COLLOQUIAL,25.0,2,6,8,0,0,0,0,0,,False
8406,get_disposable_virtual_card,COLLOQUIAL,16.67,2,10,12,0,0,0,0,0,,False
8407,get_disposable_virtual_card,COLLOQUIAL,18.18,2,9,11,0,0,0,0,0,,False
8408,get_disposable_virtual_card,COLLOQUIAL,22.22,2,7,9,0,0,0,0,0,,False
8409,get_disposable_virtual_card,MIXED,0.0,0,7,7,0,0,0,0,0,,True
8410,get_disposable_virtual_card,MIXED,0.0,0,8,8,0,0,0,0,0,,True
8411,get_disposable_virtual_card,COLLOQUIAL,40.0,3,2,5,0,0,0,0,0,,False
8412,get_disposable_virtual_card,MIXED,0.0,0,5,5,0,0,0,0,0,,True
8413,get_disposable_virtual_card,COLLOQUIAL,25.0,2,6,8,0,0,0,0,0,,False
8414,get_disposable_virtual_card,COLLOQUIAL,40.0,3,2,5,0,0,0,0,0,,False
8415,get_disposable_virtual_card,COLLOQUIAL,25.0,2,6,8,0,0,0,0,0,,False
8416,get_disposable_virtual_card,MIXED,0.0,0,6,6,0,0,0,0,0,,True
8417,get_disposable_virtual_card,MIXED,0.0,0,11,11,0,0,0,0,0,,True
8418,get_disposable_virtual_card,COLLOQUIAL,44.44,4,5,9,0,0,0,0,0,,False
8419,get_disposable_virtual_card,COLLOQUIAL,50.0,3,3,6,0,0,0,0,0,,False
8420,get_disposable_virtual_card,COLLOQUIAL,23.53,4,13,17,0,0,0,0,0,,False
8421,get_disposable_virtual_card,COLLOQUIAL,28.57,2,5,7,0,0,0,0,0,,False
8422,get_disposable_virtual_card,COLLOQUIAL,40.0,2,3,5,0,0,0,0,0,,False
8423,get_disposable_virtual_card,COLLOQUIAL,27.27,3,8,11,0,0,0,0,0,,False
8424,get_disposable_virtual_card,COLLOQUIAL,40.0,3,2,5,0,0,0,0,0,,False
8425,get_disposable_virtual_card,COLLOQUIAL,33.33,2,4,6,0,0,0,0,0,,False
8426,get_disposable_virtual_card,COLLOQUIAL,33.33,2,4,6,0,0,0,0,0,,False
8427,get_disposable_virtual_card,COLLOQUIAL,33.33,4,2,6,0,0,0,0,0,,False
8428,get_disposable_virtual_card,COLLOQUIAL,33.33,4,2,6,0,0,0,0,0,,False
8429,get_disposable_virtual_card,COLLOQUIAL,42.86,3,4,7,0,0,0,0,0,,False
8430,get_disposable_virtual_card,COLLOQUIAL,40.0,3,2,5,0,0,0,0,0,,False
8431,get_disposable_virtual_card,COLLOQUIAL,44.44,4,5,9,0,0,0,0,0,,False
8432,get_disposable_virtual_card,COLLOQUIAL,42.86,4,3,7,0,0,0,0,0,,False
8433,get_disposable_virtual_card,COLLOQUIAL,25.0,3,1,4,0,0,0,0,0,,False
8434,get_disposable_virtual_card,COLLOQUIAL,42.86,3,4,7,0,0,0,0,0,,False
8435,get_disposable_virtual_card,COLLOQUIAL,28.57,2,5,7,0,0,0,0,0,,False
8436,get_disposable_virtual_card,COLLOQUIAL,50.0,4,4,8,0,0,0,0,0,,False
8437,get_disposable_virtual_card,COLLOQUIAL,50.0,3,3,6,0,0,0,0,0,,False
8438,get_disposable_virtual_card,COLLOQUIAL,40.0,3,2,5,0,0,0,0,0,,False
8439,get_disposable_virtual_card,COLLOQUIAL,40.0,3,2,5,0,0,0,0,0,,False
8440,get_disposable_virtual_card,COLLOQUIAL,33.33,3,6,9,0,0,0,0,0,,False
8441,get_disposable_virtual_card,COLLOQUIAL,45.45,5,6,11,0,0,0,0,0,,False
8442,get_disposable_virtual_card,COLLOQUIAL,40.0,2,3,5,0,0,0,0,0,,False
8443,get_disposable_virtual_card,COLLOQUIAL,37.5,3,5,8,0,0,0,0,0,,False
8444,get_disposable_virtual_card,COLLOQUIAL,42.86,3,4,7,0,0,0,0,0,,False
8445,get_disposable_virtual_card,COLLOQUIAL,44.44,4,5,9,0,0,0,0,0,,False
8446,get_disposable_virtual_card,COLLOQUIAL,36.36,4,7,11,0,0,0,0,0,,False
8447,get_disposable_virtual_card,COLLOQUIAL,40.0,2,3,5,0,0,0,0,0,,False
8448,get_disposable_virtual_card,COLLOQUIAL,50.0,2,2,4,0,0,0,0,0,,False
8449,get_disposable_virtual_card,COLLOQUIAL,40.0,3,2,5,0,0,0,0,0,,False
8450,get_disposable_virtual_card,COLLOQUIAL,33.33,4,2,6,0,0,0,0,0,,False
8451,get_disposable_virtual_card,COLLOQUIAL,44.44,4,5,9,0,0,0,0,0,,False
8452,get_disposable_virtual_card,COLLOQUIAL,41.67,5,7,12,0,0,0,0,0,,False
8453,get_disposable_virtual_card,COLLOQUIAL,40.0,2,3,5,0,0,0,0,0,,False
8454,get_disposable_virtual_card,COLLOQUIAL,28.57,2,5,7,0,0,0,0,0,,False
8455,get_disposable_virtual_card,COLLOQUIAL,42.86,4,3,7,0,0,0,0,0,,False
8456,get_disposable_virtual_card,COLLOQUIAL,33.33,3,6,9,0,0,0,0,0,,False
8457,get_disposable_virtual_card,COLLOQUIAL,50.0,3,3,6,0,0,0,0,0,,False
8458,get_disposable_virtual_card,COLLOQUIAL,7.69,1,12,13,0,0,0,0,0,,False
8459,get_disposable_virtual_card,COLLOQUIAL,30.0,3,7,10,0,0,0,0,0,,False
8460,get_disposable_virtual_card,COLLOQUIAL,33.33,3,6,9,0,0,0,0,0,,False
8461,get_disposable_virtual_card,COLLOQUIAL,42.86,3,4,7,0,0,0,0,0,,False
8462,get_disposable_virtual_card,COLLOQUIAL,22.22,2,7,9,0,0,0,0,0,,False
8463,get_disposable_virtual_card,COLLOQUIAL,18.18,2,9,11,0,0,0,0,0,,False
8464,get_disposable_virtual_card,COLLOQUIAL,25.0,1,3,4,0,0,0,0,0,,False
8465,get_disposable_virtual_card,COLLOQUIAL,50.0,2,2,4,0,0,0,0,0,,False
8466,get_disposable_virtual_card,COLLOQUIAL,23.08,3,10,13,0,0,0,0,0,,False
8467,get_disposable_virtual_card,COLLOQUIAL,40.0,2,3,5,0,0,0,0,0,,False
8468,top_up_failed,MIXED,0.0,0,5,5,0,0,0,0,0,,True
8469,top_up_failed,COLLOQUIAL,33.33,1,2,3,0,0,0,0,0,,False
8470,top_up_failed,MIXED,0.0,0,4,4,0,0,0,0,0,,True
8471,top_up_failed,MIXED,0.0,0,6,6,0,0,0,0,0,,True
8472,top_up_failed,MIXED,0.0,0,5,5,0,0,0,0,0,,True
8473,top_up_failed,MIXED,0.0,0,6,6,0,0,0,0,0,,True
8474,top_up_failed,COLLOQUIAL,16.67,1,5,6,0,0,0,0,0,,False
8475,top_up_failed,MIXED,0.0,0,5,5,0,0,0,0,0,,True
8476,top_up_failed,COLLOQUIAL,12.5,1,7,8,0,0,0,0,0,,False
8477,top_up_failed,COLLOQUIAL,16.67,1,5,6,0,0,0,0,0,,False
8478,top_up_failed,COLLOQUIAL,21.74,5,18,23,0,0,0,0,0,,False
8479,top_up_failed,COLLOQUIAL,26.67,4,11,15,0,0,0,0,0,,False
8480,top_up_failed,COLLOQUIAL,37.5,3,5,8,0,0,0,0,0,,False
8481,top_up_failed,COLLOQUIAL,13.04,3,20,23,0,0,0,0,0,,False
8482,top_up_failed,COLLOQUIAL,20.0,3,12,15,0,0,0,0,0,,False
8483,top_up_failed,MIXED,0.0,0,6,6,0,0,0,0,0,,True
8484,top_up_failed,COLLOQUIAL,16.0,4,21,25,0,0,0,0,0,,False
8485,top_up_failed,MIXED,3.33,1,29,30,0,0,0,0,0,,True
8486,top_up_failed,COLLOQUIAL,33.33,2,4,6,0,0,0,0,0,,False
8487,top_up_failed,COLLOQUIAL,5.88,1,16,17,0,0,0,0,0,,False
8488,top_up_failed,COLLOQUIAL,22.22,2,7,9,0,0,0,0,0,,False
8489,top_up_failed,COLLOQUIAL,25.0,1,3,4,0,0,0,0,0,,False
8490,top_up_failed,COLLOQUIAL,33.33,4,8,12,0,0,0,0,0,,False
8491,top_up_failed,MIXED,0.0,0,12,12,0,0,0,0,0,,True
8492,top_up_failed,COLLOQUIAL,17.39,4,19,23,0,0,0,0,0,,False
8493,top_up_failed,MIXED,0.0,0,8,8,0,0,0,0,0,,True
8494,top_up_failed,MIXED,0.0,0,21,21,0,0,0,0,0,,True
8495,top_up_failed,COLLOQUIAL,33.33,2,4,6,0,0,0,0,0,,False
8496,top_up_failed,COLLOQUIAL,13.04,3,20,23,0,0,0,0,0,,False
8497,top_up_failed,COLLOQUIAL,20.0,1,4,5,0,0,0,0,0,,False
8498,top_up_failed,MIXED,0.0,0,6,6,0,0,0,0,0,,True
8499,top_up_failed,MIXED,0.0,0,6,6,0,0,0,0,0,,True
8500,top_up_failed,COLLOQUIAL,20.0,2,8,10,0,0,0,0,0,,False
8501,top_up_failed,MIXED,0.0,0,6,6,0,0,0,0,0,,True
8502,top_up_failed,MIXED,0.0,0,13,13,0,0,0,0,0,,True
8503,top_up_failed,MIXED,0.0,0,5,5,0,0,0,0,0,,True
8504,top_up_failed,MIXED,0.0,0,9,9,0,0,0,0,0,,True
8505,top_up_failed,MIXED,0.0,0,4,4,0,0,0,0,0,,True
8506,top_up_failed,COLLOQUIAL,8.0,2,23,25,0,0,0,0,0,,False
8507,top_up_failed,COLLOQUIAL,7.41,2,25,27,0,0,0,0,0,,False
8508,top_up_failed,COLLOQUIAL,18.75,3,13,16,0,0,0,0,0,,False
8509,top_up_failed,COLLOQUIAL,11.11,1,8,9,0,0,0,0,0,,False
8510,top_up_failed,COLLOQUIAL,9.09,1,10,11,0,0,0,0,0,,False
8511,top_up_failed,COLLOQUIAL,20.0,1,4,5,0,0,0,0,0,,False
8512,top_up_failed,MIXED,0.0,0,3,3,0,0,0,0,0,,True
8513,top_up_failed,MIXED,0.0,0,8,8,0,0,0,0,0,,True
8514,top_up_failed,COLLOQUIAL,17.65,3,14,17,0,0,0,0,0,,False
8515,top_up_failed,MIXED,0.0,0,4,4,0,0,0,0,0,,True
8516,top_up_failed,MIXED,0.0,0,5,5,0,0,0,0,0,,True
8517,top_up_failed,MIXED,0.0,0,7,7,0,0,0,0,0,,True
8518,top_up_failed,COLLOQUIAL,11.11,1,8,9,0,0,0,0,0,,False
8519,top_up_failed,COLLOQUIAL,7.14,2,26,28,0,0,0,0,0,,False
8520,top_up_failed,COLLOQUIAL,12.5,1,7,8,0,0,0,0,0,,False
8521,top_up_failed,COLLOQUIAL,25.0,1,3,4,0,0,0,0,0,,False
8522,top_up_failed,MIXED,0.0,0,5,5,0,0,0,0,0,,True
8523,top_up_failed,COLLOQUIAL,18.75,3,13,16,0,0,0,0,0,,False
8524,top_up_failed,COLLOQUIAL,25.0,1,3,4,0,0,0,0,0,,False
8525,top_up_failed,MIXED,0.0,0,4,4,0,0,0,0,0,,True
8526,top_up_failed,MIXED,0.0,0,4,4,0,0,0,0,0,,True
8527,top_up_failed,MIXED,0.0,0,9,9,0,0,0,0,0,,True
8528,top_up_failed,MIXED,0.0,0,8,8,0,0,0,0,0,,True
8529,top_up_failed,MIXED,0.0,0,6,6,0,0,0,0,0,,True
8530,top_up_failed,COLLOQUIAL,33.33,1,2,3,0,0,0,0,0,,False
8531,top_up_failed,COLLOQUIAL,14.29,2,12,14,0,0,0,0,0,,False
8532,top_up_failed,COLLOQUIAL,40.0,2,3,5,0,0,0,0,0,,False
8533,top_up_failed,MIXED,0.0,0,22,22,0,0,0,0,0,,True
8534,top_up_failed,MIXED,0.0,0,5,5,0,0,0,0,0,,True
8535,top_up_failed,COLLOQUIAL,25.0,4,12,16,0,0,0,0,0,,False
8536,top_up_failed,MIXED,0.0,0,4,4,0,0,0,0,0,,True
8537,top_up_failed,MIXED,0.0,0,4,4,0,0,0,0,0,,True
8538,top_up_failed,COLLOQUIAL,10.0,1,9,10,0,0,0,0,0,,False
8539,top_up_failed,COLLOQUIAL,10.0,1,9,10,0,0,0,0,0,,False
8540,top_up_failed,COLLOQUIAL,11.11,3,24,27,0,0,0,0,0,,False
8541,top_up_failed,COLLOQUIAL,10.0,1,9,10,0,0,0,0,0,,False
8542,top_up_failed,COLLOQUIAL,26.67,8,22,30,0,0,0,0,0,,False
8543,top_up_failed,COLLOQUIAL,7.69,1,12,13,0,0,0,0,0,,False
8544,top_up_failed,COLLOQUIAL,8.7,2,21,23,0,0,0,0,0,,False
8545,top_up_failed,COLLOQUIAL,16.67,1,5,6,0,0,0,0,0,,False
8546,top_up_failed,MIXED,0.0,0,4,4,0,0,0,0,0,,True
8547,top_up_failed,MIXED,0.0,0,4,4,0,0,0,0,0,,True
8548,top_up_failed,COLLOQUIAL,25.0,1,3,4,0,0,0,0,0,,False
8549,top_up_failed,MIXED,0.0,0,5,5,0,0,0,0,0,,True
8550,top_up_failed,COLLOQUIAL,18.75,3,13,16,0,0,0,0,0,,False
8551,top_up_failed,COLLOQUIAL,20.0,2,8,10,0,0,0,0,0,,False
8552,top_up_failed,COLLOQUIAL,16.67,1,5,6,0,0,0,0,0,,False
8553,top_up_failed,COLLOQUIAL,16.67,2,10,12,0,0,0,0,0,,False
8554,top_up_failed,COLLOQUIAL,13.79,4,25,29,0,0,0,0,0,,False
8555,top_up_failed,COLLOQUIAL,30.77,4,9,13,0,0,0,0,0,,False
8556,top_up_failed,MIXED,0.0,0,4,4,0,0,0,0,0,,True
8557,top_up_failed,MIXED,0.0,0,10,10,0,0,0,0,0,,True
8558,top_up_failed,COLLOQUIAL,22.22,2,7,9,0,0,0,0,0,,False
8559,top_up_failed,COLLOQUIAL,17.86,5,23,28,0,0,0,0,0,,False
8560,top_up_failed,COLLOQUIAL,8.33,1,11,12,0,0,0,0,0,,False
8561,top_up_failed,COLLOQUIAL,11.11,1,8,9,0,0,0,0,0,,False
8562,top_up_failed,MIXED,0.0,0,8,8,0,0,0,0,0,,True
8563,top_up_failed,COLLOQUIAL,25.0,1,3,4,0,0,0,0,0,,False
8564,top_up_failed,COLLOQUIAL,20.0,2,8,10,0,0,0,0,0,,False
8565,top_up_failed,COLLOQUIAL,16.67,1,5,6,0,0,0,0,0,,False
8566,top_up_failed,COLLOQUIAL,14.29,1,6,7,0,0,0,0,0,,False
8567,top_up_failed,MIXED,0.0,0,7,7,0,0,0,0,0,,True
8568,top_up_failed,MIXED,0.0,0,3,3,0,0,0,0,0,,True
8569,top_up_failed,COLLOQUIAL,17.65,3,14,17,0,0,0,0,0,,False
8570,top_up_failed,COLLOQUIAL,19.23,5,21,26,0,0,0,0,0,,False
8571,top_up_failed,COLLOQUIAL,16.67,3,15,18,0,0,0,0,0,,False
8572,top_up_failed,COLLOQUIAL,20.0,2,8,10,0,0,0,0,0,,False
8573,top_up_failed,COLLOQUIAL,20.0,1,4,5,0,0,0,0,0,,False
8574,top_up_failed,COLLOQUIAL,13.89,5,31,36,0,0,0,0,0,,False
8575,top_up_failed,COLLOQUIAL,11.11,1,8,9,0,0,0,0,0,,False
8576,top_up_failed,COLLOQUIAL,30.77,4,9,13,0,0,0,0,0,,False
8577,top_up_failed,COLLOQUIAL,9.09,1,10,11,0,0,0,0,0,,False
8578,top_up_failed,MIXED,4.0,1,24,25,0,0,0,0,0,,True
8579,top_up_failed,MIXED,0.0,0,2,2,0,0,0,0,0,,True
8580,top_up_failed,MIXED,0.0,0,6,6,0,0,0,0,0,,True
8581,top_up_failed,COLLOQUIAL,8.33,2,22,24,0,0,0,0,0,,False
8582,top_up_failed,COLLOQUIAL,33.33,2,4,6,0,0,0,0,0,,False
8583,top_up_failed,COLLOQUIAL,33.33,2,4,6,0,0,0,0,0,,False
8584,top_up_failed,MIXED,0.0,0,29,29,0,0,0,0,0,,True
8585,top_up_failed,COLLOQUIAL,33.33,2,4,6,0,0,0,0,0,,False
8586,top_up_failed,COLLOQUIAL,13.33,4,26,30,0,0,0,0,0,,False
8587,top_up_failed,MIXED,0.0,0,6,6,0,0,0,0,0,,True
8588,top_up_failed,MIXED,0.0,0,3,3,0,0,0,0,0,,True
8589,top_up_failed,COLLOQUIAL,20.0,1,4,5,0,0,0,0,0,,False
8590,top_up_failed,COLLOQUIAL,7.69,2,24,26,0,0,0,0,0,,False
8591,top_up_failed,MIXED,0.0,0,4,4,0,0,0,0,0,,True
8592,top_up_failed,COLLOQUIAL,6.9,2,27,29,0,0,0,0,0,,False
8593,top_up_failed,MIXED,0.0,0,4,4,0,0,0,0,0,,True
8594,top_up_failed,MIXED,0.0,0,13,13,0,0,0,0,0,,True
8595,top_up_failed,COLLOQUIAL,16.67,2,10,12,0,0,0,0,0,,False
8596,top_up_failed,COLLOQUIAL,18.18,2,9,11,0,0,0,0,0,,False
8597,top_up_failed,COLLOQUIAL,16.67,1,5,6,0,0,0,0,0,,False
8598,top_up_failed,MIXED,0.0,0,6,6,0,0,0,0,0,,True
8599,top_up_failed,COLLOQUIAL,33.33,2,4,6,0,0,0,0,0,,False
8600,top_up_failed,MIXED,0.0,0,20,20,0,0,0,0,0,,True
8601,top_up_failed,COLLOQUIAL,25.0,2,6,8,0,0,0,0,0,,False
8602,top_up_failed,COLLOQUIAL,30.0,3,7,10,0,0,0,0,0,,False
8603,top_up_failed,MIXED,0.0,0,5,5,0,0,0,0,0,,True
8604,top_up_failed,MIXED,0.0,0,5,5,0,0,0,0,0,,True
8605,top_up_failed,MIXED,0.0,0,7,7,0,0,0,0,0,,True
8606,top_up_failed,COLLOQUIAL,20.0,2,8,10,0,0,0,0,0,,False
8607,top_up_failed,MIXED,0.0,0,29,29,0,0,0,0,0,,True
8608,top_up_failed,COLLOQUIAL,14.29,1,6,7,0,0,0,0,0,,False
8609,top_up_failed,MIXED,0.0,0,5,5,0,0,0,0,0,,True
8610,top_up_failed,COLLOQUIAL,10.71,3,25,28,0,0,0,0,0,,False
8611,top_up_failed,MIXED,0.0,0,4,4,0,0,0,0,0,,True
8612,top_up_failed,MIXED,3.7,1,26,27,0,0,0,0,0,,True
8613,balance_not_updated_after_bank_transfer,COLLOQUIAL,25.0,1,3,4,0,0,0,0,0,,False
8614,balance_not_updated_after_bank_transfer,MIXED,0.0,0,5,5,0,0,0,0,0,,True
8615,balance_not_updated_after_bank_transfer,COLLOQUIAL,14.29,2,12,14,0,0,0,0,0,,False
8616,balance_not_updated_after_bank_transfer,MIXED,0.0,0,22,22,0,0,0,0,0,,True
8617,balance_not_updated_after_bank_transfer,COLLOQUIAL,14.29,1,6,7,0,0,0,0,0,,False
8618,balance_not_updated_after_bank_transfer,COLLOQUIAL,20.0,1,4,5,0,0,0,0,0,,False
8619,balance_not_updated_after_bank_transfer,COLLOQUIAL,20.0,4,16,20,0,0,0,0,0,,False
8620,balance_not_updated_after_bank_transfer,COLLOQUIAL,25.0,2,6,8,0,0,0,0,0,,False
8621,balance_not_updated_after_bank_transfer,COLLOQUIAL,17.24,5,24,29,0,0,0,0,0,,False
8622,balance_not_updated_after_bank_transfer,COLLOQUIAL,25.0,2,6,8,0,0,0,0,0,,False
8623,balance_not_updated_after_bank_transfer,COLLOQUIAL,22.22,4,14,18,0,0,0,0,0,,False
8624,balance_not_updated_after_bank_transfer,COLLOQUIAL,31.82,7,15,22,0,0,0,0,0,,False
8625,balance_not_updated_after_bank_transfer,COLLOQUIAL,30.77,8,18,26,0,0,0,0,0,,False
8626,balance_not_updated_after_bank_transfer,COLLOQUIAL,22.22,2,7,9,0,0,0,0,0,,False
8627,balance_not_updated_after_bank_transfer,COLLOQUIAL,27.27,3,8,11,0,0,0,0,0,,False
8628,balance_not_updated_after_bank_transfer,COLLOQUIAL,14.29,1,6,7,0,0,0,0,0,,False
8629,balance_not_updated_after_bank_transfer,COLLOQUIAL,15.79,3,16,19,0,0,0,0,0,,False
8630,balance_not_updated_after_bank_transfer,COLLOQUIAL,37.5,3,5,8,0,0,0,0,0,,False
8631,balance_not_updated_after_bank_transfer,COLLOQUIAL,9.09,1,10,11,0,0,0,0,0,,False
8632,balance_not_updated_after_bank_transfer,COLLOQUIAL,16.67,4,20,24,0,0,0,0,0,,False
8633,balance_not_updated_after_bank_transfer,COLLOQUIAL,22.73,5,17,22,0,0,0,0,0,,False
8634,balance_not_updated_after_bank_transfer,COLLOQUIAL,23.08,6,20,26,0,0,0,0,0,,False
8635,balance_not_updated_after_bank_transfer,COLLOQUIAL,37.5,3,5,8,0,0,0,0,0,,False
8636,balance_not_updated_after_bank_transfer,COLLOQUIAL,33.33,3,6,9,0,0,0,0,0,,False
8637,balance_not_updated_after_bank_transfer,COLLOQUIAL,33.33,2,4,6,0,0,0,0,0,,False
8638,balance_not_updated_after_bank_transfer,COLLOQUIAL,33.33,3,6,9,0,0,0,0,0,,False
8639,balance_not_updated_after_bank_transfer,COLLOQUIAL,37.5,3,5,8,0,0,0,0,0,,False
8640,balance_not_updated_after_bank_transfer,COLLOQUIAL,33.33,2,4,6,0,0,0,0,0,,False
8641,balance_not_updated_after_bank_transfer,COLLOQUIAL,18.18,4,18,22,0,0,0,0,0,,False
8642,balance_not_updated_after_bank_transfer,COLLOQUIAL,20.0,2,8,10,0,0,0,0,0,,False
8643,balance_not_updated_after_bank_transfer,COLLOQUIAL,13.04,3,20,23,0,0,0,0,0,,False
8644,balance_not_updated_after_bank_transfer,COLLOQUIAL,20.83,5,19,24,0,0,0,0,0,,False
8645,balance_not_updated_after_bank_transfer,COLLOQUIAL,16.67,1,5,6,0,0,0,0,0,,False
8646,balance_not_updated_after_bank_transfer,COLLOQUIAL,37.5,3,5,8,0,0,0,0,0,,False
8647,balance_not_updated_after_bank_transfer,COLLOQUIAL,42.86,4,3,7,0,0,0,0,0,,False
8648,balance_not_updated_after_bank_transfer,COLLOQUIAL,28.57,2,5,7,0,0,0,0,0,,False
8649,balance_not_updated_after_bank_transfer,COLLOQUIAL,20.0,1,4,5,0,0,0,0,0,,False
8650,balance_not_updated_after_bank_transfer,COLLOQUIAL,28.57,4,10,14,0,0,0,0,0,,False
8651,balance_not_updated_after_bank_transfer,COLLOQUIAL,22.22,2,7,9,0,0,0,0,0,,False
8652,balance_not_updated_after_bank_transfer,COLLOQUIAL,21.05,4,15,19,0,0,0,0,0,,False
8653,balance_not_updated_after_bank_transfer,COLLOQUIAL,33.33,2,4,6,0,0,0,0,0,,False
8654,balance_not_updated_after_bank_transfer,COLLOQUIAL,28.57,2,5,7,0,0,0,0,0,,False
8655,balance_not_updated_after_bank_transfer,COLLOQUIAL,16.67,4,20,24,0,0,0,0,0,,False
8656,balance_not_updated_after_bank_transfer,COLLOQUIAL,25.0,2,6,8,0,0,0,0,0,,False
8657,balance_not_updated_after_bank_transfer,COLLOQUIAL,37.5,3,5,8,0,0,0,0,0,,False
8658,balance_not_updated_after_bank_transfer,COLLOQUIAL,15.38,4,22,26,0,0,0,0,0,,False
8659,balance_not_updated_after_bank_transfer,COLLOQUIAL,27.78,5,13,18,0,0,0,0,0,,False
8660,balance_not_updated_after_bank_transfer,COLLOQUIAL,12.5,1,7,8,0,0,0,0,0,,False
8661,balance_not_updated_after_bank_transfer,COLLOQUIAL,33.33,3,6,9,0,0,0,0,0,,False
8662,balance_not_updated_after_bank_transfer,COLLOQUIAL,22.22,2,7,9,0,0,0,0,0,,False
8663,balance_not_updated_after_bank_transfer,COLLOQUIAL,10.0,2,18,20,0,0,0,0,0,,False
8664,balance_not_updated_after_bank_transfer,COLLOQUIAL,14.29,1,6,7,0,0,0,0,0,,False
8665,balance_not_updated_after_bank_transfer,COLLOQUIAL,12.5,1,7,8,0,0,0,0,0,,False
8666,balance_not_updated_after_bank_transfer,COLLOQUIAL,28.57,2,5,7,0,0,0,0,0,,False
8667,balance_not_updated_after_bank_transfer,COLLOQUIAL,20.0,1,4,5,0,0,0,0,0,,False
8668,balance_not_updated_after_bank_transfer,COLLOQUIAL,16.67,3,15,18,0,0,0,0,0,,False
8669,balance_not_updated_after_bank_transfer,COLLOQUIAL,27.27,3,8,11,0,0,0,0,0,,False
8670,balance_not_updated_after_bank_transfer,COLLOQUIAL,20.0,2,8,10,0,0,0,0,0,,False
8671,balance_not_updated_after_bank_transfer,MIXED,0.0,0,5,5,0,0,0,0,0,,True
8672,balance_not_updated_after_bank_transfer,COLLOQUIAL,25.0,2,6,8,0,0,0,0,0,,False
8673,balance_not_updated_after_bank_transfer,COLLOQUIAL,33.33,3,6,9,0,0,0,0,0,,False
8674,balance_not_updated_after_bank_transfer,COLLOQUIAL,18.75,3,13,16,0,0,0,0,0,,False
8675,balance_not_updated_after_bank_transfer,COLLOQUIAL,27.27,3,8,11,0,0,0,0,0,,False
8676,balance_not_updated_after_bank_transfer,COLLOQUIAL,22.22,2,7,9,0,0,0,0,0,,False
8677,balance_not_updated_after_bank_transfer,COLLOQUIAL,25.0,2,6,8,0,0,0,0,0,,False
8678,balance_not_updated_after_bank_transfer,COLLOQUIAL,16.67,4,20,24,0,0,0,0,0,,False
8679,balance_not_updated_after_bank_transfer,COLLOQUIAL,15.38,2,11,13,0,0,0,0,0,,False
8680,balance_not_updated_after_bank_transfer,COLLOQUIAL,28.57,2,5,7,0,0,0,0,0,,False
8681,balance_not_updated_after_bank_transfer,COLLOQUIAL,25.0,5,15,20,0,0,0,0,0,,False
8682,balance_not_updated_after_bank_transfer,COLLOQUIAL,28.57,2,5,7,0,0,0,0,0,,False
8683,balance_not_updated_after_bank_transfer,COLLOQUIAL,27.27,6,16,22,0,0,0,0,0,,False
8684,balance_not_updated_after_bank_transfer,COLLOQUIAL,25.0,2,6,8,0,0,0,0,0,,False
8685,balance_not_updated_after_bank_transfer,COLLOQUIAL,31.58,6,13,19,0,0,0,0,0,,False
8686,balance_not_updated_after_bank_transfer,COLLOQUIAL,23.08,3,10,13,0,0,0,0,0,,False
8687,balance_not_updated_after_bank_transfer,COLLOQUIAL,33.33,5,10,15,0,0,0,0,0,,False
8688,balance_not_updated_after_bank_transfer,COLLOQUIAL,12.5,3,21,24,0,0,0,0,0,,False
8689,balance_not_updated_after_bank_transfer,COLLOQUIAL,33.33,4,8,12,0,0,0,0,0,,False
8690,balance_not_updated_after_bank_transfer,COLLOQUIAL,37.5,3,5,8,0,0,0,0,0,,False
8691,balance_not_updated_after_bank_transfer,COLLOQUIAL,19.23,5,21,26,0,0,0,0,0,,False
8692,balance_not_updated_after_bank_transfer,COLLOQUIAL,37.5,3,5,8,0,0,0,0,0,,False
8693,balance_not_updated_after_bank_transfer,COLLOQUIAL,50.0,2,2,4,0,0,0,0,0,,False
8694,balance_not_updated_after_bank_transfer,COLLOQUIAL,27.27,3,8,11,0,0,0,0,0,,False
8695,balance_not_updated_after_bank_transfer,COLLOQUIAL,25.0,1,3,4,0,0,0,0,0,,False
8696,balance_not_updated_after_bank_transfer,COLLOQUIAL,37.5,3,5,8,0,0,0,0,0,,False
8697,balance_not_updated_after_bank_transfer,COLLOQUIAL,16.0,4,21,25,0,0,0,0,0,,False
8698,balance_not_updated_after_bank_transfer,COLLOQUIAL,16.67,1,5,6,0,0,0,0,0,,False
8699,balance_not_updated_after_bank_transfer,COLLOQUIAL,50.0,2,2,4,0,0,0,0,0,,False
8700,balance_not_updated_after_bank_transfer,COLLOQUIAL,14.29,1,6,7,0,0,0,0,0,,False
8701,balance_not_updated_after_bank_transfer,COLLOQUIAL,20.83,5,19,24,0,0,0,0,0,,False
8702,balance_not_updated_after_bank_transfer,COLLOQUIAL,36.36,4,7,11,0,0,0,0,0,,False
8703,balance_not_updated_after_bank_transfer,COLLOQUIAL,50.0,2,2,4,0,0,0,0,0,,False
8704,balance_not_updated_after_bank_transfer,COLLOQUIAL,11.11,1,8,9,0,0,0,0,0,,False
8705,balance_not_updated_after_bank_transfer,COLLOQUIAL,12.0,3,22,25,0,0,0,0,0,,False
8706,balance_not_updated_after_bank_transfer,COLLOQUIAL,16.67,1,5,6,0,0,0,0,0,,False
8707,balance_not_updated_after_bank_transfer,COLLOQUIAL,21.05,4,15,19,0,0,0,0,0,,False
8708,balance_not_updated_after_bank_transfer,COLLOQUIAL,22.22,2,7,9,0,0,0,0,0,,False
8709,balance_not_updated_after_bank_transfer,COLLOQUIAL,21.74,5,18,23,0,0,0,0,0,,False
8710,balance_not_updated_after_bank_transfer,COLLOQUIAL,18.18,2,9,11,0,0,0,0,0,,False
8711,balance_not_updated_after_bank_transfer,COLLOQUIAL,14.29,3,18,21,0,0,0,0,0,,False
8712,balance_not_updated_after_bank_transfer,COLLOQUIAL,18.18,4,18,22,0,0,0,0,0,,False
8713,balance_not_updated_after_bank_transfer,COLLOQUIAL,14.29,1,6,7,0,0,0,0,0,,False
8714,balance_not_updated_after_bank_transfer,COLLOQUIAL,28.57,2,5,7,0,0,0,0,0,,False
8715,balance_not_updated_after_bank_transfer,COLLOQUIAL,25.0,1,3,4,0,0,0,0,0,,False
8716,balance_not_updated_after_bank_transfer,COLLOQUIAL,33.33,2,4,6,0,0,0,0,0,,False
8717,balance_not_updated_after_bank_transfer,COLLOQUIAL,14.29,2,12,14,0,0,0,0,0,,False
8718,balance_not_updated_after_bank_transfer,COLLOQUIAL,15.38,4,22,26,0,0,0,0,0,,False
8719,balance_not_updated_after_bank_transfer,COLLOQUIAL,40.0,2,3,5,0,0,0,0,0,,False
8720,balance_not_updated_after_bank_transfer,COLLOQUIAL,20.0,2,8,10,0,0,0,0,0,,False
8721,balance_not_updated_after_bank_transfer,COLLOQUIAL,14.29,1,6,7,0,0,0,0,0,,False
8722,balance_not_updated_after_bank_transfer,MIXED,0.0,0,6,6,0,0,0,0,0,,True
8723,balance_not_updated_after_bank_transfer,COLLOQUIAL,11.11,2,16,18,0,0,0,0,0,,False
8724,balance_not_updated_after_bank_transfer,COLLOQUIAL,21.05,4,15,19,0,0,0,0,0,,False
8725,balance_not_updated_after_bank_transfer,COLLOQUIAL,33.33,3,6,9,0,0,0,0,0,,False
8726,balance_not_updated_after_bank_transfer,COLLOQUIAL,28.57,2,5,7,0,0,0,0,0,,False
8727,balance_not_updated_after_bank_transfer,COLLOQUIAL,16.67,1,5,6,0,0,0,0,0,,False
8728,balance_not_updated_after_bank_transfer,COLLOQUIAL,23.81,5,16,21,0,0,0,0,0,,False
8729,balance_not_updated_after_bank_transfer,COLLOQUIAL,36.36,4,7,11,0,0,0,0,0,,False
8730,balance_not_updated_after_bank_transfer,COLLOQUIAL,20.0,2,8,10,0,0,0,0,0,,False
8731,balance_not_updated_after_bank_transfer,COLLOQUIAL,44.44,4,5,9,0,0,0,0,0,,False
8732,balance_not_updated_after_bank_transfer,COLLOQUIAL,33.33,2,4,6,0,0,0,0,0,,False
8733,balance_not_updated_after_bank_transfer,COLLOQUIAL,25.0,2,6,8,0,0,0,0,0,,False
8734,balance_not_updated_after_bank_transfer,COLLOQUIAL,14.29,1,6,7,0,0,0,0,0,,False
8735,balance_not_updated_after_bank_transfer,COLLOQUIAL,33.33,3,6,9,0,0,0,0,0,,False
8736,balance_not_updated_after_bank_transfer,COLLOQUIAL,11.11,1,8,9,0,0,0,0,0,,False
8737,balance_not_updated_after_bank_transfer,COLLOQUIAL,15.79,3,16,19,0,0,0,0,0,,False
8738,balance_not_updated_after_bank_transfer,COLLOQUIAL,21.05,4,15,19,0,0,0,0,0,,False
8739,balance_not_updated_after_bank_transfer,COLLOQUIAL,28.57,2,5,7,0,0,0,0,0,,False
8740,balance_not_updated_after_bank_transfer,COLLOQUIAL,25.0,3,9,12,0,0,0,0,0,,False
8741,balance_not_updated_after_bank_transfer,COLLOQUIAL,20.0,2,8,10,0,0,0,0,0,,False
8742,balance_not_updated_after_bank_transfer,COLLOQUIAL,25.0,2,6,8,0,0,0,0,0,,False
8743,balance_not_updated_after_bank_transfer,COLLOQUIAL,25.0,3,9,12,0,0,0,0,0,,False
8744,balance_not_updated_after_bank_transfer,COLLOQUIAL,50.0,3,3,6,0,0,0,0,0,,False
8745,balance_not_updated_after_bank_transfer,COLLOQUIAL,20.0,2,8,10,0,0,0,0,0,,False
8746,balance_not_updated_after_bank_transfer,COLLOQUIAL,22.22,6,21,27,0,0,0,0,0,,False
8747,balance_not_updated_after_bank_transfer,COLLOQUIAL,40.0,4,6,10,0,0,0,0,0,,False
8748,balance_not_updated_after_bank_transfer,COLLOQUIAL,20.0,5,20,25,0,0,0,0,0,,False
8749,balance_not_updated_after_bank_transfer,COLLOQUIAL,20.0,2,8,10,0,0,0,0,0,,False
8750,balance_not_updated_after_bank_transfer,COLLOQUIAL,28.57,2,5,7,0,0,0,0,0,,False
8751,balance_not_updated_after_bank_transfer,COLLOQUIAL,20.0,5,20,25,0,0,0,0,0,,False
8752,balance_not_updated_after_bank_transfer,COLLOQUIAL,25.0,1,3,4,0,0,0,0,0,,False
8753,balance_not_updated_after_bank_transfer,MIXED,0.0,0,9,9,0,0,0,0,0,,True
8754,balance_not_updated_after_bank_transfer,MIXED,0.0,0,8,8,0,0,0,0,0,,True
8755,balance_not_updated_after_bank_transfer,COLLOQUIAL,11.11,1,8,9,0,0,0,0,0,,False
8756,balance_not_updated_after_bank_transfer,COLLOQUIAL,8.0,2,23,25,0,0,0,0,0,,False
8757,balance_not_updated_after_bank_transfer,MIXED,0.0,0,6,6,0,0,0,0,0,,True
8758,balance_not_updated_after_bank_transfer,COLLOQUIAL,27.27,3,8,11,0,0,0,0,0,,False
8759,balance_not_updated_after_bank_transfer,COLLOQUIAL,20.0,2,8,10,0,0,0,0,0,,False
8760,balance_not_updated_after_bank_transfer,COLLOQUIAL,15.0,3,17,20,0,0,0,0,0,,False
8761,balance_not_updated_after_bank_transfer,COLLOQUIAL,50.0,2,2,4,0,0,0,0,0,,False
8762,balance_not_updated_after_bank_transfer,MIXED,0.0,0,8,8,0,0,0,0,0,,True
8763,balance_not_updated_after_bank_transfer,MIXED,0.0,0,5,5,0,0,0,0,0,,True
8764,balance_not_updated_after_bank_transfer,MIXED,0.0,0,15,15,0,0,0,0,0,,True
8765,balance_not_updated_after_bank_transfer,MIXED,0.0,0,8,8,0,0,0,0,0,,True
8766,balance_not_updated_after_bank_transfer,COLLOQUIAL,10.0,1,9,10,0,0,0,0,0,,False
8767,balance_not_updated_after_bank_transfer,COLLOQUIAL,16.67,1,5,6,0,0,0,0,0,,False
8768,balance_not_updated_after_bank_transfer,COLLOQUIAL,14.29,1,6,7,0,0,0,0,0,,False
8769,balance_not_updated_after_bank_transfer,COLLOQUIAL,16.67,1,5,6,0,0,0,0,0,,False
8770,balance_not_updated_after_bank_transfer,COLLOQUIAL,18.52,5,22,27,0,0,0,0,0,,False
8771,balance_not_updated_after_bank_transfer,COLLOQUIAL,14.29,3,18,21,0,0,0,0,0,,False
8772,balance_not_updated_after_bank_transfer,COLLOQUIAL,12.5,1,7,8,0,0,0,0,0,,False
8773,balance_not_updated_after_bank_transfer,COLLOQUIAL,50.0,2,2,4,0,0,0,0,0,,False
8774,balance_not_updated_after_bank_transfer,COLLOQUIAL,25.0,1,3,4,0,0,0,0,0,,False
8775,balance_not_updated_after_bank_transfer,COLLOQUIAL,40.0,4,6,10,0,0,0,0,0,,False
8776,balance_not_updated_after_bank_transfer,COLLOQUIAL,50.0,3,3,6,0,0,0,0,0,,False
8777,balance_not_updated_after_bank_transfer,COLLOQUIAL,10.0,1,9,10,0,0,0,0,0,,False
8778,balance_not_updated_after_bank_transfer,COLLOQUIAL,15.38,4,22,26,0,0,0,0,0,,False
8779,balance_not_updated_after_bank_transfer,MIXED,0.0,0,7,7,0,0,0,0,0,,True
8780,balance_not_updated_after_bank_transfer,COLLOQUIAL,40.0,2,3,5,0,0,0,0,0,,False
8781,balance_not_updated_after_bank_transfer,COLLOQUIAL,16.67,2,10,12,0,0,0,0,0,,False
8782,balance_not_updated_after_bank_transfer,COLLOQUIAL,16.67,2,10,12,0,0,0,0,0,,False
8783,balance_not_updated_after_bank_transfer,COLLOQUIAL,7.69,2,24,26,0,0,0,0,0,,False
8784,cash_withdrawal_not_recognised,MIXED,0.0,0,11,11,0,0,0,0,0,,True
8785,cash_withdrawal_not_recognised,MIXED,0.0,0,7,7,0,0,0,0,0,,True
8786,cash_withdrawal_not_recognised,MIXED,0.0,0,11,11,0,0,0,0,0,,True
8787,cash_withdrawal_not_recognised,COLLOQUIAL,5.0,1,19,20,0,0,0,0,0,,False
8788,cash_withdrawal_not_recognised,COLLOQUIAL,13.64,3,19,22,0,0,0,0,0,,False
8789,cash_withdrawal_not_recognised,MIXED,0.0,0,7,7,0,0,0,0,0,,True
8790,cash_withdrawal_not_recognised,COLLOQUIAL,10.53,2,17,19,0,0,0,0,0,,False
8791,cash_withdrawal_not_recognised,COLLOQUIAL,5.0,1,19,20,0,0,0,0,0,,False
8792,cash_withdrawal_not_recognised,MIXED,0.0,0,11,11,0,0,0,0,0,,True
8793,cash_withdrawal_not_recognised,COLLOQUIAL,14.29,2,12,14,0,0,0,0,0,,False
8794,cash_withdrawal_not_recognised,COLLOQUIAL,14.81,4,23,27,0,0,0,0,0,,False
8795,cash_withdrawal_not_recognised,COLLOQUIAL,12.5,1,7,8,0,0,0,0,0,,False
8796,cash_withdrawal_not_recognised,COLLOQUIAL,25.0,4,12,16,0,0,0,0,0,,False
8797,cash_withdrawal_not_recognised,COLLOQUIAL,25.0,2,6,8,0,0,0,0,0,,False
8798,cash_withdrawal_not_recognised,COLLOQUIAL,12.5,1,7,8,0,0,0,0,0,,False
8799,cash_withdrawal_not_recognised,COLLOQUIAL,16.0,4,21,25,0,0,0,0,0,,False
8800,cash_withdrawal_not_recognised,COLLOQUIAL,18.52,5,22,27,0,0,0,0,0,,False
8801,cash_withdrawal_not_recognised,COLLOQUIAL,25.0,2,6,8,0,0,0,0,0,,False
8802,cash_withdrawal_not_recognised,MIXED,0.0,0,3,3,0,0,0,0,0,,True
8803,cash_withdrawal_not_recognised,COLLOQUIAL,16.67,1,5,6,0,0,0,0,0,,False
8804,cash_withdrawal_not_recognised,COLLOQUIAL,11.11,1,8,9,0,0,0,0,0,,False
8805,cash_withdrawal_not_recognised,COLLOQUIAL,20.0,2,8,10,0,0,0,0,0,,False
8806,cash_withdrawal_not_recognised,COLLOQUIAL,18.18,2,9,11,0,0,0,0,0,,False
8807,cash_withdrawal_not_recognised,MIXED,0.0,0,7,7,0,0,0,0,0,,True
8808,cash_withdrawal_not_recognised,COLLOQUIAL,23.81,5,16,21,0,0,0,0,0,,False
8809,cash_withdrawal_not_recognised,COLLOQUIAL,15.79,3,16,19,0,0,0,0,0,,False
8810,cash_withdrawal_not_recognised,COLLOQUIAL,18.52,5,22,27,0,0,0,0,0,,False
8811,cash_withdrawal_not_recognised,COLLOQUIAL,16.67,2,10,12,0,0,0,0,0,,False
8812,cash_withdrawal_not_recognised,COLLOQUIAL,18.18,6,27,33,0,0,0,0,0,,False
8813,cash_withdrawal_not_recognised,COLLOQUIAL,20.69,6,23,29,0,0,0,0,0,,False
8814,cash_withdrawal_not_recognised,COLLOQUIAL,7.14,1,13,14,0,0,0,0,0,,False
8815,cash_withdrawal_not_recognised,COLLOQUIAL,9.09,2,20,22,0,0,0,0,0,,False
8816,cash_withdrawal_not_recognised,COLLOQUIAL,28.57,2,5,7,0,0,0,0,0,,False
8817,cash_withdrawal_not_recognised,COLLOQUIAL,16.67,1,5,6,0,0,0,0,0,,False
8818,cash_withdrawal_not_recognised,COLLOQUIAL,18.18,2,9,11,0,0,0,0,0,,False
8819,cash_withdrawal_not_recognised,COLLOQUIAL,16.67,1,5,6,0,0,0,0,0,,False
8820,cash_withdrawal_not_recognised,COLLOQUIAL,14.29,3,18,21,0,0,0,0,0,,False
8821,cash_withdrawal_not_recognised,COLLOQUIAL,21.43,6,22,28,0,0,0,0,0,,False
8822,cash_withdrawal_not_recognised,COLLOQUIAL,14.29,2,12,14,0,0,0,0,0,,False
8823,cash_withdrawal_not_recognised,COLLOQUIAL,20.0,3,12,15,0,0,0,0,0,,False
8824,cash_withdrawal_not_recognised,COLLOQUIAL,25.0,2,6,8,0,0,0,0,0,,False
8825,cash_withdrawal_not_recognised,COLLOQUIAL,25.0,2,6,8,0,0,0,0,0,,False
8826,cash_withdrawal_not_recognised,COLLOQUIAL,14.29,1,6,7,0,0,0,0,0,,False
8827,cash_withdrawal_not_recognised,COLLOQUIAL,14.29,1,6,7,0,0,0,0,0,,False
8828,cash_withdrawal_not_recognised,COLLOQUIAL,12.5,1,7,8,0,0,0,0,0,,False
8829,cash_withdrawal_not_recognised,COLLOQUIAL,11.11,1,8,9,0,0,0,0,0,,False
8830,cash_withdrawal_not_recognised,COLLOQUIAL,17.65,3,14,17,0,0,0,0,0,,False
8831,cash_withdrawal_not_recognised,COLLOQUIAL,19.23,5,21,26,0,0,0,0,0,,False
8832,cash_withdrawal_not_recognised,COLLOQUIAL,22.22,2,7,9,0,0,0,0,0,,False
8833,cash_withdrawal_not_recognised,COLLOQUIAL,25.0,2,6,8,0,0,0,0,0,,False
8834,cash_withdrawal_not_recognised,COLLOQUIAL,11.54,3,23,26,0,0,0,0,0,,False
8835,cash_withdrawal_not_recognised,COLLOQUIAL,33.33,3,6,9,0,0,0,0,0,,False
8836,cash_withdrawal_not_recognised,COLLOQUIAL,33.33,3,6,9,0,0,0,0,0,,False
8837,cash_withdrawal_not_recognised,COLLOQUIAL,20.0,2,8,10,0,0,0,0,0,,False
8838,cash_withdrawal_not_recognised,COLLOQUIAL,33.33,2,4,6,0,0,0,0,0,,False
8839,cash_withdrawal_not_recognised,COLLOQUIAL,27.27,3,8,11,0,0,0,0,0,,False
8840,cash_withdrawal_not_recognised,COLLOQUIAL,40.0,4,6,10,0,0,0,0,0,,False
8841,cash_withdrawal_not_recognised,COLLOQUIAL,14.29,1,6,7,0,0,0,0,0,,False
8842,cash_withdrawal_not_recognised,COLLOQUIAL,16.67,1,5,6,0,0,0,0,0,,False
8843,cash_withdrawal_not_recognised,COLLOQUIAL,14.29,1,6,7,0,0,0,0,0,,False
8844,cash_withdrawal_not_recognised,COLLOQUIAL,16.67,1,5,6,0,0,0,0,0,,False
8845,cash_withdrawal_not_recognised,COLLOQUIAL,22.22,2,7,9,0,0,0,0,0,,False
8846,cash_withdrawal_not_recognised,COLLOQUIAL,11.54,3,23,26,0,0,0,0,0,,False
8847,cash_withdrawal_not_recognised,COLLOQUIAL,14.81,4,23,27,0,0,0,0,0,,False
8848,cash_withdrawal_not_recognised,COLLOQUIAL,27.27,3,8,11,0,0,0,0,0,,False
8849,cash_withdrawal_not_recognised,COLLOQUIAL,20.0,3,12,15,0,0,0,0,0,,False
8850,cash_withdrawal_not_recognised,COLLOQUIAL,8.33,1,11,12,0,0,0,0,0,,False
8851,cash_withdrawal_not_recognised,COLLOQUIAL,14.29,3,18,21,0,0,0,0,0,,False
8852,cash_withdrawal_not_recognised,COLLOQUIAL,7.14,1,13,14,0,0,0,0,0,,False
8853,cash_withdrawal_not_recognised,COLLOQUIAL,18.75,3,13,16,0,0,0,0,0,,False
8854,cash_withdrawal_not_recognised,COLLOQUIAL,20.0,2,8,10,0,0,0,0,0,,False
8855,cash_withdrawal_not_recognised,COLLOQUIAL,12.5,2,14,16,0,0,0,0,0,,False
8856,cash_withdrawal_not_recognised,COLLOQUIAL,18.18,2,9,11,0,0,0,0,0,,False
8857,cash_withdrawal_not_recognised,COLLOQUIAL,22.22,2,7,9,0,0,0,0,0,,False
8858,cash_withdrawal_not_recognised,COLLOQUIAL,25.93,7,20,27,0,0,0,0,0,,False
8859,cash_withdrawal_not_recognised,COLLOQUIAL,10.0,1,9,10,0,0,0,0,0,,False
8860,cash_withdrawal_not_recognised,COLLOQUIAL,16.67,1,5,6,0,0,0,0,0,,False
8861,cash_withdrawal_not_recognised,COLLOQUIAL,26.67,4,11,15,0,0,0,0,0,,False
8862,cash_withdrawal_not_recognised,COLLOQUIAL,12.5,3,21,24,0,0,0,0,0,,False
8863,cash_withdrawal_not_recognised,COLLOQUIAL,14.29,2,12,14,0,0,0,0,0,,False
8864,cash_withdrawal_not_recognised,COLLOQUIAL,13.79,4,25,29,0,0,0,0,0,,False
8865,cash_withdrawal_not_recognised,COLLOQUIAL,22.22,2,7,9,0,0,0,0,0,,False
8866,cash_withdrawal_not_recognised,COLLOQUIAL,22.22,2,7,9,0,0,0,0,0,,False
8867,cash_withdrawal_not_recognised,COLLOQUIAL,16.67,2,10,12,0,0,0,0,0,,False
8868,cash_withdrawal_not_recognised,COLLOQUIAL,28.57,4,10,14,0,0,0,0,0,,False
8869,cash_withdrawal_not_recognised,COLLOQUIAL,12.5,1,7,8,0,0,0,0,0,,False
8870,cash_withdrawal_not_recognised,COLLOQUIAL,11.76,2,15,17,0,0,0,0,0,,False
8871,cash_withdrawal_not_recognised,COLLOQUIAL,28.57,2,5,7,0,0,0,0,0,,False
8872,cash_withdrawal_not_recognised,COLLOQUIAL,10.0,1,9,10,0,0,0,0,0,,False
8873,cash_withdrawal_not_recognised,COLLOQUIAL,28.57,2,5,7,0,0,0,0,0,,False
8874,cash_withdrawal_not_recognised,COLLOQUIAL,15.38,4,22,26,0,0,0,0,0,,False
8875,cash_withdrawal_not_recognised,COLLOQUIAL,33.33,4,8,12,0,0,0,0,0,,False
8876,cash_withdrawal_not_recognised,COLLOQUIAL,18.18,2,9,11,0,0,0,0,0,,False
8877,cash_withdrawal_not_recognised,COLLOQUIAL,17.24,5,24,29,0,0,0,0,0,,False
8878,cash_withdrawal_not_recognised,COLLOQUIAL,5.88,1,16,17,0,0,0,0,0,,False
8879,cash_withdrawal_not_recognised,COLLOQUIAL,25.0,3,9,12,0,0,0,0,0,,False
8880,cash_withdrawal_not_recognised,COLLOQUIAL,22.22,2,7,9,0,0,0,0,0,,False
8881,cash_withdrawal_not_recognised,COLLOQUIAL,10.0,1,9,10,0,0,0,0,0,,False
8882,cash_withdrawal_not_recognised,COLLOQUIAL,20.0,1,4,5,0,0,0,0,0,,False
8883,cash_withdrawal_not_recognised,COLLOQUIAL,12.5,1,7,8,0,0,0,0,0,,False
8884,cash_withdrawal_not_recognised,COLLOQUIAL,11.11,1,8,9,0,0,0,0,0,,False
8885,cash_withdrawal_not_recognised,COLLOQUIAL,22.22,2,7,9,0,0,0,0,0,,False
8886,cash_withdrawal_not_recognised,COLLOQUIAL,20.0,1,4,5,0,0,0,0,0,,False
8887,cash_withdrawal_not_recognised,COLLOQUIAL,33.33,3,6,9,0,0,0,0,0,,False
8888,cash_withdrawal_not_recognised,COLLOQUIAL,20.59,7,27,34,0,0,0,0,0,,False
8889,cash_withdrawal_not_recognised,COLLOQUIAL,20.0,3,12,15,0,0,0,0,0,,False
8890,cash_withdrawal_not_recognised,COLLOQUIAL,25.0,2,6,8,0,0,0,0,0,,False
8891,cash_withdrawal_not_recognised,MIXED,0.0,0,6,6,0,0,0,0,0,,True
8892,cash_withdrawal_not_recognised,COLLOQUIAL,22.22,2,7,9,0,0,0,0,0,,False
8893,cash_withdrawal_not_recognised,COLLOQUIAL,23.81,5,16,21,0,0,0,0,0,,False
8894,cash_withdrawal_not_recognised,COLLOQUIAL,16.67,2,10,12,0,0,0,0,0,,False
8895,cash_withdrawal_not_recognised,COLLOQUIAL,25.0,7,21,28,0,0,0,0,0,,False
8896,cash_withdrawal_not_recognised,COLLOQUIAL,11.11,1,8,9,0,0,0,0,0,,False
8897,cash_withdrawal_not_recognised,COLLOQUIAL,18.18,2,9,11,0,0,0,0,0,,False
8898,cash_withdrawal_not_recognised,COLLOQUIAL,8.7,2,21,23,0,0,0,0,0,,False
8899,cash_withdrawal_not_recognised,MIXED,0.0,0,5,5,0,0,0,0,0,,True
8900,cash_withdrawal_not_recognised,COLLOQUIAL,12.5,1,7,8,0,0,0,0,0,,False
8901,cash_withdrawal_not_recognised,MIXED,0.0,0,8,8,0,0,0,0,0,,True
8902,cash_withdrawal_not_recognised,COLLOQUIAL,23.08,3,10,13,0,0,0,0,0,,False
8903,cash_withdrawal_not_recognised,COLLOQUIAL,22.22,2,7,9,0,0,0,0,0,,False
8904,cash_withdrawal_not_recognised,COLLOQUIAL,30.77,4,9,13,0,0,0,0,0,,False
8905,cash_withdrawal_not_recognised,COLLOQUIAL,12.5,1,7,8,0,0,0,0,0,,False
8906,cash_withdrawal_not_recognised,COLLOQUIAL,14.29,2,12,14,0,0,0,0,0,,False
8907,cash_withdrawal_not_recognised,COLLOQUIAL,17.65,3,14,17,0,0,0,0,0,,False
8908,cash_withdrawal_not_recognised,COLLOQUIAL,16.67,2,10,12,0,0,0,0,0,,False
8909,cash_withdrawal_not_recognised,COLLOQUIAL,22.22,2,7,9,0,0,0,0,0,,False
8910,cash_withdrawal_not_recognised,COLLOQUIAL,12.5,1,7,8,0,0,0,0,0,,False
8911,cash_withdrawal_not_recognised,COLLOQUIAL,20.0,2,8,10,0,0,0,0,0,,False
8912,cash_withdrawal_not_recognised,COLLOQUIAL,36.36,4,7,11,0,0,0,0,0,,False
8913,cash_withdrawal_not_recognised,COLLOQUIAL,11.11,1,8,9,0,0,0,0,0,,False
8914,cash_withdrawal_not_recognised,COLLOQUIAL,12.5,2,14,16,0,0,0,0,0,,False
8915,cash_withdrawal_not_recognised,COLLOQUIAL,14.29,1,6,7,0,0,0,0,0,,False
8916,cash_withdrawal_not_recognised,COLLOQUIAL,15.38,4,22,26,0,0,0,0,0,,False
8917,cash_withdrawal_not_recognised,COLLOQUIAL,10.53,2,17,19,0,0,0,0,0,,False
8918,cash_withdrawal_not_recognised,COLLOQUIAL,22.73,5,17,22,0,0,0,0,0,,False
8919,cash_withdrawal_not_recognised,COLLOQUIAL,11.11,1,8,9,0,0,0,0,0,,False
8920,cash_withdrawal_not_recognised,COLLOQUIAL,16.67,2,10,12,0,0,0,0,0,,False
8921,cash_withdrawal_not_recognised,COLLOQUIAL,12.5,1,7,8,0,0,0,0,0,,False
8922,cash_withdrawal_not_recognised,COLLOQUIAL,22.22,2,7,9,0,0,0,0,0,,False
8923,cash_withdrawal_not_recognised,COLLOQUIAL,12.5,1,7,8,0,0,0,0,0,,False
8924,cash_withdrawal_not_recognised,COLLOQUIAL,22.22,2,7,9,0,0,0,0,0,,False
8925,cash_withdrawal_not_recognised,COLLOQUIAL,14.29,1,6,7,0,0,0,0,0,,False
8926,cash_withdrawal_not_recognised,COLLOQUIAL,25.0,2,6,8,0,0,0,0,0,,False
8927,cash_withdrawal_not_recognised,COLLOQUIAL,14.29,1,6,7,0,0,0,0,0,,False
8928,cash_withdrawal_not_recognised,MIXED,0.0,0,15,15,0,0,0,0,0,,True
8929,cash_withdrawal_not_recognised,COLLOQUIAL,28.57,2,5,7,0,0,0,0,0,,False
8930,cash_withdrawal_not_recognised,COLLOQUIAL,27.27,3,8,11,0,0,0,0,0,,False
8931,cash_withdrawal_not_recognised,COLLOQUIAL,22.22,2,7,9,0,0,0,0,0,,False
8932,cash_withdrawal_not_recognised,COLLOQUIAL,21.05,4,15,19,0,0,0,0,0,,False
8933,cash_withdrawal_not_recognised,COLLOQUIAL,22.22,6,21,27,0,0,0,0,0,,False
8934,cash_withdrawal_not_recognised,COLLOQUIAL,30.0,3,7,10,0,0,0,0,0,,False
8935,cash_withdrawal_not_recognised,COLLOQUIAL,22.22,2,7,9,0,0,0,0,0,,False
8936,cash_withdrawal_not_recognised,COLLOQUIAL,25.0,2,6,8,0,0,0,0,0,,False
8937,cash_withdrawal_not_recognised,COLLOQUIAL,20.0,2,8,10,0,0,0,0,0,,False
8938,cash_withdrawal_not_recognised,COLLOQUIAL,28.57,2,5,7,0,0,0,0,0,,False
8939,cash_withdrawal_not_recognised,COLLOQUIAL,19.05,4,17,21,0,0,0,0,0,,False
8940,cash_withdrawal_not_recognised,COLLOQUIAL,28.57,2,5,7,0,0,0,0,0,,False
8941,cash_withdrawal_not_recognised,COLLOQUIAL,33.33,4,8,12,0,0,0,0,0,,False
8942,cash_withdrawal_not_recognised,COLLOQUIAL,18.18,2,9,11,0,0,0,0,0,,False
8943,cash_withdrawal_not_recognised,COLLOQUIAL,25.0,2,6,8,0,0,0,0,0,,False
8944,exchange_charge,COLLOQUIAL,33.33,2,1,3,0,0,0,0,0,,False
8945,exchange_charge,COLLOQUIAL,50.0,4,4,8,0,0,0,0,0,,False
8946,exchange_charge,COLLOQUIAL,22.22,2,7,9,0,0,0,0,0,,False
8947,exchange_charge,COLLOQUIAL,12.5,1,7,8,0,0,0,0,0,,False
8948,exchange_charge,COLLOQUIAL,25.0,3,1,4,0,0,0,0,0,,False
8949,exchange_charge,COLLOQUIAL,50.0,3,3,6,0,0,0,0,0,,False
8950,exchange_charge,COLLOQUIAL,50.0,2,2,4,0,0,0,0,0,,False
8951,exchange_charge,COLLOQUIAL,44.44,4,5,9,0,0,0,0,0,,False
8952,exchange_charge,COLLOQUIAL,42.86,4,3,7,0,0,0,0,0,,False
8953,exchange_charge,COLLOQUIAL,28.57,2,5,7,0,0,0,0,0,,False
8954,exchange_charge,COLLOQUIAL,40.0,2,3,5,0,0,0,0,0,,False
8955,exchange_charge,COLLOQUIAL,42.86,3,4,7,0,0,0,0,0,,False
8956,exchange_charge,COLLOQUIAL,50.0,3,3,6,0,0,0,0,0,,False
8957,exchange_charge,COLLOQUIAL,42.86,3,4,7,0,0,0,0,0,,False
8958,exchange_charge,COLLOQUIAL,33.33,2,1,3,0,0,0,0,0,,False
8959,exchange_charge,COLLOQUIAL,40.0,2,3,5,0,0,0,0,0,,False
8960,exchange_charge,COLLOQUIAL,16.67,1,5,6,0,0,0,0,0,,False
8961,exchange_charge,COLLOQUIAL,25.0,2,6,8,0,0,0,0,0,,False
8962,exchange_charge,COLLOQUIAL,20.0,1,4,5,0,0,0,0,0,,False
8963,exchange_charge,COLLOQUIAL,33.33,2,4,6,0,0,0,0,0,,False
8964,exchange_charge,COLLOQUIAL,40.0,2,3,5,0,0,0,0,0,,False
8965,exchange_charge,COLLOQUIAL,33.33,3,6,9,0,0,0,0,0,,False
8966,exchange_charge,COLLOQUIAL,50.0,3,3,6,0,0,0,0,0,,False
8967,exchange_charge,COLLOQUIAL,20.0,2,8,10,0,0,0,0,0,,False
8968,exchange_charge,COLLOQUIAL,28.57,2,5,7,0,0,0,0,0,,False
8969,exchange_charge,COLLOQUIAL,28.57,2,5,7,0,0,0,0,0,,False
8970,exchange_charge,COLLOQUIAL,25.0,2,6,8,0,0,0,0,0,,False
8971,exchange_charge,COLLOQUIAL,16.67,1,5,6,0,0,0,0,0,,False
8972,exchange_charge,COLLOQUIAL,40.0,2,3,5,0,0,0,0,0,,False
8973,exchange_charge,COLLOQUIAL,40.0,3,2,5,0,0,0,0,0,,False
8974,exchange_charge,COLLOQUIAL,28.57,2,5,7,0,0,0,0,0,,False
8975,exchange_charge,COLLOQUIAL,16.67,1,5,6,0,0,0,0,0,,False
8976,exchange_charge,COLLOQUIAL,14.29,1,6,7,0,0,0,0,0,,False
8977,exchange_charge,COLLOQUIAL,18.18,2,9,11,0,0,0,0,0,,False
8978,exchange_charge,COLLOQUIAL,28.57,2,5,7,0,0,0,0,0,,False
8979,exchange_charge,COLLOQUIAL,12.5,1,7,8,0,0,0,0,0,,False
8980,exchange_charge,COLLOQUIAL,40.0,2,3,5,0,0,0,0,0,,False
8981,exchange_charge,COLLOQUIAL,27.27,3,8,11,0,0,0,0,0,,False
8982,exchange_charge,COLLOQUIAL,25.0,2,6,8,0,0,0,0,0,,False
8983,exchange_charge,COLLOQUIAL,42.86,4,3,7,0,0,0,0,0,,False
8984,exchange_charge,COLLOQUIAL,16.67,1,5,6,0,0,0,0,0,,False
8985,exchange_charge,COLLOQUIAL,25.0,1,3,4,0,0,0,0,0,,False
8986,exchange_charge,COLLOQUIAL,20.0,1,4,5,0,0,0,0,0,,False
8987,exchange_charge,COLLOQUIAL,18.18,2,9,11,0,0,0,0,0,,False
8988,exchange_charge,COLLOQUIAL,33.33,2,4,6,0,0,0,0,0,,False
8989,exchange_charge,COLLOQUIAL,33.33,2,4,6,0,0,0,0,0,,False
8990,exchange_charge,COLLOQUIAL,42.86,3,4,7,0,0,0,0,0,,False
8991,exchange_charge,COLLOQUIAL,50.0,3,3,6,0,0,0,0,0,,False
8992,exchange_charge,COLLOQUIAL,33.33,2,1,3,0,0,0,0,0,,False
8993,exchange_charge,COLLOQUIAL,20.0,2,8,10,0,0,0,0,0,,False
8994,exchange_charge,COLLOQUIAL,33.33,2,4,6,0,0,0,0,0,,False
8995,exchange_charge,COLLOQUIAL,40.0,2,3,5,0,0,0,0,0,,False
8996,exchange_charge,COLLOQUIAL,40.0,3,2,5,0,0,0,0,0,,False
8997,exchange_charge,COLLOQUIAL,42.86,3,4,7,0,0,0,0,0,,False
8998,exchange_charge,COLLOQUIAL,9.09,1,10,11,0,0,0,0,0,,False
8999,exchange_charge,COLLOQUIAL,40.0,2,3,5,0,0,0,0,0,,False
9000,exchange_charge,COLLOQUIAL,25.0,2,6,8,0,0,0,0,0,,False
9001,exchange_charge,COLLOQUIAL,33.33,4,2,6,0,0,0,0,0,,False
9002,exchange_charge,COLLOQUIAL,37.5,3,5,8,0,0,0,0,0,,False
9003,exchange_charge,COLLOQUIAL,50.0,2,2,4,0,0,0,0,0,,False
9004,exchange_charge,COLLOQUIAL,40.0,2,3,5,0,0,0,0,0,,False
9005,exchange_charge,COLLOQUIAL,37.5,3,5,8,0,0,0,0,0,,False
9006,exchange_charge,COLLOQUIAL,33.33,3,6,9,0,0,0,0,0,,False
9007,exchange_charge,COLLOQUIAL,50.0,2,2,4,0,0,0,0,0,,False
9008,exchange_charge,COLLOQUIAL,37.5,5,3,8,0,0,0,0,0,,False
9009,exchange_charge,COLLOQUIAL,40.0,3,2,5,0,0,0,0,0,,False
9010,exchange_charge,COLLOQUIAL,22.22,2,7,9,0,0,0,0,0,,False
9011,exchange_charge,COLLOQUIAL,33.33,2,4,6,0,0,0,0,0,,False
9012,exchange_charge,COLLOQUIAL,25.0,3,1,4,0,0,0,0,0,,False
9013,exchange_charge,COLLOQUIAL,33.33,2,4,6,0,0,0,0,0,,False
9014,exchange_charge,COLLOQUIAL,28.57,2,5,7,0,0,0,0,0,,False
9015,exchange_charge,COLLOQUIAL,40.0,3,2,5,0,0,0,0,0,,False
9016,exchange_charge,COLLOQUIAL,20.0,2,8,10,0,0,0,0,0,,False
9017,exchange_charge,COLLOQUIAL,40.0,3,2,5,0,0,0,0,0,,False
9018,exchange_charge,COLLOQUIAL,37.5,3,5,8,0,0,0,0,0,,False
9019,exchange_charge,COLLOQUIAL,33.33,2,4,6,0,0,0,0,0,,False
9020,exchange_charge,COLLOQUIAL,40.0,2,3,5,0,0,0,0,0,,False
9021,exchange_charge,COLLOQUIAL,28.57,2,5,7,0,0,0,0,0,,False
9022,exchange_charge,COLLOQUIAL,42.86,4,3,7,0,0,0,0,0,,False
9023,exchange_charge,COLLOQUIAL,25.0,3,1,4,0,0,0,0,0,,False
9024,exchange_charge,COLLOQUIAL,40.0,3,2,5,0,0,0,0,0,,False
9025,exchange_charge,COLLOQUIAL,40.0,3,2,5,0,0,0,0,0,,False
9026,exchange_charge,COLLOQUIAL,25.0,2,6,8,0,0,0,0,0,,False
9027,exchange_charge,COLLOQUIAL,40.0,2,3,5,0,0,0,0,0,,False
9028,exchange_charge,COLLOQUIAL,25.0,2,6,8,0,0,0,0,0,,False
9029,exchange_charge,COLLOQUIAL,20.0,4,1,5,0,0,0,0,0,,False
9030,exchange_charge,COLLOQUIAL,50.0,4,4,8,0,0,0,0,0,,False
9031,exchange_charge,COLLOQUIAL,42.86,4,3,7,0,0,0,0,0,,False
9032,exchange_charge,COLLOQUIAL,42.86,4,3,7,0,0,0,0,0,,False
9033,exchange_charge,COLLOQUIAL,37.5,3,5,8,0,0,0,0,0,,False
9034,exchange_charge,COLLOQUIAL,50.0,3,3,6,0,0,0,0,0,,False
9035,exchange_charge,COLLOQUIAL,25.0,2,6,8,0,0,0,0,0,,False
9036,exchange_charge,COLLOQUIAL,11.11,1,8,9,0,0,0,0,0,,False
9037,exchange_charge,COLLOQUIAL,28.57,2,5,7,0,0,0,0,0,,False
9038,exchange_charge,COLLOQUIAL,50.0,2,2,4,0,0,0,0,0,,False
9039,exchange_charge,COLLOQUIAL,37.5,3,5,8,0,0,0,0,0,,False
9040,exchange_charge,COLLOQUIAL,16.67,1,5,6,0,0,0,0,0,,False
9041,exchange_charge,COLLOQUIAL,20.0,1,4,5,0,0,0,0,0,,False
9042,exchange_charge,COLLOQUIAL,9.09,1,10,11,0,0,0,0,0,,False
9043,exchange_charge,COLLOQUIAL,20.0,1,4,5,0,0,0,0,0,,False
9044,exchange_charge,COLLOQUIAL,28.57,2,5,7,0,0,0,0,0,,False
9045,exchange_charge,COLLOQUIAL,25.0,2,6,8,0,0,0,0,0,,False
9046,exchange_charge,COLLOQUIAL,10.0,1,9,10,0,0,0,0,0,,False
9047,exchange_charge,COLLOQUIAL,12.5,1,7,8,0,0,0,0,0,,False
9048,exchange_charge,COLLOQUIAL,33.33,4,2,6,0,0,0,0,0,,False
9049,exchange_charge,COLLOQUIAL,5.26,1,18,19,0,0,0,0,0,,False
9050,exchange_charge,COLLOQUIAL,15.38,2,11,13,0,0,0,0,0,,False
9051,exchange_charge,COLLOQUIAL,37.5,3,5,8,0,0,0,0,0,,False
9052,exchange_charge,COLLOQUIAL,50.0,2,2,4,0,0,0,0,0,,False
9053,exchange_charge,COLLOQUIAL,42.86,3,4,7,0,0,0,0,0,,False
9054,exchange_charge,COLLOQUIAL,40.0,3,2,5,0,0,0,0,0,,False
9055,exchange_charge,COLLOQUIAL,25.0,2,6,8,0,0,0,0,0,,False
9056,exchange_charge,COLLOQUIAL,33.33,2,4,6,0,0,0,0,0,,False
9057,exchange_charge,COLLOQUIAL,50.0,2,2,4,0,0,0,0,0,,False
9058,exchange_charge,COLLOQUIAL,30.0,3,7,10,0,0,0,0,0,,False
9059,exchange_charge,COLLOQUIAL,42.86,3,4,7,0,0,0,0,0,,False
9060,exchange_charge,COLLOQUIAL,33.33,3,6,9,0,0,0,0,0,,False
9061,exchange_charge,COLLOQUIAL,12.5,1,7,8,0,0,0,0,0,,False
9062,exchange_charge,COLLOQUIAL,33.33,2,4,6,0,0,0,0,0,,False
9063,exchange_charge,COLLOQUIAL,28.57,2,5,7,0,0,0,0,0,,False
9064,exchange_charge,COLLOQUIAL,28.57,2,5,7,0,0,0,0,0,,False
9065,top_up_by_card_charge,COLLOQUIAL,33.33,6,3,9,0,0,0,0,0,,False
9066,top_up_by_card_charge,COLLOQUIAL,28.57,5,2,7,0,0,0,0,0,,False
9067,top_up_by_card_charge,COLLOQUIAL,42.86,3,4,7,0,0,0,0,0,,False
9068,top_up_by_card_charge,COLLOQUIAL,50.0,4,4,8,0,0,0,0,0,,False
9069,top_up_by_card_charge,COLLOQUIAL,50.0,4,4,8,0,0,0,0,0,,False
9070,top_up_by_card_charge,COLLOQUIAL,40.0,4,6,10,0,0,0,0,0,,False
9071,top_up_by_card_charge,COLLOQUIAL,12.5,1,7,8,0,0,0,0,0,,False
9072,top_up_by_card_charge,COLLOQUIAL,44.44,4,5,9,0,0,0,0,0,,False
9073,top_up_by_card_charge,COLLOQUIAL,40.0,2,3,5,0,0,0,0,0,,False
9074,top_up_by_card_charge,COLLOQUIAL,37.5,3,5,8,0,0,0,0,0,,False
9075,top_up_by_card_charge,COLLOQUIAL,46.15,6,7,13,0,0,0,0,0,,False
9076,top_up_by_card_charge,COLLOQUIAL,42.86,3,4,7,0,0,0,0,0,,False
9077,top_up_by_card_charge,COLLOQUIAL,40.0,6,4,10,0,0,0,0,0,,False
9078,top_up_by_card_charge,COLLOQUIAL,35.71,5,9,14,0,0,0,0,0,,False
9079,top_up_by_card_charge,COLLOQUIAL,20.0,1,4,5,0,0,0,0,0,,False
9080,top_up_by_card_charge,COLLOQUIAL,40.0,2,3,5,0,0,0,0,0,,False
9081,top_up_by_card_charge,COLLOQUIAL,50.0,5,5,10,0,0,0,0,0,,False
9082,top_up_by_card_charge,COLLOQUIAL,12.5,1,7,8,0,0,0,0,0,,False
9083,top_up_by_card_charge,COLLOQUIAL,42.86,3,4,7,0,0,0,0,0,,False
9084,top_up_by_card_charge,COLLOQUIAL,14.29,1,6,7,0,0,0,0,0,,False
9085,top_up_by_card_charge,COLLOQUIAL,37.5,3,5,8,0,0,0,0,0,,False
9086,top_up_by_card_charge,COLLOQUIAL,40.0,3,2,5,0,0,0,0,0,,False
9087,top_up_by_card_charge,COLLOQUIAL,28.57,2,5,7,0,0,0,0,0,,False
9088,top_up_by_card_charge,COLLOQUIAL,42.86,4,3,7,0,0,0,0,0,,False
9089,top_up_by_card_charge,COLLOQUIAL,33.33,6,3,9,0,0,0,0,0,,False
9090,top_up_by_card_charge,COLLOQUIAL,50.0,5,5,10,0,0,0,0,0,,False
9091,top_up_by_card_charge,COLLOQUIAL,37.5,3,5,8,0,0,0,0,0,,False
9092,top_up_by_card_charge,COLLOQUIAL,44.44,4,5,9,0,0,0,0,0,,False
9093,top_up_by_card_charge,COLLOQUIAL,40.0,2,3,5,0,0,0,0,0,,False
9094,top_up_by_card_charge,COLLOQUIAL,40.0,4,6,10,0,0,0,0,0,,False
9095,top_up_by_card_charge,COLLOQUIAL,41.67,7,5,12,0,0,0,0,0,,False
9096,top_up_by_card_charge,COLLOQUIAL,44.44,5,4,9,0,0,0,0,0,,False
9097,top_up_by_card_charge,COLLOQUIAL,44.44,4,5,9,0,0,0,0,0,,False
9098,top_up_by_card_charge,COLLOQUIAL,36.36,7,4,11,0,0,0,0,0,,False
9099,top_up_by_card_charge,COLLOQUIAL,40.0,3,2,5,0,0,0,0,0,,False
9100,top_up_by_card_charge,COLLOQUIAL,42.86,3,4,7,0,0,0,0,0,,False
9101,top_up_by_card_charge,COLLOQUIAL,30.0,3,7,10,0,0,0,0,0,,False
9102,top_up_by_card_charge,COLLOQUIAL,33.33,4,2,6,0,0,0,0,0,,False
9103,top_up_by_card_charge,COLLOQUIAL,44.44,4,5,9,0,0,0,0,0,,False
9104,top_up_by_card_charge,COLLOQUIAL,50.0,3,3,6,0,0,0,0,0,,False
9105,top_up_by_card_charge,COLLOQUIAL,33.33,2,4,6,0,0,0,0,0,,False
9106,top_up_by_card_charge,COLLOQUIAL,33.33,3,6,9,0,0,0,0,0,,False
9107,top_up_by_card_charge,COLLOQUIAL,33.33,2,4,6,0,0,0,0,0,,False
9108,top_up_by_card_charge,COLLOQUIAL,38.46,8,5,13,0,0,0,0,0,,False
9109,top_up_by_card_charge,COLLOQUIAL,45.45,5,6,11,0,0,0,0,0,,False
9110,top_up_by_card_charge,COLLOQUIAL,37.5,5,3,8,0,0,0,0,0,,False
9111,top_up_by_card_charge,COLLOQUIAL,33.33,3,6,9,0,0,0,0,0,,False
9112,top_up_by_card_charge,COLLOQUIAL,44.44,4,5,9,0,0,0,0,0,,False
9113,top_up_by_card_charge,COLLOQUIAL,42.86,3,4,7,0,0,0,0,0,,False
9114,top_up_by_card_charge,COLLOQUIAL,33.33,3,6,9,0,0,0,0,0,,False
9115,top_up_by_card_charge,COLLOQUIAL,37.5,5,3,8,0,0,0,0,0,,False
9116,top_up_by_card_charge,COLLOQUIAL,28.57,2,5,7,0,0,0,0,0,,False
9117,top_up_by_card_charge,COLLOQUIAL,44.44,5,4,9,0,0,0,0,0,,False
9118,top_up_by_card_charge,COLLOQUIAL,33.33,6,3,9,0,0,0,0,0,,False
9119,top_up_by_card_charge,COLLOQUIAL,33.33,3,6,9,0,0,0,0,0,,False
9120,top_up_by_card_charge,MIXED,0.0,0,6,6,0,0,0,0,0,,True
9121,top_up_by_card_charge,MIXED,0.0,0,6,6,0,0,0,0,0,,True
9122,top_up_by_card_charge,COLLOQUIAL,40.0,4,6,10,0,0,0,0,0,,False
9123,top_up_by_card_charge,COLLOQUIAL,37.5,5,3,8,0,0,0,0,0,,False
9124,top_up_by_card_charge,COLLOQUIAL,50.0,2,2,4,0,0,0,0,0,,False
9125,top_up_by_card_charge,COLLOQUIAL,50.0,4,4,8,0,0,0,0,0,,False
9126,top_up_by_card_charge,COLLOQUIAL,50.0,4,4,8,0,0,0,0,0,,False
9127,top_up_by_card_charge,COLLOQUIAL,25.0,1,3,4,0,0,0,0,0,,False
9128,top_up_by_card_charge,COLLOQUIAL,42.86,4,3,7,0,0,0,0,0,,False
9129,top_up_by_card_charge,COLLOQUIAL,37.5,5,3,8,0,0,0,0,0,,False
9130,top_up_by_card_charge,COLLOQUIAL,33.33,3,6,9,0,0,0,0,0,,False
9131,top_up_by_card_charge,COLLOQUIAL,25.0,2,6,8,0,0,0,0,0,,False
9132,top_up_by_card_charge,COLLOQUIAL,14.29,1,6,7,0,0,0,0,0,,False
9133,top_up_by_card_charge,COLLOQUIAL,37.5,5,3,8,0,0,0,0,0,,False
9134,top_up_by_card_charge,COLLOQUIAL,50.0,3,3,6,0,0,0,0,0,,False
9135,top_up_by_card_charge,COLLOQUIAL,42.86,4,3,7,0,0,0,0,0,,False
9136,top_up_by_card_charge,COLLOQUIAL,42.86,4,3,7,0,0,0,0,0,,False
9137,top_up_by_card_charge,COLLOQUIAL,45.45,5,6,11,0,0,0,0,0,,False
9138,top_up_by_card_charge,COLLOQUIAL,33.33,6,3,9,0,0,0,0,0,,False
9139,top_up_by_card_charge,COLLOQUIAL,50.0,3,3,6,0,0,0,0,0,,False
9140,top_up_by_card_charge,COLLOQUIAL,36.36,7,4,11,0,0,0,0,0,,False
9141,top_up_by_card_charge,COLLOQUIAL,22.22,2,7,9,0,0,0,0,0,,False
9142,top_up_by_card_charge,COLLOQUIAL,40.0,2,3,5,0,0,0,0,0,,False
9143,top_up_by_card_charge,COLLOQUIAL,42.86,3,4,7,0,0,0,0,0,,False
9144,top_up_by_card_charge,COLLOQUIAL,37.5,5,3,8,0,0,0,0,0,,False
9145,top_up_by_card_charge,COLLOQUIAL,20.0,1,4,5,0,0,0,0,0,,False
9146,top_up_by_card_charge,COLLOQUIAL,20.0,1,4,5,0,0,0,0,0,,False
9147,top_up_by_card_charge,COLLOQUIAL,38.46,5,8,13,0,0,0,0,0,,False
9148,top_up_by_card_charge,COLLOQUIAL,28.57,2,5,7,0,0,0,0,0,,False
9149,top_up_by_card_charge,COLLOQUIAL,42.86,3,4,7,0,0,0,0,0,,False
9150,top_up_by_card_charge,COLLOQUIAL,30.0,7,3,10,0,0,0,0,0,,False
9151,top_up_by_card_charge,COLLOQUIAL,33.33,4,2,6,0,0,0,0,0,,False
9152,top_up_by_card_charge,COLLOQUIAL,25.0,2,6,8,0,0,0,0,0,,False
9153,top_up_by_card_charge,COLLOQUIAL,44.44,4,5,9,0,0,0,0,0,,False
9154,top_up_by_card_charge,COLLOQUIAL,37.5,5,3,8,0,0,0,0,0,,False
9155,top_up_by_card_charge,MIXED,0.0,0,4,4,0,0,0,0,0,,True
9156,top_up_by_card_charge,COLLOQUIAL,42.86,3,4,7,0,0,0,0,0,,False
9157,top_up_by_card_charge,COLLOQUIAL,50.0,4,4,8,0,0,0,0,0,,False
9158,top_up_by_card_charge,COLLOQUIAL,33.33,6,3,9,0,0,0,0,0,,False
9159,top_up_by_card_charge,COLLOQUIAL,35.71,5,9,14,0,0,0,0,0,,False
9160,top_up_by_card_charge,COLLOQUIAL,25.0,2,6,8,0,0,0,0,0,,False
9161,top_up_by_card_charge,COLLOQUIAL,42.86,4,3,7,0,0,0,0,0,,False
9162,top_up_by_card_charge,COLLOQUIAL,40.0,4,6,10,0,0,0,0,0,,False
9163,top_up_by_card_charge,COLLOQUIAL,30.0,7,3,10,0,0,0,0,0,,False
9164,top_up_by_card_charge,COLLOQUIAL,37.5,3,5,8,0,0,0,0,0,,False
9165,top_up_by_card_charge,COLLOQUIAL,45.45,6,5,11,0,0,0,0,0,,False
9166,top_up_by_card_charge,COLLOQUIAL,44.44,4,5,9,0,0,0,0,0,,False
9167,top_up_by_card_charge,COLLOQUIAL,40.0,6,4,10,0,0,0,0,0,,False
9168,top_up_by_card_charge,COLLOQUIAL,33.33,6,3,9,0,0,0,0,0,,False
9169,top_up_by_card_charge,COLLOQUIAL,44.44,5,4,9,0,0,0,0,0,,False
9170,top_up_by_card_charge,COLLOQUIAL,50.0,6,6,12,0,0,0,0,0,,False
9171,top_up_by_card_charge,COLLOQUIAL,30.0,3,7,10,0,0,0,0,0,,False
9172,top_up_by_card_charge,COLLOQUIAL,40.0,6,4,10,0,0,0,0,0,,False
9173,top_up_by_card_charge,COLLOQUIAL,44.44,4,5,9,0,0,0,0,0,,False
9174,top_up_by_card_charge,COLLOQUIAL,50.0,3,3,6,0,0,0,0,0,,False
9175,top_up_by_card_charge,COLLOQUIAL,50.0,4,4,8,0,0,0,0,0,,False
9176,top_up_by_card_charge,COLLOQUIAL,28.57,5,2,7,0,0,0,0,0,,False
9177,top_up_by_card_charge,COLLOQUIAL,40.0,3,2,5,0,0,0,0,0,,False
9178,top_up_by_card_charge,COLLOQUIAL,33.33,4,8,12,0,0,0,0,0,,False
9179,activate_my_card,COLLOQUIAL,37.5,3,5,8,0,0,0,0,0,,False
9180,activate_my_card,COLLOQUIAL,22.22,2,7,9,0,0,0,0,0,,False
9181,activate_my_card,COLLOQUIAL,12.5,1,7,8,0,0,0,0,0,,False
9182,activate_my_card,COLLOQUIAL,16.67,1,5,6,0,0,0,0,0,,False
9183,activate_my_card,COLLOQUIAL,30.0,3,7,10,0,0,0,0,0,,False
9184,activate_my_card,COLLOQUIAL,20.0,1,4,5,0,0,0,0,0,,False
9185,activate_my_card,COLLOQUIAL,25.0,2,6,8,0,0,0,0,0,,False
9186,activate_my_card,COLLOQUIAL,16.67,1,5,6,0,0,0,0,0,,False
9187,activate_my_card,COLLOQUIAL,16.67,1,5,6,0,0,0,0,0,,False
9188,activate_my_card,COLLOQUIAL,23.08,3,10,13,0,0,0,0,0,,False
9189,activate_my_card,COLLOQUIAL,28.57,2,5,7,0,0,0,0,0,,False
9190,activate_my_card,COLLOQUIAL,11.11,1,8,9,0,0,0,0,0,,False
9191,activate_my_card,COLLOQUIAL,20.0,2,8,10,0,0,0,0,0,,False
9192,activate_my_card,COLLOQUIAL,16.67,1,5,6,0,0,0,0,0,,False
9193,activate_my_card,COLLOQUIAL,16.67,1,5,6,0,0,0,0,0,,False
9194,activate_my_card,COLLOQUIAL,16.67,1,5,6,0,0,0,0,0,,False
9195,activate_my_card,COLLOQUIAL,30.0,3,7,10,0,0,0,0,0,,False
9196,activate_my_card,COLLOQUIAL,20.0,2,8,10,0,0,0,0,0,,False
9197,activate_my_card,COLLOQUIAL,25.0,1,3,4,0,0,0,0,0,,False
9198,activate_my_card,COLLOQUIAL,25.0,2,6,8,0,0,0,0,0,,False
9199,activate_my_card,COLLOQUIAL,50.0,2,2,4,0,0,0,0,0,,False
9200,activate_my_card,COLLOQUIAL,16.67,1,5,6,0,0,0,0,0,,False
9201,activate_my_card,COLLOQUIAL,16.67,1,5,6,0,0,0,0,0,,False
9202,activate_my_card,COLLOQUIAL,7.69,1,12,13,0,0,0,0,0,,False
9203,activate_my_card,COLLOQUIAL,11.11,1,8,9,0,0,0,0,0,,False
9204,activate_my_card,COLLOQUIAL,16.67,1,5,6,0,0,0,0,0,,False
9205,activate_my_card,COLLOQUIAL,28.57,2,5,7,0,0,0,0,0,,False
9206,activate_my_card,COLLOQUIAL,14.29,1,6,7,0,0,0,0,0,,False
9207,activate_my_card,COLLOQUIAL,11.11,1,8,9,0,0,0,0,0,,False
9208,activate_my_card,COLLOQUIAL,25.0,2,6,8,0,0,0,0,0,,False
9209,activate_my_card,COLLOQUIAL,20.0,1,4,5,0,0,0,0,0,,False
9210,activate_my_card,COLLOQUIAL,28.57,2,5,7,0,0,0,0,0,,False
9211,activate_my_card,COLLOQUIAL,25.0,2,6,8,0,0,0,0,0,,False
9212,activate_my_card,COLLOQUIAL,16.67,1,5,6,0,0,0,0,0,,False
9213,activate_my_card,COLLOQUIAL,14.29,1,6,7,0,0,0,0,0,,False
9214,activate_my_card,COLLOQUIAL,16.67,1,5,6,0,0,0,0,0,,False
9215,activate_my_card,COLLOQUIAL,16.67,1,5,6,0,0,0,0,0,,False
9216,activate_my_card,COLLOQUIAL,14.29,1,6,7,0,0,0,0,0,,False
9217,activate_my_card,COLLOQUIAL,14.29,1,6,7,0,0,0,0,0,,False
9218,activate_my_card,COLLOQUIAL,42.86,3,4,7,0,0,0,0,0,,False
9219,activate_my_card,COLLOQUIAL,28.57,2,5,7,0,0,0,0,0,,False
9220,activate_my_card,COLLOQUIAL,20.0,3,12,15,0,0,0,0,0,,False
9221,activate_my_card,COLLOQUIAL,33.33,2,4,6,0,0,0,0,0,,False
9222,activate_my_card,COLLOQUIAL,20.0,2,8,10,0,0,0,0,0,,False
9223,activate_my_card,COLLOQUIAL,40.0,2,3,5,0,0,0,0,0,,False
9224,activate_my_card,COLLOQUIAL,37.5,3,5,8,0,0,0,0,0,,False
9225,activate_my_card,COLLOQUIAL,14.29,1,6,7,0,0,0,0,0,,False
9226,activate_my_card,COLLOQUIAL,22.22,2,7,9,0,0,0,0,0,,False
9227,activate_my_card,COLLOQUIAL,40.0,2,3,5,0,0,0,0,0,,False
9228,activate_my_card,COLLOQUIAL,33.33,2,4,6,0,0,0,0,0,,False
9229,activate_my_card,COLLOQUIAL,22.22,2,7,9,0,0,0,0,0,,False
9230,activate_my_card,COLLOQUIAL,25.0,2,6,8,0,0,0,0,0,,False
9231,activate_my_card,COLLOQUIAL,25.0,2,6,8,0,0,0,0,0,,False
9232,activate_my_card,COLLOQUIAL,25.0,1,3,4,0,0,0,0,0,,False
9233,activate_my_card,COLLOQUIAL,20.0,1,4,5,0,0,0,0,0,,False
9234,activate_my_card,COLLOQUIAL,10.0,1,9,10,0,0,0,0,0,,False
9235,activate_my_card,COLLOQUIAL,16.67,1,5,6,0,0,0,0,0,,False
9236,activate_my_card,COLLOQUIAL,20.0,1,4,5,0,0,0,0,0,,False
9237,activate_my_card,COLLOQUIAL,14.29,1,6,7,0,0,0,0,0,,False
9238,activate_my_card,COLLOQUIAL,20.0,1,4,5,0,0,0,0,0,,False
9239,activate_my_card,COLLOQUIAL,12.5,1,7,8,0,0,0,0,0,,False
9240,activate_my_card,COLLOQUIAL,20.0,2,8,10,0,0,0,0,0,,False
9241,activate_my_card,COLLOQUIAL,28.57,2,5,7,0,0,0,0,0,,False
9242,activate_my_card,COLLOQUIAL,20.0,2,8,10,0,0,0,0,0,,False
9243,activate_my_card,COLLOQUIAL,9.09,1,10,11,0,0,0,0,0,,False
9244,activate_my_card,COLLOQUIAL,20.0,1,4,5,0,0,0,0,0,,False
9245,activate_my_card,COLLOQUIAL,12.5,1,7,8,0,0,0,0,0,,False
9246,activate_my_card,COLLOQUIAL,11.11,1,8,9,0,0,0,0,0,,False
9247,activate_my_card,COLLOQUIAL,20.0,1,4,5,0,0,0,0,0,,False
9248,activate_my_card,COLLOQUIAL,16.67,1,5,6,0,0,0,0,0,,False
9249,activate_my_card,COLLOQUIAL,11.11,1,8,9,0,0,0,0,0,,False
9250,activate_my_card,COLLOQUIAL,12.5,1,7,8,0,0,0,0,0,,False
9251,activate_my_card,COLLOQUIAL,20.0,1,4,5,0,0,0,0,0,,False
9252,activate_my_card,COLLOQUIAL,12.5,1,7,8,0,0,0,0,0,,False
9253,activate_my_card,COLLOQUIAL,7.14,1,13,14,0,0,0,0,0,,False
9254,activate_my_card,COLLOQUIAL,11.11,1,8,9,0,0,0,0,0,,False
9255,activate_my_card,COLLOQUIAL,33.33,2,4,6,0,0,0,0,0,,False
9256,activate_my_card,COLLOQUIAL,20.0,1,4,5,0,0,0,0,0,,False
9257,activate_my_card,COLLOQUIAL,14.29,1,6,7,0,0,0,0,0,,False
9258,activate_my_card,COLLOQUIAL,12.5,1,7,8,0,0,0,0,0,,False
9259,activate_my_card,COLLOQUIAL,22.22,2,7,9,0,0,0,0,0,,False
9260,activate_my_card,COLLOQUIAL,14.29,1,6,7,0,0,0,0,0,,False
9261,activate_my_card,COLLOQUIAL,20.0,2,8,10,0,0,0,0,0,,False
9262,activate_my_card,COLLOQUIAL,14.29,1,6,7,0,0,0,0,0,,False
9263,activate_my_card,COLLOQUIAL,22.22,2,7,9,0,0,0,0,0,,False
9264,activate_my_card,COLLOQUIAL,28.57,2,5,7,0,0,0,0,0,,False
9265,activate_my_card,COLLOQUIAL,28.57,2,5,7,0,0,0,0,0,,False
9266,activate_my_card,MIXED,0.0,0,8,8,0,0,0,0,0,,True
9267,activate_my_card,COLLOQUIAL,28.57,2,5,7,0,0,0,0,0,,False
9268,activate_my_card,COLLOQUIAL,20.0,1,4,5,0,0,0,0,0,,False
9269,activate_my_card,COLLOQUIAL,16.67,1,5,6,0,0,0,0,0,,False
9270,activate_my_card,COLLOQUIAL,25.0,2,6,8,0,0,0,0,0,,False
9271,activate_my_card,COLLOQUIAL,28.57,4,10,14,0,0,0,0,0,,False
9272,activate_my_card,COLLOQUIAL,11.11,1,8,9,0,0,0,0,0,,False
9273,activate_my_card,COLLOQUIAL,30.0,3,7,10,0,0,0,0,0,,False
9274,activate_my_card,COLLOQUIAL,40.0,2,3,5,0,0,0,0,0,,False
9275,activate_my_card,COLLOQUIAL,22.22,2,7,9,0,0,0,0,0,,False
9276,activate_my_card,COLLOQUIAL,14.29,1,6,7,0,0,0,0,0,,False
9277,activate_my_card,COLLOQUIAL,14.29,1,6,7,0,0,0,0,0,,False
9278,activate_my_card,COLLOQUIAL,12.5,1,7,8,0,0,0,0,0,,False
9279,activate_my_card,COLLOQUIAL,20.0,2,8,10,0,0,0,0,0,,False
9280,activate_my_card,COLLOQUIAL,11.11,1,8,9,0,0,0,0,0,,False
9281,activate_my_card,COLLOQUIAL,20.0,1,4,5,0,0,0,0,0,,False
9282,activate_my_card,COLLOQUIAL,20.0,1,4,5,0,0,0,0,0,,False
9283,activate_my_card,COLLOQUIAL,25.0,2,6,8,0,0,0,0,0,,False
9284,activate_my_card,MIXED,0.0,0,5,5,0,0,0,0,0,,True
9285,activate_my_card,COLLOQUIAL,37.5,3,5,8,0,0,0,0,0,,False
9286,activate_my_card,COLLOQUIAL,28.57,2,5,7,0,0,0,0,0,,False
9287,activate_my_card,COLLOQUIAL,14.29,1,6,7,0,0,0,0,0,,False
9288,activate_my_card,COLLOQUIAL,15.38,2,11,13,0,0,0,0,0,,False
9289,activate_my_card,MIXED,0.0,0,4,4,0,0,0,0,0,,True
9290,activate_my_card,COLLOQUIAL,50.0,2,2,4,0,0,0,0,0,,False
9291,activate_my_card,COLLOQUIAL,14.29,1,6,7,0,0,0,0,0,,False
9292,activate_my_card,COLLOQUIAL,20.0,2,8,10,0,0,0,0,0,,False
9293,activate_my_card,COLLOQUIAL,12.5,1,7,8,0,0,0,0,0,,False
9294,activate_my_card,COLLOQUIAL,11.11,1,8,9,0,0,0,0,0,,False
9295,activate_my_card,COLLOQUIAL,9.09,1,10,11,0,0,0,0,0,,False
9296,activate_my_card,COLLOQUIAL,12.5,1,7,8,0,0,0,0,0,,False
9297,activate_my_card,COLLOQUIAL,20.0,1,4,5,0,0,0,0,0,,False
9298,activate_my_card,COLLOQUIAL,22.22,2,7,9,0,0,0,0,0,,False
9299,activate_my_card,COLLOQUIAL,16.67,1,5,6,0,0,0,0,0,,False
9300,activate_my_card,COLLOQUIAL,14.29,1,6,7,0,0,0,0,0,,False
9301,activate_my_card,COLLOQUIAL,14.29,1,6,7,0,0,0,0,0,,False
9302,activate_my_card,COLLOQUIAL,16.67,1,5,6,0,0,0,0,0,,False
9303,activate_my_card,COLLOQUIAL,18.18,2,9,11,0,0,0,0,0,,False
9304,activate_my_card,MIXED,0.0,0,12,12,0,0,0,0,0,,True
9305,activate_my_card,COLLOQUIAL,14.29,1,6,7,0,0,0,0,0,,False
9306,activate_my_card,COLLOQUIAL,12.5,1,7,8,0,0,0,0,0,,False
9307,activate_my_card,COLLOQUIAL,16.67,1,5,6,0,0,0,0,0,,False
9308,activate_my_card,COLLOQUIAL,12.5,1,7,8,0,0,0,0,0,,False
9309,activate_my_card,COLLOQUIAL,20.0,1,4,5,0,0,0,0,0,,False
9310,activate_my_card,COLLOQUIAL,12.5,1,7,8,0,0,0,0,0,,False
9311,activate_my_card,COLLOQUIAL,16.67,1,5,6,0,0,0,0,0,,False
9312,activate_my_card,COLLOQUIAL,20.0,2,8,10,0,0,0,0,0,,False
9313,activate_my_card,COLLOQUIAL,16.67,1,5,6,0,0,0,0,0,,False
9314,activate_my_card,COLLOQUIAL,12.5,1,7,8,0,0,0,0,0,,False
9315,activate_my_card,COLLOQUIAL,28.57,2,5,7,0,0,0,0,0,,False
9316,activate_my_card,MIXED,0.0,0,6,6,0,0,0,0,0,,True
9317,activate_my_card,MIXED,0.0,0,5,5,0,0,0,0,0,,True
9318,activate_my_card,COLLOQUIAL,10.0,1,9,10,0,0,0,0,0,,False
9319,activate_my_card,COLLOQUIAL,22.22,2,7,9,0,0,0,0,0,,False
9320,activate_my_card,COLLOQUIAL,33.33,2,4,6,0,0,0,0,0,,False
9321,activate_my_card,COLLOQUIAL,10.0,1,9,10,0,0,0,0,0,,False
9322,activate_my_card,COLLOQUIAL,25.0,3,9,12,0,0,0,0,0,,False
9323,activate_my_card,COLLOQUIAL,12.5,1,7,8,0,0,0,0,0,,False
9324,activate_my_card,COLLOQUIAL,16.67,1,5,6,0,0,0,0,0,,False
9325,activate_my_card,COLLOQUIAL,20.0,2,8,10,0,0,0,0,0,,False
9326,activate_my_card,COLLOQUIAL,20.0,2,8,10,0,0,0,0,0,,False
9327,activate_my_card,COLLOQUIAL,40.0,2,3,5,0,0,0,0,0,,False
9328,activate_my_card,COLLOQUIAL,12.5,1,7,8,0,0,0,0,0,,False
9329,activate_my_card,COLLOQUIAL,9.09,1,10,11,0,0,0,0,0,,False
9330,activate_my_card,COLLOQUIAL,40.0,2,3,5,0,0,0,0,0,,False
9331,activate_my_card,COLLOQUIAL,28.57,2,5,7,0,0,0,0,0,,False
9332,activate_my_card,COLLOQUIAL,14.29,1,6,7,0,0,0,0,0,,False
9333,activate_my_card,COLLOQUIAL,11.11,1,8,9,0,0,0,0,0,,False
9334,activate_my_card,COLLOQUIAL,25.0,2,6,8,0,0,0,0,0,,False
9335,activate_my_card,MIXED,0.0,0,6,6,0,0,0,0,0,,True
9336,activate_my_card,COLLOQUIAL,14.29,1,6,7,0,0,0,0,0,,False
9337,activate_my_card,COLLOQUIAL,12.5,1,7,8,0,0,0,0,0,,False
9338,cash_withdrawal_charge,COLLOQUIAL,16.67,1,5,6,0,0,0,0,0,,False
9339,cash_withdrawal_charge,COLLOQUIAL,37.5,3,5,8,0,0,0,0,0,,False
9340,cash_withdrawal_charge,COLLOQUIAL,20.0,2,8,10,0,0,0,0,0,,False
9341,cash_withdrawal_charge,COLLOQUIAL,45.45,5,6,11,0,0,0,0,0,,False
9342,cash_withdrawal_charge,COLLOQUIAL,25.0,2,6,8,0,0,0,0,0,,False
9343,cash_withdrawal_charge,COLLOQUIAL,12.5,1,7,8,0,0,0,0,0,,False
9344,cash_withdrawal_charge,COLLOQUIAL,28.57,2,5,7,0,0,0,0,0,,False
9345,cash_withdrawal_charge,COLLOQUIAL,42.86,4,3,7,0,0,0,0,0,,False
9346,cash_withdrawal_charge,MIXED,0.0,0,9,9,0,0,0,0,0,,True
9347,cash_withdrawal_charge,COLLOQUIAL,28.57,2,5,7,0,0,0,0,0,,False
9348,cash_withdrawal_charge,COLLOQUIAL,28.57,2,5,7,0,0,0,0,0,,False
9349,cash_withdrawal_charge,COLLOQUIAL,20.0,1,4,5,0,0,0,0,0,,False
9350,cash_withdrawal_charge,COLLOQUIAL,14.29,4,24,28,0,0,0,0,0,,False
9351,cash_withdrawal_charge,COLLOQUIAL,37.5,3,5,8,0,0,0,0,0,,False
9352,cash_withdrawal_charge,COLLOQUIAL,42.86,3,4,7,0,0,0,0,0,,False
9353,cash_withdrawal_charge,COLLOQUIAL,20.0,2,8,10,0,0,0,0,0,,False
9354,cash_withdrawal_charge,COLLOQUIAL,33.33,3,6,9,0,0,0,0,0,,False
9355,cash_withdrawal_charge,COLLOQUIAL,37.5,3,5,8,0,0,0,0,0,,False
9356,cash_withdrawal_charge,COLLOQUIAL,28.57,2,5,7,0,0,0,0,0,,False
9357,cash_withdrawal_charge,COLLOQUIAL,40.0,2,3,5,0,0,0,0,0,,False
9358,cash_withdrawal_charge,COLLOQUIAL,25.0,2,6,8,0,0,0,0,0,,False
9359,cash_withdrawal_charge,COLLOQUIAL,13.33,2,13,15,0,0,0,0,0,,False
9360,cash_withdrawal_charge,COLLOQUIAL,37.5,5,3,8,0,0,0,0,0,,False
9361,cash_withdrawal_charge,COLLOQUIAL,33.33,2,4,6,0,0,0,0,0,,False
9362,cash_withdrawal_charge,COLLOQUIAL,44.44,5,4,9,0,0,0,0,0,,False
9363,cash_withdrawal_charge,COLLOQUIAL,18.18,4,18,22,0,0,0,0,0,,False
9364,cash_withdrawal_charge,COLLOQUIAL,37.5,3,5,8,0,0,0,0,0,,False
9365,cash_withdrawal_charge,COLLOQUIAL,33.33,2,4,6,0,0,0,0,0,,False
9366,cash_withdrawal_charge,COLLOQUIAL,10.0,1,9,10,0,0,0,0,0,,False
9367,cash_withdrawal_charge,COLLOQUIAL,10.0,2,18,20,0,0,0,0,0,,False
9368,cash_withdrawal_charge,COLLOQUIAL,11.76,2,15,17,0,0,0,0,0,,False
9369,cash_withdrawal_charge,COLLOQUIAL,20.0,4,16,20,0,0,0,0,0,,False
9370,cash_withdrawal_charge,COLLOQUIAL,50.0,5,5,10,0,0,0,0,0,,False
9371,cash_withdrawal_charge,COLLOQUIAL,30.0,3,7,10,0,0,0,0,0,,False
9372,cash_withdrawal_charge,COLLOQUIAL,36.36,4,7,11,0,0,0,0,0,,False
9373,cash_withdrawal_charge,COLLOQUIAL,22.22,2,7,9,0,0,0,0,0,,False
9374,cash_withdrawal_charge,COLLOQUIAL,22.22,2,7,9,0,0,0,0,0,,False
9375,cash_withdrawal_charge,COLLOQUIAL,25.0,2,6,8,0,0,0,0,0,,False
9376,cash_withdrawal_charge,COLLOQUIAL,11.11,1,8,9,0,0,0,0,0,,False
9377,cash_withdrawal_charge,COLLOQUIAL,42.86,3,4,7,0,0,0,0,0,,False
9378,cash_withdrawal_charge,COLLOQUIAL,16.67,2,10,12,0,0,0,0,0,,False
9379,cash_withdrawal_charge,COLLOQUIAL,28.57,2,5,7,0,0,0,0,0,,False
9380,cash_withdrawal_charge,COLLOQUIAL,22.22,2,7,9,0,0,0,0,0,,False
9381,cash_withdrawal_charge,COLLOQUIAL,14.29,1,6,7,0,0,0,0,0,,False
9382,cash_withdrawal_charge,COLLOQUIAL,30.0,3,7,10,0,0,0,0,0,,False
9383,cash_withdrawal_charge,COLLOQUIAL,14.63,6,35,41,0,0,0,0,0,,False
9384,cash_withdrawal_charge,COLLOQUIAL,8.0,2,23,25,0,0,0,0,0,,False
9385,cash_withdrawal_charge,MIXED,0.0,0,11,11,0,0,0,0,0,,True
9386,cash_withdrawal_charge,MIXED,0.0,0,9,9,0,0,0,0,0,,True
9387,cash_withdrawal_charge,COLLOQUIAL,16.0,4,21,25,0,0,0,0,0,,False
9388,cash_withdrawal_charge,COLLOQUIAL,14.29,3,18,21,0,0,0,0,0,,False
9389,cash_withdrawal_charge,COLLOQUIAL,16.67,1,5,6,0,0,0,0,0,,False
9390,cash_withdrawal_charge,COLLOQUIAL,13.33,2,13,15,0,0,0,0,0,,False
9391,cash_withdrawal_charge,COLLOQUIAL,20.0,4,16,20,0,0,0,0,0,,False
9392,cash_withdrawal_charge,COLLOQUIAL,12.5,3,21,24,0,0,0,0,0,,False
9393,cash_withdrawal_charge,MIXED,0.0,0,12,12,0,0,0,0,0,,True
9394,cash_withdrawal_charge,COLLOQUIAL,23.08,3,10,13,0,0,0,0,0,,False
9395,cash_withdrawal_charge,COLLOQUIAL,16.67,2,10,12,0,0,0,0,0,,False
9396,cash_withdrawal_charge,COLLOQUIAL,45.45,5,6,11,0,0,0,0,0,,False
9397,cash_withdrawal_charge,COLLOQUIAL,28.57,2,5,7,0,0,0,0,0,,False
9398,cash_withdrawal_charge,COLLOQUIAL,30.77,4,9,13,0,0,0,0,0,,False
9399,cash_withdrawal_charge,COLLOQUIAL,45.45,5,6,11,0,0,0,0,0,,False
9400,cash_withdrawal_charge,COLLOQUIAL,28.57,2,5,7,0,0,0,0,0,,False
9401,cash_withdrawal_charge,COLLOQUIAL,22.22,2,7,9,0,0,0,0,0,,False
9402,cash_withdrawal_charge,COLLOQUIAL,16.67,1,5,6,0,0,0,0,0,,False
9403,cash_withdrawal_charge,COLLOQUIAL,15.38,2,11,13,0,0,0,0,0,,False
9404,cash_withdrawal_charge,COLLOQUIAL,37.5,3,5,8,0,0,0,0,0,,False
9405,cash_withdrawal_charge,COLLOQUIAL,11.11,1,8,9,0,0,0,0,0,,False
9406,cash_withdrawal_charge,COLLOQUIAL,42.86,3,4,7,0,0,0,0,0,,False
9407,cash_withdrawal_charge,COLLOQUIAL,14.29,4,24,28,0,0,0,0,0,,False
9408,cash_withdrawal_charge,COLLOQUIAL,22.22,2,7,9,0,0,0,0,0,,False
9409,cash_withdrawal_charge,COLLOQUIAL,28.57,2,5,7,0,0,0,0,0,,False
9410,cash_withdrawal_charge,COLLOQUIAL,25.0,3,9,12,0,0,0,0,0,,False
9411,cash_withdrawal_charge,COLLOQUIAL,40.0,4,6,10,0,0,0,0,0,,False
9412,cash_withdrawal_charge,COLLOQUIAL,22.73,5,17,22,0,0,0,0,0,,False
9413,cash_withdrawal_charge,COLLOQUIAL,22.22,2,7,9,0,0,0,0,0,,False
9414,cash_withdrawal_charge,COLLOQUIAL,42.86,3,4,7,0,0,0,0,0,,False
9415,cash_withdrawal_charge,COLLOQUIAL,25.0,2,6,8,0,0,0,0,0,,False
9416,cash_withdrawal_charge,COLLOQUIAL,25.0,2,6,8,0,0,0,0,0,,False
9417,cash_withdrawal_charge,COLLOQUIAL,40.0,2,3,5,0,0,0,0,0,,False
9418,cash_withdrawal_charge,COLLOQUIAL,50.0,3,3,6,0,0,0,0,0,,False
9419,cash_withdrawal_charge,COLLOQUIAL,9.09,2,20,22,0,0,0,0,0,,False
9420,cash_withdrawal_charge,COLLOQUIAL,44.44,4,5,9,0,0,0,0,0,,False
9421,cash_withdrawal_charge,COLLOQUIAL,42.86,3,4,7,0,0,0,0,0,,False
9422,cash_withdrawal_charge,COLLOQUIAL,35.71,5,9,14,0,0,0,0,0,,False
9423,cash_withdrawal_charge,COLLOQUIAL,33.33,2,4,6,0,0,0,0,0,,False
9424,cash_withdrawal_charge,COLLOQUIAL,27.27,3,8,11,0,0,0,0,0,,False
9425,cash_withdrawal_charge,COLLOQUIAL,33.33,2,4,6,0,0,0,0,0,,False
9426,cash_withdrawal_charge,COLLOQUIAL,10.53,2,17,19,0,0,0,0,0,,False
9427,cash_withdrawal_charge,COLLOQUIAL,30.0,6,14,20,0,0,0,0,0,,False
9428,cash_withdrawal_charge,COLLOQUIAL,18.18,2,9,11,0,0,0,0,0,,False
9429,cash_withdrawal_charge,COLLOQUIAL,40.0,4,6,10,0,0,0,0,0,,False
9430,cash_withdrawal_charge,COLLOQUIAL,37.5,3,5,8,0,0,0,0,0,,False
9431,cash_withdrawal_charge,COLLOQUIAL,33.33,2,4,6,0,0,0,0,0,,False
9432,cash_withdrawal_charge,COLLOQUIAL,40.0,2,3,5,0,0,0,0,0,,False
9433,cash_withdrawal_charge,COLLOQUIAL,38.46,5,8,13,0,0,0,0,0,,False
9434,cash_withdrawal_charge,COLLOQUIAL,50.0,4,4,8,0,0,0,0,0,,False
9435,cash_withdrawal_charge,COLLOQUIAL,31.25,5,11,16,0,0,0,0,0,,False
9436,cash_withdrawal_charge,COLLOQUIAL,15.0,3,17,20,0,0,0,0,0,,False
9437,cash_withdrawal_charge,COLLOQUIAL,50.0,2,2,4,0,0,0,0,0,,False
9438,cash_withdrawal_charge,COLLOQUIAL,11.11,3,24,27,0,0,0,0,0,,False
9439,cash_withdrawal_charge,COLLOQUIAL,22.22,4,14,18,0,0,0,0,0,,False
9440,cash_withdrawal_charge,COLLOQUIAL,33.33,2,4,6,0,0,0,0,0,,False
9441,cash_withdrawal_charge,COLLOQUIAL,50.0,4,4,8,0,0,0,0,0,,False
9442,cash_withdrawal_charge,COLLOQUIAL,18.18,2,9,11,0,0,0,0,0,,False
9443,cash_withdrawal_charge,COLLOQUIAL,33.33,2,4,6,0,0,0,0,0,,False
9444,cash_withdrawal_charge,COLLOQUIAL,42.86,3,4,7,0,0,0,0,0,,False
9445,cash_withdrawal_charge,COLLOQUIAL,28.57,2,5,7,0,0,0,0,0,,False
9446,cash_withdrawal_charge,COLLOQUIAL,28.57,4,10,14,0,0,0,0,0,,False
9447,cash_withdrawal_charge,COLLOQUIAL,37.5,3,5,8,0,0,0,0,0,,False
9448,cash_withdrawal_charge,MIXED,4.76,1,20,21,0,0,0,0,0,,True
9449,cash_withdrawal_charge,COLLOQUIAL,28.57,2,5,7,0,0,0,0,0,,False
9450,cash_withdrawal_charge,COLLOQUIAL,40.0,4,6,10,0,0,0,0,0,,False
9451,cash_withdrawal_charge,COLLOQUIAL,28.57,2,5,7,0,0,0,0,0,,False
9452,cash_withdrawal_charge,COLLOQUIAL,33.33,2,4,6,0,0,0,0,0,,False
9453,cash_withdrawal_charge,COLLOQUIAL,42.86,3,4,7,0,0,0,0,0,,False
9454,cash_withdrawal_charge,COLLOQUIAL,33.33,2,4,6,0,0,0,0,0,,False
9455,cash_withdrawal_charge,COLLOQUIAL,11.11,1,8,9,0,0,0,0,0,,False
9456,cash_withdrawal_charge,COLLOQUIAL,21.74,5,18,23,0,0,0,0,0,,False
9457,cash_withdrawal_charge,COLLOQUIAL,12.5,3,21,24,0,0,0,0,0,,False
9458,cash_withdrawal_charge,COLLOQUIAL,25.0,5,15,20,0,0,0,0,0,,False
9459,cash_withdrawal_charge,COLLOQUIAL,37.5,3,5,8,0,0,0,0,0,,False
9460,cash_withdrawal_charge,COLLOQUIAL,33.33,3,6,9,0,0,0,0,0,,False
9461,cash_withdrawal_charge,COLLOQUIAL,17.65,3,14,17,0,0,0,0,0,,False
9462,cash_withdrawal_charge,COLLOQUIAL,20.0,4,16,20,0,0,0,0,0,,False
9463,cash_withdrawal_charge,COLLOQUIAL,25.0,3,9,12,0,0,0,0,0,,False
9464,cash_withdrawal_charge,COLLOQUIAL,24.0,6,19,25,0,0,0,0,0,,False
9465,cash_withdrawal_charge,COLLOQUIAL,17.65,3,14,17,0,0,0,0,0,,False
9466,cash_withdrawal_charge,COLLOQUIAL,28.57,2,5,7,0,0,0,0,0,,False
9467,cash_withdrawal_charge,COLLOQUIAL,33.33,2,4,6,0,0,0,0,0,,False
9468,cash_withdrawal_charge,COLLOQUIAL,20.0,1,4,5,0,0,0,0,0,,False
9469,cash_withdrawal_charge,COLLOQUIAL,40.0,2,3,5,0,0,0,0,0,,False
9470,cash_withdrawal_charge,COLLOQUIAL,26.32,5,14,19,0,0,0,0,0,,False
9471,cash_withdrawal_charge,COLLOQUIAL,16.67,1,5,6,0,0,0,0,0,,False
9472,cash_withdrawal_charge,COLLOQUIAL,10.53,2,17,19,0,0,0,0,0,,False
9473,cash_withdrawal_charge,COLLOQUIAL,40.0,3,2,5,0,0,0,0,0,,False
9474,cash_withdrawal_charge,COLLOQUIAL,16.67,2,10,12,0,0,0,0,0,,False
9475,cash_withdrawal_charge,COLLOQUIAL,33.33,2,4,6,0,0,0,0,0,,False
9476,cash_withdrawal_charge,COLLOQUIAL,50.0,4,4,8,0,0,0,0,0,,False
9477,cash_withdrawal_charge,COLLOQUIAL,28.57,2,5,7,0,0,0,0,0,,False
9478,cash_withdrawal_charge,COLLOQUIAL,33.33,2,4,6,0,0,0,0,0,,False
9479,cash_withdrawal_charge,COLLOQUIAL,28.57,2,5,7,0,0,0,0,0,,False
9480,cash_withdrawal_charge,COLLOQUIAL,30.0,3,7,10,0,0,0,0,0,,False
9481,cash_withdrawal_charge,COLLOQUIAL,10.0,1,9,10,0,0,0,0,0,,False
9482,cash_withdrawal_charge,COLLOQUIAL,26.32,5,14,19,0,0,0,0,0,,False
9483,cash_withdrawal_charge,COLLOQUIAL,28.57,2,5,7,0,0,0,0,0,,False
9484,cash_withdrawal_charge,COLLOQUIAL,21.43,3,11,14,0,0,0,0,0,,False
9485,cash_withdrawal_charge,COLLOQUIAL,30.0,3,7,10,0,0,0,0,0,,False
9486,cash_withdrawal_charge,COLLOQUIAL,27.27,9,24,33,0,0,0,0,0,,False
9487,cash_withdrawal_charge,COLLOQUIAL,33.33,2,4,6,0,0,0,0,0,,False
9488,cash_withdrawal_charge,COLLOQUIAL,50.0,3,3,6,0,0,0,0,0,,False
9489,cash_withdrawal_charge,COLLOQUIAL,20.0,1,4,5,0,0,0,0,0,,False
9490,cash_withdrawal_charge,COLLOQUIAL,28.57,10,25,35,0,0,0,0,0,,False
9491,cash_withdrawal_charge,COLLOQUIAL,10.71,3,25,28,0,0,0,0,0,,False
9492,cash_withdrawal_charge,COLLOQUIAL,12.5,1,7,8,0,0,0,0,0,,False
9493,cash_withdrawal_charge,COLLOQUIAL,29.41,5,12,17,0,0,0,0,0,,False
9494,cash_withdrawal_charge,COLLOQUIAL,37.5,3,5,8,0,0,0,0,0,,False
9495,cash_withdrawal_charge,COLLOQUIAL,21.74,5,18,23,0,0,0,0,0,,False
9496,cash_withdrawal_charge,COLLOQUIAL,50.0,5,5,10,0,0,0,0,0,,False
9497,cash_withdrawal_charge,COLLOQUIAL,11.11,1,8,9,0,0,0,0,0,,False
9498,cash_withdrawal_charge,COLLOQUIAL,33.33,3,6,9,0,0,0,0,0,,False
9499,cash_withdrawal_charge,COLLOQUIAL,40.0,4,6,10,0,0,0,0,0,,False
9500,cash_withdrawal_charge,COLLOQUIAL,15.38,2,11,13,0,0,0,0,0,,False
9501,cash_withdrawal_charge,COLLOQUIAL,37.5,3,5,8,0,0,0,0,0,,False
9502,cash_withdrawal_charge,COLLOQUIAL,40.0,4,6,10,0,0,0,0,0,,False
9503,cash_withdrawal_charge,COLLOQUIAL,19.05,4,17,21,0,0,0,0,0,,False
9504,cash_withdrawal_charge,COLLOQUIAL,28.57,2,5,7,0,0,0,0,0,,False
9505,cash_withdrawal_charge,COLLOQUIAL,42.86,3,4,7,0,0,0,0,0,,False
9506,cash_withdrawal_charge,COLLOQUIAL,28.57,2,5,7,0,0,0,0,0,,False
9507,cash_withdrawal_charge,COLLOQUIAL,50.0,5,5,10,0,0,0,0,0,,False
9508,cash_withdrawal_charge,COLLOQUIAL,50.0,2,2,4,0,0,0,0,0,,False
9509,cash_withdrawal_charge,COLLOQUIAL,30.0,3,7,10,0,0,0,0,0,,False
9510,cash_withdrawal_charge,COLLOQUIAL,27.78,5,13,18,0,0,0,0,0,,False
9511,cash_withdrawal_charge,COLLOQUIAL,10.0,1,9,10,0,0,0,0,0,,False
9512,cash_withdrawal_charge,COLLOQUIAL,37.5,3,5,8,0,0,0,0,0,,False
9513,cash_withdrawal_charge,COLLOQUIAL,40.0,2,3,5,0,0,0,0,0,,False
9514,cash_withdrawal_charge,COLLOQUIAL,33.33,2,4,6,0,0,0,0,0,,False
9515,card_about_to_expire,COLLOQUIAL,20.0,2,8,10,0,0,0,0,0,,False
9516,card_about_to_expire,COLLOQUIAL,18.18,2,9,11,0,0,0,0,0,,False
9517,card_about_to_expire,COLLOQUIAL,16.67,2,10,12,0,0,0,0,0,,False
9518,card_about_to_expire,COLLOQUIAL,10.0,1,9,10,0,0,0,0,0,,False
9519,card_about_to_expire,COLLOQUIAL,25.0,2,6,8,0,0,0,0,0,,False
9520,card_about_to_expire,COLLOQUIAL,25.0,2,6,8,0,0,0,0,0,,False
9521,card_about_to_expire,COLLOQUIAL,18.75,3,13,16,0,0,0,0,0,,False
9522,card_about_to_expire,COLLOQUIAL,18.18,2,9,11,0,0,0,0,0,,False
9523,card_about_to_expire,COLLOQUIAL,25.0,2,6,8,0,0,0,0,0,,False
9524,card_about_to_expire,COLLOQUIAL,16.67,1,5,6,0,0,0,0,0,,False
9525,card_about_to_expire,COLLOQUIAL,13.33,2,13,15,0,0,0,0,0,,False
9526,card_about_to_expire,COLLOQUIAL,9.09,1,10,11,0,0,0,0,0,,False
9527,card_about_to_expire,COLLOQUIAL,20.0,2,8,10,0,0,0,0,0,,False
9528,card_about_to_expire,COLLOQUIAL,22.22,2,7,9,0,0,0,0,0,,False
9529,card_about_to_expire,COLLOQUIAL,20.0,1,4,5,0,0,0,0,0,,False
9530,card_about_to_expire,COLLOQUIAL,12.5,1,7,8,0,0,0,0,0,,False
9531,card_about_to_expire,COLLOQUIAL,16.67,2,10,12,0,0,0,0,0,,False
9532,card_about_to_expire,COLLOQUIAL,8.33,1,11,12,0,0,0,0,0,,False
9533,card_about_to_expire,COLLOQUIAL,16.67,1,5,6,0,0,0,0,0,,False
9534,card_about_to_expire,COLLOQUIAL,15.38,2,11,13,0,0,0,0,0,,False
9535,card_about_to_expire,COLLOQUIAL,22.22,2,7,9,0,0,0,0,0,,False
9536,card_about_to_expire,COLLOQUIAL,16.67,1,5,6,0,0,0,0,0,,False
9537,card_about_to_expire,COLLOQUIAL,12.5,1,7,8,0,0,0,0,0,,False
9538,card_about_to_expire,COLLOQUIAL,16.67,1,5,6,0,0,0,0,0,,False
9539,card_about_to_expire,COLLOQUIAL,12.5,1,7,8,0,0,0,0,0,,False
9540,card_about_to_expire,COLLOQUIAL,8.33,1,11,12,0,0,0,0,0,,False
9541,card_about_to_expire,COLLOQUIAL,18.18,2,9,11,0,0,0,0,0,,False
9542,card_about_to_expire,COLLOQUIAL,12.5,1,7,8,0,0,0,0,0,,False
9543,card_about_to_expire,COLLOQUIAL,9.09,1,10,11,0,0,0,0,0,,False
9544,card_about_to_expire,COLLOQUIAL,11.11,1,8,9,0,0,0,0,0,,False
9545,card_about_to_expire,COLLOQUIAL,12.5,1,7,8,0,0,0,0,0,,False
9546,card_about_to_expire,MIXED,0.0,0,5,5,0,0,0,0,0,,True
9547,card_about_to_expire,COLLOQUIAL,25.0,3,9,12,0,0,0,0,0,,False
9548,card_about_to_expire,COLLOQUIAL,12.5,1,7,8,0,0,0,0,0,,False
9549,card_about_to_expire,COLLOQUIAL,14.29,1,6,7,0,0,0,0,0,,False
9550,card_about_to_expire,COLLOQUIAL,12.5,1,7,8,0,0,0,0,0,,False
9551,card_about_to_expire,COLLOQUIAL,11.11,1,8,9,0,0,0,0,0,,False
9552,card_about_to_expire,COLLOQUIAL,12.5,1,7,8,0,0,0,0,0,,False
9553,card_about_to_expire,COLLOQUIAL,11.11,1,8,9,0,0,0,0,0,,False
9554,card_about_to_expire,COLLOQUIAL,11.11,1,8,9,0,0,0,0,0,,False
9555,card_about_to_expire,COLLOQUIAL,18.18,2,9,11,0,0,0,0,0,,False
9556,card_about_to_expire,COLLOQUIAL,14.29,2,12,14,0,0,0,0,0,,False
9557,card_about_to_expire,COLLOQUIAL,21.43,3,11,14,0,0,0,0,0,,False
9558,card_about_to_expire,COLLOQUIAL,27.27,3,8,11,0,0,0,0,0,,False
9559,card_about_to_expire,COLLOQUIAL,33.33,2,4,6,0,0,0,0,0,,False
9560,card_about_to_expire,COLLOQUIAL,37.5,3,5,8,0,0,0,0,0,,False
9561,card_about_to_expire,COLLOQUIAL,14.29,1,6,7,0,0,0,0,0,,False
9562,card_about_to_expire,COLLOQUIAL,12.5,2,14,16,0,0,0,0,0,,False
9563,card_about_to_expire,COLLOQUIAL,20.0,2,8,10,0,0,0,0,0,,False
9564,card_about_to_expire,COLLOQUIAL,20.0,4,16,20,0,0,0,0,0,,False
9565,card_about_to_expire,COLLOQUIAL,13.33,2,13,15,0,0,0,0,0,,False
9566,card_about_to_expire,COLLOQUIAL,22.22,2,7,9,0,0,0,0,0,,False
9567,card_about_to_expire,COLLOQUIAL,30.0,3,7,10,0,0,0,0,0,,False
9568,card_about_to_expire,COLLOQUIAL,26.32,5,14,19,0,0,0,0,0,,False
9569,card_about_to_expire,COLLOQUIAL,15.38,2,11,13,0,0,0,0,0,,False
9570,card_about_to_expire,COLLOQUIAL,31.25,5,11,16,0,0,0,0,0,,False
9571,card_about_to_expire,COLLOQUIAL,30.0,3,7,10,0,0,0,0,0,,False
9572,card_about_to_expire,COLLOQUIAL,45.45,5,6,11,0,0,0,0,0,,False
9573,card_about_to_expire,COLLOQUIAL,20.0,1,4,5,0,0,0,0,0,,False
9574,card_about_to_expire,COLLOQUIAL,20.0,3,12,15,0,0,0,0,0,,False
9575,card_about_to_expire,COLLOQUIAL,22.22,2,7,9,0,0,0,0,0,,False
9576,card_about_to_expire,MIXED,0.0,0,8,8,0,0,0,0,0,,True
9577,card_about_to_expire,COLLOQUIAL,42.86,3,4,7,0,0,0,0,0,,False
9578,card_about_to_expire,COLLOQUIAL,20.0,1,4,5,0,0,0,0,0,,False
9579,card_about_to_expire,COLLOQUIAL,14.29,1,6,7,0,0,0,0,0,,False
9580,card_about_to_expire,COLLOQUIAL,11.11,1,8,9,0,0,0,0,0,,False
9581,card_about_to_expire,COLLOQUIAL,18.18,2,9,11,0,0,0,0,0,,False
9582,card_about_to_expire,COLLOQUIAL,20.0,2,8,10,0,0,0,0,0,,False
9583,card_about_to_expire,COLLOQUIAL,28.57,2,5,7,0,0,0,0,0,,False
9584,card_about_to_expire,COLLOQUIAL,14.29,1,6,7,0,0,0,0,0,,False
9585,card_about_to_expire,COLLOQUIAL,14.29,1,6,7,0,0,0,0,0,,False
9586,card_about_to_expire,COLLOQUIAL,14.29,1,6,7,0,0,0,0,0,,False
9587,card_about_to_expire,COLLOQUIAL,12.5,1,7,8,0,0,0,0,0,,False
9588,card_about_to_expire,COLLOQUIAL,42.86,3,4,7,0,0,0,0,0,,False
9589,card_about_to_expire,MIXED,0.0,0,10,10,0,0,0,0,0,,True
9590,card_about_to_expire,COLLOQUIAL,13.33,2,13,15,0,0,0,0,0,,False
9591,card_about_to_expire,COLLOQUIAL,20.0,2,8,10,0,0,0,0,0,,False
9592,card_about_to_expire,COLLOQUIAL,12.5,1,7,8,0,0,0,0,0,,False
9593,card_about_to_expire,COLLOQUIAL,16.67,1,5,6,0,0,0,0,0,,False
9594,card_about_to_expire,COLLOQUIAL,15.38,2,11,13,0,0,0,0,0,,False
9595,card_about_to_expire,MIXED,0.0,0,4,4,0,0,0,0,0,,True
9596,card_about_to_expire,COLLOQUIAL,14.29,1,6,7,0,0,0,0,0,,False
9597,card_about_to_expire,COLLOQUIAL,27.27,3,8,11,0,0,0,0,0,,False
9598,card_about_to_expire,COLLOQUIAL,10.53,2,17,19,0,0,0,0,0,,False
9599,card_about_to_expire,COLLOQUIAL,16.67,1,5,6,0,0,0,0,0,,False
9600,card_about_to_expire,COLLOQUIAL,33.33,3,6,9,0,0,0,0,0,,False
9601,card_about_to_expire,COLLOQUIAL,20.0,4,16,20,0,0,0,0,0,,False
9602,card_about_to_expire,COLLOQUIAL,30.0,3,7,10,0,0,0,0,0,,False
9603,card_about_to_expire,COLLOQUIAL,16.67,1,5,6,0,0,0,0,0,,False
9604,card_about_to_expire,COLLOQUIAL,42.86,3,4,7,0,0,0,0,0,,False
9605,card_about_to_expire,COLLOQUIAL,6.67,1,14,15,0,0,0,0,0,,False
9606,card_about_to_expire,COLLOQUIAL,25.0,3,9,12,0,0,0,0,0,,False
9607,card_about_to_expire,COLLOQUIAL,25.0,3,9,12,0,0,0,0,0,,False
9608,card_about_to_expire,COLLOQUIAL,12.5,1,7,8,0,0,0,0,0,,False
9609,card_about_to_expire,COLLOQUIAL,7.69,1,12,13,0,0,0,0,0,,False
9610,card_about_to_expire,MIXED,0.0,0,8,8,0,0,0,0,0,,True
9611,card_about_to_expire,COLLOQUIAL,23.08,3,10,13,0,0,0,0,0,,False
9612,card_about_to_expire,COLLOQUIAL,22.22,2,7,9,0,0,0,0,0,,False
9613,card_about_to_expire,COLLOQUIAL,30.0,3,7,10,0,0,0,0,0,,False
9614,card_about_to_expire,COLLOQUIAL,16.67,1,5,6,0,0,0,0,0,,False
9615,card_about_to_expire,COLLOQUIAL,20.0,2,8,10,0,0,0,0,0,,False
9616,card_about_to_expire,MIXED,0.0,0,5,5,0,0,0,0,0,,True
9617,card_about_to_expire,MIXED,0.0,0,5,5,0,0,0,0,0,,True
9618,card_about_to_expire,COLLOQUIAL,14.29,1,6,7,0,0,0,0,0,,False
9619,card_about_to_expire,COLLOQUIAL,10.0,1,9,10,0,0,0,0,0,,False
9620,card_about_to_expire,COLLOQUIAL,25.0,3,9,12,0,0,0,0,0,,False
9621,card_about_to_expire,COLLOQUIAL,16.67,3,15,18,0,0,0,0,0,,False
9622,card_about_to_expire,COLLOQUIAL,23.08,3,10,13,0,0,0,0,0,,False
9623,card_about_to_expire,COLLOQUIAL,16.67,1,5,6,0,0,0,0,0,,False
9624,card_about_to_expire,MIXED,0.0,0,7,7,0,0,0,0,0,,True
9625,card_about_to_expire,COLLOQUIAL,14.29,1,6,7,0,0,0,0,0,,False
9626,card_about_to_expire,COLLOQUIAL,16.67,1,5,6,0,0,0,0,0,,False
9627,card_about_to_expire,COLLOQUIAL,11.11,1,8,9,0,0,0,0,0,,False
9628,card_about_to_expire,COLLOQUIAL,20.0,2,8,10,0,0,0,0,0,,False
9629,card_about_to_expire,COLLOQUIAL,14.29,1,6,7,0,0,0,0,0,,False
9630,card_about_to_expire,COLLOQUIAL,22.22,2,7,9,0,0,0,0,0,,False
9631,card_about_to_expire,COLLOQUIAL,20.0,1,4,5,0,0,0,0,0,,False
9632,card_about_to_expire,COLLOQUIAL,14.29,2,12,14,0,0,0,0,0,,False
9633,card_about_to_expire,COLLOQUIAL,30.0,3,7,10,0,0,0,0,0,,False
9634,card_about_to_expire,COLLOQUIAL,21.43,3,11,14,0,0,0,0,0,,False
9635,card_about_to_expire,MIXED,0.0,0,9,9,0,0,0,0,0,,True
9636,card_about_to_expire,COLLOQUIAL,20.0,2,8,10,0,0,0,0,0,,False
9637,card_about_to_expire,COLLOQUIAL,16.67,1,5,6,0,0,0,0,0,,False
9638,card_about_to_expire,COLLOQUIAL,18.18,2,9,11,0,0,0,0,0,,False
9639,card_about_to_expire,MIXED,0.0,0,9,9,0,0,0,0,0,,True
9640,card_about_to_expire,COLLOQUIAL,14.29,1,6,7,0,0,0,0,0,,False
9641,card_about_to_expire,COLLOQUIAL,22.22,2,7,9,0,0,0,0,0,,False
9642,card_about_to_expire,COLLOQUIAL,11.11,1,8,9,0,0,0,0,0,,False
9643,card_about_to_expire,MIXED,0.0,0,6,6,0,0,0,0,0,,True
9644,apple_pay_or_google_pay,COLLOQUIAL,28.57,4,10,14,0,0,0,0,0,,False
9645,apple_pay_or_google_pay,COLLOQUIAL,37.5,3,5,8,0,0,0,0,0,,False
9646,apple_pay_or_google_pay,COLLOQUIAL,33.33,4,8,12,0,0,0,0,0,,False
9647,apple_pay_or_google_pay,COLLOQUIAL,22.22,2,7,9,0,0,0,0,0,,False
9648,apple_pay_or_google_pay,COLLOQUIAL,14.29,1,6,7,0,0,0,0,0,,False
9649,apple_pay_or_google_pay,COLLOQUIAL,22.22,2,7,9,0,0,0,0,0,,False
9650,apple_pay_or_google_pay,COLLOQUIAL,37.5,3,5,8,0,0,0,0,0,,False
9651,apple_pay_or_google_pay,COLLOQUIAL,28.57,2,5,7,0,0,0,0,0,,False
9652,apple_pay_or_google_pay,COLLOQUIAL,50.0,3,3,6,0,0,0,0,0,,False
9653,apple_pay_or_google_pay,COLLOQUIAL,33.33,2,4,6,0,0,0,0,0,,False
9654,apple_pay_or_google_pay,COLLOQUIAL,25.0,2,6,8,0,0,0,0,0,,False
9655,apple_pay_or_google_pay,COLLOQUIAL,12.5,1,7,8,0,0,0,0,0,,False
9656,apple_pay_or_google_pay,COLLOQUIAL,33.33,3,6,9,0,0,0,0,0,,False
9657,apple_pay_or_google_pay,COLLOQUIAL,14.29,1,6,7,0,0,0,0,0,,False
9658,apple_pay_or_google_pay,MIXED,0.0,0,6,6,0,0,0,0,0,,True
9659,apple_pay_or_google_pay,COLLOQUIAL,14.29,1,6,7,0,0,0,0,0,,False
9660,apple_pay_or_google_pay,COLLOQUIAL,30.0,3,7,10,0,0,0,0,0,,False
9661,apple_pay_or_google_pay,COLLOQUIAL,25.0,2,6,8,0,0,0,0,0,,False
9662,apple_pay_or_google_pay,COLLOQUIAL,16.67,1,5,6,0,0,0,0,0,,False
9663,apple_pay_or_google_pay,COLLOQUIAL,23.53,4,13,17,0,0,0,0,0,,False
9664,apple_pay_or_google_pay,MIXED,0.0,0,9,9,0,0,0,0,0,,True
9665,apple_pay_or_google_pay,COLLOQUIAL,33.33,3,6,9,0,0,0,0,0,,False
9666,apple_pay_or_google_pay,COLLOQUIAL,26.32,5,14,19,0,0,0,0,0,,False
9667,apple_pay_or_google_pay,MIXED,0.0,0,9,9,0,0,0,0,0,,True
9668,apple_pay_or_google_pay,COLLOQUIAL,28.57,2,5,7,0,0,0,0,0,,False
9669,apple_pay_or_google_pay,COLLOQUIAL,25.0,2,6,8,0,0,0,0,0,,False
9670,apple_pay_or_google_pay,COLLOQUIAL,12.5,1,7,8,0,0,0,0,0,,False
9671,apple_pay_or_google_pay,COLLOQUIAL,18.18,2,9,11,0,0,0,0,0,,False
9672,apple_pay_or_google_pay,COLLOQUIAL,14.29,1,6,7,0,0,0,0,0,,False
9673,apple_pay_or_google_pay,COLLOQUIAL,28.57,4,10,14,0,0,0,0,0,,False
9674,apple_pay_or_google_pay,COLLOQUIAL,20.0,2,8,10,0,0,0,0,0,,False
9675,apple_pay_or_google_pay,MIXED,0.0,0,6,6,0,0,0,0,0,,True
9676,apple_pay_or_google_pay,COLLOQUIAL,33.33,3,6,9,0,0,0,0,0,,False
9677,apple_pay_or_google_pay,COLLOQUIAL,40.0,4,6,10,0,0,0,0,0,,False
9678,apple_pay_or_google_pay,COLLOQUIAL,12.5,1,7,8,0,0,0,0,0,,False
9679,apple_pay_or_google_pay,COLLOQUIAL,37.5,3,5,8,0,0,0,0,0,,False
9680,apple_pay_or_google_pay,COLLOQUIAL,11.11,1,8,9,0,0,0,0,0,,False
9681,apple_pay_or_google_pay,COLLOQUIAL,20.0,2,8,10,0,0,0,0,0,,False
9682,apple_pay_or_google_pay,COLLOQUIAL,28.57,4,10,14,0,0,0,0,0,,False
9683,apple_pay_or_google_pay,COLLOQUIAL,42.86,3,4,7,0,0,0,0,0,,False
9684,apple_pay_or_google_pay,COLLOQUIAL,17.65,3,14,17,0,0,0,0,0,,False
9685,apple_pay_or_google_pay,COLLOQUIAL,30.0,3,7,10,0,0,0,0,0,,False
9686,apple_pay_or_google_pay,COLLOQUIAL,33.33,2,4,6,0,0,0,0,0,,False
9687,apple_pay_or_google_pay,COLLOQUIAL,33.33,3,6,9,0,0,0,0,0,,False
9688,apple_pay_or_google_pay,COLLOQUIAL,16.67,2,10,12,0,0,0,0,0,,False
9689,apple_pay_or_google_pay,COLLOQUIAL,33.33,3,6,9,0,0,0,0,0,,False
9690,apple_pay_or_google_pay,COLLOQUIAL,17.65,3,14,17,0,0,0,0,0,,False
9691,apple_pay_or_google_pay,COLLOQUIAL,11.11,1,8,9,0,0,0,0,0,,False
9692,apple_pay_or_google_pay,COLLOQUIAL,12.5,1,7,8,0,0,0,0,0,,False
9693,apple_pay_or_google_pay,COLLOQUIAL,33.33,3,6,9,0,0,0,0,0,,False
9694,apple_pay_or_google_pay,MIXED,0.0,0,5,5,0,0,0,0,0,,True
9695,apple_pay_or_google_pay,COLLOQUIAL,15.38,2,11,13,0,0,0,0,0,,False
9696,apple_pay_or_google_pay,COLLOQUIAL,42.86,3,4,7,0,0,0,0,0,,False
9697,apple_pay_or_google_pay,COLLOQUIAL,42.86,3,4,7,0,0,0,0,0,,False
9698,apple_pay_or_google_pay,COLLOQUIAL,33.33,4,8,12,0,0,0,0,0,,False
9699,apple_pay_or_google_pay,COLLOQUIAL,12.5,1,7,8,0,0,0,0,0,,False
9700,apple_pay_or_google_pay,COLLOQUIAL,28.57,2,5,7,0,0,0,0,0,,False
9701,apple_pay_or_google_pay,COLLOQUIAL,17.65,3,14,17,0,0,0,0,0,,False
9702,apple_pay_or_google_pay,COLLOQUIAL,36.36,4,7,11,0,0,0,0,0,,False
9703,apple_pay_or_google_pay,COLLOQUIAL,25.0,2,6,8,0,0,0,0,0,,False
9704,apple_pay_or_google_pay,COLLOQUIAL,25.0,2,6,8,0,0,0,0,0,,False
9705,apple_pay_or_google_pay,COLLOQUIAL,18.18,2,9,11,0,0,0,0,0,,False
9706,apple_pay_or_google_pay,COLLOQUIAL,18.18,2,9,11,0,0,0,0,0,,False
9707,apple_pay_or_google_pay,COLLOQUIAL,12.5,1,7,8,0,0,0,0,0,,False
9708,apple_pay_or_google_pay,COLLOQUIAL,14.29,1,6,7,0,0,0,0,0,,False
9709,apple_pay_or_google_pay,COLLOQUIAL,6.67,1,14,15,0,0,0,0,0,,False
9710,apple_pay_or_google_pay,COLLOQUIAL,25.0,2,6,8,0,0,0,0,0,,False
9711,apple_pay_or_google_pay,COLLOQUIAL,25.0,2,6,8,0,0,0,0,0,,False
9712,apple_pay_or_google_pay,COLLOQUIAL,28.57,2,5,7,0,0,0,0,0,,False
9713,apple_pay_or_google_pay,COLLOQUIAL,25.0,2,6,8,0,0,0,0,0,,False
9714,apple_pay_or_google_pay,COLLOQUIAL,25.0,2,6,8,0,0,0,0,0,,False
9715,apple_pay_or_google_pay,COLLOQUIAL,22.22,2,7,9,0,0,0,0,0,,False
9716,apple_pay_or_google_pay,COLLOQUIAL,14.29,1,6,7,0,0,0,0,0,,False
9717,apple_pay_or_google_pay,MIXED,0.0,0,8,8,0,0,0,0,0,,True
9718,apple_pay_or_google_pay,COLLOQUIAL,28.57,2,5,7,0,0,0,0,0,,False
9719,apple_pay_or_google_pay,COLLOQUIAL,25.0,2,6,8,0,0,0,0,0,,False
9720,apple_pay_or_google_pay,COLLOQUIAL,7.14,1,13,14,0,0,0,0,0,,False
9721,apple_pay_or_google_pay,COLLOQUIAL,22.22,2,7,9,0,0,0,0,0,,False
9722,apple_pay_or_google_pay,MIXED,0.0,0,7,7,0,0,0,0,0,,True
9723,apple_pay_or_google_pay,COLLOQUIAL,20.0,2,8,10,0,0,0,0,0,,False
9724,apple_pay_or_google_pay,COLLOQUIAL,7.14,1,13,14,0,0,0,0,0,,False
9725,apple_pay_or_google_pay,COLLOQUIAL,28.57,2,5,7,0,0,0,0,0,,False
9726,apple_pay_or_google_pay,COLLOQUIAL,18.18,2,9,11,0,0,0,0,0,,False
9727,apple_pay_or_google_pay,COLLOQUIAL,12.5,1,7,8,0,0,0,0,0,,False
9728,apple_pay_or_google_pay,COLLOQUIAL,22.22,2,7,9,0,0,0,0,0,,False
9729,apple_pay_or_google_pay,COLLOQUIAL,15.38,2,11,13,0,0,0,0,0,,False
9730,apple_pay_or_google_pay,COLLOQUIAL,33.33,2,4,6,0,0,0,0,0,,False
9731,apple_pay_or_google_pay,COLLOQUIAL,9.09,1,10,11,0,0,0,0,0,,False
9732,apple_pay_or_google_pay,COLLOQUIAL,25.0,2,6,8,0,0,0,0,0,,False
9733,apple_pay_or_google_pay,COLLOQUIAL,22.22,2,7,9,0,0,0,0,0,,False
9734,apple_pay_or_google_pay,COLLOQUIAL,28.57,2,5,7,0,0,0,0,0,,False
9735,apple_pay_or_google_pay,COLLOQUIAL,28.57,2,5,7,0,0,0,0,0,,False
9736,apple_pay_or_google_pay,MIXED,0.0,0,7,7,0,0,0,0,0,,True
9737,apple_pay_or_google_pay,COLLOQUIAL,15.38,2,11,13,0,0,0,0,0,,False
9738,apple_pay_or_google_pay,COLLOQUIAL,18.18,2,9,11,0,0,0,0,0,,False
9739,apple_pay_or_google_pay,MIXED,0.0,0,8,8,0,0,0,0,0,,True
9740,apple_pay_or_google_pay,COLLOQUIAL,33.33,2,4,6,0,0,0,0,0,,False
9741,apple_pay_or_google_pay,COLLOQUIAL,28.57,2,5,7,0,0,0,0,0,,False
9742,apple_pay_or_google_pay,MIXED,0.0,0,6,6,0,0,0,0,0,,True
9743,apple_pay_or_google_pay,COLLOQUIAL,22.22,2,7,9,0,0,0,0,0,,False
9744,apple_pay_or_google_pay,COLLOQUIAL,25.0,2,6,8,0,0,0,0,0,,False
9745,apple_pay_or_google_pay,COLLOQUIAL,37.5,3,5,8,0,0,0,0,0,,False
9746,apple_pay_or_google_pay,COLLOQUIAL,20.0,2,8,10,0,0,0,0,0,,False
9747,apple_pay_or_google_pay,COLLOQUIAL,8.33,1,11,12,0,0,0,0,0,,False
9748,apple_pay_or_google_pay,COLLOQUIAL,11.11,1,8,9,0,0,0,0,0,,False
9749,apple_pay_or_google_pay,COLLOQUIAL,33.33,2,4,6,0,0,0,0,0,,False
9750,apple_pay_or_google_pay,COLLOQUIAL,17.65,3,14,17,0,0,0,0,0,,False
9751,apple_pay_or_google_pay,COLLOQUIAL,28.57,2,5,7,0,0,0,0,0,,False
9752,apple_pay_or_google_pay,COLLOQUIAL,33.33,2,4,6,0,0,0,0,0,,False
9753,apple_pay_or_google_pay,COLLOQUIAL,16.67,1,5,6,0,0,0,0,0,,False
9754,apple_pay_or_google_pay,COLLOQUIAL,15.38,2,11,13,0,0,0,0,0,,False
9755,apple_pay_or_google_pay,COLLOQUIAL,25.0,2,6,8,0,0,0,0,0,,False
9756,apple_pay_or_google_pay,COLLOQUIAL,8.33,1,11,12,0,0,0,0,0,,False
9757,apple_pay_or_google_pay,MIXED,0.0,0,6,6,0,0,0,0,0,,True
9758,apple_pay_or_google_pay,COLLOQUIAL,28.57,2,5,7,0,0,0,0,0,,False
9759,apple_pay_or_google_pay,MIXED,0.0,0,12,12,0,0,0,0,0,,True
9760,apple_pay_or_google_pay,COLLOQUIAL,14.29,2,12,14,0,0,0,0,0,,False
9761,apple_pay_or_google_pay,COLLOQUIAL,8.33,1,11,12,0,0,0,0,0,,False
9762,apple_pay_or_google_pay,COLLOQUIAL,22.22,2,7,9,0,0,0,0,0,,False
9763,apple_pay_or_google_pay,COLLOQUIAL,25.0,2,6,8,0,0,0,0,0,,False
9764,apple_pay_or_google_pay,COLLOQUIAL,18.75,3,13,16,0,0,0,0,0,,False
9765,apple_pay_or_google_pay,COLLOQUIAL,12.5,1,7,8,0,0,0,0,0,,False
9766,apple_pay_or_google_pay,COLLOQUIAL,22.22,2,7,9,0,0,0,0,0,,False
9767,apple_pay_or_google_pay,COLLOQUIAL,25.0,2,6,8,0,0,0,0,0,,False
9768,apple_pay_or_google_pay,COLLOQUIAL,25.0,2,6,8,0,0,0,0,0,,False
9769,apple_pay_or_google_pay,COLLOQUIAL,25.0,2,6,8,0,0,0,0,0,,False
9770,verify_my_identity,MIXED,0.0,0,5,5,0,0,0,0,0,,True
9771,verify_my_identity,MIXED,0.0,0,6,6,0,0,0,0,0,,True
9772,verify_my_identity,MIXED,0.0,0,8,8,0,0,0,0,0,,True
9773,verify_my_identity,MIXED,0.0,0,4,4,0,0,0,0,0,,True
9774,verify_my_identity,MIXED,0.0,0,5,5,0,0,0,0,0,,True
9775,verify_my_identity,MIXED,0.0,0,8,8,0,0,0,0,0,,True
9776,verify_my_identity,MIXED,0.0,0,6,6,0,0,0,0,0,,True
9777,verify_my_identity,MIXED,0.0,0,6,6,0,0,0,0,0,,True
9778,verify_my_identity,MIXED,0.0,0,5,5,0,0,0,0,0,,True
9779,verify_my_identity,MIXED,0.0,0,5,5,0,0,0,0,0,,True
9780,verify_my_identity,MIXED,0.0,0,5,5,0,0,0,0,0,,True
9781,verify_my_identity,MIXED,0.0,0,7,7,0,0,0,0,0,,True
9782,verify_my_identity,MIXED,0.0,0,7,7,0,0,0,0,0,,True
9783,verify_my_identity,MIXED,0.0,0,7,7,0,0,0,0,0,,True
9784,verify_my_identity,MIXED,0.0,0,9,9,0,0,0,0,0,,True
9785,verify_my_identity,MIXED,0.0,0,5,5,0,0,0,0,0,,True
9786,verify_my_identity,MIXED,0.0,0,7,7,0,0,0,0,0,,True
9787,verify_my_identity,COLLOQUIAL,22.22,2,7,9,0,0,0,0,0,,False
9788,verify_my_identity,COLLOQUIAL,14.29,1,6,7,0,0,0,0,0,,False
9789,verify_my_identity,MIXED,0.0,0,7,7,0,0,0,0,0,,True
9790,verify_my_identity,MIXED,0.0,0,5,5,0,0,0,0,0,,True
9791,verify_my_identity,MIXED,0.0,0,5,5,0,0,0,0,0,,True
9792,verify_my_identity,MIXED,0.0,0,5,5,0,0,0,0,0,,True
9793,verify_my_identity,MIXED,0.0,0,5,5,0,0,0,0,0,,True
9794,verify_my_identity,MIXED,0.0,0,8,8,0,0,0,0,0,,True
9795,verify_my_identity,MIXED,0.0,0,5,5,0,0,0,0,0,,True
9796,verify_my_identity,MIXED,0.0,0,9,9,0,0,0,0,0,,True
9797,verify_my_identity,MIXED,0.0,0,6,6,0,0,0,0,0,,True
9798,verify_my_identity,MIXED,0.0,0,8,8,0,0,0,0,0,,True
9799,verify_my_identity,MIXED,0.0,0,4,4,0,0,0,0,0,,True
9800,verify_my_identity,COLLOQUIAL,25.0,1,3,4,0,0,0,0,0,,False
9801,verify_my_identity,MIXED,0.0,0,5,5,0,0,0,0,0,,True
9802,verify_my_identity,MIXED,0.0,0,8,8,0,0,0,0,0,,True
9803,verify_my_identity,MIXED,0.0,0,7,7,0,0,0,0,0,,True
9804,verify_my_identity,MIXED,0.0,0,6,6,0,0,0,0,0,,True
9805,verify_my_identity,COLLOQUIAL,20.0,1,4,5,0,0,0,0,0,,False
9806,verify_my_identity,MIXED,0.0,0,5,5,0,0,0,0,0,,True
9807,verify_my_identity,MIXED,0.0,0,6,6,0,0,0,0,0,,True
9808,verify_my_identity,MIXED,0.0,0,7,7,0,0,0,0,0,,True
9809,verify_my_identity,MIXED,0.0,0,5,5,0,0,0,0,0,,True
9810,verify_my_identity,MIXED,0.0,0,9,9,0,0,0,0,0,,True
9811,verify_my_identity,MIXED,0.0,0,8,8,0,0,0,0,0,,True
9812,verify_my_identity,MIXED,0.0,0,6,6,0,0,0,0,0,,True
9813,verify_my_identity,MIXED,0.0,0,4,4,0,0,0,0,0,,True
9814,verify_my_identity,MIXED,0.0,0,5,5,0,0,0,0,0,,True
9815,verify_my_identity,MIXED,0.0,0,9,9,0,0,0,0,0,,True
9816,verify_my_identity,MIXED,0.0,0,6,6,0,0,0,0,0,,True
9817,verify_my_identity,MIXED,0.0,0,7,7,0,0,0,0,0,,True
9818,verify_my_identity,MIXED,0.0,0,6,6,0,0,0,0,0,,True
9819,verify_my_identity,MIXED,0.0,0,8,8,0,0,0,0,0,,True
9820,verify_my_identity,MIXED,0.0,0,7,7,0,0,0,0,0,,True
9821,verify_my_identity,MIXED,0.0,0,5,5,0,0,0,0,0,,True
9822,verify_my_identity,MIXED,0.0,0,7,7,0,0,0,0,0,,True
9823,verify_my_identity,MIXED,0.0,0,5,5,0,0,0,0,0,,True
9824,verify_my_identity,COLLOQUIAL,12.5,1,7,8,0,0,0,0,0,,False
9825,verify_my_identity,COLLOQUIAL,12.5,1,7,8,0,0,0,0,0,,False
9826,verify_my_identity,COLLOQUIAL,16.67,1,5,6,0,0,0,0,0,,False
9827,verify_my_identity,MIXED,0.0,0,5,5,0,0,0,0,0,,True
9828,verify_my_identity,MIXED,0.0,0,5,5,0,0,0,0,0,,True
9829,verify_my_identity,MIXED,0.0,0,7,7,0,0,0,0,0,,True
9830,verify_my_identity,COLLOQUIAL,20.0,1,4,5,0,0,0,0,0,,False
9831,verify_my_identity,COLLOQUIAL,16.67,1,5,6,0,0,0,0,0,,False
9832,verify_my_identity,COLLOQUIAL,12.5,1,7,8,0,0,0,0,0,,False
9833,verify_my_identity,COLLOQUIAL,16.67,1,5,6,0,0,0,0,0,,False
9834,verify_my_identity,MIXED,0.0,0,4,4,0,0,0,0,0,,True
9835,verify_my_identity,COLLOQUIAL,14.29,1,6,7,0,0,0,0,0,,False
9836,verify_my_identity,COLLOQUIAL,14.29,1,6,7,0,0,0,0,0,,False
9837,verify_my_identity,COLLOQUIAL,42.86,3,4,7,0,0,0,0,0,,False
9838,verify_my_identity,COLLOQUIAL,20.0,1,4,5,0,0,0,0,0,,False
9839,verify_my_identity,COLLOQUIAL,25.0,1,3,4,0,0,0,0,0,,False
9840,verify_my_identity,COLLOQUIAL,11.11,1,8,9,0,0,0,0,0,,False
9841,verify_my_identity,MIXED,0.0,0,5,5,0,0,0,0,0,,True
9842,verify_my_identity,MIXED,0.0,0,10,10,0,0,0,0,0,,True
9843,verify_my_identity,MIXED,0.0,0,5,5,0,0,0,0,0,,True
9844,verify_my_identity,COLLOQUIAL,16.67,2,10,12,0,0,0,0,0,,False
9845,verify_my_identity,MIXED,0.0,0,5,5,0,0,0,0,0,,True
9846,verify_my_identity,MIXED,0.0,0,7,7,0,0,0,0,0,,True
9847,verify_my_identity,COLLOQUIAL,25.0,2,6,8,0,0,0,0,0,,False
9848,verify_my_identity,MIXED,0.0,0,5,5,0,0,0,0,0,,True
9849,verify_my_identity,MIXED,0.0,0,6,6,0,0,0,0,0,,True
9850,verify_my_identity,MIXED,0.0,0,4,4,0,0,0,0,0,,True
9851,verify_my_identity,MIXED,0.0,0,6,6,0,0,0,0,0,,True
9852,verify_my_identity,MIXED,0.0,0,8,8,0,0,0,0,0,,True
9853,verify_my_identity,MIXED,0.0,0,5,5,0,0,0,0,0,,True
9854,verify_my_identity,COLLOQUIAL,12.5,1,7,8,0,0,0,0,0,,False
9855,verify_my_identity,MIXED,0.0,0,4,4,0,0,0,0,0,,True
9856,verify_my_identity,COLLOQUIAL,16.67,1,5,6,0,0,0,0,0,,False
9857,verify_my_identity,COLLOQUIAL,14.29,1,6,7,0,0,0,0,0,,False
9858,verify_my_identity,COLLOQUIAL,25.0,2,6,8,0,0,0,0,0,,False
9859,verify_my_identity,COLLOQUIAL,12.5,1,7,8,0,0,0,0,0,,False
9860,verify_my_identity,MIXED,0.0,0,5,5,0,0,0,0,0,,True
9861,verify_my_identity,MIXED,0.0,0,5,5,0,0,0,0,0,,True
9862,verify_my_identity,COLLOQUIAL,37.5,3,5,8,0,0,0,0,0,,False
9863,verify_my_identity,COLLOQUIAL,16.67,1,5,6,0,0,0,0,0,,False
9864,verify_my_identity,COLLOQUIAL,14.29,1,6,7,0,0,0,0,0,,False
9865,verify_my_identity,MIXED,0.0,0,5,5,0,0,0,0,0,,True
9866,verify_my_identity,COLLOQUIAL,20.0,1,4,5,0,0,0,0,0,,False
9867,verify_my_identity,MIXED,0.0,0,5,5,0,0,0,0,0,,True
9868,verify_my_identity,COLLOQUIAL,25.0,2,6,8,0,0,0,0,0,,False
9869,verify_my_identity,MIXED,0.0,0,4,4,0,0,0,0,0,,True
9870,verify_my_identity,MIXED,0.0,0,6,6,0,0,0,0,0,,True
9871,verify_my_identity,MIXED,0.0,0,5,5,0,0,0,0,0,,True
9872,verify_my_identity,MIXED,0.0,0,4,4,0,0,0,0,0,,True
9873,verify_my_identity,COLLOQUIAL,14.29,1,6,7,0,0,0,0,0,,False
9874,country_support,MIXED,0.0,0,5,5,0,0,0,0,0,,True
9875,country_support,COLLOQUIAL,40.0,2,3,5,0,0,0,0,0,,False
9876,country_support,COLLOQUIAL,16.67,1,5,6,0,0,0,0,0,,False
9877,country_support,COLLOQUIAL,28.57,2,5,7,0,0,0,0,0,,False
9878,country_support,COLLOQUIAL,25.0,1,3,4,0,0,0,0,0,,False
9879,country_support,COLLOQUIAL,14.29,1,6,7,0,0,0,0,0,,False
9880,country_support,COLLOQUIAL,20.0,1,4,5,0,0,0,0,0,,False
9881,country_support,COLLOQUIAL,25.0,2,6,8,0,0,0,0,0,,False
9882,country_support,COLLOQUIAL,20.0,1,4,5,0,0,0,0,0,,False
9883,country_support,COLLOQUIAL,16.67,1,5,6,0,0,0,0,0,,False
9884,country_support,COLLOQUIAL,28.57,2,5,7,0,0,0,0,0,,False
9885,country_support,COLLOQUIAL,25.0,1,3,4,0,0,0,0,0,,False
9886,country_support,MIXED,0.0,0,4,4,0,0,0,0,0,,True
9887,country_support,COLLOQUIAL,16.67,1,5,6,0,0,0,0,0,,False
9888,country_support,MIXED,0.0,0,5,5,0,0,0,0,0,,True
9889,country_support,COLLOQUIAL,28.57,2,5,7,0,0,0,0,0,,False
9890,country_support,COLLOQUIAL,16.67,1,5,6,0,0,0,0,0,,False
9891,country_support,COLLOQUIAL,33.33,1,2,3,0,0,0,0,0,,False
9892,country_support,MIXED,0.0,0,8,8,0,0,0,0,0,,True
9893,country_support,COLLOQUIAL,14.29,1,6,7,0,0,0,0,0,,False
9894,country_support,COLLOQUIAL,22.22,2,7,9,0,0,0,0,0,,False
9895,country_support,COLLOQUIAL,16.67,1,5,6,0,0,0,0,0,,False
9896,country_support,COLLOQUIAL,28.57,2,5,7,0,0,0,0,0,,False
9897,country_support,MIXED,0.0,0,6,6,0,0,0,0,0,,True
9898,country_support,COLLOQUIAL,33.33,2,4,6,0,0,0,0,0,,False
9899,country_support,COLLOQUIAL,10.0,1,9,10,0,0,0,0,0,,False
9900,country_support,COLLOQUIAL,14.29,1,6,7,0,0,0,0,0,,False
9901,country_support,MIXED,0.0,0,5,5,0,0,0,0,0,,True
9902,country_support,MIXED,0.0,0,5,5,0,0,0,0,0,,True
9903,country_support,MIXED,0.0,0,5,5,0,0,0,0,0,,True
9904,country_support,COLLOQUIAL,25.0,1,3,4,0,0,0,0,0,,False
9905,country_support,MIXED,0.0,0,5,5,0,0,0,0,0,,True
9906,country_support,COLLOQUIAL,14.29,1,6,7,0,0,0,0,0,,False
9907,country_support,MIXED,0.0,0,4,4,0,0,0,0,0,,True
9908,country_support,COLLOQUIAL,16.67,1,5,6,0,0,0,0,0,,False
9909,country_support,COLLOQUIAL,16.67,1,5,6,0,0,0,0,0,,False
9910,country_support,COLLOQUIAL,25.0,2,6,8,0,0,0,0,0,,False
9911,country_support,MIXED,0.0,0,4,4,0,0,0,0,0,,True
9912,country_support,COLLOQUIAL,25.0,2,6,8,0,0,0,0,0,,False
9913,country_support,COLLOQUIAL,33.33,2,4,6,0,0,0,0,0,,False
9914,country_support,COLLOQUIAL,40.0,2,3,5,0,0,0,0,0,,False
9915,country_support,COLLOQUIAL,16.67,1,5,6,0,0,0,0,0,,False
9916,country_support,COLLOQUIAL,14.29,1,6,7,0,0,0,0,0,,False
9917,country_support,MIXED,0.0,0,5,5,0,0,0,0,0,,True
9918,country_support,COLLOQUIAL,20.0,2,8,10,0,0,0,0,0,,False
9919,country_support,COLLOQUIAL,40.0,2,3,5,0,0,0,0,0,,False
9920,country_support,COLLOQUIAL,33.33,1,2,3,0,0,0,0,0,,False
9921,country_support,COLLOQUIAL,11.11,1,8,9,0,0,0,0,0,,False
9922,country_support,COLLOQUIAL,22.22,2,7,9,0,0,0,0,0,,False
9923,country_support,COLLOQUIAL,11.11,1,8,9,0,0,0,0,0,,False
9924,country_support,COLLOQUIAL,10.0,1,9,10,0,0,0,0,0,,False
9925,country_support,COLLOQUIAL,28.57,2,5,7,0,0,0,0,0,,False
9926,country_support,COLLOQUIAL,28.57,2,5,7,0,0,0,0,0,,False
9927,country_support,COLLOQUIAL,14.29,1,6,7,0,0,0,0,0,,False
9928,country_support,MIXED,0.0,0,5,5,0,0,0,0,0,,True
9929,country_support,COLLOQUIAL,14.29,1,6,7,0,0,0,0,0,,False
9930,country_support,COLLOQUIAL,12.5,2,14,16,0,0,0,0,0,,False
9931,country_support,COLLOQUIAL,16.67,1,5,6,0,0,0,0,0,,False
9932,country_support,COLLOQUIAL,30.0,3,7,10,0,0,0,0,0,,False
9933,country_support,COLLOQUIAL,25.0,2,6,8,0,0,0,0,0,,False
9934,country_support,COLLOQUIAL,11.11,1,8,9,0,0,0,0,0,,False
9935,country_support,COLLOQUIAL,11.11,1,8,9,0,0,0,0,0,,False
9936,country_support,COLLOQUIAL,11.11,1,8,9,0,0,0,0,0,,False
9937,country_support,COLLOQUIAL,28.57,2,5,7,0,0,0,0,0,,False
9938,country_support,COLLOQUIAL,42.86,3,4,7,0,0,0,0,0,,False
9939,country_support,COLLOQUIAL,28.57,2,5,7,0,0,0,0,0,,False
9940,country_support,COLLOQUIAL,11.11,1,8,9,0,0,0,0,0,,False
9941,country_support,COLLOQUIAL,28.57,2,5,7,0,0,0,0,0,,False
9942,country_support,COLLOQUIAL,20.0,2,8,10,0,0,0,0,0,,False
9943,country_support,COLLOQUIAL,25.0,2,6,8,0,0,0,0,0,,False
9944,country_support,COLLOQUIAL,50.0,2,2,4,0,0,0,0,0,,False
9945,country_support,COLLOQUIAL,21.43,3,11,14,0,0,0,0,0,,False
9946,country_support,COLLOQUIAL,25.0,2,6,8,0,0,0,0,0,,False
9947,country_support,COLLOQUIAL,25.0,2,6,8,0,0,0,0,0,,False
9948,country_support,COLLOQUIAL,22.22,2,7,9,0,0,0,0,0,,False
9949,country_support,COLLOQUIAL,16.67,1,5,6,0,0,0,0,0,,False
9950,country_support,COLLOQUIAL,27.27,3,8,11,0,0,0,0,0,,False
9951,country_support,COLLOQUIAL,33.33,2,4,6,0,0,0,0,0,,False
9952,country_support,COLLOQUIAL,33.33,2,4,6,0,0,0,0,0,,False
9953,country_support,COLLOQUIAL,11.11,1,8,9,0,0,0,0,0,,False
9954,country_support,COLLOQUIAL,33.33,2,4,6,0,0,0,0,0,,False
9955,country_support,COLLOQUIAL,20.0,2,8,10,0,0,0,0,0,,False
9956,country_support,COLLOQUIAL,18.18,2,9,11,0,0,0,0,0,,False
9957,country_support,COLLOQUIAL,28.57,2,5,7,0,0,0,0,0,,False
9958,country_support,COLLOQUIAL,11.11,1,8,9,0,0,0,0,0,,False
9959,country_support,COLLOQUIAL,33.33,2,4,6,0,0,0,0,0,,False
9960,country_support,COLLOQUIAL,20.0,1,4,5,0,0,0,0,0,,False
9961,country_support,COLLOQUIAL,11.11,1,8,9,0,0,0,0,0,,False
9962,country_support,COLLOQUIAL,11.11,1,8,9,0,0,0,0,0,,False
9963,country_support,COLLOQUIAL,10.0,1,9,10,0,0,0,0,0,,False
9964,country_support,COLLOQUIAL,10.0,1,9,10,0,0,0,0,0,,False
9965,country_support,COLLOQUIAL,16.67,1,5,6,0,0,0,0,0,,False
9966,country_support,COLLOQUIAL,28.57,2,5,7,0,0,0,0,0,,False
9967,country_support,COLLOQUIAL,12.5,1,7,8,0,0,0,0,0,,False
9968,country_support,MIXED,0.0,0,4,4,0,0,0,0,0,,True
9969,country_support,COLLOQUIAL,22.22,2,7,9,0,0,0,0,0,,False
9970,country_support,MIXED,0.0,0,5,5,0,0,0,0,0,,True
9971,country_support,MIXED,0.0,0,4,4,0,0,0,0,0,,True
9972,country_support,MIXED,0.0,0,7,7,0,0,0,0,0,,True
9973,country_support,MIXED,0.0,0,5,5,0,0,0,0,0,,True
9974,country_support,MIXED,0.0,0,7,7,0,0,0,0,0,,True
9975,country_support,COLLOQUIAL,10.0,1,9,10,0,0,0,0,0,,False
9976,country_support,COLLOQUIAL,14.29,1,6,7,0,0,0,0,0,,False
9977,country_support,COLLOQUIAL,12.5,1,7,8,0,0,0,0,0,,False
9978,country_support,COLLOQUIAL,11.11,1,8,9,0,0,0,0,0,,False
9979,country_support,MIXED,0.0,0,3,3,0,0,0,0,0,,True
9980,country_support,MIXED,0.0,0,5,5,0,0,0,0,0,,True
9981,country_support,MIXED,0.0,0,4,4,0,0,0,0,0,,True
9982,country_support,COLLOQUIAL,14.29,1,6,7,0,0,0,0,0,,False
9983,country_support,COLLOQUIAL,10.0,1,9,10,0,0,0,0,0,,False
9984,country_support,COLLOQUIAL,12.5,1,7,8,0,0,0,0,0,,False
9985,country_support,COLLOQUIAL,22.22,2,7,9,0,0,0,0,0,,False
9986,country_support,COLLOQUIAL,12.5,1,7,8,0,0,0,0,0,,False
9987,country_support,MIXED,0.0,0,6,6,0,0,0,0,0,,True
9988,country_support,COLLOQUIAL,12.5,1,7,8,0,0,0,0,0,,False
9989,country_support,COLLOQUIAL,8.33,1,11,12,0,0,0,0,0,,False
9990,country_support,COLLOQUIAL,20.0,1,4,5,0,0,0,0,0,,False
9991,country_support,MIXED,0.0,0,8,8,0,0,0,0,0,,True
9992,country_support,COLLOQUIAL,16.67,1,5,6,0,0,0,0,0,,False
9993,country_support,MIXED,0.0,0,5,5,0,0,0,0,0,,True
9994,country_support,MIXED,0.0,0,5,5,0,0,0,0,0,,True
9995,country_support,MIXED,0.0,0,6,6,0,0,0,0,0,,True
9996,country_support,COLLOQUIAL,18.18,2,9,11,0,0,0,0,0,,False
9997,country_support,COLLOQUIAL,22.22,2,7,9,0,0,0,0,0,,False
9998,country_support,COLLOQUIAL,16.67,1,5,6,0,0,0,0,0,,False
9999,country_support,COLLOQUIAL,20.0,1,4,5,0,0,0,0,0,,False
10000,country_support,COLLOQUIAL,25.0,1,3,4,0,0,0,0,0,,False
10001,country_support,COLLOQUIAL,25.0,1,3,4,0,0,0,0,0,,False
10002,country_support,MIXED,0.0,0,4,4,0,0,0,0,0,,True
