id,text,true_label,predicted_label,correct
0,Enoda card-ai naan eppadi kandupidikkuthu?,card_arrival,get_physical_card,False
1,"Naan oru vaaraththukku munbe order seithum, enoda puthiya card innum enakku kidaikkala.",card_arrival,card_arrival,True
2,"Naan oru card-ku order seithen, aanal athu innum varala. please uthavungal!",card_arrival,card_arrival,True
3,Enoda card eppo vanthu serum endru therinthukolla ethavathu vazhi irukka?,card_arrival,card_delivery_estimate,False
4,Enoda card innum vanthu serala.,card_arrival,card_arrival,True
5,Enoda card enakku eppo kidaikkum?,card_arrival,card_delivery_estimate,False
6,Neenga enakku anuppiya puthiya card-ku ethavathu tracking number irukka endru ungalukku theriyuma?,card_arrival,card_arrival,True
7,Enoda card enakku kidaikkala.,card_arrival,card_arrival,True
8,Antha card-kaaga innum wait pannitu irukken.,card_arrival,card_arrival,True
9,Enoda puthiya card-kaaga oru vaaraththukku mel kaaththirukka vendiyiruppathu saathaaranamaanatha?,card_arrival,card_arrival,True
10,Enoda card-ai naan eppadi track seivathu?,card_arrival,card_arrival,True
11,Card vanthu seruvatharku evvalavu kaalam edukkum?,card_arrival,card_delivery_estimate,False
12,2 vaarangal aagiyum enoda card innum enakku kidaikkala. naan enna seyya vendum?,card_arrival,card_arrival,True
13,Enoda puthiya card-kaaga innum wait pannitu irukken.,card_arrival,card_arrival,True
14,1 vaaram aagiyum enoda card-kaaga innum wait pannitu irukken. ithu paravaayillaiya?,card_arrival,card_arrival,True
15,"Enoda bank card-kaaga naan ethirpaarththathai vida athiga kaalam kaaththirukkiren, athu eppo vanthu serum endra vibaraththai vazhanga mudiyuma?",card_arrival,card_delivery_estimate,False
16,Enoda card-kaaga naan ethirpaarththathai vida athiga kaalam kaaththirukkiren.,card_arrival,card_delivery_estimate,False
17,Enoda card yen innum delivery seiyappadala?,card_arrival,card_delivery_estimate,False
18,Enoda puthiya card enga? naan oru vaaramaaga wait pannitu irukken!,card_arrival,card_arrival,True
19,2 vaarangal aagiyum enoda card innum varala. athu tholainthuvittatha?,card_arrival,card_arrival,True
20,"Enoda card innum enakku kidaikkala, athu tholainthuvittatha?",card_arrival,card_arrival,True
21,Naan order seitha card-oda status.,card_arrival,order_physical_card,False
22,Enoda puthiya card vanthu seruvatharku evvalavu kaalam edukka vendum?,card_arrival,card_arrival,True
23,"Naan 2 vaarangalukku munbu enoda card-ku order seithen, athu innum ingu varala? naan enna seivathu?",card_arrival,card_arrival,True
24,"Enoda card innum vanthu serala, athu enga irukku?",card_arrival,card_arrival,True
25,Thabaalil anuppappatta enoda card-kaana tracking number enna?,card_arrival,card_arrival,True
26,"Enoda card innum enakku kidaikkaathathaal, athan delivery-il yetho thavaru nadanthullathu endru ninaikkiren.",card_arrival,card_arrival,True
27,"Enoda puthiya card-oda delivery-kkaaga naan innum wait pannitu irukken, yen ivvalavu kaalam edukkuthu?",card_arrival,card_arrival,True
28,"Naan oru vaaraththukku munbu oru card-ku order seithen, athu innum ingu varala. naan enna seivathu?",card_arrival,card_arrival,True
29,Neenga anuppiya card-ai naan track seyya virumbugiren.,card_arrival,card_arrival,True
30,Enoda card innum vanthu serala.,card_arrival,card_arrival,True
31,"Enoda puthiya card-ai naan ethirpaarthutu irunthen, athu yen innum enakku kidaikkala nu yosikkiren?",card_arrival,card_arrival,True
32,Enoda card eppo vanthu serum nu naan eppadi therinjukirathu?,card_arrival,card_delivery_estimate,False
33,Enoda card deliver aagurathukaaga naan innum kaathutu irukkiren.,card_arrival,card_arrival,True
34,Neenga anuppina card-ai track panna ethavathu vazhi irukkaa?,card_arrival,card_arrival,True
35,"Naan oru card order pannen, aana athu innum enakku kidaikkala. Rendu vaaram aayiduchu. Naan enna seiyarathu?",card_arrival,card_arrival,True
36,"Enoda card innum vanthu serathathaala, athu tholanjuruchuko nu nenaikkiren, enakku uthava mudiyuma?",card_arrival,card_arrival,True
37,Tracking info ethavathu irukkaa?,card_arrival,card_arrival,True
38,Neenga anuppina card-oda tracking number enna?,card_arrival,card_arrival,True
39,Neenga enakku anuppina card-oda tracking number enga irukku?,card_arrival,card_arrival,True
40,Enoda card yen app-la kaattala?,card_linking,card_linking,True
41,Enoda card-ai naan meendum reactivate seyya virumbugiren.,card_linking,card_linking,True
42,Puthiya card-ai naan enga link pannanum?,card_linking,card_linking,True
43,"Enoda card enakku kidaichuruchu, athai app-la add panna enakku uthava mudiyuma?",card_linking,card_linking,True
44,Ennidam earkanave ulla card-ai naan eppadi link pannuvathu?,card_linking,card_linking,True
45,"Enoda puthiya card enakku kidaichuruchu, aana app-la athu engayume kaattala. Naan enna seiyarathu?",card_linking,card_linking,True
46,Oru card-ai meendum app-la eppadi add pannuvathu?,card_linking,card_linking,True
47,Enoda account-la card-ai eppadi add pannuvathu?,card_linking,card_linking,True
48,Enoda pazhaya card-ai meendum system-la add panna mudiyuma? Naan athai ippothan kandupidichen.,card_linking,card_linking,True
49,"Ungaloda card onnu earkanave ennidam irukku, athai naan eppadi link pannuvathu?",card_linking,card_linking,True
50,Puthiya card-ai eppadi link pannuvathu?,card_linking,card_linking,True
51,Earkanave ulla card-ai link panna mudiyuma?,card_linking,card_linking,True
52,"Ungaloda card earkanave ennidam irunthaal, athai naan eppadi link pannuvathu?",card_linking,card_linking,True
53,App-la oru card-ai eppadi add pannuvathu?,card_linking,card_linking,True
54,Enoda puthiya card-ai naan link panna mudiyuma?,card_linking,card_linking,True
55,"Vanakkam, naan thavaravitta card-ai kandupidichuten, athai naan meendum reactivate seyanum, athai eppadi seiyarathu?",card_linking,card_linking,True
56,Earkanave ennidam ulla ungaloda card-galil onrai eppadi link pannuvathu endru enakku solla mudiyuma?,card_linking,card_linking,True
57,Enakku kidaitha card-ai app-la eppadi paarppathu?,card_linking,card_linking,True
58,Enoda card-ai link panna website-la naan enga poga vendum?,card_linking,card_linking,True
59,"Enoda card-ai kandupidichuten, athai app-la add panna mudiyuma?",card_linking,card_linking,True
60,Ungalidam ulla enoda credit card-ai naan eppadi inaippathu?,card_linking,topping_up_by_card,False
61,"Enoda card enakku kidaithuvittathu, enave ippothu athai app-udan eppadi sync seivathu endru naan therinthu kolla vendum.",card_linking,card_linking,True
62,"Enoda card-ai naan kandupidithuvitten, athai meendum seiyalpadutha virumbukiren.",card_linking,card_acceptance,False
63,Intha puthiya card-ai naan eppadi inaippathu?,card_linking,card_about_to_expire,False
64,"Indru kaalai enoda jacket pocket-ilirunthu naan kandu edutha, tholainthupona enoda card-ai meendum seiyalpadutha mudiyuma?",card_linking,card_linking,True
65,Aerkanave ulla card-ai naan eppadi inaippathu?,card_linking,card_acceptance,False
66,Enakku kidaitha card app-il kaattappadala.,card_linking,card_linking,True
67,Ennidam aerkanave ulla card-ai naan eppadi inaippathu?,card_linking,card_linking,True
68,Enoda card-ai inaikka virumbukiren. Naan athai eppadi seivathu?,card_linking,card_linking,True
69,Enoda card-ai inaippatharkana idathai naan engay kandariyalama endru please kaatta mudiyuma?,card_linking,card_acceptance,False
70,Enoda puthiya card-ai inaikka vendumanal naan engu sella vendum?,card_linking,card_arrival,False
71,Enoda palaiya card-ai app-udan payanpaduthakkoodiyathaga maatruvatharku aethenum vazhi ullatha?,card_linking,atm_support,False
72,Tholainthuvittathu endru naan ninaitha card-ai meendum seiyalpadutha mudiyuma?,card_linking,card_acceptance,False
73,Enoda card-ai naan eppadi inaippathu?,card_linking,card_acceptance,False
74,Enoda card viparangalai ulliduvatharku naan app-il engu sella vendum?,card_linking,card_linking,True
75,Tholaintha allathu thirudappatta enoda card-ai naan kandupidithuvitten. Enoda app moolam antha card-ai meendum enoda account-oda inaikka aethenum vazhi ullatha?,card_linking,lost_or_stolen_card,False
76,"Enoda card-ai meendum seiyalpadutha enakku uthava mudiyuma? Athu munbu tholainthupoyirunthathu, aanal indru kaalai enoda jacket-il athai kandupidithen.",card_linking,card_linking,True
77,"Unga card-galil ondru ennidam aerkanave ullathu, athai naan eppadi inaippathu?",card_linking,card_linking,True
78,Enoda maatru card-ai naan eppadi inaippathu?,card_linking,order_physical_card,False
79,Enoda account-oda matroru card-ai inaikka mudiyuma?,card_linking,getting_spare_card,False
80,Unga maatru rates-ai naan therinthu kolla vendum.,exchange_rate,card_payment_wrong_exchange_rate,False
81,Neenga vazhangum maatru rates enna?,exchange_rate,exchange_rate,True
82,Unga maatru rates-ai neenga eppadi theermanikkireergall?,exchange_rate,exchange_rate,True
83,Unga maatru rates-ai neenga engirunthu perugireergall?,exchange_rate,exchange_rate,True
84,Maatru rate-ai naan eppadi kandarivathu?,exchange_rate,card_payment_wrong_exchange_rate,False
85,Unga sarvathesa maatru rates enna?,exchange_rate,exchange_rate,True
86,Unga maatru rates evvalavu kaalathirku orumurai maaruguthu?,exchange_rate,card_payment_wrong_exchange_rate,False
87,Maatru rate enna enbathai please kooravum.,exchange_rate,card_payment_wrong_exchange_rate,False
88,Maatru rates eppadi kanakkidappaduguthu?,exchange_rate,exchange_rate,True
89,Maatru rates ethan adipadayil amainthullana?,exchange_rate,card_payment_wrong_exchange_rate,False
90,Currency maatru vighithangal endraal enna?,exchange_rate,card_payment_wrong_exchange_rate,False
91,Migavum anmaikkaala currency maatru vighithangal evai?,exchange_rate,card_payment_wrong_exchange_rate,False
92,Unga currency maatru vighitha kolgaiyai enakku vilakka mudiyuma?,exchange_rate,fiat_currency_support,False
93,Currencies-ai maatruvatharku ithu nalla nerama?,exchange_rate,fiat_currency_support,False
94,Intha app-la currency maatru vighitham eppadi irukku?,exchange_rate,exchange_via_app,False
95,Ungalidam currency maatru vighithangalin pattiyal irukka?,exchange_rate,fiat_currency_support,False
96,Unga currency maatru vighithangalai engirunthu perugireergal endru enakku solla mudiyuma?,exchange_rate,fiat_currency_support,False
97,Enakku tharphothaiya velinaattu currency maatru vighitham kidaikkuma?,exchange_rate,exchange_charge,False
98,Currency maatru vighitham entha currencies-la kanakkidappaduguthu?,exchange_rate,fiat_currency_support,False
99,Unga currency maatru vighithangalai engirunthu perugireergal?,exchange_rate,card_payment_wrong_exchange_rate,False
100,Currency maatru vighithangalin adippadai enna?,exchange_rate,card_payment_wrong_exchange_rate,False
101,Neenga entha currency maatru vighithathai payanpaduthugireergal?,exchange_rate,fiat_currency_support,False
102,Currency maatru vighithangal enna?,exchange_rate,card_payment_wrong_exchange_rate,False
103,Unga currency maatru vighithangalai ethan adippadaiyil theermaanikkireenga?,exchange_rate,card_payment_wrong_exchange_rate,False
104,Neenga entha velinaattu currency maatru vighithathai payanpaduthuveergal?,exchange_rate,card_payment_wrong_exchange_rate,False
105,Intha currency maatru vighithathinpadi enakku evvalavu kidaikkum?,exchange_rate,exchange_charge,False
106,Currency maatru vighitham evvalavu irukkum?,exchange_rate,exchange_charge,False
107,Currency maatru vighitham eppadi irukku?,exchange_rate,card_payment_wrong_exchange_rate,False
108,Unga currency maatru vighithangal eppadi seyalpaduguthu?,exchange_rate,exchange_via_app,False
109,Currency maatru vighitham enna?,exchange_rate,card_payment_wrong_exchange_rate,False
110,Unga currency maatru vighithangal engirunthu kidaikkinrana?,exchange_rate,card_payment_wrong_exchange_rate,False
111,Unga currency maatru vighithangalai eppadi theermaanikkireenga?,exchange_rate,card_payment_wrong_exchange_rate,False
112,Naan tharphothaiya currency maatru vighithathai kandariya muyarsikkiren.,exchange_rate,card_payment_wrong_exchange_rate,False
113,Unga currency maatru vighithangalai engirunthu perugireergal?,exchange_rate,card_payment_wrong_exchange_rate,False
114,Velinaattu currency maatru vighithathai enakku solla mudiyuma?,exchange_rate,exchange_charge,False
115,Unga currency maatru vighithangal yen maaruguthu?,exchange_rate,card_payment_wrong_exchange_rate,False
116,Enoda panathai maatrum pothu enakku eththagaiya velinaattu currency maatru vighitham kidaikkum?,exchange_rate,card_payment_wrong_exchange_rate,False
117,Enoda velinaattu currency maatru vighitham enna?,exchange_rate,card_payment_wrong_exchange_rate,False
118,Intha vighitham eppothu theermaanikkappaduguthu?,exchange_rate,card_acceptance,False
119,Enakkaana tharphothaiya currency maatru vighitham enna?,exchange_rate,card_payment_wrong_exchange_rate,False
120,"Naan oru velinaattu currency-la etho vaanginen, aanaal payanpaduthappatta maatru rate thavaranaathu.",card_payment_wrong_exchange_rate,card_payment_wrong_exchange_rate,True
121,"Naan naanya maatru seithen, enakku irukka vendiyathai vida athigamaaga fee vasulikkappa ttullathu endru ninaikkiren.",card_payment_wrong_exchange_rate,card_payment_wrong_exchange_rate,True
122,Card fee-kaana maatru rate thavaranaathu.,card_payment_wrong_exchange_rate,card_payment_wrong_exchange_rate,True
123,Naan naattirku veliye etho vaangiyapothu maatru rate thavaraga irunthathu.,card_payment_wrong_exchange_rate,card_payment_wrong_exchange_rate,True
124,Enoda kolvanavukkaana maatru rate thavaranaathu.,card_payment_wrong_exchange_rate,card_payment_wrong_exchange_rate,True
125,Intha rate migavum kuraivaaga ullathu. neenga sariyana maatru rate-ai payanpaduthugireergall enbathu uruthiya?,card_payment_wrong_exchange_rate,card_payment_wrong_exchange_rate,True
126,"Naan etho vaanginen, aanaal maatru rate thavaraga theriyuthu.",card_payment_wrong_exchange_rate,card_payment_wrong_exchange_rate,True
127,Enoda velinaattu kolvanavukku payanpaduthappatta rate thavaranaathu.,card_payment_wrong_exchange_rate,card_payment_wrong_exchange_rate,True
128,"Naan oru velinaattu currency-la etho vaanginen, aanaal payanpaduthappatta rate thavaranaathu!",card_payment_wrong_exchange_rate,card_payment_wrong_exchange_rate,True
129,"Enoda naanya maatru thavaragivittathu. naan LKR ai USD aaga maatren, enakku athiga fee vasulikkappa ttathu.",card_payment_wrong_exchange_rate,card_payment_wrong_exchange_rate,True
130,Naan vaangiya oru porulukku neenga sariyana maatru rate-ai payanpaduthavillai.,card_payment_wrong_exchange_rate,card_payment_wrong_exchange_rate,True
131,Enoda card fee-kaana maatru rate thavaranaathu.,card_payment_wrong_exchange_rate,card_payment_wrong_exchange_rate,True
132,Naan etho vaangiyapothu naanya maatru rate thavaraga irunthathu.,card_payment_wrong_exchange_rate,card_payment_wrong_exchange_rate,True
133,Naan velinaattil ethayum vaangumpothu maatru rate yen thavaraga irukku?,card_payment_wrong_exchange_rate,card_payment_wrong_exchange_rate,True
134,"Naan oru porulai vaanginen, maatru rate sariyaga illai enbathai gavanithen.",card_payment_wrong_exchange_rate,card_payment_wrong_exchange_rate,True
135,"Naan velinaattil etho vaanginen, enoda statement il thavarana maatru rate ullathu.",card_payment_wrong_exchange_rate,card_payment_wrong_exchange_rate,True
136,"Kadantha sanikkizhamai enoda parivarthanaikkana maatru rate thavaraga irunthathaga theriyuthu, enakku kooduthal fee vasulikkappa ttullathu. please ithai sariseyyavum.",card_payment_wrong_exchange_rate,card_payment_wrong_exchange_rate,True
137,Enoda card fee-kaana unga maatru rate yen thavaraga ullathu?,card_payment_wrong_exchange_rate,card_payment_wrong_exchange_rate,True
138,Enakku yen athiga fee vasulikkappa duguthu?,card_payment_wrong_exchange_rate,cash_withdrawal_charge,False
139,"Naan oru porulai vaanginen, enakku vazhangappatta maatru rate thavaranaathu.",card_payment_wrong_exchange_rate,card_payment_wrong_exchange_rate,True
140,Enoda card kattana maatru rate sariyanaathu endru naan ninaikkala.,card_payment_wrong_exchange_rate,card_payment_wrong_exchange_rate,True
141,"Kadantha sanikkizhamai naan oru kolvanavu seithapothu, enakku kooduthal fee vasulikkappa ttathu. enakku sariyana maatru rate kidaithatha?",card_payment_wrong_exchange_rate,card_payment_wrong_exchange_rate,True
142,Oru kolvanavukkaana naanya maatrathtarku avargal enakku thavaraga fee vasulithanar.,card_payment_wrong_exchange_rate,fiat_currency_support,False
143,Enoda card kattana maatru rate thavaranaathu endru naan nambugiren.,card_payment_wrong_exchange_rate,card_payment_wrong_exchange_rate,True
144,"Vanakkam, kadantha sanikkizhamai enoda fee-ku enakku kooduthal fee vasulikkappa ttullathu. maatru rate thavaraga irunthathu endru ninaikkiren.",card_payment_wrong_exchange_rate,card_payment_wrong_exchange_rate,True
145,Intha transaction-la maatru rate thavaraga theriyuthu.,card_payment_wrong_exchange_rate,card_payment_wrong_exchange_rate,True
146,"Naan oru porulai vaangiya piragu, enakku vazhangappatta maatru rate sariyaga irukkala.",card_payment_wrong_exchange_rate,card_payment_wrong_exchange_rate,True
147,"Vanakkam, unga maatru rate sariyanaathu endru naan ninaikkala. please uththiyogapoorva vangigalukku idaiyilana maatru rate-ai saripaarkkavum.",card_payment_wrong_exchange_rate,card_payment_wrong_exchange_rate,True
148,"Enoda naanya maatrathtil etho thavaru nadanthullathu enbathil naan uruthiyaaga irukkiren. naan LKR ai USD aaga maatren, enakku miga athiga fee vasulikkappa ttathu!",card_payment_wrong_exchange_rate,card_payment_wrong_exchange_rate,True
149,Naan vaangiya oru porulukku enakku sariyana maatru rate payanpaduthappadala.,card_payment_wrong_exchange_rate,card_payment_wrong_exchange_rate,True
150,Enoda card payments-kkana conversion value thavaraga irukku.,card_payment_wrong_exchange_rate,card_payment_not_recognised,False
151,Naan foreign currency-la ethavathu vangumpothu thavarana exchange rate use pannirukkanga.,card_payment_wrong_exchange_rate,wrong_exchange_rate_for_cash_withdrawal,False
152,"Naan foreign currency-la pay pannen, aana exchange rate thavara irukkuratha paathen.",card_payment_wrong_exchange_rate,wrong_exchange_rate_for_cash_withdrawal,False
153,Enoda foreign purchase-la thavarana rate use pannirukkanga.,card_payment_wrong_exchange_rate,card_payment_wrong_exchange_rate,True
154,Naan kittaadiyila vaangina oru item-kkana exchange rate yen thavara irunthathu?,card_payment_wrong_exchange_rate,card_payment_wrong_exchange_rate,True
155,Naan vaangina oru item-kkana exchange rate yen thavara irukku?,card_payment_wrong_exchange_rate,card_payment_wrong_exchange_rate,True
156,Enoda transaction-kku apply panna exchange rate-ai naan eppadi check pannalaam?,card_payment_wrong_exchange_rate,exchange_rate,False
157,Enoda card payment-kkana ungaloda exchange rate muttilum thavara irukku.,card_payment_wrong_exchange_rate,exchange_rate,False
158,Enoda currency illama vera currency-la naan vaangina item-kku thavarana rate apply pannirukkanga. Idhai maatha mudiyuma?,card_payment_wrong_exchange_rate,card_payment_wrong_exchange_rate,True
159,Foreign country-la naan panna purchase-kku thavarana exchange rate apply aayirukku.,card_payment_wrong_exchange_rate,card_payment_wrong_exchange_rate,True
160,Enoda statement-la enakku charge panna Rs 10 kaattuthu.,extra_charge_on_statement,extra_charge_on_statement,True
161,Enoda statement-la extra Rs 10 fee yen irukku?,extra_charge_on_statement,extra_charge_on_statement,True
162,Enoda statement-la irukkira intha fee-ai ennala ethukka mudiyathu.,extra_charge_on_statement,card_payment_not_recognised,False
163,Enoda account-la extra Rs 10 yen charge pannirukkanga?,extra_charge_on_statement,extra_charge_on_statement,True
164,Enoda statement-la enakku theriyaatha oru fee irukku.,extra_charge_on_statement,card_payment_not_recognised,False
165,Ennidam charge panna extra Rs 10-kkana refund enakku venum.,extra_charge_on_statement,extra_charge_on_statement,True
166,Intha random Rs 10 charge ennavendru vilakka mudiyuma?,extra_charge_on_statement,extra_charge_on_statement,True
167,Enoda statement-la irukkira intha Rs 10 charge enna?,extra_charge_on_statement,extra_charge_on_statement,True
168,Enoda statement-la yen intha extra charges irukku?,extra_charge_on_statement,extra_charge_on_statement,True
169,"Naan Rs 10-kku ethuvum vaangina thiyabagam illai, aana athu enoda statement-la irukku. Athu ennavendru please solla mudiyuma?",extra_charge_on_statement,extra_charge_on_statement,True
170,Enoda app-la extra Rs 10 charge kaattuthu. Yen enakku extra-va charge panniyeenga?,extra_charge_on_statement,extra_charge_on_statement,True
171,"Enoda statement-la Rs 10 charge paathen, atharkana kaaranathai solla mudiyuma?",extra_charge_on_statement,extra_charge_on_statement,True
172,Intha Rs 10 transaction eppo enakku credit pannappadum?,extra_charge_on_statement,extra_charge_on_statement,True
173,Intha fee engirunthu vanthathu?,extra_charge_on_statement,card_payment_fee_charged,False
174,"Enoda statement-la extra Rs 10 charge paathen, athu yen endru solla mudiyuma?",extra_charge_on_statement,extra_charge_on_statement,True
175,Extra-va Rs 10 charge irukku.,extra_charge_on_statement,extra_charge_on_statement,True
176,Enoda statement-la irukkira extra €1 fee petriye thagaval enakku thevai.,extra_charge_on_statement,extra_charge_on_statement,True
177,Enoda card-la extra Rs 10 charge yen irukku?,extra_charge_on_statement,extra_charge_on_statement,True
178,Enoda statement-la yen ivvalavu fees irukku?,extra_charge_on_statement,extra_charge_on_statement,True
179,Enoda statement-la extra fee iruppatharkana kaaranam ennavaga irukkum?,extra_charge_on_statement,extra_charge_on_statement,True
180,Indha 10 roobai fee engirundhu vandhadhu?,extra_charge_on_statement,verify_source_of_funds,False
181,Enoda statement-il meladhigamaaga 1 euro fee vandhirukkiradhu.,extra_charge_on_statement,extra_charge_on_statement,True
182,Enoda statement-il 10 roobai fee ondru kaattugiradhu.,extra_charge_on_statement,extra_charge_on_statement,True
183,Enakku yaen 10 roobai adhigamaaga aravidappattulladhu!?,extra_charge_on_statement,wrong_amount_of_cash_received,False
184,"Yedho thavaru nadandhulladhu, enakku meladhigamaaga 10 roobai aravidappattulladha?",extra_charge_on_statement,card_payment_wrong_exchange_rate,False
185,Enoda statement-il ulla meladhiga fee engirundhu vandhadhu?,extra_charge_on_statement,verify_source_of_funds,False
186,Enoda app-il enakku arivikkappadha alladhu naan arindhiradha oru meladhiga fee kaattappadugiradhu!,extra_charge_on_statement,card_linking,False
187,"Enoda statement-il oru meladhiga fee-ai naan kaangiraen, adhu edharkaaga?",extra_charge_on_statement,card_payment_not_recognised,False
188,Enoda statement-il ulla indha 1 euro fee enna?,extra_charge_on_statement,extra_charge_on_statement,True
189,"Naan oru pudhiya vaadhikkaiyaalar, enoda app-ai paarthapodhu enakku theriyaadha oru fee aravidappattulladhu. andha meladhiga fee yaen angu irukkiradhu endru enakku solla mudiyuma?",extra_charge_on_statement,card_payment_not_recognised,False
190,Yedho oru kaaranathinaal enoda account-la meladhigamaaga 10 roobai aravidappattulladhu.,extra_charge_on_statement,extra_charge_on_statement,True
191,"10 roobaikkaana oru transaction ulladhu, adhu yaen aravidappattadhu endru enakku theriyala.",extra_charge_on_statement,direct_debit_payment_not_recognised,False
192,"Oru visithiramaana fee thodarbaaga enakku udhava mudiyuma? naan payanpaduthum app-il ulla statement pakkathil irundhu maraiyaadha oru 10 roobai fee adhu. adhu ""Pending"" enbadhai thavira vaeru edhanaalum vivarikkappadala, kadandha irandu naatkalaaga andha nilai maaravae illai.",extra_charge_on_statement,extra_charge_on_statement,True
193,Enoda statement-il kaattappadum meladhiga kattanathin nokkam enna?,extra_charge_on_statement,extra_charge_on_statement,True
194,"Enoda statement-il meladhigamaaga 10 roobai aravidappattulladhu, adhu yaen?",extra_charge_on_statement,extra_charge_on_statement,True
195,Enoda statement-il ulla meladhiga 1 euro fee enna?,extra_charge_on_statement,extra_charge_on_statement,True
196,"Irandu vaarangal aagivittana, 10 roobaikkaana transaction yaen innum thirumbap perappadala?",extra_charge_on_statement,transfer_not_received_by_recipient,False
197,Indha 1 euro fee edharkaaga?,extra_charge_on_statement,extra_charge_on_statement,True
198,"Enna nadakkiradhu endru enakku migavum kuzhappamaaga irukkiradhu. enoda app-il ulla statement-il yedho oru visithiramaana meladhiga 10 roobai fee ulladhu, adhu pending endru mattumae kaattappadugiradhu matrum sila naatkalaaga maraiyaamal irukkiradhu.",extra_charge_on_statement,direct_debit_payment_not_recognised,False
199,Enoda statement-il indha meladhiga fee yaen ulladhu enbadhai please saripaarka mudiyuma?,extra_charge_on_statement,extra_charge_on_statement,True
200,Enoda withdrawal innum pending-il ulladhu. yaen?,pending_cash_withdrawal,pending_cash_withdrawal,True
201,"Indru adhikaalai ATM-il enoda card niraagarikkappattadhu, aanaal transaction pending-il ulladhu. enakku cash kidaikkaadhadhaal please adhai rathu seiyungal.",pending_cash_withdrawal,cancel_transfer,False
202,Enoda panap transaction innum pending-il ulladhagavae kaattugiradhu.,pending_cash_withdrawal,pending_transfer,False
203,"Hey, naan satru munbu konjam cash edukka muyandraen aanaal machine vaelai seiyala. ippodhu paarthaal transaction innum seyalbaattil iruppadhu pol therigiradhu! angu enna nadakkiradhu endru please saripaarka mudiyuma, yedho pazhudhadaindhulladhu pol therigiradhu, naan unmaiyil peraadha panathirkaaga ennidam fee vasoolikkappaduvadhai naan virumbavillai!",pending_cash_withdrawal,pending_cash_withdrawal,True
204,Panathai edukkumpodhu adhu pending-il irukka evvalavu naeram edukkum?,pending_cash_withdrawal,pending_top_up,False
205,Enoda panap transaction pending-il irundhu maaruvadharku yaen ivvalavu naeram edukkiradhu?,pending_cash_withdrawal,pending_transfer,False
206,"Naan ATM-il irundhu cash edukka muyandraen aanaal cash edhum varala, aanaal transaction innum pending-il ulladha? idhu eppadi saathiyam?",pending_cash_withdrawal,pending_cash_withdrawal,True
207,"Naan satru munbu ATM-il irundhu konjam cash eduthaen aanaal adhu app-il pending-il iruppadhaga kaattugiradhu. enakku yaarkanae cash kidaithuvittadhae, idhu eppadi innum pending-il irukka mudiyum?",pending_cash_withdrawal,pending_cash_withdrawal,True
208,Enoda panap transaction yaen innum pending-il ulladhu?,pending_cash_withdrawal,pending_transfer,False
209,Cash eduthadhu eppodhu kaattappadum endru ungalukku urudhiyaaga theriyuma?,pending_cash_withdrawal,verify_source_of_funds,False
210,"Vanakkam! Neenga enakku udhava mudiyuma nu yosichutu irundhen. Naan konjam cash edukka city centre ATM-ai payanpaduthinen, aana machine en card-ai decline pannituchu. En account-la andha transaction innum pending-la irukkuradha kaatuthu. Enakku cash kidaikkala, adhanaala dhayavu seidhu andha transaction-ai cancel pannunga.",pending_cash_withdrawal,pending_cash_withdrawal,True
211,"Naan ATM-la irundhu cash vaangina piragum, oru transaction yen pending nu kaatuthu?",pending_cash_withdrawal,pending_cash_withdrawal,True
212,ATM-la en cash innum pending-la irukku,pending_cash_withdrawal,pending_cash_withdrawal,True
213,En atm cash out innum pending-la irukku,pending_cash_withdrawal,pending_cash_withdrawal,True
214,Naan cash eduthathu account-la kaatradhukaaga innum wait pannitu irukken,pending_cash_withdrawal,pending_cash_withdrawal,True
215,En pending cash withdrawal process aagitucha?,pending_cash_withdrawal,pending_cash_withdrawal,True
216,En cash out mudiya evvalavu neram aagum?,pending_cash_withdrawal,transfer_timing,False
217,En ATM cash withdrawal yen pending transaction-aa kaatuthu?,pending_cash_withdrawal,pending_cash_withdrawal,True
218,"Vanakkam, naan konjam cash edukka muyandren aana machine velai seiyala. Transaction innum progress-la irukuradha paathen. Enna nadakuthu nu dhayavu seidhu check panna mudiyuma? Enakku kidaikkadha panathukaaga en kitta charge pannuvadha naan virumbavillai.",pending_cash_withdrawal,pending_cash_withdrawal,True
219,"Hey, city centre theatre ATM-la en card decline aachchu. Aana, en account-la transaction pending-la irukku nu solluthu. Enakku cash kidaikkala, appadina adhu enna arththam?",pending_cash_withdrawal,pending_cash_withdrawal,True
220,Enakku yen pending cash withdrawal kaatuthu?,pending_cash_withdrawal,pending_cash_withdrawal,True
221,Enakku oru pending cash withdrawal irukku,pending_cash_withdrawal,pending_cash_withdrawal,True
222,"Naan en account-la irundhu cash eduthen, aana adhu innum post aagalaiya?",pending_cash_withdrawal,pending_cash_withdrawal,True
223,En cash withdrawal pending-la irukka?,pending_cash_withdrawal,pending_cash_withdrawal,True
224,En cash withdrawal yen pending nu kaatuthu nu enakku sariya puriyala.,pending_cash_withdrawal,pending_cash_withdrawal,True
225,"Naan cash withdrawal pannen, aana pending status maaruradhuku romba neram aaguthu.",pending_cash_withdrawal,pending_cash_withdrawal,True
226,En cash withdrawal innum pending nu kaatuthu.,pending_cash_withdrawal,pending_cash_withdrawal,True
227,"En card-la irundhu yen cash edukka mudiyala, aana statement-la transaction innum pending-la irukku nu solluthu?",pending_cash_withdrawal,pending_cash_withdrawal,True
228,En account-la yen pending cash withdrawal irukku?,pending_cash_withdrawal,pending_cash_withdrawal,True
229,En app-la oru pending transaction irukku. Naan munname ATM-la irundhu cash eduthu mudichchathum adhu eppadi innum pending-la irukku?,pending_cash_withdrawal,pending_cash_withdrawal,True
230,Cash withdrawal innum pending-la irukka?,pending_cash_withdrawal,pending_cash_withdrawal,True
231,"Naan munname ATM-la irundhu cash vaanginen, aana idhu app-la pending nu kaatuthu. Enakku already cash kidaichiduchu. Idhu eppadi innum pending-la irukka mudiyum?",pending_cash_withdrawal,pending_cash_withdrawal,True
232,"Naan en card-la irundhu cash edukka muyandren, aana adhu velai seiyala. Apram transaction innum progress-la irukuradha paathen. Enna nadakuthu?",pending_cash_withdrawal,pending_cash_withdrawal,True
233,En statement-la yen pending cash withdrawal nu solluthu?,pending_cash_withdrawal,pending_cash_withdrawal,True
234,En cash withdrawal evvalavu kaalam pending-la irukkum?,pending_cash_withdrawal,pending_cash_withdrawal,True
235,En cash withdrawal-kaana accounting enga?,pending_cash_withdrawal,pending_cash_withdrawal,True
236,Naan panna muyandru decline aana withdrawal-kaaga en account-la cash kazhikkapattullathu.,pending_cash_withdrawal,cash_withdrawal_not_recognised,False
237,Atm withdrawal post aaguradhuku evvalavu neram aagum?,pending_cash_withdrawal,pending_cash_withdrawal,True
238,ATM-la irundhu naan edutha cash yen innum en account-la confirmed nu kaatala?,pending_cash_withdrawal,pending_cash_withdrawal,True
239,"Pending transaction-na enna? ATM-la en card decline aachchu, aana en account adhu innum pending-la irukku nu solluthu. Naan payment-ai cancel panna mudiyuma?",pending_cash_withdrawal,pending_cash_withdrawal,True
240,"Enoda panathai vaithirukka naan kettaal, neenga entha currencies use pannuveenga?",fiat_currency_support,fiat_currency_support,True
241,Enoda cash ethana different currencies la irukka mudiyum nu naan therinjuka virumburen.,fiat_currency_support,fiat_currency_support,True
242,Neenga ella fiat currencies-ayum support pannuveengala?,fiat_currency_support,fiat_currency_support,True
243,Ungada system multiple currency-a support pannutha?,fiat_currency_support,fiat_currency_support,True
244,Naan entha currencies la panatha vachirukka mudiyum?,fiat_currency_support,fiat_currency_support,True
245,Neenga ethavathu currency support pannuveengala?,fiat_currency_support,supported_cards_and_currencies,False
246,"Enoda account-ku oru incoming payment varuthu, aana athu deactivate aayiruku. Athu innum process aaguma?",fiat_currency_support,pending_card_payment,False
247,Neenga entha currencies-ku exchange pannuveenga?,fiat_currency_support,fiat_currency_support,True
248,"Holding matrum exchange poruthavarai, neenga entha fiat currencies use pannuveenga?",fiat_currency_support,fiat_currency_support,True
249,Transactions hold panrathuku entha fiat currencies use pannapaduthu?,fiat_currency_support,fiat_currency_support,True
250,Enoda panatha EUR-ku enga exchange pannalam?,fiat_currency_support,fiat_currency_support,True
251,Multiple currencies la panatha vachirukka permission irukka?,fiat_currency_support,fiat_currency_support,True
252,Naan EUR-ku exchange pannalama?,fiat_currency_support,fiat_currency_support,True
253,Neenga support panra fiat currencies ethunu explain panna yaaravathu help panna mudiyuma?,fiat_currency_support,fiat_currency_support,True
254,Neenga extra currency options thareengala?,fiat_currency_support,fiat_currency_support,True
255,Naan currencies-a euros-ku eppadi mathurathu?,fiat_currency_support,exchange_via_app,False
256,Holding matrum exchange-ku entha fiat currencies support pannapaduthu?,fiat_currency_support,fiat_currency_support,True
257,"Currency holdings matrum exchanges pathi yosikkum pothu, entha fiat currencies support pannapaduthu?",fiat_currency_support,fiat_currency_support,True
258,Neenga EUR handle pannuveengala?,fiat_currency_support,fiat_currency_support,True
259,Naan vera currencies la panatha vachirukka mudiyuma?,fiat_currency_support,fiat_currency_support,True
260,Currencies hold panrathuku enaku enna options iruku?,fiat_currency_support,fiat_currency_support,True
261,Neenga EUR exchange pannuveengala?,fiat_currency_support,fiat_currency_support,True
262,EUR-ku exchange panratha neenga accept pannuveengala?,fiat_currency_support,fiat_currency_support,True
263,Naan entha currency vachirukka mudiyum nu enaku solla mudiyuma?,fiat_currency_support,fiat_currency_support,True
264,Ennala currencies exchange panna mudiyuma?,fiat_currency_support,exchange_via_app,False
265,Ungada exchange la entha currencies use pannapaduthu?,fiat_currency_support,fiat_currency_support,True
266,Neenga entha fiat currencies-a support pannureenga?,fiat_currency_support,fiat_currency_support,True
267,Neenga entha naattu currency-a support pannureenga?,fiat_currency_support,supported_cards_and_currencies,False
268,Naan EU-ku currency exchange panna virumburen.,fiat_currency_support,exchange_via_app,False
269,Ennala ella fiat currencies-ayum exchange panni hold panna mudiyuma?,fiat_currency_support,fiat_currency_support,True
270,Naan entha vagaiyaana currencies-la panathai vaithiruka mudiyum?,fiat_currency_support,fiat_currency_support,True
271,Naan currencies-ai parimaatrikolla mudiyuma?,fiat_currency_support,fiat_currency_support,True
272,Neenga anaithu fiat naanayangalaiyum kaiyaalugireergala?,fiat_currency_support,fiat_currency_support,True
273,Naan pala currencies-la panathai vaithiruka mudiyuma?,fiat_currency_support,fiat_currency_support,True
274,Naan ethanai currencies-ai vaithiruka mudiyum?,fiat_currency_support,fiat_currency_support,True
275,USD thavira veru enna currencies-ai naan vaithiruka mudiyum?,fiat_currency_support,fiat_currency_support,True
276,EU-rkku parimaatrangalai naan eppadi etrukkolvathu?,fiat_currency_support,cancel_transfer,False
277,Panathai vaithirupatharkum parimaatruvatharkum naan entha vagaiyaana fiat naanayathai payanpaduthalaam?,fiat_currency_support,fiat_currency_support,True
278,Enoda naanayathilirunthu EUR parimaatrathai neenga aatharikireergala?,fiat_currency_support,fiat_currency_support,True
279,Naan entha naadugalukku payanam seithu angulla currencies-ai payanpadutha mudiyum?,fiat_currency_support,supported_cards_and_currencies,False
280,Enakku ippo enoda card thevai!,card_delivery_estimate,lost_or_stolen_card,False
281,"Enoda card meendum thabaalil varala, neenga aalosanai koora mudiyuma?",card_delivery_estimate,card_arrival,False
282,Enakku enoda card viraivaga thevai,card_delivery_estimate,lost_or_stolen_card,False
283,Athu ennai vanthadaya evvalavu kaalam edukkum?,card_delivery_estimate,card_delivery_estimate,True
284,Enoda card eppo ingu varum endru naan yosithu kondirukiren.,card_delivery_estimate,card_delivery_estimate,True
285,Enoda card-ai enakku viraivaga petruthara mudiyuma?,card_delivery_estimate,card_acceptance,False
286,US-rkku ethaiyavathu viniyogikka evvalavu kaalam edukkum?,card_delivery_estimate,card_delivery_estimate,True
287,"Naan US-il vasikkiren, viniyogikka evvalavu kaalam edukkum?",card_delivery_estimate,card_delivery_estimate,True
288,Enoda card US-rkku eppo viniyogikkapadum endru naan ethirpaarkkalaam?,card_delivery_estimate,card_delivery_estimate,True
289,Enakku enoda card viraivaga thevaipaduguthu,card_delivery_estimate,lost_or_stolen_card,False
290,US-rkkaana viniyogathirku neenda neram edukkuma?,card_delivery_estimate,country_support,False
291,Athu vanthu sera evvalavu kaalam edukkum?,card_delivery_estimate,card_delivery_estimate,True
292,Enoda card-ai oru kurippitta naalil viniyogikka mudiyuma?,card_delivery_estimate,card_delivery_estimate,True
293,Saathaarana matrum viraivu viniyogathirku idaiye ulla verupaadu enna?,card_delivery_estimate,visa_or_mastercard,False
294,Athai oru kurippitta thethikkul viniyogikka mudiyuma?,card_delivery_estimate,card_delivery_estimate,True
295,Athu eppo viniyogikkapada vendum enpathai naan thervu seyyalaama?,card_delivery_estimate,cancel_transfer,False
296,Enakku athu oru kurippitta thethiyil viniyogikkapada vendum.,card_delivery_estimate,card_delivery_estimate,True
297,Enoda card-ai naan eppo ethirpaarka vendum?,card_delivery_estimate,card_delivery_estimate,True
298,Enoda card-ai pera evvalavu kaalam edukkum? athai eppo peruvathu enpathai naan thervu seyyalaama?,card_delivery_estimate,card_delivery_estimate,True
299,Card vanthu sera evvalavu kaalam edukkum?,card_delivery_estimate,card_delivery_estimate,True
300,Evvalavu fast-ah ungalala deliver panna mudiyum?,card_delivery_estimate,order_physical_card,False
301,"Konjam nerathuku munnadi order pannen, US-ku vara approximate time enna?",card_delivery_estimate,card_delivery_estimate,True
302,Card vandhu sera evvalavu naal aagum nu naan ethirpaarkanum?,card_delivery_estimate,card_delivery_estimate,True
303,United States-ku delivery time enna?,card_delivery_estimate,card_delivery_estimate,True
304,Card eppo vandhu serum?,card_delivery_estimate,card_delivery_estimate,True
305,Ungalala mudinja varai seekiram ennaoda card-ah anupunga.,card_delivery_estimate,card_delivery_estimate,True
306,Cards eppo deliver pannuvanga?,card_delivery_estimate,order_physical_card,False
307,US address-ku vandhu sera shipping-ku evvalavu naal aagum?,card_delivery_estimate,card_delivery_estimate,True
308,Enoda card-ah fast-ah deliver panna mudiyuma?,card_delivery_estimate,order_physical_card,False
309,Enoda card deliver aaga evvalavu naal aagum?,card_delivery_estimate,card_delivery_estimate,True
310,Enoda card evvalavu seekiram mudiyumo avvalavu seekiram varanum.,card_delivery_estimate,card_delivery_estimate,True
311,Enoda pudhu card eppo kedaikkum nu naan ethirpaarkalam?,card_delivery_estimate,card_delivery_estimate,True
312,Enoda card varadhukaga naan wait pannuren.,card_delivery_estimate,card_arrival,False
313,Enakku enoda card evvalavu seekiram mudiyumo avvalavu seekiram venum.,card_delivery_estimate,card_delivery_estimate,True
314,Enakku adhu saturday-kulla deliver aaganum.,card_delivery_estimate,card_delivery_estimate,True
315,US delivery time enna?,card_delivery_estimate,card_delivery_estimate,True
316,Enoda card eppo vandhu serum?,card_delivery_estimate,card_arrival,False
317,Delivery-ku oru date-ah naan select panna mudiyuma?,card_delivery_estimate,card_delivery_estimate,True
318,Enoda card oru specific day-la deliver aaguradha naan confirm panna mudiyuma?,card_delivery_estimate,order_physical_card,False
319,Adhai oru specific time-la deliver panna mudiyuma?,card_delivery_estimate,order_physical_card,False
320,"Travel pannum podhu, specific times-la enoda card-ah auto top-up panna mudiyuma?",automatic_top_up,automatic_top_up,True
321,Auto top-up use pannum podhu edhadhu limit irukka?,automatic_top_up,automatic_top_up,True
322,Balance kammiya irukkum podhu adhu automatic-ah top-up aaguma illa naan manual-ah pannanuma?,automatic_top_up,automatic_top_up,True
323,"En kitta kasu mudiyapogudhu, naan auto top-up panna mudiyuma?",automatic_top_up,automatic_top_up,True
324,Auto top-up-ah naan eppadi use panradhu?,automatic_top_up,automatic_top_up,True
325,Balance kammiya irukkum podhu adhu automatic-ah money top-up panna mudiyuma?,automatic_top_up,automatic_top_up,True
326,Neraiya kasu illana adhu automatic-ah top-up panna mudiyuma?,automatic_top_up,automatic_top_up,True
327,"Auto top-up function pathi padichen, aana app-la adha kandupidikka mudiyala.",automatic_top_up,automatic_top_up,True
328,Naan travel pannum podhu specific time intervals-la money add panna mudiyuma?,automatic_top_up,automatic_top_up,True
329,"Naan konjam naal veliya poga poren, specific intervals-la automatic-ah money add panna mudiyuma?",automatic_top_up,automatic_top_up,True
330,"""auto-top"" vasathiyai naan engay kaanalaam?",automatic_top_up,automatic_top_up,True
331,"Naan ippothuthaan auto top-up ai seiyarpaduthinen, aanaal athai iyakka athu anumathikkala. yaen appadi?",automatic_top_up,automatic_top_up,True
332,Auto top-up therivu aethum irukka?,automatic_top_up,automatic_top_up,True
333,"""theft-top"" therivu engay irukku?",automatic_top_up,atm_support,False
334,Auto top-up irku aethaenum ellaigal irukkindrana vaa?,automatic_top_up,automatic_top_up,True
335,Auto top up seivatharku enakku uthava mudiyuma?,automatic_top_up,automatic_top_up,True
336,Auto top-up irku ungalidam aethaenum ellai irukka?,automatic_top_up,automatic_top_up,True
337,Auto top-up irku yaen ellaigal vithikkappattullana?,automatic_top_up,automatic_top_up,True
338,Naan eppadi thaaniyangi muraiyil top up seivathu?,automatic_top_up,pending_top_up,False
339,Naan payanam seiyumpothu enoda card-la cash theernthupogaamal iruppathai eppadi uruthippaduthuvathu?,automatic_top_up,card_acceptance,False
340,Automatic top-up irkaana ellai enna?,automatic_top_up,automatic_top_up,True
341,"Naan payanam seiyumpothu, kurippitta naatkalil enoda card-ai auto top-up seiya aethaenum vazhi irukka?",automatic_top_up,automatic_top_up,True
342,Auto top-up therivu engay irukku?,automatic_top_up,automatic_top_up,True
343,Enoda account-la cash kuraiyum pothu auto top-up seiya mudiyuma?,automatic_top_up,automatic_top_up,True
344,Ungalidam auto top-up therivu irukka?,automatic_top_up,automatic_top_up,True
345,Enoda payanangalin pothu evvalavu idaiveliyil cash maatrapada vaendum enpathai naan theermaanikka mudiyuma?,automatic_top_up,receiving_money,False
346,Pothiya cash illaathapothu athu thaanagavae panathai top-up seiyuma?,automatic_top_up,top_up_failed,False
347,Kurippitta kaala idaiveligalil thaanagavae panathai serkkumpadi seiya mudiyuma?,automatic_top_up,card_delivery_estimate,False
348,Payanathirkaaga automatic top-up ondrai naan amaikka mudiyuma?,automatic_top_up,automatic_top_up,True
349,"Unga inaiyathalathil auto-top up therivai theadip paarthaen, aanaal ennaal athai kandupidikka mudiyala. enakku uthava mudiyuma?",automatic_top_up,automatic_top_up,True
350,Enoda panathai naan eppadi thaanagavae top up seivathu?,automatic_top_up,topping_up_by_card,False
351,Enoda account iruppu oru kurippitta alavai ettiyathum top-up seiyappada mudiyuma?,automatic_top_up,pending_top_up,False
352,Athiga cash meetham illaathapothu athu thaanagavae top-up seiyuma?,automatic_top_up,top_up_failed,False
353,Auto top-up seiya aethaenum vazhi irukka?,automatic_top_up,automatic_top_up,True
354,Auto-top therivai naan engay kaanalaam endru vilakka mudiyuma?,automatic_top_up,automatic_top_up,True
355,"Auto top up thozhirpaadu endraal enna, athai naan engay kaanalaam?",automatic_top_up,automatic_top_up,True
356,Thaanagavae top-up seiya aethaenum vazhi irukka?,automatic_top_up,top_up_failed,False
357,Athiga cash meetham illaathapothu payanpaduthakkoodiya top-up vasathi aethum irukka?,automatic_top_up,top_up_failed,False
358,Auto Top irkaana athigabatcha ellai enna?,automatic_top_up,automatic_top_up,True
359,Auto-top up ai naan eppadi iyakkuvathu?,automatic_top_up,automatic_top_up,True
360,"Naan en card-ai pala thadavai try panni paathen, aana athu velai seiyave illa.",card_not_working,top_up_failed,False
361,Ennala en card-ai velai seiya vaikka mudiyala.,card_not_working,card_not_working,True
362,"En card damage aana mathiri theriyuthu, athai naan eppadi sari seiyurathu?",card_not_working,card_not_working,True
363,En card yen velai seiyala nu naan eppadi therinjukirathu?,card_not_working,card_not_working,True
364,En card udanjiduchu.,card_not_working,compromised_card,False
365,En card velai seiyathu.,card_not_working,card_not_working,True
366,En card yen velai seiyala?,card_not_working,card_not_working,True
367,Please en bank card-la enna problem nu kandupikka mudiyuma?,card_not_working,lost_or_stolen_card,False
368,App-ai payanpaduthi en card-ai eppadi unblock seiyurathu?,card_not_working,pin_blocked,False
369,En card velai seiyala,card_not_working,card_not_working,True
370,En physical card-ai eppadi velai seiya vaikka mudiyum?,card_not_working,order_physical_card,False
371,En card yen velai seiyala nu explain panni yaaravathu enakku help panna mudiyuma?,card_not_working,card_not_working,True
372,Enakku help pannunga. En card velai seiyala.,card_not_working,card_not_working,True
373,Oru card velai seiyatha nirutha mudiyuma?,card_not_working,card_payment_not_recognised,False
374,En card damage aayiduchu nu ninaikkiren,card_not_working,compromised_card,False
375,En card yen velai seiyala?,card_not_working,card_not_working,True
376,En card ini velai seiyala.,card_not_working,card_not_working,True
377,"Inniku saappidum pothu en card decline aayiduchu, enna problem nu naan therinjukanum.",card_not_working,declined_card_payment,False
378,En card velai seiyala.,card_not_working,card_not_working,True
379,En card full-ah velai seiyatha problem-ai naan eppadi solve seiyurathu?,card_not_working,card_not_working,True
380,En physical card velai seiyala.,card_not_working,order_physical_card,False
381,En card damage aayiducha?,card_not_working,card_not_working,True
382,Naan en card-ai udachiten,card_not_working,order_physical_card,False
383,En card velai seiyatha niruthiduchu,card_not_working,top_up_failed,False
384,"En card damage aayiduchu, naan enna seiyurathu?",card_not_working,card_not_working,True
385,"Inniku en card-ai use panna try pannen, aana athu velai seiyala, enakku help panna mudiyuma?",card_not_working,card_not_working,True
386,Naan use pannum pothu en card velai seiyatha niruthiduchu,card_not_working,compromised_card,False
387,Ennala en card-ai use panna mudiyala.,card_not_working,card_not_working,True
388,En card-ukku help venum. Athu velai seiyala.,card_not_working,card_not_working,True
389,Ennala en card-ai use panna mudiyala.,card_not_working,card_not_working,True
390,Enkitta irukra card damage aana mari theriyuthu.,card_not_working,card_not_working,True
391,Enoda card vela seiyala.,card_not_working,card_not_working,True
392,Enoda card thideernu vela seiyama poitu.,card_not_working,card_not_working,True
393,"Naan enoda card-a pala thadava use panna try pannen, aanal athu vela seiyala.",card_not_working,card_not_working,True
394,Enkitta irukra card vela seiyala.,card_not_working,card_not_working,True
395,Enoda card entha transaction-aiyum accept pannala. Enna pirachinai??,card_not_working,card_not_working,True
396,Enoda card vela seiyutha nu naan eppadi check panrathu?,card_not_working,card_not_working,True
397,Enoda card-la ethuvume nadakala.,card_not_working,card_not_working,True
398,Enoda card yaen vela seiyala nu naan eppadi kandupidikrathu?,card_not_working,card_not_working,True
399,Naan enoda card-a deactivate pannathala athu vela seiyalaya?,card_not_working,card_not_working,True
400,Idhai vachu naan currency exchange panna mudiyuma?,exchange_via_app,exchange_via_app,True
401,Vera vera currency-ku naduvula naan eppadi exchange panrathu nu sollunga.,exchange_via_app,exchange_via_app,True
402,Naan oru currency-la irundhu innoru currency-ku maatha mudiyuma?,exchange_via_app,exchange_via_app,True
403,Naan eppadi LKR-a USD-a maathurathu?,exchange_via_app,exchange_via_app,True
404,Intha app currency exchange pannuma?,exchange_via_app,exchange_via_app,True
405,Intha app moolama naan eppadi currency convert panrathu?,exchange_via_app,exchange_via_app,True
406,Currency eppadi exchange pannapaduthu?,exchange_via_app,exchange_via_app,True
407,Intha app moolama naan currency exchange panna mudiyuma?,exchange_via_app,exchange_via_app,True
408,Oru currency-la irundhu innoru currency-ku naan eppadi exchange panrathu?,exchange_via_app,exchange_via_app,True
409,USD matrum LKR-ku naduvula naan eppadi maathi maathi convert panrathu?,exchange_via_app,exchange_via_app,True
410,Enna enna currency-laam exchange panna mudiyum?,exchange_via_app,exchange_via_app,True
411,Ungaloda app-a use panni USD matrum LKR-ku naduvula currency exchange panna sirantha vali ethu?,exchange_via_app,exchange_via_app,True
412,"Naan LKR-la irundhu USD-ku maatha virumbina, athukaana process enna?",exchange_via_app,exchange_via_app,True
413,Naan konjam panatha exchange panna mudiyuma?,exchange_via_app,exchange_via_app,True
414,Innoru currency-ku maatha mudiyuma?,exchange_via_app,exchange_via_app,True
415,Enoda LKR-a USD-a naan eppadi exchange panrathu?,exchange_via_app,exchange_via_app,True
416,Vera oru naatula enoda panatha naan eppadi payanpaduthurathu?,exchange_via_app,exchange_via_app,True
417,"Enaku foreign currency vantha, athai intha app-la exchange panna mudiyuma?",exchange_via_app,exchange_via_app,True
418,Naan innoru currency-ku maatha mudiyuma?,exchange_via_app,exchange_via_app,True
419,"Enaku USD thaan venum LKR illa, athai naan eppadi maathurathu?",exchange_via_app,exchange_via_app,True
420,Currency exchange panna nalla vazhi ethu?,exchange_via_app,exchange_charge,False
421,Enaku USD ku pathila LKR thevai patta naan enna seiyanum?,exchange_via_app,exchange_via_app,True
422,Intha app la currency exchange panna mudiyuma nu yosichutu irunthen.,exchange_via_app,exchange_via_app,True
423,"Enaku LKR ku pathila USD thevai padalam, eppadi mathurathu?",exchange_via_app,exchange_via_app,True
424,Currency exchange process ah naan eppadi seiyarathu?,exchange_via_app,exchange_via_app,True
425,Currency ah mathunga,exchange_via_app,exchange_via_app,True
426,Ennala currency exchange panna mudiyuma?,exchange_via_app,exchange_via_app,True
427,LKR mathurathuku naan enga poga vendum?,exchange_via_app,exchange_via_app,True
428,Naan entha currency ku mathalaam?,exchange_via_app,exchange_via_app,True
429,Intha app entha currency laam exchange pannum?,exchange_via_app,exchange_via_app,True
430,Currency exchange panna intha app enaku uthavuma?,exchange_via_app,exchange_via_app,True
431,Naan konjam currency exchange panna virumburen.,exchange_via_app,exchange_via_app,True
432,Intha app la LKR matrum USD ku idaiyila exchange panna mudiyuma?,exchange_via_app,exchange_via_app,True
433,Intha app la currency exchange option iruka?,exchange_via_app,exchange_via_app,True
434,Enoda currency ah USD la irunthu EUR ku matha mudiyuma?,exchange_via_app,exchange_via_app,True
435,"Enaku LKR vendam USD thaan venum nu nenaikuren, help panna mudiyuma?",exchange_via_app,exchange_via_app,True
436,Naan eppadi currency exchange seiyarathu?,exchange_via_app,exchange_via_app,True
437,USD ah euro ah matha intha app ah use pannalama?,exchange_via_app,exchange_via_app,True
438,Enoda account vechu currency exchange panna mudiyuma?,exchange_via_app,exchange_via_app,True
439,Naan currency exchange panna virumburen,exchange_via_app,exchange_via_app,True
440,Inniku enoda locker la irunthu enoda wallet oda sethu gym bag muzhusa thiruttu poiduchu. Wallet la iruntha ellame pochu - card ah use panna mudiyatha padi eppadi block panrathu?,lost_or_stolen_card,lost_or_stolen_card,True
441,"Enoda card ah kaanala, athu thiruttu poyirukum nu nenaikuren.",lost_or_stolen_card,lost_or_stolen_card,True
442,"Yaaro enoda card ah thiruditanga. Athu thiruttu poiduchu nu report pannanum. Naan already police la report panniten, aana ungakitta eppadi report panrathu?",lost_or_stolen_card,lost_or_stolen_card,True
443,"Enoda card ah kaanala, athu pochu.",lost_or_stolen_card,lost_or_stolen_card,True
444,Enoda card tholanjiduchu! Naan enna seiyarathu?,lost_or_stolen_card,lost_or_stolen_card,True
445,Naan enoda card ah tholachiten,lost_or_stolen_card,lost_or_stolen_card,True
446,Aiyyo! Enoda card ah tholachiten! Help pannunga!,lost_or_stolen_card,lost_or_stolen_card,True
447,"Enoda card thiruttu poyirukum nu nenaikuren, intha situation la naan enna seiyanum? Ithu urgent.",lost_or_stolen_card,compromised_card,False
448,Help pannunga! Yaaro enoda card ah thiruditanga!,lost_or_stolen_card,lost_or_stolen_card,True
449,Help pannunga. Enoda card thiruttu poiduchu!,lost_or_stolen_card,lost_or_stolen_card,True
450,"Card tholanjupochu, please uthavunga.",lost_or_stolen_card,lost_or_stolen_card,True
451,Enoda card thirudappattuvittathaga naan eppadi puhar alippathu?,lost_or_stolen_card,lost_or_stolen_card,True
452,"Enoda card-ai kaanavillai, athu thirudappattirukkalam endru ninaikkiren.",lost_or_stolen_card,lost_or_stolen_card,True
453,Puhar seyalmuraiyai niraivu seyya police arikkaiyin pirathi thevaiya?,lost_or_stolen_card,cancel_transfer,False
454,"Enoda credit card-galudan koodiya panappaiyai indru naan tholaithuvitten. please card-ai mudakkivittu, puthiya card ondrai anuppi vaikka mudiyuma?",lost_or_stolen_card,topping_up_by_card,False
455,Thirudappatta card thodarbaga naan enna seyya vendum?,lost_or_stolen_card,lost_or_stolen_card,True
456,"Enoda card thirudappattuvittathu, athai mudakka mudiyuma?",lost_or_stolen_card,lost_or_stolen_card,True
457,Uthavi seyyungal! enoda card-ai kandupidikka mudiyala.,lost_or_stolen_card,lost_or_stolen_card,True
458,Enoda card tholaithuvittal naan enna seyya vendum?,lost_or_stolen_card,lost_or_stolen_card,True
459,Tholaintha card thodarbaga enakku uthavi thevai.,lost_or_stolen_card,lost_or_stolen_card,True
460,Enoda card thirudappattuvittathu endru ninaikkiren.,lost_or_stolen_card,lost_or_stolen_card,True
461,"Indru athikaalai yaaro enoda panappaiyai thirudivittargal, eppothu endru sariyaga theriyala, anegamaga Piccadilly circus-il irukkalam. card-ai payanpadutha ethum muyarchigal மேற்கொள்ளப்பட்டதா endru sariparthu, athai mudakka mudiyuma?",lost_or_stolen_card,card_acceptance,False
462,Enoda card-ai naan tholaithuvitten endru ninaikkiren. athu kaanamal poi evvalavu neramaguthu endru enakku theriyala. yaaravathu athai payanpaduthugirargala endru paarka mudiyuma?,lost_or_stolen_card,card_payment_not_recognised,False
463,Thirudappatta card-ai naan eppadi mudakkuvathu?,lost_or_stolen_card,order_physical_card,False
464,Enoda card kaanamal ponal naan enna seyya vendum?,lost_or_stolen_card,topping_up_by_card,False
465,"Enoda paigal thirudappattuvittana. enakku oru puthiya card thevai, aanal thirudappatta card-ai rathu seyya vendum.",lost_or_stolen_card,lost_or_stolen_card,True
466,Eppadiyo enoda card-ai kaanavillai. naan enna seyya vendum?,lost_or_stolen_card,order_physical_card,False
467,Enoda card ennidamirunthu parikkappattuvittathu.,lost_or_stolen_card,lost_or_stolen_card,True
468,Enoda card tholanjupochu.,lost_or_stolen_card,lost_or_stolen_card,True
469,Etho oru muttal enoda card-ai thirudivittan.,lost_or_stolen_card,card_acceptance,False
470,Enoda card tholainthuvittathu allathu thirudappattuvittathu endru naan eppadi puhar seyvathu?,lost_or_stolen_card,lost_or_stolen_card,True
471,Enoda card tholanjupochu! naan ippo enna seivathu?,lost_or_stolen_card,lost_or_stolen_card,True
472,"Naan Spain-il irukkiren, enoda porutkal thirudappattuvittana. enoda card-um athudan irunthathu, enakku oru puthiya card anuppi vaikka pada vendum matrum palayathai mudakka vendum.",lost_or_stolen_card,lost_or_stolen_card,True
473,Enoda credit card thirudappattuvittathu endru naan nambugiren.,lost_or_stolen_card,topping_up_by_card,False
474,Thirudappatta card kurithu naan eppadi puhar seyvathu?,lost_or_stolen_card,lost_or_stolen_card,True
475,"Yaaro enoda card-ai thirudivittargal, please enakku uthavi thevai.",lost_or_stolen_card,lost_or_stolen_card,True
476,Enoda credit card-ai kandupidikka mudiyala.,lost_or_stolen_card,topping_up_by_card,False
477,Enoda card irukkum idathai ungalal kandupidikka mudiyuma?,lost_or_stolen_card,lost_or_stolen_card,True
478,Enoda card thirudappattuvittathu!,lost_or_stolen_card,lost_or_stolen_card,True
479,Please enakku uthavungal! enoda card thirudappattuvittathu!,lost_or_stolen_card,lost_or_stolen_card,True
480,Enakku endru oru account-ai thirappatharku enakku eththanai vayathaaha irukka veendum?,age_limit,age_limit,True
481,Enoda sontha account-ai thirappatharku enakkuk kurainthabatcham enna vayathaaha irukka veendum?,age_limit,age_limit,True
482,Enakku eththanai vayathaaha irukka veendum?,age_limit,age_limit,True
483,Oru kulanthaikku ennal kanakkondrai thirakka mudiyuma?,age_limit,age_limit,True
484,Engalukku eththanai vayathaaha irukka veendum?,age_limit,age_limit,True
485,Enoda mahalukku oru account-ai thodanguvathu eppadi?,age_limit,age_limit,True
486,Kurainthabatcha vayathu varambu ethum ullatha?,age_limit,age_limit,True
487,Oru account-ai vaiththiruppatharkana miha kuraintha vayathu enna?,age_limit,age_limit,True
488,Enakku enna vayathaaha irukka veendum?,age_limit,age_limit,True
489,Enoda mahalal oru account-ai thirakka mudiyuma?,age_limit,age_limit,True
490,Kanakkondrai thirappatharkana kurainthabatcha vayathu enna?,age_limit,age_limit,True
491,Kurainthabatcha vayathu enna?,age_limit,age_limit,True
492,Enakku 17 vayathu thaan aahirathu. ennal oru account-ai thirakka mudiyuma?,age_limit,age_limit,True
493,Enoda pillaikalukku ennal oru account-ai thirakka mudiyuma?,age_limit,age_limit,True
494,Kanakkondrai thirappatharkana vayathu enna?,age_limit,age_limit,True
495,Enoda kulanthaikku naan eppadi kanakkondrai thirappathu?,age_limit,edit_personal_details,False
496,Enoda pirantha kulanthaikku ennal oru vangi account-ai thirakka mudiyuma?,age_limit,age_limit,True
497,Kanakkondrai thirappatharku enakku eththanai vayathaaha irukka veendum?,age_limit,age_limit,True
498,Pillaikal cash semikkum anubavaththai peruvatharkana sevaikalai neenga valanguhireergala?,age_limit,country_support,False
499,"Enoda pillaikal unga sevaiyai payanpaduththa virumbinal, avarkalukku eththanai vayathaaha irukka veendum?",age_limit,age_limit,True
500,Enoda 19 vayathu mahalal vangiyil oru semippu account-ai thirakka mudiyuma?,age_limit,age_limit,True
501,Oru account-ai peruvatharku eththanai vayathaaha irukka veendum?,age_limit,age_limit,True
502,Kanakkondrai thirappatharkana kurainthabatcha vayathu enna?,age_limit,age_limit,True
503,"Enoda pillaikalukku oru account thevaipaduhirathu, athai naan eppadi seivathu?",age_limit,age_limit,True
504,Enoda pillaikalukkuch sonthaha account irukka mudiyuma?,age_limit,age_limit,True
505,Enoda pillaikalukku oru account-ai thirakka mudiyuma?,age_limit,age_limit,True
506,Inthach sevaiyai payanpaduththa enoda pillaikalukkuk kurippitta vayathu irukka venduma?,age_limit,age_limit,True
507,Kanakkondrai thirakka koodiyathaha iruppatharku eththanai vayathaaha irukka veendum?,age_limit,age_limit,True
508,Vayathu ellai ethum ullatha?,age_limit,age_limit,True
509,Kanakkondrai thirappatharkana vayathuth thevaikal enna?,age_limit,age_limit,True
510,Enoda magalukku oru account-ai thirakka mudiyuma?,age_limit,age_limit,True
511,Account onrai thirappatharku enakku ethanai vayathu irukka veendum?,age_limit,age_limit,True
512,Sevaigalukku pathivu seyya enna vayathu irukka veendum?,age_limit,age_limit,True
513,Unga sevaiyai payanpadutha enoda pillaigalukku ethanai vayathu irukka veendum?,age_limit,age_limit,True
514,Unga sevaiyai payanpadutha enoda pillaigalukku enna vayathu irukka veendum?,age_limit,age_limit,True
515,Account onrai thirappatharku enoda pillaigalukku ethanai vayathu irukka veendum?,age_limit,age_limit,True
516,Account onrai thirappatharku enoda pillaigalukku ethanai vayathu irukka veendum?,age_limit,age_limit,True
517,Account onrai thirappatharku aaga kurainthathu enna vayathu irukka veendum?,age_limit,age_limit,True
518,Account onrai thirakkakkoodiya migak kuraintha vayathu enna?,age_limit,age_limit,True
519,Vangiyil account onrai vaithiruppatharku oruvarukku ethanai vayathu irukka veendum?,age_limit,age_limit,True
520,Enoda PIN ilakkathin mudakkathai naan eppadi neekkuvathu?,pin_blocked,get_physical_card,False
521,Enoda PIN ilakkathai naan engay paarka mudiyum?,pin_blocked,get_physical_card,False
522,Enoda PIN ilakkathai meendum iyangas seyveergala?,pin_blocked,get_physical_card,False
523,Naan thavaruthalaaga enoda PIN ilakkathai mudakkivitten. athai eppadi meelamaipathu?,pin_blocked,get_physical_card,False
524,Pala murai pizhaiyaaga ullittathaal mudakkappatta enoda PIN ilakkathai eppadi viduvippathu?,pin_blocked,get_physical_card,False
525,Naan pala murai pizhaiyaana PIN ai payanpaduthiyathaal ippothu account mudakkappattirukku. athai eppadi viduvippathu?,pin_blocked,get_physical_card,False
526,"Madupothaiyil enoda card-ai mudakkivitten, enakku uthavi thevai?",pin_blocked,card_acceptance,False
527,"Enoda card-ai payanpadutha mudiyaamal ullathu, enoda PIN ilakkathai eppadi meelamaipathu?",pin_blocked,get_physical_card,False
528,"Naan pala murai pizhaiyaana PIN ai ullittathaal mudakkappattuvitten, enoda PIN in mudakkathai neekka uthava mudiyuma?",pin_blocked,get_physical_card,False
529,"Enoda PIN mudakkappattirukku, athai meendum payanpaduthakkoodiyathaaga eppadi maatruvathu?",pin_blocked,get_physical_card,False
530,"Enoda PIN mudakkappaduvatharku munnar, athai ulliduvatharku enakku ethanai vaippugal ullana?",pin_blocked,get_physical_card,False
531,Enoda PIN ai pala murai ullida muyarchi seythirunthaal naan enna seyya veendum?,pin_blocked,get_physical_card,False
532,Enoda PIN ai muyarchippatharkana varambai naan thaandivitten,pin_blocked,get_physical_card,False
533,Enoda kanakkirkaga mudakkappatta PIN ilakkathin mudakkathai naan eppadi neekkuvathu?,pin_blocked,get_physical_card,False
534,Vangiyin ATM iyandhiram enoda PIN muyarchigalai inimeal aerkaavittaal naan enna seyvathu?,pin_blocked,get_physical_card,False
535,Enoda PIN in mudakkathai neekka mudiyuma? naan pala murai pizhaiyaana PIN ai ullitten ena ninaikkiren.,pin_blocked,get_physical_card,False
536,Mudakkappatta PIN ilakkathai naan eppadi kaiyaalvathu?,pin_blocked,get_physical_card,False
537,"Naan pothaiyil irunthapothu enoda card-ai payanpadutha muyandren, enoda PIN ai sariyaaga ullida thavariyathaal iyandhiram enoda card-ai vaithuk kondathu. athai naan evvalavu seekkiram thirumbap pera mudiyum?",pin_blocked,card_acceptance,False
538,App moolamaaga enoda card-oda mudakkathai neekka mudiyuma?,pin_blocked,lost_or_stolen_card,False
539,Enoda PIN ai muyarchippatharkana anaithu vaippugalaiyum naan payanpaduthi mudithuvitten,pin_blocked,get_physical_card,False
540,Pala murai thavaraga muyarsithathal enoda PIN ilakkathai eppadi unlock seivathu?,pin_blocked,pin_blocked,True
541,"Udhavi seiyungal! Enoda PIN ilakkathai naan maranthuvitten, enoda card-ai payanpadutha mudiyathavaru lock seiyapattullathu.",pin_blocked,pin_blocked,True
542,"Enoda account block seiyapattullathu, naan ippo eppadi log in seivathu?",pin_blocked,pin_blocked,True
543,Naan yen block seiyapatten?,pin_blocked,pin_blocked,True
544,Enoda PIN ilakkathai ungalal unblock seiya mudiyuma?,pin_blocked,pin_blocked,True
545,Enoda PIN ilakkathai unblock seiya enakku udhava mudiyuma? Naan pala murai thavaraga ullittuvitten.,pin_blocked,pin_blocked,True
546,Naan pala murai thavarana PIN ilakkathai ullittathal ippo block seiyapattullen. Unblock seiya udhavungal!,pin_blocked,pin_blocked,True
547,"Enoda PIN block seiyapattullathu pol theriyuthu, please athai unblock seiya mudiyuma?",pin_blocked,pin_blocked,True
548,Pala murai thavarana PIN muyarsigaluku piragu enoda PIN-ai unblock seiya mudiyuma?,pin_blocked,pin_blocked,True
549,Enoda PIN ilakkathai unblock seiya neenga enna seiya mudiyum?,pin_blocked,pin_blocked,True
550,"Enoda PIN block seiyapattullathu, naan enna seiya vendum?",pin_blocked,pin_blocked,True
551,Enoda PIN ilakkathai naan meendum seyalpadutha (reactivate) mudiyuma?,pin_blocked,get_physical_card,False
552,Enoda PIN ilakkathai eppadi reset seivathu?,pin_blocked,get_physical_card,False
553,Enoda PIN ilakkathai naan unblock seiya mudiyuma?,pin_blocked,pin_blocked,True
554,Enoda PIN ilakkathai eppadi unblock seivathu?,pin_blocked,pin_blocked,True
555,"Enoda card freeze seiyapattullathu, naan enna seiya mudiyum?",pin_blocked,card_not_working,False
556,PIN ilakkathai eppadi unlock seivathu?,pin_blocked,get_physical_card,False
557,"Enoda PIN block seiyapattullathal, athai unblock seiya enakku udhavuveergala?",pin_blocked,pin_blocked,True
558,"Enoda PIN velai seiyala, enakku udhavi thevaipaduguthu.",pin_blocked,get_physical_card,False
559,Enoda PIN ilakkathai naan engay unblock seiya mudiyum?,pin_blocked,pin_blocked,True
560,Enoda puthiya card-il contactless koduppanavugal seyalpaduthapattullatha?,contactless_not_working,contactless_not_working,True
561,Enoda contactless velai seivathai niruthivittathu.,contactless_not_working,contactless_not_working,True
562,Puthiya card nadaimuraiku thevaiyana aavanangal yaavai?,contactless_not_working,card_about_to_expire,False
563,"Enna pirachinai endru theriyala, enoda contactless velai seiyala. Indru sila vevveru idangalil muyarsithu paathen, engume athu velai seiyala.",contactless_not_working,contactless_not_working,True
564,Enoda card-il contactless vasathiyai eppadi velai seiya vaippathu?,contactless_not_working,contactless_not_working,True
565,"Indru bus-il contactless moolam cash selutha muyandren, aanal athu velai seiyala. Yen endru aethenum theriyuma?",contactless_not_working,contactless_not_working,True
566,Oru vaarathirkum melaga enoda card moolam contactless muraiyil cash selutha mudiyamal ullathu. Intha pirachinaiyai sariseiya aethenum vazhi ullatha?,contactless_not_working,contactless_not_working,True
567,Enoda contactless yen velai seiyala endru ungaluku theriyuma?,contactless_not_working,contactless_not_working,True
568,Enoda contactless koduppanavugal vetrigaraga niraivadaiyavillai.,contactless_not_working,contactless_not_working,True
569,"Indru kadaiyil contactless muraiyil cash selutha muyandrapothu athu velai seiyala endral, naan enoda card-ai maatra venduma?",contactless_not_working,contactless_not_working,True
570,Yedho oru kaaranathala enta contactless velai seiyudhilla. Enna pirachinai endu enakku theriyele. Naan enna seiyuradhu?,contactless_not_working,contactless_not_working,True
571,"Indaikku kaalayila enta contactless-ai ennala paavikka mudiyele, adhu yaethukkollappadele.",contactless_not_working,contactless_not_working,True
572,Enakku contactless velai seiyudhilla.,contactless_not_working,contactless_not_working,True
573,Indaikku bussila kaasu katta muyandrappo yaen contactless payment velai seiyele?,contactless_not_working,contactless_not_working,True
574,Contactless payment-ai anumadhikkadharkku enta security settings-ai naan eppadi check pannuradhu?,contactless_not_working,contactless_not_working,True
575,Contactless velai seiyaatti naan enna seiyuradhu?,contactless_not_working,contactless_not_working,True
576,Enta contactless-ai sari panni thaango.,contactless_not_working,contactless_not_working,True
577,Metrovukku enta contactless-ai eppadi velai seiya vaikkiradhu?,contactless_not_working,contactless_not_working,True
578,Enta contactless velai seiyudhilla.,contactless_not_working,contactless_not_working,True
579,Enta contactless-ai sari panna enakku udhava mudiyuma?,contactless_not_working,contactless_not_working,True
580,Yedho oru kaaranathala enta contactless enakku velai seiya maatteengudhu.,contactless_not_working,contactless_not_working,True
581,Porutkal vaanguradhukku enta contactless payment-ai ennala paavikka mudiyele.,contactless_not_working,contactless_not_working,True
582,"Enta bus payanathukku kaasu katta muyandrappo, contactless payment velai seiyele. Inimael idha eppadith thavirkkiradhu?",contactless_not_working,contactless_not_working,True
583,Indaikku bussila NFC payment velai seiyele. Konjam udhava mudiyuma?,contactless_not_working,card_payment_not_recognised,False
584,"Enta card-ai contactless-aa paavikka ninachaen, aana adhu velai seiyudhu pola theriyele, enna pirachinaiyaa irukkum?",contactless_not_working,contactless_not_working,True
585,Contactless-ai eppadi velai seiya vaikkiradhu?,contactless_not_working,contactless_not_working,True
586,Pudhu card-kkaana charge evvalavu?,contactless_not_working,contactless_not_working,True
587,Enkitta irukkira contactless velai seiya maatteengudhu.,contactless_not_working,contactless_not_working,True
588,Enta contactless yaen velai seiyudhilla?,contactless_not_working,contactless_not_working,True
589,"Indaikku metrovila enta contactless-ai paavikka ninachaen, aana adhu yaethukkolele!",contactless_not_working,contactless_not_working,True
590,Indaikku bussila contactless-aa kaasu katta muyandrappo adhu velai seiyele. Yaen?,contactless_not_working,contactless_not_working,True
591,Ennala contactless seiya mudiyele.,contactless_not_working,contactless_not_working,True
592,Contactless payment-kalai naan eppadip paavikkiradhu?,contactless_not_working,contactless_not_working,True
593,Velai seiyadha enta contactless-ukku konjam udhavi seiyungo.,contactless_not_working,contactless_not_working,True
594,Contactless velai seiyadha pirachinaiyai naan eppadi sari seiyuradhu?,contactless_not_working,contactless_not_working,True
595,Contactless pay-ai naan eppadip paavikkiradhu?,contactless_not_working,contactless_not_working,True
596,Contactless pay-ai naan eppadi enable pannuradhu?,contactless_not_working,contactless_not_working,True
597,Contactless payment-tukku munnadi naan oru saadhaaranamaana payment seiyanuma?,contactless_not_working,contactless_not_working,True
598,Enta contactless enga velai seiyudhu endu naan eppadith therinjukkiradhu?,contactless_not_working,contactless_not_working,True
599,Naan payment app-ai thirumbavum install pannanuma?,contactless_not_working,card_payment_not_recognised,False
600,Parimaatrangalai aetrukkollavae neenga evvalavu charge pannuveenga?,top_up_by_bank_transfer_charge,top_up_by_bank_transfer_charge,True
601,Naan oru transfer panna virumburen. athuku evvalavu cost aagum?,top_up_by_bank_transfer_charge,top_up_by_bank_transfer_charge,True
602,"Naan oru transfer panna vaendum, athukana fee ennavaga irukkum?",top_up_by_bank_transfer_charge,transfer_fee_charged,False
603,Naan top-up seitha charges ethuvum apply aaguma?,top_up_by_bank_transfer_charge,top_up_limits,False
604,Ennala SWIFT moolamavum transfer panna mudiyuma?,top_up_by_bank_transfer_charge,top_up_by_bank_transfer_charge,True
605,SWIFT transfers accept pannapadutha?,top_up_by_bank_transfer_charge,top_up_by_bank_transfer_charge,True
606,Naan SWIFT-ai payanpaduthi enoda account-ai refill panna virumburen.,top_up_by_bank_transfer_charge,terminate_account,False
607,Transfer moolam top-up seiyathuku naan pay panna vaenduma?,top_up_by_bank_transfer_charge,top_up_by_bank_transfer_charge,True
608,Top-up transfers-ku ethavathu fees irukka?,top_up_by_bank_transfer_charge,top_up_by_bank_transfer_charge,True
609,SWIFT-il irunthu oru transfer-ai pera mudiyuma?,top_up_by_bank_transfer_charge,top_up_by_bank_transfer_charge,True
610,Panathai peruvatharku naan ethavathu fees pay panna vaenduma?,top_up_by_bank_transfer_charge,receiving_money,False
611,Panathai peruvatharku enaku evvalavu charge pannuvanga?,top_up_by_bank_transfer_charge,exchange_charge,False
612,Neenga SWIFT transfers seigireergala?,top_up_by_bank_transfer_charge,top_up_by_bank_transfer_charge,True
613,Pera-patta panathuku ethavathu charges irukkuma?,top_up_by_bank_transfer_charge,top_up_by_card_charge,False
614,Oru transfer-ku fee eedupaduma?,top_up_by_bank_transfer_charge,transfer_fee_charged,False
615,SEPA transfer-ai peruvatharku charges ethavathu irukka?,top_up_by_bank_transfer_charge,top_up_by_bank_transfer_charge,True
616,Enoda account-ai top-up seiya enoda bank-il irunthu panathai transfer seithal enaku charge pannuvangala?,top_up_by_bank_transfer_charge,top_up_by_bank_transfer_charge,True
617,Yaaravathu enaku cash anuppa vaendumanal enaku charge pannuvangala?,top_up_by_bank_transfer_charge,receiving_money,False
618,Top-up-kalukana fees enna?,top_up_by_bank_transfer_charge,top_up_by_card_charge,False
619,Transfer moolam top-up seivathu enoda account-il charge-ai erpaduthuma?,top_up_by_bank_transfer_charge,top_up_by_bank_transfer_charge,True
620,Panathai peruvatharkana charges enna?,top_up_by_bank_transfer_charge,top_up_by_card_charge,False
621,Panathai peruvatharkana fee evvalavu?,top_up_by_bank_transfer_charge,cash_withdrawal_charge,False
622,SEPA transfer-ku enaku evvalavu charge pannuvanga?,top_up_by_bank_transfer_charge,top_up_by_bank_transfer_charge,True
623,SEPA transfer-kana fee evvalavu?,top_up_by_bank_transfer_charge,top_up_by_bank_transfer_charge,True
624,SEPA transfer-ku enaku enna charge pannuvanga?,top_up_by_bank_transfer_charge,top_up_by_bank_transfer_charge,True
625,Transfer moolam top-up seiyathuku charge ethavathu irukka?,top_up_by_bank_transfer_charge,top_up_by_bank_transfer_charge,True
626,Neenga SWIFT transfers seigireergala?,top_up_by_bank_transfer_charge,top_up_by_bank_transfer_charge,True
627,Transfer moolam top-up seiyathuku charge pannuvanga endu naan ethirpaarkka vaenduma?,top_up_by_bank_transfer_charge,top_up_by_bank_transfer_charge,True
628,SEPA transfer-ku enaku charge pannuvangala?,top_up_by_bank_transfer_charge,top_up_by_bank_transfer_charge,True
629,Transfer-ku fee ethavathu irukka? appadi endal athu evvalavu irukkum?,top_up_by_bank_transfer_charge,top_up_by_bank_transfer_charge,True
630,Dayavuseithu intha vankiyil ulla SWIFT parimaatrangal patri enakku sollungal.,top_up_by_bank_transfer_charge,top_up_by_bank_transfer_charge,True
631,Parimaatra top-up-irkku eathenum fee undaa?,top_up_by_bank_transfer_charge,top_up_failed,False
632,Parimaatrak kolkai ennavendru enakku solla mudiyuma?,top_up_by_bank_transfer_charge,cancel_transfer,False
633,SWIFT parimaatram paravaillaiya?,top_up_by_bank_transfer_charge,top_up_by_bank_transfer_charge,True
634,Naan oru SEPA parimaatrathai petraal enakku fee vithikkapaduma?,top_up_by_bank_transfer_charge,cancel_transfer,False
635,"Parimaatram moolam top-up seiyumpothu, enakku fee vithikkapaduma?",top_up_by_bank_transfer_charge,top_up_failed,False
636,Enoda vankiyilirunthu panathai maatruvatharkana fee enna?,top_up_by_bank_transfer_charge,card_payment_fee_charged,False
637,Enakku cash varumpothu fee vasoolikkapaduma?,top_up_by_bank_transfer_charge,cash_withdrawal_charge,False
638,Oru parimaatratharkana mothach selavai enakku solla mudiyuma?,top_up_by_bank_transfer_charge,cancel_transfer,False
639,Naan SWIFT moolam parimaatram seiyalaama?,top_up_by_bank_transfer_charge,top_up_by_bank_transfer_charge,True
640,"Naan oru puthiya vaadikkaiyaalar, indru gas nirappukiren, athu velai seiyala, arai mani neramaaga pending endru kaattuthu!",pending_top_up,pending_top_up,True
641,"Indru kaalai enoda card top-up seiyappattathu, aanal ennal panathai kaana mudiyala. Athu yaen poorthiyaagavillai?",pending_top_up,top_up_failed,False
642,Enoda top-up innum pending-il iruppatharku enna kaaranam irukkakkoodum?,pending_top_up,pending_top_up,True
643,Enoda top-up-il thaamatham eerpattullathu.,pending_top_up,top_up_failed,False
644,Enoda top-up innum niraivearaamal iruppatharku eathenum kaaranam undaa?,pending_top_up,pending_top_up,True
645,Top-up pending-il ullathu.,pending_top_up,pending_top_up,True
646,Enoda top-up yaen innum niraivearavillai endru vilakka mudiyuma?,pending_top_up,top_up_failed,False
647,"Naan earkanave top-up seithuvitten, aanal cash account-la vanthathaaga kaattavillai. Enna nadanthathu?",pending_top_up,top_up_failed,False
648,"Enna nadakkuthu? Enoda top-up innum pending-il ullathu. Naan eppothum unga muraiyai payanpaduthukiren, aanal ippothu athu pending endru mattume kaattuthu.",pending_top_up,pending_top_up,True
649,Top-up ethuvum seyalpaduthappattathaaga enakku theriyala.,pending_top_up,top_up_failed,False
650,"Naan top-up seithen, aanal athu poorthiyaagavillai.",pending_top_up,pending_top_up,True
651,"Naan oru puthiya vaadikkaiyaalar, indruthaan muthal muraiyaaga top-up seiya muyandren. Ithu earkanave arai mani neramaaga pending-il ullathu, velai seivathu pol theriyala. Dayavuseithu ithai sariseithu thara veandum.",pending_top_up,pending_top_up,True
652,Enoda top-up pending-il ullathu.,pending_top_up,pending_top_up,True
653,"Dayavuseithu enoda top-up kurithu paarka mudiyuma? Naan athai moondru mani nerathirku munbe seithen, aanal innum athu pending-il ullathu.",pending_top_up,pending_top_up,True
654,"Dayavuseithu enoda top-up-ai koodiya viraivil niraiveatra mudiyuma? Enakku cash avasaramaaga thevaipadukirathu, athu earkanave oru mani neramaaga pending-il ullathu.",pending_top_up,pending_top_up,True
655,"Top-up-il enna nadakkuthu? Athu pending, pending, pending endre kaattuthu! Naan vaarathirku pala murai unga sevaiyai payanpaduthukiren, itharku munbu enakku entha pirachinaiyum eerpattathillai! Ingae enna nadakkuthu?",pending_top_up,pending_top_up,True
656,Enoda top-up yaen innum niraivearavillai?,pending_top_up,pending_top_up,True
657,Top-up seyalmurai methuvaaga ullathu.,pending_top_up,top_up_failed,False
658,"Unga inaiyathalathil eathenum pirachinai ullatha? Naan enoda account-ai top-up seiya muyandren, ippothu kittathatta irandu mani neramaagivittathu, yaeno innum ""pending"" endre ullathu. Naan ippothuthaan ungaludan inainthen, ithu enoda muthal muyarchi, oruvelai naan thavaraaga irukkalaam, aanal ithu udanadiyaaga nadakka vendaama?",pending_top_up,pending_top_up,True
659,"Naan sirithu nerathirku munbu card moolam top-up seithen, athu innum pending-il ullathu, nichayamaaga inneram mudinthirukka vendumallava?",pending_top_up,pending_top_up,True
660,Enoda top-up yen innum poorthiyagavillai?,pending_top_up,pending_top_up,True
661,Top up poorthiyagavillai.,pending_top_up,pending_top_up,True
662,"Athanal naan enoda card-il top-up seithen, aanal athu innum maaravillai.",pending_top_up,top_up_failed,False
663,Enoda top up yen innum pending-il ullathu?,pending_top_up,pending_top_up,True
664,"Unga top-up seiyum vasathi velai seiyala, enoda card velai seiguthu endru enakku therinthum athu innum pending endre kaattuthu.",pending_top_up,top_up_failed,False
665,"Vanakkam, naan oru puthiya vaadikkaiyalar. indruthaan muthal muraiyaga top-up seiya muyarsithen, athu velai seiyala pola theriyuthu, arai mani neramaga athu pending endre kaattuthu! please ithai sariseiyungal!",pending_top_up,pending_top_up,True
666,"Aiyo! naan enoda card-il cash etra muyalgiren, aanal top-up aagavillai! enakku avasaramaga cash enoda card-ilo allathu enoda bank-ilo thevaipaduguthu, athu enga irukku?",pending_top_up,top_up_failed,False
667,"Naan enoda kanakkirku top-up seiya muyarsikkiren, aanal athu oru mani neramaga pending-il ullathu.",pending_top_up,pending_top_up,True
668,Enoda top-up yen innum pending-la ullathu?,pending_top_up,pending_top_up,True
669,Enoda top up innum pending endru kaattinaal atharku enna artham?,pending_top_up,pending_top_up,True
670,"Enoda top up velai seiyala, kadantha irandu mani neramaga athu pending-il maattikkondullathu.",pending_top_up,pending_top_up,True
671,Top-up poorthiyanathu pol theriyala.,pending_top_up,top_up_failed,False
672,"Naan enoda card-ai payanpaduthi seithum, enoda top up yen innum pending endru kaattuthu?",pending_top_up,pending_top_up,True
673,Naan top-up seitha cash enga?,pending_top_up,top_up_failed,False
674,"Vanakkam. naan unga system-ukku oru puthiya vaadikkaiyalar, etho sariyaga velai seiyala endru ninaikkiren - allathu oruvelai sariyaga irukkalaam. ungalaal uruthipadutha mudiyuma? naan indru top-up seiya muyandren (enoda muthal murai), athu oru mani nerathirkum melaga ""pending"" endru maattikkondullathu. ithu ippadithaan nadakka venduma allathu system-il ethethum kolaaru ullatha?",pending_top_up,top_up_failed,False
675,Enoda top-up yen innum pending-il ullathu?,pending_top_up,pending_top_up,True
676,"Enoda card-ai top-up seivathu velai seiyala, yenenil top-up pending-il ullathu endru naan ninaikkiren.",pending_top_up,top_up_failed,False
677,Enoda top-up eppothu seiyalakkapadum?,pending_top_up,pending_top_up,True
678,"Top-up-il nichayamaga oru pirachinai ullathu! naan valakkamaga unga sevaiyai payanpaduthugiren, itharku munbu entha pirachinaiyum irunthathillai, aanal ippothu top-up pending endru mattume kaattuthu. athu yen thodarnthu pending endru kaattuthu endru enakku sollungal.",pending_top_up,top_up_failed,False
679,"Naan top-up seiya muyandren, aanal enoda cash pending-il iruppathu pol theriyuthu. naan ippothu udanadiyaga ethethum vaanga vendum, naan enna seivathu?",pending_top_up,top_up_failed,False
680,"Naan indru kaalai oru transaction seithen, athai thirumbap pera virumbugiren.",cancel_transfer,cancel_transfer,True
681,Ennaal oru charge-ai cancel seiya mudiyuma?,cancel_transfer,request_refund,False
682,Enoda transaction-ai naan cancel seiya mudiyuma?,cancel_transfer,cancel_transfer,True
683,"Naan oru transaction seithen, aanal athai thavarana kanakkirku seithuvitten.",cancel_transfer,cancel_transfer,True
684,Oru transfer-ai eppadi cancel seivathu endru enakku sollungal.,cancel_transfer,cancel_transfer,True
685,"Naan seitha oru transfer-ai neenga cancel seiya vendum. athu thavarana account en, melum app ennai transaction-ai nirutha anumathikkala. please ithai niruthungal!",cancel_transfer,cancel_transfer,True
686,"Enoda samibathiya transfer-ai naan udanadiyaga cancel seiya vendum, naan angu oru thavaru seithuvitten, athu mudivadarkul please viraivaga uthavungal.",cancel_transfer,cancel_transfer,True
687,Indru kaalai naan seitha transaction-ai thirumbap pera virumbugiren.,cancel_transfer,cancel_transfer,True
688,"Naan oru transaction seithaal, athai cancel seiya mudiyuma?",cancel_transfer,cancel_transfer,True
689,Oru transfer-ai naan eppadi cancel seiyalaam?,cancel_transfer,cancel_transfer,True
690,Panap parimaatrathai rathu seyya aethenum vazhi irukka?,cancel_transfer,cancel_transfer,True
691,Naan thavaruthalaaga thavarana kanakkirku oru transaction seythuvittaen.,cancel_transfer,cancel_transfer,True
692,Naan udanadiyaaga oru panap parimaatrathai rathu seyya vaendum! neenga uthava mudiyuma?,cancel_transfer,cancel_transfer,True
693,Enoda transaction-ai rathu seyya enakku uthavungal.,cancel_transfer,cancel_transfer,True
694,"Ithu avasaramanathu, naan seyya vaendiya oru koduppanavirkana thavarana viparangalai ullittu anuppivittaen, naan udanadiyaaga intha parivarthanaiyaith thirumbap pera vaendum.",cancel_transfer,cancel_transfer,True
695,Ennal oru panap parimaatrathai rathu seyya mudiyuma?,cancel_transfer,cancel_transfer,True
696,Naan satru munnar seytha parivarthanaiyaith thirumbap pera virumbugiraen.,cancel_transfer,cancel_transfer,True
697,Indru kaalai naan seytha parivarthanaiyaith thirumbap pera aethenum vazhi irukka?,cancel_transfer,cancel_transfer,True
698,Naan oru panap parimaatrathai rathu seyya virumbugiraen.,cancel_transfer,cancel_transfer,True
699,Panap parimaatram aerkanavae seyalaakkappattirunthal athai rathu seyya mudiyuma?,cancel_transfer,cancel_transfer,True
700,"Naan thavarana amount-ai anuppivittaen, enavae transaction-ai rathu seyya virumbugiraen.",cancel_transfer,cancel_transfer,True
701,"Naan panap parimaatram seythapothu oru thavaru seythuvittaen, ippothu athaich sariseyya naan enna seyya vaendum?",cancel_transfer,cancel_transfer,True
702,Naan oru thavarana transaction-ai rathu seyya vaendum.,cancel_transfer,cancel_transfer,True
703,Enoda panap parimaatrathai naan eppadi rathu seyvathu?,cancel_transfer,cancel_transfer,True
704,Naan oru transaction-la thavaru seythuvittaen!,cancel_transfer,cancel_transfer,True
705,Naan thavarana kanakkirku oru parivarthanaiyaich samarppithuvittaen.,cancel_transfer,cancel_transfer,True
706,Naan ippothu seytha panap parimaatram udanadiyaaga rathu seyyappada vaendum. athu enoda thavaru. athu niraivadaiwatharkul athai rathu seyya please enakku uthavungal!,cancel_transfer,cancel_transfer,True
707,Indru kaalai naan seythathai maatryamaikka virumbugiraen.,cancel_transfer,cancel_transfer,True
708,Oru transaction-ai rathu seyya mudiyuma?,cancel_transfer,cancel_transfer,True
709,Enoda transaction-ai naan eppadi rathu seyvathu?,cancel_transfer,cancel_transfer,True
710,Enoda transaction rathu seyyappada vaendum.,cancel_transfer,cancel_transfer,True
711,Oru panap parimaatram thodarbaga naan udanadiyaaga rathu seyya vaendum. ithu oru thavaru. ithu unmaiyil niraivadaiyaamal irukka please viraivaga uthavungal.,cancel_transfer,cancel_transfer,True
712,"Naan oru thavaru seythuvittaen, oru transaction-ai rathu seyya vaendum.",cancel_transfer,cancel_transfer,True
713,"Naetru naan seytha koduppanavil oru thavaru aerpattullathu, naalai enoda vaadagai selutha vaendiyiruppathaal athai evvalavu seekkiram mudiyumo avvalavu seekkiram sariseyya vaendum.",cancel_transfer,cancel_transfer,True
714,Enoda kadaisi panap parimaatrathai rathu seyyungal.,cancel_transfer,cancel_transfer,True
715,"Enoda anmaiya panap parimaatram udanadiyaaga rathu seyyappada vaendum; athu oru thavaru, athu niraivadaiwatharkul please athai rathu seyya mudiyuma?",cancel_transfer,cancel_transfer,True
716,Oru transaction-ai rathu seyya enakku uthavi thaevai.,cancel_transfer,cancel_transfer,True
717,Intha transaction ippothu niraivadaiwathai naan virumbavillai.,cancel_transfer,cancel_transfer,True
718,"Naan seytha koduppanavu sariyaaga irukkumpadi, atharkana amount-ai ennal maatra mudiyuma?",cancel_transfer,wrong_amount_of_cash_received,False
719,Please enakku uthavungal! naan oru transaction-ai rathu seyya vaendum.,cancel_transfer,cancel_transfer,True
720,Enoda top-up alavai ungalal kattuppadutha mudiyuma?,top_up_limits,pending_top_up,False
721,Naan virumbiya alavu top-up seiya enakku anumathi unda?,top_up_limits,top_up_limits,True
722,Enoda kanakkirku top-up ellai ethum ullatha?,top_up_limits,top_up_limits,True
723,Top-up seivatharkana ellai enna?,top_up_limits,top_up_limits,True
724,Naan evvalavu cash top-up seiya mudiyum?,top_up_limits,top_up_limits,True
725,Top-up-galukkana kattuppadugal enna?,top_up_limits,top_up_limits,True
726,Top-up-galukku ellaigal vithikkappattullatha?,top_up_limits,top_up_limits,True
727,Top-up ellai enna?,top_up_limits,top_up_limits,True
728,Top-up-galukkana ellai enna enpathai naan kandariya vendum.,top_up_limits,top_up_limits,True
729,Top-up-galukku ungalidam ellai ethum ullatha?,top_up_limits,top_up_limits,True
730,Athigapatcha top-up alavu enna?,top_up_limits,top_up_limits,True
731,Top-up-galukkana ellai enna enpathai naan eppadi therinthu kolvathu?,top_up_limits,top_up_limits,True
732,Top-up thogaigalukku ellai ethum ullatha?,top_up_limits,top_up_limits,True
733,Oru thadavaiyil card-il naan serkkakkudiya thogaikku ethenum ellai ullatha?,top_up_limits,top_up_limits,True
734,Naan top-up seiyakkudiya athigapatcha alavu ethum ullatha endru naan ariya virumbugiren.,top_up_limits,top_up_limits,True
735,Oru top-up-irkana ellai enna?,top_up_limits,top_up_limits,True
736,Top-up ellaigal ethum irunthal enakku sollungal?,top_up_limits,top_up_limits,True
737,Enoda top-up ellaiyai naan eppadi athigarippathu?,top_up_limits,pending_top_up,False
738,Top-up-galukku ellai ethum ullatha?,top_up_limits,top_up_limits,True
739,Naan virumbiya alavu top-up seiya mudiyuma?,top_up_limits,top_up_limits,True
740,Top-up-galukkana ellaigalai enakku solla mudiyuma?,top_up_limits,top_up_limits,True
741,Naan top-up seiyumpothu amount ellaigal enna?,top_up_limits,top_up_limits,True
742,Top-up-galil ellai ethum ullatha?,top_up_limits,top_up_limits,True
743,Top-up-galin ellai enna?,top_up_limits,top_up_limits,True
744,Top-up-galukku ellaigal ullanava?,top_up_limits,top_up_limits,True
745,Top-up-galin athigapatcha amount ethum ullatha?,top_up_limits,top_up_limits,True
746,Ungalidam top-up ellai ethum ullatha?,top_up_limits,top_up_limits,True
747,Top-up ellai enna?,top_up_limits,top_up_limits,True
748,Top-up seivatharkana ellai enna?,top_up_limits,top_up_limits,True
749,Oru thadavaiyil enoda card-irku naan evvalavu top-up seiya mudiyum?,top_up_limits,top_up_limits,True
750,Naan evvalavu top-up seyya mudiyum?,top_up_limits,top_up_limits,True
751,Naan top-up seyyakkudiya athigoodiya amount evvalavu?,top_up_limits,top_up_limits,True
752,Naan top-up seyyakkudiya athigoodiya thogaikki ethum ellai irukka?,top_up_limits,top_up_limits,True
753,Enoda top-uppirku ethum amount ellai irukka?,top_up_limits,top_up_limits,True
754,Top-upgalukku ethum ellai irukka?,top_up_limits,top_up_limits,True
755,Naan top-up seyya kudiya athigoodiya alavu ethum irukka?,top_up_limits,top_up_limits,True
756,Top-up ellai irukka enbathai naan eppadi arinthu kolvathu?,top_up_limits,top_up_limits,True
757,Enoda top-uppirku ethum kattuppadugal irukka?,top_up_limits,pending_top_up,False
758,"Ellaigalai poruththavarai, top-upgalum ithil adanguma?",top_up_limits,top_up_limits,True
759,Top-up ellaigal evai?,top_up_limits,top_up_limits,True
760,"Ithu ATM-la erpatta pirachchanaiya illai enoda account-la erpatta pirachchanaiya endru enakku theriyala, aanal naan ippo irukkira ATM-la irunthu Rs 30,000 edukka muyandren, aanal athu enakku Rs 10,000 mattume thanthathu. ithu ethum glitch-aa illai unmaiyila enna nadakkuthu?",wrong_amount_of_cash_received,wrong_amount_of_cash_received,True
761,ATM-la naan ketta mulu panamum enakku kidaikkala.,wrong_amount_of_cash_received,wrong_amount_of_cash_received,True
762,Naan kettathai vida ATM enakku kuraivana panathai eppadi thanthathu?,wrong_amount_of_cash_received,wrong_amount_of_cash_received,True
763,Naan panathai edutha piragu enoda cash enakku yen kidaikkala?,wrong_amount_of_cash_received,wrong_amount_of_cash_received,True
764,ATM-la naan kurippitta amount-ai vida kuraivana paname enakku kidaithathu.,wrong_amount_of_cash_received,wrong_amount_of_cash_received,True
765,Enakku kidaitha panathin alavu thavarathu.,wrong_amount_of_cash_received,wrong_amount_of_cash_received,True
766,"Naan oru ATM-la irukkiren, Rs 30,000 eduthen, aanal enakku Rs 10,000 mattume tharappattathu. naan enna seyya vendum?",wrong_amount_of_cash_received,wrong_amount_of_cash_received,True
767,Indru naan cash edukka sendrapothu ATM enakku thavarana amount-ai thanthathu. app-la athigamaana amount endru kaattuthu.,wrong_amount_of_cash_received,wrong_amount_of_cash_received,True
768,Enakku kidaitha panathin alavu naan kettathai vida verupattathaga irunthathu.,wrong_amount_of_cash_received,wrong_amount_of_cash_received,True
769,"Vanakkam. naan ippothan ATM-la irunthu cash eduthen, thavarana amount kidaithathu. irunthapothum, enoda app naan edutha sariyana amount-ai kaattuthu. meethi panathai naan eppadi peruvathu?",wrong_amount_of_cash_received,wrong_amount_of_cash_received,True
770,"Indru naan cash edukka sendrapothu ATM-la irunthu thavarana alavu cash vanthathu. naan app-ai paarthapothu, athu miga athiga amount-ai kaattiyathu.",wrong_amount_of_cash_received,wrong_amount_of_cash_received,True
771,ATM-la naan ketta alavu cash enakku kidaikkala.,wrong_amount_of_cash_received,wrong_amount_of_cash_received,True
772,"Panathai thirumba peruvathu eppadi? ATM enakku thavarana amount-ai thanthullathu, aanal app ennidum unmaiyil vasoolikkappatta amount-ai kaattuthu...",wrong_amount_of_cash_received,wrong_amount_of_cash_received,True
773,Naan edutha cash enga? enoda mobile app-la athu edukkappattathaga kaattuthu.,wrong_amount_of_cash_received,cash_withdrawal_not_recognised,False
774,Naan ketta mulu panamum enakku yen kidaikkala?,wrong_amount_of_cash_received,wrong_amount_of_cash_received,True
775,Enoda cash eduppu paguthi alavu niragarikkappattathu.,wrong_amount_of_cash_received,wrong_amount_of_cash_received,True
776,"Naan Rs 100,000 edukka muyandrapothu enakku yen Rs 20,000 mattume kidaithathu?",wrong_amount_of_cash_received,wrong_amount_of_cash_received,True
777,"Naan ATM-la irunthu cash eduthen aanal enakku thavarana amount kidaithathu. app-la enakku kidaitha unmaiyana amount kaattappaduvathal, enakku cash thirumba vendum. please ithil enakku uthavungal.",wrong_amount_of_cash_received,wrong_amount_of_cash_received,True
778,"Indru naan sirithu cash edukka sendren, aanal ATM enakku thavarana amount-ai thanthathu pol theriyuthu! app-la kaattappadum amount miga athigamaga ullathu.",wrong_amount_of_cash_received,wrong_amount_of_cash_received,True
779,"Naan Rs 100,000 edukka muyandren aanal enakku Rs 20,000 mattume kidaithathu.",wrong_amount_of_cash_received,wrong_amount_of_cash_received,True
780,Enaku kidaika vendiya mulu panamum kidaikavillai.,wrong_amount_of_cash_received,wrong_amount_of_cash_received,True
781,"Naan 100,000 roobai cash ketten, aanal enaku 20,000 roobai mattume kidaithathu?",wrong_amount_of_cash_received,wrong_amount_of_cash_received,True
782,Naan ketta cash enga? Enaku kidaithathai vida naan athigamaga kettirunthen!,wrong_amount_of_cash_received,wrong_amount_of_cash_received,True
783,"Naan cash eduthen, aanal mulu thogaiyum varala.",wrong_amount_of_cash_received,wrong_amount_of_cash_received,True
784,Naan cash eduthathil etho thavarunadanthullathu. Panathin alavu sariyaga illai.,wrong_amount_of_cash_received,wrong_amount_of_cash_received,True
785,"Naan ATM il irunthu thavarana amount-ai petrullen. Enaku unmaiyil kidaitha thogaiye app il kaattapaduvathal, meethi panathai peruvatharkana valimuraiyai kooravum.",wrong_amount_of_cash_received,wrong_amount_of_cash_received,True
786,"Naan 100,000 roobai ketten, aanal enaku 20,000 roobai mattume kidaithathu.",wrong_amount_of_cash_received,wrong_amount_of_cash_received,True
787,Enaku sariyana alavu cash thirumba kidaikavillai.,wrong_amount_of_cash_received,wrong_amount_of_cash_received,True
788,ATM naan kettathai vida kuraivana panathaiye thanthathu.,wrong_amount_of_cash_received,wrong_amount_of_cash_received,True
789,"ATM il naan ketta alavu cash enaku kidaikavillai, yen?",wrong_amount_of_cash_received,wrong_amount_of_cash_received,True
790,"Naan eduka muyanra sariyana amount-ai ATM tharavittal naan enna seivathu? Naan 30,000 roobai eduthen, aanal ATM enaku 10,000 roobai mattume thanthathu.",wrong_amount_of_cash_received,wrong_amount_of_cash_received,True
791,"Naan cash eduka muyanren, aanal amount sariyaga illai, naan enna seivathu?",wrong_amount_of_cash_received,wrong_amount_of_cash_received,True
792,Naan ketta mulu panamum enaku kidaikavillai.,wrong_amount_of_cash_received,wrong_amount_of_cash_received,True
793,"Naan 100,000 roobai eduka muyanrapothu enaku 20,000 roobai mattume kidaithathu.",wrong_amount_of_cash_received,wrong_amount_of_cash_received,True
794,Sariyana alavu cash enaku anuppapadavillai.,wrong_amount_of_cash_received,wrong_amount_of_cash_received,True
795,Naan eduka koriya amount-ai ATM enaku tharavillai.,wrong_amount_of_cash_received,wrong_amount_of_cash_received,True
796,Naan kettathai vida kuraivana cash enaku yen kidaithathu?,wrong_amount_of_cash_received,wrong_amount_of_cash_received,True
797,ATM il enaku sariyana amount kidaikavillai.,wrong_amount_of_cash_received,wrong_amount_of_cash_received,True
798,Cash edukum pothu sariyana amount kidaikavillai.,wrong_amount_of_cash_received,wrong_amount_of_cash_received,True
799,Naan eduka muyanru niragarikapatta cash enaku thirumba kidaikuma?,wrong_amount_of_cash_received,wrong_amount_of_cash_received,True
800,"Naan card ai payanpaduthi cash seluthinen, atharku melathiga fee vasoolikapattathu.",card_payment_fee_charged,card_acceptance,False
801,"Enoda card ai payanpaduthiya piragu ennidam fee vasoolikapattathu, aanal appadi vasoolithiruka koodathu.",card_payment_fee_charged,card_acceptance,False
802,Enoda card ai payanpaduthi cash seluthiyatharkaga fee vasoolikapattatharku ethavathu kaaranam unda? Enaku itharku mun melathiga fee vasoolikapattathe illai.,card_payment_fee_charged,card_acceptance,False
803,"Enoda card ai payanpaduthiyapothu athil matroru fee kaattapaduguthu, yen?",card_payment_fee_charged,card_acceptance,False
804,"Sila koduppanavugaluku mattum melathiga fee vasoolikapattu, matravatruku vasoolikapathathu yen?",card_payment_fee_charged,transfer_fee_charged,False
805,Naan oru kolvanavirkaga enoda card ai payanpaduthiyapothu fee vasoolikapattathu.,card_payment_fee_charged,card_acceptance,False
806,Card moolam cash seluthiyatharkaga ennidam yen fee vasoolikapattathu?,card_payment_fee_charged,card_payment_fee_charged,True
807,Angu anumathiyatra fee ondru ullathu.,card_payment_fee_charged,transfer_fee_charged,False
808,"Koduppanavugaluku melathiga fee irukumpothu yaaravathu enaku therivithal nandraga irukum. Naan munnathaga app ai sariparthapothu, enoda koduppanavugalil ondril melathiga fee irupathai kanden, athu patri enaku yaarum munnare therivikavillai.",card_payment_fee_charged,transfer_fee_charged,False
809,Enoda card moolam cash seluthiyapothu ennidam yen melathiga fee vasoolikapattathu?,card_payment_fee_charged,card_payment_fee_charged,True
810,Naan card-ala pay pannunathala yen extra-va pay panna vendi irunthathu?,card_payment_fee_charged,card_payment_fee_charged,True
811,Card use panrathuku yen fees iruku?,card_payment_fee_charged,card_payment_fee_charged,True
812,Intha charge ethuku nu enakku sure-ah theriyala,card_payment_fee_charged,card_payment_not_recognised,False
813,Intha card payment-oda charge panna fee enna?,card_payment_fee_charged,card_payment_fee_charged,True
814,Oru transaction-uku eppo enoda card-la extra fee charge pannuvanga?,card_payment_fee_charged,card_payment_fee_charged,True
815,Enoda card-ala pannumpothu yen naan extra pay panna vendi irunthathu?,card_payment_fee_charged,card_payment_fee_charged,True
816,"Naan card payment pannen, aana oru fee kaatuthu?",card_payment_fee_charged,reverted_card_payment?,False
817,Card-ala pay pannunathuku enaku fee charge pannirukanga,card_payment_fee_charged,card_payment_fee_charged,True
818,Enoda card payment-la irukura fee enna?,card_payment_fee_charged,card_payment_fee_charged,True
819,Card payment-uku yen enaku fee charge pannuvanga?,card_payment_fee_charged,card_payment_fee_charged,True
820,Enoda card-ah use panrathuku eppovume fee charge pannuvangala?,card_payment_fee_charged,card_payment_fee_charged,True
821,"Enoda payment-la fee irukuma illayanu enga yachum check panna mudiyuma? neenga sila cases-la charge panreenga pola, athoda pattern enna?",card_payment_fee_charged,card_payment_fee_charged,True
822,Card-ala pay pannunathala fee vanthuruku,card_payment_fee_charged,card_payment_fee_charged,True
823,"Naan card-ala pay pannen, fee apply aayiruku nu nenaikiran.",card_payment_fee_charged,card_payment_fee_charged,True
824,Appo actual-ah entha items-uku extra fees varuthu?,card_payment_fee_charged,order_physical_card,False
825,Enoda card-la fee charge panratha naan eppadi avoid panrathu?,card_payment_fee_charged,card_payment_fee_charged,True
826,Card-ala pay pannumpothu ethavathu fee iruka?,card_payment_fee_charged,card_payment_fee_charged,True
827,Enoda card-ala pay pannunathuku enaku fee charge pannirukanga.,card_payment_fee_charged,card_payment_fee_charged,True
828,First time enoda account-la fee vanthuruku. neenga eppo intha fees charge panreenga nu naan eppadi therinjukurathu?,card_payment_fee_charged,card_payment_fee_charged,True
829,"Payments-uku extra charges irukumpothu yaarachum enaku therivikanum. naan konjam munnadi app-ah paathapo, yaarum enaku munnadi sollatha oru extra charge payment-oda sernthu irukuratha paathen.",card_payment_fee_charged,card_payment_fee_charged,True
830,Enoda card use panrathu free-ah?,card_payment_fee_charged,top_up_by_card_charge,False
831,Card use pannumpothu yen enaku extra fee charge pannunanga?,card_payment_fee_charged,card_payment_fee_charged,True
832,Card use pannumpothu enna fees apply aagum?,card_payment_fee_charged,card_payment_fee_charged,True
833,Payments-uku yen charge panreenga? unga charges yen agreement-la clear-ah solla padala?,card_payment_fee_charged,card_payment_fee_charged,True
834,Naan card-ala pay pannumpothu yen enaku fee charge pannunanga?,card_payment_fee_charged,card_payment_fee_charged,True
835,Enoda account-la oru fee iruku. yen?,card_payment_fee_charged,card_payment_fee_charged,True
836,Card payments-uku yen fees charge panreenga?,card_payment_fee_charged,card_payment_fee_charged,True
837,Card payment-uku enaku fee charge pannirukanga. yen?,card_payment_fee_charged,card_payment_fee_charged,True
838,Card use pannunathuku yen fee charge pannunanga?,card_payment_fee_charged,card_payment_fee_charged,True
839,Enoda card-ala pay pannunathuku avanga enaku charge pannitanga.,card_payment_fee_charged,card_payment_fee_charged,True
840,"Naan sila naatkalukku munbu naattukkullaana panapparimaatram ondrai seithen. Parimaatram mudindhadhil irundhu account vibarangalai pala murai saripaarthum vittaen, aanaal cash innum kidaikkala. Enna pirachinai?",transfer_not_received_by_recipient,pending_transfer,False
841,Enoda panapparimaatram innum poich serala.,transfer_not_received_by_recipient,transfer_not_received_by_recipient,True
842,Oru panapparimaatram niraivadaivadharkaaga naan innum kaathukondirukkren.,transfer_not_received_by_recipient,pending_transfer,False
843,"Naan oru panapparimaatram seithen, aanaal perunaraal adhai paarka mudiyala.",transfer_not_received_by_recipient,cancel_transfer,False
844,"Naan oruvarukku cash anuppa muyandraen, aanaal avargalukku adhu innum kidaikkala.",transfer_not_received_by_recipient,wrong_amount_of_cash_received,False
845,Oru parimaatram perunarai sendradaiga evvalavu neram edukkum?,transfer_not_received_by_recipient,pending_top_up,False
846,Perunar enoda panapparimaatrattai eppadi paarka mudiyum?,transfer_not_received_by_recipient,receiving_money,False
847,"Naan cash anuppinaen, aanaal adhu innum vandhu serala endru perunar koorugiraar. Idharku enna kaaranamaaga irukkum?",transfer_not_received_by_recipient,card_arrival,False
848,Naan seidha parimaatram innum poich serala.,transfer_not_received_by_recipient,cancel_transfer,False
849,Panapparimaatrangal niraivadaiga evvalavu neram edukkum?,transfer_not_received_by_recipient,pending_top_up,False
850,"Naan konjam cash anuppinaen, aanaal adhu poich serala.",transfer_not_received_by_recipient,transfer_not_received_by_recipient,True
851,Naan aarambitha parimaatram engay irukkiradhu?,transfer_not_received_by_recipient,atm_support,False
852,Panapparimaatram tholviyadaindhuvittadha?,transfer_not_received_by_recipient,cancel_transfer,False
853,"Naan ippodhuthaan cash anuppi mudithaen, aanaal perunarin pakkathil adhu kaattavillai.",transfer_not_received_by_recipient,cash_withdrawal_not_recognised,False
854,"Naan oru panapparimaatrattai mudithuvittaen, aanaal perunarukku adhu innum kidaikkala.",transfer_not_received_by_recipient,cancel_transfer,False
855,Perunarukku enoda panapparimaatram kaattavillai.,transfer_not_received_by_recipient,receiving_money,False
856,"Enoda pudhiya idathirkaana vaadagai panathai irandu naatkalukku munbu anuppinaen, aanaal enoda pakkathil adhu mudivadaindhadhaaga kaattinaalum, veettu urimaiyaalar adhu innum varala endru koorugiraar. Naan anuppiya account ennai saripaarthaen, adhu nichayamaaga sariyaanadhuthaan. Dhayavuseidhu andha parimaatram unmaiyil nadandhuvittadha illaiya enbadhai urudhipadutha mudiyuma?",transfer_not_received_by_recipient,cancel_transfer,False
857,Enoda parimaatram yaen angu poich serala enbadhai naan kandariya vaendum.,transfer_not_received_by_recipient,cancel_transfer,False
858,"Naan ippodhuthaan Durham ilirundhu Walton-On-The-Naze ilulla oru idathirku mugavariyai maatriyullaen. Enoda pudhiya veettil oru pudhiya veettu urimaiyaalar irukkiraar, avarukku enoda koduppanavu kidaikkala, aanaal naan adhai sariyaana nerathirku anuppinaen endru enakku theriyum, dhayavuseidhu avargalukku adhu kidaithuvittadha endru saripaarka mudiyuma?",transfer_not_received_by_recipient,card_arrival,False
859,Naan cash anuppinaen. Avargalukku adhu kidaikkala.,transfer_not_received_by_recipient,wrong_amount_of_cash_received,False
860,"Hello, enoda parimaatram yaen innum niraivadaivillai enbadhai kandariya enakku sila udhavigal thaevai. Enoda veettu urimaiyaalarukku innum cash kidaikkala. Inneram avalukku adhu kidaithirukka vaendum.",transfer_not_received_by_recipient,wrong_amount_of_cash_received,False
861,"Naetru mundhinam, naan indha naattukkullaana oru parimaatrattai seithen. Adhu innum niraivadaivillai. Adhai saripaarka mudiyuma? Naan pala murai saripaarthadhaal account en nichayamaaga sariyaanadhuthaan.",transfer_not_received_by_recipient,cancel_transfer,False
862,"Enakku oru panapparimaatratthil pirachinai ulladhu. Irandu manithiyalangalukku munbu oru nanbarukku konjam cash anuppinaen, aanaal avargalukku adhu innum kidaikkala. Adhu yaen avargalukku poich serala? Parimaatrangal niraivadaiga evvalavu neram thaevaipadum?",transfer_not_received_by_recipient,pending_transfer,False
863,"Naan konjam cash anuppinaen, aanaal yaedho oru kaaranathinaal perunaraal adhai edukka mudiyala.",transfer_not_received_by_recipient,declined_cash_withdrawal,False
864,Oru nanbarukku naan seidha panapparimaatram engay irukkiradhu?,transfer_not_received_by_recipient,cancel_transfer,False
865,Naan seidha panapparimaatram enoda nanbarukku innum kidaikkala.,transfer_not_received_by_recipient,cancel_transfer,False
866,Enoda panapparimaatram niraivadaivadharkaaga naan kaathukondirukkren.,transfer_not_received_by_recipient,cancel_transfer,False
867,"Naan oru panapparimaatram seithen, adhu niraivadaivadharku miga neenda neram edukkiradhu.",transfer_not_received_by_recipient,cancel_transfer,False
868,Enoda panapparimaatram ivvalavu neram eduppadharku yaedhaenum kaaranam irukkiradha?,transfer_not_received_by_recipient,pending_transfer,False
869,Enoda panapparimaatram niraivadaiga evvalavu neram edukkum?,transfer_not_received_by_recipient,pending_top_up,False
870,"Naan konjam kaasu anuppinen, aanaal athai perubavaraal edukka mudiyaamal irukkuthu.",transfer_not_received_by_recipient,declined_cash_withdrawal,False
871,"Naan sila manithiyalangalukku munnar enoda nanbikki konjam kaasu anuppinen, aanaal avalukku innum athu kidaikkala. avalukku athu avasaramaaha thevaipaduguthu. itharku evvalavu neram edukkum?",transfer_not_received_by_recipient,pending_transfer,False
872,Naan kaasu anuppiya nabarukku innum athu kidaikkala!,transfer_not_received_by_recipient,transfer_not_received_by_recipient,True
873,Enoda cash eppothu parimaatrappadum?,transfer_not_received_by_recipient,verify_source_of_funds,False
874,"Panap parimaatram mudivadaiya evvalavu neram edukkum? naan enoda thozhikku cash anuppinen, aanaal thanakku innum ethuvum kidaikkala என்று aval solgiraal.",transfer_not_received_by_recipient,pending_transfer,False
875,"Panap parimaatram vanthadaiya evvalavu neram thevaipadum? naan oru nanbarukku konjam kaasu anuppinen, avarukku athu avasaramaaha thevaipaduguthu, aanaal rendu manithiyalangal aahiyum innum athu poich serala pol theriyuthu.",transfer_not_received_by_recipient,transfer_not_received_by_recipient,True
876,Enoda nanbarukku naan anuppiya cash kidaikka innum evvalavu neram aahum?,transfer_not_received_by_recipient,pending_transfer,False
877,Naan anuppiya nabarukku yen innum cash kidaikkala?,transfer_not_received_by_recipient,card_arrival,False
878,Naan innum intha panap parimaatram mudivadivatharkaaha kaathirukkiren.,transfer_not_received_by_recipient,cancel_transfer,False
879,"Naan konjam cash anuppinen, aanaal athai perubavar athai eduppathil siramappadugiraar.",transfer_not_received_by_recipient,receiving_money,False
880,"Enoda account-la cash serppatharku, naan enna currencies-ai payanpaduthalaam?",supported_cards_and_currencies,supported_cards_and_currencies,True
881,"Enakku uthavikkaana vazhigal thevai, naan enoda card-la cash nirappa virumbugiren.",supported_cards_and_currencies,lost_or_stolen_card,False
882,Ennidam veru oru amerikka card irukku. athai neenga etrukkolla mudiyuma?,supported_cards_and_currencies,country_support,False
883,Evvagaiyaana attaigal matrum naanayangal etrukkollappaduguthu?,supported_cards_and_currencies,fiat_currency_support,False
884,Cash serppatharku ennenna naanayangal etrukkollappaduguthu?,supported_cards_and_currencies,receiving_money,False
885,Cash serppatharku naan evvagaiyaana currencies-ai payanpaduthalaam?,supported_cards_and_currencies,supported_cards_and_currencies,True
886,Ennidam amerikkaavai serntha veru oru kadan card mattume ullathu. athu etrukkollappaduma?,supported_cards_and_currencies,atm_support,False
887,"Ennidam veru oru amerikka card mattume irunthaal, athai neenga etrukkolla mudiyuma?",supported_cards_and_currencies,country_support,False
888,Enoda account-la cash serppatharku naan enoda American Express card-ai payanpaduthalaama?,supported_cards_and_currencies,supported_cards_and_currencies,True
889,Neenga etrukkollum attaigal matrum naanayangal evai என்று enakku solla mudiyuma?,supported_cards_and_currencies,fiat_currency_support,False
890,Enoda account-la cash serppatharku naan American Express card-ai payanpaduthalaama?,supported_cards_and_currencies,supported_cards_and_currencies,True
891,Amerikkaavai serntha enoda matraiya card-ai neenga etrukkolveergala?,supported_cards_and_currencies,card_acceptance,False
892,Attaigal matrum naanayangal thodarbaha evai etrukkollappaduguthu?,supported_cards_and_currencies,fiat_currency_support,False
893,Enoda matraiya card-ai neenga etrukkolveergala?,supported_cards_and_currencies,card_acceptance,False
894,Enoda American Express card moolam enoda account-la cash serkka virumbugiren.,supported_cards_and_currencies,supported_cards_and_currencies,True
895,Neenga entha attaigalai aatharikkireenga? enoda kadan card-ai payanpaduthi cash nirappa virumbugiren.,supported_cards_and_currencies,card_acceptance,False
896,Ennenna kadan attaigal etrukkollappaduguthu?,supported_cards_and_currencies,age_limit,False
897,Neenga ennenna attaigal matrum currencies-ai aatharikkireenga?,supported_cards_and_currencies,supported_cards_and_currencies,True
898,Enoda American Express card-la irunthu enoda kanakkirku panathai eppadi maatruvathu?,supported_cards_and_currencies,supported_cards_and_currencies,True
899,Enoda account-la cash serppatharku naan American Express card-ai eppadi payanpaduthalaam?,supported_cards_and_currencies,supported_cards_and_currencies,True
900,"Cash serkkumpothu, neenga aerkura currencies enna?",supported_cards_and_currencies,fiat_currency_support,False
901,Entha vagaiyaana currencies accept pannappaduthu?,supported_cards_and_currencies,supported_cards_and_currencies,True
902,US credit cards accept pannappaduma?,supported_cards_and_currencies,supported_cards_and_currencies,True
903,"Naan cash add panna virumburen, aana neenga enna currencies accept pannreengannu enakku theriyala, enakku solla mudiyuma?",supported_cards_and_currencies,supported_cards_and_currencies,True
904,"Neenga yen American Express support pannala? Athu enakku pidicha, naan adikkadi use panra card, enakku vera card vanga viruppam illai.",supported_cards_and_currencies,supported_cards_and_currencies,True
905,Entha cards matrum currency support pannappaduthunnu enakku sollunga.,supported_cards_and_currencies,supported_cards_and_currencies,True
906,Neenga ella cards matrum currencies-aiyum support pannreengala?,supported_cards_and_currencies,supported_cards_and_currencies,True
907,Top up panna naan entha credit illathu debit cards-ai use pannalaam?,supported_cards_and_currencies,supported_cards_and_currencies,True
908,Payment panrathu thodarpaga enakku enna options irukku?,supported_cards_and_currencies,card_payment_not_recognised,False
909,Ennadam US-la irunthu vanga pattu innum oru card thaan irukku. Athu okay-ah?,supported_cards_and_currencies,country_support,False
910,Ithai use panna support pannappadum ella currencies matrum cards enna?,supported_cards_and_currencies,supported_cards_and_currencies,True
911,Top up panna neenga entha cards-ai support pannreenga?,supported_cards_and_currencies,supported_cards_and_currencies,True
912,US Dollars thavira maththa currencies-aiyum neenga accept pannreengala?,supported_cards_and_currencies,supported_cards_and_currencies,True
913,Cash add panna naan entha currency-aiyum use pannalaama?,supported_cards_and_currencies,supported_cards_and_currencies,True
914,Cash add panna enoda currency okay-ah?,supported_cards_and_currencies,supported_cards_and_currencies,True
915,Entha cards matrum currencies pothumanathaaga irukkum?,supported_cards_and_currencies,supported_cards_and_currencies,True
916,Enoda account-la cash add panna naan American Express-ai eppadi use pannalaam?,supported_cards_and_currencies,supported_cards_and_currencies,True
917,Entha cards matrum currencies support pannappaduthu?,supported_cards_and_currencies,supported_cards_and_currencies,True
918,Top up panrathukku neenga entha currencies illathu cards-ai support pannreenga?,supported_cards_and_currencies,supported_cards_and_currencies,True
919,Neenga entha cards matrum currencies-ai support pannreenga?,supported_cards_and_currencies,supported_cards_and_currencies,True
920,Enoda virtual card-ai naan engu peralaam?,getting_virtual_card,getting_virtual_card,True
921,Oru virtual card-ai eppadi peruvathu?,getting_virtual_card,getting_virtual_card,True
922,Virtual card-ai naan engu kaanalaam?,getting_virtual_card,getting_virtual_card,True
923,Virtual card onrai vaiththiruppatharkana option irukkiraatha?,getting_virtual_card,getting_virtual_card,True
924,"Enakku physical card vaendamna, naan athan virtual version-ai peralaama?",getting_virtual_card,order_physical_card,False
925,"Naan oru virtual card request pannen, aana athu kaattapadala. Yen?",getting_virtual_card,getting_virtual_card,True
926,Oru virtual card-ai eppadi order panrathunnu enakku solla mudiyuma?,getting_virtual_card,getting_virtual_card,True
927,Virtual card engu irukku?,getting_virtual_card,getting_virtual_card,True
928,Virtual card endral enna?,getting_virtual_card,getting_virtual_card,True
929,Naan eppadi virtual card-ai peruvathu?,getting_virtual_card,getting_virtual_card,True
930,Naan oru virtual card-ai engirundhu order seivadhu?,getting_virtual_card,getting_virtual_card,True
931,Enakku yaen innum oru virtual card kidaikkala?,getting_virtual_card,getting_virtual_card,True
932,Naan eppadi virtual card-kalai order seivadhu?,getting_virtual_card,getting_virtual_card,True
933,Naan engae oru virtual card-ai order seiyalaam endru enakku solla mudiyuma?,getting_virtual_card,getting_virtual_card,True
934,Enakku oru virtual card pettrukkollvadhu saathiyama?,getting_virtual_card,getting_virtual_card,True
935,Naan virtual card order seiyum idam idhudhaana?,getting_virtual_card,getting_virtual_card,True
936,Oru virtual card-ai pettrukkollvadharkkaana vazhimuraigal enna?,getting_virtual_card,getting_virtual_card,True
937,Oru virtual card-ai pettrukkolla enakku udhavungal,getting_virtual_card,getting_virtual_card,True
938,Virtual card engae irukkiradhu?,getting_virtual_card,getting_virtual_card,True
939,Naan engae oru virtual card-ai order seiyalaam?,getting_virtual_card,getting_virtual_card,True
940,Enoda virtual card-ai naan engae pettrukkollvadhu?,getting_virtual_card,getting_virtual_card,True
941,Enakku oru virtual card vaendum!,getting_virtual_card,getting_virtual_card,True
942,Enakku andha virtual card-galil ondru vaendum!,getting_virtual_card,getting_virtual_card,True
943,Virtual card-gal pettrukkolla koodiyadhaga irukkiradha?,getting_virtual_card,getting_virtual_card,True
944,Oru virtual card-irkku padhivu seiya enakku udhava mudiyuma?,getting_virtual_card,getting_virtual_card,True
945,Minnanchel moolam card-in nagalai naan pettrukkolla mudiyuma?,getting_virtual_card,getting_spare_card,False
946,Virtual card-ai naan engae kandarivadhu?,getting_virtual_card,getting_virtual_card,True
947,Ennidham yaen oru virtual card illai?,getting_virtual_card,getting_virtual_card,True
948,Naan eppadi oru virtual card-ai order seivadhu?,getting_virtual_card,getting_virtual_card,True
949,"Enakku oru virtual card kidaikkum endru ninaithaen, aanal enakku innum adhu kidaikkala, idhai naam eppadi theerppadhu?",getting_virtual_card,getting_virtual_card,True
950,Dhayavuseidhu enakku oru virtual card pettrukkolla udhavungal.,getting_virtual_card,getting_virtual_card,True
951,Naan oru virtual card-ai order seiya mudiyuma?,getting_virtual_card,getting_virtual_card,True
952,Oru virtual card-ai pettrukkolla naan engae poga vaendum?,getting_virtual_card,getting_virtual_card,True
953,Virtual card-gal engae irukkindrana?,getting_virtual_card,getting_virtual_card,True
954,Enakku oru virtual card thaevai - naan engae ondrai vaangalaam?,getting_virtual_card,getting_virtual_card,True
955,Enoda virtual card enakku eppodhu kidaikka vaendum?,getting_virtual_card,getting_virtual_card,True
956,Enoda virtual card-ai naan meendum order seiya vaendum!,getting_virtual_card,getting_virtual_card,True
957,Naan engae oru virtual card-ai pettrukkollalaam?,getting_virtual_card,getting_virtual_card,True
958,Oru virtual card-ai pettrukkolla aedhaenum vazhi irukkiradha?,getting_virtual_card,getting_virtual_card,True
959,Enakku virtual card-galil ondru kidaikkalaama?,getting_virtual_card,getting_virtual_card,True
960,Enoda card ulagam muzhuvathum etrukkollappaduma?,card_acceptance,card_acceptance,True
961,Intha card-ai yaarellam etrukkolvaargal?,card_acceptance,card_acceptance,True
962,Ulagam muzhuvathum cash seluthuvatharku enoda card-ai payanpadutha mudiyuma?,card_acceptance,card_acceptance,True
963,Mastercard etrukkollum enthavoru niruvanathilum ithai payanpaduthuvathu pirachinaiyaaga irukkaathu.,card_acceptance,visa_or_mastercard,False
964,Intha card-ai engay payanpaduthalaam?,card_acceptance,card_acceptance,True
965,Enoda card-ai ella idangalilum payanpadutha mudiyuma?,card_acceptance,card_acceptance,True
966,Enoda card-ai naan engu payanpaduthalaam enbathil ethaynum kattupaadugal ullanava?,card_acceptance,card_acceptance,True
967,Entha kadaigalil naan enoda card-ai payanpaduthalaam?,card_acceptance,card_acceptance,True
968,Enoda card-ai naan virumbum entha idathilum payanpadutha mudiyuma?,card_acceptance,card_acceptance,True
969,Enoda card etrukkollappadaatha idangal ethaynum undaa?,card_acceptance,card_acceptance,True
970,Enoda card-ai engu payanpaduthalaam enbatharkana vithigal enna?,card_acceptance,card_acceptance,True
971,Enoda card engu etrukkollappadum என்று ungalukku theriyuma?,card_acceptance,card_acceptance,True
972,Enthentha idangalil naan enoda card-ai payanpaduthalaam?,card_acceptance,card_acceptance,True
973,Enoda card ella idangalilum etrukkollappaduma?,card_acceptance,card_acceptance,True
974,Cash seluthuvatharku enoda card-ai enthentha idangal etrukkollum?,card_acceptance,card_acceptance,True
975,Intha card ella idangalilum velai seiyuma?,card_acceptance,card_acceptance,True
976,Enthentha viyaabaara nilayangal intha card-ai etrukkolgindrana?,card_acceptance,card_acceptance,True
977,Enoda card-ai naan engay payanpaduthalaam?,card_acceptance,card_acceptance,True
978,Entha virpanai nilayangal enoda card-ai etrukkolgindrana?,card_acceptance,card_acceptance,True
979,"Naan Germany-kku payanam seigiren, angay enoda card-ai payanpadutha mudiyuma?",card_acceptance,card_acceptance,True
980,Entha kadaigal enoda credit card-ai koduppanavaaga etrukkollum?,card_acceptance,card_acceptance,True
981,Enoda card-ai payanpadutha mudiyaatha idangal ethaynum undaa?,card_acceptance,card_acceptance,True
982,Ennaal enoda card-ai engu vendumaanalum payanpadutha mudiyuma?,card_acceptance,card_acceptance,True
983,Enoda card-ai engu vendumaanalum payanpaduthalaama?,card_acceptance,card_acceptance,True
984,Enoda card-ai engu vendumaanalum payanpaduthuvathu etrukkollathakkathaa?,card_acceptance,card_acceptance,True
985,Enoda card-ai ella idangalilum payanpadutha mudiyuma?,card_acceptance,card_acceptance,True
986,Enoda card engu etrukkollappaduguthu?,card_acceptance,card_acceptance,True
987,Enoda debit card allathu credit card moolam naan engay cash seluthalaam?,card_acceptance,topping_up_by_card,False
988,Enoda card engu velai seiya veendum?,card_acceptance,card_not_working,False
989,Card etrukkollappadum paguthigal,card_acceptance,card_arrival,False
990,Naan card-ai payanpaduthakkoodiya idangal,card_acceptance,atm_support,False
991,Enoda card-ai payanpaduthi naan online kolvanavukalai seyyalama?,card_acceptance,card_acceptance,True
992,Ella viyabaara idangalilum intha card yetrukkollappaduma?,card_acceptance,card_acceptance,True
993,Enthentha idangal enoda card-ai yetrukkollum?,card_acceptance,card_acceptance,True
994,Enoda card-ai naan engum payanpaduthalama?,card_acceptance,card_acceptance,True
995,Aethenum oru viyabaara niruvanam intha card-ai yetrukkolluma?,card_acceptance,card_acceptance,True
996,Eriporul nirappu nilaiyangal enoda card-ai yetrukkolluma?,card_acceptance,card_acceptance,True
997,Ennal intha card-ai engay payanpadutha mudiyum?,card_acceptance,card_acceptance,True
998,Enoda card-ai payanpaduthi naan evatrukku fee seluthalaam?,card_acceptance,card_acceptance,True
999,Enoda card-ai yaarellam yetrukkolgiraargal?,card_acceptance,card_acceptance,True
1000,Enoda top-up rathu seyyappattirukku; enakku cash thirumba kidaikkuma?,top_up_reverted,pending_top_up,False
1001,Thirumba perappatta top-up-ai naan eppadi sariseyvathu?,top_up_reverted,verify_top_up,False
1002,Enoda top-up thirumba perappattullatha enbathai arinthukolla mudiyuma?,top_up_reverted,top_up_failed,False
1003,"Enoda top-up poorthiyadainthathaga kaattiyathu, aanal ippo athu angay illai! ingu enna nadakkuthu?",top_up_reverted,top_up_reverted,True
1004,"Vanakkam, enna nadakkuthu endru enakku theriyala, thavaruthalaga enoda top-up-irkku rendu murai cash seluthivitten, please panathai thirumba pera enakku uthava mudiyuma?",top_up_reverted,top_up_failed,False
1005,Enoda top-up thirumba perappattirukku pol theriyuthu?,top_up_reverted,pending_top_up,False
1006,App enoda top-up-ai yetrukkollavillai.,top_up_reverted,top_up_failed,False
1007,"Naan enoda kanakkirku top-up seythen, muthalil athu uruthipaduthappatta pothilum, ippo cash angay illai! ithu yen nadanthathu, enoda cash engay ponathu?",top_up_reverted,topping_up_by_card,False
1008,"Enoda top-up moolam cash seluthappadala endru ninaikkiren, unga tharappil aethenum pirachinai irunthatha?",top_up_reverted,top_up_failed,False
1009,"Enoda top-up thirumba perappattathu, ithu yen nadanthathu?",top_up_reverted,top_up_failed,False
1010,"Kurainthabatcha iruppukkaga enoda account-la cash seluthinen, aanal app athai yetrukkollavillai.",top_up_reverted,cash_withdrawal_not_recognised,False
1011,Enoda top-up rathu seyyappattullatha endru enakku solla mudiyuma?,top_up_reverted,top_up_failed,False
1012,"Naan top-up seythen, aanal app athai thirumba petruvittathu.",top_up_reverted,top_up_failed,False
1013,Enoda top-up yen rathu seyyappada vendum?,top_up_reverted,top_up_failed,False
1014,Enoda top-up-il oru thirumba perugai yerpattullathu pol theriyuthu.,top_up_reverted,top_up_failed,False
1015,App enoda top-up-ai thirumba petruvittathu.,top_up_reverted,top_up_failed,False
1016,Enoda top-up rathu seyyappattirukku endru ninaikkiren.,top_up_reverted,top_up_failed,False
1017,"Neenga crypto top-up vasathiyai valangugireergall endru nambinen. ithu velai seyvathu pol theriyala. aanal enoda kanakkilirunthu cash kazhikkappattirukku, enna nadakkuthu?",top_up_reverted,top_up_failed,False
1018,"Naan top-up seythen, aanal app athai thirumba petruvittathu.",top_up_reverted,top_up_failed,False
1019,"Naan top-up seyya sendren, aanal athu ippo angay illai. athu thiruppi anuppappattuvittatha?",top_up_reverted,top_up_failed,False
1020,Enoda top-up-ku enna nadanthathu?,top_up_reverted,top_up_failed,False
1021,Enoda top-up yen thirumba perappattathu endru enakku solla mudiyuma?,top_up_reverted,top_up_failed,False
1022,Enna kaaranathirkaga oru top-up thirumba perappattu enoda kanakkirku thiruppi anuppapadum?,top_up_reverted,pending_top_up,False
1023,"Naan top-up seithapothu, app enoda panathai thirumba petrathu.",top_up_reverted,top_up_failed,False
1024,Enoda top-up rathu seiyappatta idathirku enna nadanthathu?,top_up_reverted,top_up_failed,False
1025,Naan cryptocurrency moolam top-up seiya muyandren aanaal payment thirumba perappattathu.,top_up_reverted,top_up_failed,False
1026,App enoda top-up-ai thirumba petrathu.,top_up_reverted,top_up_failed,False
1027,Naan top-up seithapothu app enoda seyalpaattai thirumba petrathu.,top_up_reverted,top_up_failed,False
1028,Enoda top-up thirumba perappattatha?,top_up_reverted,pending_top_up,False
1029,"Enoda top-up rathu seiyappattullathai naan kaankiren, aanaal yen?",top_up_reverted,top_up_failed,False
1030,Enoda top-up rathu seiyappattullatha endru ungalukku theriyuma?,top_up_reverted,top_up_failed,False
1031,Enoda top-up rathu seiyappattullatha?,top_up_reverted,top_up_failed,False
1032,Enoda top-up thirumba perappattathu.,top_up_reverted,pending_top_up,False
1033,Top-up rathu seiyappaduvatharkana kaaranangal,top_up_reverted,top_up_failed,False
1034,Naan top-up seithathai app thirumba petrathu.,top_up_reverted,top_up_failed,False
1035,Enoda top-up thirumba perappattullatha?,top_up_reverted,pending_top_up,False
1036,"Enoda top-up rathu seiyappattathaal naan migavum kavalaiyadainthullen, atharkana kaaranam enakku theriyala.",top_up_reverted,pending_top_up,False
1037,Enoda top-up rathu seiyappattirukku.,top_up_reverted,pending_top_up,False
1038,Enoda kadaisi transaction-la enoda top-up vetriyalikavillai endru thondruguthu.,top_up_reverted,top_up_failed,False
1039,Please enoda top-up yen rathu seiyappattathu endru naan ariya virumbugiren.,top_up_reverted,top_up_failed,False
1040,"Naan netruthaan cheque-ai payanpaduthi enoda balance-ai update seiya muyandren, aanaal athu velai seithathaga theriyala. Ithu innum vegamaana seyalmuraiyaga irukka vendaama? Etho thavaru nadanthullathaal please enoda account-ai saripaarkkavum.",balance_not_updated_after_cheque_or_cash_deposit,balance_not_updated_after_cheque_or_cash_deposit,True
1041,Enoda deposit innum enoda account-la yen kaattappadala?,balance_not_updated_after_cheque_or_cash_deposit,balance_not_updated_after_cheque_or_cash_deposit,True
1042,Enoda account-ai samanalaippadutha naan cheque payanpaduthiyathaal enoda account update seiyappadamal iruppatharku aethenum kaaranam ullatha?,balance_not_updated_after_cheque_or_cash_deposit,top_up_by_cash_or_cheque,False
1043,"Oru vaarathirku munbu naan seitha deposit yen innum kaattappadala endru enakku theriyala, enakku ippothu cash migavum thevaipaduguthu.",balance_not_updated_after_cheque_or_cash_deposit,balance_not_updated_after_cheque_or_cash_deposit,True
1044,"Naan kittathatta oru vaarathirku munbu cash deposit seithen aanaal athu innum angu illai!! please ithai viraivil sariseiyavum, enakku cash thevai.",balance_not_updated_after_cheque_or_cash_deposit,balance_not_updated_after_cheque_or_cash_deposit,True
1045,Enoda cash deposit engay?,balance_not_updated_after_cheque_or_cash_deposit,balance_not_updated_after_cheque_or_cash_deposit,True
1046,Enoda account-la cash deposit-ai kaattuvathu eppadi?,balance_not_updated_after_cheque_or_cash_deposit,balance_not_updated_after_cheque_or_cash_deposit,True
1047,Indru kaalai naan deposit seitha cash eppothu payanpaattirku varum endru naan paarppathu?,balance_not_updated_after_cheque_or_cash_deposit,balance_not_updated_after_cheque_or_cash_deposit,True
1048,Indru kaalai vaikkappatta cash innum account-la varavu vaikkappadala.,balance_not_updated_after_cheque_or_cash_deposit,balance_not_updated_after_cheque_or_cash_deposit,True
1049,Naan sameepathil deposit seitha cheque-ilirunthu vara vendiya cash engay?,balance_not_updated_after_cheque_or_cash_deposit,balance_not_updated_after_cheque_or_cash_deposit,True
1050,"Enoda account-la cash vaipilidappattathu, aanal athu innum kaattavillai.",balance_not_updated_after_cheque_or_cash_deposit,balance_not_updated_after_cheque_or_cash_deposit,True
1051,"Naan kaasolaigalaiyum panathaiyum vaipilidum pothu, enoda account meethi puthupikkappaduvathillai.",balance_not_updated_after_cheque_or_cash_deposit,age_limit,False
1052,"Naan indru kaalai oru vaipu seithen, aanal athu innum pending-la ullatha?",balance_not_updated_after_cheque_or_cash_deposit,pending_transfer,False
1053,Enoda account-la seiyappatta pana vaipu oru echarikkai adaiyaalathai kaattuthu.,balance_not_updated_after_cheque_or_cash_deposit,card_payment_not_recognised,False
1054,"Naan enoda account-la cash seluthiyullen, aanal athu kaattavillai.",balance_not_updated_after_cheque_or_cash_deposit,cash_withdrawal_not_recognised,False
1055,Naan vaipuseitha pinnar enoda kanakkin meethi puthupikkappadala.,balance_not_updated_after_cheque_or_cash_deposit,get_physical_card,False
1056,Enoda kanakkirku kaasolaigal aetrukkollappaduma? Ennudaiyathu velai seiyala pol therikirathu.,balance_not_updated_after_cheque_or_cash_deposit,top_up_failed,False
1057,"Naan oru kaasolaiyai vaipilitten, aanal enoda account meethi innum appadiyethaan irukku.",balance_not_updated_after_cheque_or_cash_deposit,balance_not_updated_after_cheque_or_cash_deposit,True
1058,Pana vaippilirunthu enoda account puthupikkappaduvatharkaga naan innum kaathukondirukkirena?,balance_not_updated_after_cheque_or_cash_deposit,pending_transfer,False
1059,"Naan sila naatkaluku munpu oru kaasolaiyai samarppithen, enoda account-la innum ethuvum nadakkala. Saathiyamaana pirachinai ennavendru please saripaarka mudiyuma?",balance_not_updated_after_cheque_or_cash_deposit,balance_not_updated_after_cheque_or_cash_deposit,True
1060,Enoda vaipu engay?,balance_not_updated_after_cheque_or_cash_deposit,atm_support,False
1061,Naan sameepathil seitha pana vaipai enoda vangi statement kaattavillai.,balance_not_updated_after_cheque_or_cash_deposit,Refund_not_showing_up,False
1062,Oru vaarathirku munpu naan seitha pana vaipu innum kaattavillai. Enaku cash thevai - ithai evvalavu viraivaga ungalaal sariseiya mudiyum?,balance_not_updated_after_cheque_or_cash_deposit,pending_top_up,False
1063,Enoda cash allathu kaasolai vaipuku pinnar enoda account meethi yaen puthupikkappadala?,balance_not_updated_after_cheque_or_cash_deposit,topping_up_by_card,False
1064,Pana vaipu yaen enoda account-la kaattavillai?,balance_not_updated_after_cheque_or_cash_deposit,balance_not_updated_after_cheque_or_cash_deposit,True
1065,"Naan cash matrum kaasolai vaipu seithen, athu enoda account meethiyudan serkkappadala.",balance_not_updated_after_cheque_or_cash_deposit,balance_not_updated_after_cheque_or_cash_deposit,True
1066,Kaasolaiyai vaipilitta piragum enoda account meethi yaen athigarikkala?,balance_not_updated_after_cheque_or_cash_deposit,age_limit,False
1067,Enoda account yaen pana vaipugalai aetrukkollvathillai?,balance_not_updated_after_cheque_or_cash_deposit,age_limit,False
1068,Enoda account-la vaipilida naan muyarsitha panathirku enna nadanthathu? Athu poivittathu!,balance_not_updated_after_cheque_or_cash_deposit,balance_not_updated_after_cheque_or_cash_deposit,True
1069,"Naan oru kaasolaiyai vaipilitten, aanal naan innum panathai kaanavillai.",balance_not_updated_after_cheque_or_cash_deposit,Refund_not_showing_up,False
1070,"Oru kaasolai vaipu enoda account-la innum varavu vaikkappadala, enoda account meethi eppothu puthupikkappadum?",balance_not_updated_after_cheque_or_cash_deposit,balance_not_updated_after_cheque_or_cash_deposit,True
1071,"Enoda account-la oru pana vaippai samarppithen, aanal athu innum varavu vaikkappadala.",balance_not_updated_after_cheque_or_cash_deposit,balance_not_updated_after_cheque_or_cash_deposit,True
1072,"Naan sila naatkaluku munpu oru kaasolaiyai anuppinen, enoda account-la innum ethuvum nadakkala. Please ithai enaku saripaarka mudiyuma?",balance_not_updated_after_cheque_or_cash_deposit,balance_not_updated_after_cheque_or_cash_deposit,True
1073,"Naan panathai peruvatharkaga, naan vaipilitta kaasolai theerkkappattuvittatha?",balance_not_updated_after_cheque_or_cash_deposit,fiat_currency_support,False
1074,Kaasolai vaipugalai seiyalakka evvalavu neram edukkum?,balance_not_updated_after_cheque_or_cash_deposit,pending_top_up,False
1075,Enoda pana vaipu yaen kaattavillai? Ithu sariyaga irukka mudiyathu. Etho thavaru nadanthirukka vendum. Enoda cash engay ponathu? Enaku intha cash avasaramaaga thevaipaduvathaal neenga athai tholaithirukka maateergall endru nambukiren.,balance_not_updated_after_cheque_or_cash_deposit,atm_support,False
1076,"Naan indru kaalai panathai vaipilitten, innum kaathutu irukken.",balance_not_updated_after_cheque_or_cash_deposit,cancel_transfer,False
1077,Kaasolai allathu pana vaippai thodarnthu account meethi puthupikkappadala.,balance_not_updated_after_cheque_or_cash_deposit,age_limit,False
1078,"Enoda account-la sirithu panathai vaipilida muyandren, aanal athu angu illai.",balance_not_updated_after_cheque_or_cash_deposit,wrong_amount_of_cash_received,False
1079,"Naan sila naatkaluku munpu ungaluku oru kaasolaiyai anuppinen, enoda account-la innum ethuvum nadakkala! Ithu aetrukkolla mudiyathathu, enoda cash engay??",balance_not_updated_after_cheque_or_cash_deposit,balance_not_updated_after_cheque_or_cash_deposit,True
1080,Enoda statement la oru vithyasamana payment iruku.,card_payment_not_recognised,card_payment_not_recognised,True
1081,Enoda card la naan pannatha oru charge iruku.,card_payment_not_recognised,card_payment_not_recognised,True
1082,Naan pannatha oru payment ah pathen.,card_payment_not_recognised,card_payment_not_recognised,True
1083,App la enodathu illatha oru payment iruku. Please advise pannunga.,card_payment_not_recognised,card_payment_not_recognised,True
1084,Enoda app la oru unauthorized payment iruku.,card_payment_not_recognised,card_payment_not_recognised,True
1085,Intha card payment ah naan pannala.,card_payment_not_recognised,card_payment_not_recognised,True
1086,Naan pannatha oru payment ah partha naan enna pannanum?,card_payment_not_recognised,card_payment_not_recognised,True
1087,Oru unauthorized card payment ah naan pathen.,card_payment_not_recognised,reverted_card_payment?,False
1088,Enoda account la naan pannatha oru transaction iruku.,card_payment_not_recognised,direct_debit_payment_not_recognised,False
1089,Naan antha payment panna mathiri enakku nyabagam illaye?,card_payment_not_recognised,card_payment_not_recognised,True
1090,"Enoda card la konjam payments nadanthuruku, athu enga irunthu varuthune theriyala. Innaiku thaan check pannen, ithu rendu naala nadakuthu! Naan enna pannanum? Itha naan revert panna mudiyuma? Enoda card ah udane freeze pannanum!",card_payment_not_recognised,card_payment_not_recognised,True
1091,Yaaravathu enoda card ah use pannitangala? Naan pannatha payments app la kaatuthu.,card_payment_not_recognised,card_payment_not_recognised,True
1092,"Rendu moonu naalaiku munnadi enoda card la naan pannatha sila vithyasamana charges iruku. Enoda card tholanjiducha, apdina naan atha cancel pannanuma? Enaku intha charges refund kidaikuma?",card_payment_not_recognised,request_refund,False
1093,Enaku theriyatha oru payment enoda account la yen iruku?,card_payment_not_recognised,card_payment_not_recognised,True
1094,Naan pannatha oru payment iruku.,card_payment_not_recognised,card_payment_not_recognised,True
1095,Enodathu illatha oru payment iruku.,card_payment_not_recognised,card_payment_not_recognised,True
1096,Enoda account ah freeze panna mudiyuma? Enoda account la enaku theriyatha transactions irukuratha ippo thaan pathen. Itha eppadi fix panrathu?,card_payment_not_recognised,compromised_card,False
1097,Enaku theriyatha oru card payment iruku.,card_payment_not_recognised,card_payment_not_recognised,True
1098,Enaku oru card payment theriyala.,card_payment_not_recognised,card_payment_not_recognised,True
1099,Naan pannatha payment,card_payment_not_recognised,card_payment_not_recognised,True
1100,"Please enoda card ah freeze pannunga, athula konjam payments nadanthuruku, athu ethuku nu theriyama naan bayama iruken.",card_payment_not_recognised,card_payment_not_recognised,True
1101,Enoda statement la oru fraudulent charge iruku nu nenaikiren.,card_payment_not_recognised,extra_charge_on_statement,False
1102,"Enoda card la ippo nadantha oru payment pathi enaku kavalaiya iruku. Antha transaction pona name enaku theriyala, enaku help panna mudiyuma?",card_payment_not_recognised,card_payment_not_recognised,True
1103,"Naan pannatha transactions ah enoda account la irunthu remove panna enna pannanum? Enoda card compromise aayiduchu pola, udane freeze pannanum!",card_payment_not_recognised,compromised_card,False
1104,Enoda account la thappa oru payment list aayiruku.,card_payment_not_recognised,card_payment_not_recognised,True
1105,Enoda card la naan pannatha payments ku naan enna panna mudiyum? Itha kandupidikiravarai enoda card ah freeze pannunga please.,card_payment_not_recognised,lost_or_stolen_card,False
1106,Enaku oru card payment theriyala.,card_payment_not_recognised,card_payment_not_recognised,True
1107,Enoda statement la oru unauthorized transaction iruku.,card_payment_not_recognised,extra_charge_on_statement,False
1108,App la enodathu illatha oru payment iruku.,card_payment_not_recognised,card_payment_not_recognised,True
1109,Intha transaction enga irunthu vanthuthune theriyala?,card_payment_not_recognised,transfer_not_received_by_recipient,False
1110,Enoda kanakil naan seithathaga gnabagam illatha oru fee-ai kaankiren. Enoda account thirudappattirukkalaam endru naan ninaikkiren.,card_payment_not_recognised,direct_debit_payment_not_recognised,False
1111,"Enoda card-il kaattapadum intha payment-ai naan seiyala endru enakku theriyum, intha nabarai enakku gnabagame illai.",card_payment_not_recognised,card_payment_not_recognised,True
1112,Yaaro enoda card-ai payanpaduthi etho vaangiyirukkiraargal.,card_payment_not_recognised,card_acceptance,False
1113,"Enoda card-il anmaiyil oru fee vasoolikkappattirukku, athai naan seiyala endru enakku theriyum, yenendral intha peyarai naan itharku mun paarthathe illai. Ithai naanga visaarikkalaama?",card_payment_not_recognised,direct_debit_payment_not_recognised,False
1114,"Enoda card payment-gal sila, naan porutkalai vaangiya idathilirunthu verupattathaga thondrugindrana. Athu yen?",card_payment_not_recognised,declined_card_payment,False
1115,Enoda account statement-il oru vithiyasamana payment ullathu. Naan enna seiya vendum?,card_payment_not_recognised,card_payment_not_recognised,True
1116,Naan seiyatha oru kolmuthal seiyappattirukku endru ninaikkiren.,card_payment_not_recognised,direct_debit_payment_not_recognised,False
1117,Enoda account statement-il oru mosadiyana fee ullathu.,card_payment_not_recognised,extra_charge_on_statement,False
1118,Enoda kanakil naan seiyatha antha payment enna?,card_payment_not_recognised,card_payment_not_recognised,True
1119,Enoda account statement-il enakku adaiyaalam theriyatha oru payment ullathu.,card_payment_not_recognised,card_payment_not_recognised,True
1120,"Pathivilulla mugavariyil naan ippothu vasippathillai, athai naan eppadi maatruvathu?",edit_personal_details,receiving_money,False
1121,Enoda mugavariyai eppadi maatruvathu?,edit_personal_details,receiving_money,False
1122,Enoda vibarangalai naan eppadi puthuppippathu?,edit_personal_details,edit_personal_details,True
1123,Enoda mugavari thiruthappada vendum.,edit_personal_details,edit_personal_details,True
1124,"Thirumanam mudinthuvittathu, kanakkin peyarai maatra vendum.",edit_personal_details,edit_personal_details,True
1125,Enoda mugavari maarivittathu.,edit_personal_details,edit_personal_details,True
1126,"Thirumanam mudinthuvittathu, peyarai maatra vendum.",edit_personal_details,edit_personal_details,True
1127,Enoda thanippatta vibarangalai maatra virumbugiren.,edit_personal_details,receiving_money,False
1128,Naan kudipeyarnthuvitten. Enoda vibarangalai naan puthuppikka vendum.,edit_personal_details,cancel_transfer,False
1129,Enoda kanakkin thanippatta vibarangal paguthiyai naan thirutha vendum.,edit_personal_details,verify_source_of_funds,False
1130,Naan kudipeyarntha piragu enoda thanippatta thagavalgalai enga maatralaam?,edit_personal_details,verify_source_of_funds,False
1131,Enoda vibarangalai maatra naan enga sella vendum?,edit_personal_details,verify_source_of_funds,False
1132,Enoda thagavalgalai naan eppadi maatruvathu?,edit_personal_details,receiving_money,False
1133,Enoda account vibarangalai naan maatra vendum.,edit_personal_details,cancel_transfer,False
1134,Naan kudipeyarnthuvitten. Enoda vibarangalai enga puthuppippathu?,edit_personal_details,verify_source_of_funds,False
1135,"Naan idam maarivitten, enoda thanippatta vibarangalai maatra vendum.",edit_personal_details,cancel_transfer,False
1136,Enoda thanippatta vibarangalai naan puthuppikka vendum.,edit_personal_details,verify_source_of_funds,False
1137,Enoda mugavari maarivittathu. Athai eppadi therivippathu?,edit_personal_details,verify_my_identity,False
1138,Enoda thagavalgalai naan puthuppikka vendum.,edit_personal_details,edit_personal_details,True
1139,Enoda vibarangalai naan eppadi maatralaam?,edit_personal_details,edit_personal_details,True
1140,Enoda peyarai maatruvatharku naan enna seyya veendum?,edit_personal_details,receiving_money,False
1141,"Enoda mugavari maariyullathu, athai naan maatravendum.",edit_personal_details,cancel_transfer,False
1142,Enoda thanippatta suyavivarathai update seyya naan engay poga veendum?,edit_personal_details,atm_support,False
1143,App moolam enoda personal details-ai edit seyya mudiyuma?,edit_personal_details,edit_personal_details,True
1144,Enoda details-ai naan eppadi maatralaam?,edit_personal_details,edit_personal_details,True
1145,Enoda account-il enoda last name-ai maatruvatharku enakku uthavi thevai.,edit_personal_details,edit_personal_details,True
1146,Enoda current address details-ai naan eppadi update seivathu?,edit_personal_details,edit_personal_details,True
1147,Name-ai eppadi maatruvathu?,edit_personal_details,edit_personal_details,True
1148,Enakku kalyanam aagivittathaal enoda peyarai maatravendum.,edit_personal_details,edit_personal_details,True
1149,Enoda address-ai maatra virumbugireen.,edit_personal_details,edit_personal_details,True
1150,Name-ai eppadi maatruvathu?,edit_personal_details,edit_personal_details,True
1151,Enoda details-ai naan maatra mudiyuma?,edit_personal_details,edit_personal_details,True
1152,Enoda current address-ai naan update seyya veendum.,edit_personal_details,edit_personal_details,True
1153,Naan shift aagivitteen. enoda details-ai engay update seyya mudiyum?,edit_personal_details,edit_personal_details,True
1154,Enoda peyarai maatra virumbugireen.,edit_personal_details,edit_personal_details,True
1155,Post office-il irunthu address change form varum varai naan kaathirukka veenduma?,edit_personal_details,edit_personal_details,True
1156,"Enoda peyarai maatravendum, naan enna seyya veendum?",edit_personal_details,edit_personal_details,True
1157,Enoda personal details-ai naan eppadi edit seyya mudiyum?,edit_personal_details,edit_personal_details,True
1158,Enoda address-ai eppadi maatruvathu?,edit_personal_details,edit_personal_details,True
1159,Enoda account-il ulla address-ai maatruvatharku naan enna seyya veendum?,edit_personal_details,edit_personal_details,True
1160,Enoda identity-ai patri een ivvalavu details keetkireergal?,why_verify_identity,why_verify_identity,True
1161,Enoda identity-ai verify seyya enakku viruppam illai.,why_verify_identity,why_verify_identity,True
1162,Enoda account-il log in seiyum ovvoru muraiyum identity-ai verify seyya veenduma?,why_verify_identity,why_verify_identity,True
1163,Naan een enoda identity-ai verify seyya veendum?,why_verify_identity,why_verify_identity,True
1164,Identity-ai verify seiyum munbu ennaal transfers seyya mudiyuma?,why_verify_identity,why_verify_identity,True
1165,Enoda identity-ai verify seiyavendiya avasiyam enna?,why_verify_identity,why_verify_identity,True
1166,Naan identity check-ai seyya veenduma?,why_verify_identity,why_verify_identity,True
1167,Identity-ai verify seiyaamal enoda account-ai payanpadutha mudiyuma?,why_verify_identity,why_verify_identity,True
1168,Identity verification een mandatory-aaga ullathu?,why_verify_identity,why_verify_identity,True
1169,Naan identity check-ai seyya veenduma?,why_verify_identity,why_verify_identity,True
1170,Naan adaiyaala urudhipaduthalai seiyamal irukka virumbugiren.,why_verify_identity,verify_my_identity,False
1171,"Adaiyaala urudhipaduthal innum therchi peradhapodhum, naan innum enoda account-ai payanpaduthalaama?",why_verify_identity,verify_my_identity,False
1172,Enoda adaiyaala vibarangal anaithum ungaluku yen thevaipadugindrana?,why_verify_identity,why_verify_identity,True
1173,Enoda adaiyaalathai urudhipadutha ungaluku yen ivvalavu thagavalgal thevaipadugindrana?,why_verify_identity,verify_my_identity,False
1174,Adaiyaala sodhanaiyin nokkam enna?,why_verify_identity,verify_my_identity,False
1175,Enoda adaiyaalathai patri ivvalavu thagavalgalai nirappa vendiyiruppadhu enakku pidikkala.,why_verify_identity,verify_my_identity,False
1176,Adaiyaala sodhanaiyin payan enna?,why_verify_identity,verify_my_identity,False
1177,Enoda adaiyaalathai neenga yen therindhu kolla vendum?,why_verify_identity,verify_my_identity,False
1178,"Adaiyaala urudhipaduthal innum mudivadaiyadha nilaiyilum, naan ippodhu enoda account-ai payanpaduthalaama?",why_verify_identity,verify_my_identity,False
1179,Enoda account-ai payanpadutha naan enoda adaiyaalathai urudhipadutha venduma?,why_verify_identity,verify_my_identity,False
1180,Naan yen adaiyaala sodhanai seiya vendum?,why_verify_identity,verify_my_identity,False
1181,Ennidham yen adaiyaala sodhanai seiyak ketkapadugiradhu?,why_verify_identity,verify_my_identity,False
1182,Adaiyaala urudhipaduthal mudivadhavarku munbu naan transactions-ai seiyalaama?,why_verify_identity,verify_my_identity,False
1183,Naan unmaiyilaye enoda adaiyaalathai urudhipadutha venduma?,why_verify_identity,verify_my_identity,False
1184,Enoda adaiyaala vibarangal anaithaiyum naan yen ungaluku vazhanga vendum?,why_verify_identity,why_verify_identity,True
1185,Ungaluku yen ivvalavu adaiyaala vibarangal thevaipadugindrana?,why_verify_identity,why_verify_identity,True
1186,"Enoda adaiyaalam urudhipaduthapadadhadhal, naan eppodhu enoda account-ai payanpaduthalaam?",why_verify_identity,card_acceptance,False
1187,Naan enoda adaiyaalathai urudhipadutha maatten.,why_verify_identity,verify_my_identity,False
1188,Enoda adaiyaalathai urudhipaduthuvadhai thavirkka virumbugiren.,why_verify_identity,verify_my_identity,False
1189,Enoda adaiyaalathai urudhipadutha naan virumbavillai.,why_verify_identity,verify_my_identity,False
1190,Naan yen enoda adaiyaalathai urudhipadutha vendum?,why_verify_identity,verify_my_identity,False
1191,Adaiyaala sodhanai endral enna?,why_verify_identity,verify_my_identity,False
1192,Enoda adaiyaalathai urudhipadutha veru enna muraigal ullana?,why_verify_identity,verify_my_identity,False
1193,Naan enoda adaiyaalathai urudhipadutha venduma?,why_verify_identity,verify_my_identity,False
1194,Enoda account-ai payanpadutha virumbum ovvoru muraiyum naan enoda adaiyaalathai urudhipadutha venduma?,why_verify_identity,verify_my_identity,False
1195,Adaiyaala urudhipaduthal mudivadaiyaavittal naan enoda account-ai payanpaduthalaama?,why_verify_identity,verify_my_identity,False
1196,Endhau adaiyaalathai urudhipaduthumaaru adhu yen ennai ketkiradhu?,why_verify_identity,verify_my_identity,False
1197,Naan enoda adaiyaalathai urudhipadutha venduma?,why_verify_identity,verify_my_identity,False
1198,Ennaip patri neenga yen ivvalavu therindhu kolla vendum?,why_verify_identity,why_verify_identity,True
1199,Naan yen enoda adaiyaalathai urudhipadutha vendiyirundhadhu?,why_verify_identity,verify_my_identity,False
1200,Ennal enoda adaiyaalathai uruthipadutha mudiyala.,unable_to_verify_identity,verify_my_identity,False
1201,Enoda adaiyaalathai niroobipatharku thevaiaanavai ennidam illai.,unable_to_verify_identity,verify_my_identity,False
1202,Naan solvathu naanthaan entru intha app yen nambavillai?,unable_to_verify_identity,unable_to_verify_identity,True
1203,Enoda adaiyaalathai uruthipaduthuvathil enakku pirachinai yerpadukirathu.,unable_to_verify_identity,verify_my_identity,False
1204,Enoda adaiyaala uruthipaduthal tholviyadainthaal naan enna seyya veendum?,unable_to_verify_identity,verify_my_identity,False
1205,Enoda adaiyaalathai uruthipaduthuvathu saathiyamattrathaka ullathu.,unable_to_verify_identity,verify_my_identity,False
1206,Ithu naanthaan entru intha app-ku therieavillai.,unable_to_verify_identity,unable_to_verify_identity,True
1207,Enoda adaiyaala card-ai uruthipaduthuvathil enakku pirachinai yerpadukirathu.,unable_to_verify_identity,verify_my_identity,False
1208,App ennai adaiyaalam kaanavillai.,unable_to_verify_identity,verify_my_identity,False
1209,Enoda adaiyaala card-ai uruthipadutha enakku uthavungal.,unable_to_verify_identity,verify_my_identity,False
1210,App enoda adaiyaalathai uruthipadutha thavarivittathu.,unable_to_verify_identity,verify_my_identity,False
1211,Ennal enoda adaiyaala card-ai uruthipadutha mudiyala.,unable_to_verify_identity,verify_my_identity,False
1212,Ennal enoda adaiyaalathai niroobikka mudiyala.,unable_to_verify_identity,verify_my_identity,False
1213,Intha app ennai adaiyaalam kaanavillai.,unable_to_verify_identity,unable_to_verify_identity,True
1214,Enoda adaiyaala card yen uruthipaduthappadala?,unable_to_verify_identity,verify_my_identity,False
1215,Intha app ennai enoda kanakkirkul nulaiya anumathikkala.,unable_to_verify_identity,unable_to_verify_identity,True
1216,Enoda adaiyaalathai niroobippathil enakku pirachinai yerpadukirathu.,unable_to_verify_identity,verify_my_identity,False
1217,Ennal enoda sontha adaiyaalathai niroobikka mudiyala.,unable_to_verify_identity,verify_my_identity,False
1218,Enoda adaiyaala card uruthipaduthappaada maattaathu!,unable_to_verify_identity,verify_my_identity,False
1219,Ithu naanthaan enbathai intha app-ku ennal puriya vaikka mudiyala.,unable_to_verify_identity,unable_to_verify_identity,True
1220,Ennal enoda adaiyaalathai uruthipadutha mudiyala.,unable_to_verify_identity,verify_my_identity,False
1221,Intha app ennai adaiyaalam kaanavillai.,unable_to_verify_identity,unable_to_verify_identity,True
1222,Enoda adaiyaalathai uruthipaduthuvathil enakku siramangal ullana.,unable_to_verify_identity,verify_my_identity,False
1223,Naan thaan athu enbathai intha app nambavillai.,unable_to_verify_identity,unable_to_verify_identity,True
1224,Enoda adaiyaala card-ai uruthipaduthaathatharku enna kaaranam?,unable_to_verify_identity,verify_my_identity,False
1225,Enoda adaiyaala card-ai uruthipadutha enakku enna thevai?,unable_to_verify_identity,verify_my_identity,False
1226,"Naan enoda adaiyaala card-ai uruthipadutha muyantren, aanaal athu ennai anumathikkala.",unable_to_verify_identity,verify_my_identity,False
1227,Ithuthaan enoda unmaiyaana adaiyaalam enbathai intha muttaal muraimaikku naan eppadi kaattuvathu?,unable_to_verify_identity,verify_my_identity,False
1228,Enoda adaiyaalathai valanguvathil naan siramathai ethirkolgiren.,unable_to_verify_identity,verify_my_identity,False
1229,Enoda adaiyaalathai niroobippathil enakku pirachinai yerpadukirathu.,unable_to_verify_identity,verify_my_identity,False
1230,Enoda adaiyaala card uruthippaduththappada evvalavu neram edukkum?,unable_to_verify_identity,verify_my_identity,False
1231,Ennaal yaen enoda adaiyaala card-ai uruthippaduththa mudiyaamal irukku?,unable_to_verify_identity,verify_my_identity,False
1232,Ithu enoda adaiyaalaththai uruthippaduththa ennai anumathikkala.,unable_to_verify_identity,verify_my_identity,False
1233,App athu naan thaan endru ninaikkala.,unable_to_verify_identity,unable_to_verify_identity,True
1234,Enoda adaiyaala card-ai uruthippaduththuvathil enakku yaen pirachchinai eerpadukirathu?,unable_to_verify_identity,verify_my_identity,False
1235,Adaiyaalaththai uruthippaduththuvathil enakku pirachchinaigal ullana.,unable_to_verify_identity,verify_my_identity,False
1236,App ennai enoda kanakkirkul nulaiya anumathikkala.,unable_to_verify_identity,unable_to_verify_identity,True
1237,Ennaal yaen enoda adaiyaalaththai uruthippaduththa mudiyaathu?,unable_to_verify_identity,verify_my_identity,False
1238,Ennaal yaen enoda adaiyaala card-ai uruthippaduththa mudiyaathu?,unable_to_verify_identity,verify_my_identity,False
1239,Eetho oru kaaranaththinaal enoda adaiyaalaththai uruthippaduththuvathil enakku oru pirachchinai eerpadukirathu.,unable_to_verify_identity,verify_my_identity,False
1240,Enoda card pin number-ai naan enna seyya veendum?,get_physical_card,get_physical_card,True
1241,Pin number thaniyaaga anuppappadukirathaa?,get_physical_card,get_physical_card,True
1242,Ennidam enoda pin illai.,get_physical_card,get_physical_card,True
1243,Pin thaniyaagavaa varuthu?,get_physical_card,get_physical_card,True
1244,Enoda pin-ai ennaal kandupidikka mudiyala. athu engay irukkuthu?,get_physical_card,get_physical_card,True
1245,Puthiya card-kkaana enoda pin-ai naan eppadi set pannuvathu?,get_physical_card,change_pin,False
1246,Enoda card pin-ai naan eppadi kandupidikkuthu?,get_physical_card,get_physical_card,True
1247,Enoda card pin app-il save seyyappattullathaa?,get_physical_card,get_physical_card,True
1248,Enoda pin-ai kandupidikka enga paarkkuthu endru enakku theriyala.,get_physical_card,get_physical_card,True
1249,App-il enga enoda puthiya pin patri naan therinthu kollalaam?,get_physical_card,get_physical_card,True
1250,App-il enga enoda pin-ai kandupidikkalaam?,get_physical_card,get_physical_card,True
1251,"Naan ippothuthaan enoda puthiya card-ai petraen, aanaal athan pin-ai eppadi check pannuvathu endru enakku theriyala.",get_physical_card,change_pin,False
1252,Enakku oru pin thevaiyaa?,get_physical_card,get_physical_card,True
1253,"Enoda card-ukku pin thevai endraal, athu enga irukkum?",get_physical_card,get_physical_card,True
1254,Enoda card pin enna?,get_physical_card,get_physical_card,True
1255,Card-in pin patri enna?,get_physical_card,get_physical_card,True
1256,Intha card pin patri?,get_physical_card,get_physical_card,True
1257,"Naan enoda card-ai petraen, aanaal enoda pin-ai peravillai.",get_physical_card,change_pin,False
1258,Ennaal yaen enoda pin-ai paarkka mudiyaathu?,get_physical_card,change_pin,False
1259,Pin set pannuvatharkkaana process enna?,get_physical_card,get_physical_card,True
1260,Enoda PIN number enoda card-oda varutha?,get_physical_card,get_physical_card,True
1261,Card-oda PIN number-ai naan enga paarkalaam?,get_physical_card,get_physical_card,True
1262,Enoda PIN innum yaen kidaikala?,get_physical_card,get_physical_card,True
1263,Enoda PIN enoda account-la engaavathu irukatha?,get_physical_card,get_physical_card,True
1264,"Enoda card PIN-ai kandupidikka thayaiseithu uthavunga, nandri!",get_physical_card,get_physical_card,True
1265,Enoda PIN number enga iruku?,get_physical_card,get_physical_card,True
1266,Enakku innum enoda pin kidaikala.,get_physical_card,get_physical_card,True
1267,Appo card PIN paththi enna?,get_physical_card,get_physical_card,True
1268,Ennala card PIN-ai kandupidikka mudiyala.,get_physical_card,get_physical_card,True
1269,Enakku enoda PIN thevai.,get_physical_card,get_physical_card,True
1270,Enoda PIN-ai naan enga paarkalaam?,get_physical_card,get_physical_card,True
1271,Enoda PIN-ai naan eppo peruvaen?,get_physical_card,get_physical_card,True
1272,Enoda card pin-ai kandupidikka enakku uthavunga!,get_physical_card,get_physical_card,True
1273,PIN thaniyaaga tharappadukiratha?,get_physical_card,get_physical_card,True
1274,Enoda card pin-ai ennala kandupidikka mudiyala.,get_physical_card,get_physical_card,True
1275,PIN peruvatharkku naan enna seyya vaendum?,get_physical_card,get_physical_card,True
1276,Enoda PIN-ai ennala yaen kandupidikka mudiyala?,get_physical_card,get_physical_card,True
1277,Card PIN enga iruku?,get_physical_card,get_physical_card,True
1278,Enoda card-oda PIN enna?,get_physical_card,get_physical_card,True
1279,User pin-ai enga paarkalaam?,get_physical_card,get_physical_card,True
1280,Visa-vai vida enakku Mastercard thaan pidikkum.,visa_or_mastercard,visa_or_mastercard,True
1281,Naan visa card-ukku thaguthiyaanavara?,visa_or_mastercard,visa_or_mastercard,True
1282,Naan eppadi visa card peruvathu?,visa_or_mastercard,visa_or_mastercard,True
1283,Neenga Visa illathu Mastercard accept panreergala?,visa_or_mastercard,visa_or_mastercard,True
1284,Visa matrum Mastercard rendume accept pannappaduma?,visa_or_mastercard,visa_or_mastercard,True
1285,Neenga mastercard illathu visa accept panreergala?,visa_or_mastercard,visa_or_mastercard,True
1286,Visa matrum Mastercard rendume tharappadukiratha?,visa_or_mastercard,visa_or_mastercard,True
1287,Enakku oru visa thara mudiyuma?,visa_or_mastercard,visa_or_mastercard,True
1288,Enakku Visa illathu Mastercard kidaikkuma endru eppadi mudivu seivathu?,visa_or_mastercard,visa_or_mastercard,True
1289,Enakku oru mastercard kidaikkuma?,visa_or_mastercard,visa_or_mastercard,True
1290,Oru Visa credit card-ai peruvatharku naan enna valimuraigalai pinpatra vendum?,visa_or_mastercard,visa_or_mastercard,True
1291,Naan Mastercard ondrai perave virumbugiren.,visa_or_mastercard,visa_or_mastercard,True
1292,Visa matrum Mastercard aagiyavatrirkku idaiye enakku therivu seyya vaaippu kidaikkuma?,visa_or_mastercard,visa_or_mastercard,True
1293,Oru Visa credit card-ai peruvatharku naan enna seyya vendum?,visa_or_mastercard,visa_or_mastercard,True
1294,Naan oru Visa card-aiye virumbugiren.,visa_or_mastercard,visa_or_mastercard,True
1295,Naan Visa matrum Mastercard aagiyavatrirkku idaiye therivu seylama?,visa_or_mastercard,visa_or_mastercard,True
1296,Koduppanavu seyvatharku naan endhavoru card-aiyum payanpadutha anumathi unda?,visa_or_mastercard,getting_spare_card,False
1297,Ennenna card-gal kidaikkakkoodiyathaga ullana?,visa_or_mastercard,atm_support,False
1298,Naan Visa matrum Mastercard irandaiyum pera virumbugiren.,visa_or_mastercard,visa_or_mastercard,True
1299,Ennal enoda card-ai therivu seyya mudiyuma?,visa_or_mastercard,visa_or_mastercard,True
1300,Visa matrum Mastercard aagiya irandume enakku kidaikkuma?,visa_or_mastercard,visa_or_mastercard,True
1301,Neenga Visa allathu Mastercard vazhangugireergala?,visa_or_mastercard,visa_or_mastercard,True
1302,Visa-vukku pathilaga oru Mastercard-ai naan eppadi therivu seyvathu?,visa_or_mastercard,visa_or_mastercard,True
1303,Naan oru Visa card-ukku vinnappikka virumbugiren.,visa_or_mastercard,visa_or_mastercard,True
1304,Visa matrum Mastercard aagiyavatrirkku idaiye therivu seyyum vaaippu enakku kidaikkuma?,visa_or_mastercard,visa_or_mastercard,True
1305,Engalukku Visa matrum Mastercard aagiya irandume thevai.,visa_or_mastercard,visa_or_mastercard,True
1306,Vanakkam. Neenga Visa allathu Mastercard payanpaduthugireergala endru koora mudiyuma?,visa_or_mastercard,visa_or_mastercard,True
1307,Visa allathu Mastercard-ai therivu seyvathu patriya melathiga vibarangalai naan ariya virumbugiren.,visa_or_mastercard,visa_or_mastercard,True
1308,Ungalidam Visa allathu Mastercard ullatha?,visa_or_mastercard,visa_or_mastercard,True
1309,Ungalidamirundhu Visa matrum Mastercard aagiya irandaiyum pettrukkolla mudiyuma?,visa_or_mastercard,visa_or_mastercard,True
1310,Enakku Mastercard thaan adhiga viruppam.,visa_or_mastercard,visa_or_mastercard,True
1311,Neenga Visa allathu Mastercard vazhangugireergala?,visa_or_mastercard,visa_or_mastercard,True
1312,Naan Mastercard-aiye virumbugiren.,visa_or_mastercard,visa_or_mastercard,True
1313,Thayavuseydhu enakku Visa matrum Mastercard aagiya irandaiyum thaarungal.,visa_or_mastercard,visa_or_mastercard,True
1314,Oru Visa matrum Mastercard-ai pettrukkolla mudiyuma?,visa_or_mastercard,visa_or_mastercard,True
1315,Ennenna pradhana card koduppanavugal etrukkollappadugindrana?,visa_or_mastercard,country_support,False
1316,Visa allathu Mastercard kidaikkakkoodiyathaga ullatha?,visa_or_mastercard,visa_or_mastercard,True
1317,Card scheme-galil Visa-vum ullatha enbathai enakku therivikka mudiyuma?,visa_or_mastercard,visa_or_mastercard,True
1318,Neenga Mastercard allathu Visa payanpaduthugireergala?,visa_or_mastercard,visa_or_mastercard,True
1319,Inge oru Visa card-ai pettrukkolla mudiyuma?,visa_or_mastercard,visa_or_mastercard,True
1320,Card moolam enoda account-ai naan eppadi top-up seivathu?,topping_up_by_card,topping_up_by_card,True
1321,"Enoda cash engae? naan enoda card-ai payanpaduthik kondirunthen, athu kaanamal poivittathu.",topping_up_by_card,card_acceptance,False
1322,Card moolam naan eppadi top-up seivathu?,topping_up_by_card,top_up_failed,False
1323,Enoda credit card-ai payanpaduthi cash anuppuvatharkana nadaimurai enna?,topping_up_by_card,topping_up_by_card,True
1324,Unga app-ai payanpaduthi enoda card-ai eppadi top-up seivathu? naan itharku puthiyavan.,topping_up_by_card,card_acceptance,False
1325,Nanbargal enoda account-il cash serkka mudiyuma?,topping_up_by_card,topping_up_by_card,True
1326,Enoda car-ai payanpaduthi naan top-up seyya mudiyuma?,topping_up_by_card,top_up_failed,False
1327,Enoda wallet-il enoda top-up-ai yaen ennal ini paarka mudiyala?,topping_up_by_card,topping_up_by_card,True
1328,Cash anuppa credit card-ai payanpaduthavum.,topping_up_by_card,topping_up_by_card,True
1329,Enoda nanbargal enoda account-ai eppadi top-up seivathu?,topping_up_by_card,topping_up_by_card,True
1330,"Enoda card-ai payanpaduthi cash anuppuvatharkana valimuraigalai naan pinpatrinen, aanaal cash kaanamal poivittathu, enna nadanthathu endru enakku theriyala.",topping_up_by_card,topping_up_by_card,True
1331,Enoda card-il vasulikappatta cash engae? athu enoda account balance-il kaattappadala.,topping_up_by_card,balance_not_updated_after_cheque_or_cash_deposit,False
1332,Naan eppadi top-up seivathu?,topping_up_by_card,top_up_failed,False
1333,"Enoda account-ilirunthu sila nithigal kaanavillai - enoda credit card ennai payanpaduthi avatray anuppa muyandren, athu kaanamal poivittathu.",topping_up_by_card,topping_up_by_card,True
1334,"Enoda account-ai top-up seyya virumbum nanbargal enakku irukkiraargal, athu saathiyama?",topping_up_by_card,top_up_failed,False
1335,Credit card-ai payanpaduthi naan eppadi cash anuppuvathu?,topping_up_by_card,topping_up_by_card,True
1336,Enoda nanbargal enakkaaga top-up seyyakkoodiya vagayil enoda account-irkana anugalai avargalukku vazhanga mudiyuma?,topping_up_by_card,topping_up_by_card,True
1337,"Naan oru top-up seithen, aanaal athu innum enoda wallet-il kaattappadala.",topping_up_by_card,pending_top_up,False
1338,"Naan sariyana thagavalai thaan ullitten endru enakku theriyum, aanaal enoda top-up enoda balance-il illai.",topping_up_by_card,top_up_failed,False
1339,Enoda nanbaral enoda account-ai top-up seyya mudiyuma?,topping_up_by_card,topping_up_by_card,True
1340,Enoda card-ilirunthu neradiyaga nithiyai maatruvatharku aethenum vali ullatha?,topping_up_by_card,receiving_money,False
1341,Enoda top-up yaen enoda wallet-il kaattappadala?,topping_up_by_card,topping_up_by_card,True
1342,"Enoda card-ai payanpaduthi top-up seyya muyandren, aanaal ippothu cash kaanamal poivittathu!",topping_up_by_card,topping_up_by_card,True
1343,Enoda credit card-irku cash anuppa enakku uthavungal.,topping_up_by_card,topping_up_by_card,True
1344,"Top-up seyya enoda card-ai payanpadutha muyandren, aanaal cash muluvathum kaanamal poivittathu.",topping_up_by_card,topping_up_by_card,True
1345,Cash anuppa enoda credit card-ai payanpadutha mudiyuma?,topping_up_by_card,topping_up_by_card,True
1346,Oruvar enoda account-il eppadi cash serkkalam?,topping_up_by_card,supported_cards_and_currencies,False
1347,Enoda top-up-ai anuga mudiyala.,topping_up_by_card,top_up_failed,False
1348,Enoda nanbargalal enoda account-il nithiyai serkka mudiyuma?,topping_up_by_card,topping_up_by_card,True
1349,Enoda credit card-irku naan cash anuppa mudiyuma?,topping_up_by_card,topping_up_by_card,True
1350,Veru yaral enoda account-ai top up seyya mudiyum?,topping_up_by_card,topping_up_by_card,True
1351,Naan top up seyya muyandra udane enoda cash yen illamal ponathu?,topping_up_by_card,topping_up_by_card,True
1352,Enoda credit card-ai payanpaduthi naan eppadi panathai maatruvathu?,topping_up_by_card,supported_cards_and_currencies,False
1353,Enoda nanbargal enoda account-ai top up seyya virumbugirargal.,topping_up_by_card,topping_up_by_card,True
1354,Enoda kanakkugalai yaral top up seyya mudiyum?,topping_up_by_card,topping_up_by_card,True
1355,Enoda card-ai payanpaduthi eppadi top up seivathu endru enakku kaatungal.,topping_up_by_card,topping_up_by_card,True
1356,"Naan enoda card-ai top up seithen, aanal cash marainthuvittathu.",topping_up_by_card,topping_up_by_card,True
1357,Enoda wallet-il naan top up seidha amount yen kaattapadavillai?,topping_up_by_card,topping_up_by_card,True
1358,Enoda account-la naan ippothu sertha top-up amount-ai ennal yen paarka mudiyala?,topping_up_by_card,topping_up_by_card,True
1359,Enoda nanbargalal enoda account-ai top up seyya mudiyuma?,topping_up_by_card,topping_up_by_card,True
1360,Naan eppadi pala disposable card-galai petrukkolvathu?,disposable_card_limits,get_disposable_virtual_card,False
1361,Oru naalaikku ennal pala disposable card-galai uruvakka mudiyuma?,disposable_card_limits,disposable_card_limits,True
1362,"Oru naalaikku pala murai enoda disposable card-ai naan payanpadutha vendum, atharku aethenum limit ullatha?",disposable_card_limits,disposable_card_limits,True
1363,Oru naalil ondrukku merpatta disposable card-galai naan eppadi uruvakkuvathu?,disposable_card_limits,get_disposable_virtual_card,False
1364,Ennidam ondrukku merpatta disposable card-gal irukka mudiyuma?,disposable_card_limits,get_disposable_virtual_card,False
1365,Disposable card-galin limit enna?,disposable_card_limits,disposable_card_limits,True
1366,Ennal vaithirukkakkoodiya athigabatcha disposable card-galin ennikkai evvalavu?,disposable_card_limits,disposable_card_limits,True
1367,Indha virtual card-galai payanpaduthuvatharku aethenum varambugal ullanava?,disposable_card_limits,get_disposable_virtual_card,False
1368,Ennidam ethanai disposable card-gal irukka mudiyum?,disposable_card_limits,disposable_card_limits,True
1369,Ovvoru naalum naan vaithirukkakkoodiya disposable card-galin ennikkai evvalavu?,disposable_card_limits,disposable_card_limits,True
1370,Oru naalaikku ethanai disposable card-galai vaithirukka enakku anumathi undu?,disposable_card_limits,get_disposable_virtual_card,False
1371,Oru disposable card-il naan ethanai card payment-galai payanpaduthalam?,disposable_card_limits,get_disposable_virtual_card,False
1372,Enakku pala disposable card-gal thevaippattal enna seivathu?,disposable_card_limits,get_disposable_virtual_card,False
1373,"Ennidam ondrukku merpatta disposable card-gal irundhal, avai ovvondrilum aindhu payment-galai seyya mudiyuma?",disposable_card_limits,get_disposable_virtual_card,False
1374,Disposable card-galin kattuppadugalai ungalal vilakka mudiyuma?,disposable_card_limits,get_disposable_virtual_card,False
1375,Oru card-ai kondu naan seyyakkoodiya athigabatcha transaction-galin ennikkai enna?,disposable_card_limits,order_physical_card,False
1376,Oru disposable card-ai kondu naan seyyakkoodiya transaction-galin ennikkaiyin limit enna?,disposable_card_limits,disposable_card_limits,True
1377,Ethanai disposable card-gal limit aaga ullathu?,disposable_card_limits,disposable_card_limits,True
1378,Oru disposable card-ai kondu naan ethanai transaction-galai seyya mudiyum endru enakku sollungal.,disposable_card_limits,disposable_card_limits,True
1379,Enakku oru naalaikku pala disposable card-gal thevaippadugindrana.,disposable_card_limits,get_disposable_virtual_card,False
1380,Orumurai payanpaduthum attaikalukaana kattupaadugal etheinum unda ena naan ariya virumbukiren.,disposable_card_limits,get_disposable_virtual_card,False
1381,Thinasari pala tharkaallika cards-ai naan eppadi uruvaakkalaam?,disposable_card_limits,order_physical_card,False
1382,Oru naalil pala orumurai payanpaduthum cards-ai uruvaakka mudiyuma?,disposable_card_limits,get_disposable_virtual_card,False
1383,Oru naalil naan eththanai orumurai payanpaduthum cards-ai uruvaakka mudiyum?,disposable_card_limits,get_disposable_virtual_card,False
1384,Oru orumurai payanpaduthum card-la naan seyyakkoodiya parivarthanaigalin ennikkaiku etheinum ellai unda?,disposable_card_limits,get_disposable_virtual_card,False
1385,Naan payanpaduthakkoodiya orumurai payanpaduthum cards-in ennikkaiku etheinum ellaigal unda?,disposable_card_limits,get_disposable_virtual_card,False
1386,Meinigar cards-in ellai patri vilakka mudiyuma?,disposable_card_limits,getting_spare_card,False
1387,Ennidam eththanai orumurai payanpaduthum meinigar cards irukka mudiyum?,disposable_card_limits,get_disposable_virtual_card,False
1388,Enakku oru naalaikku pala orumurai payanpaduthum cards-ai uruvaakka veandum.,disposable_card_limits,get_disposable_virtual_card,False
1389,Orumurai payanpaduthum meinigar card-ai payanpaduthuvathil etheinum thadangalkal unda?,disposable_card_limits,card_acceptance,False
1390,Ennidam eththanai orumurai payanpaduthum cards irukka mudiyum?,disposable_card_limits,get_disposable_virtual_card,False
1391,Enakku eththanai meinigar cards kidaikkum?,disposable_card_limits,getting_spare_card,False
1392,Oruvar vaiththirukkakkoodiya orumurai payanpaduthum cards-in ellai enna?,disposable_card_limits,get_disposable_virtual_card,False
1393,Orumurai payanpaduthum card-ai naan eththanai thadavai payanpaduthalaam?,disposable_card_limits,card_acceptance,False
1394,Orumurai payanpaduthum meinigar card-ai naan etharkaga payanpaduthalaam?,disposable_card_limits,card_acceptance,False
1395,Orumurai payanpaduthum attaikalukaana kattupaadugal ennavendru ungalukku theriyuma?,disposable_card_limits,get_disposable_virtual_card,False
1396,Orumurai payanpaduthum meinigar attaikalukaana ellaigal yaavai?,disposable_card_limits,get_disposable_virtual_card,False
1397,Orumurai payanpaduthum meinigar cards-ai payanpaduthuvatharkaana ellaigal yaavai?,disposable_card_limits,get_disposable_virtual_card,False
1398,Oru orumurai payanpaduthum card-ai kondu naan eththanai transactions-ai seyya mudiyum?,disposable_card_limits,get_disposable_virtual_card,False
1399,Ennidam ulla orumurai payanpaduthum meinigar card-ai naan eththanai murai payanpaduthalaam?,disposable_card_limits,card_acceptance,False
1400,Enakku ninaivillaatha transactions-ai seivatharku yaaro enoda card-ai payanpaduthukiraargal endru naan ninaikkiren.,compromised_card,card_acceptance,False
1401,Yaaro enoda account-ai payanpaduthukiraargal.,compromised_card,cash_withdrawal_not_recognised,False
1402,Enakku theriyatha yaaro oruvar enoda anumathiyindri enoda card-ai payanpaduthiyullaar.,compromised_card,card_acceptance,False
1403,Enoda anumathiyindri enoda card payanpaduthappattullaathu.,compromised_card,card_acceptance,False
1404,Enoda card-ai naan ippoluthe mudakka mudiyuma?,compromised_card,card_acceptance,False
1405,"Enoda account hack seyyappattirukku, please athai mudakkungal.",compromised_card,terminate_account,False
1406,"Naan seyyatha transactions ullana, veru yaaro thaan enoda card-ai payanpaduthirukka veandum.",compromised_card,card_acceptance,False
1407,Naan ooril illaathapothu yaaro enoda card-ai payanpaduthiyathaal athai mudakka mudiyuma? intha kolvanugalai naan seyyavillai.,compromised_card,card_acceptance,False
1408,Yaaro enoda account-ai payanpaduththi inaiyavali kolvanavu seykiraargal! please athai evvalavu seekkiram mudiyumo avvalavu seekkiram mudakkungal.,compromised_card,cancel_transfer,False
1409,Veru yaaro enoda card-ai payanpaduthukiraargal polirukkuthu. enakku theriyatha transactions sila ullana.,compromised_card,card_payment_not_recognised,False
1410,"Enoda card-la anumathippathiram illatha kodukkalvaangalgalai niruthuvatharku naan enna seyya veendum? Enoda bill-il ulla kodukkalvaangalgal nadantha idathirku naan orupothum senrathillai, avatruai naan seyyavumillai. Please uthavungal!",compromised_card,lost_or_stolen_card,False
1411,Enoda card thavaraga payanpaduthappattirukku endru naan ninaithal naan enna seyya veendum?,compromised_card,card_acceptance,False
1412,Enoda account-la nadakkum mosadiyai naan ippothu eppadi udanadiyaaga niruthalaam?,compromised_card,terminate_account,False
1413,"Enoda adaiyaalam thirudappattirukkalaam endru naan ninaikkireen, anumathippathiram illatha kattanangalai ungalaal saripaarka mudiyuma?",compromised_card,verify_my_identity,False
1414,Veru yaaro enoda card-ai payanpaduthugiraargal endru naan ninaikkireen. Naan seyyatha kodukkalvaangalgal sila ullana.,compromised_card,card_acceptance,False
1415,"Enoda card-la ulla sila kodukkalvaangalgalai ennaal adaiyaalam kaana mudiyala, yaaro enoda card vibarangalai petru athai payanpaduthiyirukka veendum endru ninaikkireen.",compromised_card,card_payment_not_recognised,False
1416,Kanakki mudakkuvatharkum mosadikku ethiraaga puhaaralippatharkum naan app-ai payanpaduthalaama?,compromised_card,card_acceptance,False
1417,Pala kolvanavugalai seivatharku enoda card inaiyathil payanpaduthappaduguthu! Veru yaaro athai mosadiyaaga payanpaduthugiraargal. Athai mudakka enakku uthava mudiyuma?,compromised_card,card_acceptance,False
1418,"Yaaro enoda card ilakkathai vaithullanaar, enoda kanakki mudakkungal.",compromised_card,lost_or_stolen_card,False
1419,"Enoda account-la thodarpillatha kolvanavugal seyyappattullathai naan kaangireen, athu hack seyyappattullatha?",compromised_card,cash_withdrawal_not_recognised,False
1420,"Yaaro enoda card-ai payanpaduthiyullanaar pol theriyuthu! Naan nichayamaaga seyyatha, engo oru siriya nagarathilirunthu seyyappatta sila kodukkalvaangalgal ullana! Avargal athai payanpaduthuvathai udanadiyaaga thaduthu niruthungal!",compromised_card,card_payment_not_recognised,False
1421,App-ai payanpaduthi enoda card-ai naan eppadi mudakkuvathu?,compromised_card,card_acceptance,False
1422,Enoda card aabathukkullaagiyullathu,compromised_card,lost_or_stolen_card,False
1423,Veru yaaraavathu enoda card-ai payanpaduthakkoodum endru naan ninaithal naan enna seyya veendum?,compromised_card,card_acceptance,False
1424,"Kaanbikkappadum kodukkalvaangalgal visithiramaaga ullana, enakku theriyaamal enoda card payanpaduthappattirukku endru ninaikkireen.",compromised_card,card_acceptance,False
1425,Enoda kanakki naan eppadi mudakkuvathu?,compromised_card,edit_personal_details,False
1426,"Enakku uruthiyaaga theriyala, aanaal yaaro enoda card-ai payanpaduthik kondirukkalaam.",compromised_card,card_acceptance,False
1427,Enoda card-ai naan eppadi mudakkuvathu? Pala inaiyavali kodukkalvaangalgalai seyya yaaro athai payanpaduthugiraargal endru ninaikkireen.,compromised_card,card_acceptance,False
1428,"Yaaro enoda card vibarangalai petru athai payanpaduthiyullanaar endru ninaikkireen, enenil ennaal adaiyaalam kaana mudiyaatha kodukkalvaangalgal ullana. Naan ippothu enna seyya veendum?",compromised_card,verify_my_identity,False
1429,Veru yaaro enoda card-ai payanpaduthiyullanaar!,compromised_card,card_acceptance,False
1430,Enoda anumathiyindri yaaro enoda card-ai payanpaduthugiraargal endru naan nambugireen!,compromised_card,card_acceptance,False
1431,"Yaaridamaavathu enoda card vibarangal iruppathaaga naan karuthinaal, enakku puthiya card kidaikkuma?",compromised_card,card_about_to_expire,False
1432,"Ennaal adaiyaalam kaana mudiyaatha sila kodukkalvaangalgal ullana, yaaro enoda card vibarangalai petru athai payanpaduthiyullanaar endru ninaikkireen.",compromised_card,card_payment_not_recognised,False
1433,Anugal irukka koodatha oruvarukku enoda card ilakkangal kidaithullana endru ninaikkireen.,compromised_card,card_acceptance,False
1434,Naan veettil illaathapothu enoda pillai enoda card-ai payanpaduthiyirukkalaam endru ninaikkireen.,compromised_card,card_acceptance,False
1435,Yaaro enoda card vibarangalai petruvittaargal endru naan ninaithal naan enna seyya veendum?,compromised_card,lost_or_stolen_card,False
1436,Yaaro enoda attaiyilulla ilakkangalai nagaleduthu avatruai payanpaduthugiraargal endru ninaikkireen.,compromised_card,cash_withdrawal_not_recognised,False
1437,Yaaro enoda card-ai payanpaduthugiraargal endru naan ninaithal naan enna seyya veendum?,compromised_card,card_acceptance,False
1438,Enoda card-ai mudakkuvatharkum mosadikku ethiraaga puhaaralippatharkum naan app-ai payanpaduthalaama?,compromised_card,card_acceptance,False
1439,"Veru yaaro enoda card-ai payanpaduthugiraargal, athai mudakkungal.",compromised_card,card_acceptance,False
1440,Ella ATM machine-galum indha card-ai accept pannuma?,atm_support,atm_support,True
1441,Endha ATM machine-gal indha card-ai accept pannum?,atm_support,atm_support,True
1442,Miga arugil ulla Mastercard ATM engay irukku?,atm_support,atm_support,True
1443,ATM machine-galin list edhavadhu irukka?,atm_support,atm_support,True
1444,Indha card-ai payanpadutha koodiya kurippitta ATM-gal edhavadhu irukka?,atm_support,atm_support,True
1445,Endha ATM-gal indha card-ai accept pannum endru naan eppadi therindhu kolvadhu?,atm_support,atm_support,True
1446,Endha ATM-gal enoda card-ai accept pannum?,atm_support,atm_support,True
1447,Arugil edhavadhu ATM-gal irukka?,atm_support,atm_support,True
1448,Indha card-ai accept pannum ATM-gal engay amaindhullana?,atm_support,atm_support,True
1449,Endha ATM-gal indha card-ai accept pannum?,atm_support,atm_support,True
1450,Miga arugil ulla ATM-ai kandupidikka enakku udhavungal.,atm_support,atm_support,True
1451,Indha card-ai endha ATM-galil payanpaduthalam?,atm_support,atm_support,True
1452,Miga arugil ulla ATM-ai naan eppadi kandupidipathu?,atm_support,atm_support,True
1453,Naan evvagaiyana ATM-galai payanpaduthalam?,atm_support,atm_support,True
1454,Naan eppadi cash eduppathu?,atm_support,receiving_money,False
1455,ATM ethanai mile tholaivil ulladhu?,atm_support,atm_support,True
1456,Naan engirundhu cash edukka mudiyum?,atm_support,verify_source_of_funds,False
1457,Endha ATM-gal enoda card-ai accept pannum?,atm_support,atm_support,True
1458,Ennal endha ATM-galil indha card-ai payanpadutha mudiyum?,atm_support,atm_support,True
1459,Enoda card-ai edhavadhu ATM-galil payanpaduthalama?,atm_support,atm_support,True
1460,Indha card-ai payanpaduthi engu vendumanalum cash pera mudiyuma?,atm_support,card_acceptance,False
1462,Enakku miga arugil ulla ATM-ai kandupidikka yaaravadhu udhava mudiyuma?,atm_support,atm_support,True
1463,Enakku arugil edhavadhu ATM machine-gal irukka?,atm_support,atm_support,True
1464,Miga arugil ulla bank machine engay irukku?,atm_support,atm_support,True
1465,Evvagaiyana ATM-gal indha card-ai accept pannum?,atm_support,atm_support,True
1466,Indha card-ai naan endha ATM-il payanpaduthalam?,atm_support,atm_support,True
1467,"Indha card ennidam irundhal, naan endha ATM-galukku sellalam?",atm_support,atm_support,True
1468,Naan endha ATM-galil irundhu cash edukka mudiyum?,atm_support,atm_support,True
1469,"Naan cash edukka vendum, naan engay sellalam?",atm_support,atm_support,True
1470,Naan engay enoda panathai edukalaam?,atm_support,atm_support,True
1471,Intha card-ai yetrukkollum ATM-gal evai?,atm_support,atm_support,True
1472,Intha vagaiyana card-ai entha ATM-gal yetrukkollum?,atm_support,atm_support,True
1473,Intha card-ai payanpaduthuvatharku naan engay oru ATM-ai kandariyalaam?,atm_support,atm_support,True
1474,Entha ATM-galil naan intha card-ai payanpaduthalaam?,atm_support,atm_support,True
1475,Naan intha card-ai payanpaduthakkoodiya kurippitta ATM-gal ethum irukkinranava?,atm_support,atm_support,True
1476,Miga arugilulla ATM ungalukku theriyuma?,atm_support,atm_support,True
1477,Naan intha card-ai ATM-il payanpaduthalaama?,atm_support,atm_support,True
1478,Naan cash edukka mudiyaatha idangal ethum irukkinranava?,atm_support,atm_support,True
1479,Cash eduppatharkana idangal,atm_support,cash_withdrawal_charge,False
1480,Enakku uthavungal. naan seyyatha oru neradi patru ingay ullathu.,direct_debit_payment_not_recognised,card_payment_not_recognised,False
1481,Ennudaiyathu allatha oru neradi patru ullathu.,direct_debit_payment_not_recognised,direct_debit_payment_not_recognised,True
1482,Enoda account statement-la oru visithiramana neradi patru ullathu.,direct_debit_payment_not_recognised,direct_debit_payment_not_recognised,True
1483,"Intha patru engirunthu vanthathu endru enakku puriyala, athai neekka vendum.",direct_debit_payment_not_recognised,card_payment_not_recognised,False
1484,Enoda account-la ulla intha fee enna?,direct_debit_payment_not_recognised,card_payment_fee_charged,False
1485,"Enakku ippothu migavum kobamaaga irukku. enoda munnal kaathalan enoda card-la seythathaaga naan ninaikkum pala kattanangal ullana. inaiyathalathil ulla niruvanangal enoda panathai thiruppi tharavillai, avargal ennai vangiyai thodarpu kolla sonnargal. please ethavathu seyyungal.",direct_debit_payment_not_recognised,lost_or_stolen_card,False
1486,Yaaro enoda panathai thirudivittargal.,direct_debit_payment_not_recognised,lost_or_stolen_card,False
1487,Enoda account-la naan seyyatha oru neradi patruch seluthugai ullathu.,direct_debit_payment_not_recognised,card_payment_not_recognised,False
1488,Enoda account-la naan seyyatha oru patru ullathu.,direct_debit_payment_not_recognised,card_payment_not_recognised,False
1489,Enoda patru statement-la oru mosadik fee irukkalaam.,direct_debit_payment_not_recognised,extra_charge_on_statement,False
1490,Enoda app-la naan seyyatha oru neradi patruch seluthugai yen ullathu?,direct_debit_payment_not_recognised,card_payment_not_recognised,False
1491,Enoda patruk account-la visithirana kattanangal thondruguthu.,direct_debit_payment_not_recognised,balance_not_updated_after_cheque_or_cash_deposit,False
1492,"Thaamathamagivittalum, oru fee kurithu muraiyiduvathu patri paarka virumbinen. kadantha sila maathangalaaga enoda transactions-ai paarthuk kondirunthapothu, ennal seyyappadatha oru periya amount-ai kavanithen. ithai naan innum seyya mudiyuma?",direct_debit_payment_not_recognised,direct_debit_payment_not_recognised,True
1493,"Rendu vaarangalukku munbu enakku theriyatha oru vanigathil irunthu oru transaction nadanthathu. athai naan seyyavillai enbathil enakku oralavukku uruthiyaaga theriyum, aanaal athai uruthipadutha athai kandariyum vazhi ethum ullatha?",direct_debit_payment_not_recognised,direct_debit_payment_not_recognised,True
1494,Naan paarkum intha neradi patru enna?,direct_debit_payment_not_recognised,card_payment_not_recognised,False
1495,Enakku adaiyaalam theriyatha oru neradi patru ullathu.,direct_debit_payment_not_recognised,card_payment_not_recognised,False
1496,Ariyappadatha neradi vaippu,direct_debit_payment_not_recognised,verify_my_identity,False
1497,Santhegathirkidamana neradi patruch seluthugai ondru ullathu.,direct_debit_payment_not_recognised,pending_transfer,False
1498,"Enoda account-la irunthu enakku adaiyaalam theriyatha oru transaction nadanthullathu, athu naan seythathuthaana illaiya enbathai uruthipaduthik kolla athan thagavalgalai kandarinthu thara mudiyuma?",direct_debit_payment_not_recognised,direct_debit_payment_not_recognised,True
1499,"Sila vaarangalukku munbu enakku ninaivil illatha oru virpanaiyalaaral enoda account-la irunthu sirithu cash kazhikkappattathu. naan athai seyyavillai enbathil enakku uruthiyaaga theriyum, aanaal athu yaar enbathai uruthipaduthik kolla athai kandariya mudiyuma?",direct_debit_payment_not_recognised,direct_debit_payment_not_recognised,True
1500,Naan seyyatha oru neradi patrukana (direct debit) fee-ai kandarinthullen.,direct_debit_payment_not_recognised,direct_debit_payment_not_recognised,True
1501,"Naan seyyavillai endru enakku therintha oru visithiramaana koduppanavu kaattappaduvathai naan kaankiren, athai naan eppadi rathu seivathu?",direct_debit_payment_not_recognised,cancel_transfer,False
1502,Intha neradi patru koduppanavu thavaraaga irukkalaam.,direct_debit_payment_not_recognised,pending_transfer,False
1503,Naan angeegarikaatha oru neradi patru koduppanavai app yen kaattuthu?,direct_debit_payment_not_recognised,cash_withdrawal_not_recognised,False
1504,"Oru koduppanavu seyyappattu pala vaarangalukku piragu naan athai kavanithaalum, athu kurithu ennal muraiyeedu seyya mudiyuma?",direct_debit_payment_not_recognised,cancel_transfer,False
1505,Naan seyyatha oru neradi patru koduppanavu enoda app-la thavaraaga pattiyalidappattiruppathu pol theriyuthu.,direct_debit_payment_not_recognised,direct_debit_payment_not_recognised,True
1506,Enoda patrarikkaiyil (debit statement) ulla intha fee-ai naan seluthinen endru naan ninaikkala.,direct_debit_payment_not_recognised,direct_debit_payment_not_recognised,True
1507,Enakku theriyaatha oru neradi patru fee enoda account-la ullathu.,direct_debit_payment_not_recognised,card_payment_not_recognised,False
1508,Intha neradi patru transaction-ai naan seyyavillai.,direct_debit_payment_not_recognised,cancel_transfer,False
1509,Enoda account-la naan angeegarikaatha oru neradi patru ullathu.,direct_debit_payment_not_recognised,direct_debit_payment_not_recognised,True
1510,"Ithu migavum thaamathamaanathu enpathai naan purinthukolgiren. Kadantha sila maathangalaaga enoda transactions-ai saripaartha piragu, naan seyyatha oru periya fee-ai kavanithen. Ithai naan innum muraiyeedu seyya yethenum vazhi irukka?",direct_debit_payment_not_recognised,direct_debit_payment_not_recognised,True
1511,"Seyyappatta oru patru koduppanavai ennal adaiyaalam kaana mudiyala, akkoduppanavai patri naan ariya virumbugiren.",direct_debit_payment_not_recognised,direct_debit_payment_not_recognised,True
1512,"Enoda kanakkin paathukaappu kurithu naan kavalaippadugiren, athudan ithu thodarpaga oru muraiyeettai seyya virumbugiren.",direct_debit_payment_not_recognised,cancel_transfer,False
1513,Naan seyyatha oru neradi patru yen app-la kaattappaduguthu?,direct_debit_payment_not_recognised,card_payment_not_recognised,False
1514,Enoda kanakkarikkaiyil (statement) enakku theriyaatha oru neradi patru ullathu.,direct_debit_payment_not_recognised,card_payment_not_recognised,False
1515,"Naan amaikkaatha oru neradi patru transaction ullathu, aanaal athai naan amaikka virumbugiren.",direct_debit_payment_not_recognised,cancel_transfer,False
1516,"Yaaro enoda panathai eduthullaargal, athu yaar endru enakku theriyala.",direct_debit_payment_not_recognised,cash_withdrawal_not_recognised,False
1517,Enoda account-la irukka koodatha oru fee vasoolikkappattirukku.,direct_debit_payment_not_recognised,cash_withdrawal_charge,False
1518,Naan muraiyeedu seyya virumbum oru neradi patru ullathu.,direct_debit_payment_not_recognised,cancel_transfer,False
1519,"Naan angeegarikaathapothu, oru virpanaiyaalaal enoda kanakkilirunthu cash yen kazhikkappattathu?",direct_debit_payment_not_recognised,cash_withdrawal_charge,False
1520,Enoda kadavukkureyeettai (passcode) naan maranthuvittaal naan enna seivathu? Yenendral naan athai maranthuvitten.,passcode_forgotten,passcode_forgotten,True
1521,Enoda kadavuchollai (password) ennal kandupidikka mudiyala.,passcode_forgotten,passcode_forgotten,True
1522,Enoda kadavukkureyeettai (passcode) naan eppadi meeteduppathu?,passcode_forgotten,passcode_forgotten,True
1523,Enoda kadavukkureyeedu (passcode) velai seyyavillai pol theriyuthu.,passcode_forgotten,passcode_forgotten,True
1524,Naan enoda kadavuchollai (password) izhanthuvitten.,passcode_forgotten,passcode_forgotten,True
1525,"Enoda kadavuchol (password) yetrukkollappadala, naan athai meendum amaikka vendum.",passcode_forgotten,passcode_forgotten,True
1526,Enoda kadavuchollil (password) yetho thavaru ullathu.,passcode_forgotten,passcode_forgotten,True
1527,Enoda kadavukkureyeettil (passcode) yetho thavaru ullathu.,passcode_forgotten,passcode_forgotten,True
1528,"Please kooravum, marantha kadavukkureyeettai (passcode) naan eppadi meendum amaippathu?",passcode_forgotten,passcode_forgotten,True
1529,"Enoda kadavukkureyeettai (passcode) ennal ninaivukora mudiyala, naan athai meendum amaikka vendum.",passcode_forgotten,passcode_forgotten,True
1530,Enakku oru puthiya passcode thara mudiyuma?,passcode_forgotten,passcode_forgotten,True
1531,Enakku enoda passcode theriyathu.,passcode_forgotten,passcode_forgotten,True
1532,App-ukkul nulaiyatharkana enoda code enakku ninaivil illai.,passcode_forgotten,passcode_forgotten,True
1533,Ennidam ippothu enoda passcode illai.,passcode_forgotten,passcode_forgotten,True
1534,Enoda passcode yaen vaelai seiyala?,passcode_forgotten,passcode_forgotten,True
1535,Enoda passcode-ai meendum anuppa mudiyuma?,passcode_forgotten,passcode_forgotten,True
1536,Naan enoda passcode-ai meelamaikka vaendum. athai naan eppadi seivathu?,passcode_forgotten,passcode_forgotten,True
1537,Please enoda passcode-ai eppadi meelamaippathu endru enakku kaattungal.,passcode_forgotten,passcode_forgotten,True
1538,Passcode-ai meelamaikka enakku uthavungal.,passcode_forgotten,passcode_forgotten,True
1539,Enoda app-ai anuguvatharkana enoda passcode-ai naan maranthuvittaen.,passcode_forgotten,passcode_forgotten,True
1540,Passcode enakku vaelai seiyaavittal naan enna seiya vaendum?,passcode_forgotten,passcode_forgotten,True
1541,"Enakku code ninaivil illai, naan enna seiya vaendum?",passcode_forgotten,passcode_forgotten,True
1542,Naan passcode-ai engae meelamaikkalam?,passcode_forgotten,passcode_forgotten,True
1543,Enoda app-ai anuguvatharku enoda passcode-ai meelamaikka enakku uthavi thevai.,passcode_forgotten,passcode_forgotten,True
1544,Matroru passcode-ai peruvatharku naan enna padigalai pinpatra vaendum?,passcode_forgotten,passcode_forgotten,True
1545,Naan enoda password-ai maranthuvittaen.,passcode_forgotten,passcode_forgotten,True
1546,App-ukkul nulaiyatharkana enoda code-ai naan maranthuvittaen.,passcode_forgotten,passcode_forgotten,True
1547,Naan enoda password-ai maranthuvittaen.,passcode_forgotten,passcode_forgotten,True
1548,App-ai anuguvatharkana code-ai naan maranthuvittaen.,passcode_forgotten,passcode_forgotten,True
1549,Enoda passcode-ai meelamaikka aethenum vali irukka?,passcode_forgotten,passcode_forgotten,True
1550,Enoda password-ai meelamaikka enakku uthava mudiyuma?,passcode_forgotten,passcode_forgotten,True
1551,Enoda password-ai naan meelamaikka mudiyuma? athu ennavendru enakku theriyala.,passcode_forgotten,passcode_forgotten,True
1552,Passcode-ai naan eppadi meelamaippathu?,passcode_forgotten,passcode_forgotten,True
1553,Enoda passcode-ai naan maranthuvittal enna seiya vaendum?,passcode_forgotten,passcode_forgotten,True
1554,Enoda passcode vaelai seiyala.,passcode_forgotten,passcode_forgotten,True
1555,Passcode-ai eppadi meelamaippathu endru enakku sollungal.,passcode_forgotten,passcode_forgotten,True
1556,Enakku oru puthiya passcode thevai.,passcode_forgotten,passcode_forgotten,True
1557,App-ikkana enoda anugal code ennidam illai.,passcode_forgotten,passcode_forgotten,True
1558,Enoda passcode-ai meelamaikka enna seiya vaendum endru enakku solla mudiyuma?,passcode_forgotten,passcode_forgotten,True
1559,App-ukkul nulaivatharku enakku thaevaiyana code ethu?,passcode_forgotten,passcode_forgotten,True
1560,ATM iyandhirathilirundhu enoda sondha panathai eduka neenga yen anumadhikalai endru enakku solla mudiyuma? Naan sariyana PIN-ai payanpaduthinen endru enakku theriyum.,declined_cash_withdrawal,atm_support,False
1561,Enoda cash eduthal rathu seiyapattadhu.,declined_cash_withdrawal,cash_withdrawal_charge,False
1562,"Idhu migavum yemaththamalikiradhu. Naan muyarchikum endha ATM-ilum enoda card-ai payanpadutha mudiyala, idhuvarai naan 3 ATM-galil muyarchi seidhu vitten. Enna nadakiradhu? Dhayavuseidhu indha prachinaiyai udanadiyaaga sari seiya mudiyuma?",declined_cash_withdrawal,atm_support,False
1563,ATM ennai cash eduka anumadhikalai.,declined_cash_withdrawal,declined_cash_withdrawal,True
1564,Enoda ATM transaction yen rathu seiyapattadhu?,declined_cash_withdrawal,declined_cash_withdrawal,True
1565,ATM enoda card-ai thodarnthu niragarithu varugiradhu. Naan rendu veru veru ATM-galil muyarchi seithen. Enoda account-il yedhadhu prachinai ulladha endru enakku solla mudiyuma?,declined_cash_withdrawal,atm_support,False
1566,Naan ATM-il cash eduka muyandrapodhu niragarikapaten.,declined_cash_withdrawal,atm_support,False
1567,ATM enakku cash eduka anumadhikalai.,declined_cash_withdrawal,wrong_amount_of_cash_received,False
1568,Ennal yen panathai eduka mudiyala enbadhai naan ariya virumbugiren.,declined_cash_withdrawal,cancel_transfer,False
1569,"Dhayavuseidhu enoda account-ai sari paarka unga udhavi thevai! ATM-il enoda card thodarnthu niragarikapadugiradhu, naan yerkanave rendu veru veru ATM-galil muyarchi seidhu vitten!",declined_cash_withdrawal,atm_support,False
1570,"Vanakkam, indru kaalai enoda card moolam cash eduthal niragarikapattadhu. Netru varai adhu nandraga velai seidhadhu. Dhayavuseidhu sari paarthu enakku therivikkavum.",declined_cash_withdrawal,top_up_failed,False
1571,"Vanakkam, naan enoda card-ai payanpadutha muyandren, aanaal ATM adhai niragarithadhu. Naan rendu veru veru ATM-galil sari paarthen, aanaal adhe prachinaiyai edhirkonden. Dhayavuseidhu enoda account-ai sari paarka mudiyuma?",declined_cash_withdrawal,atm_support,False
1572,"Naan cash eduka muyandren, aanaal adhu niragarikapattadhu. Idhu yen nadandhadhu?",declined_cash_withdrawal,top_up_failed,False
1573,Ennal ATM-il irundhu cash eduka mudiyala.,declined_cash_withdrawal,atm_support,False
1574,ATM enoda card-ai niragarikiradhu. Naan rendu veru veru ATM-galil muyarchi seithen. Enoda account-il yedhadhu thavaru ulladha endru enakku solla mudiyuma?,declined_cash_withdrawal,atm_support,False
1575,"Cash eduthal niragarikapattadhu, idhu yen nadandhadhu endru enakku theriyala?",declined_cash_withdrawal,top_up_failed,False
1576,Naan cash eduka muyandrapodhu niragarikapaten.,declined_cash_withdrawal,pending_cash_withdrawal,False
1577,Indru naan ATM-il cash eduka muyandrapodhu yen niragarikapaten?,declined_cash_withdrawal,atm_support,False
1578,ATM iyandhirangal enoda card-ai niragarika enna kaaranangal irukalam? Idhu enakku pala murai nadandhullaadhu!,declined_cash_withdrawal,atm_support,False
1579,ATM iyandhiram enakku yen cash thara thavariyadhu?,declined_cash_withdrawal,wrong_amount_of_cash_received,False
1580,Enoda ATM transaction tholviyadaindhadhu.,declined_cash_withdrawal,declined_cash_withdrawal,True
1581,"Naan cash eduka muyandren, aanaal niragarikapattadhu.",declined_cash_withdrawal,top_up_failed,False
1582,"Naan cash eduka muyandren, aanaal naan niragarikapaten!",declined_cash_withdrawal,top_up_failed,False
1583,Ennal eppadi ATM-il irundhu cash eduka mudiyamal pogum?,declined_cash_withdrawal,atm_support,False
1584,ATM enoda card-ai thodarnthu niragarithu varugiradhu. Naan rendu veru veru ATM-galil muyarchi seithen. Enoda account-il yedhadhu prachinai ulladha endru enakku solla mudiyuma?,declined_cash_withdrawal,atm_support,False
1585,Enoda cash eduthal yen niragarikapattadhu?,declined_cash_withdrawal,cash_withdrawal_charge,False
1586,Ennal yen cash pera mudiyala?,declined_cash_withdrawal,declined_cash_withdrawal,True
1587,ATM-il ennal yen cash pera mudiyala?,declined_cash_withdrawal,declined_cash_withdrawal,True
1588,Ennal yen cash pera mudiyadhu?,declined_cash_withdrawal,topping_up_by_card,False
1589,ATM yen enakku enoda panathai tharavillai?,declined_cash_withdrawal,wrong_amount_of_cash_received,False
1590,"Naan oru atm-il irundhu cash edukka muyandren, aanal enoda nanbargalukku munnal adhu niragarikkappattadhu. idhu yen nadandhadhu?",declined_cash_withdrawal,atm_support,False
1591,Atm cash edhum tharavillai.,declined_cash_withdrawal,atm_support,False
1592,Naan cash eduppadhu yen niragarikkappattadhu?,declined_cash_withdrawal,cash_withdrawal_charge,False
1593,Ennal atm-il cash edukka mudiyala.,declined_cash_withdrawal,atm_support,False
1594,"Aiyo kadavule, atm-il enoda card rendu murai niragarikkappattuvittadhu! naan rendu vevveru atm-galil muyandren, aanal ovvondrum enoda card-ai niragarithana! enoda kanakkiil enna nadakkiradhu endru solla mudiyuma?",declined_cash_withdrawal,atm_support,False
1595,Atm-il ennal yen panathai therivu seyya mudiyala?,declined_cash_withdrawal,declined_cash_withdrawal,True
1596,Enoda cash eduthal niragarikkappattadhu yen?,declined_cash_withdrawal,cash_withdrawal_charge,False
1597,Atm enoda transaction-ai niragarithadharkku edhenum kaaranam irukkiradha?,declined_cash_withdrawal,cancel_transfer,False
1598,Naan atm-il irundhu edukka muyandra cash angeegarikkappadala.,declined_cash_withdrawal,atm_support,False
1599,Atm enakku cash tharavillai.,declined_cash_withdrawal,wrong_amount_of_cash_received,False
1600,"Enoda card koduppanavu innum niruthi vaikkappattulladhu, adhu yen appadi?",pending_card_payment,card_arrival,False
1601,Enoda koduppanavu yen pending-la ulladhu?,pending_card_payment,pending_transfer,False
1602,Enoda card koduppanavu innum pending-la ulladhu.,pending_card_payment,pending_transfer,False
1603,Card koduppanavai naan eppadi irudhi seyvadhu?,pending_card_payment,order_physical_card,False
1604,Enoda card koduppanavu yen pending-la iruppadhaga kaattugiradhu?,pending_card_payment,pending_transfer,False
1605,Enoda koduppanavu yen innum niraiveravillai?,pending_card_payment,pending_transfer,False
1606,"Enoda card koduppanavu siridhu neramaga pending-la ulladhal, adhan nilaiyai ariya thayavuseydhu enakku udhavungal.",pending_card_payment,pending_transfer,False
1607,"Naan sameebathil oru koduppanavai seydhen, adhu enoda kanakkiil ""pending-la"" endru kaattugiradhu. adhan artham enna?",pending_card_payment,pending_transfer,False
1608,Pending-la ulla koduppanavu endral enna?,pending_card_payment,pending_transfer,False
1609,Enoda card koduppanavin pending nilai eppodhu mudiyum?,pending_card_payment,pending_card_payment,True
1610,"Naan indha koduppanavai sila naatkalukku munbu seydhen, yen adhu innum niraiveravillai?",pending_card_payment,Refund_not_showing_up,False
1611,Naan seydha card koduppanavu pending-la iruppadhai kaangiren.,pending_card_payment,pending_transfer,False
1612,Enoda card koduppanavu pending-la endru kaattugiradhu.,pending_card_payment,pending_transfer,False
1613,"Naan indru kaalai sila porutkalai vanginen, aanal koduppanavu pending-la iruppadhaga kaattugiradhu.",pending_card_payment,pending_transfer,False
1614,Oru koduppanavu niraiveruvadharkaga naan kaathirukkiren.,pending_card_payment,direct_debit_payment_not_recognised,False
1615,Naan vangiya oru porul evvalavu kaalam pending-la iruppadhaga kaattum?,pending_card_payment,pending_transfer,False
1616,Pending-la ulla koduppanavu endral enna?,pending_card_payment,pending_transfer,False
1617,Indru kaalai naan vangiyavai yen innum pending-la ullana enbadhai ariya virumbugiren.,pending_card_payment,pending_transfer,False
1618,Enoda card-la yen oru pending-la ulla transaction ulladhu?,pending_card_payment,pending_transfer,False
1619,Enoda card koduppanavu pending-la ulladhu.,pending_card_payment,pending_transfer,False
1620,Enoda card-il oru payment yen pending-il ullathaka kattukirathu?,pending_card_payment,pending_card_payment,True
1621,"Naan oru purchase seithen, athu pending-il ullathaka kattukirathu. Atharku enna artham?",pending_card_payment,pending_card_payment,True
1622,Card transactions mudivadhavarku evvalavu kaalam edukkum?,pending_card_payment,card_delivery_estimate,False
1623,Pending endral enna artham?,pending_card_payment,pending_card_payment,True
1624,Intha card payment evvalavu kaalam pending-il irukkum?,pending_card_payment,pending_card_payment,True
1625,Enoda payment innum process seiyappadala!,pending_card_payment,pending_card_payment,True
1626,"Ennidam rendu murai charge panniyullarkal, irandavathu charge ""pending"" endru kattukirathu. Irandavathu charge refund seyyappatta pinbu enoda cash thirumba kidaikka evvalavu kaalam aagum?",pending_card_payment,transaction_charged_twice,False
1627,"Naan 15 naatkal kaathirunthen, aanaal enoda payment innum clear aagavillai.",pending_card_payment,pending_card_payment,True
1628,Enaku yen pending payment kattukirathu?,pending_card_payment,pending_card_payment,True
1629,Pending payment endral enna enbathai vilakkungal?,pending_card_payment,pending_card_payment,True
1630,Enoda payments yen pending endru kattukirathu?,pending_card_payment,pending_card_payment,True
1631,"Enoda card transaction innum pending-il ullathu, naan konjam neramaaga kaathirukkiren.",pending_card_payment,pending_transfer,False
1632,"Oru payment clear aaguvatharku evvalavu kaalam edukkum? Naan sila naatkaluku munbu ondru seithen, athu innum clear aagavillai.",pending_card_payment,pending_card_payment,True
1633,"Naan indru kaalai sila porutkalai vanginen, aanaal payment pending endru kattukirathu.",pending_card_payment,pending_card_payment,True
1634,Oru payment-ai authorise seiyya evvalavu kaalam edukkum?,pending_card_payment,card_payment_not_recognised,False
1635,"Naan oru payment seithen, konjam kaalam aagi vittathu, athu eppo clear aaga vendum endru theriya vendum.",pending_card_payment,pending_card_payment,True
1636,Pending transaction endral enna artham?,pending_card_payment,pending_card_payment,True
1637,"Naan enoda card moolam pay pannen, aanaal payment innum pending endru thaan varukirathu. Etho issue endru ninaikkiren, thayaivu seithu check panni intha status eppo complete aagum endru sollungal.",pending_card_payment,pending_card_payment,True
1638,"Enoda account-il naan konjam naalaiku munbu pay panna pending payment ondru ullathu, athu innum clear aagavillai. Yen ivvalavu naalaaga pending endru kattukirathu?",pending_card_payment,pending_card_payment,True
1639,Indru kaalai naan vaangiya porutkalukaana payment pending-il ullathu.,pending_card_payment,pending_card_payment,True
1640,Enoda phone thirudappattu vittathu.,lost_or_stolen_phone,lost_or_stolen_phone,True
1641,Enoda phone netru thirudappattu vittathu. Naan enna seiyya vendum?,lost_or_stolen_phone,lost_or_stolen_phone,True
1642,"Enoda phone tholainthirunthaal, yaaravathu intha app-ai payanpaduthuvathai thadukka mudiyuma?",lost_or_stolen_phone,lost_or_stolen_phone,True
1643,Enoda phone tholainthu vittathu illai endral thirudappattu vittathu endru ninaikkiren.,lost_or_stolen_phone,lost_or_stolen_phone,True
1644,"Ennidam vazhippari seithu naan ellathaiyum tholaithirunthaal, enoda account matrum app-ai eppadi access seivathu?",lost_or_stolen_phone,lost_or_stolen_phone,True
1645,Enoda phone-ai kandupidikka mudiyala.,lost_or_stolen_phone,lost_or_stolen_phone,True
1646,Enoda phone enga endru theriya villai illai endral yaaravathu athai thirudi vittarkal.,lost_or_stolen_phone,lost_or_stolen_phone,True
1647,"Enoda phone enga irukku endru theriya villai, yaaravathu thirudi vittarkal illai endral tholainthu vittathu endru ninaikkiren.",lost_or_stolen_phone,lost_or_stolen_phone,True
1648,Enoda phone thirudappattirunthaalum enoda card-ai payanpadutha mudiyuma?,lost_or_stolen_phone,lost_or_stolen_phone,True
1649,"Enoda phone thirudappattu vittathu, naan enna seivathu?",lost_or_stolen_phone,lost_or_stolen_phone,True
1650,"En phone-ai tholaithuvitten, matravargal athai payanpaduthuvathai naan virumbavillai.",lost_or_stolen_phone,lost_or_stolen_phone,True
1651,"Naan en phone-ai tholaithuvitten, athai paathukaappaaga vaikka uthavi thevai.",lost_or_stolen_phone,lost_or_stolen_phone,True
1652,"En phone thirudappattuvittathu, athanaal ennaal ini app-ai anuga mudiyaathu.",lost_or_stolen_phone,lost_or_stolen_phone,True
1653,"Phone-ai hotel-il maranthu vaithuvitten, app-ai eppadi anuguvathu?",lost_or_stolen_phone,lost_or_stolen_phone,True
1654,En phone ennidam illai. naan eppadi app-ai payanpaduthuvathu?,lost_or_stolen_phone,lost_or_stolen_phone,True
1655,En phone tholainthuvittathu.,lost_or_stolen_phone,lost_or_stolen_phone,True
1656,"Tharpothu en phone ennidam illai, athanaal ennaal app-ai anuga mudiyaathu.",lost_or_stolen_phone,lost_or_stolen_phone,True
1657,En phone edukkappaatuvittathu! veru yaarum athai payanpaduthathaavaaru en kanakki rathu seyya mudiyuma?,lost_or_stolen_phone,lost_or_stolen_phone,True
1658,"Naan en phone-ai tholaithuvitten, en kanakkugalai mudakka virumbugiren.",lost_or_stolen_phone,lost_or_stolen_phone,True
1659,"Phone tholainthuvittathu, ennaal innum kanakki anuga mudiyuma?",lost_or_stolen_phone,lost_or_stolen_phone,True
1660,"Hotel-il irunthu alaithu, naan en phone-ai araiyileye maranthu vaithuvittathaaga koorinaargal.",lost_or_stolen_phone,lost_or_stolen_phone,True
1661,Netru yaaro en phone-ai thirudivittaargal :( naan aethenum seyya venduma?,lost_or_stolen_phone,lost_or_stolen_phone,True
1662,"Phone tholainthuvittathu, matravargal kanakki anuguvathai naan virumbavillai.",lost_or_stolen_phone,lost_or_stolen_phone,True
1663,"Naan valippari seyyappatten, ellavatraiyum parithuvittaargal. en kanakki paathukaakka naan enna seyya vendum?",lost_or_stolen_phone,cancel_transfer,False
1664,Naan thangiyiruntha hotel-il en smartphone-ai maranthu vaithuvitten என்று ninaikkiren.,lost_or_stolen_phone,lost_or_stolen_phone,True
1665,"Netru yaaro en meethu thaakkuthal nadathi en porutkalai parithu senranar, athanaal ennaal app-ai payanpadutha mudiyala. enakku sila uthavigal thevaipadukinrana.",lost_or_stolen_phone,lost_or_stolen_phone,True
1666,Naan veru phone-ukku maarinaalum app-ai thodarnthu payanpadutha mudiyuma?,lost_or_stolen_phone,lost_or_stolen_phone,True
1667,"Netru naan valippari seyyappatten, avargal ellavatraiyum parithukondaargal. ennaal en app-ai anuga mudiyala. enoda adutha katta nadavadikkaigal enna?",lost_or_stolen_phone,lost_or_stolen_phone,True
1668,"Netru naan valippari seyyappatten, app-irkaana anugalai ilanthuvitten. naan athai meendum pera vendum.",lost_or_stolen_phone,cancel_transfer,False
1669,"Naan en phone-ai tholaithuvittal, yaaraavathu en kanakki payanpadutha mudiyuma?",lost_or_stolen_phone,lost_or_stolen_phone,True
1670,"Naan thangiyiruntha hotel-il en phone-ai maranthu vaithuvittathaal, ennaal app-ai payanpadutha mudiyala.",lost_or_stolen_phone,lost_or_stolen_phone,True
1671,Yaaro en phone-ai thirudivittaargal.,lost_or_stolen_phone,lost_or_stolen_phone,True
1672,Yaaro en card-galai thirudivittaargal!,lost_or_stolen_phone,cash_withdrawal_not_recognised,False
1673,En phone tholainthuvittathu. yaaraavathu app-ai payanpaduthuvathai thadukka naan enna seyya vendum?,lost_or_stolen_phone,lost_or_stolen_phone,True
1674,"En phone thirudappattuvittathaal, naan aethenum seyya venduma?",lost_or_stolen_phone,lost_or_stolen_phone,True
1675,Naan en phone-ai tholaithuvitten!,lost_or_stolen_phone,lost_or_stolen_phone,True
1676,"Ennaal en phone-ai thedi kandupidikka mudiyala, aanaal athil enoda credit card vibarangal anaithum ullana.",lost_or_stolen_phone,lost_or_stolen_phone,True
1677,En phone ennidam illaathapothu naan eppadi app-ai payanpaduthuvathu?,lost_or_stolen_phone,lost_or_stolen_phone,True
1678,"Netru naan valippari seyyappatten, ennaal app-ai payanpadutha mudiyala.",lost_or_stolen_phone,lost_or_stolen_phone,True
1679,"Netru en porutkal thirudappattuvittana, ennaal entha app-aiyum allathu ethaiyume payanpadutha mudiyala, enave enakku sila uthavigal thevaipadum.",lost_or_stolen_phone,lost_or_stolen_phone,True
1680,"Vanakkam- intha thayaarippukku naan avasaramaaga panathai thirumba pera vendum. Viyabaari entha uthaviyum seiyala, ithai evvalavu seekiram theerka naan ippo enna seiya vendum?",request_refund,cancel_transfer,False
1681,Enoda porulukku naan panathai thirumba pera mudiyuma?,request_refund,request_refund,True
1682,Oru porukaana panathai thirumba perungal,request_refund,request_refund,True
1683,Naan vaangiya oru porulukku panathai thirumba pera mudiyuma?,request_refund,request_refund,True
1684,Naan panathai thirumba pera vendum,request_refund,cancel_transfer,False
1685,Enakku kidaikkaatha oru porulukku naan panathai thirumba pera vendum. Naan verumane koduppanavai rathu seiya mudiyuma? Ithai eppadi seivathu endru enakku theriyala.,request_refund,request_refund,True
1686,Naan vaangiya oru porulukku panathai thirumba pera virumbugiren,request_refund,request_refund,True
1687,Naan oru porulai thiruppi anuppa virumbugiren.,request_refund,request_refund,True
1688,Naan panathai thirumba pera mudiyuma?,request_refund,receiving_money,False
1689,"Naan vaangiya oru porulukku sariyana amount ennidam vasoolikkapadavillai, ithai naan eppadi sariseivathu?",request_refund,wrong_amount_of_cash_received,False
1690,"Vanakkam! Naan samibathil seidha oru order-ai rathu seidhu, panathai thirumba perum seyalmuraiyai thodanga vendum. Thayavuseidhu enakku ithil uthavi seidhu, evvalavu seekiram mudiyumo avvalavu seekiram panathai thirumba pera erpaadu seiya mudiyuma? Idhu migavum avasaramannathu.",request_refund,cancel_transfer,False
1691,Thayavuseidhu enoda kolvanavai niruthungal.,request_refund,verify_source_of_funds,False
1692,Enoda parcel varuvatharku athiga neram eduppathal enakku cash thirumba thevai. Athai naan eppadi seivathu?,request_refund,receiving_money,False
1693,Panathai thirumba pera naan eppadi vinnappippathu?,request_refund,cancel_transfer,False
1694,Oru porukaana panathai naan thirumba pera mudiyuma?,request_refund,request_refund,True
1695,"Naan neenda kaalathirku munbu inaiyathil onrai order seithen, aanaal athu innum varala. Enakku pothum! Enoda panathai thirumba thaarungal, naan ivargalukku cash selutha maatten.",request_refund,wrong_amount_of_cash_received,False
1696,Panathai thirumba pera naan enna seiya vendum?,request_refund,cancel_transfer,False
1697,Enakku panathai thirumba pera venduma?,request_refund,receiving_money,False
1698,"Enoda kolvanavil enakku thirupthi illai, naan eppadi order-ai rathu seivathu?",request_refund,order_physical_card,False
1699,"Naan onrai vaanginen, aanaal ippo naan panathai thirumba pera virumbugiren. Athai naan eppadi seivathu?",request_refund,cancel_transfer,False
1700,Naan eppadi panathai thirumba peruvathu?,request_refund,receiving_money,False
1701,Enoda kolvanavai ungalaal rathu seiya mudiyuma?,request_refund,topping_up_by_card,False
1702,Munthaiya kolvanavai naan eppadi rathu seivathu?,request_refund,cancel_transfer,False
1703,Oru porukaana panathai naan thirumba petraal nandraga irukkum,request_refund,request_refund,True
1704,Panathai thirumba pera naan eppadi koruvathu?,request_refund,receiving_money,False
1705,"Enakku intha porul thevaiyillai, naan thavaruthalaaga ithai vaangivitten, naan panathai thirumba pera mudiyuma?",request_refund,cancel_transfer,False
1706,"Vanakkam, naan enoda mudivai maatrivitten, samibathil vaangiya porutkalil onrirku enakku avasaramaaga cash thirumba thevai. Thayavuseidhu transaction-ai rathu seidhu enoda panathai thirumba petru thara mudiyuma? Thayavuseidhu ithu avasaramannathu.",request_refund,cancel_transfer,False
1707,Enakku virkapatta unga thayaarippukalil onrirku naan panathai thirumba pera virumbugiren,request_refund,wrong_amount_of_cash_received,False
1708,"Intha thayaarippil enakku thirupthi illai, naan panathai thirumba pera mudiyuma?",request_refund,receiving_money,False
1709,Intha amount enoda kanakkilirundhu thirumba perappada vendum endru naan virumbugiren.,request_refund,wrong_amount_of_cash_received,False
1710,"Vanakkam! Naan anmaiyil oru purchase pannen, enoda order-ai cancel panni, evvalavu seekiram mudiyumo avvalavu seekiram refund panna vendum.",request_refund,request_refund,True
1711,Naan oru purchase-ai reverse panna virumburen. Athai cancel panna mudiyuma?,request_refund,request_refund,True
1712,"Naan romba naalaiku munnadi panna oru order pathi pesuren. Innaiku varaikkum athu enakku kidaikala, ithala naan romba upset-la iruken! Enoda muzhu panamum enakku thirumba venum! Enakku kidaikatha oru vishayathuku cash katratha ennala ethuka mudiyathu.",request_refund,wrong_amount_of_cash_received,False
1713,"Naan intha item-ai vanginen, aana thavarana amount charge pannirukanga. Enakku refund kidaikuma?",request_refund,request_refund,True
1714,"Naan oru payment-ai cancel panna virumburen. Sila naatkaluku munnadi naan ethuvum vanginen, aana innum enakku athu kidaikala.",request_refund,request_refund,True
1715,Refund process enna?,request_refund,request_refund,True
1716,Naan panna purchase-ku enakku refund venum.,request_refund,request_refund,True
1717,Naan vangina oru item-ku refund eppadi process panrathu?,request_refund,request_refund,True
1718,Enakku oru item-ku refund venum.,request_refund,request_refund,True
1719,Naan panna purchase-ai cancel panna vendum.,request_refund,request_refund,True
1720,"Naan oru transfer panna try pannen, aana athu decline aayiduchu. Yen?",declined_transfer,declined_transfer,True
1721,Good morning. Naan nethu rathiriyeum innaiku kalaiyeum enoda credit card-ai vachi purchase panna try pannen. Rendu thadavaiyum decline aayiduchu. Ithai konjam check panna mudiyuma?,declined_transfer,declined_cash_withdrawal,False
1722,"Enoda ella transfer-um thodarnthu fail aaguthu. Naan receiver-oda details-ai thirumba thirumba check panni pathen, ellame sariya iruku.",declined_transfer,declined_transfer,True
1723,Enoda transfer yen decline aachchu?,declined_transfer,declined_transfer,True
1724,Transfer pannum pothu decline message varathuku enna karanam?,declined_transfer,declined_transfer,True
1725,"Yen enoda transfer-ai thodarnthu decline panreenga? Ithuvaraikum nalla thaan vela senjuthu, aana ippo naan ethavathu vanga try pannumpothu card decline aayiduchu. Naan rendu moonu thadavai try panniten, aana athe thaan nadakuthu.",declined_transfer,declined_transfer,True
1726,"Enoda card rendu thadavai decline aayiduchu, ithai eppadi sari panrathu?",declined_transfer,declined_card_payment,False
1727,Transfer yen decline aachchu?,declined_transfer,declined_transfer,True
1728,"Enoda transfer decline aaguthu. Enakku eppovum nalla vela senjuthu, aana ippo card-ai decline pannuthu. Naan pala thadavai try panniten.",declined_transfer,declined_transfer,True
1729,Enoda transfer yen decline aachchu?,declined_transfer,declined_transfer,True
1730,Nethu online-la ethavathu vanga card-ai use panna try pannumpothu rendu thadavai decline aayiduchu.,declined_transfer,declined_transfer,True
1731,"Transfer details-ai check panni athu correct-nu confirm panniyum, enoda transfer decline aagurathuku vera enna karanam iruka mudiyum?",declined_transfer,declined_transfer,True
1732,Enoda transfer yen decline aachchu?,declined_transfer,declined_transfer,True
1733,Enoda transfer yen decline aachchu?,declined_transfer,declined_transfer,True
1734,Transfer pathi customer support-ai eppadi contact panrathu?,declined_transfer,transfer_fee_charged,False
1735,"Yen enoda transfer-ai thodarnthu decline panreenga? Ithuvaraikum nalla thaan vela senjuthu, aana ippo naan ethavathu vanga try pannumpothu card decline aayiduchu. Naan rendu moonu thadavai try panniten, aana athe thaan nadakuthu.",declined_transfer,declined_transfer,True
1736,Ennala yen transfer panna mudiyama pochu?,declined_transfer,failed_transfer,False
1737,"Transfer panrathula pirachinai, help-ku contact pannunga.",declined_transfer,beneficiary_not_allowed,False
1738,Enoda transfer yen decline aayiruka mudiyum?,declined_transfer,declined_transfer,True
1739,Enoda card-ai vachi ethavathu vanga try pannumpothu athu thodarnthu decline aaguthu.,declined_transfer,declined_transfer,True
1740,Transfer decline aanathala ennala athai panna mudiyala.,declined_transfer,declined_transfer,True
1741,Naan transfer submit pannumpothu athu decline aaguthu. Naan kudutha details-ai check panniyachu.,declined_transfer,declined_transfer,True
1742,Transfer yen decline aachchu?,declined_transfer,declined_transfer,True
1743,Enoda transfer decline aanathuku enna karanam?,declined_transfer,declined_transfer,True
1744,Enoda transfer decline aayiduchu.,declined_transfer,declined_transfer,True
1745,Enoda transfer decline aayiduchu.,declined_transfer,declined_transfer,True
1746,"Naan enoda panathai transfer panna try pannen, aana enoda transfer decline aayiduchu.",declined_transfer,declined_transfer,True
1747,Enoda transfer yen decline aachchunu naan therinjuka virumburen.,declined_transfer,declined_transfer,True
1748,"Naan transfer panna try pannen, aana athu decline aayiduchu. Yen-nu solla mudiyuma?",declined_transfer,declined_transfer,True
1749,Enna karanathukaga enoda transfer decline aachchu?,declined_transfer,declined_transfer,True
1750,"Enoda panaparimatram niragarikkapattullathu, aanaal athu vetrigaramaaga mudunthirukka vendum endru enakku theriyum.",declined_transfer,pending_transfer,False
1751,"Unga nithiyai meendum saripaarkkavum, athu niragarikkapattirukkalaam.",declined_transfer,pending_transfer,False
1752,Enoda kanakkilirunthu ennaal cash anuppa mudiyala.,declined_transfer,receiving_money,False
1753,"Enoda panaparimatram yen niragarikkapattathu? Naan ella viparangalaiyum sariyaagave koduthullen, aanaalum athu niragarikkappaduguthu.",declined_transfer,pending_transfer,False
1754,"Naan netru inaiyathil yetho vaanga muyandren, aanaal athu thodarnthu niragarikkapattathu endre kaattiyathu. Indrum muyandren, aanaal athethaan nadanthathu. Enna pirachinai?",declined_transfer,top_up_failed,False
1755,"Naan netru inaiyathil yetho vaanga muyandren, aanaal athu thodarnthu niragarikkapattathu endre kaattiyathu. Indrum muyandren, aanaal athethaan nadanthathu. Enna pirachinai?",declined_transfer,top_up_failed,False
1756,Enoda card inaiyathil niragarikkappaduguthu. Account-la enna pirachinai allathu thavaru endru koora mudiyuma?,declined_transfer,top_up_failed,False
1757,Enoda panaparimatram niragarikkappaduvatharku yethethum kattuppadugal kaaranama?,declined_transfer,pending_transfer,False
1758,"Naan netru eBay il oru golf club vaanga muyandren, aanaal enoda credit card niragarikkapattathu. Naan pala murai muyandren, indru kaalaiyum muyandren. Please enoda card-ai saripaarkka mudiyuma?",declined_transfer,top_up_failed,False
1759,"Enoda panaparimatram niragarikkappattuvittathu endru ninaikkiren, aanaal yen?",declined_transfer,cancel_transfer,False
1760,Enoda account-la thirumbap petra cash kaattavillai.,Refund_not_showing_up,cash_withdrawal_not_recognised,False
1761,Enoda account statement-la thirumbap petra cash vidupattullathu.,Refund_not_showing_up,extra_charge_on_statement,False
1762,"Naan panathai thirumbap perumaaru korinen, aanaal athu enakku kidaikkave illai. Naan enna seivathu?",Refund_not_showing_up,wrong_amount_of_cash_received,False
1763,"Naan vaangiya onrirkaana cash thirumbak kidaithirukka vendum, aanaal enoda account-la anthap panathai kaanavillai.",Refund_not_showing_up,Refund_not_showing_up,True
1764,Enoda account statement-la oru thirumbap petra cash vidupattullathu.,Refund_not_showing_up,direct_debit_payment_not_recognised,False
1765,"Enakku uthavi thevai. Naan sila kaalathirku munbu oru viyaabaariyidam panathai thirumbak ketten, aanaal enoda cash innum thirumbak kidaikkala. Naan enoda account-ai saripaarthuk konde irukkiren, aanaal ethuvum kaattavillai. Naan ippo enna seiya vendum?",Refund_not_showing_up,wrong_amount_of_cash_received,False
1766,Enoda thirumbap pera vendiya panathirkaaga naan kaathirukkiren.,Refund_not_showing_up,edit_personal_details,False
1767,Panathai thirumbap peruvatharku evvalavu kaalam edukkum?,Refund_not_showing_up,pending_transfer,False
1768,"Uthavi seiyungal! Naan enoda account-ai saripaarthuk konde irukkiren, aanaal thirumbap pera vendiya cash kaattavillai. Naan sila kaalathirku munbu virpanaiyaalaridam panathai thirumbak ketten, aanaal enoda account-la cash ethuvum kaattavillai. Neenga enakku enna seiya mudiyum?",Refund_not_showing_up,Refund_not_showing_up,True
1769,Enoda thirumbap petra cash yen account statement-la kaattavillai endru koora mudiyuma?,Refund_not_showing_up,Refund_not_showing_up,True
1770,"Naan kadantha vaaram panathai thirumbak ketten, aanaal ithuvarai ethuvum nadakkala, please enakku uthava mudiyuma?",Refund_not_showing_up,wrong_amount_of_cash_received,False
1771,Enoda thirumbap petra cash yen account statement-la vidupattullathu?,Refund_not_showing_up,extra_charge_on_statement,False
1772,Innum thirumbap pera vendiya panathirkaaga kaathirukkiren.,Refund_not_showing_up,pending_transfer,False
1773,"Naan panathai thirumbak korinen, aanaal athu vidupattullathu.",Refund_not_showing_up,wrong_amount_of_cash_received,False
1774,"Vanakkam, neenga kooriyathu pol, naan virpanaiyaalaridam panathai thirumbath tharumaaru kettullen, oru vaaram aagivittathu, innum enoda cash kidaikkala. Please aalosanai kooravum.",Refund_not_showing_up,wrong_amount_of_cash_received,False
1775,"Naan onrai vaangivittu athai thiruppi anuppivitten, aanaal atharkana cash enoda account-la varala.",Refund_not_showing_up,cancel_transfer,False
1776,"Enoda thirumbap pera vendiya cash eppothu kidaikkum endru yethethum theriyuma? Enoda account statement kidaithathu, aanaal athil athu illai.",Refund_not_showing_up,Refund_not_showing_up,True
1777,Anmaiyil thirumbap petra cash yen enoda account statement-la illai?,Refund_not_showing_up,Refund_not_showing_up,True
1778,Enoda account-la thirumbap petra panathai naan engay paarkkalaam?,Refund_not_showing_up,verify_source_of_funds,False
1779,"Enakkup cash thirumbak kidaithirukka vendum, aanaal enoda account meethi maaravillai, yen?",Refund_not_showing_up,age_limit,False
1780,"Naan sila naatkalukku munbu oru viyaabaariyidam panathai thirumbak korinen, aanaal enoda account-la athai kaanavillai.",Refund_not_showing_up,Refund_not_showing_up,True
1781,Thirumbap petra cash enoda account-la varala.,Refund_not_showing_up,Refund_not_showing_up,True
1782,Enoda thirumbap petra cash vetrigaramaaga mudinthuvittatha? Athu enoda account statement-la illai.,Refund_not_showing_up,Refund_not_showing_up,True
1783,Thirumbap petra cash seiyalaakkapattathaaga enoda account statement kaattavillai.,Refund_not_showing_up,Refund_not_showing_up,True
1784,"Naan oru kadaiyilirunthu panathai thirumbak korinen, aanaal athu innum varala.",Refund_not_showing_up,transfer_not_received_by_recipient,False
1785,Enoda account-la thirumbap petra panathai naan innum paarkkala.,Refund_not_showing_up,Refund_not_showing_up,True
1786,Enoda thirumbap petra cash vidupattullathu.,Refund_not_showing_up,topping_up_by_card,False
1787,Enoda thirumbap petra cash enoda account statement-la kaattuvathaaga theriyala.,Refund_not_showing_up,card_payment_not_recognised,False
1788,Enoda account statement-la thirumbap petra panathai naan kaanavillai.,Refund_not_showing_up,Refund_not_showing_up,True
1789,Anmaiyil thirumbap petra panathai yen enoda account statement-la paarkka mudiyala?,Refund_not_showing_up,Refund_not_showing_up,True
1790,"Neenga enakku munnadi sonnapadiye seithu, panathai thirumba peruvatharkaga virpanaiyalarai neradiyaga thodarbu konden, aanal onrum nadakkala! Oru vaaram aagivittathu, enakku innum ethuvum kidaikkala. Please enoda panathai enakku thiruppi thaarungal.",Refund_not_showing_up,wrong_amount_of_cash_received,False
1791,Enoda thirumba pera vendiya cash enga? Naan naal muluvathum enoda account-ai sariparthuk kondirukkiren.,Refund_not_showing_up,verify_source_of_funds,False
1792,"Oru vaaram aagivittathu, ennidam seyyach sonna ellavattrayum naan seithuvitten, aanalum innum onrum nadakkala. Naan virpanaiyalarai thodarbu kondum entha bathilum kidaikkala. Please enoda ematrathai purinthukondu, panathai meendum enoda account-la podungal.",Refund_not_showing_up,Refund_not_showing_up,True
1793,Enakku thirumba vara vendiya cash kidaikkala.,Refund_not_showing_up,wrong_amount_of_cash_received,False
1794,Naan seitha oru kolvanavirkana thirumba peral yen enoda account-la kaattavillai?,Refund_not_showing_up,direct_debit_payment_not_recognised,False
1795,"Naan enoda vangi arikkaigalai thodarnthu sariparthu varugiren, aanal virpanaiyalaridam naan koriya thirumba pera vendiya cash ethuvum enakku kaattavillai. Virpanaiyalaridam irunthu enakku anthap cash kidaippathai ungalaal uruthipadutha mudiyuma?",Refund_not_showing_up,wrong_amount_of_cash_received,False
1796,"Virpanaiyalar enakku bathilalippar என்று naan oru vaaramaga porumaiyudan kaathirukkiren, aanal entha bathilum illai, enoda panathai meendum peruvatharku please enakku melum uthava mudiyuma? Nandri.",Refund_not_showing_up,receiving_money,False
1797,"Virpanaiyalaridam irunthu panathai thirumba peruvatharku enakku sila uthavigal thevai. Naan ithaik kettu neenda naatkalagiyum, athu innum enoda account statement-la kaattavillai. Athu yen innum thirumba varala என்று enakku theriyala. Inthap panathai meendum peruvatharku enakku uthava mudiyuma?",Refund_not_showing_up,Refund_not_showing_up,True
1798,Enoda thirumba pera vendiya panathai peruvatharku evvalavu kaalam edukkum?,Refund_not_showing_up,pending_transfer,False
1799,"Enakku thirumba pera vendiya cash kidaithirukka vendum, aanal athu enoda account statement-la kaattavillai.",Refund_not_showing_up,Refund_not_showing_up,True
1800,Enoda credit card niragarikkapattathu.,declined_card_payment,topping_up_by_card,False
1801,"Enakku anuppappatta puthiya card, netru iravu unavirgaga oru unavagathil payanpadutha muyanrapothu palamurai niragarikkapattathu. Enoda nanbarin piranthanaal iravu unavirgaga cash selutha muyanrapothu enoda card niragarikkapattathal naan migavum ematramum sangadamum adainthen.",declined_card_payment,card_acceptance,False
1802,Enoda card moolamana fee yen niragarikkapattathu?,declined_card_payment,card_payment_fee_charged,False
1803,"Naan indru kadaiyil etho vanga muyanren, aanal enoda card niragarikkapattathu. Ithu yen nadanthathu?",declined_card_payment,top_up_failed,False
1804,"Enoda fee niragarikkappattirukku, inthap pirachinai sariseyyappattuvittathu என்று naan ninaithen!",declined_card_payment,cash_withdrawal_charge,False
1805,Oru kadaiyil enoda card niragarikkapattathu.,declined_card_payment,card_acceptance,False
1806,Athu yen enoda fee-ai niragarithathu?,declined_card_payment,cash_withdrawal_charge,False
1807,Enoda card niragarikkapattathu.,declined_card_payment,lost_or_stolen_card,False
1808,"Enoda account-ai paarthu, enoda card yen niragarikkapattathu என்று koora mudiyuma?",declined_card_payment,top_up_failed,False
1809,"Naan indru veliye senrapothu enoda puthiya card-ai payanpaduthi cash selutha aavalodu irunthen, aanal fee thodarnthu niragarikkapattukkonde irunthathu. Ithu migavum varuthamaaga irukku, enna nadakkuthu?",declined_card_payment,top_up_failed,False
1810,Enoda card-ilana transaction yen niragarikkapattathu?,declined_card_payment,card_not_working,False
1811,Enoda puthiya card thodarnthu niragarikkappattu varuthu. Indru muthalmuraiyaga athai payanpadutha naan migavum aarvamaga irunthen. Ithu yen ippadi seiguthu?,declined_card_payment,top_up_failed,False
1812,"Enoda anmaiya fee niragarikkapattathu, anaithum meendum valamaikku thirumbivittathaga enakku sollappattathu. Enna nadanthathu?",declined_card_payment,wrong_amount_of_cash_received,False
1813,"Enoda account-la pothumana cash irukku என்று enakku theriyum, aanal etho oru kaaranathinal enoda card moolamana fee velai seyyavillai. Naan enna seivathu?",declined_card_payment,card_payment_not_recognised,False
1814,Card moolamana fee yen velai seyyavillai?,declined_card_payment,card_payment_fee_charged,False
1815,"Naan migavum thavikkiren. Yen என்று theriyala, aanal enoda card moolamana fee seluthappadala.",declined_card_payment,card_payment_fee_charged,False
1816,"Enoda card moolamana fee ondru niragarikkapattathu, aanal yen?",declined_card_payment,card_payment_fee_charged,False
1817,Enoda card moolamana fee yen velai seyyavillai என்று ungalukku theriyuma?,declined_card_payment,card_payment_fee_charged,False
1818,"Enoda fee niragarikkapattathal, enoda kattana account-la etho thavaru nadanthullathu.",declined_card_payment,card_payment_wrong_exchange_rate,False
1819,Enoda fee-ai yen niragarikkireergall? Ellam sariyagathan irunthathu.,declined_card_payment,card_payment_fee_charged,False
1820,Enoda fee yen velai seyyavillai என்று enakku theriyala.,declined_card_payment,card_payment_fee_charged,False
1821,Enoda card moolamana fee velai seyyavillai.,declined_card_payment,card_payment_fee_charged,False
1822,Ennidam cash irukkumpothu enoda debit card yen niragarikkappaduguthu?,declined_card_payment,direct_debit_payment_not_recognised,False
1823,Enoda card etrukkollappadala.,declined_card_payment,lost_or_stolen_card,False
1824,Enoda card moolamana fee yen velai seyyavillai என்று enakku theriyave illai.,declined_card_payment,card_payment_fee_charged,False
1825,"Enoda card moolamana fee velai seyyavillai, ungalaal uthava mudiyuma?",declined_card_payment,card_payment_fee_charged,False
1826,"Etho oru kaaranathinal kadaiyil enoda card niragarikkapattathu, please ithai enakkaga paarka mudiyuma?",declined_card_payment,lost_or_stolen_card,False
1827,Please enoda card yen niragarikkapattathu என்று vilakkungal?,declined_card_payment,lost_or_stolen_card,False
1828,"Vanakkam, enoda puthiya card-il kattanangal meendum meendum niragarikkappaduvathal naan pirachinaiyai ethirkolgiren. Please inthap pirachinaiyil enakku uthavungal.",declined_card_payment,card_about_to_expire,False
1829,Enoda card moolamana fee yen niragarikkappaduguthu என்று ungalukku theriyuma?,declined_card_payment,card_payment_fee_charged,False
1830,Enoda payment yen decline aachchu?,declined_card_payment,declined_card_payment,True
1831,Avanga enoda card payment-ai decline pannitanga.,declined_card_payment,declined_card_payment,True
1832,Enoda card payment yen decline aahi irukku?,declined_card_payment,declined_card_payment,True
1833,"Oruvaliya enoda puthu card kedachuruchu, iniku atha use panna romba excited-ah irunthen. aanal enoda payment thodarnthu decline aahite irukku. enna nadakuthu?",declined_card_payment,declined_card_payment,True
1834,Enoda card payment complete aahala.,declined_card_payment,pending_card_payment,False
1835,Oru kadaiyila enoda card vela seiyala.,declined_card_payment,card_not_working,False
1836,Card payment decline aayiducha?,declined_card_payment,declined_card_payment,True
1837,"Naan enoda card-ai use panna try pannen, aana athu thodarnthu decline aahite irukku, yen?",declined_card_payment,declined_card_payment,True
1838,Enoda card payment-ai eppadi sari seiyurathu?,declined_card_payment,card_not_working,False
1839,"Yen enoda payment-ai thodarnthu decline panreenga? naan intha card-ai vachchu ready-ah pala thadava try panniten, aana athu vela seiyave illa.",declined_card_payment,declined_card_payment,True
1840,"Naan transfer panniten, yen athu pending-la irukku?",pending_transfer,pending_transfer,True
1841,Money transfer show aahurathuku evvalavu neram aahum?,pending_transfer,pending_transfer,True
1842,Enoda transfer innum yen mudiyala?,pending_transfer,failed_transfer,False
1843,Enaku oru pending transfer irukku.,pending_transfer,pending_transfer,True
1844,Pending-la irukura money transfer process aahurathukaha naan wait panren.,pending_transfer,pending_transfer,True
1845,"Naan transfer panniten, aana athu innum pending-la thaan irukku.",pending_transfer,pending_transfer,True
1846,"Enoda transfer onnu pending-la irukku, athu process aaha evvalavu neram aahum-nu therinjuka virumburen?",pending_transfer,pending_transfer,True
1847,"Oruvaliya transfer aayiduchu, aana ippo athu romba nerama pending-la irukku. naan evvalavu neram wait pannanum-nu ethirpaakureenga? ithu romba urgent.",pending_transfer,pending_transfer,True
1848,"Naan oru transfer panni irunthen, aana athu innum pending-la thaan irukku.",pending_transfer,pending_transfer,True
1849,"Naan enoda transfer-ai submit panniten, aana athu romba nerama pending-la irukku, yen ivvalavu neram aahuthu-nu yosikuren? athu yen innum complete aahala?",pending_transfer,pending_transfer,True
1850,Transfer-ai eppadi speed up panrathu? ennodathu pending-la irukku.,pending_transfer,pending_transfer,True
1851,Oru EU transfer-uku evvalavu neram aahum?,pending_transfer,pending_transfer,True
1852,Enoda transfer innum pending-nu thaan kaatuthu.,pending_transfer,pending_transfer,True
1853,"Naan vera oru country-ku kaasu transfer panna try panren. athu pending-la thaan irukku, send aahala. enoda account details ellam correct. thavu senju enaku help pannunga.",pending_transfer,pending_transfer,True
1854,"Enoda transfer innum pending-la thaan irukku, account number-lam correct-nu enaku theriyum. thavu senju help pannunga.",pending_transfer,pending_transfer,True
1855,"Naan nethu kaasu transfer pannen, aana athu innum kedaikala?",pending_transfer,transfer_not_received_by_recipient,False
1856,Oru transfer evvalavu neram pending-la irukum?,pending_transfer,pending_transfer,True
1857,Transfer evvalavu neram pending-la irukum?,pending_transfer,pending_transfer,True
1858,Enoda transfer innum yen send aahala?,pending_transfer,pending_transfer,True
1859,Transfer eppo complete aahum?,pending_transfer,pending_transfer,True
1860,Transfer yen pending-nu kaatuthu-nu thavu senju explain pannunga?,pending_transfer,pending_transfer,True
1861,"Account details correct-ah-nu naan double check panniten, athu nichayama correct thaan. transfer romba naala pending-la irukku. ippo enna pannanum?",pending_transfer,pending_transfer,True
1862,Enoda transfer eppo complete aahum?,pending_transfer,failed_transfer,False
1863,Transfer pending-nu kaatrathuku enna kaaranam?,pending_transfer,pending_transfer,True
1864,Transfer eppo complete aahum?,pending_transfer,pending_transfer,True
1865,Pending transfer-ah?,pending_transfer,pending_transfer,True
1866,"Enoda payment innum yen pending-la irukku-nu therinjuka virumburen, help panna mudiyuma?",pending_transfer,pending_card_payment,False
1867,"Yaaro enaku kaasu transfer pannitanga, aana athu kaatala.",pending_transfer,balance_not_updated_after_bank_transfer,False
1868,Oru transfer confirm aahurathuku evvalavu neram aahum?,pending_transfer,pending_transfer,True
1869,Naan 12 hours-ku munnadi transfer pannen. athu yen innum pending-nu kaatuthu?,pending_transfer,pending_transfer,True
1870,"Enoda panaparimatram yen ""pending"" endru kaatukirathu?",pending_transfer,pending_transfer,True
1871,Oru panaparimatram evvalavu kaalam pending-la irukkum endru naan ethirpaarkkalaam?,pending_transfer,pending_transfer,True
1872,Enoda panaparimatram evvalavu kaalathirku pending-la irukkum?,pending_transfer,pending_transfer,True
1873,2018 il veroru naatitku cash anuppuvathatku ivvalavu kaalam edukka koodathu. Enoda panaparimatram miga neenda kaalamaga pending-la ullathu. Enoda account vibarangal sariyanaivai enbathai naan saripaarthuvitten.,pending_transfer,pending_transfer,True
1874,Panaparimatram yen kaattappadala?,pending_transfer,cancel_transfer,False
1875,"Panaparimatram pending-la iruppathaga kaatukirathu, indre cash selutha vendiya iruthi naalagum. Enakku aethenum fee vithikkappaduma?",pending_transfer,pending_transfer,True
1876,Panaparimatram kaattappadavatharkaga naan innum kaathutu irukken.,pending_transfer,pending_transfer,True
1877,Enoda panaparimatram innum mulumaiyadaiyavillai.,pending_transfer,pending_transfer,True
1878,Enoda panaparimatram yen innum pending-la ullathu endru enakku kulappamaga irukku.,pending_transfer,pending_transfer,True
1879,Oru panaparimatram kaattappadavatharku evvalavu kaalam edukkum?,pending_transfer,pending_transfer,True
1880,Please enoda account-ai neekka mudiyuma?,terminate_account,terminate_account,True
1881,"Naan oru account-ai mooda virumbugiren, aanal ethirkalathil puthiyathondrai aarambippathu patri enakku theriyala, neenga ethanai parinthuraikkireergall?",terminate_account,age_limit,False
1882,Enoda account neekkappada vendum.,terminate_account,terminate_account,True
1883,Please enoda account-ai neekka virumbugiren.,terminate_account,terminate_account,True
1884,Enoda account-ai mooduvatharku naan enna nadavadikkaigalai edukka vendum?,terminate_account,age_limit,False
1885,Enakku eerpatta athanai pirachinaigalalum naan sorvadainthuvitten. Enakku intha account vendaam!,terminate_account,age_limit,False
1886,Please enoda account-ai ippoluthe neekungal!,terminate_account,terminate_account,True
1887,Naan enoda account-ai mooda virumbugiren.,terminate_account,terminate_account,True
1888,"Ungaludan thirupthiyillai, account-ai eppadi neekkuvathu?",terminate_account,transfer_into_account,False
1889,Naan enoda account-ai neekka virumbugiren.,terminate_account,terminate_account,True
1890,"Intha niruvanathil enakku perum thirupthyeenam ullathu, enoda account-ai neekka virumbugiren!",terminate_account,terminate_account,True
1891,Enakku unga niruvanathai pidikkala. Enoda account-ai neekungal.,terminate_account,terminate_account,True
1892,Naan enoda account-ai mooda virumbugiren.,terminate_account,terminate_account,True
1893,Intha niruvanam migavum mosamanathu! Enoda account-ai neekka mudiyuma?,terminate_account,terminate_account,True
1894,"Intha niruvanam mosamanathu, please enoda account-ai neekungal.",terminate_account,terminate_account,True
1895,"Please enoda account-ai neekungal, unga sevaigal thirupthigaramaaga illai.",terminate_account,terminate_account,True
1896,Enoda account-ai neekkuvatharku enakku unga uthavi thevai.,terminate_account,terminate_account,True
1897,"Intha niruvanathin sevai migavum mosamaga ullathu, naan enoda account-ai nirutha vendum.",terminate_account,terminate_account,True
1898,Intha account-ai neekungal!,terminate_account,transfer_into_account,False
1899,Enoda account-ai evvalavu seekkiram mudiyumo avvalavu seekkiram eppadi neekkuvathu?,terminate_account,terminate_account,True
1900,"Intha niruvanam nallathalla, naan enoda account-ai neekka virumbugiren.",terminate_account,terminate_account,True
1901,Please enoda account-ai neekka mudiyuma?,terminate_account,terminate_account,True
1902,"Unga niruvanathil enakku thirupthiyillai, enoda kanakkugalai neekka virumbugiren!",terminate_account,age_limit,False
1903,Please enoda account-ai neekungal. Unga niruvanathin sevaiyil enakku magilchiyillai.,terminate_account,terminate_account,True
1904,Please enoda account-ai niruthungal.,terminate_account,terminate_account,True
1905,"Intha mosamana niruvanathal naan salippadainthuvitten, enoda account-ai mooda virumbugiren.",terminate_account,terminate_account,True
1906,Please enoda account-ai moodungal. Unga sevaiyil enakku thirupthiyillai.,terminate_account,terminate_account,True
1907,Please enoda account-ai neekungal.,terminate_account,terminate_account,True
1908,Unga sevai migavum mosamanathu. Enoda account-ai neekungal.,terminate_account,terminate_account,True
1909,Enoda account neekkappada vendum ena naan virumbugiren!,terminate_account,terminate_account,True
1910,"Intha app enaku romba thirupthiyilla, enoda account-ai delete panna virumburen.",terminate_account,terminate_account,True
1911,Enoda account-ai naan eppadi delete seivathu?,terminate_account,terminate_account,True
1912,Intha company romba mosam! enoda account-ai delete panna mudiyuma?,terminate_account,terminate_account,True
1913,Enoda account-ai close panna virumburen. neenga thara service enaku pidikala.,terminate_account,terminate_account,True
1914,Enoda account-ai delete panna enaku uthava mudiyuma?,terminate_account,terminate_account,True
1915,"Ungaloda services ini enaku payanulla thagaimaiyaga illai, enoda account-ai eppadi delete seivathu?",terminate_account,terminate_account,True
1916,"Please enoda account-ai delete pannunga, intha company enaku set aagala!",terminate_account,terminate_account,True
1917,Enoda account-ai delete panna virumburen. neenga thara sevaiyil enaku thirupthiyillai.,terminate_account,terminate_account,True
1918,Enoda account-ai eppadi close seivathu endru enaku solla mudiyuma?,terminate_account,terminate_account,True
1919,Intha company romba mosam! enoda account-ai terminate panna mudiyuma?,terminate_account,terminate_account,True
1920,"ATM machine enoda card-ai ""eduthukondal"" naan enna seiya vendum?",card_swallowed,card_swallowed,True
1921,Machine-ilirunthu enoda card-ai naan eppadi thirumba peruvathu?,card_swallowed,card_swallowed,True
1922,"Naan cash eduthu kondu irunthen, enoda card veliye varala.",card_swallowed,card_arrival,False
1923,Machine enoda card-ai ulle izhuthukondathal naan enna seivathu? enaku veru ondru thevai.,card_swallowed,card_swallowed,True
1924,"ATM enoda card-ai ulle izhutha piragu, athai naan eppadi thirumba peruvathu?",card_swallowed,card_swallowed,True
1925,ATM enoda card-ai eduthukondathu.,card_swallowed,card_swallowed,True
1926,Machine-ilirunthu enoda ATM card-ai thirumba pera ethavathu vazhi irukiratha?,card_swallowed,card_swallowed,True
1927,ATM enoda card-ai vizhungivittathu endru ninaikiren.,card_swallowed,card_swallowed,True
1928,ATM enoda card-ai thirumba tharavillai!,card_swallowed,card_swallowed,True
1929,Antha paalaipona ATM-il irunthu enoda card-ai naan eppadi veliye eduppathu?,card_swallowed,atm_support,False
1930,ATM enoda card-ai thirumba thara marukirathu!,card_swallowed,card_swallowed,True
1931,Enoda card-ai naan eppadi thirumba veliye eduppathu?,card_swallowed,card_swallowed,True
1932,ATM machine enoda card-ai eduthukondathu.,card_swallowed,card_swallowed,True
1933,High St. Kensington-il ulla Metro bank ATM enoda card-ai vizhungivittathu. athai naan eppadi thirumba peruvathu?,card_swallowed,card_swallowed,True
1934,"Enoda ATM card maatikondathu, enna seivathu endru enaku theriyala.",card_swallowed,card_swallowed,True
1935,ATM enoda card-ai vizhungivittathu.,card_swallowed,card_swallowed,True
1936,ATM enoda card-ai thirumba tharavillai.,card_swallowed,card_swallowed,True
1937,Enoda card ATM-al parimuthal seiyapattullathu. enoda card-ai naan eppadi thirumba peruvathu?,card_swallowed,card_swallowed,True
1938,ATM enoda card-ai vizhungivittal naan enna seivathu?,card_swallowed,card_swallowed,True
1939,ATM-il innum enoda card irukirathu.,card_swallowed,card_arrival,False
1940,ATM enoda card-ai vizhungivittal naan enna seivathu?,card_swallowed,card_swallowed,True
1941,ATM enoda card-ai thirumba tharaavittal enna nadakkum?,card_swallowed,card_swallowed,True
1942,ATM-il irunthu enoda card-ai veliye izhukka mudiyala. enaku uthavungal.,card_swallowed,atm_support,False
1943,Enaku oru pirachinai! ATM enoda card-ai eduthukondathu!,card_swallowed,card_swallowed,True
1944,ATM yen enoda card-ai vizhunga vendum?,card_swallowed,card_swallowed,True
1945,Enoda card ATM-al eduthukollapattathu.,card_swallowed,card_swallowed,True
1946,Uthavungal! ATM enoda card-ai thirumba tharavillai.,card_swallowed,card_swallowed,True
1947,Antha muttaal machine enoda card-ai vizhungivittathu!! enaku udanadiyaaga puthiya ondru thevai.,card_swallowed,card_swallowed,True
1948,ATM-il maatikonda card-ai eppadi thirumba peruvathu?,card_swallowed,card_swallowed,True
1949,"Enoda card ATM-il maatikondathu, naan enna seiya mudiyum?",card_swallowed,card_swallowed,True
1950,"Naan cash eduthu kondirunthen, enoda card-ai thirumba pera mudiyala.",card_swallowed,card_swallowed,True
1951,"Enoda card ATM iyandhirathil maatikondal, naan enna seyya vendum?",card_swallowed,card_swallowed,True
1952,Enoda card-ai ATM iyandhiram vilungivittathu.,card_swallowed,card_swallowed,True
1953,"Naan cash eduthu kondirunthen, enoda card-ai meendum pera mudiyala.",card_swallowed,card_swallowed,True
1954,Enoda card ATM iyandhirathil maatikondal naan enna seyya vendum?,card_swallowed,card_swallowed,True
1955,High St. Kensingtonil ulla Metro vangiyin ATM enoda card-ai thiruppith tharavillai. Ippothu vangi moodappattiruppathal naan enna seyya vendum?,card_swallowed,card_swallowed,True
1956,ATM enoda card-ai thiruppith tharavillai.,card_swallowed,card_swallowed,True
1957,"Naan oru ATM-il irunthen, athu enoda card-ai vilungivittathu.",card_swallowed,card_swallowed,True
1958,"Enna ithu??? Naan High St. Kensingtonil ulla Metro vangiyil sirithu cash edukka muyanren, entha oru arivippum indri athu iyandhirathirkul marainthuvittathu. Vangi erkanave moodappattirunthathal ennal ethuvum seyya mudiyala. Athai naan eppadi thirumbap peruvathu?",card_swallowed,wrong_amount_of_cash_received,False
1959,Enoda card ATM iyandhirathil maatikondal enna nadakkum?,card_swallowed,card_swallowed,True
1960,"Oru kattanathirkaga ennidam rendu murai cash vasoolikkappattirukku, athai naan eppadi sariseyvathu?",transaction_charged_twice,transaction_charged_twice,True
1961,"Naan America matrum Canadavirku unavugalai rusippatharkana oru vidumuraip payanathai mudithuvittu ippothuthan thirumbinen, enoda account-la pending-la ulla matrum irattippana transactions pala ullana. Etho thavaru nadanthullathu endru ninaikkiren, please ithai aaraya mudiyuma?",transaction_charged_twice,cancel_transfer,False
1962,Oru unavagathirkaga ennidam yen rendu murai fee vasoolikkappaduguthu?,transaction_charged_twice,transaction_charged_twice,True
1963,Enoda kolvanavirkaga yen rendu murai fee vasoolikkappattathu enbathai naan ariya virumbugiren.,transaction_charged_twice,transaction_charged_twice,True
1964,Naan ithai rendu murai vangavillai.,transaction_charged_twice,transaction_charged_twice,True
1965,Ore vishayathirkaga ennidam yen rendu murai fee vasoolikkappattathu?,transaction_charged_twice,transaction_charged_twice,True
1966,"Enoda card-la yen ondrukku merpatta kattanangal ullana? Naan oru murai mattume cash seluthinen, rendu murai alla, ithai naan eppadi sariseyvathu?",transaction_charged_twice,get_disposable_virtual_card,False
1967,App-la oru irattippuk fee kaattuthu. Ore vishayathirkku rendu murai fee vasoolikkappaduvathai naan eppadi thaduppathu?,transaction_charged_twice,transaction_charged_twice,True
1968,Ore parivarthanaikaga ennidam yen ondrukku merpatta murai fee vasoolikkappada vendum?,transaction_charged_twice,transfer_fee_charged,False
1969,7 naatkul ore porulukku rendu murai fee vasoolikkappaduvathu eppadi ondrukku merpatta murai nigazhalaam endru naan yosithuktu irukken. Ithai evvalavu seekkiram sariseyya mudiyumo avvalavu seekkiram sariseyya aethenum vazhi ullatha?,transaction_charged_twice,cancel_transfer,False
1970,Ennidam rendu murai fee vasoolikkappattullatha endru please sariparkka mudiyuma?,transaction_charged_twice,transaction_charged_twice,True
1971,Ennidam rendu murai fee vasoolikkappattirukku.,transaction_charged_twice,transaction_charged_twice,True
1972,Kadantha vaaram naan vangiya sila porutkalukku ennidam irattippuk fee vasoolikkappattathaga theriyuthu. Please ithai marupariseelanai seythu sariseyyavum.,transaction_charged_twice,card_payment_wrong_exchange_rate,False
1973,"Intha vaaram sila porutkalukku ennidam irattippuk fee vasoolikkappattathaga theriyuthu. Please ithai enakkaga aaraanthu, irattippaga vasoolikkappatta amount-ai enoda card-ku thiruppith thara aethenum vazhi ullatha?",transaction_charged_twice,card_arrival,False
1974,"Enoda transactions-ai saripartha piragu, intha vaara thodakkathil naan sendra oru unavagathilirunthu ennidam rendu murai fee vasoolikkappattathai avathanithen. Thavarana kattanangalil ondrai neekki, atharkana panathai naan thirumbap pera mudiyuma?",transaction_charged_twice,cancel_transfer,False
1975,Oru fee rendu murai kaattappaduvatharku etho oru thavaru nadanthirukkalaam endru ninaikkiren.,transaction_charged_twice,transaction_charged_twice,True
1976,Oru transaction yen pala murai kaattappaduguthu?,transaction_charged_twice,transaction_charged_twice,True
1977,Enoda account-la irattippuk kattanangal polath thondruvathai kaangiren.,transaction_charged_twice,balance_not_updated_after_cheque_or_cash_deposit,False
1978,Ore vishayathirkaga ennidam yen pala murai fee vasoolikkappattathu?,transaction_charged_twice,transaction_charged_twice,True
1979,"Ennidam oru nagal card irunthathu, rendu murai fee vasoolikkappattathu. Ithai naan eppadi theerppathu?",transaction_charged_twice,transaction_charged_twice,True
1980,"Vanakkam. Enoda transactions-ai sariparthapothu, oru unavagathirku sendratharkaga enoda card-la irattippuk fee vasoolikkappattathai kanden. Enoda panathai naan thirumbap pera virumbugiren.",transaction_charged_twice,cancel_transfer,False
1981,Ennidam yen rendu murai fee vasoolikkappaduguthu?,transaction_charged_twice,transaction_charged_twice,True
1982,"Enoda card-oda transactions migavum visithiramaga therigindrana. Intha vaaram sila porutkalukku ennidam rendu murai fee vasoolikkappattirukku! Please ithai sariparthu, irattippaga vasoolikkappatta amount-ai thiruppith tharavum.",transaction_charged_twice,transaction_charged_twice,True
1983,"Please enoda card-oda koduppanavaigalai sariparkkavum. Oru irattippuk fee ullathu, aanal naan athai oru murai mattume vanginen.",transaction_charged_twice,direct_debit_payment_not_recognised,False
1984,"Intha vaaram ondrukku merpatta murai, ore parivarthanaikaga ennidam ondrukku merpatta murai fee vasoolikkappattirukku. Please ipprachinaiyai sariseythu, irattippuk kattanangalai thiruppith tharavum.",transaction_charged_twice,transaction_charged_twice,True
1985,Enoda account-la oru transaction pala murai meendum meendum seyyappattirukku.,transaction_charged_twice,transaction_charged_twice,True
1986,Ore parivarthanaikaga ennidam ondrukku merpatta murai fee vasoolikkappattirukku.,transaction_charged_twice,transaction_charged_twice,True
1987,Oru parivarthanaikaga enoda card-la rendu thanithani murai fee vasoolikkappattirukku.,transaction_charged_twice,transaction_charged_twice,True
1988,Oru koduppanavu yen rendu murai kaattappaduguthu enbathai vilakka mudiyuma?,transaction_charged_twice,transaction_charged_twice,True
1989,Ore parivarthanaikaga ennidam yen rendu murai fee vasoolikkappattirukku?,transaction_charged_twice,transaction_charged_twice,True
1990,Ore kodukalvaangaluku ennidam pala thadavai cash aravidapattirupathai naan kaankiren.,transaction_charged_twice,transaction_charged_twice,True
1991,Ennidam rendu murai fee aravidapattullathu.,transaction_charged_twice,transaction_charged_twice,True
1992,Ore kodukalvaangalil enakku pala kattanangal aravidapattullana.,transaction_charged_twice,transaction_charged_twice,True
1993,"Enoda card moolamaana koduppanavu rendu murai seyyapattullathu pol therikirathu. naan munnar kadaiyil cash selutha senrapothu, oru murai niraagarikkapattu, rendavathu murai velai seithathu. aanaal app innum oru koduppanavai pendingil kaattuthu. athu thavaranaathu matrum niraagarikkapattathu enpathaal please athai neeka mudiyuma?",transaction_charged_twice,top_up_failed,False
1994,Enakku oru kodukalvaangal pala murai kaattuthu.,transaction_charged_twice,get_disposable_virtual_card,False
1995,"Intha vaaram naan senra oru unavagathil irunthu enakku rendu murai fee aravidapattullathu, antha koduppanavugalil onrai enoda kanakkilirunthu neeka virumbukiren.",transaction_charged_twice,direct_debit_payment_not_recognised,False
1996,Enoda account-la ore kodukalvaangal onrukku merpatta thadavaihal ullaathu.,transaction_charged_twice,transaction_charged_twice,True
1997,Enakku oru irattai koduppanavu kaattuthu.,transaction_charged_twice,wrong_amount_of_cash_received,False
1998,Naan seitha oru koduppanavukku oru muraiku pathilaaga rendu murai fee aravidapattullathu.,transaction_charged_twice,transaction_charged_twice,True
1999,"Ore selavukkaaga ennidam rendu murai fee aravidapattullathu enru naan karuthinaal, atharkaana theervugal enna?",transaction_charged_twice,transaction_charged_twice,True
2000,Enoda nithiyin aathaarathai naan saripaarka mudiyuma?,verify_source_of_funds,receiving_money,False
2001,Nithi aathaaram patriya thagavalgal enakku vendum.,verify_source_of_funds,wrong_amount_of_cash_received,False
2002,Enoda nithi engirunthu perappadukirathu?,verify_source_of_funds,verify_source_of_funds,True
2003,Enoda panathin aathaarathai naan saripaarka virumbukiren.,verify_source_of_funds,verify_source_of_funds,True
2004,Nithi engirunthu varukirathu?,verify_source_of_funds,verify_source_of_funds,True
2005,Enoda nithiyin aathaaram enna?,verify_source_of_funds,verify_my_identity,False
2006,Enoda nithi aathaarathai naan saripaarka vendum.,verify_source_of_funds,verify_source_of_funds,True
2007,Enoda panathin aathaarathai naan paarka virumbukiren.,verify_source_of_funds,verify_source_of_funds,True
2008,Enoda nithi aathaaram patriya intha anaithu thagavalgalum ungalukku yen thevai?,verify_source_of_funds,why_verify_identity,False
2009,Nithi aathaarathai naan eppadi saripaarkkalaam?,verify_source_of_funds,verify_my_identity,False
2010,Enoda nithi engirunthu vanthathu enru naan eppadi kooruvathu?,verify_source_of_funds,verify_source_of_funds,True
2011,Ennidam ulla nithiyin aathaaram enna?,verify_source_of_funds,fiat_currency_support,False
2012,Enoda nithi uruvaana idathai naan kandariya mudiyuma?,verify_source_of_funds,receiving_money,False
2013,Enoda nithi aathaaram saripaarkkapada vendum.,verify_source_of_funds,edit_personal_details,False
2014,Enoda nithi aathaarathai saripaarka ungalukku enna thagavalgal thevai?,verify_source_of_funds,verify_my_identity,False
2015,Enoda nithi aathaaram saripaarkkapada vendum. naan ithai eppadi seivathu?,verify_source_of_funds,verify_my_identity,False
2016,Enoda nithi saripaarkkapada vendum.,verify_source_of_funds,verify_my_identity,False
2017,Nithi engirunthu vanthathu enru saripaarka enakku uthavungal.,verify_source_of_funds,verify_source_of_funds,True
2018,Nithi engirunthu varukirathu enru naan ariya virumbukiren.,verify_source_of_funds,verify_source_of_funds,True
2019,Enoda panathin aathaaram enna?,verify_source_of_funds,verify_source_of_funds,True
2020,Ennidam ulla panathin aathaarathai naan enga kandariyalaam?,verify_source_of_funds,verify_source_of_funds,True
2021,Nithi engirunthu vanthathu enpathai naan eppadi theduvathu?,verify_source_of_funds,verify_source_of_funds,True
2022,Enoda nithi matrum athu engirunthu vanthathu enra varalaatruai naan paarka mudiyuma?,verify_source_of_funds,verify_source_of_funds,True
2023,Enoda nithi aathaarathai naan saripaarka vendum.,verify_source_of_funds,verify_source_of_funds,True
2024,Ennidam ulla nithiyin aathaarathai naan eppadi paarpathu?,verify_source_of_funds,verify_my_identity,False
2025,Enoda cash engirunthu varukirathu?,verify_source_of_funds,verify_source_of_funds,True
2026,Enoda nithi aathaarathai naan uruthipadutha vendum.,verify_source_of_funds,verify_my_identity,False
2027,Enoda nithi engirunthu varukirathu? naan ariya vendum.,verify_source_of_funds,verify_source_of_funds,True
2028,Ennidam ulla cash engirunthu vanthathu?,verify_source_of_funds,verify_source_of_funds,True
2029,Enoda cash engirunthu varukirathu enru neenga yen therinthu kolla vendum?,verify_source_of_funds,verify_source_of_funds,True
2030,Enoda cash engirunthu varukirathu enpathai naan eppadi parpathu?,verify_source_of_funds,verify_source_of_funds,True
2031,Enoda nithikkaana aathaarathai naan eppadi check panrathu?,verify_source_of_funds,verify_my_identity,False
2032,Enoda panathin aathaarathai naan engay paarka mudiyum?,verify_source_of_funds,verify_source_of_funds,True
2033,"Enoda nithiyin aathaaram enna, athai verify seiya veandum",verify_source_of_funds,verify_top_up,False
2034,Enoda nithi engirunthu varukirathu?,verify_source_of_funds,verify_source_of_funds,True
2035,Enoda nithiyin aathaarathai naan eppadi check panrathu?,verify_source_of_funds,verify_my_identity,False
2036,Enoda nithikkaana aathaarathai naan eppadi parpathu?,verify_source_of_funds,edit_personal_details,False
2037,Enoda nithi engirunthu varukirathu enpathai naan eppadi therinjukolvathu?,verify_source_of_funds,verify_source_of_funds,True
2038,Aanal intha cash ellaam engirunthu thaan varuthu?,verify_source_of_funds,verify_source_of_funds,True
2039,Enoda nithiyin aathaarathai verify panna naan enna seiya veandum?,verify_source_of_funds,unable_to_verify_identity,False
2040,Enoda velinaattu transfer-kaaga naan ethanai naatkal wait pannanum?,transfer_timing,transfer_timing,True
2041,US-la irunthu transfer seiya wait panra time enna?,transfer_timing,transfer_timing,True
2042,Enakku China-la irunthu fast transfer thevai? Athu evvalavu fast-ah irukkum?,transfer_timing,transfer_timing,True
2043,Enoda account-la transfer-ah evvalavu seekiram naan paarka mudiyum?,transfer_timing,transfer_timing,True
2044,Enoda account-ku funds vara ethanai naatkal aagum?,transfer_timing,transfer_timing,True
2045,Enoda transfer complete aaga evvalavu kaalam aagum?,transfer_timing,pending_transfer,False
2046,Velinaattil-irunthu varum transfers-ku kooduthal time edukkuma?,transfer_timing,transfer_timing,True
2047,Naan evvalavu fast-ah oru transfer-ah seiya mudiyum?,transfer_timing,failed_transfer,False
2048,Transfers enoda balance-la reflect aaga evvalavu neram aagum?,transfer_timing,balance_not_updated_after_bank_transfer,False
2049,"Naan overseas-la irunthu bank transfer start panna, intha process mudiya evvalavu neram aagum?",transfer_timing,transfer_timing,True
2050,Enoda account-ku cash vara evvalavu neram aagum?,transfer_timing,transfer_timing,True
2051,Transfer eppo enoda account-ai vanthadaiyum?,transfer_timing,transfer_timing,True
2052,Enoda account-la transfer eppo varum nuh naan ethirpaarka veandum?,transfer_timing,transfer_timing,True
2053,Enoda transfer udanadiyaaga enoda account-la kaattapaduma?,transfer_timing,balance_not_updated_after_bank_transfer,False
2054,"Naan China-la irunthu oru fast transfer seiya veandumanaal, atharku evvalavu neram aagum nuh naan ethirpaarka veandum?",transfer_timing,transfer_timing,True
2055,Cash eppo enoda account-ku transfer aagum?,transfer_timing,transfer_timing,True
2056,Transfer enoda account-ai vanthadaiya naan evvalavu neram wait pannanum?,transfer_timing,transfer_timing,True
2057,US valiyaaga enoda account-ku funds vara evvalavu neram aagum?,transfer_timing,transfer_timing,True
2058,Enoda overseas transfer wait time evvalavu?,transfer_timing,transfer_timing,True
2059,US-la irunthu oru transfer-ku ethanai naatkal aagum?,transfer_timing,transfer_timing,True
2060,US-la irunthu varum transfer-kaaga naan evvalavu neram wait pannanum?,transfer_timing,transfer_timing,True
2061,US transfer-kaana wait time evvalavu?,transfer_timing,transfer_timing,True
2062,Enoda account-la cash vara innum ethanai naatkal aagum?,transfer_timing,transfer_timing,True
2063,Oru transfer-ku evvalavu neram aagum?,transfer_timing,transfer_timing,True
2064,US-la irunthu transfer seivatharkana time frame enna?,transfer_timing,transfer_timing,True
2065,US transfer-ah naan eppo peruvean?,transfer_timing,transfer_timing,True
2066,China-la irunthu oru urgent transfer-ku thoraayamaaga evvalavu neram aagum?,transfer_timing,transfer_timing,True
2067,"Naan overseas-la irunthu oru bank transfer start pannen, itharku evvalavu neram aagum?",transfer_timing,transfer_timing,True
2068,Overseas-la irunthu varum transfers-ah process seiya evvalavu neram aagum?,transfer_timing,transfer_timing,True
2069,Oru bank-la irunthu innoru bank-ku funds transfer seiya evvalavu neram aagum?,transfer_timing,balance_not_updated_after_bank_transfer,False
2070,"Naan seenavukku avasaramaa ethaiyavathu transfer panna, athu poyichera approximate date enna?",transfer_timing,beneficiary_not_allowed,False
2071,Naan seenavukku evvalavu fast-aa mudiyumo avvalavu fast-aa transfer pannanum. athu seenavukku poyichera evvalavu neram edukkum?,transfer_timing,transfer_timing,True
2072,Oru transfer enoda account-ku vara naan evvalavu neram wait pannanum?,transfer_timing,transfer_timing,True
2073,Enoda kaasu enoda account-la kaatta evvalavu neram edukkum?,transfer_timing,balance_not_updated_after_bank_transfer,False
2074,Kaasu anuppunathula irunthu athu enoda account-ku poyichera evvalavu neram edukkum?,transfer_timing,transfer_into_account,False
2075,Transfer enoda account-ku poyichera evvalavu neram edukkum?,transfer_timing,transfer_timing,True
2076,Enoda transfer foreign-la irunthu endal athukku evvalavu neram edukkum?,transfer_timing,balance_not_updated_after_bank_transfer,False
2077,Seenavula irunthu naan transfer panna vendiya oru mukkiyamaana vishayam irukku. ithukku approximate-aa evvalavu neram edukkum?,transfer_timing,balance_not_updated_after_bank_transfer,False
2078,Seenavula irunthu transfer panna evvalavu neram edukkum?,transfer_timing,balance_not_updated_after_bank_transfer,False
2079,Enoda account-la kaasu eppo varum?,transfer_timing,transfer_into_account,False
2080,Enoda card payment stop pannappattuttu nenaikkiren.,reverted_card_payment?,reverted_card_payment?,True
2081,Enoda card payment revert aayittu. yen?,reverted_card_payment?,reverted_card_payment?,True
2082,App enoda payment-a revert pannittu.,reverted_card_payment?,reverted_card_payment?,True
2083,Enoda card payment cancel aayittu.,reverted_card_payment?,reverted_card_payment?,True
2084,Enoda payment yen cancel aachchu?,reverted_card_payment?,reverted_card_payment?,True
2085,"Naan payment pannen, aana app payment-a revert pannittu.",reverted_card_payment?,reverted_card_payment?,True
2086,Enoda payment app-ala revert pannappattuttu.,reverted_card_payment?,reverted_card_payment?,True
2087,"Hello, naan vaangina porulukku kaasu poiyittu, aana ippo seller thangalukku kaasu kidaikkala nu contact pannaanga. apram kaasu enoda account-ke thirumba vanthuttu, ithu yen nadanthuthu nu theriyala. so please intha issue-a resolve panni thara mudiyuma?",reverted_card_payment?,reverted_card_payment?,True
2088,Enoda card payment entha situations-la revert aagum nu konjam explain panna mudiyuma?,reverted_card_payment?,reverted_card_payment?,True
2089,Enoda card payment yen cancel aayirukku?,reverted_card_payment?,reverted_card_payment?,True
2090,Enoda card payment cancel aayittu nu kaattuna naan enna pannanum?,reverted_card_payment?,reverted_card_payment?,True
2091,2 weeks-ku munnadi naan receive panna item-ku yen enoda account-la refund aayirukku nu theriyala. please enna nadakkuthu nu solla mudiyuma?,reverted_card_payment?,Refund_not_showing_up,False
2092,Oru purchase-ku enoda card decline aaguthu. naan munnadi items vaangumbothu card velai senjathu. enna problem nu ungalukku theriyuma?,reverted_card_payment?,declined_transfer,False
2093,Enoda card payment yen revert aayittu nu solla mudiyuma?,reverted_card_payment?,reverted_card_payment?,True
2094,Approve panna payment-a panna app yen refuse pannichchu?,reverted_card_payment?,declined_card_payment,False
2095,Enoda card payment yen revert aachchu nu ungalukku theriyuma?,reverted_card_payment?,reverted_card_payment?,True
2096,Enoda credit card oru purchase-kaana payment-a cancel pannittu.,reverted_card_payment?,reverted_card_payment?,True
2097,Enoda payment yen reverse aachchu?,reverted_card_payment?,reverted_card_payment?,True
2098,Enoda payment onnu cancel aayittu nu list-la kaattuthu.,reverted_card_payment?,reverted_card_payment?,True
2099,Enoda card payment return aayittu nu nenaikkiren.,reverted_card_payment?,reverted_card_payment?,True
2100,"Seller enna contact panni kaasu kidaikkala nu sonnaanga. enoda account-la irunthu kaasu ponathu 100% sure, so ithai kandippa seekiram sort out pannanum.",reverted_card_payment?,reverted_card_payment?,True
2101,Merchant payment-a refuse panna antha kaasukku enna nadakkum?,reverted_card_payment?,reverted_card_payment?,True
2102,"Naan online-la purchase panna try panren, aana enoda card velai seiyala. kaasu irukku nu theriyum, ithu bank side problem-aa?",reverted_card_payment?,declined_cash_withdrawal,False
2103,Enoda card payment yen cancel aachchu?,reverted_card_payment?,reverted_card_payment?,True
2104,Enoda card payment yen revert aayirukku?,reverted_card_payment?,reverted_card_payment?,True
2105,"Etho oru issue irukkanum, enoda card yen cancel aayirukku?",reverted_card_payment?,reverted_card_payment?,True
2106,"Naan etho vaanginen, kaasu thirumba enoda account-ku vanthuttu? yen?",reverted_card_payment?,reverted_card_payment?,True
2107,Enoda account-la card payment cancel aayittu nu kaattuthu.,reverted_card_payment?,reverted_card_payment?,True
2108,"Enoda card payment yen cancel aachchu nu theriyala, yen nu paarkka mudiyuma?",reverted_card_payment?,reverted_card_payment?,True
2109,Enoda card payment cancel aanathukku enna kaaranam?,reverted_card_payment?,reverted_card_payment?,True
2110,"Vanakkam, naan oru visaranaikkaaga muraippaadu onrai seiya virumbugiren. Naan sambandappatta niruvanathin valakkamaana vaadikkaiyaalar, enoda kolvanuvugal, koduppanavugal allathu veru ethilum enakku ithuvarai entha pirachinaiyum erpatthathillai. Irunthapothum, rendu vaarathukku munbu naan vaangiya oru porulukkaaga kalikkappatta cash enoda naduppu kanakkirku thirumba perappattirukku. Enoda koduppanavil ethum pirachinai irunthatha? Antha porul earkaneve enakku deliver seiyappattuvittathu.",reverted_card_payment?,receiving_money,False
2111,Enoda card moolamaana koduppanavu yen thirumba perappattathu?,reverted_card_payment?,lost_or_stolen_card,False
2112,App yen oru koduppanavai thirumba peruguthu?,reverted_card_payment?,card_linking,False
2113,"Naan oru koduppanavu seithen, aanal app athai thirumba pettuvittathu.",reverted_card_payment?,direct_debit_payment_not_recognised,False
2114,Oru merchant koduppanavai eatrukkollavittal enna nadakkum?,reverted_card_payment?,reverted_card_payment?,True
2115,Enoda card-kkaana oru koduppanavu rathu seiyappattirukku.,reverted_card_payment?,card_not_working,False
2116,Oru porulukkaaga naan seluthiya cash enoda kanakkirku thirumba perappattirukku.,reverted_card_payment?,request_refund,False
2117,Yaaro enoda koduppanavai nirutthivittaargal.,reverted_card_payment?,lost_or_stolen_card,False
2118,"Enoda card koduppanavu rathu seiyappattal, naan enna seiya vendum?",reverted_card_payment?,card_not_working,False
2119,Koduppanavu yen thirumba perappattirukku?,reverted_card_payment?,reverted_card_payment?,True
2120,Entha vagaiyaana ATM iyandhirangal enoda PIN ilakkathai maatra anumadhikkum?,change_pin,change_pin,True
2121,Enoda PIN ilakkathai naan engay maatruvathu?,change_pin,get_physical_card,False
2122,Enoda PIN ilakkathai maatrakkoodiya ore idam bank mattumdhaana?,change_pin,change_pin,True
2123,"Naan velinaattil irunthal, enoda PIN ilakkathai eppadi maatruvathu?",change_pin,get_physical_card,False
2124,ATM iyandhirathil enoda PIN ilakkathai maatra mudiyuma?,change_pin,change_pin,True
2125,Enoda PIN ilakkathai naan eppadi maatralaam?,change_pin,get_physical_card,False
2126,"Naan enoda PIN ilakkathai maatra virumbugiren, aanal naan tharpothu naattil illai.",change_pin,change_pin,True
2127,Enoda card-in PIN ilakkathai maatra virumbugiren.,change_pin,get_physical_card,False
2128,Naan oru pudhiya PIN ilakkathai amaikka virumbugiren.,change_pin,get_physical_card,False
2129,"Enoda PIN ilakkathai avasaramaaga maatra vendum, aanal naan ippo vacation-il velinaattil irukkiren. Idhai naan eppadi seivathu?",change_pin,change_pin,True
2130,"Enakku oru pudhiya PIN ilakkam thevai, adharku naan enna seiya vendum?",change_pin,get_physical_card,False
2131,Enoda PIN ilakkathai maatruvadharku enakku arugil edhum idam irukka?,change_pin,get_physical_card,False
2132,Entha ATM iyandhirathil enoda PIN ilakkathai maatralaam?,change_pin,change_pin,True
2133,Naan oru pudhiya PIN ilakkathai therivu seiya virumbugiren.,change_pin,get_physical_card,False
2134,Oru pudhiya PIN ilakkathai eppadi amaippathu?,change_pin,get_physical_card,False
2135,Enoda PIN ilakkathai oru pudhiya ennukku eppadi update seivathu?,change_pin,get_physical_card,False
2136,Enoda PIN ilakkathai naan eppadi maatralaam?,change_pin,get_physical_card,False
2137,Enoda pudhiya PIN ilakkam amaikkappada vendum.,change_pin,get_physical_card,False
2138,Naan veru oru PIN ilakkathai therivu seiya virumbugiren.,change_pin,get_physical_card,False
2139,Naan enoda PIN ilakkathai maatra virumbugiren.,change_pin,change_pin,True
2140,Edhum ATM iyandhirangalil enoda PIN ilakkathai maatra mudiyuma?,change_pin,change_pin,True
2141,"Naan innum rendu vaarathukku payanathil iruppen, aanal enoda PIN ilakkathai udanadiyaaga maatra vendum. Naan enna seivathu?",change_pin,get_physical_card,False
2142,Naan enoda PIN ilakkathai maatra vendum. Adhai oru ATM iyandhirathil seiya mudiyuma?,change_pin,change_pin,True
2143,ATM iyandhirangal enoda PIN ilakkathai maatra anumadhikkuma?,change_pin,get_physical_card,False
2144,Enoda PIN ilakkathai naan eppadi maatruvathu?,change_pin,get_physical_card,False
2145,Naan enoda PIN ilakkathai maatra vendum.,change_pin,get_physical_card,False
2146,Naan veru oru card PIN ilakkathai peralaama?,change_pin,get_physical_card,False
2147,Enoda PIN ilakkathai maatruvadharku naan enna seiya vendum?,change_pin,get_physical_card,False
2148,Oru pudhiya PIN ilakkathai amaikka enakku udhavungal?,change_pin,get_physical_card,False
2149,Entha ATM iyandhirangal enoda PIN ilakkathai maatra anumadhikkum?,change_pin,change_pin,True
2150,"Naan ippo Austria-la irukkean. Enada PIN-a evvalavu seekiram mudiyumo avvalavu seekiram maathaonum, so naan innum ingirunthea ithai seiya mudiyuma?",change_pin,change_pin,True
2151,Enada PIN-a maathurathukkana vazhimuraigalai naan engay paarkalam?,change_pin,get_physical_card,False
2152,"Naan payanathil irukkean, aanal enada PIN-a maathaonum.",change_pin,change_pin,True
2153,Enada account PIN-a naan eppadi update seiyurathu?,change_pin,change_pin,True
2154,Enakku oru puthiya PIN thevai.,change_pin,change_pin,True
2155,Enada PIN-a eppadi maathurathunnu enakku kaatunga?,change_pin,change_pin,True
2156,Dayavu seithu entha ATM machine enada PIN-a maatha anumathikkumnu sollunga.,change_pin,change_pin,True
2157,Enada card PIN-a maatha naan enna steps edukkaonum?,change_pin,change_pin,True
2158,Enada card-ila irukkira PIN-a eppadi maathurathu?,change_pin,change_pin,True
2159,Naan eppadi PIN-a maathalam? Naan oru real bank-ukku pogaonuma?,change_pin,change_pin,True
2160,Naan palathadavi money transfer seiya try panniyean. Athu yen innum pogalai?,beneficiary_not_allowed,failed_transfer,False
2161,"Naan ithuku munnadi entha pirachinaiyum illama money transfer panni irukkean, aana ippo athu mudiyathu-nu error varuthu. Athu yen?",beneficiary_not_allowed,beneficiary_not_allowed,True
2162,Ennala oru account-ukku transfer seiya mudiyala,beneficiary_not_allowed,failed_transfer,False
2163,Ennala veroru account-ukku transfer seiya mudiyama pochu.,beneficiary_not_allowed,failed_transfer,False
2164,Enada transfer onru block seiyapattullathu,beneficiary_not_allowed,pin_blocked,False
2165,"Dayavu seithu intha exchange-ukku enakku help panna mudiyuma? Naan crypto vanga try panrean, aana app ennai allow pannuthillai.",beneficiary_not_allowed,beneficiary_not_allowed,True
2166,Oru account-ukku eppadi success-ah transfer seiyurathu?,beneficiary_not_allowed,transfer_into_account,False
2167,Enada transfer mudiyathu-nu yen enakku message vanthathu? Naan ithuku munnadi entha pirachinaiyum illama ithai panni irukkean. Dayavu seithu ithai fix pannunga.,beneficiary_not_allowed,beneficiary_not_allowed,True
2168,"Hey, naan konjam crypto vanga virumburean, aana app ennai allow pannala! Enna pirachinai, naan ithai nichayama exchange panna virumburean",beneficiary_not_allowed,beneficiary_not_allowed,True
2169,"Naan money transfer panna try panniyean, aana athu mudiyathu-nu kaattichu? Naan ithuku munnadi ithai senjappo work aachchi, ippo yen work aagala?",beneficiary_not_allowed,beneficiary_not_allowed,True
2170,Beneficiary-ukku ennala yen transfer seiya mudiyala?,beneficiary_not_allowed,beneficiary_not_allowed,True
2171,Beneficiary-ukku transfer seiyurathila enakku pirachinaigal irukku.,beneficiary_not_allowed,beneficiary_not_allowed,True
2172,Unga app-ila cryptocurrency illathathukku enna kaaranam?,beneficiary_not_allowed,exchange_via_app,False
2173,Enada transfer yen pogalai? Enakku thodarnthu error message vanthukittea irukku.,beneficiary_not_allowed,beneficiary_not_allowed,True
2174,Oru beneficiary-ukku transfer seiyurathukkana rules enna?,beneficiary_not_allowed,beneficiary_not_allowed,True
2175,Naan oru beneficiary-ukku money transfer panna mudiyuma?,beneficiary_not_allowed,beneficiary_not_allowed,True
2176,Naan palathadavi money transfer panna try panniyean. Enakku thodarnthu error message thaan varuthu. Enna nadakkuthunnum ithai eppadi fix pannalamnum sollunga?,beneficiary_not_allowed,beneficiary_not_allowed,True
2177,Enada cryptocurrency exchange onru pogalai. Dayavu seithu athai process panna enakku help pannunga.,beneficiary_not_allowed,exchange_charge,False
2178,Ennala yen veroru account-ukku transfer seiya mudiyama pochu?,beneficiary_not_allowed,failed_transfer,False
2179,Money beneficiary-ukku transfer aagala.,beneficiary_not_allowed,beneficiary_not_allowed,True
2180,Enakku yen ippo transfer seiya permission illai? Enakku thodarnthu error message mattum thaan vanthukittea irukku.,beneficiary_not_allowed,beneficiary_not_allowed,True
2181,Ennala oru account-ukku transfer seiya mudiyala,beneficiary_not_allowed,failed_transfer,False
2182,Oru account-ukkana transfer allow seiyapadalai,beneficiary_not_allowed,beneficiary_not_allowed,True
2183,Enada transfer mudiyathu-nu yen enakku error message vanthathu?,beneficiary_not_allowed,beneficiary_not_allowed,True
2184,Ennala yen oru beneficiary-ukku transfer seiya mudiyathu-nu vilakkunga.,beneficiary_not_allowed,beneficiary_not_allowed,True
2185,Beneficiary-ukkana enada transfer pogalai,beneficiary_not_allowed,beneficiary_not_allowed,True
2186,Enada transfer yen pogalai? Athu mudiyathu-nu enakku message varuthu. Kadantha kalathula enakku entha pirachinaiyum irunthathillai.,beneficiary_not_allowed,beneficiary_not_allowed,True
2187,Ennala oru beneficiary-ukku transfer seiya mudiyala!,beneficiary_not_allowed,beneficiary_not_allowed,True
2188,"Enada beneficiary reject seiyapattullar, ithu normal-ah?",beneficiary_not_allowed,beneficiary_not_allowed,True
2189,"Naan crypto exchange panna try panrean, aana athu work aagala. Ithai eppadi fix pannurathunnu enakku sollunga.",beneficiary_not_allowed,beneficiary_not_allowed,True
2190,Naan seyya muyandra account panapparimaatram tholviyadainthathu.,beneficiary_not_allowed,cancel_transfer,False
2191,"Enoda payanaalarukku anumathi illai, itharkkaana kaaranam ennavendru please koora mudiyuma?",beneficiary_not_allowed,receiving_money,False
2192,Ennaal yen oru payanaalarukku panapparimaatram seyya mudiyaamal ponathu?,beneficiary_not_allowed,cancel_transfer,False
2193,Oru payanaalarukku ennaal yen panapparimaatram seyya mudiyaamal pogum?,beneficiary_not_allowed,cancel_transfer,False
2194,Naan oru payanaalarukku cash anuppa virumbukiren. ennaal yen mudiyaathu?,beneficiary_not_allowed,receiving_money,False
2195,Oru kanakkirku panapparimaatram seyya uthava mudiyuma?,beneficiary_not_allowed,cancel_transfer,False
2196,Enoda account yen panapparimaatrangalai anumathikkala?,beneficiary_not_allowed,cancel_transfer,False
2197,"Naan cryptocurrency vaanga virumbukiren, aanaal unga app ennai anumathikkala. yen?",beneficiary_not_allowed,exchange_via_app,False
2198,"Naan oru payanaalarukku panapparimaatram seyya muyandren, aanaal athu niraiveravillai.",beneficiary_not_allowed,cancel_transfer,False
2199,Oru kanakkirkaana panapparimaatram yen anumathikkappadala?,beneficiary_not_allowed,cancel_transfer,False
2200,"Naan oru panapparimaatram seythapothu, oru fee vasoolikkappattathu. yen?",transfer_fee_charged,cash_withdrawal_charge,False
2201,Enoda panapparimaatrathirkaaga enakku oru fee vasoolikkappattathu.,transfer_fee_charged,card_payment_fee_charged,False
2202,Panapparimaatram seyvatharkku enakku fee vasoolikkappattatharku aethenum kaaranam undaa?,transfer_fee_charged,cancel_transfer,False
2203,Panapparimaatram seythatharkaga mattum enakku yen fee vasoolikkappattathu?,transfer_fee_charged,cash_withdrawal_charge,False
2204,Panapparimaatram seyvatharkku naan cash selutha vendiyirunthathu.,transfer_fee_charged,cancel_transfer,False
2205,Panapparimaatrak fee evvalavu?,transfer_fee_charged,exchange_charge,False
2206,Cash anuppiyatharkaga enakku yen kooduthal fee vasoolikkappattathu?,transfer_fee_charged,cash_withdrawal_charge,False
2207,Naan intha panapparimaatrak fee-ai selutha maatten.,transfer_fee_charged,cancel_transfer,False
2208,"Enakku panapparimaatrak fee vasoolikkappaduguthu, avai ilavasam illaiya?",transfer_fee_charged,transfer_fee_charged,True
2209,Kattanangal vasoolikkappaduvatharku munbu naan athigabatchamaaga evvalavu parimaatram seyya mudiyum?,transfer_fee_charged,cancel_transfer,False
2210,"Enakku 2 panapparimaatrak kattanangal vasoolikkappattullana, panapparimaatrangal ilavasam endru naan ninaithen.",transfer_fee_charged,cancel_transfer,False
2211,Cash anuppuvatharku enakku yen fee vasoolikkappaduguthu?,transfer_fee_charged,cash_withdrawal_charge,False
2212,Panapparimaatrangalukku fee vasoolikkappadugirathaa?,transfer_fee_charged,card_payment_fee_charged,False
2213,"Naan velinaattil thangiyirukkum pothu sameebathil oru puthiya idathai petren, melum koduppanavaigalai nirvagikka intha account-ai payanpaduthi varugiren, aanaal thideerendru kattanangal athigaripathai naan kaangiren. intha kooduthal kattanangal engirunthu varugindrana?",transfer_fee_charged,card_payment_not_recognised,False
2214,"Vanakkam, please enakku uthavungal, naan oru amount-ai anuppinen aanaal perunaruuku athe amount kidaikkala. avarukku satru kuraivaagave kidaithullathu. ithanaal naan meendum antha vithiyasa amount-ai anuppa vendum. naan cash anuppiyullen aanaal payanaalarin account-la kuraintha thogaiye varavu vaikkappattirukku. ippothu naan vithiyasa amount-ai anuppa vendum. aetho pirachinai iruppathaaga ninaikkiren, please ithai kavanikka mudiyuma?",transfer_fee_charged,wrong_amount_of_cash_received,False
2215,"Naan inaiyathil vaangiya onrirku enakku yen fee vasoolikkappattathu? athu sarvathesa parivarthanaiyaaga irunthaalum, athu ulladakkappadum endru naan ninaithen.",transfer_fee_charged,wrong_amount_of_cash_received,False
2216,Panapparimaatram seyyumpothu yen kooduthal kattanangal vasoolikkappattana?,transfer_fee_charged,card_payment_wrong_exchange_rate,False
2217,Naan panapparimaatram seythapothu enakku kooduthal fee vasoolikkappattathu!,transfer_fee_charged,card_payment_wrong_exchange_rate,False
2218,Panapparimaatrak fee aethenum ullathaa?,transfer_fee_charged,cancel_transfer,False
2219,Nithi parimaatram seythatharkaga enakku yen kooduthal fee vasoolikkappattathu endru enakku theriyala.,transfer_fee_charged,card_payment_wrong_exchange_rate,False
2220,"Panapparimaatrangal ilavasam endru naan ninaithen, enakku yen fee vasoolikkappattathu?",transfer_fee_charged,cash_withdrawal_charge,False
2221,"Enoda raseethil enoda panapparimaatrathirku kooduthal fee kaattuthu, ithu yen?",transfer_fee_charged,card_payment_wrong_exchange_rate,False
2222,"Intha panapparimaatrathai seyyumpothu enakku oru fee vasoolikkappattathu, enakku athu vasoolikkappattirukka koodathu endru ninaikkiren!",transfer_fee_charged,cancel_transfer,False
2223,"Naan cash anuppinen, aanaal panapparimaatrathirku kooduthal fee vasoolikkappattathu. yen?",transfer_fee_charged,cash_withdrawal_charge,False
2224,Enakku yen panapparimaatrak fee kaattappaduguthu?,transfer_fee_charged,cash_withdrawal_charge,False
2225,Naan oru panapparimaatram seythapothu kooduthal fee vasoolikkappattathu.,transfer_fee_charged,cancel_transfer,False
2226,Enna nadakkuthu endru yaaravathu enakku therivikka vendum. naan oru amount-ai anuppinen aanaal perunar naan anuppiyathai vida satru kuraivaaga iruppathaaga koorugiraar. vithiyasathai eeduseyya naan ippothu matroru panapparimaatrathai seyya vendum.,transfer_fee_charged,cancel_transfer,False
2227,"Enoda panapparimaatrathirku fee vasoolikkappattathu, yen?",transfer_fee_charged,card_payment_fee_charged,False
2228,Enoda panapparimaatrathirku yen fee vasoolikkappattathu?,transfer_fee_charged,card_payment_fee_charged,False
2229,Enoda panapparimaatrathirku yen kattanangal vasoolikkappattana?,transfer_fee_charged,why_verify_identity,False
2230,Naan senja transfer-ku fees ethuvum irukka venduma?,transfer_fee_charged,transfer_fee_charged,True
2231,Kadandha maasathula enoda puthiya holiday villa-kaana payments-a manage panna intha account-a naan adikkadi payanpaduthinen. Ippo thideernu unga fees romba athigamaayiduchu! Adikkadi use panravangaluku rewards programme ethuvum illaiya?,transfer_fee_charged,transfer_fee_charged,True
2232,Transfer-ku enaku yen fee charge pannanga?,transfer_fee_charged,transfer_fee_charged,True
2233,Vera enna extra charges irukku?,transfer_fee_charged,extra_charge_on_statement,False
2234,"Ennala free-a transfer panna mudiyumnu enaku theriyum. Athu naan romba virumbina vishayam. Velinaatula irunthu online-la ethuvum vaangina piragu, enaku fee charge pannirukanga? Ithu enna, ithai remove panna mudiyuma?",transfer_fee_charged,transfer_fee_charged,True
2235,"Naan cash transfer panni enaku fee charge pannirukanga, athu yen-nu enaku theriyanum.",transfer_fee_charged,transfer_fee_charged,True
2236,Naan ethirpaarkatha oru vishayathuku enaku fee charge pannirukanga.,transfer_fee_charged,transfer_fee_charged,True
2237,"China-la ulla oru site moolama naan konjam makeup items vaanginen, transfer pannumpothu fee ethuvum irukaathunu nenechen. Ippo yen intha fee kaatudu? Enaku ithula konjam kooda ishtam illai.",transfer_fee_charged,transfer_fee_charged,True
2238,"Naan cash transfer pannumpothu extra fee charge pannanga, yen enaku charge pannanga?",transfer_fee_charged,transfer_fee_charged,True
2239,Transfer fee pathi enaku vilakka mudiyuma?,transfer_fee_charged,transfer_fee_charged,True
2240,Ithin moolam salary receive aaguma?,receiving_money,receiving_money,True
2241,Vera currency-la naan eppadi payment vaangurathu?,receiving_money,exchange_via_app,False
2242,Enoda salary deposit aagura currency thavira vera currency-la ennala athai receive panna mudiyuma?,receiving_money,receiving_money,True
2243,Ithin moolam enoda salary-a vaanga mudiyuma?,receiving_money,receiving_money,True
2244,Oruvar enaku eppadi cash anuppalaam?,receiving_money,receiving_money,True
2245,Enoda salary-a LKR-la receive panrathula ethuvum problem irukka?,receiving_money,receiving_money,True
2246,Enoda salary sariya deposit aagurathuku naan LKR-a select panna venduma?,receiving_money,receiving_money,True
2247,"Enaku LKR-la salary varuthu. Naan ithai configure panna venduma, appadina enga pannanum?",receiving_money,receiving_money,True
2248,Ennala vera currency-la panatha veliyil edukka mudiyuma?,receiving_money,exchange_via_app,False
2249,Enoda salary-a receive panna naan ithai use pannalama?,receiving_money,receiving_money,True
2250,Enoda salary LKR-la varuthu. Ithai configure panna naan ethuvum specific-a panna venduma?,receiving_money,receiving_money,True
2251,Makkal enaku eppadi cash anuppuraanga?,receiving_money,receiving_money,True
2252,LKR support panra currency-a?,receiving_money,exchange_via_app,False
2253,Transfer-ku munnadi enaku LKR-la salary varuthunu naan confirm panna venduma?,receiving_money,receiving_money,True
2254,"LKR-la salary receive aayiduchu, ithai vera engaiyavathu configure panna venduma?",receiving_money,receiving_money,True
2255,Enoda salary-a account-la eppadi vaangurathu?,receiving_money,receiving_money,True
2256,Matravargal enaku cash transfer panna enna vazhigal irukku?,receiving_money,top_up_by_bank_transfer_charge,False
2257,Oruvar enaku cash anuppa enna vithiyasamaana vazhigal irukku?,receiving_money,receiving_money,True
2258,Enoda paycheck-a enoda account-ku transfer panna naan enna pannanum?,receiving_money,transfer_into_account,False
2259,Enoda friend enaku eppadi cash anuppalaam?,receiving_money,receiving_money,True
2260,Enoda salary-a direct-a inga transfer panna mudiyuma?,receiving_money,receiving_money,True
2261,Enoda salary-a receive panna ithai use panna mudiyuma?,receiving_money,receiving_money,True
2262,LKR-la cash deposit panna mudiyuma?,receiving_money,receiving_money,True
2263,Enoda salary-a naan LKR-la receive pannen. Ithai enoda currency-ku eppadi maathurathu?,receiving_money,receiving_money,True
2264,Enoda friend enaku eppadi cash transfer panna mudiyum?,receiving_money,receiving_money,True
2265,Enoda friends enaku cash anuppa mudiyuma?,receiving_money,receiving_money,True
2266,Enoda paycheck-a intha account-la eppadi deposit panrathu?,receiving_money,transfer_into_account,False
2267,Enoda salary-a receive panna naan intha account-a use pannalama?,receiving_money,receiving_money,True
2268,Enoda salary-a intha account-la deposit panna mudiyuma?,receiving_money,receiving_money,True
2269,Intha account moolama enoda salary-a eppadi vaangurathu?,receiving_money,receiving_money,True
2270,Enoda sambalam veru naanayathil thevaipattaal naan enna seivathu?,receiving_money,receiving_money,True
2271,Naan enoda sambalathai LKR il perukiren. ithai naan engaavathu olungamaikka venduma?,receiving_money,receiving_money,True
2272,Ithai enoda sambalathirkup payanpadutha mudiyuma endru ungalukku theriyuma?,receiving_money,receiving_money,True
2273,Ithin moolam enoda sambalap panathai naan eppadi peruvathu?,receiving_money,receiving_money,True
2274,Enoda sambalam veru naanayathil irunthaal athai naan maatru mudiyuma?,receiving_money,receiving_money,True
2275,Enakku veru naanayathil sambalam pera mudiyuma?,receiving_money,receiving_money,True
2276,Enoda sambalam itharkuth thaguthiyaanatha?,receiving_money,receiving_money,True
2277,Enoda sambalam LKR il ullathu; ithai seiyalil naan eppadi kurippiduvathu?,receiving_money,receiving_money,True
2278,Enakku veroru naanayathil sambalam pera mudiyuma?,receiving_money,receiving_money,True
2279,Enoda sambalap panathai ithin moolam pera mudiyuma?,receiving_money,receiving_money,True
2280,Panamaatram yaen tholviyadainthathu endru puriyala,failed_transfer,pending_transfer,False
2281,"Please panamaatram seyya enakku uthavungal. enakkuth thodarnthu pilaich cheythi varukirathu, naan vaangum veetirkaana aaramba adamaanak koduppanavai selutha muyarsikkiren. ingu enna pirachinai?",failed_transfer,cancel_transfer,False
2282,Enoda panamaatram vaelai seiyala,failed_transfer,card_not_working,False
2283,"Unga amaippaich sariseyyungal. ennaal panamaatram seyya mudiyala, naan aerkanavae 5 thadavai muyarsi seythuvittaen.",failed_transfer,cancel_transfer,False
2284,Enoda panamaatram yaen tholviyadainthathu endru enakkuch sollungal!,failed_transfer,pending_transfer,False
2285,Enoda panamaatram niraivaeravillai.,failed_transfer,pending_transfer,False
2286,Ennaal yaen panamaatrathai mudikka mudiyala?,failed_transfer,failed_transfer,True
2287,"Enna nadakkuthu endru kandariya enakku uthava mudiyuma? naan oru nanbarukkup cash anuppa muyarsikkiren, aanaal athu thirumbath thirumba vanthuvidukirathu. naan enna thavaru seykiren endru enakku theriyala.",failed_transfer,receiving_money,False
2288,Enoda panamaatram yaen niraivaeravillai?,failed_transfer,pending_transfer,False
2289,Enoda panamaatram niraivaeravillai.,failed_transfer,pending_transfer,False
2290,"Enoda panamaatrathais sariyaagach seyya mudiyala, yaen endru yosithuk kondirukkiren?",failed_transfer,failed_transfer,True
2291,Enoda panamaatram eppadi vaelai seiyaamal ponathu?,failed_transfer,edit_personal_details,False
2292,"Naan enoda panathai anuppinaen, athu yaen niraivaeravillai?",failed_transfer,wrong_amount_of_cash_received,False
2293,Enoda panamaatram yaen tholviyadainthullathu?,failed_transfer,failed_transfer,True
2294,Enoda panamaatram yaen tholviyadainthathu?,failed_transfer,failed_transfer,True
2295,Enoda panamaatram yaen innum seiyappadala?,failed_transfer,pending_transfer,False
2296,Enoda panamaatram niraivaeraathu.,failed_transfer,pending_transfer,False
2297,"Enoda panamaatram thodarnthu tholviyadaiyakirathu, naan panathai anuppa mattumae virumbukiren, please athaich seyya uthava mudiyuma?",failed_transfer,cancel_transfer,False
2298,"Panamaatram thodarnthu tholviyadaiyakirathu, indru kaalai nanbargalukkuch sirithu cash anuppa muyandraen, aanaal aetho oru kaaranathaal athu niraagarikkappattukondae irukku, please inthach sikkalaich saripaarkka mudiyuma?",failed_transfer,receiving_money,False
2299,Oru panamaatram yaen tholviyadaiyum?,failed_transfer,failed_transfer,True
2300,Card moolamaana panamaatrangalukkaana unga kolgaigal enna?,failed_transfer,age_limit,False
2301,Kattamaippu seyililunthullatha? naan panamaatram seyya muyandru tholviyadainthullaen?,failed_transfer,cancel_transfer,False
2302,Naan panamaatram seyya muyandraen aanaal athu tholviyadainthathu,failed_transfer,cancel_transfer,False
2303,Ennaal yaen panamaatrathai mudikka mudiyala?,failed_transfer,failed_transfer,True
2304,Enoda panamaatram vaelai seiyala pol thondruguthu.,failed_transfer,card_not_working,False
2305,Enoda cash maatrapadavathai ethu thadukkuthu?,failed_transfer,verify_source_of_funds,False
2306,"Vanakkam, naan oru veedu vaangugiren, enoda adamaana panathai anuppa muyalgiren. naan saripaarkkum pothallaam oru pilaich cheythiyae varukirathu. inthap panathai maatruvatharku enakku uthava aethaenum vali ullatha? nandri!",failed_transfer,receiving_money,False
2307,Naan muyandra panamaatram tholviyadainthathu.,failed_transfer,wrong_amount_of_cash_received,False
2308,"Ennaal vetrigaramaagap panamaatram seyya mudiyala pol theriyuthu, naan enna thavaru seykiren endru solla mudiyuma?",failed_transfer,cancel_transfer,False
2309,"Enoda nanbargalukkup cash anuppuvathil naan thodarnthu sikkalai ethirkolgiren, enoda anaithup parivarthanaigalum tholviyadaigindrana, please enakku uthavungal.",failed_transfer,receiving_money,False
2310,"Naan oru pana parimaatram seyya muyarsikkiren, aana athu tholviyadaiyuthu. please atharkana kaaranam ennavendru solla mudiyuma?",failed_transfer,cancel_transfer,False
2311,Enoda pana parimaatram velai seiyala endru thondruguthu.,failed_transfer,top_up_failed,False
2312,"Naan erkanave 5 thadavaihal oru saatharana pana parimaatrathai seyya muyarsi seithuvitten. enna nadakkuthu, unga system paluthadainthuvittatha allathu veru ethum pirachinaiya?!",failed_transfer,cancel_transfer,False
2313,Enoda pana parimaatrathirku enakku uthavungal.,failed_transfer,cancel_transfer,False
2314,Enoda pana parimaatrathai niraivu seyya mudiyathu endru kaattugiratha?,failed_transfer,cancel_transfer,False
2315,Enoda pana parimaatram yen tholviyadainthathu endru enakku solla mudiyuma?,failed_transfer,cancel_transfer,False
2316,Enoda pana parimaatram yen vetriyadaiyavillai?,failed_transfer,cancel_transfer,False
2317,"Naan oru saatharana pana parimaatrathai seyya muyarsi seithu, ithuvarai 5 thadavaihal muyandruvitten. pirachinai ennavendru enakku solla mudiyuma? system down aahi ullatha?",failed_transfer,cancel_transfer,False
2318,Enoda pana parimaatram yen velai seiyala enpatharkana kaaranathai vazhanga mudiyuma?,failed_transfer,top_up_failed,False
2319,"Naan cash anuppa muyandren, aana athu velai seiyala.",failed_transfer,top_up_failed,False
2320,"Ennidam cash illathathaal, enoda kanakkiil kooduthal panathai poduvatharku naan oru vangi parimaatrathai seiyalama?",transfer_into_account,cancel_transfer,False
2321,"Ennidam cash illai, enoda vangiyin moolam naan panathai serkkalama?",transfer_into_account,verify_source_of_funds,False
2322,Enoda kanakkirku panathai maatruvatharku naan eppadi thodara vendum?,transfer_into_account,receiving_money,False
2323,"Enoda account-ai eppadi top up seivathu endru enakku puriyala, please antha nadaimuraiyai vilakka mudiyuma?",transfer_into_account,topping_up_by_card,False
2324,Pana parimaatra nadaimurai enakku puriyala.,transfer_into_account,cancel_transfer,False
2325,"Naan enoda kanakkirku panathai maatra vendum, ithai naan eppadi seivathu?",transfer_into_account,receiving_money,False
2326,Enoda kanakkirku panathai maatruvatharku naan enna seyya vendum?,transfer_into_account,cancel_transfer,False
2327,Enakku enna seivathendru theriyala. naan panathai maatra venduma? enoda account-la cash illai.,transfer_into_account,receiving_money,False
2328,Enoda vangi kanakkilirunthu neradiyaha card-ku panathai serkka mudiyuma?,transfer_into_account,receiving_money,False
2329,Enoda kanakkirku panathai maatruvathu eppadi seyalpaduguthu?,transfer_into_account,receiving_money,False
2330,Enoda vangi kanakkirku panathai eppadi maatruvathu endru naan therinthukolla vendum. please uthavungal.,transfer_into_account,cancel_transfer,False
2331,Enoda matraiya vangi kanakkilirunthu intha kanakkirku sirithu panathai maatra virumbugiren.,transfer_into_account,receiving_money,False
2332,"Enoda kanakkirku panathai maatra virumbumpothu, athai naan eppadi seyya mudiyum?",transfer_into_account,cancel_transfer,False
2333,Naan enoda kanakkirku panathai maatra vendum. ithai naan eppadi seyya mudiyum?,transfer_into_account,cancel_transfer,False
2334,Enoda kanakkirku panathai maatruvatharku naan pinpatra vendiya vazhimuraihal yaavai?,transfer_into_account,receiving_money,False
2335,Enoda vangiyilirunthu enoda top up kanakkirku panathai eppadi maatruvathu?,transfer_into_account,topping_up_by_card,False
2336,Vangi parimaatrathai payanpaduthi enoda account-ai top up seyya virumbugiren. athu eppadi seyalpadum?,transfer_into_account,cancel_transfer,False
2337,Enoda panathai enoda kanakkirku eppadi maatruvathu?,transfer_into_account,receiving_money,False
2338,Enoda card-ai naan eppadi top up seivathu?,transfer_into_account,topping_up_by_card,False
2339,Oru veli vangiyilirunthu panathai eppadi maatruvathu?,transfer_into_account,receiving_money,False
2340,Enoda vangi account-ai payanpaduthi enoda top-up kanakkirku eppadi panathai maatruvathu?,transfer_into_account,topping_up_by_card,False
2341,Enoda account-la panathai serppatharku naan enna muraigalai payanpaduthalaam?,transfer_into_account,fiat_currency_support,False
2342,"Naan vangi parimaatra vasathiyai payanpadutha virumbugiren, aana athai ennal kandupidikka mudiyala. please enakku viparangalai thara mudiyuma?",transfer_into_account,cancel_transfer,False
2343,Oru kanakkilirunthu matroru kanakkirku dual pana parimaatrathai naan eppadi seivathu?,transfer_into_account,cancel_transfer,False
2344,Enoda kanakkirku panathai eppadi maatruvathu endru enakku vilakka mudiyuma?,transfer_into_account,receiving_money,False
2345,"Naan matroru kanakkilirunthu intha kanakkirku vangi parimaatram seyya vendum, athai seivatharkana miha elithaana vazhi ethu, enakku enna viparangal thevai?",transfer_into_account,cancel_transfer,False
2346,Enoda kanakkirku panathai eppadi maatruvathu?,transfer_into_account,receiving_money,False
2347,Parimaatram moolam enoda kanakkirku panathai eppadi anuppuvathu?,transfer_into_account,receiving_money,False
2348,Naan oru sarvathesa pana parimaatrathai eppadi seivathu?,transfer_into_account,cancel_transfer,False
2349,Enoda kanakkirku panathai maatruvatharku vazhihal ullanava?,transfer_into_account,receiving_money,False
2350,Enoda account-ai top up seivatharku kanakkukalilirunthu panathai maatra virumpukiren. Atharku ennanna valimuraikal thevai?,transfer_into_account,topping_up_by_card,False
2351,Panamaatram eppadi seirpallukirathu?,transfer_into_account,verify_my_identity,False
2352,"Naan vangi panamaatrathai payanpadutha virumpukiren, aanaal athan seyalmurai enakku puriyala, topping up patri please vilakka mudiyuma?",transfer_into_account,cancel_transfer,False
2353,Enoda account-ai top up seivatharku vangi panamaatrathai payanpadutha virumpukiren. Athu eppadi kaiyaalappadukirathu?,transfer_into_account,topping_up_by_card,False
2354,"Indru enoda account-ai saripaathen, athil cash illai endru kaatiyathu. Enoda kanakkirku panathai eppadi maatruvathu?",transfer_into_account,receiving_money,False
2355,Enoda kanakkirku naan eppadi panathai maatralaam?,transfer_into_account,receiving_money,False
2356,Naan oru kanakkilirunthu matroru kanakkirku nithiyai maatra virumpukiren.,transfer_into_account,cancel_transfer,False
2357,Naan enoda kanakkirku panathai maatra muyarsikkiren.,transfer_into_account,cancel_transfer,False
2358,Enoda matraya vangi kanakkilirunthu intha kanakkirku panathai maatra virumpukiren.,transfer_into_account,receiving_money,False
2359,Enoda account-ai refill seivatharku naan vangi panamaatrathai payanpaduthalaama?,transfer_into_account,supported_cards_and_currencies,False
2360,Top-up card-ai uruthipaduthuvatharku ennanna thevai?,verify_top_up,verify_top_up,True
2361,Top up-ai uruthipaduthumaaru athu ketkirathu. Yen?,verify_top_up,verify_top_up,True
2362,Top-up verification code-ai naan engay kandariyalaam?,verify_top_up,verify_top_up,True
2363,Naan aarampitha top-up-ai naan yen uruthipadutha veandum?,verify_top_up,verify_top_up,True
2364,Uruthipaduthal kuriyeedu patriya thagavalkalai enakku vazhanga mudiyuma?,verify_top_up,verify_my_identity,False
2365,Top-up-ai uruthipaduthuvathaal enna nanmaigal ullana?,verify_top_up,verify_top_up,True
2366,Top up-udan intha uruthipaduthal eppadi vanthathu?,verify_top_up,verify_top_up,True
2367,Ennaal oru top up-ai uruthipadutha mudiyuma?,verify_top_up,verify_top_up,True
2368,Naan top up-ai uruthipadutha vendiyatharkana kaaranam,verify_top_up,verify_top_up,True
2369,Enoda top up-ukku yen code verification thevaipadukirathu?,verify_top_up,verify_top_up,True
2370,Top-up card-il verification code-ai naan engay kandariyalaam?,verify_top_up,verify_top_up,True
2371,Enoda top-up verification code-ai naan eppadi peruvathu?,verify_top_up,verify_top_up,True
2372,Oru top up-ai uruthipadutha mudiyuma?,verify_top_up,verify_top_up,True
2373,Enoda top-up-ai uruthipadutha vendiyathiruppathu saathaaranamaanatha allathu eatheanum thavaru nadanthullatha?,verify_top_up,verify_top_up,True
2374,Top-up-ukku yen uruthipaduthal thevaipadukirathu?,verify_top_up,verify_top_up,True
2375,Top-up-ai yen uruthipadutha veandum?,verify_top_up,verify_top_up,True
2376,Enoda top up-ai uruthipaduthuvathu avasiyama?,verify_top_up,verify_top_up,True
2377,Naan yen top-up-kalai uruthipadutha veandum?,verify_top_up,verify_top_up,True
2378,Top-up card-kaana verification code engay ullathu?,verify_top_up,verify_top_up,True
2379,Enoda top-up card-kaana verification code-ai naan eppadi kandarivathu?,verify_top_up,verify_top_up,True
2380,Top-up card-ai uruthipaduthuvathu yen mukkiyamaanathu?,verify_top_up,verify_top_up,True
2381,Naan yen top-up-ai uruthipadutha veandum?,verify_top_up,verify_top_up,True
2382,Top-up-il ulla verification code endraal enna?,verify_top_up,verify_top_up,True
2383,Top-up verification code-ai ennaal kandariya mudiyala.,verify_top_up,verify_top_up,True
2384,Enoda top-up card-ai uruthipadutha naan eppadi thodara veandum?,verify_top_up,verify_top_up,True
2385,Top-up verification code-ai naan engay kandarivathu?,verify_top_up,verify_top_up,True
2386,Top-up card eppadi uruthipaduthappadukirathu?,verify_top_up,verify_top_up,True
2387,Top-up card-ukku verification code eatheanum ullatha?,verify_top_up,verify_top_up,True
2388,Top-up-ai uruthipaduthuvathan mukkiyathuvam enna?,verify_top_up,verify_top_up,True
2389,Top-up card-in verification code-ai kandariya enakku uthava mudiyuma?,verify_top_up,verify_top_up,True
2390,Naan top-up-ai urudhipadutha vendum endru yen solgiradhu endru enakku vilangavillai.,verify_top_up,top_up_failed,False
2391,"Naan oru top-up-ai urudhipadutha mudiyuma, adharku endha card payanpaduthapadugiradhu?",verify_top_up,verify_top_up,True
2392,Top-up card-ai urudhipaduthuvadharkana code-ai peruvadharku naan engay poga vendum?,verify_top_up,verify_top_up,True
2393,Top-up urudhipaduthal code-ai kaanavillai,verify_top_up,verify_top_up,True
2394,Naan top-up-ai eppadi urudhipaduthuvadhu?,verify_top_up,verify_top_up,True
2395,Enoda top-up card-in urudhipaduthal code-ai ennal kandupidikka mudiyala. Dhayavuseidhu enakku udhavungal.,verify_top_up,verify_top_up,True
2396,Top-up urudhipaduthal code-ai naan eppadi kandupidippadhu?,verify_top_up,verify_top_up,True
2397,Enoda top-up card-in urudhipaduthal code-ai kandupidippadharku enakku udhavi thevai.,verify_top_up,verify_top_up,True
2398,Top-up-galukku urudhipaduthal code edhum irukkiradha?,verify_top_up,verify_top_up,True
2399,Top-up-ai urudhipaduthuvadhan avasiyam enna?,verify_top_up,verify_top_up,True
2400,Enakku innoru card pera mudiyuma?,getting_spare_card,getting_spare_card,True
2401,Oru account-irku naan ethanai card-galai vaithirukka mudiyum?,getting_spare_card,age_limit,False
2402,Naan innoru card-ukku order seyya virumbugiren,getting_spare_card,getting_spare_card,True
2403,Koodudhal card-galai naan eppadi peruvadhu?,getting_spare_card,order_physical_card,False
2404,Koodudhal card-galukku edhenum fee unda?,getting_spare_card,getting_spare_card,True
2405,Enakku sila koodudhal physical card-gal thevai.,getting_spare_card,order_physical_card,False
2406,Naan innum sila physical card-galai pera virumbugiren.,getting_spare_card,order_physical_card,False
2407,Enoda mudhal card-ukku piragu naan innoru card pera mudiyuma?,getting_spare_card,getting_spare_card,True
2408,Irandavadhu card-ai peruvadharku naan enna seyya vendum?,getting_spare_card,order_physical_card,False
2409,Naan innoru card vaithirukka virumbugiren,getting_spare_card,getting_spare_card,True
2410,"Enakku koodudhal card-gal thevaipattal, edhenum kattanangal unda?",getting_spare_card,getting_spare_card,True
2411,Ore account-irku pala card-galai vazhangugireergala?,getting_spare_card,age_limit,False
2412,Veru yaaravadhu payanpaduthuvadharku naan oru koodudhal card pera mudiyuma?,getting_spare_card,receiving_money,False
2413,Naan innum sila physical card-galai pera vendum.,getting_spare_card,order_physical_card,False
2414,"Enoda magalukku ondrai koduppadharkaga, enoda account-irku innoru card pera mudiyuma?",getting_spare_card,getting_spare_card,True
2415,Innoru card peruvadharkana nadaimurai enna?,getting_spare_card,getting_spare_card,True
2416,Naan irandavadhu card pera mudiyuma?,getting_spare_card,getting_spare_card,True
2417,"Enoda magalum oru card virumbugirar, adhai naanga eppadi seivadhu?",getting_spare_card,getting_spare_card,True
2418,Naan enoda magalukku irandavadhu card-ai kodukka mudiyuma?,getting_spare_card,getting_spare_card,True
2419,Naan innoru card peralama?,getting_spare_card,getting_spare_card,True
2420,Ondrukku merpatta card-galai anuppuvadharku fee edhum unda?,getting_spare_card,getting_spare_card,True
2421,Naan koodudhal card-galai order seyya mudiyuma?,getting_spare_card,order_physical_card,False
2422,Irandavadhu card-ai naan engay peralam?,getting_spare_card,atm_support,False
2423,Naan indru innoru card vaanga ninaithirundhen.,getting_spare_card,getting_spare_card,True
2424,Enakku innum sila physical card-gal thevai.,getting_spare_card,order_physical_card,False
2425,Indha account-irku naan irandavadhu physical card pera mudiyuma?,getting_spare_card,order_physical_card,False
2426,Naan koodudhal physical card-galai vaanga mudiyuma?,getting_spare_card,order_physical_card,False
2427,Enoda card-galil ondrai enoda magal payanpaduthuvadharku kodukka enakku anumadhi unda?,getting_spare_card,getting_spare_card,True
2428,Naan irandavadhu card peralama?,getting_spare_card,getting_spare_card,True
2429,Enoda magalukku oru card pera mudiyuma?,getting_spare_card,getting_spare_card,True
2430,Meladhiga attaigalai order seivadharqu yedhaenum kattuppadugal ullanava?,getting_spare_card,order_physical_card,False
2431,Enoda magaluku irandavadhu card-ai naan eppadi petrukkolvadhu?,getting_spare_card,getting_spare_card,True
2432,Matromoru attaiku naan engay request panradhu?,getting_spare_card,atm_support,False
2433,Ennal irandavadhu card ondrai petrukkolla mudiyuma?,getting_spare_card,getting_spare_card,True
2434,"Neenga enakku meladhiga attaigalai anuppinaal, adhuku edhavadhu charges irukka?",getting_spare_card,top_up_by_bank_transfer_charge,False
2435,"Ondruku merpatta attaigalai pera muyarchikkum podhu, extra-va edhavadhu cash selutha venduma?",getting_spare_card,getting_spare_card,True
2436,Indha account-rkana irandavadhu card-ai enoda magaluku vazhanga mudiyuma?,getting_spare_card,getting_spare_card,True
2437,Enoda magaluku oru card thevaipadugiradhu. Enoda account-udan inaikkapattulla enoda attaigalil ondrai avaluku vazhanga mudiyuma?,getting_spare_card,getting_spare_card,True
2438,"Enoda pillaiku oru card thevaipadugiradhu, tharpodhu ennidam ulla account-il avargalai eppadi serppadhu?",getting_spare_card,age_limit,False
2439,"Enoda magaluku oru card thevaipadugiradhu, avalai naan eppadi serppadhu?",getting_spare_card,getting_spare_card,True
2440,Cheque moolam naan top-up seiya mudiyuma?,top_up_by_cash_or_cheque,top_up_by_cash_or_cheque,True
2441,Cash payanpaduthi naan eppadi top-up seivadhu?,top_up_by_cash_or_cheque,top_up_by_cash_or_cheque,True
2442,Cheque-ai kondu naan top-up seiya mudiyuma?,top_up_by_cash_or_cheque,top_up_by_cash_or_cheque,True
2443,"Cash moolam top-up seiya mudiyuma? Appadiyayin, naan adhai eppadi seivadhu?",top_up_by_cash_or_cheque,topping_up_by_card,False
2444,Cash deposit moolam top-up seiyum vazhiyai kandupidikka enakku udhava mudiyuma?,top_up_by_cash_or_cheque,top_up_failed,False
2445,Cheque moolam top-up seivadharkana option edhavadhu ulladha?,top_up_by_cash_or_cheque,top_up_by_cash_or_cheque,True
2446,Enoda account-il cheque ondrai deposit seiya vendum.,top_up_by_cash_or_cheque,balance_not_updated_after_cheque_or_cash_deposit,False
2447,"Naan cash deposit top-up option-ai thedugiren, aanaal adhai kandupidikka mudiyala. Enakku udhava mudiyuma?",top_up_by_cash_or_cheque,top_up_failed,False
2448,Cash payment moolam enoda account-ai eppadi top-up seivadhu?,top_up_by_cash_or_cheque,topping_up_by_card,False
2449,Top-up seiya naan cash payanpadutha virumbugiren. Andha option-ai naan eppadi kandupidippadhu?,top_up_by_cash_or_cheque,top_up_by_cash_or_cheque,True
2450,Cash moolam top-up seivadhai naan engay kandupidippadhu?,top_up_by_cash_or_cheque,topping_up_by_card,False
2451,Cheque moolam naan eppadi cash seluthuvadhu?,top_up_by_cash_or_cheque,top_up_by_cash_or_cheque,True
2452,Cheque moolam enoda account balance-ai adhigarikka mudiyuma?,top_up_by_cash_or_cheque,balance_not_updated_after_cheque_or_cash_deposit,False
2453,Enoda account-il evvagaiyana deposit-galai neenga yetrukkolgireergal?,top_up_by_cash_or_cheque,balance_not_updated_after_cheque_or_cash_deposit,False
2454,Cheque payanpaduthi naan top-up seiya mudiyuma?,top_up_by_cash_or_cheque,top_up_by_cash_or_cheque,True
2455,Cheque moolam card ondrai top-up seiya mudiyuma?,top_up_by_cash_or_cheque,top_up_by_cash_or_cheque,True
2456,"Naan cash top-up seiya vendum, naan adhai eppadi seivadhu?",top_up_by_cash_or_cheque,top_up_failed,False
2457,Cheque moolam top-up seivadharkana option-ai naan thedugiren.,top_up_by_cash_or_cheque,top_up_by_cash_or_cheque,True
2458,Endha idangalil naan cash moolam top-up seiya mudiyum?,top_up_by_cash_or_cheque,top_up_failed,False
2459,"Naan cash payanpaduthi top-up seiya virumbugiren, adhai naan engay seiya mudiyum?",top_up_by_cash_or_cheque,top_up_failed,False
2460,Cash deposit moolam top-up seiyuradhuku edhavadhu vazhi irukka?,top_up_by_cash_or_cheque,top_up_by_cash_or_cheque,True
2461,Enoda account-il cheque moolam top-up seivadharkana options engay ullana?,top_up_by_cash_or_cheque,top_up_by_cash_or_cheque,True
2462,Enoda account-ai top-up seiya naan cash payanpaduthalama?,top_up_by_cash_or_cheque,top_up_by_cash_or_cheque,True
2463,Cash moolam naan eppadi top-up seiya mudiyum?,top_up_by_cash_or_cheque,topping_up_by_card,False
2464,Enoda account-ai top-up seiya neenga cheque-ai yetrukkolveergala?,top_up_by_cash_or_cheque,top_up_by_cash_or_cheque,True
2465,Enakku kidaitha indha cheque-ai kondu naan eppadi top-up seivadhu?,top_up_by_cash_or_cheque,top_up_by_cash_or_cheque,True
2466,Enoda account-ai top-up seiya naan enna vazhigalai payanpaduthalaam?,top_up_by_cash_or_cheque,top_up_failed,False
2467,Top-up seiyuradhuku cash nalladha?,top_up_by_cash_or_cheque,top_up_failed,False
2468,Cash payanpaduthi load seiyuradhukana idathai ennal yen engum kandupidikka mudiyala?,top_up_by_cash_or_cheque,top_up_by_cash_or_cheque,True
2469,Naan edhai kondu cash seluthalaam? Cash sellubadiyaguma?,top_up_by_cash_or_cheque,top_up_by_cash_or_cheque,True
2470,Enoda account-la naan eppadi panathai vaippiliduvathu?,top_up_by_cash_or_cheque,terminate_account,False
2471,Kaasolai moolam ennaal yaen account-ai meelnirappa mudiyaathu?,top_up_by_cash_or_cheque,transfer_into_account,False
2472,Enoda account-ai meelnirappuvatharku naan oru kaasolaiyai anuppalaama?,top_up_by_cash_or_cheque,receiving_money,False
2473,Kaasolai moolam enoda account-ai meelnirappa mudiyuma?,top_up_by_cash_or_cheque,transfer_into_account,False
2474,Naan panamaaga account-ai meelnirappa virumbugiraen.,top_up_by_cash_or_cheque,transfer_into_account,False
2475,"Ennidam oru kaasolai ullathu, enoda account-ai meelnirappa athai naan payanpaduthalaama?",top_up_by_cash_or_cheque,supported_cards_and_currencies,False
2476,Naan panathai payanpaduthi meelnirappa virumbugiraen.,top_up_by_cash_or_cheque,cancel_transfer,False
2477,Enoda card-ai naan eppadi meelnirappalaam?,top_up_by_cash_or_cheque,card_acceptance,False
2478,Naan kaasolai allathu pana koduppanavai samarppikkalaama?,top_up_by_cash_or_cheque,receiving_money,False
2479,Neenga kaasolaigalai aetrukkolgireergala?,top_up_by_cash_or_cheque,fiat_currency_support,False
2480,Enoda physical card-ai naan eppadi pettrukkolvathu?,order_physical_card,order_physical_card,True
2481,Enakku oru card vaendum. atharkaana nadaimurai enna?,order_physical_card,order_physical_card,True
2482,Physical card-galukku neenga evvalavu fee vasoolikkireenga?,order_physical_card,order_physical_card,True
2483,Enoda card-ai naan engae pettrukkollalaam?,order_physical_card,card_acceptance,False
2484,Physical card-in vilai,order_physical_card,order_physical_card,True
2485,"Please koorungal, naan eppadi oru card-ai order seivathu?",order_physical_card,order_physical_card,True
2486,Enakku oru physical card-ai anuppi vaiyungal,order_physical_card,order_physical_card,True
2487,Naan oru card-ai order seyya virumbugiraen. neenga engu delivery seigireergal?,order_physical_card,order_physical_card,True
2488,Naan oru physical card-ai kooralaama?,order_physical_card,order_physical_card,True
2489,Physical card-galukku aethenum fee undaa?,order_physical_card,order_physical_card,True
2490,Physical card-galukku neenga fee vasoolikkireergala?,order_physical_card,order_physical_card,True
2491,Naan vasikkum idathirku neenga attaigalai anuppi vaippeergala?,order_physical_card,country_support,False
2492,Physical card-galukku neenga fee vasoolikkireergala?,order_physical_card,order_physical_card,True
2493,Naeril kodukkal vaangalgalai seivatharku enakku oru unmaiyaana card thaevaipaduguthu. ithai naan eppadi seivathu?,order_physical_card,get_disposable_virtual_card,False
2494,Enakku oru unmaiyaana card kidaikkuma?,order_physical_card,country_support,False
2495,Ungalaal attaigalai engu viniyogikka mudiyum?,order_physical_card,fiat_currency_support,False
2496,Attaigal engu viniyogikkappadugindrana?,order_physical_card,card_acceptance,False
2497,Oru physical card-ai eppadi peruvathu endru please enakku sollungal.,order_physical_card,order_physical_card,True
2498,Physical card-kaana fee enna?,order_physical_card,order_physical_card,True
2499,Minnanu allaatha attaiyum kidaikkutha?,order_physical_card,wrong_amount_of_cash_received,False
2500,Unga card-ai payanpaduthuvatharku evvalavu fee selavaagum?,order_physical_card,order_physical_card,True
2501,Naan eppadi oru physical card-ai pettrukkollalaam?,order_physical_card,order_physical_card,True
2502,Intha app moolam naan oru physical card-ai pera mudiyuma?,order_physical_card,order_physical_card,True
2503,Enakku oru virtual allaatha card kidaikkalaama?,order_physical_card,getting_virtual_card,False
2504,Naan eppadi oru physical card-ai peruvathu?,order_physical_card,order_physical_card,True
2505,Oru physical card-ai peruvatharkaana kattanangal enna?,order_physical_card,order_physical_card,True
2506,Enoda card engu viniyogikkappadalaam?,order_physical_card,card_acceptance,False
2507,Physical card-ku enakku evvalavu fee vithikkappadum?,order_physical_card,order_physical_card,True
2508,Enoda card-ai naan engu order seivathu?,order_physical_card,order_physical_card,True
2509,Card entha idangalukku viniyogikkappadalaam?,order_physical_card,card_acceptance,False
2510,Enoda card-ai naan engay pettrukkollalaam?,order_physical_card,card_acceptance,False
2511,Thabaal moolam attaigalai engu viniyogikkireergall?,order_physical_card,card_acceptance,False
2512,Enoda sontha nijamaana card-ai naan eppadi pettrukkollvathu?,order_physical_card,order_physical_card,True
2513,Enoda card-ai naan engay kandariyalaam?,order_physical_card,card_acceptance,False
2514,"Enakku oru physical card thevaiyendraal, naan aethenum selutha venduma?",order_physical_card,order_physical_card,True
2515,Attaigalai engu viniyogikka mudiyum?,order_physical_card,fiat_currency_support,False
2516,Enakku oru physical card thevai.,order_physical_card,order_physical_card,True
2517,Physical card-kkaana kattanangal enna?,order_physical_card,order_physical_card,True
2518,Naan eppadi oru unmaiyaana card-ai peruvathu?,order_physical_card,order_physical_card,True
2519,Enakku oru nijamaana card kidaikka mudiyuma?,order_physical_card,order_physical_card,True
2520,Enoda disposable virtual card yaen niraagarikkappaduguthu?,virtual_card_not_working,get_disposable_virtual_card,False
2521,Enoda disposable virtual card velai seiyala pol theriyuthu.,virtual_card_not_working,virtual_card_not_working,True
2522,Enoda disposable virtual card paluthadainthullathu.,virtual_card_not_working,get_disposable_virtual_card,False
2523,Enoda non-physical card velai seiyaathu.,virtual_card_not_working,order_physical_card,False
2524,Gym subscription selutha naan payanpaduthiya disposable virtual card yaen niraagarikkappattathu?,virtual_card_not_working,get_disposable_virtual_card,False
2525,Enoda virtual card yaen niraagarikkappaduguthu?,virtual_card_not_working,getting_virtual_card,False
2526,Enoda disposable card velai seiyathaathaal atharkku aethenum kattuppadugal ullatha?,virtual_card_not_working,get_disposable_virtual_card,False
2527,Enoda virtual card-ai ennaal velai seiya vaikka mudiyala.,virtual_card_not_working,virtual_card_not_working,True
2528,Naan satru munnar kadaiyil irunthapothu enoda virtual card velai seiyala. Intha pirachanaikkaana theervu enna?,virtual_card_not_working,virtual_card_not_working,True
2529,Enoda disposable virtual card velai seiyaathu.,virtual_card_not_working,virtual_card_not_working,True
2530,Enoda disposable virtual card-ai ennaal payanpadutha mudiyaathu.,virtual_card_not_working,get_disposable_virtual_card,False
2531,Enoda virtual card moolam naan pala inaiyavali transactions-ai seiya mudiyuma?,virtual_card_not_working,getting_virtual_card,False
2532,Automatic billing-ai amaikka muyandrapothu enoda virtual card yaen niraagarikkappattathu?,virtual_card_not_working,getting_virtual_card,False
2533,Enoda disposable virtual card yaen velai seiyala?,virtual_card_not_working,virtual_card_not_working,True
2534,Subscription services-kku enoda virtual card-ai yaen payanpadutha mudiyaathu?,virtual_card_not_working,getting_virtual_card,False
2535,Enoda virtual card yaen velai seiyala?,virtual_card_not_working,virtual_card_not_working,True
2536,Enoda virtual card moolam ennaal transactions-ai seiya mudiyaathu.,virtual_card_not_working,getting_virtual_card,False
2537,"Aetho oru kaaranathinaal, virtual card enakku velai seiyala.",virtual_card_not_working,getting_virtual_card,False
2538,Enoda disposable virtual card indru athikaalai viyabaariyaal niraagarikkappattathu. Naan enna seiya veendum?,virtual_card_not_working,virtual_card_not_working,True
2539,Enoda virtual card niraagarikkappadum pirachanaiyai naan eppadi sariseivathu?,virtual_card_not_working,getting_virtual_card,False
2540,Enoda virtual card velai seiyala. Naan enna seivathu?,virtual_card_not_working,virtual_card_not_working,True
2541,Enoda virtual card velai seiyaavittaal naan enna seivathu?,virtual_card_not_working,getting_virtual_card,False
2542,Disposable virtual card-ai velai seiya vaikka aethenum valimurai ullatha?,virtual_card_not_working,get_disposable_virtual_card,False
2543,Enoda virtual card-ai ennaal yaen velai seiya vaikka mudiyala?,virtual_card_not_working,virtual_card_not_working,True
2544,Enoda card intha neerathil velai seiyala.,virtual_card_not_working,card_not_working,False
2545,"Enoda disposable card velai seiyala pol theriyuthu, naan aethenum thavaru seigirena?",virtual_card_not_working,disposable_card_limits,False
2546,Enoda virtual card moolamaana koduppanavugal thodarnthu niraagarikkappaduguthu.,virtual_card_not_working,getting_virtual_card,False
2547,Point of sale transaction-la payanpadutha muyandrapothu enoda disposable virtual card velai seiyala. Naan ippothu enna seivathu?,virtual_card_not_working,get_disposable_virtual_card,False
2548,Enoda disposable virtual card-ai payanpaduthiyapothu enoda transaction ippothuthaan niraagarikkappattathu. Naan enna seiya mudiyum?,virtual_card_not_working,get_disposable_virtual_card,False
2549,Enoda disposable virtual card velai seiyala.,virtual_card_not_working,virtual_card_not_working,True
2550,Enoda orumurai payanpaduthum virtual card-ai eppadi velai seyya vaippathu?,virtual_card_not_working,get_disposable_virtual_card,False
2551,Gym subscription-ukku cash selutha payanpaduthiya enoda orumurai payanpaduthum virtual card yen niragarikkappattathu?,virtual_card_not_working,get_disposable_virtual_card,False
2552,Enoda orumurai payanpaduthum virtual card moolamana koduppanavugal velai seyyavillai.,virtual_card_not_working,get_disposable_virtual_card,False
2553,"Enoda orumurai payanpaduthum virtual card viyabariyal niragarikkappattathu, please uthavungal?",virtual_card_not_working,get_disposable_virtual_card,False
2554,Enoda virtual card velai seyyavillai.,virtual_card_not_working,getting_virtual_card,False
2555,Enoda orumurai payanpaduthum virtual card yen velai seyyavillai endru enakku sollungal.,virtual_card_not_working,get_disposable_virtual_card,False
2556,Virtual card-ai velai seyya vaikka enakku uthavi thevai.,virtual_card_not_working,getting_virtual_card,False
2557,"Naan oru viyabariydam enoda virtual card-ai payanpadutha muyandren, athu niragarikkappattathu. Ithai naan eppadi sariseyvathu?",virtual_card_not_working,getting_virtual_card,False
2558,Enoda virtual card-ai eppadi velai seyya vaippathu?,virtual_card_not_working,getting_virtual_card,False
2559,Virtual card enakku velai seyyavillai.,virtual_card_not_working,getting_virtual_card,False
2560,Naan veru naattin naanayathai payanpaduthiyapothu enakku sariyana alavu cash kidaikkala.,wrong_exchange_rate_for_cash_withdrawal,wrong_amount_of_cash_received,False
2561,"Naan ATM iyandhirathilirundhu cash eduthen, athu matroru naanayathilirundhu thavarana dollar mathippai maatru seythullathu!",wrong_exchange_rate_for_cash_withdrawal,wrong_exchange_rate_for_cash_withdrawal,True
2562,"Kadandha vidumurai naalil naan ATM-il irundhu cash eduthen, atharkku ennidam adhiga fee vasoolikkappattadhaga theriyuthu. Ikkattanangal patri enakku therindhirundhal naan cash eduthirukka maatten.",wrong_exchange_rate_for_cash_withdrawal,cash_withdrawal_charge,False
2563,Currency maatru rate sariyaga ullatha enbadhai urudhipadutha paarka mudiyuma?,wrong_exchange_rate_for_cash_withdrawal,card_payment_wrong_exchange_rate,False
2564,Enoda pana perugaikkaana currency maatru rate thavaranathu.,wrong_exchange_rate_for_cash_withdrawal,card_payment_wrong_exchange_rate,False
2565,"Vanakkam. Naan vidumuraiyil irukkiren, ennudan cash ethuvum kondu varala. Unga iyandhirangalil ondrilirundhu enoda sondha naattu naanayathai naan edukka vendum. Ithai seyyakkodiya iyandhirangal aethenum ungalidam ullatha, atharkku aethenum fee unda?",wrong_exchange_rate_for_cash_withdrawal,atm_support,False
2566,Naan cash eduthapothu currency maatru rate yen thavaraga irundhathu?,wrong_exchange_rate_for_cash_withdrawal,wrong_exchange_rate_for_cash_withdrawal,True
2567,"Naan ATM-il velinaattu naanayathai payanpaduthi cash pera muyandren, aanal maatru rate migavum thavaraga irundhathu!",wrong_exchange_rate_for_cash_withdrawal,card_payment_wrong_exchange_rate,False
2568,Enoda sarvathesa pana perugaikkaana currency maatru rate yen thavaraga ullathu?,wrong_exchange_rate_for_cash_withdrawal,card_payment_wrong_exchange_rate,False
2569,Velinaattil seyyappatta oru transaction-ku thavarana currency maatru rate payanpaduthappattirukku.,wrong_exchange_rate_for_cash_withdrawal,card_payment_wrong_exchange_rate,False
2570,Enoda pana perugaikkaga neenga enakku vazhangiya currency maatru rate thavaranathu.,wrong_exchange_rate_for_cash_withdrawal,card_payment_wrong_exchange_rate,False
2571,Cash maatruvatharkku aethenum fee unda?,wrong_exchange_rate_for_cash_withdrawal,cash_withdrawal_charge,False
2572,Currency maatru rate yen ivvalavu adhigamaaga ullathu? Atharkku pathilaga innum adhiga alavilana cash kidaithirukka vendum.,wrong_exchange_rate_for_cash_withdrawal,card_payment_wrong_exchange_rate,False
2573,Naan enoda panathai eduthapothu currency maatru rate yen vithiyasamaaga irundhathu?,wrong_exchange_rate_for_cash_withdrawal,card_payment_wrong_exchange_rate,False
2574,"Naan cash eduthapothu, enoda currency maatru rate thavaraga irundhathu.",wrong_exchange_rate_for_cash_withdrawal,wrong_exchange_rate_for_cash_withdrawal,True
2575,Ulloor ATM-il irundhu US dollars eduthal kooduthal fee aethenum irukkuma? Veettirku sellum payanathil vasadhiyaga irukka enakku sirithalavu cash thevaippaduguthu.,wrong_exchange_rate_for_cash_withdrawal,cash_withdrawal_charge,False
2576,"Naan vidumuraiyil irundhapothu ATM payanpaduthiyadharkaga ennidam adhiga fee vasoolikkappattadhaga theriyuthu. Unga kattanangal patri enakku munnare therindhirundhal, naan nichayamaga veru engavathu sendriruppen.",wrong_exchange_rate_for_cash_withdrawal,wrong_amount_of_cash_received,False
2577,Naan cash eduthapothu currency maatru rate-ai saripaarthen. Aanal neenga payanpaduthiya unmaiyana rate vithiyasamaaga irundhathu.,wrong_exchange_rate_for_cash_withdrawal,card_payment_wrong_exchange_rate,False
2578,"Cash perumpothu, enoda transaction-ku thavarana currency maatru rate payanpaduthappattathu.",wrong_exchange_rate_for_cash_withdrawal,card_payment_wrong_exchange_rate,False
2579,Naan velinaattil irukkumpothu ATM-il endhavoru kattanamum indri cash edukka mudiyuma?,wrong_exchange_rate_for_cash_withdrawal,atm_support,False
2580,"Naan velinaattu naanayathai eduthen, aanal currency maatru rate thavaraga ullathu.",wrong_exchange_rate_for_cash_withdrawal,card_payment_wrong_exchange_rate,False
2581,Enoda currency maatratthin pothu adhiga cash kazhikkappattadhaga naan unargiren.,wrong_exchange_rate_for_cash_withdrawal,wrong_exchange_rate_for_cash_withdrawal,True
2582,Enoda pana perugaikkaana currency maatru vigithathil oru pizhai irundhathu.,wrong_exchange_rate_for_cash_withdrawal,card_payment_wrong_exchange_rate,False
2583,"Naan velinaadu sellumpothu, ATM-galil sariyana vigithathil, sariyana velinaattu cash enakku thevai.",wrong_exchange_rate_for_cash_withdrawal,wrong_amount_of_cash_received,False
2584,Velinaattu naanayathudan naan payanpaduthiya ATM-in maatru rate thavaraga irundhathu.,wrong_exchange_rate_for_cash_withdrawal,card_payment_wrong_exchange_rate,False
2585,Velinaattu ATM-kaana currency maatru rate yen vithiyasamaaga ullathu?,wrong_exchange_rate_for_cash_withdrawal,card_payment_wrong_exchange_rate,False
2586,Enoda pana perugaikku thavarana currency maatru rate vasoolikkappattathu.,wrong_exchange_rate_for_cash_withdrawal,card_payment_wrong_exchange_rate,False
2587,Vidumurai naalil naan ATM-il irundhu sirithu cash eduthen. Ennidam sila aniyayamaana kattanangal vasoolikkappattadhaga theriyuthu. Indha aniyayamaana kattanangal patri enakku therindhirundhal naan athai seythirukka maatten!,wrong_exchange_rate_for_cash_withdrawal,wrong_amount_of_cash_received,False
2588,Enoda pana perugaikkaana currency maatru rate sariyaga illai matrum athu unmaiyana currency maatru vigithathudan porundhavillai.,wrong_exchange_rate_for_cash_withdrawal,card_payment_wrong_exchange_rate,False
2589,Unga currency maatru vigitha kolgaiyai vilakka mudiyuma? Enoda ATM transaction-la enakku sariyana alavu cash kidaikkala endru ninaikkiren.,wrong_exchange_rate_for_cash_withdrawal,wrong_amount_of_cash_received,False
2590,Oru pana parimaatrathukkana enoda exchange rate thavara irundhuchu.,wrong_exchange_rate_for_cash_withdrawal,card_payment_wrong_exchange_rate,False
2591,Naan cash eduthappo adhigha exchange rate ethirpaathen. Ippothaya exchange rate-galai enakku solla mudiyuma?,wrong_exchange_rate_for_cash_withdrawal,wrong_exchange_rate_for_cash_withdrawal,True
2592,ATM-la enoda transaction-ukku apply panna rate thavara irundhuchu.,wrong_exchange_rate_for_cash_withdrawal,wrong_exchange_rate_for_cash_withdrawal,True
2593,Enoda cash withdrawal-ukkana exchange rate sariya illai.,wrong_exchange_rate_for_cash_withdrawal,wrong_exchange_rate_for_cash_withdrawal,True
2594,"Naan velinaatula cash eduthen, aana exchange rate sariya illai.",wrong_exchange_rate_for_cash_withdrawal,wrong_exchange_rate_for_cash_withdrawal,True
2595,"Naan oru foreign currency-la ATM use pannen, aana apply panna rate thavaru!",wrong_exchange_rate_for_cash_withdrawal,wrong_exchange_rate_for_cash_withdrawal,True
2596,Ungaloda exchange rate-ai eppadi mudivu seigireergal? Enenral naan cash eduthappo ungaloda rate onnu thavara irundhuchu.,wrong_exchange_rate_for_cash_withdrawal,wrong_exchange_rate_for_cash_withdrawal,True
2597,"Holiday shopping-kkaga cash edukka naan ATM machine use pannen, anga romba adhiga charges-ai paathen. Adhu yen? Enakku therinjirundha naan ATM use pannirukka maatten!",wrong_exchange_rate_for_cash_withdrawal,cash_withdrawal_charge,False
2598,Cash withdrawal exchange rate sariya illai.,wrong_exchange_rate_for_cash_withdrawal,wrong_exchange_rate_for_cash_withdrawal,True
2599,"US dollar thara koodiya local ATM yedhavathu irukka? Enoda veettu payanathukku ennadame cash illai, Sri Lanka poravarai wait panrathu enakku vasadhiya illai. Cash eduppatharkku extra charges irukkuma?",wrong_exchange_rate_for_cash_withdrawal,cash_withdrawal_charge,False
2600,Oru disposable virtual card-ai eppadi payanpaduthuvathu enbathu patriya vilakkathai pera mudiyuma?,get_disposable_virtual_card,get_disposable_virtual_card,True
2601,Ennal oru disposable virtual card-ai uruvakka mudiyuma?,get_disposable_virtual_card,get_disposable_virtual_card,True
2602,Oru virtual disposable card-ai peruvathu patri neenga enakku enna solla mudiyum?,get_disposable_virtual_card,get_disposable_virtual_card,True
2603,Naan oru disposable virtual card order seiya virumbugiren. Naan idhai eppadi seivathu?,get_disposable_virtual_card,get_disposable_virtual_card,True
2604,Virtual card-gal eppadi velai seigindrana?,get_disposable_virtual_card,getting_virtual_card,False
2605,Disposable virtual card endral enna?,get_disposable_virtual_card,get_disposable_virtual_card,True
2606,Naan oru temporary virtual card virumbugiren.,get_disposable_virtual_card,getting_virtual_card,False
2607,Disposable card-gal eppadi velai seigindrana?,get_disposable_virtual_card,get_disposable_virtual_card,True
2608,Naan oru disposable virtual card-ai eppadi payanpaduthuvathu?,get_disposable_virtual_card,get_disposable_virtual_card,True
2609,Oru disposable virtual card-ai peruvatharku migachirandha idam ethu?,get_disposable_virtual_card,get_disposable_virtual_card,True
2610,Disposable card-gal patri enakku vilakka mudiyuma?,get_disposable_virtual_card,get_disposable_virtual_card,True
2611,Naan oru disposable virtual card-ai pera yedhavathu vazhi irukka?,get_disposable_virtual_card,get_disposable_virtual_card,True
2612,Naan ippothuthan oru disposable virtual card vaanginen. Online purchases-ukku udanadiya ennal idhai payanpadutha mudiyuma?,get_disposable_virtual_card,get_disposable_virtual_card,True
2613,Oru disposable virtual card evvalavu paathukaappanathu?,get_disposable_virtual_card,get_disposable_virtual_card,True
2614,Oru disposable virtual card-ai pera naan enna seiya vendum?,get_disposable_virtual_card,get_disposable_virtual_card,True
2615,Naan oru disposable virtual card-ai pera virumbugiren.,get_disposable_virtual_card,get_disposable_virtual_card,True
2616,Disposable card-gal patri vilakka mudiyuma?,get_disposable_virtual_card,get_disposable_virtual_card,True
2617,Oru murai payanpaduthum virtual card-ai naan eppadi peruvathu?,get_disposable_virtual_card,get_disposable_virtual_card,True
2618,Naanum oru disposable virtual card-ai pera mudiyuma?,get_disposable_virtual_card,get_disposable_virtual_card,True
2619,Enakku oru single use virtual card kidaikkuma?,get_disposable_virtual_card,get_disposable_virtual_card,True
2620,Naan oru disposable virtual card-ai uruvakka virumbugiren. Naan adhai eppadi seivathu?,get_disposable_virtual_card,get_disposable_virtual_card,True
2621,"Ennadame oru disposable virtual card irukku, so adhai vaithu enna seivathu endru enakku solveergala?",get_disposable_virtual_card,get_disposable_virtual_card,True
2622,Virtual card eppadi velai seiguthu?,get_disposable_virtual_card,getting_virtual_card,False
2623,Oru disposable virtual card-ai peruvatharkana process enna?,get_disposable_virtual_card,get_disposable_virtual_card,True
2624,Oru disposable virtual card enna seiguthu?,get_disposable_virtual_card,get_disposable_virtual_card,True
2625,Oru disposable virtual card-ai naan eppo order seiya mudiyum?,get_disposable_virtual_card,get_disposable_virtual_card,True
2626,Oru disposable virtual card-aiyum pera mudiyuma?,get_disposable_virtual_card,get_disposable_virtual_card,True
2627,Oru disposable virtual card-ai naan eppadi peruvathu?,get_disposable_virtual_card,get_disposable_virtual_card,True
2628,Oru disposable card-ai neenga eppadi payanpaduthuveergal?,get_disposable_virtual_card,get_disposable_virtual_card,True
2629,"Enakku oru disposable virtual card thevai, adhai naan eppadi peruvathu?",get_disposable_virtual_card,get_disposable_virtual_card,True
2630,Disposable cards eppadi vela seiyuthu?,get_disposable_virtual_card,get_disposable_virtual_card,True
2631,Naan order panna kudiya disposable virtual card ethuvum irukka?,get_disposable_virtual_card,get_disposable_virtual_card,True
2632,Disposable virtual card naan enga vaangalam?,get_disposable_virtual_card,get_disposable_virtual_card,True
2633,Enakkum disposable virtual card onnu edukka mudiyuma?,get_disposable_virtual_card,get_disposable_virtual_card,True
2634,Hello! naan disposable virtual card order pannanum. athai enga panna mudiyum?,get_disposable_virtual_card,get_disposable_virtual_card,True
2635,Disposable virtual card-ukku enga request pannanum?,get_disposable_virtual_card,get_disposable_virtual_card,True
2636,Enakku throw away card onnu kidaikkuma?,get_disposable_virtual_card,country_support,False
2637,Disposable card vechu naan ethanai transaction panna mudiyum?,get_disposable_virtual_card,disposable_card_limits,False
2638,Disposable cards-na enna?,get_disposable_virtual_card,disposable_card_limits,False
2639,Disposable virtual card edukka enna process?,get_disposable_virtual_card,get_disposable_virtual_card,True
2640,App enoda top-up-a reject panniduchu.,top_up_failed,top_up_failed,True
2641,Heyy naan innaiku enoda card vechu top up panna try pannen aana fail aydichu! rendu nalaiku munnadi thaan vaanginen aana pona thadava vela senjithu. enna nadakuthunu konjam double check panni solla mudiyuma?,top_up_failed,top_up_failed,True
2642,Enoda top up onnu success aagala. yaen?,top_up_failed,pending_top_up,False
2643,"So, naan innaiku enoda card-a top up panna try pannen. aana fail aydichu. rendu nalaiku munnadi use pannappa nalla vela senjithu. konjam double check panni enna nadakuthunu solla mudiyuma?",top_up_failed,top_up_failed,True
2644,App enoda top up-a yaen reject pannuchu?,top_up_failed,top_up_reverted,False
2645,Enoda top-up yaen fail aydichunu konjam sollunga.,top_up_failed,top_up_failed,True
2646,Enoda top-up vela seiyala.,top_up_failed,top_up_failed,True
2647,Naan top up panna try pannen aana app athai reject panniduchu.,top_up_failed,top_up_failed,True
2648,Enoda top-up enna karanathala fail aydichu?,top_up_failed,top_up_failed,True
2649,Enoda topup yaen success aagala?,top_up_failed,top_up_reverted,False
2650,Enoda top-up vela senjuthannu naan eppadi check panrathu?,top_up_failed,pending_top_up,False
2651,Enoda top up vela seiyala.,top_up_failed,pending_top_up,False
2652,Enoda top up fail aydichu.,top_up_failed,top_up_failed,True
2653,Enoda topup yaen success aagama poyirukkum?,top_up_failed,top_up_reverted,False
2654,Enoda top up vela seiyathathuku enna karanam?,top_up_failed,pending_top_up,False
2655,Enoda top up yaen vela seiyala?,top_up_failed,pending_top_up,False
2656,Enoda top-up yaen unsuccessful aachu?,top_up_failed,top_up_reverted,False
2657,Enoda card-ukku panna funding success aagala.,top_up_failed,card_not_working,False
2658,"Top up-ukku enoda credit card yaen decline aachunu naan therinjukanum? inga enna nadakuthu, athu yaen success aagala?",top_up_failed,top_up_failed,True
2659,Naan top up pannen aana app athai accept pannala.,top_up_failed,top_up_reverted,False
2660,App enoda top-up-a reject panniduchu.,top_up_failed,top_up_failed,True
2661,Enoda top up vela seiyala ninaikiren.,top_up_failed,pending_top_up,False
2662,App-la enoda top up reject aydichu.,top_up_failed,top_up_failed,True
2663,Enoda top-up success aachanu solla mudiyuma?,top_up_failed,top_up_failed,True
2664,Ennala yaen top up panna mudiyalannu check panna mudiyuma?,top_up_failed,top_up_by_cash_or_cheque,False
2665,Enoda top-up eppadi fail aachu?,top_up_failed,top_up_failed,True
2666,"Enoda top-up fail aydichu, yaen?",top_up_failed,top_up_failed,True
2667,Naan top up panna try pannen. athu yaen reject aachu?,top_up_failed,top_up_reverted,False
2668,Enna vishayam? enoda card ippo thaan top up-uku reject aachu. athu yaen success aagala?,top_up_failed,top_up_failed,True
2669,Enoda top up sariya vela seiyuthunu naan ninaikala.,top_up_failed,pending_top_up,False
2670,Indha app enoda account-la top up panna vidala.,top_up_failed,topping_up_by_card,False
2671,Enoda top up request yen reject aachunu enakku theriyala.,top_up_failed,top_up_reverted,False
2672,Yen ennala top up panna mudiyala?,top_up_failed,topping_up_by_card,False
2673,Enoda top-up fail aayiduchu.,top_up_failed,top_up_failed,True
2674,Top up panradhula problems.,top_up_failed,topping_up_by_card,False
2675,"Enakku iniku enoda card-la irundhu cash romba mukkiyama thevai, aana card decline aagudhu. please help pannunga!!",top_up_failed,declined_card_payment,False
2676,Enoda top up fail aayiduchanu naan eppadi therinjukiradhu?,top_up_failed,top_up_failed,True
2677,Enoda top up fail aayiduchunu enakku nalla theriyum. idhai eppadi sari panradhu?,top_up_failed,top_up_failed,True
2678,Yen top up work aagala?,top_up_failed,top_up_failed,True
2679,Enoda top up yen work aagalanu solla mudiyuma?,top_up_failed,top_up_failed,True
2680,Naan konjam nerathuku munnadi local bank account-la irundhu transfer pannen. aana adhu innum kaatala. please idhai check panni sollunga.,balance_not_updated_after_bank_transfer,balance_not_updated_after_bank_transfer,True
2681,Naan cash transfer pannumbodhu enoda account balance maarala.,balance_not_updated_after_bank_transfer,balance_not_updated_after_bank_transfer,True
2682,Transfer panna cash account-la kaata evvalavu neram aagum?,balance_not_updated_after_bank_transfer,transfer_timing,False
2683,Naan konjam cash transfer panniyum enoda balance yen maarala?,balance_not_updated_after_bank_transfer,balance_not_updated_after_bank_transfer,True
2684,Transfer pannadhuku apram enoda balance eppo update aagum?,balance_not_updated_after_bank_transfer,balance_not_updated_after_bank_transfer,True
2685,Enoda account-uku international transfer vara evvalavu naal aagum?,balance_not_updated_after_bank_transfer,transfer_timing,False
2686,"Local bank account-la irundhu transfer panna normal-a evvalavu neram aagum? naan ippo dhaan transfer pannen, aana adhu innum kaatala. ellaam sariya dhaan irukadhannu enakku sandhegama iruku.",balance_not_updated_after_bank_transfer,balance_not_updated_after_bank_transfer,True
2687,Enoda transfer eppo enoda account-la kedaikkum?,balance_not_updated_after_bank_transfer,transfer_timing,False
2688,Naan transfer panna cash enakku kedaikala.,balance_not_updated_after_bank_transfer,transfer_not_received_by_recipient,False
2689,"Naan ippo dhaan bank transfer pannen, aana balance update aagala.",balance_not_updated_after_bank_transfer,balance_not_updated_after_bank_transfer,True
2690,"Naan konjam cash transfer pannen, aana adhu enga dhaan tholanjuduchunu nenaikiren.",balance_not_updated_after_bank_transfer,transfer_not_received_by_recipient,False
2691,Local bank transfer-uku evvalavu neram aagum?,balance_not_updated_after_bank_transfer,balance_not_updated_after_bank_transfer,True
2692,"Hello, naan konjam nerathuku munnadi local bank account-la irundhu bank transfer pannen, aana adhu innum kaatala. ellaam sariya dhaan irukannu check panna mudiyuma?",balance_not_updated_after_bank_transfer,balance_not_updated_after_bank_transfer,True
2693,Naan transfer pannittu innum wait panren.,balance_not_updated_after_bank_transfer,pending_transfer,False
2694,"Naan out of country transfer pannen, adhu innum complete aagala.",balance_not_updated_after_bank_transfer,transfer_not_received_by_recipient,False
2695,"Transfer pannadhuku apram, balance update aagala.",balance_not_updated_after_bank_transfer,balance_not_updated_after_bank_transfer,True
2696,Naan konjam nerathuku munnadi local bank account-la irundhu panna transfer-a check panna mudiyuma? yenna adhu innum kaatala.,balance_not_updated_after_bank_transfer,balance_not_updated_after_bank_transfer,True
2697,"Naan cash transfer pannen, aana balance maarala.",balance_not_updated_after_bank_transfer,balance_not_updated_after_bank_transfer,True
2698,Enoda latest bank transfer-a ennala paaka mudiyala.,balance_not_updated_after_bank_transfer,balance_not_updated_after_bank_transfer,True
2699,Enoda bank transfer innum enoda account-la kaatala.,balance_not_updated_after_bank_transfer,balance_not_updated_after_bank_transfer,True
2700,"Naan transfer pannen, adhu enoda account-la kaatala.",balance_not_updated_after_bank_transfer,balance_not_updated_after_bank_transfer,True
2701,"Naan konjam cash transfer pannen, aana adhu innum vandhu serala.",balance_not_updated_after_bank_transfer,transfer_not_received_by_recipient,False
2702,Enoda balance yen appadiye iruku? naan transfer panni mudichene.,balance_not_updated_after_bank_transfer,balance_not_updated_after_bank_transfer,True
2703,Enoda transfer yen enakku innum kedaikala?,balance_not_updated_after_bank_transfer,transfer_not_received_by_recipient,False
2704,Enoda account-la transfer yen kaatala?,balance_not_updated_after_bank_transfer,balance_not_updated_after_bank_transfer,True
2705,Naan transfer panna cash balance-la kaatala.,balance_not_updated_after_bank_transfer,balance_not_updated_after_bank_transfer,True
2706,"Naan transfer panni mudichuten, aana adhu kaatala.",balance_not_updated_after_bank_transfer,balance_not_updated_after_bank_transfer,True
2707,"Enoda account-uku transfer pannen, aana adhu kaatala.",balance_not_updated_after_bank_transfer,balance_not_updated_after_bank_transfer,True
2708,Enoda transfer enakku kedaika evvalavu neram aagum?,balance_not_updated_after_bank_transfer,transfer_timing,False
2709,Naan balance transfer pannadhunu yen kaatala?,balance_not_updated_after_bank_transfer,balance_not_updated_after_bank_transfer,True
2710,"Naan rendu manithiyalathuku munnadi enoda local bank account la irunthu oru bank transfer pannen. Athu innum kaatala, athu olunga poirukanu check panna mudiyuma?",balance_not_updated_after_bank_transfer,balance_not_updated_after_bank_transfer,True
2711,Enoda transfer pending la iruku.,balance_not_updated_after_bank_transfer,pending_transfer,False
2712,"Vanakkam, naan sila manithiyalathuku munnadi enoda local bank account la irunthu oru bank transfer panna try pannen, aana athu innum kaatala. Ellam sariya irukanu enoda account-a check panna mudiyuma?",balance_not_updated_after_bank_transfer,balance_not_updated_after_bank_transfer,True
2713,[Country] la irunthu vantha enoda transfer enga?,balance_not_updated_after_bank_transfer,transfer_timing,False
2714,"Naan oru bank transfer pannen, aana enoda account balance athai kaatala.",balance_not_updated_after_bank_transfer,balance_not_updated_after_bank_transfer,True
2715,"Enoda cash enga? Naan athai transfer pannen, aana athu enoda account la illa.",balance_not_updated_after_bank_transfer,balance_not_updated_after_bank_transfer,True
2716,"Local bank account la irunthu panra transfer-ku pothuva evlo neram edukum nu naan therinjukaonum. Naan ippothan oru transfer pannen, aana athu innum kaatala. Ellam sariya irukanu confirm panna virumburen.",balance_not_updated_after_bank_transfer,balance_not_updated_after_bank_transfer,True
2717,Enoda balance la yen enoda transfer kaatala?,balance_not_updated_after_bank_transfer,balance_not_updated_after_bank_transfer,True
2718,"Naan enoda account-ku cash transfer panniyum, enoda account balance innum koodala.",balance_not_updated_after_bank_transfer,balance_not_updated_after_bank_transfer,True
2719,Bank transfer panna piragu enoda puthiya balance-a naan eppo paaka mudiyum?,balance_not_updated_after_bank_transfer,balance_not_updated_after_bank_transfer,True
2720,Yaro enoda card-a vachu cash eduthitanga nu nenaikuren. Naan enna seiyanum?,cash_withdrawal_not_recognised,compromised_card,False
2721,App la ennodathu illatha oru withdrawal kaatuthu.,cash_withdrawal_not_recognised,cash_withdrawal_not_recognised,True
2722,"Naan ippothan enoda wallet-a tholachen, athukulla avanga enoda account la irunthu cash edukiratha paakuren. Ithai naan eppadi niruthurathu?",cash_withdrawal_not_recognised,cash_withdrawal_not_recognised,True
2723,"Naan ATM la irunthu cash edukala, aana naan edutha mathiri app la kaatuthu.",cash_withdrawal_not_recognised,cash_withdrawal_not_recognised,True
2724,Naan edukatha sila cash edutha mathiri enoda app la kaatuthu.,cash_withdrawal_not_recognised,cash_withdrawal_not_recognised,True
2725,Enoda app la yen sambantham illatha oru withdrawal kaatuthu?,cash_withdrawal_not_recognised,cash_withdrawal_not_recognised,True
2726,Account la sandhegathuku idamana muraiyila cash edukapatruku.,cash_withdrawal_not_recognised,cash_withdrawal_not_recognised,True
2727,"Naan ATM la irunthu cash edukala, aana app padi naan seiyatha oru transaction nadanthuruku.",cash_withdrawal_not_recognised,cash_withdrawal_not_recognised,True
2728,"Naan ATM la cash edutha mathiri app la soluthu, aana naan edukala.",cash_withdrawal_not_recognised,cash_withdrawal_not_recognised,True
2729,"Naan ATM la irunthu cash edutha mathiri enoda app soluthu, aana naan edukala.",cash_withdrawal_not_recognised,cash_withdrawal_not_recognised,True
2730,"Oru vithiyasama cash eduthurukirathaala, enoda bank card-a naan eppadi freeze panrathu?",cash_withdrawal_not_recognised,cash_withdrawal_not_recognised,True
2731,Naan seiyatha oru cash withdrawal-a naan paakuren.,cash_withdrawal_not_recognised,cash_withdrawal_not_recognised,True
2732,"Naan app-a check panna pothu, naan allow pannatha oru extra cash withdrawal-a pathen.",cash_withdrawal_not_recognised,cash_withdrawal_not_recognised,True
2733,Enoda statement la oru vithiyasama cash edutha pathivu iruku.,cash_withdrawal_not_recognised,cash_withdrawal_not_recognised,True
2734,Enoda statement la naan seiyatha oru cash withdrawal iruku.,cash_withdrawal_not_recognised,cash_withdrawal_not_recognised,True
2735,Yaro enoda card-a vachu cash edukiranga nu nenaikuren. Yaro enoda wallet-a thiruditanga. Naan enna seiyanum? Ithu urgent.,cash_withdrawal_not_recognised,compromised_card,False
2736,App la ennodathu illatha sila cash withdrawal-a naan paakuren.,cash_withdrawal_not_recognised,cash_withdrawal_not_recognised,True
2737,Enoda account la oru vithiyasama cash eduthurukanga.,cash_withdrawal_not_recognised,cash_withdrawal_not_recognised,True
2738,Enoda statement la irukira oru withdrawal pathi enaku sure-a theriyala.,cash_withdrawal_not_recognised,cash_withdrawal_not_recognised,True
2739,"Vera yaro enoda account la irunthu cash edutha mathiri iruku, help panna mudiyuma?",cash_withdrawal_not_recognised,cash_withdrawal_not_recognised,True
2740,Naan seiyatha oru withdrawal-a naan paakuren nu nenaikuren.,cash_withdrawal_not_recognised,cash_withdrawal_not_recognised,True
2741,Naan edukatha sila cash edutha mathiri enoda app la kaatuthu.,cash_withdrawal_not_recognised,cash_withdrawal_not_recognised,True
2742,"Enoda account la irunthu permission illama 500,000 rupees eduthurukanga. Naan nichayama intha withdrawal-a seiyala. Enaku unga help venum.",cash_withdrawal_not_recognised,cash_withdrawal_not_recognised,True
2743,Naan seiyatha oru ATM withdrawal-a app kaatuthu.,cash_withdrawal_not_recognised,cash_withdrawal_not_recognised,True
2744,Enoda account la oru vithiyasama cash edutha pathivu iruku.,cash_withdrawal_not_recognised,cash_withdrawal_not_recognised,True
2745,"Konjam nerathuku munnadi thiruttu pona enoda card-a cancel pannanum. Yaro ready-a konjam cash eduthitanga, inime avanga edukama paakanum. Please athai panna mudiyuma?",cash_withdrawal_not_recognised,lost_or_stolen_card,False
2746,Enoda card-a eppadi cancel panrathu? Enoda account la naan seiyatha charges vanthuruku.,cash_withdrawal_not_recognised,card_payment_not_recognised,False
2747,"Oru error nadanthuruku, naan ATM la cash edutha mathiri app la soluthu, aana naan edukala.",cash_withdrawal_not_recognised,cash_withdrawal_not_recognised,True
2748,"Yaravathu enaku help panna mudiyuma, naan enoda wallet-a tholachiten, avanga enoda account la irunthu cash eduka start pannitanga.",cash_withdrawal_not_recognised,lost_or_stolen_card,False
2749,Enoda statement la oru vithiyasama cash edutha pathivai paatha naan enna seiyanum?,cash_withdrawal_not_recognised,card_payment_not_recognised,False
2750,Oru cash eduththal parivarththanaiyai ennal adaiyaalam kaana mudiyala.,cash_withdrawal_not_recognised,card_payment_not_recognised,False
2751,"Udhavi seiyungo! Enoda panappai thirudappattuvittadhu, yaaro cash eduththukkondirukkiraargal. Enakku indha cash thevai! Naan enna seiya vendum?",cash_withdrawal_not_recognised,cash_withdrawal_not_recognised,True
2752,Enakku sandhegamaaga irukkum oru cash eduththal parivarththanai ulladhu.,cash_withdrawal_not_recognised,cash_withdrawal_not_recognised,True
2753,"Naan ATM ilirundhu cash edukkala, aanaal enoda app statement naan eduththadhaaga kaattugiradhu. Idhai naan eppadi sariseivadhu?",cash_withdrawal_not_recognised,cash_withdrawal_not_recognised,True
2754,"Yaaro enoda card-ai thirudivittaargal. Enoda card ennidam irundhapodhilaum, yaaro ippodhudhaan 500,000 roobai cash eduththullaargal. Dhayavuseidhu koodiya viraivil udhavungal.",cash_withdrawal_not_recognised,cash_withdrawal_not_recognised,True
2755,Naan peraadha cash enoda app il kaattugiradhu.,cash_withdrawal_not_recognised,cash_withdrawal_not_recognised,True
2756,Enoda card-la oru pirachchinai ulladhu. Naan pogaadha oru ooril irundhu yaaro enoda kanakkilirundhu cash eduththullaargal. Dhayavuseidhu enoda account-ai udanadiyaaga mudakka mudiyuma?,cash_withdrawal_not_recognised,cash_withdrawal_not_recognised,True
2757,App il enakku theriyaadha oru ATM cash eduththal kaattugiradhu.,cash_withdrawal_not_recognised,atm_support,False
2758,Naan seiyaadha oru cash eduththal kaattugiradhu.,cash_withdrawal_not_recognised,cash_withdrawal_not_recognised,True
2759,App thavarudhalaaga naan cash eduththadhaaga kaattugiradhu.,cash_withdrawal_not_recognised,cash_withdrawal_not_recognised,True
2760,Currency maatru fee edhum ulladha?,exchange_charge,card_payment_wrong_exchange_rate,False
2761,Unga currency maatru veetham enna?,exchange_charge,card_payment_wrong_exchange_rate,False
2762,Unga currency maatru kattanangal enna?,exchange_charge,card_payment_wrong_exchange_rate,False
2763,Currency maatru veethaththai naan enga kandariyalaam?,exchange_charge,card_payment_wrong_exchange_rate,False
2764,Kurukku currency maatrangalukkaana adippadaith amount enna?,exchange_charge,fiat_currency_support,False
2765,"Enoda velai nimiththam naan ulagam muzhuvadhum sella vendiyulladhu, naan maatra vendiya anaiththu panaththirkum thallubadi pera mudiyuma?",exchange_charge,receiving_money,False
2766,Currencies-ai maatruvadharku naan innum evvalavu koodudhalaaga seluththa vendum?,exchange_charge,fiat_currency_support,False
2767,Currencies-ai maatruvadharku fee edhum ulladha?,exchange_charge,fiat_currency_support,False
2768,Currencies-ai maatruvadharku evvalavu selavaagum?,exchange_charge,fiat_currency_support,False
2769,Currency maatru fee evvalavu?,exchange_charge,exchange_charge,True
2770,Adikkadi currencies-ai maatrupavargalukku edhenum thallubadi undaa?,exchange_charge,fiat_currency_support,False
2771,Velinaattu panaththai maatruvadharku fee edhum ulladha?,exchange_charge,exchange_charge,True
2772,Currencies-ai maatruvadharku naan cash seluththa venduma?,exchange_charge,supported_cards_and_currencies,False
2773,Currencies-ai maatruvadharku koodudhal selavaaguma?,exchange_charge,supported_cards_and_currencies,False
2774,Velinaattu currencies-ai maatruvadharku fee edhum ulladha?,exchange_charge,fiat_currency_support,False
2775,Velinaattu currencies-ai maatruvadharku ennidam fee vasoolikkappaduma?,exchange_charge,fiat_currency_support,False
2776,"Kurukku currency maatrukku evvalavu selavaagum, enakku edhenum thallubadigal ullanava endru naan paarkka mudiyuma?",exchange_charge,exchange_charge,True
2777,Pala currency maatrangalukku neenga thallubadi vazhangugireergala?,exchange_charge,fiat_currency_support,False
2778,Currency maatru kattanamaaga naan evvalavu seluththa vendum?,exchange_charge,card_payment_wrong_exchange_rate,False
2779,"Naan naanayaththai maatra virumbinaal, koodudhal kattanangal irukkuma?",exchange_charge,receiving_money,False
2780,"Naan naanayaththai maatra vendiyirundhaal, koodudhal fee edhum undaa?",exchange_charge,card_payment_fee_charged,False
2781,Adikkadi currencies-ai maatrupavargalukku edhenum thallubadigal vazhangappadugiradha endru naan ariya virumbugiren?,exchange_charge,fiat_currency_support,False
2782,Currencies-ai maatruvadharku ennidam fee vasoolikkappaduma?,exchange_charge,fiat_currency_support,False
2783,Currency maatru fee enna?,exchange_charge,exchange_charge,True
2784,Indha card-ai payanpaduththi currencies-ai maatruvadharku selavaaguma?,exchange_charge,supported_cards_and_currencies,False
2785,Currency maatranthirkku neenga evvalavu fee vasoolikkireenga?,exchange_charge,exchange_charge,True
2786,Currencies-ai maatruvadharku edhenum maraimugak koodudhal kattanangal ullanava?,exchange_charge,fiat_currency_support,False
2787,"Naan payanam seiyumpodhu, enoda naanayaththai maatruvadharku evvalavu selavaagum?",exchange_charge,top_up_limits,False
2788,Velinaattu naanayaththai maatruvadharku naan evvalavu seluththa vendum?,exchange_charge,exchange_charge,True
2789,Currency maatru sevaigalukku cash selavaaguma?,exchange_charge,card_payment_wrong_exchange_rate,False
2790,Naanayamaatrukku meeladhiga kattanangal eadhum undaa?,exchange_charge,card_acceptance,False
2791,"Naan adikkadi naanyangalai maatra vendiyirukkum, enakku eadhenum thallubadi kidaikkuma?",exchange_charge,fiat_currency_support,False
2792,Velinaattu naanayamaatrukku fee eadhum undaa?,exchange_charge,exchange_charge,True
2793,Adikkadi naanyangalai maatruvadharku eadhenum thallubadi undaa?,exchange_charge,fiat_currency_support,False
2794,Naanayamaatru fee evvalavu?,exchange_charge,exchange_charge,True
2795,Enoda naanyathai maatra vendiyirundhaal koodudhal cash selavaaguma?,exchange_charge,receiving_money,False
2796,"Naan naanyangalai maatra virumbugirean, aanaal adharku meeladhiga fee eadhum undaa?",exchange_charge,fiat_currency_support,False
2797,Naanayamaatrugalukku eadhenum fee vasoolikkappaduma?,exchange_charge,card_payment_fee_charged,False
2798,Meeladhiga kattanangal indri velinaattilirundhu panathai maatra mudiyuma?,exchange_charge,receiving_money,False
2799,Naanayam maatruvadharku fee vasoolikkappaduma?,exchange_charge,card_payment_fee_charged,False
2800,Account-il cash nirappuvadharku velinaattu bank card-ai payanpaduthuvadharku fee eadhum undaa?,top_up_by_card_charge,card_acceptance,False
2801,Sarvadhesa card moolam cash serppadharku eadhenum kattanangal undaa?,top_up_by_card_charge,topping_up_by_card,False
2802,"America-vil vazhangappatta card-ai payanpaduthiyapodhu enakku fee vasoolikkappattadhu. Yean, matrum cash serkka endha card-gal ilavasamaanavai?",top_up_by_card_charge,supported_cards_and_currencies,False
2803,Sarvadhesa card moolam cash serthaal eadhenum maraimuga kattanangal undaa?,top_up_by_card_charge,topping_up_by_card,False
2804,Enoda card-il cash nirappuvadharku enakku fee vasoolikkappaduma?,top_up_by_card_charge,card_payment_fee_charged,False
2805,US card-galil cash nirappuvadharku kattanangal undaa?,top_up_by_card_charge,card_acceptance,False
2806,Cash nirappuvadharku kattanangal undaa?,top_up_by_card_charge,card_acceptance,False
2807,US card-gal moolam cash nirappuvadharkana kattanangal enna?,top_up_by_card_charge,top_up_by_card_charge,True
2808,Velinaattu card moolam cash nirappuvadharku meeladhiga fee eadhum undaa?,top_up_by_card_charge,card_payment_fee_charged,False
2809,Cash nirappuvadharku badhilaaga neenga fee vasoolippeergala?,top_up_by_card_charge,cash_withdrawal_charge,False
2810,"Naan ippodhudhaan enoda card-il cash nirappinean, adharku enakku fee vasoolikkappaduma?",top_up_by_card_charge,card_payment_fee_charged,False
2811,Card moolam cash nirappuvadharku evvalavu selavaagum?,top_up_by_card_charge,topping_up_by_card,False
2812,Cash nirappuvadharku velinaattu bank card-ai payanpaduthinaal eadhenum kattanangal undaa?,top_up_by_card_charge,card_acceptance,False
2813,Cash nirappuvadharkana kattanangal enna?,top_up_by_card_charge,cash_withdrawal_charge,False
2814,Enoda card-il cash nirappuvadharkana fee evvalavu?,top_up_by_card_charge,cash_withdrawal_charge,False
2815,US card moolam cash nirappa naan evvalavu selutha vendiyirukkum ena edhirpaarkkalaam?,top_up_by_card_charge,card_delivery_estimate,False
2816,Naan card moolam cash nirappinaal enna fee serkkappadum?,top_up_by_card_charge,topping_up_by_card,False
2817,Cash nirappuvadharku velinaattu bank card-ai payanpaduthinaal enakku fee vasoolikkappaduma?,top_up_by_card_charge,atm_support,False
2818,Velinaattu bank card moolam cash nirappuvadharku eadhenum meeladhiga kattanangal irukkuma?,top_up_by_card_charge,topping_up_by_card,False
2819,Cash nirappuvadharku velinaattu bank card-ai payanpaduthinaal enakku fee vasoolikkappaduma?,top_up_by_card_charge,atm_support,False
2820,Naan cash nirappuvadharku velinaattu bank card-ai payanpadutha virumbugirean. Naan cash selutha venduma?,top_up_by_card_charge,card_acceptance,False
2821,Card moolam cash nirappuvadharku enakku fee vasoolikkappaduma?,top_up_by_card_charge,card_payment_fee_charged,False
2822,Cash nirappuvadharku fee eadhum undaa?,top_up_by_card_charge,cash_withdrawal_charge,False
2823,Cash nirappuvadharku neenga evvalavu fee vasoolikkireenga?,top_up_by_card_charge,cash_withdrawal_charge,False
2824,US card-il cash nirappuvadharku eadhenum selavaaguma?,top_up_by_card_charge,supported_cards_and_currencies,False
2825,Enoda card-il cash nirappuvadharku fee undaa?,top_up_by_card_charge,card_acceptance,False
2826,Sarvadhesa card moolam cash serppadharku kattanangal undaa?,top_up_by_card_charge,topping_up_by_card,False
2827,"US card-ai payanpaduthumpodhu, cash nirappuvadharkana selavu evvalavu?",top_up_by_card_charge,card_acceptance,False
2828,"Naan cash nirappuvadharku velinaattu card-ai payanpadutha vendum, adharkana fee ennavaga irukkum?",top_up_by_card_charge,card_acceptance,False
2829,Cash nirappuvadharku bank card-ai payanpaduthuvadhu sariya?,top_up_by_card_charge,atm_support,False
2830,Top-up seiyvatharku ethavathu fees irukka?,top_up_by_card_charge,top_up_by_card_charge,True
2831,Top-upgaluku ethavathu fees irukka?,top_up_by_card_charge,top_up_limits,False
2832,Cash serpatharku international card use panrathukaana fees enna?,top_up_by_card_charge,top_up_by_card_charge,True
2833,Top-up seiyum pothu foreign bank use panna ethavathu charge illati discount irukka?,top_up_by_card_charge,top_up_by_card_charge,True
2834,Top-upgaluku fees ethavathu irukka?,top_up_by_card_charge,top_up_limits,False
2835,International card use panni naan top-up seiyalama?,top_up_by_card_charge,top_up_by_card_charge,True
2836,International card use panni cash add panna enna nadakkum? enaku ethavathu fees varuma?,top_up_by_card_charge,top_up_by_card_charge,True
2837,International cardil cash add panrathuku ethavathu extra fees irukka?,top_up_by_card_charge,top_up_by_card_charge,True
2838,Top-upgalukana fees enna?,top_up_by_card_charge,top_up_limits,False
2839,US cardgalukana top-up charges enna?,top_up_by_card_charge,top_up_by_card_charge,True
2840,Thavu seithu enoda cardai activate seiya mudiyuma?,activate_my_card,activate_my_card,True
2841,"Naan enoda cardai activate seiya vendum, athai ippo seiya mudiyuma?",activate_my_card,activate_my_card,True
2842,Enoda puthiya cardai activate seiya naan enna seiya vendum?,activate_my_card,activate_my_card,True
2843,Enoda puthiya cardai eppadi activate seivathu endru enaku sollungal?,activate_my_card,activate_my_card,True
2844,Enoda cardai payanpadutha thodanguvatharku athai naan eppadi activate seivathu?,activate_my_card,activate_my_card,True
2845,Enoda puthiya cardai activate seiya evvalavu neram edukkum?,activate_my_card,activate_my_card,True
2846,Enoda cardai activate seivatharkana sariyana vali ethu?,activate_my_card,activate_my_card,True
2847,"Enoda puthiya card enaku kidaithuvittathu, athai eppadi activate seivathu?",activate_my_card,activate_my_card,True
2848,Enoda puthiya cardai renew seivatharku ethavathu vali irukka?,activate_my_card,card_arrival,False
2849,Enaku kidaitha cardai naan eppadi activate seivathu?,activate_my_card,activate_my_card,True
2850,Ennal yen enoda cardai activate seiya mudiyamal ullathu?,activate_my_card,activate_my_card,True
2851,Card activation seiyum murai enna?,activate_my_card,activate_my_card,True
2852,Card tholaintha piragu naan enna seiya vendum?,activate_my_card,lost_or_stolen_card,False
2853,"Enoda puthiya card enaku kidaithuvittathu, athai activate seiya naan engu sella vendum?",activate_my_card,activate_my_card,True
2854,"Naan enoda cardai payanpadutha virumbukiren, atharku muthalil athai activate seiya vendum. ithai seiya enaku uthava mudiyuma?",activate_my_card,activate_my_card,True
2855,Enoda puthiya cardai activate seiya enaku uthavi thevai.,activate_my_card,activate_my_card,True
2856,Cardai eppadi activate seivathu?,activate_my_card,activate_my_card,True
2857,Please enoda cardai activate seiyungal.,activate_my_card,activate_my_card,True
2858,"Naan enoda cardai activate seiya muyandren, aanal athu velai seiyala.",activate_my_card,activate_my_card,True
2859,"Enaku ippothuthan card kidaithathu, athai payanpadutha virumbukiren, enoda cardai eppadi activate seivathu?",activate_my_card,activate_my_card,True
2860,"Ennidam oru puthiya card ullathu, athai naan activate seiya virumbukiren.",activate_my_card,activate_my_card,True
2861,Please card activationuku enaku uthavungal.,activate_my_card,activate_my_card,True
2862,Enoda cardai activate seivathil enaku uthavi thevai.,activate_my_card,activate_my_card,True
2863,Enoda cardai naan eppadi payanpadutha thodangalam?,activate_my_card,card_acceptance,False
2864,Enoda cardai activate seivathu.,activate_my_card,activate_my_card,True
2865,Enoda card eppo activate seiyapadum?,activate_my_card,activate_my_card,True
2866,Enoda cardai naan eppadi activate seiyalam?,activate_my_card,activate_my_card,True
2867,Enoda puthiya cardai activate seivatharkana steps enna?,activate_my_card,activate_my_card,True
2868,Enoda puthiya cardai eppadi activate seivathu?,activate_my_card,activate_my_card,True
2869,Enoda puthiya cardin activation process enna?,activate_my_card,activate_my_card,True
2870,Enoda card-ai seiyarpaduthuvatharku yaaravathu uthavi seiya mudiyuma?,activate_my_card,card_acceptance,False
2871,Enoda card-ai seiyarpaduthuvatharkana nadaimurai enna?,activate_my_card,card_acceptance,False
2872,Enoda puthiya card-ai naan eppadi payanpaduthuvathu?,activate_my_card,card_acceptance,False
2873,"Enakku puthiya card kidaithullathu, aanal athai seiyarpadutha venduma matrum eppadi seivathu endru enakku theriyala?",activate_my_card,card_about_to_expire,False
2874,Puthiya card-ai seiyarpaduthuvatharkana padimuraigal yaavai?,activate_my_card,card_about_to_expire,False
2875,"Enoda card-ai ippothu payanpaduthuvatharku seiyarpadutha virumbukiren, enakku uthava mudiyuma?",activate_my_card,card_acceptance,False
2876,Puthiya card-ai naan eppadi seiyarpaduthuvathu?,activate_my_card,order_physical_card,False
2877,"Enakku ippothuthaan intha card kidaithathu, ithai eppadi seiyarpaduthuvathu endru enakku theriyala.",activate_my_card,wrong_amount_of_cash_received,False
2878,Enoda puthiya card enakku kidaithuvittathu. athai naan eppadi seiyarpaduthuvathu?,activate_my_card,card_arrival,False
2879,Enoda card-ai seiyarpadutha naan enna seiya veendum?,activate_my_card,card_not_working,False
2880,Cash eduppatharku sila kattanangal aravidappattiruppathai naan kaankiren.,cash_withdrawal_charge,cash_withdrawal_charge,True
2881,Naan cash eduthapothu enakku yen meelathiga fee aravidappattathu?,cash_withdrawal_charge,cash_withdrawal_charge,True
2882,Naan cash edukkumpothu enakku yen fee aravidappaduguthu?,cash_withdrawal_charge,cash_withdrawal_charge,True
2883,Cash eduthatharkaga enoda account-la aravidappattulla intha fee enna?,cash_withdrawal_charge,cash_withdrawal_charge,True
2884,Cash eduppatharku yen fee aravidappaduguthu? indru kadaikku sendru porutkal vaangiya pinnar naan sirithu cash edukka sendren. munbu illaatha oru fee ippothu aravidappattirukku.,cash_withdrawal_charge,cash_withdrawal_charge,True
2885,"Cash eduppatharku neenga yen fee aravidugireergall? indru maligaip porutkal vaangiya pinnar naan cash eduthen, ange oru puthiya fee aravidappattiruppathu pol theriyuthu.",cash_withdrawal_charge,cash_withdrawal_charge,True
2886,"Enoda ATM-il cash eduthatharkaga enakku fee aravidappattirukku pol theriyuthu. itharku munbu ivvaru seiyumpothu fee aravidappadatha nilaiyil, ippothu yen aravidappattirukku?",cash_withdrawal_charge,cash_withdrawal_charge,True
2887,"ATM-il cash eduppatharku ippothu fee ullatha? kadantha kaalathil avai ilavasamaga irunthana, aanal thideerendru naan ATM-il cash eduppatharku cash selutha venduma?",cash_withdrawal_charge,cash_withdrawal_charge,True
2888,Edukkappatta panatharku yen meelathiga fee aravidappattirukku?,cash_withdrawal_charge,cash_withdrawal_charge,True
2889,Cash eduthatharkaga enakku yen fee aravidappattathu?,cash_withdrawal_charge,cash_withdrawal_charge,True
2890,Enakku yen fee aravidappattathu?,cash_withdrawal_charge,cash_withdrawal_charge,True
2891,Irukka koodatha oru fee enoda panap parimaatratharku yen aravidappattathu?,cash_withdrawal_charge,cash_withdrawal_charge,True
2892,Naan cash eduthapothu yen fee selutha vendiyirunthathu?,cash_withdrawal_charge,cash_withdrawal_charge,True
2893,"Vanakkam, enoda account-la anmaiyil nadantha oru transaction thodarbaga naan alaikkiren. naan anmaiyil ATM-irkku sendru, enoda kanakkilirunthu cash edukka muyandren. enoda parivarthanaich seettaip paarthapothu, cash eduthatharkana fee aravidappattiruppathai kavanithen. ithai naan eppadi sariseivathu? intha vagaiyana nadavadikkaigalukku fee aravidappadum endru enakku theriyathu.",cash_withdrawal_charge,wrong_amount_of_cash_received,False
2894,Enoda anmaiya cash eduppirku oru fee aravidappattirukku.,cash_withdrawal_charge,cash_withdrawal_charge,True
2895,ATM-il cash eduthatharkaga enakku fee aravidappattirukku.,cash_withdrawal_charge,cash_withdrawal_charge,True
2896,Oru saatharana cash eduppirku piragu enakku aravidappatta intha kattanatharkana kaaranam enna?,cash_withdrawal_charge,cash_withdrawal_charge,True
2897,"Neenga cash eduppatharku fee aravida thodangivitteergala? ithuvarai athu ilavasam endru ninaithen, aanal thideerendru oru fee iruppathai avathanithen. naan evvalavu selutha veendum?",cash_withdrawal_charge,cash_withdrawal_charge,True
2898,Cash eduppatharku aethenum fee unda?,cash_withdrawal_charge,cash_withdrawal_charge,True
2899,"Cash eduthatharkaga enakku fee aravidappattiruppathai naan avathanithullen, atharkana kaaranathai vilakka mudiyuma?",cash_withdrawal_charge,cash_withdrawal_charge,True
2900,ATM-ai payanpaduthiyatharkaga enoda account-la yen fee aravidappattathu?,cash_withdrawal_charge,cash_withdrawal_charge,True
2901,Cash eduthatharkaga enoda account-la yen fee aravidappattirukku?,cash_withdrawal_charge,cash_withdrawal_charge,True
2902,Enoda anmaiya cash eduppudan oru ATM kattanamum serkkappattirukku.,cash_withdrawal_charge,atm_support,False
2903,Cash eduppatharku enthak kattanamum illai endru naan ninaithen.,cash_withdrawal_charge,cash_withdrawal_charge,True
2904,Naan cash pera muyandrapothu enakku yen fee aravidappattathu?,cash_withdrawal_charge,cash_withdrawal_charge,True
2905,"Naan maligaik kadaiyil cash seluthumpothu, enakku cash thevai enbathai unarnthu athai keeten. iruppinum, intha transaction-ku oru fee iruppathai naan kavanithen. enakku yen fee aravidappattathu?",cash_withdrawal_charge,cash_withdrawal_charge,True
2906,ATM-ai payanpaduthiyathaal enakku oru meelathiga fee eerpattullathu. yen?,cash_withdrawal_charge,atm_support,False
2907,Cash eduthatharkaga enakku meelathiga fee aravidappattathu.,cash_withdrawal_charge,cash_withdrawal_charge,True
2908,Fee aravidappadamal enoda kanakkilirunthu naan evvalavu cash edukkalaam enbatharku aethenum ellai unda?,cash_withdrawal_charge,cash_withdrawal_charge,True
2909,"Cash eduppathu ilavasam endru naan ninaithen? enakku yen fee aravidappattirukku? melum, intha fee evvalavu?",cash_withdrawal_charge,cash_withdrawal_charge,True
2910,"Melum kattanangala, imurai enoda sontha panathai eduppatharka. Yen ennai kollaiyadikkireergall?",cash_withdrawal_charge,fiat_currency_support,False
2911,Itharku munnar cash eduppatharku enakku orupothum fee vithikkappadala. Athu eppothu mariyathu?,cash_withdrawal_charge,cash_withdrawal_charge,True
2912,Cash eduthatharkaga enakku fee vithikkappattathu.,cash_withdrawal_charge,cash_withdrawal_charge,True
2913,Cash eduthatharkaga yen enakku fee vithitheergall?,cash_withdrawal_charge,cash_withdrawal_charge,True
2914,"Naan cash eduthen, atharku fee vithikkappattathu.",cash_withdrawal_charge,cash_withdrawal_charge,True
2915,"Mathathin muthal naalagavum, siriya amount-ai eduthirunthum enakku ATM fee vithikkappattathu. Mathathirku 200 anumathikkappadum என்று naan ninaithen?",cash_withdrawal_charge,wrong_amount_of_cash_received,False
2916,Intha ATM-il enakku thavarana fee vithikkappattathu.,cash_withdrawal_charge,wrong_amount_of_cash_received,False
2917,"Naan cash eduthapothu, ethovoru tholilnutpa kolaarinal enakku kooduthal fee vithikkappattathu என்று naan uruthiyaga nambugiren.",cash_withdrawal_charge,cash_withdrawal_charge,True
2918,"Cash eduthatharkaga enoda account-la fee vasoolikkappattirukku, ithu yen nadanthathu?",cash_withdrawal_charge,cash_withdrawal_charge,True
2919,Cash eduppatharku yen fee vithikkappaduguthu?,cash_withdrawal_charge,cash_withdrawal_charge,True
2920,Ennal oru puthiya card-ai munpathivu seithu athanai China-vukku anuppa vaikka mudiyuma?,card_about_to_expire,card_about_to_expire,True
2921,Ungalal puthiya card-ai China-vukku anuppa mudiyuma?,card_about_to_expire,card_about_to_expire,True
2922,Enoda card-oda kalavathi thethi mudiyum pothu enoda kanakkirku enna nadakkum?,card_about_to_expire,lost_or_stolen_card,False
2923,Enoda card kalavathiyagum pothu naan enna seyya vendum?,card_about_to_expire,card_arrival,False
2924,Enoda card-oda kalavathi thethi nerunguguthu.,card_about_to_expire,card_not_working,False
2925,"Enoda card kalavathiyaguthu, ippothu enna nadakkum?",card_about_to_expire,card_about_to_expire,True
2926,Enoda card kalavathiyaga poguthu. Naan enna seyya vendum?,card_about_to_expire,card_arrival,False
2927,Puthiya card-ku evvalavu kaalam edukkum matrum evvalavu selavagum?,card_about_to_expire,card_about_to_expire,True
2928,Enoda card viraivil kalavathiyaga poguthu endral naan enna seyya vendum?,card_about_to_expire,card_arrival,False
2929,Puthiya card ondrai peruvatharku evvalavu selavagum? Ennudaiyathu kittathatta kalavathiyagivittathu. Athu evvalavu viraivaga kidaikkum?,card_about_to_expire,card_about_to_expire,True
2930,"Enoda card kalavathiyaga povathal, puthiyathondrai peruvatharku naan enna seyya vendum?",card_about_to_expire,card_arrival,False
2931,"Enoda card kalavathiyaga poguthu, puthiyathondrai peruvatharku evvalavu selavagum matrum evvalavu kaalam edukkum enpathai naan ariya vendum.",card_about_to_expire,card_about_to_expire,True
2932,Enoda card kalavathiyagum pothu neenga puthiya card-ai anuppuveergala?,card_about_to_expire,card_arrival,False
2933,Enoda card kalavathiyaga poguthu endral adutha katta nadavadikkai enna?,card_about_to_expire,card_arrival,False
2934,"Enoda card kalavathiyanathum, naan enna seyya vendum?",card_about_to_expire,card_arrival,False
2935,"Enakku oru puthiya card thevai, enoda tharpothaiya card kittathatta kalavathiyagivittathu.",card_about_to_expire,card_about_to_expire,True
2936,"Enoda card adutha maatham kalavathiyaguthu pol theriyuthu, naan puthiyathondrai munpathivu seylama?",card_about_to_expire,card_about_to_expire,True
2937,Enoda card kalavathiyaga poguthu. Puthiyathondrai munpathivu seyya evvalavu selavagum matrum athu enakku evvalavu viraivaga kidaikkum?,card_about_to_expire,card_about_to_expire,True
2938,Enoda card kalavathiyaga pogum pothu naan enna seyya vendum?,card_about_to_expire,card_arrival,False
2939,"Enakku viraivil oru puthiya card thevaippadum, naan eppadi munpathivu seivathu?",card_about_to_expire,card_about_to_expire,True
2940,"Puthiya card ondru thevaippadap poguthu, atharkana kattanangal matrum edukkum kaalam enna?",card_about_to_expire,card_about_to_expire,True
2941,Enoda card adutha maatham kalavathiyavathal naan puthiyathondrai munpathivu seyya venduma?,card_about_to_expire,card_arrival,False
2942,"Enoda card kalavathiyagum pothu, puthiya card enakku thabalil anuppappaduma?",card_about_to_expire,card_arrival,False
2943,Tharpothaiya card kalavathiyavatharku munbe puthiya card-ai munpathivu seyya venduma?,card_about_to_expire,card_arrival,False
2944,"Enoda card kalavathiyaga povathal, enakku puthiyathondru thevai.",card_about_to_expire,lost_or_stolen_card,False
2945,Enoda card kalavathiyavatharku miga arugil ullathu. Naan eppothu puthiyathondrai munpathivu seylam matrum athanai eppadi seivathu?,card_about_to_expire,atm_support,False
2946,"Naan oru puthiya card-ai munpathivu seyya vendum, ennudaiyathu kalavathiyaga poguthu, atharku evvalavu selavagum matrum athu enakku kidaikka evvalavu kaalam edukkum enpathai naan ariya vendum.",card_about_to_expire,card_about_to_expire,True
2947,Card kalavathiyavatharku munpu puthiyathondrai eppadi munpathivu seivathu?,card_about_to_expire,card_arrival,False
2948,Naan China-vil irukkumpothu puthiya card-ai pera mudiyuma?,card_about_to_expire,card_about_to_expire,True
2949,"Adutha maatham enoda card kalavathiyagum, naan puthiyathondrai munpathivu seyya venduma?",card_about_to_expire,card_arrival,False
2950,Enoda card-oda kaalaavathi thigathi nerungik kondirukkindrathu.,card_about_to_expire,lost_or_stolen_card,False
2951,Viraivil kaalaavathiyaagavulla palaiya attaikaup pathilaaga oru puthiya card-ai evvalavu seekkiram pera mudiyum?,card_about_to_expire,card_about_to_expire,True
2952,Enoda palaiya card kaalaavathiyaagap povathaal enakku oru puthiya card thevaipaduguthu.,card_about_to_expire,card_about_to_expire,True
2953,Enoda card kaalaavathiyaagap poguthu.,card_about_to_expire,lost_or_stolen_card,False
2954,"Enoda card viraivil kaalaavathiyaaguthu. maatru attaikaaga evvalavu selavaagum, athai naan evvalavu seekkiram peralaam?",card_about_to_expire,card_delivery_estimate,False
2955,"Kaalaavathiyaana attaikaaga maatru card peruvatharkaana fee enna, athai naan petrukkolla evvalavu kaalam edukkum?",card_about_to_expire,card_delivery_estimate,False
2956,"China-vil irukkiren, puthiya card thevaipaduguthu",card_about_to_expire,card_about_to_expire,True
2957,"Enoda card kaalaavathiyaagap poguthu endraal, naan puthiya ondrai order seyya venduma?",card_about_to_expire,card_about_to_expire,True
2958,Enoda card kaalaavathiyaagap poguthu. naan eppadi puthiya ondrai peruvathu?,card_about_to_expire,card_about_to_expire,True
2959,Palaiya attaikaaga puthiya card peruvatharkaana selavu matrum athai naan eppothu petrukkolven enpathai naan ariya vendum.,card_about_to_expire,card_about_to_expire,True
2960,Apple Watch il top-up seyyum vasathi ullatha?,apple_pay_or_google_pay,apple_pay_or_google_pay,True
2961,Top-up seivatharku naan Google Pay muraiyai payanpaduthalaama?,apple_pay_or_google_pay,apple_pay_or_google_pay,True
2962,Enoda Google Pay top-up velai seyyavillai,apple_pay_or_google_pay,apple_pay_or_google_pay,True
2963,Apple Pay moolam naan cash serkka mudiyuma?,apple_pay_or_google_pay,apple_pay_or_google_pay,True
2964,Top-up seyya enoda Apple Watch ai payanpaduthalaama?,apple_pay_or_google_pay,apple_pay_or_google_pay,True
2965,Apple Pay il top-up seivatharkaana therivu ullatha?,apple_pay_or_google_pay,apple_pay_or_google_pay,True
2966,Enoda Google Pay il top-up velai seyyavillai.,apple_pay_or_google_pay,apple_pay_or_google_pay,True
2967,Apple Pay moolam top-up seyya mudiyuma?,apple_pay_or_google_pay,apple_pay_or_google_pay,True
2968,Apple Pay ai payanpaduthuvatharku naan athai setup seyya venduma?,apple_pay_or_google_pay,apple_pay_or_google_pay,True
2969,Top-up seyya naan Apple Pay ai payanpaduthalaama?,apple_pay_or_google_pay,apple_pay_or_google_pay,True
2970,Enoda Google Pay ai naan eppadi top-up seivathu?,apple_pay_or_google_pay,apple_pay_or_google_pay,True
2971,Top-up seivatharku Google Play il app ullatha?,apple_pay_or_google_pay,apple_pay_or_google_pay,True
2972,"Enoda American Express card-ai petrukkonden, aanaal athai Apple Pay udan inaithu payanpaduthuvathil sikkal ullathu. intha sikkalai theerka enakku uthava mudiyuma?",apple_pay_or_google_pay,apple_pay_or_google_pay,True
2973,Apple pay top-up seivatharku thaguthiyaanatha?,apple_pay_or_google_pay,apple_pay_or_google_pay,True
2974,Enoda kanakki top-up seyya Apple Pay udan enoda American Express ai yen payanpadutha mudiyathu?,apple_pay_or_google_pay,apple_pay_or_google_pay,True
2975,Enoda apple watch moolam naan eppadi cash serpathu?,apple_pay_or_google_pay,apple_pay_or_google_pay,True
2976,"Naan top-up seyya virumbinaal, Apple Pay ai payanpaduthalaama?",apple_pay_or_google_pay,apple_pay_or_google_pay,True
2977,Naan apple pay moolam top-up seyya mudiyuma?,apple_pay_or_google_pay,apple_pay_or_google_pay,True
2978,"Enoda American Express card-ai Apple Pay il top-up seiyumpothu sikkal erpaduguthu, ungalaal ithai sariseyya mudiyuma?",apple_pay_or_google_pay,apple_pay_or_google_pay,True
2979,Apple Pay il enoda top-up velai seyyavillai.,apple_pay_or_google_pay,apple_pay_or_google_pay,True
2980,Apple Pay oru top-up therivaaga irukka mudiyuma?,apple_pay_or_google_pay,apple_pay_or_google_pay,True
2981,Enoda Google Pay ai eppadi top-up seivathu endru enakku theriyala.,apple_pay_or_google_pay,apple_pay_or_google_pay,True
2982,Enoda Apple Watch ilirunthu naan top-up seyya mudiyuma?,apple_pay_or_google_pay,apple_pay_or_google_pay,True
2983,Top-up seyya Apple Pay il semikkapattulla enoda American Express ai payanpaduthalaama?,apple_pay_or_google_pay,apple_pay_or_google_pay,True
2984,Apple pay athiga selavudayatha?,apple_pay_or_google_pay,apple_pay_or_google_pay,True
2985,Google Pay moolam naan eppadi top-up seivathu?,apple_pay_or_google_pay,apple_pay_or_google_pay,True
2986,Apple Pay udan enoda American Express ai payanpaduthi enoda kanakki top-up seyya mudiyala.,apple_pay_or_google_pay,apple_pay_or_google_pay,True
2987,"Enoda American Express ai Apple Pay il inaithullen, yen top-up velai seyyavillai?",apple_pay_or_google_pay,apple_pay_or_google_pay,True
2988,Enoda American Express ai Apple Pay il inaithullen aanaal top-up velai seyyavillai,apple_pay_or_google_pay,apple_pay_or_google_pay,True
2989,Naan eppadi top-up seivathu? enoda apple watch ai payanpaduthalaama?,apple_pay_or_google_pay,apple_pay_or_google_pay,True
2990,Enoda account-la cash poduvatharku Apple Pay ai payanpadutha mudiyuma?,apple_pay_or_google_pay,apple_pay_or_google_pay,True
2991,"Enoda American Express card Apple Pay il ullathu, aanal top-up tholviyadaiguthu, yen?",apple_pay_or_google_pay,apple_pay_or_google_pay,True
2992,Enoda Apple Watch ai payanpaduthi enoda account-ai eppadi top-up seivathu?,apple_pay_or_google_pay,apple_pay_or_google_pay,True
2993,Top-up seivatharku Google Pay ai payanpadutha mudiyuma?,apple_pay_or_google_pay,apple_pay_or_google_pay,True
2994,Enoda Apple Watch il Top Up vasathiyai eppadi velai seiya vaippathu?,apple_pay_or_google_pay,apple_pay_or_google_pay,True
2995,Google Pay top-up pirachinaiyai naan eppadi sariseivathu?,apple_pay_or_google_pay,apple_pay_or_google_pay,True
2996,Apple Pay moolam naan eppadi top-up seivathu?,apple_pay_or_google_pay,apple_pay_or_google_pay,True
2997,ApplePay il semikkappattulla enoda American Express ai payanpaduthi yen top-up seiya mudiyamal ullathu?,apple_pay_or_google_pay,supported_cards_and_currencies,False
2998,Enoda Apple Watch udan top-up seiyaliyai eppadi payanpaduthuvathu?,apple_pay_or_google_pay,apple_pay_or_google_pay,True
2999,"Google Pay matrum top-up, enakku athu vendum, athai naan pera mudiyuma?",apple_pay_or_google_pay,apple_pay_or_google_pay,True
3000,Enoda adaiyaalathai uruthipadutha naan ethai payanpaduthalaam?,verify_my_identity,verify_my_identity,True
3001,Enoda adaiyaalathai uruthipadutha ungalukku enna thevai?,verify_my_identity,verify_my_identity,True
3002,"Naan enoda adaiyaalathai uruthipadutha vendum, aanal athai eppadi seivathu?",verify_my_identity,verify_my_identity,True
3003,Enoda adaiyaalathai naan eppadi uruthipaduthuvathu?,verify_my_identity,verify_my_identity,True
3004,Enoda adaiyaalathai niroobikka enna thevai?,verify_my_identity,verify_my_identity,True
3005,Enoda adaiyaala sothanaikku ungalukku enna thevai?,verify_my_identity,verify_my_identity,True
3006,Neenga oru adaiyaalathai eppadi uruthipaduthugireergall?,verify_my_identity,verify_my_identity,True
3007,Adaiyaala uruthipaduthalukku ungalukku aethenum kurippitta vagai thevaipadugiratha?,verify_my_identity,verify_my_identity,True
3008,Enoda adaiyaalathai uruthipadutha vendum endru enakku oru seithi vanthathu; naan enna seiya vendum?,verify_my_identity,verify_my_identity,True
3009,Adaiyaala sothanaikku aethenum aavanangal thevaiya?,verify_my_identity,verify_my_identity,True
3010,Enoda adaiyaalathai uruthipadutha naan enna padigalai pinpatra vendum?,verify_my_identity,verify_my_identity,True
3011,Enoda adaiyaalathai uruthipadutha enakku enna thevai?,verify_my_identity,verify_my_identity,True
3012,Naan enoda adaiyaalathai uruthipadutha vendum,verify_my_identity,verify_my_identity,True
3013,Adaiyaala uruthipaduthalukku enakku sila uthavigal thevai.,verify_my_identity,verify_my_identity,True
3014,Adaiyaala uruthipaduthalukkaana seyalmurai enna?,verify_my_identity,verify_my_identity,True
3015,Enoda adaiyaalathai eppadi uruthipaduthuvathu endru naan ariya virumbugiren.,verify_my_identity,verify_my_identity,True
3016,Adaiyaala sothanaikku enakku enna vagaiyaana aavanangal thevai?,verify_my_identity,verify_my_identity,True
3017,Adaiyaala sothanaigalukkaana padigalai enakku theriya paduthungal,verify_my_identity,verify_my_identity,True
3018,Enoda adaiyaalathai uruthipadutha naan enna seiya vendum?,verify_my_identity,verify_my_identity,True
3019,Enoda adaiyaalathai uruthipaduthuvatharkana padigal yaavai?,verify_my_identity,verify_my_identity,True
3020,Enoda adaiyaalam eppadi uruthipaduthappaduguthu?,verify_my_identity,verify_my_identity,True
3021,Enoda adaiyaalathai uruthipadutha enakku ennenna porutkal thevai?,verify_my_identity,verify_my_identity,True
3022,Enoda adaiyaalathai uruthipadutha naan enna padigalai merkolla vendum?,verify_my_identity,verify_my_identity,True
3023,Enoda adaiyaalathai online il uruthipadutha mudiyuma?,verify_my_identity,verify_my_identity,True
3024,Enoda suyavivarathin vibarangal enoda aavanangaludan poruntha venduma?,verify_my_identity,receiving_money,False
3025,Enoda adaiyaalathai naan engay uruthipaduthuvathu?,verify_my_identity,verify_my_identity,True
3026,"Enoda adaiyaalathai sothikkum pothu, athil ulla padigal yaavai?",verify_my_identity,verify_my_identity,True
3027,Adaiyaala sothanaikku enakku aethenum thevaiya?,verify_my_identity,verify_my_identity,True
3028,Adaiyaala sothanaikku enakku entha vagaiyaana aavanangal thevai?,verify_my_identity,verify_my_identity,True
3029,Enoda adaiyaalathai uruthipaduthuvatharku naan eppadi thodara vendum?,verify_my_identity,verify_my_identity,True
3030,Enoda adaiyaalathai uruthipadutha naan enna seyya veendum?,verify_my_identity,verify_my_identity,True
3031,Enoda adaiyaalathai naan uruthipaduthuvatharku ungalukku enna thevai?,verify_my_identity,verify_my_identity,True
3032,Naan yaar endru kaattuvatharku enakku enna thevai?,verify_my_identity,verify_my_identity,True
3033,Adaiyaala sothanaikku enakku aethenum aavanangal thevaiya?,verify_my_identity,verify_my_identity,True
3034,Adaiyaala uruthipaduthalukku enakku enna thevaipadum?,verify_my_identity,verify_my_identity,True
3035,Naan yaar endru uruthipadutha aethenum vazhi irukka?,verify_my_identity,verify_my_identity,True
3036,Adaiyaala sothanaikku aethenum aavanangal thevaiya?,verify_my_identity,verify_my_identity,True
3037,Adaiyaala sothanaikkaaga naan ennavellam kaatta veendum?,verify_my_identity,verify_my_identity,True
3038,Adaiyaala sothanaikku naan enna seyya veendum?,verify_my_identity,verify_my_identity,True
3039,Enoda adaiyaalathai uruthipadutha naan enna seyya veendum?,verify_my_identity,verify_my_identity,True
3040,"Naan amerikaavil vasikkireen, aanal oru card pera virumbukireen.",country_support,order_physical_card,False
3041,Unga card-gal ilangaiyil kidaikkindranava?,country_support,country_support,True
3042,Naan EU-vai seandhavaraga irundhal unga sealiyai payanpaduthalaama?,country_support,country_support,True
3043,Endhendha naadugalukku aatharavu vazhangappaduguthu?,country_support,country_support,True
3044,"Naan amerikaavil vasikkireen, enakkum card kidaikkuma?",country_support,country_support,True
3045,Ilangaikku veliye ennaal oru card pera mudiyuma?,country_support,getting_spare_card,False
3046,"Naan ilangaiyil illai, enakkum card kidaikkuma?",country_support,country_support,True
3047,"Naan ilangaiyil illai, naan innum oru card pera mudiyuma?",country_support,getting_spare_card,False
3048,"Ippothu naan amerikaavil vasippathaal, naan eppadi oru card peralaam?",country_support,order_physical_card,False
3049,EU-vil unga card-galil ondrai naan pera mudiyuma?,country_support,country_support,True
3050,Naan ilangaiyil illai endra pothilum ennaal oru card pera mudiyuma?,country_support,card_swallowed,False
3051,Aatharavai peruvatharku naan engge vasikka veendum?,country_support,receiving_money,False
3052,Neenga EU-vukku aatharavu vazhangugireergala?,country_support,country_support,True
3053,Naan amerikaavil irundhal card-ai eppadi peruvathu?,country_support,order_physical_card,False
3054,"Please enakku oru puthiya card pera uthavungal, naan amerikaavil vasikkireen.",country_support,card_about_to_expire,False
3055,Naan ilangaiyil illavittaal card pera mudiyuma?,country_support,receiving_money,False
3056,Enoda naattukku aatharavu ullatha?,country_support,fiat_currency_support,False
3057,Endhendha naadugalil irundhu naan indha thayarippai payanpaduthalaam?,country_support,country_support,True
3058,Unga kilaigal irukkum idangalai naan engge kandariyalaam?,country_support,age_limit,False
3059,Naan ilangaikku veliye vasithaalum card pera mudiyuma?,country_support,country_support,True
3060,"Naan EU-vai seandhavan, naan pathivu seyyalaama?",country_support,country_support,True
3061,"Naan ilangaiyil card-ai petru payanpadutha virumbukireen, athu saathiyama?",country_support,card_acceptance,False
3062,Neenga endhendha naadugalukku aatharavu vazhangugireergal?,country_support,country_support,True
3063,Neenga tharpothu endhendha naadugalil irukkireenga?,country_support,country_support,True
3064,Neenga endhendha idangalil irukkireenga?,country_support,country_support,True
3065,Neenga endhendha naadugalil seyalpadureenga endru enakku solla mudiyuma?,country_support,country_support,True
3066,"Enakku oru card thevai, aanal naan tharpothu amerikaavil irukkireen.",country_support,country_support,True
3067,Enoda card endhendha naadugalil aatharikkappaadum?,country_support,country_support,True
3068,Neenga seyalpadum naadugalin pattiyal ungalidam ullatha?,country_support,country_support,True
3069,Neenga endhendha naadugalil vanigam seygireergal?,country_support,country_support,True
3070,Naan ilangaiyil vasikkala. Irundhalum enakku oru card pera mudiyuma?,country_support,order_physical_card,False
3071,Neenga enga sevai valangureenga?,country_support,country_support,True
3072,EU la enakku oru card pera mudiyuma?,country_support,country_support,True
3073,Tharpodhu neenga endha naadugalil vanigam seigireergal?,country_support,country_support,True
3074,"Naan ilangaiyil illai, enakku oru card pera mudiyuma?",country_support,getting_spare_card,False
3075,"Naan ilangaiyil illavittal, enakku innum oru card pera mudiyuma?",country_support,getting_spare_card,False
3076,Neenga ethanai naadugalukku sevai valangureenga?,country_support,country_support,True
3077,Neenga endha naadugalil vanigam seigireergal?,country_support,country_support,True
3078,Neenga iyangum naadugal evai?,country_support,country_support,True
3079,Card-ai ilangaikku thabalil anuppi angu payanpadutha mudiyuma?,country_support,card_acceptance,False
