id,text,true_label,predicted_label,correct
0,எனது அட்டையை நான் எவ்வாறு கண்டறிவது?,card_arrival,get_physical_card,False
1,"நான் ஒரு வாரத்திற்கு முன்பே ஓடர் செய்தும், எனது புதிய அட்டை இன்னும் எனக்குக் கிடைக்கவில்லை.",card_arrival,card_arrival,True
2,"நான் ஒரு அட்டைக்கு ஓடர் செய்தேன், ஆனால் அது இன்னும் வரவில்லை. தயவுசெய்து உதவுங்கள்!",card_arrival,card_arrival,True
3,எனது அட்டை எப்போது வந்து சேரும் என்று தெரிந்துகொள்ள ஏதேனும் வழி இருக்கிறதா?,card_arrival,card_arrival,True
4,எனது அட்டை இன்னும் வந்து சேரவில்லை.,card_arrival,card_arrival,True
5,எனது அட்டை எனக்கு எப்போது கிடைக்கும்?,card_arrival,card_arrival,True
6,நீங்கள் எனக்கு அனுப்பிய புதிய அட்டைக்கு ஏதேனும் ட்ராக்கிங் இலக்கம் இருக்கிறதா என்று உங்களுக்குத் தெரியுமா?,card_arrival,card_arrival,True
7,எனது அட்டை எனக்குக் கிடைக்கவில்லை.,card_arrival,card_arrival,True
8,அந்த அட்டைக்காக இன்னும் காத்துக்கொண்டிருக்கிறேன்.,card_arrival,card_arrival,True
9,எனது புதிய அட்டைக்காக ஒரு வாரத்திற்கு மேல் காத்திருக்க வேண்டியிருப்பது சாதாரணமானதா?,card_arrival,card_arrival,True
10,எனது அட்டையை நான் எவ்வாறு ட்ராக் செய்வது?,card_arrival,card_arrival,True
11,அட்டை வந்து சேருவதற்கு எவ்வளவு காலம் எடுக்கும்?,card_arrival,card_delivery_estimate,False
12,2 வாரங்கள் ஆகியும் எனது அட்டை இன்னும் எனக்குக் கிடைக்கவில்லை. நான் என்ன செய்ய வேண்டும்?,card_arrival,card_arrival,True
13,எனது புதிய அட்டைக்காக இன்னும் காத்துக்கொண்டிருக்கிறேன்.,card_arrival,card_arrival,True
14,1 வாரம் ஆகியும் எனது அட்டைக்காக இன்னும் காத்துக்கொண்டிருக்கிறேன். இது பரவாயில்லையா?,card_arrival,card_arrival,True
15,"எனது வங்கி அட்டைக்காக நான் எதிர்பார்த்ததை விட அதிக காலம் காத்திருக்கிறேன், அது எப்போது வந்து சேரும் என்ற விபரத்தை வழங்க முடியுமா?",card_arrival,card_arrival,True
16,எனது அட்டைக்காக நான் எதிர்பார்த்ததை விட அதிக காலம் காத்திருக்கிறேன்.,card_arrival,card_arrival,True
17,எனது அட்டை ஏன் இன்னும் விநியோகிக்கப்படவில்லை?,card_arrival,card_arrival,True
18,எனது புதிய அட்டை எங்கே? நான் ஒரு வாரமாக காத்துக்கொண்டிருக்கிறேன்!,card_arrival,card_arrival,True
19,2 வாரங்கள் ஆகியும் எனது அட்டை இன்னும் வரவில்லை. அது தொலைந்துவிட்டதா?,card_arrival,card_arrival,True
20,"எனது அட்டை இன்னும் எனக்குக் கிடைக்கவில்லை, அது தொலைந்துவிட்டதா?",card_arrival,card_arrival,True
21,நான் ஓடர் செய்த அட்டையின் நிலைமை.,card_arrival,card_arrival,True
22,எனது புதிய அட்டை வந்து சேருவதற்கு எவ்வளவு காலம் எடுக்க வேண்டும்?,card_arrival,card_delivery_estimate,False
23,"நான் 2 வாரங்களுக்கு முன்பு எனது அட்டைக்கு ஓடர் செய்தேன், அது இன்னும் இங்கு வரவில்லை? நான் என்ன செய்வது?",card_arrival,card_arrival,True
24,"எனது அட்டை இன்னும் வந்து சேரவில்லை, அது எங்கே இருக்கிறது?",card_arrival,card_arrival,True
25,தபாலில் அனுப்பப்பட்ட எனது அட்டைக்கான ட்ராக்கிங் இலக்கம் என்ன?,card_arrival,card_arrival,True
26,"எனது அட்டை இன்னும் எனக்குக் கிடைக்காததால், அதன் விநியோகத்தில் ஏதோ தவறு நடந்துள்ளது என்று நினைக்கிறேன்.",card_arrival,card_arrival,True
27,"எனது புதிய அட்டையின் விநியோகத்திற்காக நான் இன்னும் காத்துக்கொண்டிருக்கிறேன், ஏன் இவ்வளவு காலம் எடுக்கிறது?",card_arrival,card_arrival,True
28,"நான் ஒரு வாரத்திற்கு முன்பு ஒரு அட்டைக்கு ஓடர் செய்தேன், அது இன்னும் இங்கு வரவில்லை. நான் என்ன செய்வது?",card_arrival,card_arrival,True
29,நீங்கள் அனுப்பிய அட்டையை நான் ட்ராக் செய்ய விரும்புகிறேன்.,card_arrival,card_arrival,True
30,எனது அட்டை இன்னும் வந்து சேரவில்லை.,card_arrival,card_arrival,True
31,"எனது புதிய அட்டையை நான் எதிர்பார்த்துக் கொண்டிருந்தேன், அது ஏன் இன்னும் எனக்கு கிடைக்கவில்லை என்று யோசிக்கிறேன்?",card_arrival,card_arrival,True
32,எனது அட்டை எப்போது வந்து சேரும் என்று நான் எப்படித் தெரிந்து கொள்வது?,card_arrival,card_delivery_estimate,False
33,எனது அட்டை விநியோகிக்கப்படுவதற்காக நான் இன்னும் காத்துக் கொண்டிருக்கிறேன்.,card_arrival,card_arrival,True
34,நீங்கள் அனுப்பிய அட்டையைக் கண்காணிப்பதற்கான வழி ஏதேனும் உள்ளதா?,card_arrival,card_arrival,True
35,"நான் ஒரு அட்டையை ஓடர் செய்தேன், ஆனால் அது இன்னும் எனக்குக் கிடைக்கவில்லை. இரண்டு வாரங்கள் ஆகிவிட்டன. நான் என்ன செய்ய வேண்டும்?",card_arrival,card_arrival,True
36,"எனது அட்டை இன்னும் வந்து சேராததால், அது தொலைந்துவிட்டதோ என்று நான் நினைக்கத் தொடங்குகிறேன், எனக்கு உதவ முடியுமா?",card_arrival,card_arrival,True
37,கண்காணிப்புத் தகவல்கள் ஏதேனும் கிடைக்கப் பெறுகின்றதா?,card_arrival,card_arrival,True
38,நீங்கள் அனுப்பிய அட்டைக்கான கண்காணிப்பு எண் என்ன?,card_arrival,card_arrival,True
39,நீங்கள் எனக்கு அனுப்பிய அட்டைக்கான கண்காணிப்பு எண் எங்கே உள்ளது?,card_arrival,card_arrival,True
40,எனது அட்டை ஏன் செயலியில் காண்பிக்கப்படவில்லை?,card_linking,card_linking,True
41,எனது அட்டையை நான் மீண்டும் செயல்படுத்த விரும்புகிறேன்.,card_linking,card_linking,True
42,புதிய அட்டையை நான் எங்கே இணைக்க வேண்டும்?,card_linking,card_linking,True
43,"எனது அட்டை எனக்குக் கிடைத்துவிட்டது, அதைச் செயலியில் சேர்ப்பதற்கு எனக்கு உதவ முடியுமா?",card_linking,card_linking,True
44,என்னிடம் ஏற்கனவே உள்ள அட்டையை நான் எவ்வாறு இணைப்பது?,card_linking,card_linking,True
45,"எனது புதிய அட்டை எனக்குக் கிடைத்துவிட்டது, ஆனால் செயலியில் அது எங்குமே தெரியவில்லை. நான் என்ன செய்ய வேண்டும்?",card_linking,card_linking,True
46,ஒரு அட்டையை மீண்டும் செயலியில் எவ்வாறு சேர்ப்பது?,card_linking,card_linking,True
47,எனது கணக்கில் அட்டையை எவ்வாறு சேர்ப்பது?,card_linking,card_linking,True
48,எனது பழைய அட்டையை மீண்டும் கணினியில் சேர்க்க முடியுமா? நான் அதை இப்போதுதான் கண்டெடுத்தேன்.,card_linking,card_linking,True
49,"உங்களுடைய அட்டை ஒன்று ஏற்கனவே என்னிடம் உள்ளது, அதை நான் எவ்வாறு இணைப்பது?",card_linking,card_linking,True
50,புதிய அட்டையை எவ்வாறு இணைப்பது?,card_linking,card_linking,True
51,ஏற்கனவே உள்ள அட்டையை நான் இணைக்க முடியுமா?,card_linking,card_linking,True
52,"உங்களுடைய அட்டை ஏற்கனவே என்னிடம் இருந்தால், அதை நான் எவ்வாறு இணைப்பது?",card_linking,card_linking,True
53,செயலியில் ஒரு அட்டையை எவ்வாறு சேர்ப்பது?,card_linking,card_linking,True
54,எனது புதிய அட்டையை நான் இணைக்க முடியுமா?,card_linking,card_linking,True
55,"வணக்கம், நான் தவறவிட்ட அட்டையைக் கண்டெடுத்துவிட்டேன், அதை நான் மீண்டும் செயல்படுத்த வேண்டும், அதை எவ்வாறு செய்வது?",card_linking,card_linking,True
56,ஏற்கனவே என்னிடம் உள்ள உங்களுடைய அட்டைகளில் ஒன்றை எவ்வாறு இணைப்பது என்று எனக்குக் கூற முடியுமா?,card_linking,card_linking,True
57,எனக்குக் கிடைத்த அட்டையைச் செயலியில் எவ்வாறு பார்ப்பது?,card_linking,card_linking,True
58,எனது அட்டையை இணைக்க இணையதளத்தில் நான் எங்கு செல்ல வேண்டும்?,card_linking,card_linking,True
59,"எனது அட்டையைக் கண்டெடுத்துவிட்டேன், அதைச் செயலியில் சேர்க்க முடியுமா?",card_linking,card_linking,True
60,உங்களிடம் உள்ள எனது கடன் அட்டையை நான் எவ்வாறு இணைப்பது?,card_linking,card_linking,True
61,"எனது அட்டை எனக்குக் கிடைத்துவிட்டது, எனவே இப்போது அதை செயலியுடன் எவ்வாறு இணைப்பது என்று நான் தெரிந்து கொள்ள வேண்டும்.",card_linking,card_linking,True
62,"எனது அட்டையை நான் கண்டுபிடித்துவிட்டேன், அதை மீண்டும் செயல்படுத்த விரும்புகிறேன்.",card_linking,card_linking,True
63,இந்த புதிய அட்டையை நான் எவ்வாறு இணைப்பது?,card_linking,card_linking,True
64,"இன்று காலை எனது ஜாக்கெட் பையிலிருந்து நான் கண்டெடுத்த, தொலைந்துபோன எனது அட்டையை மீண்டும் செயல்படுத்த முடியுமா?",card_linking,card_linking,True
65,ஏற்கனவே உள்ள அட்டையை நான் எவ்வாறு இணைப்பது?,card_linking,card_linking,True
66,எனக்குக் கிடைத்த அட்டை செயலியில் காட்டப்படவில்லை.,card_linking,card_linking,True
67,என்னிடம் ஏற்கனவே உள்ள அட்டையை நான் எவ்வாறு இணைப்பது?,card_linking,card_linking,True
68,எனது அட்டையை இணைக்க விரும்புகிறேன். நான் அதை எப்படி செய்வது?,card_linking,card_linking,True
69,எனது அட்டையை இணைப்பதற்கான இடத்தை நான் எங்கே கண்டறியலாம் என்று தயவுசெய்து காட்ட முடியுமா?,card_linking,card_linking,True
70,எனது புதிய அட்டையை இணைக்க வேண்டுமானால் நான் எங்கு செல்ல வேண்டும்?,card_linking,card_linking,True
71,எனது பழைய அட்டையை செயலியுடன் பயன்படுத்தக்கூடியதாக மாற்றுவதற்கு ஏதேனும் வழி உள்ளதா?,card_linking,card_linking,True
72,தொலைந்துவிட்டது என்று நான் நினைத்த அட்டையை மீண்டும் செயல்படுத்த முடியுமா?,card_linking,card_linking,True
73,எனது அட்டையை நான் எவ்வாறு இணைப்பது?,card_linking,card_linking,True
74,எனது அட்டை விபரங்களை உள்ளிடுவதற்கு நான் செயலியில் எங்கு செல்ல வேண்டும்?,card_linking,edit_personal_details,False
75,தொலைந்த அல்லது திருடப்பட்ட எனது அட்டையை நான் கண்டுபிடித்துவிட்டேன். எனது செயலி மூலம் அந்த அட்டையை மீண்டும் எனது கணக்குடன் இணைக்க ஏதேனும் வழி உள்ளதா?,card_linking,card_linking,True
76,"எனது அட்டையை மீண்டும் செயல்படுத்த எனக்கு உதவ முடியுமா? அது முன்பு தொலைந்துபோயிருந்தது, ஆனால் இன்று காலை எனது ஜாக்கெட்டில் அதைக் கண்டுபிடித்தேன்.",card_linking,card_linking,True
77,"உங்களுடைய அட்டைகளில் ஒன்று என்னிடம் ஏற்கனவே உள்ளது, அதை நான் எவ்வாறு இணைப்பது?",card_linking,card_linking,True
78,எனது மாற்று அட்டையை நான் எவ்வாறு இணைப்பது?,card_linking,card_linking,True
79,எனது கணக்குடன் மற்றொரு அட்டையை இணைக்க முடியுமா?,card_linking,getting_spare_card,False
80,உங்களது மாற்று விகிதங்களை நான் தெரிந்து கொள்ள வேண்டும்.,exchange_rate,exchange_rate,True
81,நீங்கள் வழங்கும் மாற்று விகிதங்கள் என்ன?,exchange_rate,exchange_rate,True
82,உங்களது மாற்று விகிதங்களை நீங்கள் எவ்வாறு தீர்மானிக்கிறீர்கள்?,exchange_rate,exchange_rate,True
83,உங்களது மாற்று விகிதங்களை நீங்கள் எங்கிருந்து பெறுகிறீர்கள்?,exchange_rate,exchange_rate,True
84,மாற்று விகிதத்தை நான் எவ்வாறு கண்டறிவது?,exchange_rate,exchange_rate,True
85,உங்களது சர்வதேச மாற்று விகிதங்கள் என்ன?,exchange_rate,exchange_rate,True
86,உங்களது மாற்று விகிதங்கள் எவ்வளவு காலத்திற்கு ஒருமுறை மாறுகின்றன?,exchange_rate,exchange_rate,True
87,மாற்று விகிதம் என்ன என்பதை தயவுசெய்து கூறவும்.,exchange_rate,exchange_rate,True
88,மாற்று விகிதங்கள் எவ்வாறு கணக்கிடப்படுகின்றன?,exchange_rate,exchange_rate,True
89,மாற்று விகிதங்கள் எதன் அடிப்படையில் அமைந்துள்ளன?,exchange_rate,exchange_rate,True
90,நாணய மாற்று விகிதங்கள் என்றால் என்ன?,exchange_rate,exchange_rate,True
91,மிகவும் அண்மைக்கால நாணய மாற்று விகிதங்கள் எவை?,exchange_rate,exchange_rate,True
92,உங்கள் நாணய மாற்று விகிதக் கொள்கையை எனக்கு விளக்க முடியுமா?,exchange_rate,exchange_rate,True
93,நாணயங்களை மாற்றுவதற்கு இது நல்ல நேரமா?,exchange_rate,exchange_charge,False
94,இந்தச் செயலியில் நாணய மாற்று விகிதம் எப்படி இருக்கிறது?,exchange_rate,exchange_rate,True
95,உங்களிடம் நாணய மாற்று விகிதங்களின் பட்டியல் இருக்கிறதா?,exchange_rate,exchange_rate,True
96,உங்கள் நாணய மாற்று விகிதங்களை எங்கிருந்து பெறுகிறீர்கள் என்று எனக்குச் சொல்ல முடியுமா?,exchange_rate,exchange_rate,True
97,எனக்கு தற்போதைய வெளிநாட்டு நாணய மாற்று விகிதம் கிடைக்குமா?,exchange_rate,exchange_rate,True
98,நாணய மாற்று விகிதம் எந்த நாணயங்களில் கணக்கிடப்படுகிறது?,exchange_rate,exchange_rate,True
99,உங்கள் நாணய மாற்று விகிதங்களை எங்கிருந்து பெறுகிறீர்கள்?,exchange_rate,exchange_rate,True
100,நாணய மாற்று விகிதங்களின் அடிப்படை என்ன?,exchange_rate,exchange_rate,True
101,நீங்கள் எந்த நாணய மாற்று விகிதத்தைப் பயன்படுத்துகிறீர்கள்?,exchange_rate,exchange_rate,True
102,நாணய மாற்று விகிதங்கள் என்ன?,exchange_rate,exchange_rate,True
103,உங்கள் நாணய மாற்று விகிதங்களை எதன் அடிப்படையில் தீர்மானிக்கிறீர்கள்?,exchange_rate,exchange_rate,True
104,நீங்கள் எந்த வெளிநாட்டு நாணய மாற்று விகிதத்தைப் பயன்படுத்துவீர்கள்?,exchange_rate,exchange_rate,True
105,இந்த நாணய மாற்று விகிதத்தின்படி எனக்கு எவ்வளவு கிடைக்கும்?,exchange_rate,exchange_rate,True
106,நாணய மாற்று விகிதம் எவ்வளவு இருக்கும்?,exchange_rate,exchange_rate,True
107,நாணய மாற்று விகிதம் எப்படி இருக்கிறது?,exchange_rate,exchange_rate,True
108,உங்கள் நாணய மாற்று விகிதங்கள் எவ்வாறு செயல்படுகின்றன?,exchange_rate,exchange_rate,True
109,நாணய மாற்று விகிதம் என்ன?,exchange_rate,exchange_rate,True
110,உங்களுடைய நாணய மாற்று விகிதங்கள் எங்கிருந்து கிடைக்கின்றன?,exchange_rate,exchange_rate,True
111,உங்கள் நாணய மாற்று விகிதங்களை எவ்வாறு தீர்மானிக்கிறீர்கள்?,exchange_rate,exchange_rate,True
112,நான் தற்போதைய நாணய மாற்று விகிதத்தைக் கண்டறிய முயற்சிக்கிறேன்.,exchange_rate,exchange_rate,True
113,உங்கள் நாணய மாற்று விகிதங்களை எங்கிருந்து பெறுகிறீர்கள்?,exchange_rate,exchange_rate,True
114,வெளிநாட்டு நாணய மாற்று விகிதத்தை எனக்குச் சொல்ல முடியுமா?,exchange_rate,exchange_rate,True
115,உங்கள் நாணய மாற்று விகிதங்கள் ஏன் மாறுகின்றன?,exchange_rate,exchange_rate,True
116,எனது பணத்தை மாற்றும்போது எனக்கு எத்தகைய வெளிநாட்டு நாணய மாற்று விகிதம் கிடைக்கும்?,exchange_rate,wrong_exchange_rate_for_cash_withdrawal,False
117,எனது வெளிநாட்டு நாணய மாற்று விகிதம் என்ன?,exchange_rate,exchange_rate,True
118,இந்த விகிதம் எப்போது தீர்மானிக்கப்படுகிறது?,exchange_rate,exchange_rate,True
119,எனக்கான தற்போதைய நாணய மாற்று விகிதம் என்ன?,exchange_rate,exchange_rate,True
120,"நான் ஒரு வெளிநாட்டு நாணயத்தில் ஏதோ வாங்கினேன், ஆனால் பயன்படுத்தப்பட்ட மாற்று விகிதம் தவறானது.",card_payment_wrong_exchange_rate,card_payment_wrong_exchange_rate,True
121,"நான் நாணய மாற்று செய்தேன், எனக்கு இருக்க வேண்டியதை விட அதிகமாக கட்டணம் வசூலிக்கப்பட்டுள்ளது என்று நினைக்கிறேன்.",card_payment_wrong_exchange_rate,wrong_exchange_rate_for_cash_withdrawal,False
122,அட்டை கட்டணத்திற்கான மாற்று விகிதம் தவறானது.,card_payment_wrong_exchange_rate,card_payment_wrong_exchange_rate,True
123,நான் நாட்டிற்கு வெளியே ஏதோ வாங்கியபோது மாற்று விகிதம் தவறாக இருந்தது.,card_payment_wrong_exchange_rate,card_payment_wrong_exchange_rate,True
124,எனது கொள்வனவுக்கான மாற்று விகிதம் தவறானது.,card_payment_wrong_exchange_rate,card_payment_wrong_exchange_rate,True
125,இந்த விகிதம் மிகவும் குறைவாக உள்ளது. நீங்கள் சரியான மாற்று விகிதத்தைப் பயன்படுத்துகிறீர்கள் என்பது உறுதியா?,card_payment_wrong_exchange_rate,card_payment_wrong_exchange_rate,True
126,"நான் ஏதோ வாங்கினேன், ஆனால் மாற்று விகிதம் தவறாகத் தெரிகிறது.",card_payment_wrong_exchange_rate,card_payment_wrong_exchange_rate,True
127,எனது வெளிநாட்டு கொள்வனவுக்குப் பயன்படுத்தப்பட்ட விகிதம் தவறானது.,card_payment_wrong_exchange_rate,card_payment_wrong_exchange_rate,True
128,"நான் ஒரு வெளிநாட்டு நாணயத்தில் ஏதோ வாங்கினேன், ஆனால் பயன்படுத்தப்பட்ட விகிதம் தவறானது!",card_payment_wrong_exchange_rate,card_payment_wrong_exchange_rate,True
129,"எனது நாணய மாற்று தவறாகிவிட்டது. நான் எல்.கே.ஆர் (LKR) ஐ யு.எஸ்.டி (USD) ஆக மாற்றினேன், எனக்கு அதிக கட்டணம் வசூலிக்கப்பட்டது.",card_payment_wrong_exchange_rate,card_payment_wrong_exchange_rate,True
130,நான் வாங்கிய ஒரு பொருளுக்கு நீங்கள் சரியான மாற்று விகிதத்தைப் பயன்படுத்தவில்லை.,card_payment_wrong_exchange_rate,card_payment_wrong_exchange_rate,True
131,எனது அட்டை கட்டணத்திற்கான மாற்று விகிதம் தவறானது.,card_payment_wrong_exchange_rate,card_payment_wrong_exchange_rate,True
132,நான் ஏதோ வாங்கியபோது நாணய மாற்று விகிதம் தவறாக இருந்தது.,card_payment_wrong_exchange_rate,card_payment_wrong_exchange_rate,True
133,நான் வெளிநாட்டில் ஏதேனும் வாங்கும்போது மாற்று விகிதம் ஏன் தவறாக இருக்கிறது?,card_payment_wrong_exchange_rate,card_payment_wrong_exchange_rate,True
134,"நான் ஒரு பொருளை வாங்கினேன், மாற்று விகிதம் சரியாக இல்லை என்பதை கவனித்தேன்.",card_payment_wrong_exchange_rate,card_payment_wrong_exchange_rate,True
135,"நான் வெளிநாட்டில் ஏதோ வாங்கினேன், எனது அறிக்கையில் தவறான மாற்று விகிதம் உள்ளது.",card_payment_wrong_exchange_rate,card_payment_wrong_exchange_rate,True
136,"கடந்த சனிக்கிழமை எனது பரிவர்த்தனைக்கான மாற்று விகிதம் தவறாக இருந்ததாகத் தெரிகிறது, எனக்கு கூடுதல் கட்டணம் வசூலிக்கப்பட்டுள்ளது. தயவுசெய்து இதைச் சரிசெய்யவும்.",card_payment_wrong_exchange_rate,card_payment_wrong_exchange_rate,True
137,எனது அட்டை கட்டணத்திற்கான உங்கள் மாற்று விகிதம் ஏன் தவறாக உள்ளது?,card_payment_wrong_exchange_rate,card_payment_wrong_exchange_rate,True
138,எனக்கு ஏன் அதிக கட்டணம் வசூலிக்கப்படுகிறது?,card_payment_wrong_exchange_rate,transfer_fee_charged,False
139,"நான் ஒரு பொருளை வாங்கினேன், எனக்கு வழங்கப்பட்ட மாற்று விகிதம் தவறானது.",card_payment_wrong_exchange_rate,card_payment_wrong_exchange_rate,True
140,எனது அட்டை கட்டண மாற்று விகிதம் சரியானது என்று நான் நினைக்கவில்லை.,card_payment_wrong_exchange_rate,card_payment_wrong_exchange_rate,True
141,"கடந்த சனிக்கிழமை நான் ஒரு கொள்வனவு செய்தபோது, எனக்கு கூடுதல் கட்டணம் வசூலிக்கப்பட்டது. எனக்கு சரியான மாற்று விகிதம் கிடைத்ததா?",card_payment_wrong_exchange_rate,card_payment_wrong_exchange_rate,True
142,ஒரு கொள்வனவுக்கான நாணய மாற்றத்திற்கு அவர்கள் எனக்கு தவறாக கட்டணம் வசூலித்தனர்.,card_payment_wrong_exchange_rate,card_payment_wrong_exchange_rate,True
143,எனது அட்டை கட்டண மாற்று விகிதம் தவறானது என்று நான் நம்புகிறேன்.,card_payment_wrong_exchange_rate,card_payment_wrong_exchange_rate,True
144,"வணக்கம், கடந்த சனிக்கிழமை எனது கட்டணத்திற்கு எனக்கு கூடுதல் கட்டணம் வசூலிக்கப்பட்டுள்ளது. மாற்று விகிதம் தவறாக இருந்தது என்று நினைக்கிறேன்.",card_payment_wrong_exchange_rate,card_payment_wrong_exchange_rate,True
145,இந்த பரிவர்த்தனையில் மாற்று விகிதம் தவறாகத் தெரிகிறது.,card_payment_wrong_exchange_rate,wrong_exchange_rate_for_cash_withdrawal,False
146,"நான் ஒரு பொருளை வாங்கிய பிறகு, எனக்கு வழங்கப்பட்ட மாற்று விகிதம் சரியாக இருக்கவில்லை.",card_payment_wrong_exchange_rate,card_payment_wrong_exchange_rate,True
147,"வணக்கம், உங்கள் மாற்று விகிதம் சரியானது என்று நான் நினைக்கவில்லை. தயவுசெய்து உத்தியோகபூர்வ வங்கிகளுக்கு இடையிலான மாற்று விகிதத்தை சரிபார்க்கவும்.",card_payment_wrong_exchange_rate,card_payment_wrong_exchange_rate,True
148,"எனது நாணய மாற்றத்தில் ஏதோ தவறு நடந்துள்ளது என்பதில் நான் உறுதியாக இருக்கிறேன். நான் எல்.கே.ஆர் (LKR) ஐ யு.எஸ்.டி (USD) ஆக மாற்றினேன், எனக்கு மிக அதிக கட்டணம் வசூலிக்கப்பட்டது!",card_payment_wrong_exchange_rate,card_payment_wrong_exchange_rate,True
149,நான் வாங்கிய ஒரு பொருளுக்கு எனக்கு சரியான மாற்று விகிதம் பயன்படுத்தப்படவில்லை.,card_payment_wrong_exchange_rate,card_payment_wrong_exchange_rate,True
150,எனது அட்டை கொடுப்பனவுகளுக்கான மாற்று மதிப்பு தவறானது.,card_payment_wrong_exchange_rate,card_payment_wrong_exchange_rate,True
151,நான் வெளிநாட்டு நாணயத்தில் ஏதோ ஒன்றை வாங்கியபோது தவறான மாற்று விகிதம் பயன்படுத்தப்பட்டுள்ளது.,card_payment_wrong_exchange_rate,card_payment_wrong_exchange_rate,True
152,"நான் வெளிநாட்டு நாணயத்தில் ஒரு பொருளுக்கு பணம் செலுத்தினேன், ஆனால் மாற்று விகிதம் தவறாக இருப்பதை அவதானித்தேன்.",card_payment_wrong_exchange_rate,card_payment_wrong_exchange_rate,True
153,எனது வெளிநாட்டு கொள்வனவில் தவறான மாற்று விகிதம் பயன்படுத்தப்பட்டுள்ளது.,card_payment_wrong_exchange_rate,card_payment_wrong_exchange_rate,True
154,நான் அண்மையில் வாங்கிய ஒரு பொருளுக்கான மாற்று விகிதம் ஏன் தவறாக இருந்தது?,card_payment_wrong_exchange_rate,card_payment_wrong_exchange_rate,True
155,நான் வாங்கிய ஒரு பொருளுக்கான எனது மாற்று விகிதம் ஏன் தவறாக உள்ளது?,card_payment_wrong_exchange_rate,card_payment_wrong_exchange_rate,True
156,எனது பரிவர்த்தனைக்கு பயன்படுத்தப்பட்ட மாற்று விகிதத்தை நான் எவ்வாறு சரிபார்க்கலாம்?,card_payment_wrong_exchange_rate,card_payment_wrong_exchange_rate,True
157,எனது அட்டை கொடுப்பனவுக்கான உங்களது மாற்று விகிதம் முற்றிலும் தவறானது.,card_payment_wrong_exchange_rate,card_payment_wrong_exchange_rate,True
158,எனது நாணயத்திலிருந்து வேறுபட்ட ஒரு நாணயத்தில் நான் வாங்கிய ஒரு பொருளுக்கு தவறான விகிதம் பயன்படுத்தப்பட்டுள்ளது. இதை மாற்ற முடியுமா?,card_payment_wrong_exchange_rate,card_payment_wrong_exchange_rate,True
159,வெளிநாட்டில் நான் செய்த கொள்வனவுக்கு தவறான மாற்று விகிதம் பயன்படுத்தப்பட்டுள்ளது.,card_payment_wrong_exchange_rate,card_payment_wrong_exchange_rate,True
160,எனது கணக்கு அறிக்கையில் எனக்கு அறவிடப்பட்ட 10 ரூபாய் காட்டப்படுகிறது.,extra_charge_on_statement,extra_charge_on_statement,True
161,எனது கணக்கு அறிக்கையில் மேலதிகமாக 10 ரூபாய் கட்டணம் ஏன் உள்ளது?,extra_charge_on_statement,extra_charge_on_statement,True
162,எனது கணக்கு அறிக்கையில் உள்ள இந்தக் கட்டணத்தை என்னால் ஏற்றுக்கொள்ள முடியாது.,extra_charge_on_statement,card_payment_not_recognised,False
163,எனது கணக்கில் மேலதிகமாக 10 ரூபாய் ஏன் அறவிடப்பட்டுள்ளது?,extra_charge_on_statement,extra_charge_on_statement,True
164,எனது கணக்கு அறிக்கையில் எனக்குத் தெரியாத ஒரு கட்டணம் உள்ளது.,extra_charge_on_statement,card_payment_not_recognised,False
165,என்னிடம் அறவிடப்பட்ட மேலதிக 10 ரூபாய்க்கான ரீபண்ட் எனக்கு வேண்டும்.,extra_charge_on_statement,extra_charge_on_statement,True
166,இந்த எதிர்பாராத 10 ரூபாய் கட்டணம் என்னவென்று விளக்க முடியுமா?,extra_charge_on_statement,extra_charge_on_statement,True
167,எனது கணக்கு அறிக்கையில் உள்ள இந்த 10 ரூபாய் கட்டணம் என்ன?,extra_charge_on_statement,extra_charge_on_statement,True
168,எனது கணக்கு அறிக்கையில் ஏன் இந்த மேலதிக கட்டணங்கள் உள்ளன?,extra_charge_on_statement,extra_charge_on_statement,True
169,"நான் 10 ரூபாய்க்கு எதுவும் வாங்கியதாக எனக்கு நினைவில்லை, ஆனால் அது எனது கணக்கு அறிக்கையில் உள்ளது. அது என்னவென்று தயவுசெய்து கூற முடியுமா?",extra_charge_on_statement,extra_charge_on_statement,True
170,எனது செயலியில் மேலதிகமாக 10 ரூபாய் கட்டணம் காட்டப்படுவதை என்னால் பார்க்க முடிகிறது. ஏன் எனக்கு மேலதிகமாக கட்டணம் அறவிட்டீர்கள்?,extra_charge_on_statement,extra_charge_on_statement,True
171,எனது கணக்கு அறிக்கையில் 10 ரூபாய் கட்டணத்தை நான் அவதானித்ததற்கான காரணத்தை கூற முடியுமா?,extra_charge_on_statement,extra_charge_on_statement,True
172,இந்த 10 ரூபாய் பரிவர்த்தனை எப்போது எனக்கு வரவு வைக்கப்படும்?,extra_charge_on_statement,extra_charge_on_statement,True
173,இந்தக் கட்டணம் எங்கிருந்து வந்தது?,extra_charge_on_statement,card_payment_not_recognised,False
174,"எனது கணக்கு அறிக்கையில் மேலதிகமாக 10 ரூபாய் கட்டணத்தை அவதானித்தேன், அது ஏன் என்று கூற முடியுமா?",extra_charge_on_statement,extra_charge_on_statement,True
175,மேலதிகமாக 10 ரூபாய் கட்டணம் உள்ளது.,extra_charge_on_statement,extra_charge_on_statement,True
176,எனது கணக்கு அறிக்கையில் உள்ள மேலதிக €1 கட்டணம் பற்றிய விபரம் எனக்குத் தேவை.,extra_charge_on_statement,extra_charge_on_statement,True
177,எனது அட்டையில் மேலதிகமாக 10 ரூபாய் கட்டணம் ஏன் உள்ளது?,extra_charge_on_statement,extra_charge_on_statement,True
178,எனது கணக்கு அறிக்கையில் ஏன் இவ்வளவு கட்டணங்கள் உள்ளன?,extra_charge_on_statement,extra_charge_on_statement,True
179,எனது கணக்கு அறிக்கையில் மேலதிக கட்டணம் இருப்பதற்கான காரணம் என்னவாக இருக்கும்?,extra_charge_on_statement,extra_charge_on_statement,True
180,இந்த 10 ரூபாய் கட்டணம் எங்கிருந்து வந்தது?,extra_charge_on_statement,extra_charge_on_statement,True
181,எனது ஸ்டேட்மென்டில் மேலதிகமாக 1 யூரோ கட்டணம் வந்திருக்கிறது.,extra_charge_on_statement,extra_charge_on_statement,True
182,எனது ஸ்டேட்மென்டில் 10 ரூபாய் கட்டணம் ஒன்று காட்டுகிறது.,extra_charge_on_statement,extra_charge_on_statement,True
183,எனக்கு ஏன் 10 ரூபாய் அதிகமாக அறவிடப்பட்டுள்ளது!?,extra_charge_on_statement,extra_charge_on_statement,True
184,"ஏதோ தவறு நடந்துள்ளது, எனக்கு மேலதிகமாக 10 ரூபாய் அறவிடப்பட்டுள்ளதா?",extra_charge_on_statement,extra_charge_on_statement,True
185,எனது ஸ்டேட்மென்டில் உள்ள மேலதிக கட்டணம் எங்கிருந்து வந்தது?,extra_charge_on_statement,extra_charge_on_statement,True
186,எனது செயலியில் எனக்கு அறிவிக்கப்படாத அல்லது நான் அறிந்திராத ஒரு மேலதிக கட்டணம் காட்டப்படுகிறது!,extra_charge_on_statement,extra_charge_on_statement,True
187,"எனது ஸ்டேட்மென்டில் ஒரு மேலதிக கட்டணத்தை நான் காண்கிறேன், அது எதற்காக?",extra_charge_on_statement,extra_charge_on_statement,True
188,எனது ஸ்டேட்மென்டில் உள்ள இந்த 1 யூரோ கட்டணம் என்ன?,extra_charge_on_statement,extra_charge_on_statement,True
189,"நான் ஒரு புதிய வாடிக்கையாளர், எனது செயலியைப் பார்த்தபோது எனக்குத் தெரியாத ஒரு கட்டணம் அறவிடப்பட்டிருக்கிறது. அந்த மேலதிக கட்டணம் ஏன் அங்கு இருக்கிறது என்று எனக்குச் சொல்ல முடியுமா?",extra_charge_on_statement,extra_charge_on_statement,True
190,ஏதோ ஒரு காரணத்தினால் எனது கணக்கில் மேலதிகமாக 10 ரூபாய் அறவிடப்பட்டுள்ளது.,extra_charge_on_statement,extra_charge_on_statement,True
191,"10 ரூபாய்க்கான ஒரு பரிவர்த்தனை உள்ளது, அது ஏன் அறவிடப்பட்டது என்று எனக்குத் தெரியவில்லை.",extra_charge_on_statement,extra_charge_on_statement,True
192,"ஒரு விசித்திரமான கட்டணம் தொடர்பாக எனக்கு உதவ முடியுமா? நான் பயன்படுத்தும் செயலியில் உள்ள ஸ்டேட்மென்ட் பக்கத்தில் இருந்து மறையாத ஒரு 10 ரூபாய் கட்டணம் அது. அது ""Pending"" என்பதைத் தவிர வேறு எதனாலும் விவரிக்கப்படவில்லை, கடந்த இரண்டு நாட்களாக அந்த நிலை மாறவே இல்லை.",extra_charge_on_statement,extra_charge_on_statement,True
193,எனது ஸ்டேட்மென்டில் காட்டப்படும் மேலதிக கட்டணத்தின் நோக்கம் என்ன?,extra_charge_on_statement,card_payment_fee_charged,False
194,"எனது ஸ்டேட்மென்டில் மேலதிகமாக 10 ரூபாய் அறவிடப்பட்டுள்ளது, அது ஏன்?",extra_charge_on_statement,extra_charge_on_statement,True
195,எனது ஸ்டேட்மென்டில் உள்ள மேலதிக 1 யூரோ கட்டணம் என்ன?,extra_charge_on_statement,extra_charge_on_statement,True
196,"இரண்டு வாரங்கள் ஆகிவிட்டன, 10 ரூபாய்க்கான பரிவர்த்தனை ஏன் இன்னும் திரும்பப் பெறப்படவில்லை?",extra_charge_on_statement,extra_charge_on_statement,True
197,இந்த 1 யூரோ கட்டணம் எதற்காக?,extra_charge_on_statement,extra_charge_on_statement,True
198,"என்ன நடக்கிறது என்று எனக்கு மிகவும் குழப்பமாக இருக்கிறது. எனது செயலியில் உள்ள ஸ்டேட்மென்டில் ஏதோ ஒரு விசித்திரமான மேலதிக 10 ரூபாய் கட்டணம் உள்ளது, அது நிலுவையில் என்று மட்டுமே காட்டப்படுகிறது மற்றும் சில நாட்களாக மறையாமல் இருக்கிறது.",extra_charge_on_statement,extra_charge_on_statement,True
199,எனது ஸ்டேட்மென்டில் இந்த மேலதிக கட்டணம் ஏன் உள்ளது என்பதை தயவுசெய்து சரிபார்க்க முடியுமா?,extra_charge_on_statement,transfer_fee_charged,False
200,எனது பணம் எடுத்தல் இன்னும் நிலுவையில் உள்ளது. ஏன்?,pending_cash_withdrawal,pending_cash_withdrawal,True
201,"இன்று அதிகாலை ஏடிஎம்மில் எனது அட்டை நிராகரிக்கப்பட்டது, ஆனால் பரிவர்த்தனை நிலுவையில் உள்ளது. எனக்கு பணம் கிடைக்காததால் தயவுசெய்து அதை ரத்து செய்யுங்கள்.",pending_cash_withdrawal,pending_cash_withdrawal,True
202,எனது பணப் பரிவர்த்தனை இன்னும் நிலுவையில் உள்ளதாகவே காட்டுகிறது.,pending_cash_withdrawal,pending_transfer,False
203,"ஹே, நான் சற்று முன்பு கொஞ்சம் பணம் எடுக்க முயன்றேன் ஆனால் இயந்திரம் வேலை செய்யவில்லை. இப்போது பார்த்தால் பரிவர்த்தனை இன்னும் செயல்பாட்டில் இருப்பது போல் தெரிகிறது! அங்கு என்ன நடக்கிறது என்று தயவுசெய்து சரிபார்க்க முடியுமா, ஏதோ பழுதடைந்துள்ளது போல் தெரிகிறது, நான் உண்மையில் பெறாத பணத்திற்காக என்னிடம் கட்டணம் வசூலிக்கப்படுவதை நான் விரும்பவில்லை!",pending_cash_withdrawal,pending_cash_withdrawal,True
204,பணத்தை எடுக்கும்போது அது நிலுவையில் இருக்க எவ்வளவு நேரம் எடுக்கும்?,pending_cash_withdrawal,pending_cash_withdrawal,True
205,எனது பணப் பரிவர்த்தனை நிலுவையில் இருந்து மாறுவதற்கு ஏன் இவ்வளவு நேரம் எடுக்கிறது?,pending_cash_withdrawal,pending_cash_withdrawal,True
206,"நான் ஏடிஎம்மில் இருந்து பணம் எடுக்க முயன்றேன் ஆனால் பணம் எதுவும் வரவில்லை, ஆனால் பரிவர்த்தனை இன்னும் நிலுவையில் உள்ளதா? இது எப்படி சாத்தியம்?",pending_cash_withdrawal,pending_cash_withdrawal,True
207,"நான் சற்று முன்பு ஏடிஎம்மில் இருந்து கொஞ்சம் பணம் எடுத்தேன் ஆனால் அது செயலியில் நிலுவையில் இருப்பதாகக் காட்டுகிறது. எனக்கு ஏற்கனவே பணம் கிடைத்துவிட்டதே, இது எப்படி இன்னும் நிலுவையில் இருக்க முடியும்?",pending_cash_withdrawal,pending_cash_withdrawal,True
208,எனது பணப் பரிவர்த்தனை ஏன் இன்னும் நிலுவையில் உள்ளது?,pending_cash_withdrawal,pending_cash_withdrawal,True
209,பணம் எடுத்தது எப்போது காட்டப்படும் என்று உங்களுக்கு உறுதியாகத் தெரியுமா?,pending_cash_withdrawal,balance_not_updated_after_bank_transfer,False
210,"வணக்கம்! நீங்கள் எனக்கு உதவ முடியுமா என்று யோசித்துக்கொண்டிருந்தேன். நான் கொஞ்சம் பணம் எடுப்பதற்காக நகரின் மையப்பகுதியில் உள்ள ஏடிஎம்-ஐப் பயன்படுத்தினேன், ஆனால் இயந்திரம் எனது அட்டையை நிராகரித்துவிட்டது. எனது கணக்கில் அந்தப் பரிவர்த்தனை இன்னும் நிலுவையில் உள்ளதாகக் காட்டுகிறது. எனக்குப் பணம் கிடைக்கவில்லை, எனவே தயவுசெய்து அந்தப் பரிவர்த்தனையை ரத்து செய்யுங்கள்.",pending_cash_withdrawal,pending_cash_withdrawal,True
211,"நான் ஏடிஎம்-லிருந்து பணம் பெற்ற பிறகும், ஒரு பரிவர்த்தனை ஏன் நிலுவையில் உள்ளதாகக் காட்டுகிறது?",pending_cash_withdrawal,pending_cash_withdrawal,True
212,ஏடிஎம்-ல் எனது பணம் இன்னும் நிலுவையில் உள்ளது,pending_cash_withdrawal,pending_cash_withdrawal,True
213,எனது ஏடிஎம் பணப் பெறுகை இன்னும் நிலுவையில் உள்ளது,pending_cash_withdrawal,pending_cash_withdrawal,True
214,பணம் எடுத்தது கணக்கில் காட்டப்படுவதற்காக நான் இன்னும் காத்துக்கொண்டிருக்கிறேன்,pending_cash_withdrawal,pending_cash_withdrawal,True
215,நிலுவையில் உள்ள எனது பணப் பெறுகை செயலாக்கப்பட்டுவிட்டதா?,pending_cash_withdrawal,pending_cash_withdrawal,True
216,எனது பணப் பெறுகை நிறைவடைய எவ்வளவு நேரம் ஆகும்?,pending_cash_withdrawal,pending_cash_withdrawal,True
217,எனது ஏடிஎம் பணப் பெறுகை ஏன் நிலுவையில் உள்ள பரிவர்த்தனையாகக் காட்டுகிறது?,pending_cash_withdrawal,pending_cash_withdrawal,True
218,"வணக்கம், நான் கொஞ்சம் பணம் எடுக்க முயன்றேன் ஆனால் இயந்திரம் வேலை செய்யவில்லை. பரிவர்த்தனை இன்னும் செயல்பாட்டில் இருப்பதாகத் தெரிகிறது! என்ன நடக்கிறது என்று தயவுசெய்து சரிபார்க்க முடியுமா? எனக்குக் கிடைக்காத பணத்திற்கு என்னிடம் கட்டணம் வசூலிக்கப்படுவதை நான் விரும்பவில்லை.",pending_cash_withdrawal,pending_cash_withdrawal,True
219,"ஹே, நகரின் மையப்பகுதியில் உள்ள திரையரங்கு ஏடிஎம்-ல் எனது அட்டை நிராகரிக்கப்பட்டது. ஆனால், எனது கணக்கில் பரிவர்த்தனை நிலுவையில் உள்ளதாகக் கூறுகிறது. எனக்குப் பணம் கிடைக்கவில்லை, அப்படியென்றால் அதன் அர்த்தம் என்ன?",pending_cash_withdrawal,pending_cash_withdrawal,True
220,எனக்கு ஏன் நிலுவையில் உள்ள பணப் பெறுகை காட்டுகிறது?,pending_cash_withdrawal,pending_cash_withdrawal,True
221,எனக்கு ஒரு நிலுவையில் உள்ள பணப் பெறுகை உள்ளது,pending_cash_withdrawal,pending_cash_withdrawal,True
222,"நான் எனது கணக்கிலிருந்து பணம் எடுத்தேன், ஆனால் அது இன்னும் பதிவாகவில்லையா?",pending_cash_withdrawal,declined_cash_withdrawal,False
223,எனது பணப் பெறுகை நிலுவையில் உள்ளதா?,pending_cash_withdrawal,pending_cash_withdrawal,True
224,எனது பணப் பெறுகை ஏன் நிலுவையில் உள்ளதாகக் காட்டுகிறது என்று எனக்குச் சரியாகப் புரியவில்லை.,pending_cash_withdrawal,pending_cash_withdrawal,True
225,"நான் பணம் எடுத்தேன், ஆனால் நிலுவையில் உள்ள நிலை மாறுவதற்கு நீண்ட நேரம் எடுக்கிறது.",pending_cash_withdrawal,pending_cash_withdrawal,True
226,எனது பணப் பெறுகை இன்னும் நிலுவையில் உள்ளதாகக் காட்டுகிறது.,pending_cash_withdrawal,pending_cash_withdrawal,True
227,"எனது அட்டையிலிருந்து ஏன் பணம் எடுக்க முடியாமல் உள்ளது, ஆனால் கணக்கு அறிக்கையில் பரிவர்த்தனை இன்னும் நிலுவையில் உள்ளதாகக் கூறுகிறது?",pending_cash_withdrawal,pending_cash_withdrawal,True
228,எனது கணக்கில் ஏன் நிலுவையில் உள்ள பணப் பெறுகை உள்ளது?,pending_cash_withdrawal,pending_cash_withdrawal,True
229,எனது செயலியில் நிலுவையில் உள்ள ஒரு பரிவர்த்தனை உள்ளது. நான் முன்னரே ஏடிஎம்-லிருந்து பணம் எடுத்துவிட்ட பிறகும் அது எவ்வாறு இன்னும் நிலுவையில் உள்ளது?,pending_cash_withdrawal,pending_cash_withdrawal,True
230,பணப் பெறுகை இன்னும் நிலுவையில் உள்ளதா?,pending_cash_withdrawal,pending_cash_withdrawal,True
231,"நான் முன்னரே ஏடிஎம்-லிருந்து பணம் பெற்றேன், ஆனால் இது செயலியில் நிலுவையில் உள்ளதாகக் காட்டுகிறது. எனக்கு ஏற்கனவே பணம் கிடைத்துவிட்டது. இது எவ்வாறு இன்னும் நிலுவையில் இருக்க முடியும்?",pending_cash_withdrawal,pending_cash_withdrawal,True
232,"நான் எனது அட்டையிலிருந்து பணம் எடுக்க முயன்றேன், ஆனால் அது வேலை செய்யவில்லை. பின்னர் பரிவர்த்தனை இன்னும் செயல்பாட்டில் இருப்பதைக் கண்டேன். என்ன நடக்கிறது?",pending_cash_withdrawal,pending_cash_withdrawal,True
233,எனது கணக்கு அறிக்கையில் ஏன் நிலுவையில் உள்ள பணப் பெறுகை என்று கூறுகிறது?,pending_cash_withdrawal,pending_cash_withdrawal,True
234,எனது பணப் பெறுகை எவ்வளவு காலம் நிலுவையில் இருக்கும்?,pending_cash_withdrawal,pending_cash_withdrawal,True
235,எனது பணப் பெறுகைக்கான கணக்கு எங்கே?,pending_cash_withdrawal,pending_cash_withdrawal,True
236,நான் செய்ய முயன்று நிராகரிக்கப்பட்ட பணப் பெறுகைக்காக எனது கணக்கில் பணம் கழிக்கப்பட்டுள்ளது.,pending_cash_withdrawal,cash_withdrawal_not_recognised,False
237,ஏடிஎம் பணப் பெறுகை பதிவாவதற்கு எவ்வளவு நேரம் ஆகும்?,pending_cash_withdrawal,pending_cash_withdrawal,True
238,ஏடிஎம்-லிருந்து நான் எடுத்த பணம் ஏன் இன்னும் எனது கணக்கில் உறுதிப்படுத்தப்பட்டதாகக் காட்டவில்லை?,pending_cash_withdrawal,pending_cash_withdrawal,True
239,"நிலுவையில் உள்ள பரிவர்த்தனை என்றால் என்ன? ஏடிஎம்-ல் எனது அட்டை நிராகரிக்கப்பட்டது, ஆனால் எனது கணக்கு அது இன்னும் நிலுவையில் உள்ளதாகக் கூறுகிறது. நான் கட்டணத்தை ரத்து செய்யலாமா?",pending_cash_withdrawal,pending_cash_withdrawal,True
240,"எனது பணத்தை வைத்திருக்க நான் கோரினால், நீங்கள் எந்த நாணயங்களைப் பயன்படுத்துகிறீர்கள்?",fiat_currency_support,fiat_currency_support,True
241,எனது பணம் எத்தனை வெவ்வேறு நாணயங்களில் இருக்க முடியும் என்பதை நான் அறிய விரும்புகிறேன்.,fiat_currency_support,fiat_currency_support,True
242,நீங்கள் அனைத்து ஃபியட் நாணயங்களையும் ஆதரிக்கிறீர்களா?,fiat_currency_support,fiat_currency_support,True
243,உங்கள் முறைமை பல நாணயங்களை ஆதரிக்கிறதா?,fiat_currency_support,fiat_currency_support,True
244,நான் எந்த நாணயங்களில் பணத்தை வைத்திருக்க முடியும்?,fiat_currency_support,fiat_currency_support,True
245,நீங்கள் ஏதேனும் நாணயத்தை ஆதரிக்கிறீர்களா?,fiat_currency_support,fiat_currency_support,True
246,"எனது கணக்கிற்கு ஒரு உள்வரும் கட்டணம் உள்ளது, ஆனால் அது செயலிழக்கச் செய்யப்பட்டுள்ளது. அது இன்னும் செயல்படுத்தப்படுமா?",fiat_currency_support,card_linking,False
247,நீங்கள் எந்த நாணயங்களுக்கு பரிமாற்றம் செய்கிறீர்கள்?,fiat_currency_support,supported_cards_and_currencies,False
248,"பணத்தை வைத்திருத்தல் மற்றும் பரிமாற்றம் ஆகியவற்றின் அடிப்படையில், நீங்கள் எந்த ஃபியட் நாணயங்களைப் பயன்படுத்துகிறீர்கள்?",fiat_currency_support,fiat_currency_support,True
249,பரிவர்த்தனைகளை வைத்திருப்பதற்கு எந்த ஃபியட் நாணயங்கள் பயன்படுத்தப்படுகின்றன?,fiat_currency_support,fiat_currency_support,True
250,எனது பணத்தை யூரோவாக எங்கு பரிமாறிக்கொள்ளலாம்?,fiat_currency_support,exchange_via_app,False
251,பல நாணயங்களில் பணத்தை வைத்திருக்க அனுமதி உண்டா?,fiat_currency_support,fiat_currency_support,True
252,நான் யூரோவிற்கு பரிமாறிக்கொள்ளலாமா?,fiat_currency_support,fiat_currency_support,True
253,நீங்கள் ஆதரிக்கும் ஃபியட் நாணயங்கள் எவை என்பதை விளக்கும் விவரங்களுடன் யாராவது எனக்கு உதவ முடியுமா?,fiat_currency_support,fiat_currency_support,True
254,நீங்கள் கூடுதல் நாணய விருப்பங்களை வழங்குகிறீர்களா?,fiat_currency_support,exchange_charge,False
255,நான் நாணயங்களை யூரோவாக எவ்வாறு மாற்றுவது?,fiat_currency_support,exchange_via_app,False
256,வைத்திருப்பதற்கும் பரிமாற்றத்திற்கும் எந்த ஃபியட் நாணயங்கள் ஆதரிக்கப்படுகின்றன?,fiat_currency_support,fiat_currency_support,True
257,"நாணய இருப்புக்கள் மற்றும் பரிமாற்றங்களைக் கருத்தில் கொள்ளும்போது, எந்த ஃபியட் நாணயங்கள் ஆதரிக்கப்படுகின்றன?",fiat_currency_support,fiat_currency_support,True
258,நீங்கள் யூரோவை கையாளுவீர்களா?,fiat_currency_support,fiat_currency_support,True
259,நான் பிற நாணயங்களில் பணத்தை வைத்திருக்க முடியுமா?,fiat_currency_support,fiat_currency_support,True
260,நாணயங்களை வைத்திருப்பதற்கு எனக்கு என்ன விருப்பங்கள் உள்ளன?,fiat_currency_support,fiat_currency_support,True
261,நீங்கள் யூரோ பரிமாற்றங்களைச் செய்கிறீர்களா?,fiat_currency_support,fiat_currency_support,True
262,யூரோவிற்கான பரிமாற்றங்களை நீங்கள் ஏற்றுக்கொள்கிறீர்களா?,fiat_currency_support,fiat_currency_support,True
263,நான் எந்த நாணயத்தை வைத்திருக்க முடியும் என்று எனக்குச் சொல்ல முடியுமா?,fiat_currency_support,fiat_currency_support,True
264,என்னால் நாணயங்களை பரிமாறிக்கொள்ள முடியுமா?,fiat_currency_support,exchange_via_app,False
265,உங்கள் பரிமாற்றத்தில் எந்த நாணயங்கள் பயன்படுத்தப்படுகின்றன?,fiat_currency_support,fiat_currency_support,True
266,நீங்கள் எந்த ஃபியட் நாணயங்களை ஆதரிக்கிறீர்கள்?,fiat_currency_support,fiat_currency_support,True
267,நீங்கள் எந்த நாட்டின் நாணயத்தை ஆதரிக்கிறீர்கள்?,fiat_currency_support,supported_cards_and_currencies,False
268,நான் ஐரோப்பிய ஒன்றியத்திற்கு நாணய பரிமாற்றம் செய்ய விரும்புகிறேன்.,fiat_currency_support,country_support,False
269,நான் அனைத்து ஃபியட் நாணயங்களையும் பரிமாறிக்கொள்ளவும் வைத்திருக்கவும் முடியுமா?,fiat_currency_support,fiat_currency_support,True
270,நான் எந்த வகையான நாணயங்களில் பணத்தை வைத்திருக்க முடியும்?,fiat_currency_support,fiat_currency_support,True
271,நான் நாணயங்களை பரிமாற்றிக்கொள்ள முடியுமா?,fiat_currency_support,exchange_via_app,False
272,நீங்கள் அனைத்து ஃபியட் நாணயங்களையும் கையாளுகிறீர்களா?,fiat_currency_support,fiat_currency_support,True
273,நான் பல நாணயங்களில் பணத்தை வைத்திருக்க முடியுமா?,fiat_currency_support,fiat_currency_support,True
274,நான் எத்தனை நாணயங்களை வைத்திருக்க முடியும்?,fiat_currency_support,fiat_currency_support,True
275,அமெரிக்க டாலர் (USD) தவிர வேறு என்ன நாணயங்களை நான் வைத்திருக்க முடியும்?,fiat_currency_support,fiat_currency_support,True
276,ஐரோப்பிய ஒன்றியத்திற்கு (EU) பரிமாற்றங்களை நான் எவ்வாறு ஏற்றுக்கொள்வது?,fiat_currency_support,country_support,False
277,பணத்தை வைத்திருப்பதற்கும் பரிமாற்றுவதற்கும் நான் எந்த வகையான ஃபியட் நாணயத்தைப் பயன்படுத்தலாம்?,fiat_currency_support,fiat_currency_support,True
278,எனது நாணயத்திலிருந்து யூரோ (EUR) பரிமாற்றத்தை நீங்கள் ஆதரிக்கிறீர்களா?,fiat_currency_support,fiat_currency_support,True
279,நான் எந்த நாடுகளுக்குப் பயணம் செய்து அங்குள்ள நாணயங்களைப் பயன்படுத்த முடியும்?,fiat_currency_support,country_support,False
280,எனக்கு இப்போது எனது அட்டை தேவை!,card_delivery_estimate,card_delivery_estimate,True
281,"எனது அட்டை மீண்டும் தபாலில் வரவில்லை, நீங்கள் ஆலோசனை கூற முடியுமா?",card_delivery_estimate,card_arrival,False
282,எனக்கு எனது அட்டை விரைவாகத் தேவை,card_delivery_estimate,card_delivery_estimate,True
283,அது என்னை வந்தடைய எவ்வளவு காலம் எடுக்கும்?,card_delivery_estimate,card_delivery_estimate,True
284,எனது அட்டை எப்போது இங்கு வரும் என்று நான் யோசித்துக் கொண்டிருக்கிறேன்.,card_delivery_estimate,card_delivery_estimate,True
285,எனது அட்டையை எனக்கு விரைவாகப் பெற்றுத்தர முடியுமா?,card_delivery_estimate,card_delivery_estimate,True
286,அமெரிக்காவிற்கு (US) எதையாவது விநியோகிக்க எவ்வளவு காலம் எடுக்கும்?,card_delivery_estimate,card_delivery_estimate,True
287,"நான் அமெரிக்காவில் வசிக்கிறேன், விநியோகிக்க எவ்வளவு காலம் எடுக்கும்?",card_delivery_estimate,card_delivery_estimate,True
288,எனது அட்டை அமெரிக்காவிற்கு எப்போது விநியோகிக்கப்படும் என்று நான் எதிர்பார்க்கலாம்?,card_delivery_estimate,card_delivery_estimate,True
289,எனக்கு எனது அட்டை விரைவாகத் தேவைப்படுகிறது,card_delivery_estimate,card_delivery_estimate,True
290,அமெரிக்காவிற்கான விநியோகத்திற்கு நீண்ட நேரம் எடுக்குமா?,card_delivery_estimate,card_delivery_estimate,True
291,அது வந்து சேர எவ்வளவு காலம் எடுக்கும்?,card_delivery_estimate,card_delivery_estimate,True
292,எனது அட்டையை ஒரு குறிப்பிட்ட நாளில் விநியோகிக்க முடியுமா?,card_delivery_estimate,card_delivery_estimate,True
293,சாதாரண (standard) மற்றும் விரைவு (express) விநியோகத்திற்கு இடையே உள்ள வேறுபாடு என்ன?,card_delivery_estimate,card_delivery_estimate,True
294,அதை ஒரு குறிப்பிட்ட தேதிக்குள் விநியோகிக்க முடியுமா?,card_delivery_estimate,card_delivery_estimate,True
295,அது எப்போது விநியோகிக்கப்பட வேண்டும் என்பதை நான் தேர்வு செய்யலாமா?,card_delivery_estimate,card_delivery_estimate,True
296,எனக்கு அது ஒரு குறிப்பிட்ட தேதியில் விநியோகிக்கப்பட வேண்டும்.,card_delivery_estimate,card_delivery_estimate,True
297,எனது அட்டையை நான் எப்போது எதிர்பார்க்க வேண்டும்?,card_delivery_estimate,card_delivery_estimate,True
298,எனது அட்டையைப் பெற எவ்வளவு காலம் எடுக்கும்? அதை எப்போது பெறுவது என்பதை நான் தேர்வு செய்யலாமா?,card_delivery_estimate,card_delivery_estimate,True
299,அட்டை வந்து சேர எவ்வளவு காலம் எடுக்கும்?,card_delivery_estimate,card_delivery_estimate,True
300,எவ்வளவு விரைவாக உங்களால் விநியோகிக்க முடியும்?,card_delivery_estimate,card_delivery_estimate,True
301,"கொஞ்ச நேரத்திற்கு முன்பு ஆர்டர் செய்தேன், அமெரிக்காவிற்கு வந்து சேரக்கூடிய மதிப்பிடப்பட்ட நேரம் என்ன?",card_delivery_estimate,card_delivery_estimate,True
302,அட்டை வந்து சேர எவ்வளவு காலம் எடுக்கும் என்று நான் எதிர்பார்க்க வேண்டும்?,card_delivery_estimate,card_delivery_estimate,True
303,அமெரிக்காவிற்கான விநியோக நேரம் என்ன?,card_delivery_estimate,card_delivery_estimate,True
304,அட்டை எப்போது வந்து சேரும்?,card_delivery_estimate,card_delivery_estimate,True
305,உங்களால் முடிந்தவரை விரைவில் எனது அட்டையை அனுப்பி வையுங்கள்.,card_delivery_estimate,card_delivery_estimate,True
306,அட்டைகள் எப்போது விநியோகிக்கப்படும்?,card_delivery_estimate,card_delivery_estimate,True
307,அமெரிக்க இலக்கை அடைய கப்பல் போக்குவரத்து எவ்வளவு காலம் எடுக்கும்?,card_delivery_estimate,card_delivery_estimate,True
308,எனது அட்டையை விரைவாகப் பெற முடியுமா?,card_delivery_estimate,card_delivery_estimate,True
309,எனது அட்டை விநியோகிக்கப்பட எவ்வளவு காலம் ஆகும்?,card_delivery_estimate,card_delivery_estimate,True
310,எனது அட்டை கூடிய விரைவில் வர வேண்டும்.,card_delivery_estimate,card_delivery_estimate,True
311,எனது புதிய அட்டையை எப்போது பெறுவேன் என்று நான் எதிர்பார்க்கலாம்?,card_delivery_estimate,card_delivery_estimate,True
312,எனது அட்டை வந்து சேருவதற்காக நான் காத்திருக்கிறேன்.,card_delivery_estimate,card_arrival,False
313,எனக்கு எனது அட்டை கூடிய விரைவில் தேவை.,card_delivery_estimate,card_delivery_estimate,True
314,சனிக்கிழமைக்குள் அது விநியோகிக்கப்பட வேண்டும்.,card_delivery_estimate,card_delivery_estimate,True
315,அமெரிக்க விநியோக நேரம் என்ன?,card_delivery_estimate,card_delivery_estimate,True
316,எனது அட்டை எப்போது வந்து சேரும்?,card_delivery_estimate,card_arrival,False
317,விநியோகத்திற்கான ஒரு தேதியை நான் தேர்வு செய்யலாமா?,card_delivery_estimate,card_delivery_estimate,True
318,எனது அட்டை ஒரு குறிப்பிட்ட நாளில் விநியோகிக்கப்படுவதை நான் உறுதி செய்ய முடியுமா?,card_delivery_estimate,card_delivery_estimate,True
319,அதை ஒரு குறிப்பிட்ட நேரத்தில் விநியோகிக்க முடியுமா?,card_delivery_estimate,card_delivery_estimate,True
320,"பயணம் செய்யும் போது, குறிப்பிட்ட நேரங்களில் எனது அட்டையை தானாகவே டாப்-அப் செய்ய முடியுமா?",automatic_top_up,automatic_top_up,True
321,ஆட்டோ டாப்-அப் பயன்படுத்தும் போது ஏதேனும் வரம்பு இருக்கிறதா?,automatic_top_up,automatic_top_up,True
322,அதிக பணம் இல்லாதபோது அது தானாகவே டாப்-அப் செய்யுமா அல்லது நான் அதை கைமுறையாக செய்ய வேண்டுமா?,automatic_top_up,automatic_top_up,True
323,"என்னிடம் பணம் தீர்ந்து போகிறது, நான் ஆட்டோ டாப்-அப் செய்யலாமா?",automatic_top_up,automatic_top_up,True
324,ஆட்டோ டாப்-அப்பை நான் எவ்வாறு பயன்படுத்துவது?,automatic_top_up,automatic_top_up,True
325,அதிக பணம் இல்லாதபோது அது தானாகவே பணத்தை டாப்-அப் செய்ய முடியுமா?,automatic_top_up,automatic_top_up,True
326,அதிக பணம் இல்லை என்றால் அது தானாகவே டாப்-அப் செய்ய முடியுமா?,automatic_top_up,automatic_top_up,True
327,"ஆட்டோ டாப்-அப் செயல்பாடு பற்றி படித்தேன், ஆனால் அதை செயலியில் கண்டுபிடிக்க முடியவில்லை.",automatic_top_up,automatic_top_up,True
328,நான் பயணம் செய்யும் போது குறிப்பிட்ட நேர இடைவெளியில் பணத்தைச் சேர்க்க முடியுமா?,automatic_top_up,automatic_top_up,True
329,"நான் சிறிது காலம் வெளியில் செல்லவிருக்கிறேன், குறிப்பிட்ட இடைவெளியில் தானாகவே பணத்தைச் சேர்க்க முடியுமா?",automatic_top_up,automatic_top_up,True
330,"""auto-top"" வசதியை நான் எங்கே காணலாம்?",automatic_top_up,automatic_top_up,True
331,"நான் இப்போதுதான் auto top-up ஐச் செயற்படுத்தினேன், ஆனால் அதை இயக்க அது அனுமதிக்கவில்லை. ஏன் அப்படி?",automatic_top_up,automatic_top_up,True
332,auto top-up தெரிவு ஏதும் இருக்கிறதா?,automatic_top_up,automatic_top_up,True
333,"""theft-top"" தெரிவு எங்கே இருக்கிறது?",automatic_top_up,automatic_top_up,True
334,auto top-up இற்கு ஏதேனும் எல்லைகள் இருக்கின்றனவா?,automatic_top_up,automatic_top_up,True
335,auto top up செய்வதற்கு எனக்கு உதவ முடியுமா?,automatic_top_up,automatic_top_up,True
336,auto top-up இற்கு உங்களிடம் ஏதேனும் எல்லை இருக்கிறதா?,automatic_top_up,automatic_top_up,True
337,auto top-up இற்கு ஏன் எல்லைகள் விதிக்கப்பட்டுள்ளன?,automatic_top_up,automatic_top_up,True
338,நான் எவ்வாறு தானியங்கி முறையில் top up செய்வது?,automatic_top_up,automatic_top_up,True
339,நான் பயணம் செய்யும்போது எனது அட்டையில் பணம் தீர்ந்துபோகாமல் இருப்பதை எவ்வாறு உறுதிப்படுத்துவது?,automatic_top_up,automatic_top_up,True
340,automatic top-up இற்கான எல்லை என்ன?,automatic_top_up,automatic_top_up,True
341,"நான் பயணம் செய்யும்போது, குறிப்பிட்ட நாட்களில் எனது அட்டையை auto top-up செய்ய ஏதேனும் வழி இருக்கிறதா?",automatic_top_up,automatic_top_up,True
342,auto top-up தெரிவு எங்கே இருக்கிறது?,automatic_top_up,automatic_top_up,True
343,எனது கணக்கில் பணம் குறையும் போது auto top-up செய்ய முடியுமா?,automatic_top_up,automatic_top_up,True
344,உங்களிடம் auto top-up தெரிவு இருக்கிறதா?,automatic_top_up,automatic_top_up,True
345,எனது பயணங்களின் போது எவ்வளவு இடைவெளியில் பணம் மாற்றப்பட வேண்டும் என்பதை நான் தீர்மானிக்க முடியுமா?,automatic_top_up,automatic_top_up,True
346,போதிய பணம் இல்லாதபோது அது தானாகவே பணத்தை top-up செய்யுமா?,automatic_top_up,automatic_top_up,True
347,குறிப்பிட்ட கால இடைவெளிகளில் தானாகவே பணத்தைச் சேர்க்கும்படி செய்ய முடியுமா?,automatic_top_up,automatic_top_up,True
348,பயணத்திற்காக automatic top-up ஒன்றை நான் அமைக்க முடியுமா?,automatic_top_up,automatic_top_up,True
349,"உங்கள் இணையதளத்தில் auto-top up தெரிவைத் தேடிப் பார்த்தேன், ஆனால் என்னால் அதைக் கண்டுபிடிக்க முடியவில்லை. எனக்கு உதவ முடியுமா?",automatic_top_up,automatic_top_up,True
350,எனது பணத்தை நான் எவ்வாறு தானாகவே top up செய்வது?,automatic_top_up,automatic_top_up,True
351,எனது கணக்கு இருப்பு ஒரு குறிப்பிட்ட அளவை எட்டியதும் top-up செய்யப்பட முடியுமா?,automatic_top_up,automatic_top_up,True
352,அதிக பணம் மீதம் இல்லாதபோது அது தானாகவே top-up செய்யுமா?,automatic_top_up,automatic_top_up,True
353,Auto top-up செய்ய ஏதேனும் வழி இருக்கிறதா?,automatic_top_up,automatic_top_up,True
354,auto-top தெரிவை நான் எங்கே காணலாம் என்று விளக்க முடியுமா?,automatic_top_up,automatic_top_up,True
355,"auto top up தொழிற்பாடு என்றால் என்ன, அதை நான் எங்கே காணலாம்?",automatic_top_up,automatic_top_up,True
356,தானாகவே top-up செய்ய ஏதேனும் வழி இருக்கிறதா?,automatic_top_up,automatic_top_up,True
357,அதிக பணம் மீதம் இல்லாதபோது பயன்படுத்தக்கூடிய top-up வசதி ஏதும் இருக்கிறதா?,automatic_top_up,automatic_top_up,True
358,Auto Top இற்கான அதிகபட்ச எல்லை என்ன?,automatic_top_up,automatic_top_up,True
359,auto-top up ஐ நான் எவ்வாறு இயக்குவது?,automatic_top_up,automatic_top_up,True
360,"நான் என் கார்டை பல முறை முயற்சி செய்து பார்த்தேன், ஆனால் அது ஒருபோதும் வேலை செய்யவில்லை.",card_not_working,card_not_working,True
361,என்னால் என் கார்டை வேலை செய்ய வைக்க முடியவில்லை.,card_not_working,card_not_working,True
362,"என் கார்டு பழுதடைந்தது போல் தெரிகிறது, அதை நான் எப்படி சரி செய்வது?",card_not_working,card_not_working,True
363,என் கார்டு ஏன் வேலை செய்யவில்லை என்பதை நான் எப்படி தெரிந்து கொள்வது?,card_not_working,card_not_working,True
364,என் கார்டு உடைந்துவிட்டது.,card_not_working,card_not_working,True
365,என் கார்டு வேலை செய்யாது.,card_not_working,card_not_working,True
366,என் கார்டு ஏன் வேலை செய்யவில்லை?,card_not_working,card_not_working,True
367,தயவுசெய்து என் வங்கி கார்டில் உள்ள சிக்கலைக் கண்டறிய முடியுமா?,card_not_working,direct_debit_payment_not_recognised,False
368,செயலியைப் பயன்படுத்தி என் கார்டை எவ்வாறு அன்ப்ளாக் செய்வது?,card_not_working,topping_up_by_card,False
369,என் கார்டு வேலை செய்யவில்லை,card_not_working,card_not_working,True
370,என் நிஜமான கார்டை எவ்வாறு வேலை செய்ய வைப்பது?,card_not_working,card_not_working,True
371,என் கார்டு ஏன் வேலை செய்யவில்லை என்று விளக்கி யாராவது எனக்கு உதவ முடியுமா?,card_not_working,passcode_forgotten,False
372,எனக்கு உதவுங்கள். என் கார்டு வேலை செய்யவில்லை.,card_not_working,unable_to_verify_identity,False
373,ஒரு கார்டு வேலை செய்வதை நிறுத்த முடியுமா?,card_not_working,card_not_working,True
374,என் கார்டு பழுதடைந்துள்ளது என்று நினைக்கிறேன்,card_not_working,card_not_working,True
375,என் கார்டு ஏன் வேலை செய்யவில்லை?,card_not_working,card_not_working,True
376,என் கார்டு இனி வேலை செய்யாது.,card_not_working,card_not_working,True
377,"இன்று சாப்பிடும் போது என் கார்டு நிராகரிக்கப்பட்டது, என்ன தவறு என்று நான் தெரிந்து கொள்ள வேண்டும்.",card_not_working,declined_transfer,False
378,என் கார்டு வேலை செய்யவில்லை.,card_not_working,card_not_working,True
379,என் கார்டு முற்றிலும் வேலை செய்யாத சிக்கலை நான் எவ்வாறு தீர்ப்பது?,card_not_working,card_not_working,True
380,என் உண்மையான கார்டு வேலை செய்யவில்லை.,card_not_working,card_not_working,True
381,என் கார்டு பழுதடைந்துவிட்டதா?,card_not_working,card_not_working,True
382,நான் என் கார்டை உடைத்துவிட்டேன்,card_not_working,card_not_working,True
383,என் கார்டு வேலை செய்வதை நிறுத்திவிட்டது,card_not_working,card_not_working,True
384,"என் கார்டு பழுதடைந்துள்ளது, நான் என்ன செய்வது?",card_not_working,card_not_working,True
385,"இன்று என் கார்டைப் பயன்படுத்த முயன்றேன், அது வேலை செய்யவில்லை, எனக்கு உதவ முடியுமா?",card_not_working,card_not_working,True
386,நான் பயன்படுத்தும் போது என் கார்டு வேலை செய்வதை நிறுத்திவிட்டது,card_not_working,card_not_working,True
387,என்னால் என் கார்டைப் பயன்படுத்த முடியாது.,card_not_working,card_not_working,True
388,என் கார்டுக்கு உதவி தேவை. அது வேலை செய்யவில்லை.,card_not_working,card_not_working,True
389,என்னால் என் கார்டைப் பயன்படுத்த முடியாது.,card_not_working,card_not_working,True
390,என்னிடம் உள்ள அட்டை பழுதடைந்துள்ளது போல் தெரிகிறது.,card_not_working,card_not_working,True
391,எனது அட்டை வேலை செய்யவில்லை.,card_not_working,card_not_working,True
392,எனது அட்டை திடீரென வேலை செய்வதை நிறுத்திவிட்டது.,card_not_working,card_not_working,True
393,"நான் எனது அட்டையை பலமுறை பயன்படுத்த முயன்றேன், ஆனால் அது வேலை செய்யவில்லை.",card_not_working,card_not_working,True
394,என்னிடம் உள்ள அட்டை வேலை செய்யவில்லை.,card_not_working,card_not_working,True
395,எனது அட்டை எந்தவொரு பரிவர்த்தனையையும் ஏற்பதில்லை. என்ன பிரச்சினை??,card_not_working,card_not_working,True
396,எனது அட்டை வேலை செய்கிறதா என்று நான் எவ்வாறு சரிபார்ப்பது?,card_not_working,card_not_working,True
397,எனது அட்டையில் எதுவும் வேலை செய்யவில்லை.,card_not_working,card_not_working,True
398,எனது அட்டை ஏன் வேலை செய்யவில்லை என்பதை நான் எவ்வாறு கண்டறிவது?,card_not_working,card_not_working,True
399,நான் எனது அட்டையை செயலிழக்கச் செய்ததால் அது வேலை செய்யவில்லையா?,card_not_working,card_not_working,True
400,இதன் மூலம் நான் நாணயங்களை மாற்றிக்கொள்ளலாமா?,exchange_via_app,exchange_via_app,True
401,வெவ்வேறு நாணயங்களுக்கு இடையில் நான் எவ்வாறு பரிமாற்றம் செய்வது என்று கூறுங்கள்.,exchange_via_app,exchange_via_app,True
402,நான் ஒரு நாணயத்திலிருந்து மற்றொரு நாணயத்திற்கு மாற்ற முடியுமா?,exchange_via_app,exchange_via_app,True
403,நான் எவ்வாறு எல்.கே.ஆர் (LKR) ஐ யு.எஸ்.டி (USD) ஆக மாற்றுவது?,exchange_via_app,card_payment_wrong_exchange_rate,False
404,இந்தச் செயலி நாணயங்களை மாற்றித் தருமா?,exchange_via_app,exchange_via_app,True
405,இந்தச் செயலியைப் பயன்படுத்தி நான் எவ்வாறு நாணயங்களை மாற்றுவது?,exchange_via_app,exchange_via_app,True
406,நாணயங்கள் எவ்வாறு பரிமாறப்படுகின்றன?,exchange_via_app,fiat_currency_support,False
407,இந்தச் செயலி மூலம் நான் நாணயங்களை மாற்றிக்கொள்ள முடியுமா?,exchange_via_app,exchange_via_app,True
408,ஒரு நாணயத்திலிருந்து மற்றொரு நாணயத்திற்கு நான் எவ்வாறு பரிமாற்றம் செய்வது?,exchange_via_app,exchange_via_app,True
409,யு.எஸ்.டி (USD) மற்றும் எல்.கே.ஆர் (LKR) ஆகியவற்றுக்கு இடையே நான் எவ்வாறு மாற்றுவது?,exchange_via_app,card_payment_wrong_exchange_rate,False
410,என்னென்ன நாணயங்களை மாற்றிக்கொள்ள முடியும்?,exchange_via_app,exchange_via_app,True
411,உங்கள் செயலியைப் பயன்படுத்தி யு.எஸ்.டி (USD) மற்றும் எல்.கே.ஆர் (LKR) இடையே நாணயங்களை மாற்றுவதற்கான சிறந்த வழி எது?,exchange_via_app,card_payment_wrong_exchange_rate,False
412,"நான் எல்.கே.ஆர் (LKR) இலிருந்து யு.எஸ்.டி (USD) க்கு மாற்ற விரும்பினால், அதற்கான நடைமுறை என்ன?",exchange_via_app,card_payment_wrong_exchange_rate,False
413,நான் கொஞ்சம் பணத்தை மாற்றிக்கொள்ள முடியுமா?,exchange_via_app,exchange_via_app,True
414,மற்றொரு நாணயத்திற்கு மாற்ற முடியுமா?,exchange_via_app,exchange_via_app,True
415,எனது எல்.கே.ஆர் (LKR) ஐ யு.எஸ்.டி (USD) ஆக நான் எவ்வாறு மாற்றுவது?,exchange_via_app,card_payment_wrong_exchange_rate,False
416,வேறு ஒரு நாட்டில் எனது பணத்தை நான் எவ்வாறு பயன்படுத்துவது?,exchange_via_app,exchange_via_app,True
417,"எனக்கு வெளிநாட்டு நாணயங்கள் கிடைத்தால், அவற்றை இந்தச் செயலியில் மாற்ற முடியுமா?",exchange_via_app,exchange_via_app,True
418,நான் மற்றொரு நாணயத்திற்கு மாற்ற முடியுமா?,exchange_via_app,exchange_via_app,True
419,"எனக்கு யு.எஸ்.டி (USD) தான் தேவை, எல்.கே.ஆர் (LKR) அல்ல, அதை நான் எவ்வாறு மாற்றுவது?",exchange_via_app,card_payment_wrong_exchange_rate,False
420,நாணயமாற்று செய்வதற்கு மிகச் சிறந்த வழி எது?,exchange_via_app,exchange_charge,False
421,எனக்கு USD க்குப் பதிலாக LKR தேவைப்பட்டால் நான் என்ன செய்ய வேண்டும்?,exchange_via_app,exchange_via_app,True
422,இந்த செயலியில் நாணயமாற்று செய்ய முடியுமா என்று நான் யோசித்துக் கொண்டிருந்தேன்.,exchange_via_app,exchange_via_app,True
423,"எனக்கு LKR க்குப் பதிலாக USD தேவைப்படலாம், அதை எப்படி மாற்றுவது?",exchange_via_app,exchange_via_app,True
424,நாணயமாற்று செயல்முறையை நான் எவ்வாறு மேற்கொள்வது?,exchange_via_app,exchange_via_app,True
425,நாணயத்தை மாற்றவும்,exchange_via_app,exchange_via_app,True
426,என்னால் நாணயங்களை மாற்ற முடியுமா?,exchange_via_app,exchange_via_app,True
427,LKR ஐ மாற்றுவதற்கு நான் எங்கே செல்ல வேண்டும்?,exchange_via_app,exchange_via_app,True
428,நான் எந்தெந்த நாணயங்களுக்கு மாற்றிக் கொள்ள முடியும்?,exchange_via_app,fiat_currency_support,False
429,இந்த செயலி எந்தெந்த நாணயங்களை மாற்றும்?,exchange_via_app,fiat_currency_support,False
430,நாணயங்களை மாற்றுவதற்கு இந்த செயலி எனக்கு உதவுமா?,exchange_via_app,exchange_via_app,True
431,நான் சில நாணயங்களை மாற்ற விரும்புகிறேன்.,exchange_via_app,exchange_via_app,True
432,இந்த செயலியில் LKR மற்றும் USD க்கு இடையில் நாணயமாற்று செய்ய முடியுமா?,exchange_via_app,exchange_via_app,True
433,இந்த செயலியில் நாணயமாற்று வசதி உள்ளதா?,exchange_via_app,exchange_via_app,True
434,எனது நாணயத்தை USD இலிருந்து EUR ஆக மாற்ற முடியுமா?,exchange_via_app,exchange_via_app,True
435,"எனக்கு LKR வேண்டாம் USD தான் வேண்டும் என்று நினைக்கிறேன், உதவ முடியுமா?",exchange_via_app,exchange_via_app,True
436,நான் எவ்வாறு நாணயமாற்று செய்வது?,exchange_via_app,exchange_via_app,True
437,USD ஐ யூரோவாக மாற்ற இந்த செயலியைப் பயன்படுத்தலாமா?,exchange_via_app,exchange_via_app,True
438,எனது கணக்கைப் பயன்படுத்தி நாணயங்களை மாற்ற முடியுமா?,exchange_via_app,exchange_via_app,True
439,நான் நாணயங்களை மாற்ற விரும்புகிறேன்,exchange_via_app,exchange_via_app,True
440,இன்று எனது லாக்கரிலிருந்து எனது பணப்பை உட்பட எனது முழு உடற்பயிற்சி பையும் திருடப்பட்டுவிட்டது. எனது பணப்பையில் இருந்த அனைத்தும் போய்விட்டன - கார்டைப் பயன்படுத்த முடியாதவாறு அதை எவ்வாறு முடக்குவது?,lost_or_stolen_card,lost_or_stolen_card,True
441,"எனது கார்டைக் கண்டுபிடிக்க முடியவில்லை, அது திருடப்பட்டிருக்கலாம் என்று நினைக்கிறேன்.",lost_or_stolen_card,lost_or_stolen_card,True
442,"யாரோ எனது கார்டைத் திருடிவிட்டார்கள். அது திருடப்பட்டுவிட்டது என்று நான் முறைப்பாடு செய்ய வேண்டும். நான் ஏற்கனவே பொலிஸில் முறைப்பாடு செய்துவிட்டேன், ஆனால் உங்களிடம் அதை எவ்வாறு முறைப்பாடு செய்வது?",lost_or_stolen_card,lost_or_stolen_card,True
443,"எனது கார்டைக் கண்டுபிடிக்க முடியவில்லை, அது தொலைந்துவிட்டது.",lost_or_stolen_card,lost_or_stolen_card,True
444,எனது கார்டு தொலைந்துவிட்டது! நான் என்ன செய்வது?,lost_or_stolen_card,lost_or_stolen_card,True
445,நான் எனது கார்டைத் தொலைத்துவிட்டேன்,lost_or_stolen_card,lost_or_stolen_card,True
446,ஐயோ! நான் எனது கார்டைத் தொலைத்துவிட்டேன்! உதவுங்கள்!,lost_or_stolen_card,lost_or_stolen_card,True
447,"எனது கார்டு திருடப்பட்டிருக்கலாம் என்று நான் நம்புகிறேன், இந்த சூழ்நிலையில் நான் என்ன செய்ய வேண்டும்? இது அவசரமானது.",lost_or_stolen_card,cash_withdrawal_not_recognised,False
448,உதவுங்கள்! யாரோ எனது கார்டைத் திருடிவிட்டார்கள்!,lost_or_stolen_card,lost_or_stolen_card,True
449,உதவுங்கள். எனது கார்டு திருடப்பட்டுவிட்டது!,lost_or_stolen_card,lost_or_stolen_card,True
450,"கார்ட் தொலைந்துவிட்டது, தயவுசெய்து உதவுங்கள்.",lost_or_stolen_card,lost_or_stolen_card,True
451,எனது கார்ட் திருடப்பட்டுவிட்டதாக நான் எவ்வாறு புகார் அளிப்பது?,lost_or_stolen_card,lost_or_stolen_card,True
452,"எனது கார்ட்டைக் காணவில்லை, அது திருடப்பட்டிருக்கலாம் என்று நினைக்கிறேன்.",lost_or_stolen_card,lost_or_stolen_card,True
453,புகார் செயல்முறையை நிறைவு செய்ய பொலிஸ் அறிக்கையின் பிரதி தேவையா?,lost_or_stolen_card,request_refund,False
454,"எனது கிரெடிட் கார்டுகளுடன் கூடிய பணப்பையை இன்று நான் தொலைத்துவிட்டேன். தயவுசெய்து கார்ட்டை முடக்கிவிட்டு, புதிய கார்ட் ஒன்றை அனுப்பி வைக்க முடியுமா?",lost_or_stolen_card,lost_or_stolen_card,True
455,திருடப்பட்ட கார்ட் தொடர்பாக நான் என்ன செய்ய வேண்டும்?,lost_or_stolen_card,lost_or_stolen_card,True
456,"எனது கார்ட் திருடப்பட்டுவிட்டது, அதை முடக்க முடியுமா?",lost_or_stolen_card,lost_or_stolen_card,True
457,உதவி செய்யுங்கள்! எனது கார்ட்டைக் கண்டுபிடிக்க முடியவில்லை.,lost_or_stolen_card,lost_or_stolen_card,True
458,எனது கார்ட் தொலைந்துவிட்டால் நான் என்ன செய்ய வேண்டும்?,lost_or_stolen_card,lost_or_stolen_card,True
459,தொலைந்த கார்ட் தொடர்பாக எனக்கு உதவி தேவை.,lost_or_stolen_card,lost_or_stolen_card,True
460,எனது கார்ட் திருடப்பட்டுவிட்டது என்று நினைக்கிறேன்.,lost_or_stolen_card,lost_or_stolen_card,True
461,"இன்று அதிகாலை யாரோ எனது பணப்பையைத் திருடிவிட்டார்கள், எப்போது என்று சரியாகத் தெரியவில்லை, அநேகமாக பிக்காடிலி சர்க்கஸில் இருக்கலாம். கார்ட்டைப் பயன்படுத்த ஏதேனும் முயற்சிகள் மேற்கொள்ளப்பட்டதா என்று சரிபார்த்து, அதை முடக்க முடியுமா?",lost_or_stolen_card,lost_or_stolen_card,True
462,எனது கார்ட்டை நான் தொலைத்துவிட்டேன் என்று நினைக்கிறேன். அது காணாமல் போய் எவ்வளவு நேரமாகிறது என்று எனக்குத் தெரியவில்லை. யாராவது அதைப் பயன்படுத்துகிறார்களா என்று பார்க்க முடியுமா?,lost_or_stolen_card,compromised_card,False
463,திருடப்பட்ட கார்ட்டை நான் எவ்வாறு முடக்குவது?,lost_or_stolen_card,lost_or_stolen_card,True
464,எனது கார்ட் காணாமல் போனால் நான் என்ன செய்ய வேண்டும்?,lost_or_stolen_card,card_not_working,False
465,"எனது பைகள் திருடப்பட்டுவிட்டன. எனக்கு ஒரு புதிய கார்ட் தேவை, ஆனால் திருடப்பட்ட கார்ட்டை ரத்து செய்ய வேண்டும்.",lost_or_stolen_card,lost_or_stolen_card,True
466,எப்படியோ எனது கார்ட்டைக் காணவில்லை. நான் என்ன செய்ய வேண்டும்?,lost_or_stolen_card,lost_or_stolen_card,True
467,எனது கார்ட் என்னிடமிருந்து பறிக்கப்பட்டுவிட்டது.,lost_or_stolen_card,lost_or_stolen_card,True
468,எனது கார்ட் தொலைந்துவிட்டது.,lost_or_stolen_card,lost_or_stolen_card,True
469,ஏதோ ஒரு முட்டாள் எனது கார்ட்டைத் திருடிவிட்டான்.,lost_or_stolen_card,lost_or_stolen_card,True
470,எனது கார்ட் தொலைந்துவிட்டது அல்லது திருடப்பட்டுவிட்டது என்று நான் எவ்வாறு புகார் செய்வது?,lost_or_stolen_card,lost_or_stolen_card,True
471,எனது கார்ட் தொலைந்துவிட்டது! நான் இப்போது என்ன செய்வது?,lost_or_stolen_card,lost_or_stolen_card,True
472,"நான் ஸ்பெயினில் இருக்கிறேன், எனது பொருட்கள் திருடப்பட்டுவிட்டன. எனது கார்ட்டும் அதனுடன் இருந்தது, எனக்கு ஒரு புதிய கார்ட் அனுப்பி வைக்கப்பட வேண்டும் மற்றும் பழையதை முடக்க வேண்டும்.",lost_or_stolen_card,lost_or_stolen_card,True
473,எனது கிரெடிட் கார்ட் திருடப்பட்டுவிட்டது என்று நான் நம்புகிறேன்.,lost_or_stolen_card,lost_or_stolen_card,True
474,திருடப்பட்ட கார்ட் குறித்து நான் எவ்வாறு புகார் செய்வது?,lost_or_stolen_card,lost_or_stolen_card,True
475,"யாரோ எனது கார்ட்டைத் திருடிவிட்டார்கள், தயவுசெய்து எனக்கு உதவி தேவை.",lost_or_stolen_card,lost_or_stolen_card,True
476,எனது கிரெடிட் கார்ட்டைக் கண்டுபிடிக்க முடியவில்லை.,lost_or_stolen_card,lost_or_stolen_card,True
477,எனது கார்ட் இருக்கும் இடத்தை உங்களால் கண்டுபிடிக்க முடியுமா?,lost_or_stolen_card,lost_or_stolen_card,True
478,எனது கார்ட் திருடப்பட்டுவிட்டது!,lost_or_stolen_card,lost_or_stolen_card,True
479,தயவுசெய்து எனக்கு உதவுங்கள்! எனது கார்ட் திருடப்பட்டுவிட்டது!,lost_or_stolen_card,lost_or_stolen_card,True
480,எனக்கு என்று ஒரு கணக்கைத் திறப்பதற்கு எனக்கு எத்தனை வயதாக இருக்க வேண்டும்?,age_limit,age_limit,True
481,எனது சொந்தக் கணக்கைத் திறப்பதற்கு எனக்குக் குறைந்தபட்சம் என்ன வயதாக இருக்க வேண்டும்?,age_limit,age_limit,True
482,எனக்கு எத்தனை வயதாக இருக்க வேண்டும்?,age_limit,age_limit,True
483,ஒரு குழந்தைக்கு என்னால் கணக்கொன்றைத் திறக்க முடியுமா?,age_limit,age_limit,True
484,எங்களுக்கு எத்தனை வயதாக இருக்க வேண்டும்?,age_limit,age_limit,True
485,எனது மகளுக்கு ஒரு கணக்கைத் தொடங்குவது எப்படி?,age_limit,age_limit,True
486,குறைந்தபட்ச வயது வரம்பு ஏதும் உள்ளதா?,age_limit,age_limit,True
487,ஒரு கணக்கை வைத்திருப்பதற்கான மிகக் குறைந்த வயது என்ன?,age_limit,age_limit,True
488,எனக்கு என்ன வயதாக இருக்க வேண்டும்?,age_limit,age_limit,True
489,எனது மகளால் ஒரு கணக்கைத் திறக்க முடியுமா?,age_limit,age_limit,True
490,கணக்கொன்றைத் திறப்பதற்கான குறைந்தபட்ச வயது என்ன?,age_limit,age_limit,True
491,குறைந்தபட்ச வயது என்ன?,age_limit,age_limit,True
492,எனக்கு 17 வயது தான் ஆகிறது. என்னால் ஒரு கணக்கைத் திறக்க முடியுமா?,age_limit,age_limit,True
493,எனது பிள்ளைகளுக்கு என்னால் ஒரு கணக்கைத் திறக்க முடியுமா?,age_limit,age_limit,True
494,கணக்கொன்றைத் திறப்பதற்கான வயது என்ன?,age_limit,age_limit,True
495,எனது குழந்தைக்கு நான் எவ்வாறு கணக்கொன்றைத் திறப்பது?,age_limit,age_limit,True
496,எனது பிறந்த குழந்தைக்கு என்னால் ஒரு வங்கிக் கணக்கைத் திறக்க முடியுமா?,age_limit,age_limit,True
497,கணக்கொன்றைத் திறப்பதற்கு எனக்கு எத்தனை வயதாக இருக்க வேண்டும்?,age_limit,age_limit,True
498,பிள்ளைகள் பணம் சேமிக்கும் அனுபவத்தைப் பெறுவதற்கான சேவைகளை நீங்கள் வழங்குகிறீர்களா?,age_limit,age_limit,True
499,"எனது பிள்ளைகள் உங்கள் சேவையைப் பயன்படுத்த விரும்பினால், அவர்களுக்கு எத்தனை வயதாக இருக்க வேண்டும்?",age_limit,age_limit,True
500,எனது 19 வயது மகளால் வங்கியில் ஒரு சேமிப்புக் கணக்கைத் திறக்க முடியுமா?,age_limit,age_limit,True
501,ஒரு கணக்கைப் பெறுவதற்கு எத்தனை வயதாக இருக்க வேண்டும்?,age_limit,age_limit,True
502,கணக்கொன்றைத் திறப்பதற்கான குறைந்தபட்ச வயது என்ன?,age_limit,age_limit,True
503,"எனது பிள்ளைகளுக்கு ஒரு கணக்குத் தேவைப்படுகிறது, அதை நான் எவ்வாறு செய்வது?",age_limit,age_limit,True
504,எனது பிள்ளைகளுக்குச் சொந்தமாகக் கணக்கு இருக்க முடியுமா?,age_limit,age_limit,True
505,எனது பிள்ளைகளுக்கு ஒரு கணக்கைத் திறக்க முடியுமா?,age_limit,age_limit,True
506,இந்தச் சேவையைப் பயன்படுத்த எனது பிள்ளைகளுக்குக் குறிப்பிட்ட வயது இருக்க வேண்டுமா?,age_limit,age_limit,True
507,கணக்கொன்றைத் திறக்கக் கூடியதாக இருப்பதற்கு எத்தனை வயதாக இருக்க வேண்டும்?,age_limit,age_limit,True
508,வயது எல்லை ஏதும் உள்ளதா?,age_limit,age_limit,True
509,கணக்கொன்றைத் திறப்பதற்கான வயதுத் தேவைகள் என்ன?,age_limit,age_limit,True
510,எனது மகளுக்கு ஒரு கணக்கைத் திறக்க முடியுமா?,age_limit,age_limit,True
511,கணக்கொன்றைத் திறப்பதற்கு எனக்கு எத்தனை வயது இருக்க வேண்டும்?,age_limit,age_limit,True
512,சேவைகளுக்குப் பதிவு செய்ய என்ன வயது இருக்க வேண்டும்?,age_limit,age_limit,True
513,உங்கள் சேவையைப் பயன்படுத்த எனது பிள்ளைகளுக்கு எத்தனை வயது இருக்க வேண்டும்?,age_limit,age_limit,True
514,உங்கள் சேவையைப் பயன்படுத்த எனது பிள்ளைகளுக்கு என்ன வயது இருக்க வேண்டும்?,age_limit,age_limit,True
515,கணக்கொன்றைத் திறப்பதற்கு எனது பிள்ளைகளுக்கு எத்தனை வயது இருக்க வேண்டும்?,age_limit,age_limit,True
516,கணக்கொன்றைத் திறப்பதற்கு எனது பிள்ளைகளுக்கு எத்தனை வயது இருக்க வேண்டும்?,age_limit,age_limit,True
517,கணக்கொன்றைத் திறப்பதற்கு ஆகக்குறைந்தது என்ன வயது இருக்க வேண்டும்?,age_limit,age_limit,True
518,கணக்கொன்றைத் திறக்கக்கூடிய மிகக் குறைந்த வயது என்ன?,age_limit,age_limit,True
519,வங்கியில் கணக்கொன்றை வைத்திருப்பதற்கு ஒருவருக்கு எத்தனை வயது இருக்க வேண்டும்?,age_limit,age_limit,True
520,எனது PIN இலக்கத்தின் முடக்கத்தை நான் எவ்வாறு நீக்குவது?,pin_blocked,pin_blocked,True
521,எனது PIN இலக்கத்தை நான் எங்கே பார்க்க முடியும்?,pin_blocked,get_physical_card,False
522,எனது PIN இலக்கத்தை மீண்டும் இயங்கச் செய்வீர்களா?,pin_blocked,pin_blocked,True
523,நான் தவறுதலாக எனது PIN இலக்கத்தை முடக்கிவிட்டேன். அதை எவ்வாறு மீளமைப்பது?,pin_blocked,pin_blocked,True
524,பல முறை பிழையாக உள்ளிட்டதால் முடக்கபட்ட எனது PIN இலக்கத்தை எவ்வாறு விடுவிப்பது?,pin_blocked,pin_blocked,True
525,நான் பல முறை பிழையான PIN ஐப் பயன்படுத்தியதால் இப்போது கணக்கு முடக்கப்பட்டுள்ளது. அதை எவ்வாறு விடுவிப்பது?,pin_blocked,pin_blocked,True
526,"மதுபோதையில் எனது அட்டையை முடக்கிவிட்டேன், எனக்கு உதவி தேவை?",pin_blocked,pin_blocked,True
527,"எனது அட்டையைப் பயன்படுத்த முடியாமல் உள்ளது, எனது PIN இலக்கத்தை எவ்வாறு மீளமைப்பது?",pin_blocked,pin_blocked,True
528,"நான் பல முறை பிழையான PIN ஐ உள்ளிட்டதால் முடக்கப்பட்டுவிட்டேன், எனது PIN இன் முடக்கத்தை நீக்க உதவ முடியுமா?",pin_blocked,pin_blocked,True
529,"எனது PIN முடக்கப்பட்டுள்ளது, அதை மீண்டும் பயன்படுத்தக்கூடியதாக எவ்வாறு மாற்றுவது?",pin_blocked,pin_blocked,True
530,"எனது PIN முடக்கப்படுவதற்கு முன்னர், அதை உள்ளிடுவதற்கு எனக்கு எத்தனை வாய்ப்புகள் உள்ளன?",pin_blocked,pin_blocked,True
531,எனது PIN ஐப் பல முறை உள்ளிட முயற்சி செய்திருந்தால் நான் என்ன செய்ய வேண்டும்?,pin_blocked,pin_blocked,True
532,எனது PIN ஐ முயற்சிப்பதற்கான வரம்பை நான் தாண்டிவிட்டேன்,pin_blocked,pin_blocked,True
533,எனது கணக்கிற்காக முடக்கப்பட்ட PIN இலக்கத்தின் முடக்கத்தை நான் எவ்வாறு நீக்குவது?,pin_blocked,pin_blocked,True
534,வங்கியின் ஏடிஎம் இயந்திரம் எனது PIN முயற்சிகளை இனிமேல் ஏற்காவிட்டால் நான் என்ன செய்வது?,pin_blocked,pin_blocked,True
535,எனது PIN இன் முடக்கத்தை நீக்க முடியுமா? நான் பல முறை பிழையான PIN ஐ உள்ளிட்டேன் என நினைக்கிறேன்.,pin_blocked,pin_blocked,True
536,முடக்கப்பட்ட PIN இலக்கத்தை நான் எவ்வாறு கையாள்வது?,pin_blocked,pin_blocked,True
537,"நான் போதையில் இருந்தபோது எனது அட்டையைப் பயன்படுத்த முயன்றேன், எனது PIN ஐச் சரியாக உள்ளிடத் தவறியதால் இயந்திரம் எனது அட்டையை வைத்துக் கொண்டது. அதை நான் எவ்வளவு சீக்கிரம் திரும்பப் பெற முடியும்?",pin_blocked,pin_blocked,True
538,செயலி மூலமாக எனது அட்டையின் முடக்கத்தை நீக்க முடியுமா?,pin_blocked,pin_blocked,True
539,எனது PIN ஐ முயற்சிப்பதற்கான அனைத்து வாய்ப்புகளையும் நான் பயன்படுத்தி முடித்துவிட்டேன்,pin_blocked,pin_blocked,True
540,பல முறை தவறாக முயற்சித்ததால் எனது பின் (PIN) இலக்கத்தை எவ்வாறு அன்லாக் (unlock) செய்வது?,pin_blocked,pin_blocked,True
541,"உதவி செய்யுங்கள்! எனது பின் (PIN) இலக்கத்தை நான் மறந்துவிட்டேன், எனது கார்டைப் பயன்படுத்த முடியாதவாறு லொக் (lock) செய்யப்பட்டுள்ளது.",pin_blocked,pin_blocked,True
542,"எனது கணக்கு முடக்கப்பட்டுள்ளது (blocked), நான் இப்போது எவ்வாறு லொகின் (log in) செய்வது?",pin_blocked,pin_blocked,True
543,நான் ஏன் முடக்கப்பட்டேன் (blocked)?,pin_blocked,pin_blocked,True
544,எனது பின் (PIN) இலக்கத்தை உங்களால் அன்ப்ளொக் (unblock) செய்ய முடியுமா?,pin_blocked,pin_blocked,True
545,எனது பின் (PIN) இலக்கத்தை அன்ப்ளொக் (unblock) செய்ய எனக்கு உதவ முடியுமா? நான் பல முறை தவறாக உள்ளிட்டுவிட்டேன்.,pin_blocked,pin_blocked,True
546,நான் பல முறை தவறான பின் (PIN) இலக்கத்தை உள்ளிட்டதால் இப்போது முடக்கப்பட்டுள்ளேன். அன்ப்ளொக் (unblock) செய்ய உதவுங்கள்!,pin_blocked,pin_blocked,True
547,"எனது பின் (PIN) முடக்கப்பட்டுள்ளது போல் தெரிகிறது, தயவுசெய்து அதை அன்ப்ளொக் (unblock) செய்ய முடியுமா?",pin_blocked,pin_blocked,True
548,பல முறை தவறான பின் (PIN) முயற்சிகளுக்குப் பிறகு எனது பின்னை அன்ப்ளொக் (unblock) செய்ய முடியுமா?,pin_blocked,pin_blocked,True
549,எனது பின் (PIN) இலக்கத்தை அன்ப்ளொக் (unblock) செய்ய நீங்கள் என்ன செய்ய முடியும்?,pin_blocked,pin_blocked,True
550,"எனது பின் (PIN) முடக்கப்பட்டுள்ளது, நான் என்ன செய்ய வேண்டும்?",pin_blocked,pin_blocked,True
551,எனது பின் (PIN) இலக்கத்தை நான் மீண்டும் செயல்படுத்த (reactivate) முடியுமா?,pin_blocked,change_pin,False
552,எனது பின் (PIN) இலக்கத்தை எவ்வாறு ரீசெட் (reset) செய்வது?,pin_blocked,change_pin,False
553,எனது பின் (PIN) இலக்கத்தை நான் அன்ப்ளொக் (unblock) செய்ய முடியுமா?,pin_blocked,pin_blocked,True
554,எனது பின் (PIN) இலக்கத்தை எவ்வாறு அன்ப்ளொக் (unblock) செய்வது?,pin_blocked,pin_blocked,True
555,"எனது கார்டு முடக்கப்பட்டுள்ளது (frozen), நான் என்ன செய்ய முடியும்?",pin_blocked,card_not_working,False
556,பின் (PIN) இலக்கத்தை எவ்வாறு அன்லாக் (unlock) செய்வது?,pin_blocked,get_physical_card,False
557,"எனது பின் (PIN) முடக்கப்பட்டுள்ளதால், அதை அன்ப்ளொக் (unblock) செய்ய எனக்கு உதவுவீர்களா?",pin_blocked,pin_blocked,True
558,"எனது பின் (PIN) வேலை செய்யவில்லை, எனக்கு உதவி தேவைப்படுகிறது.",pin_blocked,pin_blocked,True
559,எனது பின் (PIN) இலக்கத்தை நான் எங்கே அன்ப்ளொக் (unblock) செய்ய முடியும்?,pin_blocked,get_physical_card,False
560,எனது புதிய கார்டில் காண்டாக்ட்லெஸ் (contactless) கொடுப்பனவுகள் செயல்படுத்தப்பட்டுள்ளதா?,contactless_not_working,contactless_not_working,True
561,எனது காண்டாக்ட்லெஸ் (contactless) வேலை செய்வதை நிறுத்திவிட்டது.,contactless_not_working,contactless_not_working,True
562,புதிய கார்டு நடைமுறைக்குத் தேவையான ஆவணங்கள் யாவை?,contactless_not_working,verify_my_identity,False
563,"என்ன பிரச்சினை என்று தெரியவில்லை, எனது காண்டாக்ட்லெஸ் (contactless) வேலை செய்யவில்லை. இன்று சில வெவ்வேறு இடங்களில் முயற்சித்துப் பார்த்தேன், எங்குமே அது வேலை செய்யவில்லை.",contactless_not_working,contactless_not_working,True
564,எனது கார்டில் காண்டாக்ட்லெஸ் (contactless) வசதியை எவ்வாறு வேலை செய்ய வைப்பது?,contactless_not_working,contactless_not_working,True
565,"இன்று பஸ்ஸில் காண்டாக்ட்லெஸ் (contactless) மூலம் பணம் செலுத்த முயன்றேன், ஆனால் அது வேலை செய்யவில்லை. ஏன் என்று ஏதேனும் தெரியுமா?",contactless_not_working,contactless_not_working,True
566,ஒரு வாரத்திற்கும் மேலாக எனது கார்டு மூலம் காண்டாக்ட்லெஸ் (contactless) முறையில் பணம் செலுத்த முடியாமல் உள்ளது. இந்த பிரச்சினையை சரிசெய்ய ஏதேனும் வழி உள்ளதா?,contactless_not_working,contactless_not_working,True
567,எனது காண்டாக்ட்லெஸ் (contactless) ஏன் வேலை செய்யவில்லை என்று உங்களுக்குத் தெரியுமா?,contactless_not_working,contactless_not_working,True
568,எனது காண்டாக்ட்லெஸ் (contactless) கொடுப்பனவுகள் வெற்றிகரமாக நிறைவடையவில்லை.,contactless_not_working,contactless_not_working,True
569,"இன்று கடையில் காண்டாக்ட்லெஸ் (contactless) முறையில் பணம் செலுத்த முயன்றபோது அது வேலை செய்யவில்லை என்றால், நான் எனது கார்டை மாற்ற வேண்டுமா?",contactless_not_working,contactless_not_working,True
570,ஏதோ ஒரு காரணத்தால் எனது காண்டாக்ட்லெஸ் வேலை செய்யவில்லை. என்ன பிரச்சினை என்று எனக்குத் தெரியவில்லை. நான் என்ன செய்ய வேண்டும்?,contactless_not_working,contactless_not_working,True
571,"இன்று காலை எனது காண்டாக்ட்லெஸ்ஸை என்னால் பயன்படுத்த முடியவில்லை, அது ஏற்றுக்கொள்ளப்படவில்லை.",contactless_not_working,contactless_not_working,True
572,எனக்கு காண்டாக்ட்லெஸ் வேலை செய்யவில்லை.,contactless_not_working,contactless_not_working,True
573,இன்று பஸ்ஸில் பணம் செலுத்த முயன்றபோது காண்டாக்ட்லெஸ் கொடுப்பனவு ஏன் வேலை செய்யவில்லை?,contactless_not_working,contactless_not_working,True
574,காண்டாக்ட்லெஸ் கொடுப்பனவை அனுமதிப்பதற்கான எனது பாதுகாப்பு அமைப்புகளை நான் எவ்வாறு சரிபார்ப்பது?,contactless_not_working,contactless_not_working,True
575,காண்டாக்ட்லெஸ் வேலை செய்யாவிட்டால் நான் என்ன செய்ய வேண்டும்?,contactless_not_working,contactless_not_working,True
576,எனது காண்டாக்ட்லெஸ்ஸை சரிசெய்யுங்கள்.,contactless_not_working,contactless_not_working,True
577,மெட்ரோவுக்கு எனது காண்டாக்ட்லெஸ்ஸை எவ்வாறு வேலை செய்ய வைப்பது?,contactless_not_working,contactless_not_working,True
578,எனது காண்டாக்ட்லெஸ் வேலை செய்யவில்லை.,contactless_not_working,contactless_not_working,True
579,எனது காண்டாக்ட்லெஸ்ஸை சரிசெய்ய எனக்கு உதவ முடியுமா?,contactless_not_working,contactless_not_working,True
580,ஏதோ ஒரு காரணத்தால் எனது காண்டாக்ட்லெஸ் எனக்கு வேலை செய்யவில்லை.,contactless_not_working,contactless_not_working,True
581,கொள்வனவுகளுக்கு என்னால் காண்டாக்ட்லெஸ் கொடுப்பனவுகளைப் பயன்படுத்த முடியவில்லை.,contactless_not_working,contactless_not_working,True
582,"எனது பஸ் பயணத்திற்கு பணம் செலுத்த முயன்றபோது, காண்டாக்ட்லெஸ் கொடுப்பனவு வேலை செய்யவில்லை. எதிர்காலத்தில் இதை நான் எவ்வாறு தவிர்ப்பது?",contactless_not_working,contactless_not_working,True
583,இன்று பஸ்ஸில் NFC கொடுப்பனவு வேலை செய்யவில்லை. உதவ முடியுமா?,contactless_not_working,contactless_not_working,True
584,"எனது கார்டை காண்டாக்ட்லெஸ்ஸாகப் பயன்படுத்த விரும்பினேன், ஆனால் அது வேலை செய்யவில்லை போல் தெரிகிறது, என்ன பிரச்சினையாக இருக்கலாம்?",contactless_not_working,contactless_not_working,True
585,காண்டாக்ட்லெஸ்ஸை எவ்வாறு வேலை செய்ய வைப்பது?,contactless_not_working,contactless_not_working,True
586,புதிய கார்டுக்கான கட்டணம் என்ன?,contactless_not_working,card_payment_fee_charged,False
587,என்னிடம் உள்ள காண்டாக்ட்லெஸ் வேலை செய்யவில்லை.,contactless_not_working,contactless_not_working,True
588,எனது காண்டாக்ட்லெஸ் ஏன் வேலை செய்யவில்லை?,contactless_not_working,contactless_not_working,True
589,"இன்று மெட்ரோவில் எனது காண்டாக்ட்லெஸ்ஸைப் பயன்படுத்த விரும்பினேன், ஆனால் அது ஏற்றுக்கொள்ளவில்லை!",contactless_not_working,contactless_not_working,True
590,இன்று பஸ்ஸில் காண்டாக்ட்லெஸ் மூலம் பணம் செலுத்த முயன்றபோது அது வேலை செய்யவில்லை. ஏன்?,contactless_not_working,contactless_not_working,True
591,என்னால் காண்டாக்ட்லெஸ் செய்ய முடியவில்லை.,contactless_not_working,contactless_not_working,True
592,காண்டாக்ட்லெஸ் கொடுப்பனவுகளை நான் எவ்வாறு பயன்படுத்துவது?,contactless_not_working,contactless_not_working,True
593,வேலை செய்யாத எனது காண்டாக்ட்லெஸ்ஸிற்கு எனக்கு உதவுங்கள்.,contactless_not_working,contactless_not_working,True
594,காண்டாக்ட்லெஸ் வேலை செய்யாத பிரச்சினையை நான் எவ்வாறு சரிசெய்வது?,contactless_not_working,contactless_not_working,True
595,காண்டாக்ட்லெஸ் பேயை நான் எவ்வாறு பயன்படுத்துவது?,contactless_not_working,contactless_not_working,True
596,காண்டாக்ட்லெஸ் பேயை நான் எவ்வாறு செயல்படுத்துவது?,contactless_not_working,contactless_not_working,True
597,காண்டாக்ட்லெஸ் கொடுப்பனவுக்கு முன் நான் ஒரு சாதாரண கொடுப்பனவைச் செய்ய வேண்டுமா?,contactless_not_working,contactless_not_working,True
598,எனது காண்டாக்ட்லெஸ் எங்கு வேலை செய்கிறது என்பதை நான் எவ்வாறு கண்டுபிடிப்பது?,contactless_not_working,contactless_not_working,True
599,நான் கொடுப்பனவு செயலியை மீண்டும் நிறுவ வேண்டுமா?,contactless_not_working,card_linking,False
600,பரிமாற்றங்களை ஏற்றுக்கொள்வதற்கு நீங்கள் எவ்வளவு கட்டணம் வசூலிக்கிறீர்கள்?,top_up_by_bank_transfer_charge,top_up_by_bank_transfer_charge,True
601,நான் ஒரு பரிமாற்றம் செய்ய விரும்புகிறேன். அதற்கு எவ்வளவு செலவாகும்?,top_up_by_bank_transfer_charge,top_up_by_bank_transfer_charge,True
602,"நான் ஒரு பரிமாற்றம் செய்ய வேண்டும், அதற்கான கட்டணம் என்னவாக இருக்கும்?",top_up_by_bank_transfer_charge,top_up_by_bank_transfer_charge,True
603,நான் டாப்-அப் செய்தால் ஏதேனும் கட்டணங்கள் விதிக்கப்படுமா?,top_up_by_bank_transfer_charge,top_up_by_bank_transfer_charge,True
604,என்னால் SWIFT மூலமாகவும் பரிமாற்றம் செய்ய முடியுமா?,top_up_by_bank_transfer_charge,top_up_by_bank_transfer_charge,True
605,SWIFT பரிமாற்றங்கள் ஏற்றுக்கொள்ளப்படுகிறதா?,top_up_by_bank_transfer_charge,top_up_by_bank_transfer_charge,True
606,நான் SWIFT ஐப் பயன்படுத்தி எனது கணக்கை நிரப்ப விரும்புகிறேன்.,top_up_by_bank_transfer_charge,top_up_by_bank_transfer_charge,True
607,பரிமாற்றம் மூலம் டாப்-அப் செய்வதற்கு நான் பணம் செலுத்த வேண்டுமா?,top_up_by_bank_transfer_charge,top_up_by_bank_transfer_charge,True
608,டாப்-அப் பரிமாற்றங்களுக்கு ஏதேனும் கட்டணங்கள் உள்ளதா?,top_up_by_bank_transfer_charge,top_up_by_bank_transfer_charge,True
609,SWIFT இலிருந்து ஒரு பரிமாற்றத்தைப் பெற முடியுமா?,top_up_by_bank_transfer_charge,top_up_by_bank_transfer_charge,True
610,பணத்தைப் பெறுவதற்கு நான் ஏதேனும் கட்டணம் செலுத்த வேண்டுமா?,top_up_by_bank_transfer_charge,top_up_by_bank_transfer_charge,True
611,பணத்தைப் பெறுவதற்கு எனக்கு எவ்வளவு கட்டணம் விதிக்கப்படும்?,top_up_by_bank_transfer_charge,top_up_by_bank_transfer_charge,True
612,நீங்கள் SWIFT பரிமாற்றங்களை மேற்கொள்கிறீர்களா?,top_up_by_bank_transfer_charge,top_up_by_bank_transfer_charge,True
613,பெறப்பட்ட பணத்திற்கு ஏதேனும் கட்டணங்கள் இருக்குமா?,top_up_by_bank_transfer_charge,top_up_by_bank_transfer_charge,True
614,ஒரு பரிமாற்றத்திற்கு கட்டணம் வசூலிக்கப்படுமா?,top_up_by_bank_transfer_charge,top_up_by_bank_transfer_charge,True
615,SEPA பரிமாற்றத்தைப் பெறுவதற்கு கட்டணங்கள் ஏதேனும் உள்ளதா?,top_up_by_bank_transfer_charge,top_up_by_bank_transfer_charge,True
616,எனது கணக்கை டாப்-அப் செய்ய எனது வங்கியிலிருந்து பணத்தை மாற்றினால் எனக்கு கட்டணம் விதிக்கப்படுமா?,top_up_by_bank_transfer_charge,top_up_by_bank_transfer_charge,True
617,யாராவது எனக்கு பணம் அனுப்ப வேண்டுமானால் எனக்கு கட்டணம் விதிக்கப்படுமா?,top_up_by_bank_transfer_charge,top_up_by_bank_transfer_charge,True
618,டாப்-அப்களுக்கான கட்டணங்கள் என்ன?,top_up_by_bank_transfer_charge,top_up_by_card_charge,False
619,பரிமாற்றம் மூலம் டாப்-அப் செய்வது எனது கணக்கில் கட்டணத்தை ஏற்படுத்துமா?,top_up_by_bank_transfer_charge,top_up_by_bank_transfer_charge,True
620,பணத்தைப் பெறுவதற்கான கட்டணங்கள் என்ன?,top_up_by_bank_transfer_charge,top_up_by_bank_transfer_charge,True
621,பணத்தைப் பெறுவதற்கான கட்டணம் எவ்வளவு?,top_up_by_bank_transfer_charge,top_up_by_bank_transfer_charge,True
622,SEPA பரிமாற்றத்திற்கு எனக்கு எவ்வளவு கட்டணம் விதிக்கப்படும்?,top_up_by_bank_transfer_charge,top_up_by_bank_transfer_charge,True
623,SEPA பரிமாற்றத்திற்கான கட்டணம் எவ்வளவு?,top_up_by_bank_transfer_charge,top_up_by_bank_transfer_charge,True
624,SEPA பரிமாற்றத்திற்கு எனக்கு என்ன கட்டணம் விதிக்கப்படும்?,top_up_by_bank_transfer_charge,top_up_by_bank_transfer_charge,True
625,பரிமாற்றம் மூலம் டாப்-அப் செய்வதற்கு கட்டணம் ஏதேனும் உள்ளதா?,top_up_by_bank_transfer_charge,top_up_by_bank_transfer_charge,True
626,நீங்கள் SWIFT பரிமாற்றங்களைச் செய்கிறீர்களா?,top_up_by_bank_transfer_charge,top_up_by_bank_transfer_charge,True
627,பரிமாற்றம் மூலம் டாப்-அப் செய்வதற்கு கட்டணம் வசூலிக்கப்படும் என்று நான் எதிர்பார்க்க வேண்டுமா?,top_up_by_bank_transfer_charge,top_up_by_bank_transfer_charge,True
628,SEPA பரிமாற்றத்திற்கு எனக்கு கட்டணம் விதிக்கப்படுமா?,top_up_by_bank_transfer_charge,top_up_by_bank_transfer_charge,True
629,பரிமாற்றத்திற்கு கட்டணம் ஏதேனும் உள்ளதா? அப்படியாயின் அது எவ்வளவு இருக்கும்?,top_up_by_bank_transfer_charge,top_up_by_bank_transfer_charge,True
630,தயவுசெய்து இந்த வங்கியில் உள்ள SWIFT பரிமாற்றங்கள் பற்றி எனக்குச் சொல்லுங்கள்.,top_up_by_bank_transfer_charge,top_up_by_bank_transfer_charge,True
631,பரிமாற்ற டாப்-அப்பிற்கு ஏதேனும் கட்டணம் உண்டா?,top_up_by_bank_transfer_charge,top_up_by_bank_transfer_charge,True
632,பரிமாற்றக் கொள்கை என்னவென்று எனக்குச் சொல்ல முடியுமா?,top_up_by_bank_transfer_charge,declined_transfer,False
633,SWIFT பரிமாற்றம் பரவாயில்லையா?,top_up_by_bank_transfer_charge,top_up_by_bank_transfer_charge,True
634,நான் ஒரு SEPA பரிமாற்றத்தைப் பெற்றால் எனக்குக் கட்டணம் விதிக்கப்படுமா?,top_up_by_bank_transfer_charge,top_up_by_bank_transfer_charge,True
635,"பரிமாற்றம் மூலம் டாப்-அப் செய்யும்போது, எனக்குக் கட்டணம் விதிக்கப்படுமா?",top_up_by_bank_transfer_charge,top_up_by_bank_transfer_charge,True
636,எனது வங்கியிலிருந்து பணத்தை மாற்றுவதற்கான கட்டணம் என்ன?,top_up_by_bank_transfer_charge,transfer_into_account,False
637,எனக்குப் பணம் வரும்போது கட்டணம் வசூலிக்கப்படுமா?,top_up_by_bank_transfer_charge,top_up_by_bank_transfer_charge,True
638,ஒரு பரிமாற்றத்திற்கான மொத்தச் செலவை எனக்குச் சொல்ல முடியுமா?,top_up_by_bank_transfer_charge,top_up_by_bank_transfer_charge,True
639,நான் SWIFT மூலம் பரிமாற்றம் செய்யலாமா?,top_up_by_bank_transfer_charge,top_up_by_bank_transfer_charge,True
640,"நான் ஒரு புதிய வாடிக்கையாளர், இன்று எரிபொருள் நிரப்புகிறேன், அது வேலை செய்யவில்லை, அரை மணி நேரமாக நிலுவையில் என்று காட்டுகிறது!",pending_top_up,pending_top_up,True
641,"இன்று காலை எனது கார்டு டாப்-அப் செய்யப்பட்டது, ஆனால் என்னால் பணத்தைக் காண முடியவில்லை. அது ஏன் பூர்த்தியாகவில்லை?",pending_top_up,pending_top_up,True
642,எனது டாப்-அப் இன்னும் நிலுவையில் இருப்பதற்கு என்ன காரணம் இருக்கக்கூடும்?,pending_top_up,pending_top_up,True
643,எனது டாப்-அப்பில் தாமதம் ஏற்பட்டுள்ளது.,pending_top_up,pending_top_up,True
644,எனது டாப்-அப் இன்னும் நிறைவேறாமல் இருப்பதற்கு ஏதேனும் காரணம் உண்டா?,pending_top_up,pending_top_up,True
645,டாப்-அப் நிலுவையில் உள்ளது.,pending_top_up,pending_top_up,True
646,எனது டாப்-அப் ஏன் இன்னும் நிறைவேறவில்லை என்று விளக்க முடியுமா?,pending_top_up,top_up_failed,False
647,"நான் ஏற்கனவே டாப்-அப் செய்துவிட்டேன், ஆனால் பணம் கணக்கில் வந்ததாகக் காட்டவில்லை. என்ன நடந்தது?",pending_top_up,top_up_reverted,False
648,"என்ன நடக்கிறது? எனது டாப்-அப் இன்னும் நிலுவையில் உள்ளது. நான் எப்போதும் உங்கள் முறையைப் பயன்படுத்துகிறேன், ஆனால் இப்போது அது நிலுவையில் என்று மட்டுமே காட்டுகிறது.",pending_top_up,pending_top_up,True
649,டாப்-அப் எதுவும் செயல்படுத்தப்பட்டதாக எனக்குத் தெரியவில்லை.,pending_top_up,top_up_reverted,False
650,"நான் டாப்-அப் செய்தேன், ஆனால் அது பூர்த்தியாகவில்லை.",pending_top_up,pending_top_up,True
651,"நான் ஒரு புதிய வாடிக்கையாளர், இன்றுதான் முதல் முறையாக டாப்-அப் செய்ய முயன்றேன். இது ஏற்கனவே அரை மணி நேரமாக நிலுவையில் உள்ளது, வேலை செய்வது போல் தெரியவில்லை. தயவுசெய்து இதைச் சரிசெய்து தர வேண்டும்.",pending_top_up,pending_top_up,True
652,எனது டாப்-அப் நிலுவையில் உள்ளது.,pending_top_up,pending_top_up,True
653,"தயவுசெய்து எனது டாப்-அப் குறித்துப் பார்க்க முடியுமா? நான் அதை மூன்று மணி நேரத்திற்கு முன்பே செய்தேன், ஆனால் இன்னும் அது நிலுவையில் உள்ளது.",pending_top_up,pending_top_up,True
654,"தயவுசெய்து எனது டாப்-அப்பை கூடிய விரைவில் நிறைவேற்ற முடியுமா? எனக்குப் பணம் அவசரமாகத் தேவைப்படுகிறது, அது ஏற்கனவே ஒரு மணி நேரமாக நிலுவையில் உள்ளது.",pending_top_up,pending_top_up,True
655,"டாப்-அப்பில் என்ன நடக்கிறது? அது நிலுவையில், நிலுவையில், நிலுவையில் என்றே காட்டுகிறது! நான் வாரத்திற்குப் பல முறை உங்கள் சேவையைப் பயன்படுத்துகிறேன், இதற்கு முன்பு எனக்கு எந்தப் பிரச்சினையும் ஏற்பட்டதில்லை! இங்கே என்ன நடக்கிறது?",pending_top_up,pending_top_up,True
656,எனது டாப்-அப் ஏன் இன்னும் நிறைவேறவில்லை?,pending_top_up,pending_top_up,True
657,டாப்-அப் செயல்முறை மெதுவாக உள்ளது.,pending_top_up,pending_top_up,True
658,"உங்கள் இணையதளத்தில் ஏதேனும் பிரச்சினை உள்ளதா? நான் எனது கணக்கை டாப்-அப் செய்ய முயன்றேன், இப்போது கிட்டத்தட்ட இரண்டு மணி நேரமாகிவிட்டது, ஏனோ இன்னும் ""நிலுவையில்"" என்றே உள்ளது. நான் இப்போதுதான் உங்களுடன் இணைந்தேன், இது எனது முதல் முயற்சி, ஒருவேளை நான் தவறாக இருக்கலாம், ஆனால் இது உடனடியாக நடக்க வேண்டாமா?",pending_top_up,pending_top_up,True
659,"நான் சிறிது நேரத்திற்கு முன்பு கார்டு மூலம் டாப்-அப் செய்தேன், அது இன்னும் நிலுவையில் உள்ளது, நிச்சயமாக இந்நேரம் முடிந்திருக்க வேண்டுமல்லவா?",pending_top_up,pending_top_up,True
660,எனது டொப்-அப் ஏன் இன்னும் பூர்த்தியாகவில்லை?,pending_top_up,pending_top_up,True
661,டொப்-அப் பூர்த்தியாகவில்லை.,pending_top_up,top_up_failed,False
662,"அதனால் நான் எனது கார்ட்டில் டொப்-அப் செய்தேன், ஆனால் அது இன்னும் மாறவில்லை.",pending_top_up,pending_top_up,True
663,எனது டொப்-அப் ஏன் இன்னும் நிலுவையில் உள்ளது?,pending_top_up,pending_top_up,True
664,"உங்களது டொப்-அப் செய்யும் வசதி வேலை செய்யவில்லை, எனது கார்ட் வேலை செய்கிறது என்று எனக்குத் தெரிந்தும் அது இன்னும் நிலுவையில் என்றே காட்டுகிறது.",pending_top_up,top_up_failed,False
665,"வணக்கம், நான் ஒரு புதிய வாடிக்கையாளர். இன்றுதான் முதல் முறையாக டொப்-அப் செய்ய முயற்சித்தேன், அது வேலை செய்யவில்லை போல தெரிகிறது, அரை மணி நேரமாக அது நிலுவையில் என்றே காட்டுகிறது! தயவுசெய்து இதை சரிசெய்யுங்கள்!",pending_top_up,pending_top_up,True
666,"ஐயோ! நான் எனது கார்ட்டில் பணம் ஏற்ற முயல்கிறேன், ஆனால் டொப்-அப் ஆகவில்லை! எனக்கு அவசரமாக பணம் எனது கார்ட்டிலோ அல்லது எனது வங்கியிலோ தேவைப்படுகிறது, அது எங்கே இருக்கிறது?",pending_top_up,top_up_failed,False
667,"நான் எனது கணக்கிற்கு டொப்-அப் செய்ய முயற்சிக்கிறேன், ஆனால் அது ஒரு மணி நேரமாக நிலுவையில் உள்ளது.",pending_top_up,pending_top_up,True
668,எனது டொப்-அப் ஏன் இன்னும் நிலுவையில் உள்ளது?,pending_top_up,pending_top_up,True
669,எனது டொப்-அப் இன்னும் நிலுவையில் உள்ளது என்று காட்டினால் அதற்கு என்ன அர்த்தம்?,pending_top_up,pending_top_up,True
670,"எனது டொப்-அப் வேலை செய்யவில்லை, கடந்த இரண்டு மணி நேரமாக அது நிலுவையில் மாட்டிக்கொண்டுள்ளது.",pending_top_up,pending_top_up,True
671,டொப்-அப் பூர்த்தியானது போல் தெரியவில்லை.,pending_top_up,pending_top_up,True
672,"நான் எனது கார்ட்டைப் பயன்படுத்தி செய்தும், எனது டொப்-அப் ஏன் இன்னும் நிலுவையில் என்று காட்டுகிறது?",pending_top_up,pending_top_up,True
673,நான் டொப்-அப் செய்த பணம் எங்கே?,pending_top_up,topping_up_by_card,False
674,"வணக்கம். நான் உங்களது முறைமைக்கு ஒரு புதிய வாடிக்கையாளர், ஏதோ சரியாக வேலை செய்யவில்லை என்று நினைக்கிறேன் - அல்லது ஒருவேளை சரியாக இருக்கலாம். உங்களால் உறுதிப்படுத்த முடியுமா? நான் இன்று டொப்-அப் செய்ய முயன்றேன் (எனது முதல் முறை), அது ஒரு மணி நேரத்திற்கும் மேலாக ""நிலுவையில்"" மாட்டிக்கொண்டுள்ளது. இது இப்படித்தான் நடக்க வேண்டுமா அல்லது முறைமையில் ஏதேனும் கோளாறு உள்ளதா?",pending_top_up,pending_top_up,True
675,எனது டொப்-அப் ஏன் இன்னும் நிலுவையில் உள்ளது?,pending_top_up,pending_top_up,True
676,"எனது கார்ட்டை டொப்-அப் செய்வது வேலை செய்யவில்லை, ஏனெனில் டொப்-அப் நிலுவையில் உள்ளது என்று நான் நினைக்கிறேன்.",pending_top_up,top_up_failed,False
677,எனது டொப்-அப் எப்போது செயலாக்கப்படும்?,pending_top_up,pending_top_up,True
678,"டொப்-அப்பில் நிச்சயமாக ஒரு பிரச்சினை உள்ளது! நான் வழக்கமாக உங்களது சேவையைப் பயன்படுத்துகிறேன், இதற்கு முன்பு எந்தப் பிரச்சினையும் இருந்ததில்லை, ஆனால் இப்போது டொப்-அப் நிலுவையில் என்று மட்டுமே காட்டுகிறது. அது ஏன் தொடர்ந்து நிலுவையில் காட்டுகிறது என்று எனக்குச் சொல்லுங்கள்.",pending_top_up,pending_top_up,True
679,"நான் டொப்-அப் செய்ய முயன்றேன், ஆனால் எனது பணம் நிலுவையில் இருப்பது போல் தெரிகிறது. நான் இப்போது உடனடியாக ஏதேனும் வாங்க வேண்டும், நான் என்ன செய்வது?",pending_top_up,pending_top_up,True
680,"நான் இன்று காலை ஒரு பரிவர்த்தனை செய்தேன், அதைத் திரும்பப் பெற விரும்புகிறேன்.",cancel_transfer,cancel_transfer,True
681,என்னால் ஒரு கட்டணத்தை இரத்து செய்ய முடியுமா?,cancel_transfer,cancel_transfer,True
682,எனது பரிவர்த்தனையை நான் இரத்து செய்ய முடியுமா?,cancel_transfer,cancel_transfer,True
683,"நான் ஒரு பரிவர்த்தனை செய்தேன், ஆனால் அதைத் தவறான கணக்கிற்குச் செய்துவிட்டேன்.",cancel_transfer,cancel_transfer,True
684,ஒரு பணப் பரிமாற்றத்தை எவ்வாறு இரத்து செய்வது என்று எனக்குச் சொல்லுங்கள்.,cancel_transfer,cancel_transfer,True
685,"நான் செய்த ஒரு பணப் பரிமாற்றத்தை நீங்கள் இரத்து செய்ய வேண்டும். அது தவறான கணக்கு எண், மேலும் செயலி என்னை பரிவர்த்தனையை நிறுத்த அனுமதிக்கவில்லை. தயவுசெய்து அதை நிறுத்துங்கள்!",cancel_transfer,cancel_transfer,True
686,"எனது சமீபத்திய பணப் பரிமாற்றத்தை நான் உடனடியாக இரத்து செய்ய வேண்டும், நான் அங்கு ஒரு தவறு செய்துவிட்டேன், அது முடிவடைவதற்குள் தயவுசெய்து விரைவாக உதவுங்கள்.",cancel_transfer,cancel_transfer,True
687,இன்று காலை நான் செய்த பரிவர்த்தனையைத் திரும்பப் பெற விரும்புகிறேன்.,cancel_transfer,cancel_transfer,True
688,"நான் ஒரு பரிவர்த்தனை செய்தால், அதை இரத்து செய்ய முடியுமா?",cancel_transfer,cancel_transfer,True
689,ஒரு பணப் பரிமாற்றத்தை நான் எவ்வாறு இரத்து செய்யலாம்?,cancel_transfer,cancel_transfer,True
690,பணப் பரிமாற்றத்தை ரத்து செய்ய ஏதேனும் வழி இருக்கிறதா?,cancel_transfer,cancel_transfer,True
691,நான் தவறுதலாக தவறான கணக்கிற்கு ஒரு பரிவர்த்தனை செய்துவிட்டேன்.,cancel_transfer,cancel_transfer,True
692,நான் உடனடியாக ஒரு பணப் பரிமாற்றத்தை ரத்து செய்ய வேண்டும்! நீங்கள் உதவ முடியுமா?,cancel_transfer,cancel_transfer,True
693,எனது பரிவர்த்தனையை ரத்து செய்ய எனக்கு உதவுங்கள்.,cancel_transfer,cancel_transfer,True
694,"இது அவசரமானது, நான் செய்ய வேண்டிய ஒரு கொடுப்பனவிற்கான தவறான விபரங்களை உள்ளிட்டு அனுப்பிவிட்டேன், நான் உடனடியாக இந்த பரிவர்த்தனையைத் திரும்பப் பெற வேண்டும்.",cancel_transfer,cancel_transfer,True
695,என்னால் ஒரு பணப் பரிமாற்றத்தை ரத்து செய்ய முடியுமா?,cancel_transfer,cancel_transfer,True
696,நான் சற்று முன்னர் செய்த பரிவர்த்தனையைத் திரும்பப் பெற விரும்புகிறேன்.,cancel_transfer,cancel_transfer,True
697,இன்று காலை நான் செய்த பரிவர்த்தனையைத் திரும்பப் பெற ஏதேனும் வழி இருக்கிறதா?,cancel_transfer,cancel_transfer,True
698,நான் ஒரு பணப் பரிமாற்றத்தை ரத்து செய்ய விரும்புகிறேன்.,cancel_transfer,cancel_transfer,True
699,பணப் பரிமாற்றம் ஏற்கனவே செயலாக்கப்பட்டிருந்தால் அதை ரத்து செய்ய முடியுமா?,cancel_transfer,cancel_transfer,True
700,"நான் தவறான தொகையை அனுப்பிவிட்டேன், எனவே பரிவர்த்தனையை ரத்து செய்ய விரும்புகிறேன்.",cancel_transfer,cancel_transfer,True
701,"நான் பணப் பரிமாற்றம் செய்தபோது ஒரு தவறு செய்துவிட்டேன், இப்போது அதைச் சரிசெய்ய நான் என்ன செய்ய வேண்டும்?",cancel_transfer,cancel_transfer,True
702,நான் ஒரு தவறான பரிவர்த்தனையை ரத்து செய்ய வேண்டும்.,cancel_transfer,cancel_transfer,True
703,எனது பணப் பரிமாற்றத்தை நான் எவ்வாறு ரத்து செய்வது?,cancel_transfer,cancel_transfer,True
704,நான் ஒரு பரிவர்த்தனையில் தவறு செய்துவிட்டேன்!,cancel_transfer,cancel_transfer,True
705,நான் தவறான கணக்கிற்கு ஒரு பரிவர்த்தனையைச் சமர்ப்பித்துவிட்டேன்.,cancel_transfer,cancel_transfer,True
706,நான் இப்போது செய்த பணப் பரிமாற்றம் உடனடியாக ரத்து செய்யப்பட வேண்டும். அது எனது தவறு. அது நிறைவடைவதற்குள் அதை ரத்து செய்ய தயவுசெய்து எனக்கு உதவுங்கள்!,cancel_transfer,cancel_transfer,True
707,இன்று காலை நான் செய்ததை மாற்றியமைக்க விரும்புகிறேன்.,cancel_transfer,balance_not_updated_after_bank_transfer,False
708,ஒரு பரிவர்த்தனையை ரத்து செய்ய முடியுமா?,cancel_transfer,cancel_transfer,True
709,எனது பரிவர்த்தனையை நான் எவ்வாறு ரத்து செய்வது?,cancel_transfer,cancel_transfer,True
710,எனது பரிவர்த்தனை ரத்து செய்யப்பட வேண்டும்.,cancel_transfer,cancel_transfer,True
711,ஒரு பணப் பரிமாற்றம் தொடர்பாக நான் உடனடியாக ரத்து செய்ய வேண்டும். இது ஒரு தவறு. இது உண்மையில் நிறைவடையாமல் இருக்க தயவுசெய்து விரைவாக உதவுங்கள்.,cancel_transfer,cancel_transfer,True
712,"நான் ஒரு தவறு செய்துவிட்டேன், ஒரு பரிவர்த்தனையை ரத்து செய்ய வேண்டும்.",cancel_transfer,cancel_transfer,True
713,"நேற்று நான் செய்த கொடுப்பனவில் ஒரு தவறு ஏற்பட்டுள்ளது, நாளை எனது வாடகை செலுத்த வேண்டியிருப்பதால் அதை எவ்வளவு சீக்கிரம் முடியுமோ அவ்வளவு சீக்கிரம் சரிசெய்ய வேண்டும்.",cancel_transfer,cancel_transfer,True
714,எனது கடைசி பணப் பரிமாற்றத்தை ரத்து செய்யுங்கள்.,cancel_transfer,cancel_transfer,True
715,"எனது அண்மைய பணப் பரிமாற்றம் உடனடியாக ரத்து செய்யப்பட வேண்டும்; அது ஒரு தவறு, அது நிறைவடைவதற்குள் தயவுசெய்து அதை ரத்து செய்ய முடியுமா?",cancel_transfer,cancel_transfer,True
716,ஒரு பரிவர்த்தனையை ரத்து செய்ய எனக்கு உதவி தேவை.,cancel_transfer,cancel_transfer,True
717,இந்த பரிவர்த்தனை இப்போது நிறைவடைவதை நான் விரும்பவில்லை.,cancel_transfer,cancel_transfer,True
718,"நான் செய்த கொடுப்பனவு சரியாக இருக்கும்படி, அதற்கான தொகையை என்னால் மாற்ற முடியுமா?",cancel_transfer,declined_card_payment,False
719,தயவுசெய்து எனக்கு உதவுங்கள்! நான் ஒரு பரிவர்த்தனையை ரத்து செய்ய வேண்டும்.,cancel_transfer,cancel_transfer,True
720,எனது டாப்-அப் அளவை உங்களால் கட்டுப்படுத்த முடியுமா?,top_up_limits,top_up_limits,True
721,நான் விரும்பிய அளவு டாப்-அப் செய்ய எனக்கு அனுமதி உண்டா?,top_up_limits,top_up_limits,True
722,எனது கணக்கிற்கு டாப்-அப் எல்லை ஏதும் உள்ளதா?,top_up_limits,top_up_limits,True
723,டாப்-அப் செய்வதற்கான எல்லை என்ன?,top_up_limits,top_up_limits,True
724,நான் எவ்வளவு பணம் டாப்-அப் செய்ய முடியும்?,top_up_limits,top_up_limits,True
725,டாப்-அப்களுக்கான கட்டுப்பாடுகள் என்ன?,top_up_limits,top_up_limits,True
726,டாப்-அப்களுக்கு எல்லைகள் விதிக்கப்பட்டுள்ளதா?,top_up_limits,top_up_limits,True
727,டாப்-அப் எல்லை என்ன?,top_up_limits,top_up_limits,True
728,டாப்-அப்களுக்கான எல்லை என்ன என்பதை நான் கண்டறிய வேண்டும்.,top_up_limits,top_up_limits,True
729,டாப்-அப்களுக்கு உங்களிடம் எல்லை ஏதும் உள்ளதா?,top_up_limits,top_up_limits,True
730,அதிகபட்ச டாப்-அப் அளவு என்ன?,top_up_limits,top_up_limits,True
731,டாப்-அப்களுக்கான எல்லை என்ன என்பதை நான் எவ்வாறு தெரிந்து கொள்வது?,top_up_limits,top_up_limits,True
732,டாப்-அப் தொகைகளுக்கு எல்லை ஏதும் உள்ளதா?,top_up_limits,top_up_limits,True
733,ஒரு தடவையில் கார்டில் நான் சேர்க்கக்கூடிய தொகைக்கு ஏதேனும் எல்லை உள்ளதா?,top_up_limits,top_up_limits,True
734,நான் டாப்-அப் செய்யக்கூடிய அதிகபட்ச அளவு ஏதும் உள்ளதா என்று நான் அறிய விரும்புகிறேன்.,top_up_limits,top_up_limits,True
735,ஒரு டாப்-அப்பிற்கான எல்லை என்ன?,top_up_limits,top_up_limits,True
736,டாப்-அப் எல்லைகள் ஏதேனும் இருந்தால் எனக்குச் சொல்லுங்கள்?,top_up_limits,top_up_limits,True
737,எனது டாப்-அப் எல்லையை நான் எவ்வாறு அதிகரிப்பது?,top_up_limits,top_up_limits,True
738,டாப்-அப்களுக்கு எல்லை ஏதும் உள்ளதா?,top_up_limits,top_up_limits,True
739,நான் விரும்பிய அளவு டாப்-அப் செய்ய முடியுமா?,top_up_limits,top_up_limits,True
740,டாப்-அப்களுக்கான எல்லைகளை எனக்குச் சொல்ல முடியுமா?,top_up_limits,top_up_limits,True
741,நான் டாப்-அப் செய்யும்போது தொகை எல்லைகள் என்ன?,top_up_limits,top_up_limits,True
742,டாப்-அப்களில் எல்லை ஏதும் உள்ளதா?,top_up_limits,top_up_limits,True
743,டாப்-அப்களின் எல்லை என்ன?,top_up_limits,top_up_limits,True
744,டாப்-அப்களுக்கு எல்லைகள் உள்ளனவா?,top_up_limits,top_up_limits,True
745,டாப்-அப்களின் அதிகபட்ச தொகை ஏதும் உள்ளதா?,top_up_limits,top_up_limits,True
746,உங்களிடம் டாப்-அப் எல்லை ஏதும் உள்ளதா?,top_up_limits,top_up_limits,True
747,டாப்-அப் எல்லை என்ன?,top_up_limits,top_up_limits,True
748,டாப்-அப் செய்வதற்கான எல்லை என்ன?,top_up_limits,top_up_limits,True
749,ஒரு தடவையில் எனது கார்டிற்கு நான் எவ்வளவு டாப்-அப் செய்ய முடியும்?,top_up_limits,top_up_limits,True
750,நான் எவ்வளவு டொப்-அப் செய்ய முடியும்?,top_up_limits,top_up_limits,True
751,நான் டொப்-அப் செய்யக்கூடிய அதிகூடிய தொகை எவ்வளவு?,top_up_limits,top_up_limits,True
752,நான் டொப்-அப் செய்யக்கூடிய அதிகூடிய தொகைக்கு ஏதும் எல்லை இருக்கிறதா?,top_up_limits,top_up_limits,True
753,எனது டொப்-அப்பிற்கு ஏதேனும் தொகை எல்லை இருக்கிறதா?,top_up_limits,top_up_limits,True
754,டொப்-அப்களுக்கு ஏதேனும் எல்லை இருக்கிறதா?,top_up_limits,top_up_limits,True
755,நான் டொப்-அப் செய்யக்கூடிய அதிகூடிய அளவு ஏதும் இருக்கிறதா?,top_up_limits,top_up_limits,True
756,டொப்-அப் எல்லை இருக்கிறதா என்பதை நான் எவ்வாறு அறிந்துகொள்வது?,top_up_limits,top_up_limits,True
757,எனது டொப்-அப்பிற்கு ஏதேனும் கட்டுப்பாடுகள் இருக்கின்றனவா?,top_up_limits,top_up_limits,True
758,"எல்லைகளைப் பொறுத்தவரை, டொப்-அப்களும் இதில் அடங்குமா?",top_up_limits,top_up_limits,True
759,டொப்-அப் எல்லைகள் எவை?,top_up_limits,top_up_limits,True
760,"இது ஏடிஎம்-ல் ஏற்பட்ட பிரச்சினையா அல்லது எனது கணக்கில் ஏற்பட்ட பிரச்சினையா என்று எனக்குத் தெரியவில்லை, ஆனால் நான் இப்போது இருக்கும் ஏடிஎம்-ல் இருந்து ரூ. 30,000 எடுக்க முயன்றேன், ஆனால் அது எனக்கு ரூ. 10,000 மட்டுமே தந்தது. இது ஏதேனும் தொழில்நுட்பக் கோளாறா அல்லது உண்மையில் என்ன நடக்கிறது?",wrong_amount_of_cash_received,wrong_amount_of_cash_received,True
761,ஏடிஎம்-ல் நான் கேட்ட முழுப் பணமும் எனக்குக் கிடைக்கவில்லை.,wrong_amount_of_cash_received,wrong_amount_of_cash_received,True
762,நான் கேட்டதை விட ஏடிஎம் எனக்குக் குறைவான பணத்தை எவ்வாறு தந்தது?,wrong_amount_of_cash_received,wrong_amount_of_cash_received,True
763,நான் பணத்தை எடுத்த பிறகு எனது பணம் எனக்கு ஏன் கிடைக்கவில்லை?,wrong_amount_of_cash_received,wrong_amount_of_cash_received,True
764,ஏடிஎம்-ல் நான் குறிப்பிட்ட தொகையை விடக் குறைவான பணமே எனக்குக் கிடைத்தது.,wrong_amount_of_cash_received,wrong_amount_of_cash_received,True
765,எனக்குக் கிடைத்த பணத்தின் அளவு தவறானது.,wrong_amount_of_cash_received,wrong_amount_of_cash_received,True
766,"நான் ஒரு ஏடிஎம்-ல் இருக்கிறேன், ரூ. 30,000 எடுத்தேன், ஆனால் எனக்கு ரூ. 10,000 மட்டுமே வழங்கப்பட்டது. நான் என்ன செய்ய வேண்டும்?",wrong_amount_of_cash_received,wrong_amount_of_cash_received,True
767,இன்று நான் பணம் எடுக்கச் சென்றபோது ஏடிஎம் எனக்குத் தவறான தொகையைத் தந்தது. ஆனால் செயலி அதிகத் தொகையைக் காட்டுகிறது.,wrong_amount_of_cash_received,wrong_amount_of_cash_received,True
768,எனக்குக் கிடைத்த பணத்தின் அளவு நான் கேட்டதை விட வேறுபட்டதாக இருந்தது.,wrong_amount_of_cash_received,wrong_amount_of_cash_received,True
769,"வணக்கம். நான் இப்போதுதான் ஏடிஎம்-ல் இருந்து பணம் எடுத்தேன், தவறான தொகை கிடைத்தது. இருப்பினும், எனது செயலி நான் எடுத்த சரியான தொகையைக் காட்டுகிறது. மீதிப் பணத்தை நான் எவ்வாறு பெறுவது?",wrong_amount_of_cash_received,wrong_amount_of_cash_received,True
770,"இன்று நான் பணம் எடுக்கச் சென்றபோது ஏடிஎம்-ல் இருந்து தவறான அளவு பணம் வந்தது. நான் செயலியைப் பார்த்தபோது, அது மிக அதிகத் தொகையைக் காட்டியது.",wrong_amount_of_cash_received,wrong_amount_of_cash_received,True
771,ஏடிஎம்-ல் நான் கேட்ட அளவு பணம் எனக்குக் கிடைக்கவில்லை.,wrong_amount_of_cash_received,wrong_amount_of_cash_received,True
772,"பணத்தை திரும்பப் பெறுவது எப்படி? ஏடிஎம் எனக்குத் தவறான தொகையைத் தந்துள்ளது, ஆனால் செயலி என்னிடம் உண்மையில் வசூலிக்கப்பட்ட தொகையைக் காட்டுகிறது...",wrong_amount_of_cash_received,wrong_amount_of_cash_received,True
773,நான் எடுத்த பணம் எங்கே? எனது மொபைல் செயலியில் அது எடுக்கப்பட்டதாகக் காட்டுகிறது.,wrong_amount_of_cash_received,cash_withdrawal_not_recognised,False
774,நான் கேட்ட முழுப் பணமும் எனக்கு ஏன் கிடைக்கவில்லை?,wrong_amount_of_cash_received,wrong_amount_of_cash_received,True
775,எனது பண எடுப்பு பகுதி அளவு நிராகரிக்கப்பட்டது.,wrong_amount_of_cash_received,cash_withdrawal_not_recognised,False
776,"நான் ரூ. 100,000 எடுக்க முயன்றபோது எனக்கு ஏன் ரூ. 20,000 மட்டுமே கிடைத்தது?",wrong_amount_of_cash_received,wrong_amount_of_cash_received,True
777,"நான் ஏடிஎம்-ல் இருந்து பணம் எடுத்தேன் ஆனால் எனக்குத் தவறான தொகை கிடைத்தது. செயலியில் எனக்குக் கிடைத்த உண்மையான தொகை காட்டப்படுவதால், எனக்குப் பணம் திரும்ப வேண்டும். தயவுசெய்து இதில் எனக்கு உதவுங்கள்.",wrong_amount_of_cash_received,wrong_amount_of_cash_received,True
778,"இன்று நான் சிறிது பணம் எடுக்கச் சென்றேன், ஆனால் ஏடிஎம் எனக்குத் தவறான தொகையைத் தந்தது போல் தெரிகிறது! செயலியில் காட்டப்படும் தொகை மிக அதிகமாக உள்ளது.",wrong_amount_of_cash_received,wrong_amount_of_cash_received,True
779,"நான் ரூ. 100,000 எடுக்க முயன்றேன் ஆனால் எனக்கு ரூ. 20,000 மட்டுமே கிடைத்தது.",wrong_amount_of_cash_received,wrong_amount_of_cash_received,True
780,எனக்கு கிடைக்க வேண்டிய முழுப் பணமும் கிடைக்கவில்லை.,wrong_amount_of_cash_received,wrong_amount_of_cash_received,True
781,"நான் 100,000 ரூபாய் பணம் கேட்டேன், ஆனால் எனக்கு 20,000 ரூபாய் மட்டுமே கிடைத்தது?",wrong_amount_of_cash_received,wrong_amount_of_cash_received,True
782,நான் கேட்ட பணம் எங்கே? எனக்கு கிடைத்ததை விட நான் அதிகமாகக் கேட்டிருந்தேன்!,wrong_amount_of_cash_received,wrong_amount_of_cash_received,True
783,"நான் பணம் எடுத்தேன், ஆனால் முழுத் தொகையும் வரவில்லை.",wrong_amount_of_cash_received,wrong_amount_of_cash_received,True
784,நான் பணம் எடுத்ததில் ஏதோ தவறு நடந்துள்ளது. பணத்தின் அளவு சரியாக இல்லை.,wrong_amount_of_cash_received,cash_withdrawal_not_recognised,False
785,"நான் ஏடிஎம்மில் இருந்து தவறான தொகையைப் பெற்றுள்ளேன். எனக்கு உண்மையில் கிடைத்த தொகையே செயலியில் காட்டப்படுவதால், மீதிப் பணத்தைப் பெறுவதற்கான வழிமுறையைக் கூறவும்.",wrong_amount_of_cash_received,wrong_amount_of_cash_received,True
786,"நான் 100,000 ரூபாய் கேட்டேன், ஆனால் எனக்கு 20,000 ரூபாய் மட்டுமே கிடைத்தது.",wrong_amount_of_cash_received,wrong_amount_of_cash_received,True
787,எனக்குச் சரியான அளவு பணம் திரும்பக் கிடைக்கவில்லை.,wrong_amount_of_cash_received,wrong_amount_of_cash_received,True
788,ஏடிஎம் நான் கேட்டதை விடக் குறைவான பணத்தையே தந்தது.,wrong_amount_of_cash_received,wrong_amount_of_cash_received,True
789,"ஏடிஎம்மில் நான் கேட்ட அளவு பணம் எனக்குக் கிடைக்கவில்லை, ஏன்?",wrong_amount_of_cash_received,wrong_amount_of_cash_received,True
790,"நான் எடுத்த சரியான தொகையை ஏடிஎம் தராவிட்டால் நான் என்ன செய்வது? நான் 30,000 ரூபாய் எடுத்தேன், ஆனால் ஏடிஎம் எனக்கு 10,000 ரூபாய் மட்டுமே தந்தது.",wrong_amount_of_cash_received,wrong_amount_of_cash_received,True
791,"நான் பணம் எடுக்க முயன்றேன், ஆனால் தொகை சரியாக இல்லை, நான் என்ன செய்வது?",wrong_amount_of_cash_received,wrong_amount_of_cash_received,True
792,நான் கேட்ட முழுப் பணமும் எனக்குக் கிடைக்கவில்லை.,wrong_amount_of_cash_received,wrong_amount_of_cash_received,True
793,"நான் 100,000 ரூபாய் எடுக்க முயன்றபோது எனக்கு 20,000 ரூபாய் மட்டுமே கிடைத்தது.",wrong_amount_of_cash_received,wrong_amount_of_cash_received,True
794,சரியான அளவு பணம் எனக்கு அனுப்பப்படவில்லை.,wrong_amount_of_cash_received,wrong_amount_of_cash_received,True
795,நான் எடுக்கக் கோரிய தொகையை ஏடிஎம் எனக்குத் தரவில்லை.,wrong_amount_of_cash_received,wrong_amount_of_cash_received,True
796,நான் கேட்டதை விடக் குறைவான பணம் எனக்கு ஏன் கிடைத்தது?,wrong_amount_of_cash_received,wrong_amount_of_cash_received,True
797,ஏடிஎம்மில் எனக்குச் சரியான தொகை கிடைக்கவில்லை.,wrong_amount_of_cash_received,wrong_amount_of_cash_received,True
798,பணம் எடுக்கும் போது சரியான தொகை கிடைக்கவில்லை.,wrong_amount_of_cash_received,wrong_amount_of_cash_received,True
799,நான் எடுக்க முயன்று நிராகரிக்கப்பட்ட பணம் எனக்குத் திரும்பக் கிடைக்குமா?,wrong_amount_of_cash_received,declined_cash_withdrawal,False
800,"நான் அட்டையைப் பயன்படுத்திப் பணம் செலுத்தினேன், அதற்கு மேலதிகக் கட்டணம் வசூலிக்கப்பட்டது.",card_payment_fee_charged,card_payment_fee_charged,True
801,"எனது அட்டையைப் பயன்படுத்திய பிறகு என்னிடம் கட்டணம் வசூலிக்கப்பட்டது, ஆனால் அப்படி வசூலித்திருக்கக் கூடாது.",card_payment_fee_charged,card_payment_fee_charged,True
802,எனது அட்டையைப் பயன்படுத்திப் பணம் செலுத்தியதற்காகக் கட்டணம் வசூலிக்கப்பட்டதற்கு ஏதேனும் காரணம் உண்டா? எனக்கு இதற்கு முன் மேலதிகக் கட்டணம் வசூலிக்கப்பட்டதே இல்லை.,card_payment_fee_charged,card_payment_fee_charged,True
803,"எனது அட்டையைப் பயன்படுத்தியபோது அதில் மற்றொரு கட்டணம் காட்டப்படுகிறது, ஏன்?",card_payment_fee_charged,card_payment_fee_charged,True
804,"சில கொடுப்பனவுகளுக்கு மட்டும் மேலதிகக் கட்டணம் வசூலிக்கப்பட்டு, மற்றவற்றுக்கு வசூலிக்கப்படாதது ஏன்?",card_payment_fee_charged,card_payment_fee_charged,True
805,நான் ஒரு கொள்வனவிற்காக எனது அட்டையைப் பயன்படுத்தியபோது கட்டணம் வசூலிக்கப்பட்டது.,card_payment_fee_charged,card_payment_fee_charged,True
806,அட்டை மூலம் பணம் செலுத்தியதற்காக என்னிடம் ஏன் கட்டணம் வசூலிக்கப்பட்டது?,card_payment_fee_charged,card_payment_fee_charged,True
807,அங்கு அனுமதியற்ற கட்டணம் ஒன்று உள்ளது.,card_payment_fee_charged,extra_charge_on_statement,False
808,"கொடுப்பனவுகளுக்கு மேலதிகக் கட்டணம் இருக்கும்போது யாராவது எனக்குத் தெரிவித்தால் நன்றாக இருக்கும். நான் முன்னதாகச் செயலியைச் சரிபார்த்தபோது, எனது கொடுப்பனவுகளில் ஒன்றில் மேலதிகக் கட்டணம் இருப்பதைக் கண்டேன், அது பற்றி எனக்கு யாரும் முன்னரே தெரிவிக்கவில்லை.",card_payment_fee_charged,card_payment_fee_charged,True
809,எனது அட்டை மூலம் பணம் செலுத்தியபோது என்னிடம் ஏன் மேலதிகக் கட்டணம் வசூலிக்கப்பட்டது?,card_payment_fee_charged,card_payment_fee_charged,True
810,நான் அட்டையினால் பணம் செலுத்தியதால் ஏன் மேலதிகமாக செலுத்த வேண்டியிருந்தது?,card_payment_fee_charged,card_payment_fee_charged,True
811,அட்டைப் பயன்பாட்டிற்கு ஏன் கட்டணங்கள் உள்ளன?,card_payment_fee_charged,card_payment_fee_charged,True
812,இந்தக் கட்டணம் எதற்காக என்று எனக்குத் தெரியவில்லை,card_payment_fee_charged,direct_debit_payment_not_recognised,False
813,இந்த அட்டைப் பணம் செலுத்தலுடன் வசூலிக்கப்படும் கட்டணம் என்ன?,card_payment_fee_charged,card_payment_fee_charged,True
814,ஒரு பரிவர்த்தனைக்காக எனது அட்டையில் எப்போது மேலதிக கட்டணம் வசூலிக்கப்படும்?,card_payment_fee_charged,card_payment_fee_charged,True
815,எனது அட்டையைப் பயன்படுத்திச் செய்யும்போது நான் ஏன் அதிகமாகச் செலுத்த வேண்டியிருந்தது?,card_payment_fee_charged,card_payment_fee_charged,True
816,"நான் அட்டையினால் பணம் செலுத்தினேன், ஒரு கட்டணம் காட்டப்படுகிறதே?",card_payment_fee_charged,card_payment_fee_charged,True
817,அட்டையினால் பணம் செலுத்தியதற்காக எனக்குக் கட்டணம் வசூலிக்கப்பட்டுள்ளது,card_payment_fee_charged,card_payment_fee_charged,True
818,எனது அட்டைப் பணம் செலுத்தலுக்கான கட்டணம் என்ன?,card_payment_fee_charged,card_payment_fee_charged,True
819,அட்டைப் பணம் செலுத்தலுக்கு எனக்கு ஏன் கட்டணம் வசூலிக்கப்பட வேண்டும்?,card_payment_fee_charged,card_payment_fee_charged,True
820,எனது அட்டையைப் பயன்படுத்துவதற்கு எப்போதும் கட்டணம் வசூலிக்கப்படுமா?,card_payment_fee_charged,card_payment_fee_charged,True
821,"எனது பணம் செலுத்தலில் கட்டணம் இருக்குமா இல்லையா என்பதை எங்காவது சரிபார்க்க முடியுமா? நீங்கள் சில சந்தர்ப்பங்களில் கட்டணம் வசூலிப்பது போல் தெரிகிறது, அதற்கான முறை என்ன?",card_payment_fee_charged,card_payment_fee_charged,True
822,அட்டையினால் பணம் செலுத்தியதால் கட்டணம் ஏற்பட்டுள்ளது,card_payment_fee_charged,card_payment_fee_charged,True
823,"நான் அட்டையினால் பணம் செலுத்தினேன், ஒரு கட்டணம் விதிக்கப்பட்டுள்ளது என்று நினைக்கிறேன்.",card_payment_fee_charged,card_payment_fee_charged,True
824,அப்படியென்றால் உண்மையில் எந்தப் பொருட்களுக்கு மேலதிக கட்டணங்கள் வருகின்றன?,card_payment_fee_charged,card_payment_fee_charged,True
825,எனது அட்டையில் கட்டணம் வசூலிக்கப்படுவதை நான் எவ்வாறு தவிர்ப்பது?,card_payment_fee_charged,card_payment_fee_charged,True
826,உங்கள் அட்டையினால் பணம் செலுத்தும்போது கட்டணம் ஏதும் உண்டா?,card_payment_fee_charged,card_payment_fee_charged,True
827,எனது அட்டையினால் பணம் செலுத்தியதற்காக எனக்குக் கட்டணம் வசூலிக்கப்பட்டுள்ளது.,card_payment_fee_charged,card_payment_fee_charged,True
828,முதல் முறையாக எனது கணக்கில் ஒரு கட்டணம் வந்துள்ளது. நீங்கள் எப்போது இந்தக் கட்டணங்களை வசூலிக்கிறீர்கள் என்று நான் எவ்வாறு அறிவது?,card_payment_fee_charged,card_payment_fee_charged,True
829,"பணம் செலுத்தல்களுக்கு மேலதிக கட்டணங்கள் இருக்கும்போது யாராவது எனக்குத் தெரிவிக்க வேண்டும். நான் சற்று முன்னர் செயலியைப் பார்த்தபோது, எனக்கு முன்னரே தெரிவிக்கப்படாத ஒரு மேலதிக கட்டணம் பணம் செலுத்தலுடன் இணைக்கப்பட்டிருப்பதை அவதானித்தேன்.",card_payment_fee_charged,card_payment_fee_charged,True
830,எனது அட்டையைப் பயன்படுத்துவது இலவசமா?,card_payment_fee_charged,top_up_by_card_charge,False
831,அட்டையைப் பயன்படுத்தும்போது எனக்கு ஏன் மேலதிக கட்டணம் வசூலிக்கப்பட்டது?,card_payment_fee_charged,card_payment_fee_charged,True
832,அட்டையைப் பயன்படுத்தும்போது என்ன கட்டணங்கள் பொருந்தும்?,card_payment_fee_charged,card_payment_fee_charged,True
833,பணம் செலுத்தல்களுக்கு நீங்கள் ஏன் கட்டணம் வசூலிக்கிறீர்கள்? ஒப்பந்தத்தில் உங்கள் கட்டணங்கள் ஏன் தெளிவாகக் குறிப்பிடப்படவில்லை?,card_payment_fee_charged,card_payment_fee_charged,True
834,நான் அட்டையினால் பணம் செலுத்தியபோது எனக்கு ஏன் கட்டணம் வசூலிக்கப்பட்டது?,card_payment_fee_charged,card_payment_fee_charged,True
835,எனது கணக்கில் ஒரு கட்டணம் உள்ளது. ஏன்?,card_payment_fee_charged,card_payment_fee_charged,True
836,அட்டைப் பணம் செலுத்தல்களுக்கு நீங்கள் ஏன் கட்டணம் வசூலிக்கிறீர்கள்?,card_payment_fee_charged,card_payment_fee_charged,True
837,அட்டைப் பணம் செலுத்தலுக்காக எனக்குக் கட்டணம் வசூலிக்கப்பட்டது. ஏன்?,card_payment_fee_charged,card_payment_fee_charged,True
838,அட்டையைப் பயன்படுத்தியதற்காக ஏன் கட்டணம் வசூலிக்கப்பட்டது?,card_payment_fee_charged,card_payment_fee_charged,True
839,எனது அட்டையினால் பணம் செலுத்தியதற்காக அவர்கள் என்னிடம் கட்டணம் வசூலித்தார்கள்.,card_payment_fee_charged,card_payment_fee_charged,True
840,"நான் சில நாட்களுக்கு முன்பு நாட்டுக்குள்ளான பணப்பரிமாற்றம் ஒன்றைச் செய்தேன். பரிமாற்றம் முடிந்ததிலிருந்து கணக்கு விபரங்களை பலமுறை சரிபார்த்தும் விட்டேன், ஆனால் பணம் இன்னும் கிடைக்கவில்லை. என்ன பிரச்சினை?",transfer_not_received_by_recipient,transfer_not_received_by_recipient,True
841,எனது பணப்பரிமாற்றம் இன்னும் போய்ச் சேரவில்லை.,transfer_not_received_by_recipient,transfer_not_received_by_recipient,True
842,ஒரு பணப்பரிமாற்றம் நிறைவடைவதற்காக நான் இன்னும் காத்துக்கொண்டிருக்கிறேன்.,transfer_not_received_by_recipient,transfer_not_received_by_recipient,True
843,"நான் ஒரு பணப்பரிமாற்றம் செய்தேன், ஆனால் பெறுநரால் அதைப் பார்க்க முடியவில்லை.",transfer_not_received_by_recipient,transfer_not_received_by_recipient,True
844,"நான் ஒருவருக்குப் பணம் அனுப்ப முயன்றேன், ஆனால் அவர்களுக்கு அது இன்னும் கிடைக்கவில்லை.",transfer_not_received_by_recipient,transfer_not_received_by_recipient,True
845,ஒரு பரிமாற்றம் பெறுநரைச் சென்றடைய எவ்வளவு நேரம் எடுக்கும்?,transfer_not_received_by_recipient,transfer_not_received_by_recipient,True
846,பெறுநர் எனது பணப்பரிமாற்றத்தை எவ்வாறு பார்க்க முடியும்?,transfer_not_received_by_recipient,transfer_not_received_by_recipient,True
847,"நான் பணம் அனுப்பினேன், ஆனால் அது இன்னும் வந்து சேரவில்லை என்று பெறுநர் கூறுகிறார். இதற்கு என்ன காரணமாக இருக்கும்?",transfer_not_received_by_recipient,transfer_not_received_by_recipient,True
848,நான் செய்த பரிமாற்றம் இன்னும் போய்ச் சேரவில்லை.,transfer_not_received_by_recipient,transfer_not_received_by_recipient,True
849,பணப்பரிமாற்றங்கள் நிறைவடைய எவ்வளவு நேரம் எடுக்கும்?,transfer_not_received_by_recipient,balance_not_updated_after_bank_transfer,False
850,"நான் கொஞ்சம் பணம் அனுப்பினேன், ஆனால் அது போய்ச் சேரவில்லை.",transfer_not_received_by_recipient,transfer_not_received_by_recipient,True
851,நான் ஆரம்பித்த பரிமாற்றம் எங்கே இருக்கிறது?,transfer_not_received_by_recipient,transfer_not_received_by_recipient,True
852,பணப்பரிமாற்றம் தோல்வியடைந்துவிட்டதா?,transfer_not_received_by_recipient,failed_transfer,False
853,"நான் இப்போதுதான் பணம் அனுப்பி முடித்தேன், ஆனால் பெறுநரின் பக்கத்தில் அது காட்டவில்லை.",transfer_not_received_by_recipient,transfer_not_received_by_recipient,True
854,"நான் ஒரு பணப்பரிமாற்றத்தை முடித்துவிட்டேன், ஆனால் பெறுநருக்கு அது இன்னும் கிடைக்கவில்லை.",transfer_not_received_by_recipient,transfer_not_received_by_recipient,True
855,பெறுநருக்கு எனது பணப்பரிமாற்றம் காட்டவில்லை.,transfer_not_received_by_recipient,transfer_not_received_by_recipient,True
856,"எனது புதிய இடத்திற்கான வாடகைப் பணத்தை இரண்டு நாட்களுக்கு முன்பு அனுப்பினேன், ஆனால் எனது பக்கத்தில் அது முடிவடைந்ததாகக் காட்டினாலும், வீட்டு உரிமையாளர் அது இன்னும் வரவில்லை என்று கூறுகிறார். நான் அனுப்பிய கணக்கு எண்ணைச் சரிபார்த்தேன், அது நிச்சயமாகச் சரியானதுதான். தயவுசெய்து அந்தப் பரிமாற்றம் உண்மையில் நடந்துவிட்டதா இல்லையா என்பதை உறுதிப்படுத்த முடியுமா?",transfer_not_received_by_recipient,transfer_not_received_by_recipient,True
857,எனது பரிமாற்றம் ஏன் அங்கு போய்ச் சேரவில்லை என்பதை நான் கண்டறிய வேண்டும்.,transfer_not_received_by_recipient,transfer_not_received_by_recipient,True
858,"நான் இப்போதுதான் Durham இலிருந்து Walton-On-The-Naze இலுள்ள ஒரு இடத்திற்கு முகவரியை மாற்றியுள்ளேன். எனது புதிய வீட்டில் ஒரு புதிய வீட்டு உரிமையாளர் இருக்கிறார், அவருக்கு எனது கொடுப்பனவு கிடைக்கவில்லை, ஆனால் நான் அதைச் சரியான நேரத்திற்கு அனுப்பினேன் என்று எனக்குத் தெரியும், தயவுசெய்து அவர்களுக்கு அது கிடைத்துவிட்டதா என்று சரிபார்க்க முடியுமா?",transfer_not_received_by_recipient,transfer_not_received_by_recipient,True
859,நான் பணம் அனுப்பினேன். அவர்களுக்கு அது கிடைக்கவில்லை.,transfer_not_received_by_recipient,transfer_not_received_by_recipient,True
860,"ஹலோ, எனது பரிமாற்றம் ஏன் இன்னும் நிறைவடையவில்லை என்பதைக் கண்டறிய எனக்குச் சில உதவிகள் தேவை. எனது வீட்டு உரிமையாளருக்கு இன்னும் பணம் கிடைக்கவில்லை. இந்நேரம் அவளுக்கு அது கிடைத்திருக்க வேண்டும்.",transfer_not_received_by_recipient,transfer_not_received_by_recipient,True
861,"நேற்று முன்தினம், நான் இந்த நாட்டுக்குள்ளான ஒரு பரிமாற்றத்தைச் செய்தேன். அது இன்னும் நிறைவடையவில்லை. அதைச் சரிபார்க்க முடியுமா? நான் பலமுறை சரிபார்த்ததால் கணக்கு எண் நிச்சயமாகச் சரியானதுதான்.",transfer_not_received_by_recipient,transfer_not_received_by_recipient,True
862,"எனக்கு ஒரு பணப்பரிமாற்றத்தில் பிரச்சினை உள்ளது. இரண்டு மணித்தியாலங்களுக்கு முன்பு ஒரு நண்பருக்குக் கொஞ்சம் பணம் அனுப்பினேன், ஆனால் அவர்களுக்கு அது இன்னும் கிடைக்கவில்லை. அது ஏன் அவர்களுக்குப் போய்ச் சேரவில்லை? பரிமாற்றங்கள் நிறைவடைய எவ்வளவு நேரம் தேவைப்படும்?",transfer_not_received_by_recipient,transfer_not_received_by_recipient,True
863,"நான் கொஞ்சம் பணம் அனுப்பினேன், ஆனால் ஏதோ ஒரு காரணத்தினால் பெறுநரால் அதை எடுக்க முடியவில்லை.",transfer_not_received_by_recipient,transfer_not_received_by_recipient,True
864,ஒரு நண்பருக்கு நான் செய்த பணப்பரிமாற்றம் எங்கே இருக்கிறது?,transfer_not_received_by_recipient,transfer_not_received_by_recipient,True
865,நான் செய்த பணப்பரிமாற்றம் எனது நண்பருக்கு இன்னும் கிடைக்கவில்லை.,transfer_not_received_by_recipient,transfer_not_received_by_recipient,True
866,எனது பணப்பரிமாற்றம் நிறைவடைவதற்காக நான் காத்துக்கொண்டிருக்கிறேன்.,transfer_not_received_by_recipient,transfer_not_received_by_recipient,True
867,"நான் ஒரு பணப்பரிமாற்றம் செய்தேன், அது நிறைவடைவதற்கு மிக நீண்ட நேரம் எடுக்கிறது.",transfer_not_received_by_recipient,transfer_not_received_by_recipient,True
868,எனது பணப்பரிமாற்றம் இவ்வளவு நேரம் எடுப்பதற்கு ஏதேனும் காரணம் இருக்கிறதா?,transfer_not_received_by_recipient,transfer_not_received_by_recipient,True
869,எனது பணப்பரிமாற்றம் நிறைவடைய எவ்வளவு நேரம் எடுக்கும்?,transfer_not_received_by_recipient,transfer_not_received_by_recipient,True
870,"நான் கொஞ்சம் காசு அனுப்பினேன், ஆனால் அதைப் பெறுபவரால் எடுக்க முடியாமல் இருக்கிறது.",transfer_not_received_by_recipient,transfer_not_received_by_recipient,True
871,"நான் சில மணித்தியாலங்களுக்கு முன்னர் எனது நண்பிக்கு கொஞ்சம் காசு அனுப்பினேன், ஆனால் அவளுக்கு இன்னும் அது கிடைக்கவில்லை. அவளுக்கு அது அவசரமாகத் தேவைப்படுகிறது. இதற்கு எவ்வளவு நேரம் எடுக்கும்?",transfer_not_received_by_recipient,transfer_not_received_by_recipient,True
872,நான் காசு அனுப்பிய நபருக்கு இன்னும் அது கிடைக்கவில்லை!,transfer_not_received_by_recipient,transfer_not_received_by_recipient,True
873,எனது பணம் எப்போது பரிமாற்றப்படும்?,transfer_not_received_by_recipient,transfer_timing,False
874,"பணப் பரிமாற்றம் முடிவடைய எவ்வளவு நேரம் எடுக்கும்? நான் எனது தோழிக்கு பணம் அனுப்பினேன், ஆனால் தனக்கு இன்னும் எதுவும் கிடைக்கவில்லை என்று அவள் சொல்கிறாள்.",transfer_not_received_by_recipient,transfer_not_received_by_recipient,True
875,"பணப் பரிமாற்றம் வந்தடைய எவ்வளவு நேரம் தேவைப்படும்? நான் ஒரு நண்பருக்கு கொஞ்சம் காசு அனுப்பினேன், அவருக்கு அது அவசரமாகத் தேவைப்படுகிறது, ஆனால் இரண்டு மணித்தியாலங்கள் ஆகியும் இன்னும் அது போய்ச் சேரவில்லை போல் தெரிகிறது.",transfer_not_received_by_recipient,transfer_not_received_by_recipient,True
876,எனது நண்பருக்கு நான் அனுப்பிய பணம் கிடைக்க இன்னும் எவ்வளவு நேரம் ஆகும்?,transfer_not_received_by_recipient,transfer_not_received_by_recipient,True
877,நான் அனுப்பிய நபருக்கு ஏன் இன்னும் பணம் கிடைக்கவில்லை?,transfer_not_received_by_recipient,transfer_not_received_by_recipient,True
878,நான் இன்னும் இந்த பணப் பரிமாற்றம் முடிவடைவதற்காகக் காத்திருக்கிறேன்.,transfer_not_received_by_recipient,transfer_not_received_by_recipient,True
879,"நான் கொஞ்சம் பணம் அனுப்பினேன், ஆனால் அதைப் பெறுபவர் அதை எடுப்பதில் சிரமப்படுகிறார்.",transfer_not_received_by_recipient,transfer_not_received_by_recipient,True
880,"எனது கணக்கில் பணம் சேர்ப்பதற்கு, நான் என்ன நாணயங்களைப் பயன்படுத்தலாம்?",supported_cards_and_currencies,supported_cards_and_currencies,True
881,"எனக்கு உதவிக்கான வழிகள் தேவை, நான் எனது அட்டையில் பணம் நிரப்ப விரும்புகிறேன்.",supported_cards_and_currencies,top_up_by_cash_or_cheque,False
882,என்னிடம் வேறு ஒரு அமெரிக்க அட்டை இருக்கிறது. அதை நீங்கள் ஏற்றுக்கொள்ள முடியுமா?,supported_cards_and_currencies,supported_cards_and_currencies,True
883,எவ்வகையான அட்டைகள் மற்றும் நாணயங்கள் ஏற்றுக்கொள்ளப்படுகின்றன?,supported_cards_and_currencies,supported_cards_and_currencies,True
884,பணம் சேர்ப்பதற்கு என்னென்ன நாணயங்கள் ஏற்றுக்கொள்ளப்படுகின்றன?,supported_cards_and_currencies,supported_cards_and_currencies,True
885,பணம் சேர்ப்பதற்கு நான் எவ்வகையான நாணயங்களைப் பயன்படுத்தலாம்?,supported_cards_and_currencies,supported_cards_and_currencies,True
886,என்னிடம் அமெரிக்காவைச் சேர்ந்த வேறு ஒரு கடன் அட்டை மட்டுமே உள்ளது. அது ஏற்றுக்கொள்ளப்படுமா?,supported_cards_and_currencies,supported_cards_and_currencies,True
887,"என்னிடம் வேறு ஒரு அமெரிக்க அட்டை மட்டுமே இருந்தால், அதை நீங்கள் ஏற்றுக்கொள்ள முடியுமா?",supported_cards_and_currencies,supported_cards_and_currencies,True
888,எனது கணக்கில் பணம் சேர்ப்பதற்கு நான் எனது அமெரிக்கன் எக்ஸ்பிரஸ் அட்டையைப் பயன்படுத்தலாமா?,supported_cards_and_currencies,supported_cards_and_currencies,True
889,நீங்கள் ஏற்றுக்கொள்ளும் அட்டைகள் மற்றும் நாணயங்கள் எவை என்று எனக்குச் சொல்ல முடியுமா?,supported_cards_and_currencies,supported_cards_and_currencies,True
890,எனது கணக்கில் பணம் சேர்ப்பதற்கு நான் அமெரிக்கன் எக்ஸ்பிரஸ் அட்டையைப் பயன்படுத்தலாமா?,supported_cards_and_currencies,supported_cards_and_currencies,True
891,அமெரிக்காவைச் சேர்ந்த எனது மற்றைய அட்டையை நீங்கள் ஏற்றுக்கொள்வீர்களா?,supported_cards_and_currencies,supported_cards_and_currencies,True
892,அட்டைகள் மற்றும் நாணயங்கள் தொடர்பாக எவை ஏற்றுக்கொள்ளப்படுகின்றன?,supported_cards_and_currencies,supported_cards_and_currencies,True
893,எனது மற்றைய அட்டையை நீங்கள் ஏற்றுக்கொள்வீர்களா?,supported_cards_and_currencies,supported_cards_and_currencies,True
894,எனது அமெரிக்கன் எக்ஸ்பிரஸ் அட்டை மூலம் எனது கணக்கில் பணம் சேர்க்க விரும்புகிறேன்.,supported_cards_and_currencies,supported_cards_and_currencies,True
895,நீங்கள் எந்த அட்டைகளை ஆதரிக்கிறீர்கள்? எனது கடன் அட்டையைப் பயன்படுத்தி பணம் நிரப்ப விரும்புகிறேன்.,supported_cards_and_currencies,supported_cards_and_currencies,True
896,என்னென்ன கடன் அட்டைகள் ஏற்றுக்கொள்ளப்படுகின்றன?,supported_cards_and_currencies,supported_cards_and_currencies,True
897,நீங்கள் என்னென்ன அட்டைகள் மற்றும் நாணயங்களை ஆதரிக்கிறீர்கள்?,supported_cards_and_currencies,supported_cards_and_currencies,True
898,எனது அமெரிக்கன் எக்ஸ்பிரஸ் அட்டையிலிருந்து எனது கணக்கிற்கு பணத்தை எவ்வாறு மாற்றுவது?,supported_cards_and_currencies,supported_cards_and_currencies,True
899,எனது கணக்கில் பணம் சேர்ப்பதற்கு நான் அமெரிக்கன் எக்ஸ்பிரஸ் அட்டையை எவ்வாறு பயன்படுத்தலாம்?,supported_cards_and_currencies,supported_cards_and_currencies,True
900,"பணம் சேர்க்கும்போது, நீங்கள் ஏற்கும் நாணயங்கள் எவை?",supported_cards_and_currencies,supported_cards_and_currencies,True
901,எந்த வகையான நாணயங்கள் ஏற்றுக்கொள்ளப்படுகின்றன?,supported_cards_and_currencies,supported_cards_and_currencies,True
902,அமெரிக்க கடன் அட்டைகள் ஏற்றுக்கொள்ளப்படுமா?,supported_cards_and_currencies,supported_cards_and_currencies,True
903,"நான் பணம் சேர்க்க விரும்புகிறேன், ஆனால் நீங்கள் எந்த நாணயங்களை ஏற்கிறீர்கள் என்று எனக்குத் தெரியவில்லை, எனக்குச் சொல்ல முடியுமா?",supported_cards_and_currencies,supported_cards_and_currencies,True
904,"நீங்கள் ஏன் அமெரிக்கன் எக்ஸ்பிரஸை ஆதரிக்கவில்லை? அது எனக்குப் பிடித்த மற்றும் நான் அடிக்கடி பயன்படுத்தும் ஒரு அட்டை, எனக்கு வேறு அட்டை பெற விருப்பமில்லை.",supported_cards_and_currencies,supported_cards_and_currencies,True
905,எந்த அட்டைகள் மற்றும் எந்த நாணயம் ஆதரிக்கப்படுகிறது என்று எனக்குச் சொல்லுங்கள்.,supported_cards_and_currencies,supported_cards_and_currencies,True
906,நீங்கள் அனைத்து அட்டைகளையும் நாணயங்களையும் ஆதரிக்கிறீர்களா?,supported_cards_and_currencies,supported_cards_and_currencies,True
907,கணக்கை நிரப்ப நான் எந்த கடன் அல்லது பற்று அட்டைகளைப் பயன்படுத்தலாம்?,supported_cards_and_currencies,supported_cards_and_currencies,True
908,கட்டணம் செலுத்துவது தொடர்பாக எனக்கு என்ன விருப்பங்கள் உள்ளன?,supported_cards_and_currencies,card_payment_fee_charged,False
909,என்னிடம் அமெரிக்காவிலிருந்து பெறப்பட்ட இன்னும் ஒரு அட்டை மட்டுமே உள்ளது. அது பரவாயில்லையா?,supported_cards_and_currencies,supported_cards_and_currencies,True
910,இதைப் பயன்படுத்த ஆதரிக்கப்படும் அனைத்து நாணயங்கள் மற்றும் அட்டைகள் எவை?,supported_cards_and_currencies,supported_cards_and_currencies,True
911,கணக்கை நிரப்ப நீங்கள் எந்த அட்டைகளை ஆதரிக்கிறீர்கள்?,supported_cards_and_currencies,supported_cards_and_currencies,True
912,அமெரிக்க டாலர்களைத் தவிர மற்ற நாணயங்களையும் நீங்கள் ஏற்கிறீர்களா?,supported_cards_and_currencies,supported_cards_and_currencies,True
913,பணம் சேர்க்க நான் எந்த நாணயத்தையும் பயன்படுத்தலாமா?,supported_cards_and_currencies,supported_cards_and_currencies,True
914,பணம் சேர்க்க எனது நாணயம் போதுமானதா?,supported_cards_and_currencies,supported_cards_and_currencies,True
915,எந்த அட்டைகளும் நாணயங்களும் போதுமானதாக இருக்கும்?,supported_cards_and_currencies,supported_cards_and_currencies,True
916,எனது கணக்கில் பணத்தைச் சேர்க்க நான் அமெரிக்கன் எக்ஸ்பிரஸை எவ்வாறு பயன்படுத்தலாம்?,supported_cards_and_currencies,supported_cards_and_currencies,True
917,எந்த அட்டைகள் மற்றும் நாணயங்கள் ஆதரிக்கப்படுகின்றன?,supported_cards_and_currencies,supported_cards_and_currencies,True
918,கணக்கை நிரப்புவதற்கு நீங்கள் எந்த நாணயங்கள் அல்லது அட்டைகளை ஆதரிக்கிறீர்கள்?,supported_cards_and_currencies,supported_cards_and_currencies,True
919,நீங்கள் எந்த அட்டைகளையும் நாணயங்களையும் ஆதரிக்கிறீர்கள்?,supported_cards_and_currencies,supported_cards_and_currencies,True
920,எனது மெய்நிகர் அட்டையை நான் எங்கே பெறலாம்?,getting_virtual_card,getting_virtual_card,True
921,ஒரு மெய்நிகர் அட்டையை எவ்வாறு பெறுவது?,getting_virtual_card,get_disposable_virtual_card,False
922,மெய்நிகர் அட்டையை நான் எங்கே காணலாம்?,getting_virtual_card,getting_virtual_card,True
923,மெய்நிகர் அட்டை ஒன்றைப் பெறுவதற்கான விருப்பம் உள்ளதா?,getting_virtual_card,get_disposable_virtual_card,False
924,"எனக்கு ஒரு பௌதிக அட்டை தேவையில்லை என்றால், நான் அதன் மெய்நிகர் பதிப்பைப் பெற முடியுமா?",getting_virtual_card,getting_spare_card,False
925,"நான் ஒரு மெய்நிகர் அட்டைக்குக் கோரிக்கை விடுத்தேன், ஆனால் அது காட்டப்படவில்லை. ஏன்?",getting_virtual_card,get_disposable_virtual_card,False
926,ஒரு மெய்நிகர் அட்டையை எவ்வாறு ஆர்டர் செய்வது என்று எனக்குச் சொல்ல முடியுமா?,getting_virtual_card,get_disposable_virtual_card,False
927,மெய்நிகர் அட்டை எங்கே இருக்கிறது?,getting_virtual_card,get_disposable_virtual_card,False
928,மெய்நிகர் அட்டை என்றால் என்ன?,getting_virtual_card,get_disposable_virtual_card,False
929,நான் எவ்வாறு மெய்நிகர் அட்டையைப் பெறுவது?,getting_virtual_card,get_disposable_virtual_card,False
930,நான் ஒரு விர்ச்சுவல் கார்ட்டை எங்கிருந்து ஆர்டர் செய்வது?,getting_virtual_card,getting_virtual_card,True
931,எனக்கு ஏன் இன்னும் ஒரு விர்ச்சுவல் கார்ட் கிடைக்கவில்லை?,getting_virtual_card,getting_virtual_card,True
932,நான் எப்படி விர்ச்சுவல் கார்ட்களை ஆர்டர் செய்வது?,getting_virtual_card,getting_virtual_card,True
933,நான் எங்கே ஒரு விர்ச்சுவல் கார்ட்டை ஆர்டர் செய்யலாம் என்று எனக்குச் சொல்ல முடியுமா?,getting_virtual_card,getting_virtual_card,True
934,எனக்கு ஒரு விர்ச்சுவல் கார்ட் பெற்றுக்கொள்வது சாத்தியமா?,getting_virtual_card,getting_virtual_card,True
935,நான் விர்ச்சுவல் கார்ட் ஆர்டர் செய்யும் இடம் இதுதானா?,getting_virtual_card,getting_virtual_card,True
936,ஒரு விர்ச்சுவல் கார்ட்டைப் பெற்றுக்கொள்வதற்கான வழிமுறைகள் என்ன?,getting_virtual_card,getting_virtual_card,True
937,ஒரு விர்ச்சுவல் கார்ட்டைப் பெற்றுக்கொள்ள எனக்கு உதவுங்கள்,getting_virtual_card,getting_virtual_card,True
938,விர்ச்சுவல் கார்ட் எங்கே இருக்கிறது?,getting_virtual_card,getting_virtual_card,True
939,நான் எங்கே ஒரு விர்ச்சுவல் கார்ட்டை ஆர்டர் செய்யலாம்?,getting_virtual_card,getting_virtual_card,True
940,எனது விர்ச்சுவல் கார்ட்டை நான் எங்கே பெற்றுக்கொள்வது?,getting_virtual_card,getting_virtual_card,True
941,எனக்கு ஒரு விர்ச்சுவல் கார்ட் வேண்டும்!,getting_virtual_card,getting_virtual_card,True
942,எனக்கு அந்த விர்ச்சுவல் கார்ட்களில் ஒன்று வேண்டும்!,getting_virtual_card,getting_virtual_card,True
943,விர்ச்சுவல் கார்ட்கள் பெற்றுக்கொள்ளக் கூடியதாக இருக்கிறதா?,getting_virtual_card,getting_virtual_card,True
944,ஒரு விர்ச்சுவல் கார்ட்டிற்குப் பதிவு செய்ய எனக்கு உதவ முடியுமா?,getting_virtual_card,getting_virtual_card,True
945,மின்னஞ்சல் மூலம் கார்ட்டின் நகலை நான் பெற்றுக்கொள்ள முடியுமா?,getting_virtual_card,edit_personal_details,False
946,விர்ச்சுவல் கார்ட்டை நான் எங்கே கண்டறிவது?,getting_virtual_card,getting_virtual_card,True
947,என்னிடம் ஏன் ஒரு விர்ச்சுவல் கார்ட் இல்லை?,getting_virtual_card,getting_virtual_card,True
948,நான் எப்படி ஒரு விர்ச்சுவல் கார்ட்டை ஆர்டர் செய்வது?,getting_virtual_card,getting_virtual_card,True
949,"எனக்கு ஒரு விர்ச்சுவல் கார்ட் கிடைக்கும் என்று நினைத்தேன், ஆனால் எனக்கு இன்னும் அது கிடைக்கவில்லை, இதை நாம் எப்படித் தீர்ப்பது?",getting_virtual_card,getting_virtual_card,True
950,தயவுசெய்து எனக்கு ஒரு விர்ச்சுவல் கார்ட் பெற்றுக்கொள்ள உதவுங்கள்.,getting_virtual_card,getting_virtual_card,True
951,நான் ஒரு விர்ச்சுவல் கார்ட்டை ஆர்டர் செய்ய முடியுமா?,getting_virtual_card,getting_virtual_card,True
952,ஒரு விர்ச்சுவல் கார்ட்டைப் பெற்றுக்கொள்ள நான் எங்கே போக வேண்டும்?,getting_virtual_card,getting_virtual_card,True
953,விர்ச்சுவல் கார்ட்கள் எங்கே இருக்கின்றன?,getting_virtual_card,getting_virtual_card,True
954,எனக்கு ஒரு விர்ச்சுவல் கார்ட் தேவை - நான் எங்கே ஒன்றை வாங்கலாம்?,getting_virtual_card,getting_virtual_card,True
955,எனது விர்ச்சுவல் கார்ட் எனக்கு எப்போது கிடைக்க வேண்டும்?,getting_virtual_card,getting_virtual_card,True
956,எனது விர்ச்சுவல் கார்ட்டை நான் மீண்டும் ஆர்டர் செய்ய வேண்டும்!,getting_virtual_card,getting_virtual_card,True
957,நான் எங்கே ஒரு விர்ச்சுவல் கார்ட்டைப் பெற்றுக்கொள்ளலாம்?,getting_virtual_card,getting_virtual_card,True
958,ஒரு விர்ச்சுவல் கார்ட்டைப் பெற்றுக்கொள்ள ஏதேனும் வழி இருக்கிறதா?,getting_virtual_card,getting_virtual_card,True
959,எனக்கு விர்ச்சுவல் கார்ட்களில் ஒன்று கிடைக்கலாமா?,getting_virtual_card,getting_virtual_card,True
960,எனது அட்டை உலகம் முழுவதும் ஏற்றுக்கொள்ளப்படுமா?,card_acceptance,card_acceptance,True
961,இந்த அட்டையை யாரெல்லாம் ஏற்றுக்கொள்வார்கள்?,card_acceptance,card_acceptance,True
962,உலகம் முழுவதும் பணம் செலுத்துவதற்கு எனது அட்டையைப் பயன்படுத்த முடியுமா?,card_acceptance,card_acceptance,True
963,மாஸ்டர்கார்டை (Mastercard) ஏற்றுக்கொள்ளும் எந்தவொரு நிறுவனத்திலும் இதைப் பயன்படுத்துவது பிரச்சினையாக இருக்காது.,card_acceptance,visa_or_mastercard,False
964,இந்த அட்டையை எங்கே பயன்படுத்தலாம்?,card_acceptance,card_acceptance,True
965,எனது அட்டையை எல்லா இடங்களிலும் பயன்படுத்த முடியுமா?,card_acceptance,card_acceptance,True
966,எனது அட்டையை நான் எங்கு பயன்படுத்தலாம் என்பதில் ஏதேனும் கட்டுப்பாடுகள் உள்ளனவா?,card_acceptance,card_acceptance,True
967,எந்தக் கடைகளில் நான் எனது அட்டையைப் பயன்படுத்தலாம்?,card_acceptance,card_acceptance,True
968,எனது அட்டையை நான் விரும்பும் எந்த இடத்திலும் பயன்படுத்த முடியுமா?,card_acceptance,card_acceptance,True
969,எனது அட்டை ஏற்றுக்கொள்ளப்படாத இடங்கள் ஏதேனும் உண்டா?,card_acceptance,card_acceptance,True
970,எனது அட்டையை எங்கு பயன்படுத்தலாம் என்பதற்கான விதிகள் என்ன?,card_acceptance,card_acceptance,True
971,எனது அட்டை எங்கு ஏற்றுக்கொள்ளப்படும் என்று உங்களுக்குத் தெரியுமா?,card_acceptance,card_acceptance,True
972,எந்தெந்த இடங்களில் நான் எனது அட்டையைப் பயன்படுத்தலாம்?,card_acceptance,card_acceptance,True
973,எனது அட்டை எல்லா இடங்களிலும் ஏற்றுக்கொள்ளப்படுமா?,card_acceptance,card_acceptance,True
974,பணம் செலுத்துவதற்கு எனது அட்டையை எந்தெந்த இடங்கள் ஏற்றுக்கொள்ளும்?,card_acceptance,card_acceptance,True
975,இந்த அட்டை எல்லா இடங்களிலும் வேலை செய்யுமா?,card_acceptance,card_acceptance,True
976,எந்தெந்த வியாபார நிலையங்கள் இந்த அட்டையை ஏற்றுக்கொள்கின்றன?,card_acceptance,card_acceptance,True
977,எனது அட்டையை நான் எங்கே பயன்படுத்தலாம்?,card_acceptance,card_acceptance,True
978,எந்த விற்பனை நிலையங்கள் எனது அட்டையை ஏற்றுக்கொள்கின்றன?,card_acceptance,card_acceptance,True
979,"நான் ஜெர்மனிக்கு பயணம் செய்கிறேன், அங்கே எனது அட்டையைப் பயன்படுத்த முடியுமா?",card_acceptance,compromised_card,False
980,எந்தக் கடைகள் எனது கடன் அட்டையை (credit card) கொடுப்பனவாக ஏற்றுக்கொள்ளும்?,card_acceptance,supported_cards_and_currencies,False
981,எனது அட்டையைப் பயன்படுத்த முடியாத இடங்கள் ஏதேனும் உண்டா?,card_acceptance,card_acceptance,True
982,என்னால் எனது அட்டையை எங்கு வேண்டுமானாலும் பயன்படுத்த முடியுமா?,card_acceptance,card_acceptance,True
983,எனது அட்டையை எங்கு வேண்டுமானாலும் பயன்படுத்தலாமா?,card_acceptance,card_acceptance,True
984,எனது அட்டையை எங்கு வேண்டுமானாலும் பயன்படுத்துவது ஏற்றுக்கொள்ளத்தக்கதா?,card_acceptance,card_acceptance,True
985,எனது அட்டையை எல்லா இடங்களிலும் பயன்படுத்த முடியுமா?,card_acceptance,card_acceptance,True
986,எனது அட்டை எங்கு ஏற்றுக்கொள்ளப்படுகிறது?,card_acceptance,card_acceptance,True
987,எனது பற்று அட்டை (debit card) அல்லது கடன் அட்டை (credit card) மூலம் நான் எங்கே பணம் செலுத்தலாம்?,card_acceptance,supported_cards_and_currencies,False
988,எனது அட்டை எங்கு வேலை செய்ய வேண்டும்?,card_acceptance,card_acceptance,True
989,அட்டை ஏற்றுக்கொள்ளப்படும் பகுதிகள்,card_acceptance,card_acceptance,True
990,நான் கார்டைப் பயன்படுத்தக்கூடிய இடங்கள்,card_acceptance,get_disposable_virtual_card,False
991,எனது அட்டையைப் பயன்படுத்தி நான் ஒன்லைன் கொள்வனவுகளைச் செய்யலாமா?,card_acceptance,card_acceptance,True
992,எல்லா வியாபார இடங்களிலும் இந்த அட்டை ஏற்றுக்கொள்ளப்படுமா?,card_acceptance,card_acceptance,True
993,எந்தெந்த இடங்கள் எனது அட்டையை ஏற்றுக்கொள்ளும்?,card_acceptance,card_acceptance,True
994,எனது அட்டையை நான் எங்கும் பயன்படுத்தலாமா?,card_acceptance,card_acceptance,True
995,ஏதேனும் ஒரு வியாபார நிறுவனம் இந்த அட்டையை ஏற்றுக்கொள்ளுமா?,card_acceptance,card_acceptance,True
996,எரிபொருள் நிரப்பு நிலையங்கள் எனது அட்டையை ஏற்றுக்கொள்ளுமா?,card_acceptance,card_acceptance,True
997,என்னால் இந்த அட்டையை எங்கே பயன்படுத்த முடியும்?,card_acceptance,card_acceptance,True
998,எனது அட்டையைப் பயன்படுத்தி நான் எவற்றுக்குக் கட்டணம் செலுத்தலாம்?,card_acceptance,card_payment_fee_charged,False
999,எனது அட்டையை யாரெல்லாம் ஏற்றுக்கொள்கிறார்கள்?,card_acceptance,card_acceptance,True
1000,எனது டொப்-அப் இரத்துச் செய்யப்பட்டுள்ளது; எனக்குப் பணம் திரும்பக் கிடைக்குமா?,top_up_reverted,request_refund,False
1001,திரும்பப் பெறப்பட்ட டொப்-அப்பை நான் எவ்வாறு சரிசெய்வது?,top_up_reverted,top_up_reverted,True
1002,எனது டொப்-அப் திரும்பப் பெறப்பட்டுள்ளதா என்பதை அறிந்துகொள்ள முடியுமா?,top_up_reverted,top_up_reverted,True
1003,"எனது டொப்-அப் பூர்த்தியடைந்ததாகக் காட்டியது, ஆனால் இப்போது அது அங்கே இல்லை! இங்கு என்ன நடக்கிறது?",top_up_reverted,top_up_reverted,True
1004,"வணக்கம், என்ன நடக்கிறது என்று எனக்குத் தெரியவில்லை, தவறுதலாக எனது டொப்-அப்பிற்கு இரண்டு முறை பணம் செலுத்திவிட்டேன், தயவுசெய்து பணத்தைத் திரும்பப் பெற எனக்கு உதவ முடியுமா?",top_up_reverted,top_up_reverted,True
1005,எனது டொப்-அப் திரும்பப் பெறப்பட்டுள்ளது போல் தெரிகிறது?,top_up_reverted,top_up_reverted,True
1006,செயலி எனது டொப்-அப்பை ஏற்றுக்கொள்ளவில்லை.,top_up_reverted,unable_to_verify_identity,False
1007,"நான் எனது கணக்கிற்கு டொப்-அப் செய்தேன், முதலில் அது உறுதிப்படுத்தப்பட்ட போதிலும், இப்போது பணம் அங்கே இல்லை! இது ஏன் நடந்தது, எனது பணம் எங்கே போனது?",top_up_reverted,top_up_reverted,True
1008,"எனது டொப்-அப் மூலம் பணம் செலுத்தப்படவில்லை என்று நினைக்கிறேன், உங்கள் தரப்பில் ஏதேனும் பிரச்சினை இருந்ததா?",top_up_reverted,top_up_failed,False
1009,"எனது டொப்-அப் திரும்பப் பெறப்பட்டது, இது ஏன் நடந்தது?",top_up_reverted,top_up_reverted,True
1010,"குறைந்தபட்ச இருப்புக்காக எனது கணக்கில் பணம் செலுத்தினேன், ஆனால் செயலி அதை ஏற்றுக்கொள்ளவில்லை.",top_up_reverted,unable_to_verify_identity,False
1011,எனது டொப்-அப் இரத்துச் செய்யப்பட்டுள்ளதா என்று எனக்குச் சொல்ல முடியுமா?,top_up_reverted,top_up_reverted,True
1012,"நான் டொப்-அப் செய்தேன், ஆனால் செயலி அதைத் திரும்பப் பெற்றுவிட்டது.",top_up_reverted,top_up_reverted,True
1013,எனது டொப்-அப் ஏன் இரத்துச் செய்யப்பட வேண்டும்?,top_up_reverted,top_up_reverted,True
1014,எனது டொப்-அப்பில் ஒரு திரும்பப் பெறுகை ஏற்பட்டுள்ளது போல் தெரிகிறது.,top_up_reverted,top_up_failed,False
1015,செயலி எனது டொப்-அப்பைத் திரும்பப் பெற்றுவிட்டது.,top_up_reverted,top_up_reverted,True
1016,எனது டொப்-அப் இரத்துச் செய்யப்பட்டுள்ளது என்று நினைக்கிறேன்.,top_up_reverted,top_up_reverted,True
1017,"நீங்கள் கிரிப்டோ டொப்-அப் வசதியை வழங்குகிறீர்கள் என்று நம்பினேன். இது வேலை செய்வது போல் தெரியவில்லை. ஆனால் எனது கணக்கிலிருந்து பணம் கழிக்கப்பட்டுள்ளது, என்ன நடக்கிறது?",top_up_reverted,top_up_reverted,True
1018,"நான் டொப்-அப் செய்தேன், ஆனால் செயலி அதைத் திரும்பப் பெற்றுவிட்டது.",top_up_reverted,top_up_reverted,True
1019,"நான் டொப்-அப் செய்யச் சென்றேன், ஆனால் அது இப்போது அங்கே இல்லை. அது திருப்பி அனுப்பப்பட்டுவிட்டதா?",top_up_reverted,top_up_reverted,True
1020,எனது டொப்-அப்பிற்கு என்ன நடந்தது?,top_up_reverted,top_up_reverted,True
1021,எனது டொப்-அப் ஏன் திரும்பப் பெறப்பட்டது என்று எனக்குச் சொல்ல முடியுமா?,top_up_reverted,top_up_reverted,True
1022,என்ன காரணத்திற்காக ஒரு டொப்-அப் திரும்பப் பெறப்பட்டு எனது கணக்கிற்குத் திருப்பி அனுப்பப்படும்?,top_up_reverted,top_up_reverted,True
1023,"நான் டொப்-அப் செய்தபோது, செயலி எனது பணத்தைத் திரும்பப் பெற்றது.",top_up_reverted,top_up_reverted,True
1024,எனது டொப்-அப் ரத்து செய்யப்பட்ட இடத்திற்கு என்ன நடந்தது?,top_up_reverted,top_up_reverted,True
1025,நான் கிரிப்டோகரன்சி மூலம் டொப்-அப் செய்ய முயன்றேன் ஆனால் பணம் செலுத்துதல் திரும்பப் பெறப்பட்டது.,top_up_reverted,top_up_reverted,True
1026,செயலி எனது டொப்-அப்பைத் திரும்பப் பெற்றது.,top_up_reverted,top_up_reverted,True
1027,நான் டொப்-அப் செய்தபோது செயலி எனது செயல்பாட்டைத் திரும்பப் பெற்றது.,top_up_reverted,top_up_reverted,True
1028,எனது டொப்-அப் திரும்பப் பெறப்பட்டதா?,top_up_reverted,top_up_reverted,True
1029,"எனது டொப்-அப் ரத்து செய்யப்பட்டுள்ளதை நான் காண்கிறேன், ஆனால் ஏன்?",top_up_reverted,top_up_reverted,True
1030,எனது டொப்-அப் ரத்து செய்யப்பட்டுள்ளதா என்று உங்களுக்குத் தெரியுமா?,top_up_reverted,top_up_reverted,True
1031,எனது டொப்-அப் ரத்து செய்யப்பட்டுள்ளதா?,top_up_reverted,top_up_reverted,True
1032,எனது டொப்-அப் திரும்பப் பெறப்பட்டது.,top_up_reverted,top_up_reverted,True
1033,டொப்-அப் ரத்து செய்யப்படுவதற்கான காரணங்கள்,top_up_reverted,top_up_reverted,True
1034,நான் டொப்-அப் செய்ததை செயலி திரும்பப் பெற்றது.,top_up_reverted,top_up_reverted,True
1035,எனது டொப்-அப் திரும்பப் பெறப்பட்டுள்ளதா?,top_up_reverted,top_up_reverted,True
1036,"எனது டொப்-அப் ரத்து செய்யப்பட்டதால் நான் மிகவும் கவலையடைந்துள்ளேன், அதற்கான காரணம் எனக்குத் தெரியவில்லை.",top_up_reverted,top_up_reverted,True
1037,எனது டொப்-அப் ரத்து செய்யப்பட்டுள்ளது.,top_up_reverted,top_up_reverted,True
1038,எனது கடைசி பரிவர்த்தனையில் எனது டொப்-அப் வெற்றியளிக்கவில்லை என்று தோன்றுகிறது.,top_up_reverted,top_up_failed,False
1039,தயவுசெய்து எனது டொப்-அப் ஏன் ரத்து செய்யப்பட்டது என்று நான் அறிய விரும்புகிறேன்.,top_up_reverted,top_up_reverted,True
1040,"நான் நேற்றுத்தான் காசோலையைப் பயன்படுத்தி எனது கணக்கு நிலுவையைப் புதுப்பிக்க முயன்றேன், ஆனால் அது வேலை செய்ததாகத் தெரியவில்லை. இது இன்னும் வேகமான செயல்முறையாக இருக்க வேண்டாமா? ஏதோ தவறு நடந்துள்ளதால் தயவுசெய்து எனது கணக்கைச் சரிபார்க்கவும்.",balance_not_updated_after_cheque_or_cash_deposit,balance_not_updated_after_cheque_or_cash_deposit,True
1041,எனது வைப்புத்தொகை இன்னும் எனது கணக்கில் ஏன் காட்டப்படவில்லை?,balance_not_updated_after_cheque_or_cash_deposit,balance_not_updated_after_cheque_or_cash_deposit,True
1042,எனது கணக்கைச் சமநிலைப்படுத்த நான் காசோலையைப் பயன்படுத்தியதால் எனது கணக்கு புதுப்பிக்கப்படாமல் இருப்பதற்கு ஏதேனும் காரணம் உள்ளதா?,balance_not_updated_after_cheque_or_cash_deposit,balance_not_updated_after_cheque_or_cash_deposit,True
1043,"ஒரு வாரத்திற்கு முன்பு நான் செய்த வைப்புத்தொகை ஏன் இன்னும் காட்டப்படவில்லை என்று எனக்குத் தெரியவில்லை, எனக்கு இப்போது பணம் மிகவும் தேவைப்படுகிறது.",balance_not_updated_after_cheque_or_cash_deposit,balance_not_updated_after_cheque_or_cash_deposit,True
1044,"நான் கிட்டத்தட்ட ஒரு வாரத்திற்கு முன்பு பண வைப்பு செய்தேன் ஆனால் அது இன்னும் அங்கு இல்லை!! தயவுசெய்து இதை விரைவில் சரிசெய்யவும், எனக்கு பணம் தேவை.",balance_not_updated_after_cheque_or_cash_deposit,balance_not_updated_after_cheque_or_cash_deposit,True
1045,எனது பண வைப்புத்தொகை எங்கே?,balance_not_updated_after_cheque_or_cash_deposit,balance_not_updated_after_cheque_or_cash_deposit,True
1046,எனது கணக்கில் பண வைப்புத்தொகையைக் காட்டுவது எப்படி?,balance_not_updated_after_cheque_or_cash_deposit,balance_not_updated_after_cheque_or_cash_deposit,True
1047,இன்று காலை நான் வைப்பு செய்த பணம் எப்போது பயன்பாட்டிற்கு வரும் என்று நான் பார்ப்பது?,balance_not_updated_after_cheque_or_cash_deposit,balance_not_updated_after_cheque_or_cash_deposit,True
1048,இன்று காலை வைக்கப்பட்ட பணம் இன்னும் கணக்கில் வரவு வைக்கப்படவில்லை.,balance_not_updated_after_cheque_or_cash_deposit,balance_not_updated_after_cheque_or_cash_deposit,True
1049,நான் சமீபத்தில் வைப்பு செய்த காசோலையிலிருந்து வர வேண்டிய பணம் எங்கே?,balance_not_updated_after_cheque_or_cash_deposit,balance_not_updated_after_cheque_or_cash_deposit,True
1050,"எனது கணக்கில் பணம் வைப்பிலிடப்பட்டது, ஆனால் அது இன்னும் காட்டவில்லை.",balance_not_updated_after_cheque_or_cash_deposit,balance_not_updated_after_bank_transfer,False
1051,"நான் காசோலைகளையும் பணத்தையும் வைப்பிலிடும்போது, எனது கணக்கு மீதி புதுப்பிக்கப்படுவதில்லை.",balance_not_updated_after_cheque_or_cash_deposit,top_up_by_cash_or_cheque,False
1052,"நான் இன்று காலை ஒரு வைப்பு செய்தேன், ஆனால் அது இன்னும் நிலுவையில் உள்ளதா?",balance_not_updated_after_cheque_or_cash_deposit,balance_not_updated_after_cheque_or_cash_deposit,True
1053,எனது கணக்கில் செய்யப்பட்ட பண வைப்பு ஒரு எச்சரிக்கை அடையாளத்தைக் காட்டுகிறது.,balance_not_updated_after_cheque_or_cash_deposit,balance_not_updated_after_cheque_or_cash_deposit,True
1054,"நான் எனது கணக்கில் பணம் செலுத்தியுள்ளேன், ஆனால் அது காட்டவில்லை.",balance_not_updated_after_cheque_or_cash_deposit,balance_not_updated_after_cheque_or_cash_deposit,True
1055,நான் வைப்புச் செய்த பின்னர் எனது கணக்கின் மீதி புதுப்பிக்கப்படவில்லை.,balance_not_updated_after_cheque_or_cash_deposit,balance_not_updated_after_cheque_or_cash_deposit,True
1056,எனது கணக்கிற்கு காசோலைகள் ஏற்றுக்கொள்ளப்படுமா? என்னுடையது வேலை செய்யவில்லை போல் தெரிகிறது.,balance_not_updated_after_cheque_or_cash_deposit,top_up_by_cash_or_cheque,False
1057,"நான் ஒரு காசோலையை வைப்பிலிட்டேன், ஆனால் எனது கணக்கு மீதி இன்னும் அப்படியேதான் இருக்கிறது.",balance_not_updated_after_cheque_or_cash_deposit,balance_not_updated_after_cheque_or_cash_deposit,True
1058,பண வைப்பிலிருந்து எனது கணக்கு புதுப்பிக்கப்படுவதற்காக நான் இன்னும் காத்துக்கொண்டிருக்கிறேனா?,balance_not_updated_after_cheque_or_cash_deposit,balance_not_updated_after_cheque_or_cash_deposit,True
1059,"நான் சில நாட்களுக்கு முன்பு ஒரு காசோலையைச் சமர்ப்பித்தேன், எனது கணக்கில் இன்னும் எதுவும் நடக்கவில்லை. சாத்தியமான பிரச்சினை என்னவென்று தயவுசெய்து சரிபார்க்க முடியுமா?",balance_not_updated_after_cheque_or_cash_deposit,balance_not_updated_after_cheque_or_cash_deposit,True
1060,எனது வைப்பு எங்கே?,balance_not_updated_after_cheque_or_cash_deposit,balance_not_updated_after_cheque_or_cash_deposit,True
1061,நான் சமீபத்தில் செய்த பண வைப்பை எனது வங்கி அறிக்கை காட்டவில்லை.,balance_not_updated_after_cheque_or_cash_deposit,balance_not_updated_after_cheque_or_cash_deposit,True
1062,ஒரு வாரத்திற்கு முன்பு நான் செய்த பண வைப்பு இன்னும் காட்டவில்லை. எனக்கு பணம் தேவை - இதை எவ்வளவு விரைவாக உங்களால் சரிசெய்ய முடியும்?,balance_not_updated_after_cheque_or_cash_deposit,balance_not_updated_after_cheque_or_cash_deposit,True
1063,எனது பணம் அல்லது காசோலை வைப்புக்கு பின்னர் எனது கணக்கு மீதி ஏன் புதுப்பிக்கப்படவில்லை?,balance_not_updated_after_cheque_or_cash_deposit,balance_not_updated_after_cheque_or_cash_deposit,True
1064,பண வைப்பு ஏன் எனது கணக்கில் காட்டவில்லை?,balance_not_updated_after_cheque_or_cash_deposit,balance_not_updated_after_cheque_or_cash_deposit,True
1065,"நான் பணம் மற்றும் காசோலை வைப்பு செய்தேன், அது எனது கணக்கு மீதியுடன் சேர்க்கப்படவில்லை.",balance_not_updated_after_cheque_or_cash_deposit,balance_not_updated_after_cheque_or_cash_deposit,True
1066,காசோலையை வைப்பிலிட்ட பிறகும் எனது கணக்கு மீதி ஏன் அதிகரிக்கவில்லை?,balance_not_updated_after_cheque_or_cash_deposit,balance_not_updated_after_cheque_or_cash_deposit,True
1067,எனது கணக்கு ஏன் பண வைப்புகளை ஏற்றுக்கொள்வதில்லை?,balance_not_updated_after_cheque_or_cash_deposit,balance_not_updated_after_cheque_or_cash_deposit,True
1068,எனது கணக்கில் வைப்பிலிட நான் முயற்சித்த பணத்திற்கு என்ன நடந்தது? அது போய்விட்டது!,balance_not_updated_after_cheque_or_cash_deposit,top_up_reverted,False
1069,"நான் ஒரு காசோலையை வைப்பிலிட்டேன், ஆனால் நான் இன்னும் பணத்தைக் காணவில்லை.",balance_not_updated_after_cheque_or_cash_deposit,balance_not_updated_after_cheque_or_cash_deposit,True
1070,"ஒரு காசோலை வைப்பு எனது கணக்கில் இன்னும் வரவு வைக்கப்படவில்லை, எனது கணக்கு மீதி எப்போது புதுப்பிக்கப்படும்?",balance_not_updated_after_cheque_or_cash_deposit,balance_not_updated_after_cheque_or_cash_deposit,True
1071,"எனது கணக்கில் ஒரு பண வைப்பைச் சமர்ப்பித்தேன், ஆனால் அது இன்னும் வரவு வைக்கப்படவில்லை.",balance_not_updated_after_cheque_or_cash_deposit,balance_not_updated_after_cheque_or_cash_deposit,True
1072,"நான் சில நாட்களுக்கு முன்பு ஒரு காசோலையை அனுப்பினேன், எனது கணக்கில் இன்னும் எதுவும் நடக்கவில்லை. தயவுசெய்து இதை எனக்கு சரிபார்க்க முடியுமா?",balance_not_updated_after_cheque_or_cash_deposit,balance_not_updated_after_cheque_or_cash_deposit,True
1073,"நான் பணத்தைப் பெறுவதற்காக, நான் வைப்பிலிட்ட காசோலை தீர்க்கப்பட்டுவிட்டதா?",balance_not_updated_after_cheque_or_cash_deposit,top_up_by_cash_or_cheque,False
1074,காசோலை வைப்புகளைச் செயலாக்க எவ்வளவு நேரம் எடுக்கும்?,balance_not_updated_after_cheque_or_cash_deposit,balance_not_updated_after_cheque_or_cash_deposit,True
1075,எனது பண வைப்பு ஏன் காட்டவில்லை? இது சரியாக இருக்க முடியாது. ஏதோ தவறு நடந்திருக்க வேண்டும். எனது பணம் எங்கே போனது? எனக்கு இந்த பணம் அவசரமாக தேவைப்படுவதால் நீங்கள் அதை தொலைத்திருக்க மாட்டீர்கள் என்று நம்புகிறேன்.,balance_not_updated_after_cheque_or_cash_deposit,balance_not_updated_after_cheque_or_cash_deposit,True
1076,"நான் இன்று காலை பணத்தை வைப்பிலிட்டேன், இன்னும் காத்துக்கொண்டிருக்கிறேன்.",balance_not_updated_after_cheque_or_cash_deposit,balance_not_updated_after_cheque_or_cash_deposit,True
1077,காசோலை அல்லது பண வைப்பைத் தொடர்ந்து கணக்கு மீதி புதுப்பிக்கப்படவில்லை.,balance_not_updated_after_cheque_or_cash_deposit,balance_not_updated_after_cheque_or_cash_deposit,True
1078,"எனது கணக்கில் சிறிது பணத்தை வைப்பிலிட முயன்றேன், ஆனால் அது அங்கு இல்லை.",balance_not_updated_after_cheque_or_cash_deposit,top_up_by_cash_or_cheque,False
1079,"நான் சில நாட்களுக்கு முன்பு உங்களுக்கு ஒரு காசோலையை அனுப்பினேன், எனது கணக்கில் இன்னும் எதுவும் நடக்கவில்லை! இது ஏற்றுக்கொள்ள முடியாதது, எனது பணம் எங்கே??",balance_not_updated_after_cheque_or_cash_deposit,balance_not_updated_after_cheque_or_cash_deposit,True
1080,எனது கணக்கு அறிக்கையில் ஒரு விசித்திரமான கொடுப்பனவு உள்ளது.,card_payment_not_recognised,card_payment_not_recognised,True
1081,எனது அட்டையில் நான் செய்யாத ஒரு கட்டணம் அறவிடப்பட்டுள்ளது.,card_payment_not_recognised,card_payment_fee_charged,False
1082,நான் செய்யாத ஒரு கொடுப்பனவை நான் கண்டேன்.,card_payment_not_recognised,card_payment_not_recognised,True
1083,செயலியில் என்னுடையது அல்லாத ஒரு கொடுப்பனவு உள்ளது. தயவுசெய்து ஆலோசனை கூறவும்.,card_payment_not_recognised,card_payment_not_recognised,True
1084,எனது செயலியில் அங்கீகரிக்கப்படாத ஒரு கொடுப்பனவு உள்ளது.,card_payment_not_recognised,card_payment_not_recognised,True
1085,இந்த அட்டை கொடுப்பனவை நான் செய்யவில்லை.,card_payment_not_recognised,card_payment_not_recognised,True
1086,நான் செய்யாத ஒரு கொடுப்பனவை நான் கண்டால் நான் என்ன செய்ய வேண்டும்?,card_payment_not_recognised,card_payment_not_recognised,True
1087,அங்கீகரிக்கப்படாத அட்டை கொடுப்பனவு ஒன்றை நான் கண்டறிந்துள்ளேன்.,card_payment_not_recognised,card_payment_not_recognised,True
1088,எனது கணக்கில் நான் செய்யாத ஒரு பரிவர்த்தனை உள்ளது.,card_payment_not_recognised,card_payment_not_recognised,True
1089,அந்த கொடுப்பனவை நான் செய்ததாக எனக்கு நினைவில்லையே?,card_payment_not_recognised,card_payment_not_recognised,True
1090,"எனது அட்டையைப் பயன்படுத்தி சில கொடுப்பனவுகள் செய்யப்பட்டுள்ளன, அவை எங்கிருந்து வருகின்றன என்று எனக்குத் தெரியவில்லை. இன்றுதான் சரிபார்த்தேன், இது இரண்டு நாட்களாக நடந்துள்ளது! நான் என்ன செய்வது? இதை நான் முன்தேதியிட்டு மாற்றியமைக்க முடியுமா? எனது அட்டையையும் உடனடியாக முடக்க வேண்டும்!",card_payment_not_recognised,card_payment_not_recognised,True
1091,யாராவது எனது அட்டையைப் பயன்படுத்தியுள்ளார்களா? நான் செய்யாத கொடுப்பனவுகள் செயலியில் காட்டுகின்றன.,card_payment_not_recognised,card_payment_not_recognised,True
1092,"சில நாட்களுக்கு முன்பு எனது அட்டையில் நான் செய்யாத சில விசித்திரமான கட்டணங்கள் அறவிடப்பட்டுள்ளன. எனது அட்டை திருடப்பட்டுவிட்டதா, அப்படியாயின் நான் அதை ரத்து செய்ய வேண்டுமா? அறவிடப்பட்ட கட்டணங்கள் எனக்குத் திரும்பக் கிடைக்குமா?",card_payment_not_recognised,card_payment_fee_charged,False
1093,எனக்குத் தெரியாத ஒரு கொடுப்பனவு எனது கணக்கில் ஏன் இருக்க வேண்டும்?,card_payment_not_recognised,card_payment_not_recognised,True
1094,நான் செய்யாத ஒரு கொடுப்பனவு என்னிடம் உள்ளது.,card_payment_not_recognised,card_payment_not_recognised,True
1095,என்னுடையது அல்லாத ஒரு கொடுப்பனவு உள்ளது.,card_payment_not_recognised,card_payment_not_recognised,True
1096,எனது கணக்கை முடக்க முடியுமா? எனது கணக்கில் எனக்குத் தெரியாத சில பரிவர்த்தனைகள் இருப்பதை நான் இப்போதுதான் கண்டேன். இதை நான் எவ்வாறு சரிசெய்வது?,card_payment_not_recognised,card_payment_not_recognised,True
1097,எனக்குத் தெரியாத ஒரு அட்டை கொடுப்பனவு உள்ளது.,card_payment_not_recognised,card_payment_not_recognised,True
1098,ஒரு அட்டை கொடுப்பனவை என்னால் அடையாளம் காண முடியவில்லை.,card_payment_not_recognised,card_payment_not_recognised,True
1099,நான் செய்யாத கொடுப்பனவு,card_payment_not_recognised,card_payment_not_recognised,True
1100,"தயவுசெய்து எனது அட்டையை முடக்கவும், அதில் சில கொடுப்பனவுகள் செய்யப்பட்டுள்ளன, அவை எதற்காக என்று எனக்குத் தெரியவில்லை என்பதால் நான் கவலையடைகிறேன்.",card_payment_not_recognised,card_payment_not_recognised,True
1101,எனது கணக்கு அறிக்கையில் மோசடியான கட்டணம் ஒன்று இருப்பதாக நான் நினைக்கிறேன்.,card_payment_not_recognised,compromised_card,False
1102,"எனது அட்டையில் சமீபத்தில் செய்யப்பட்ட ஒரு கொடுப்பனவு குறித்து நான் கவலையடைகிறேன். பரிவர்த்தனை செய்யப்பட்ட நபரின் பெயரை என்னால் அடையாளம் காண முடியவில்லை, எனக்கு உதவ முடியுமா?",card_payment_not_recognised,card_payment_not_recognised,True
1103,"நான் செய்யாத பரிவர்த்தனைகளை எனது கணக்கிலிருந்து நீக்க நான் என்ன செய்ய வேண்டும்? எனது அட்டை திருடப்பட்டிருக்கலாம், அதை நான் உடனடியாக முடக்க வேண்டும்!",card_payment_not_recognised,lost_or_stolen_card,False
1104,தவறாகப் பட்டியலிடப்பட்ட ஒரு கொடுப்பனவு என்னிடம் உள்ளது.,card_payment_not_recognised,card_payment_not_recognised,True
1105,எனது அட்டையில் நான் செய்யாத சில கொடுப்பனவுகள் குறித்து நான் என்ன செய்ய முடியும்? இதை நாங்கள் கண்டறியும் வரை தயவுசெய்து எனது அட்டையை முடக்கவும்.,card_payment_not_recognised,card_payment_not_recognised,True
1106,ஒரு அட்டை கொடுப்பனவு எனக்குப் பரிச்சயமானதாக இல்லை.,card_payment_not_recognised,card_payment_not_recognised,True
1107,எனது கணக்கு அறிக்கையில் அங்கீகரிக்கப்படாத பரிவர்த்தனை ஒன்று உள்ளது.,card_payment_not_recognised,extra_charge_on_statement,False
1108,செயலியில் என்னுடையது அல்லாத ஒரு கொடுப்பனவு உள்ளது.,card_payment_not_recognised,card_payment_not_recognised,True
1109,இந்த பரிவர்த்தனை எங்கிருந்து வந்தது என்று எனக்குத் தெரியவில்லை?,card_payment_not_recognised,card_payment_not_recognised,True
1110,எனது கணக்கில் நான் செய்ததாக ஞாபகம் இல்லாத ஒரு கட்டணத்தை காண்கிறேன். எனது கணக்கு திருடப்பட்டிருக்கலாம் என்று நான் நினைக்கிறேன்.,card_payment_not_recognised,cash_withdrawal_not_recognised,False
1111,"எனது அட்டையில் காட்டப்படும் இந்தச் செலுத்தலை நான் செய்யவில்லை என்று எனக்குத் தெரியும், இந்த நபரை எனக்கு ஞாபகமே இல்லை.",card_payment_not_recognised,card_payment_not_recognised,True
1112,யாரோ எனது அட்டையைப் பயன்படுத்தி ஏதோ வாங்கியிருக்கிறார்கள்.,card_payment_not_recognised,compromised_card,False
1113,"எனது அட்டையில் அண்மையில் ஒரு கட்டணம் வசூலிக்கப்பட்டுள்ளது, அதை நான் செய்யவில்லை என்று எனக்குத் தெரியும், ஏனெனில் இந்த பெயரை நான் இதற்கு முன் பார்த்ததே இல்லை. இதை நாங்கள் விசாரிக்கலாமா?",card_payment_not_recognised,card_payment_not_recognised,True
1114,"எனது அட்டைச் செலுத்தல்கள் சில, நான் பொருட்களை வாங்கிய இடத்திலிருந்து வேறுபட்டதாகத் தோன்றுகின்றன. அது ஏன்?",card_payment_not_recognised,card_payment_not_recognised,True
1115,எனது கணக்கு அறிக்கையில் ஒரு விசித்திரமான செலுத்தல் உள்ளது. நான் என்ன செய்ய வேண்டும்?,card_payment_not_recognised,card_payment_not_recognised,True
1116,நான் செய்யாத ஒரு கொள்முதல் செய்யப்பட்டுள்ளது என்று நினைக்கிறேன்.,card_payment_not_recognised,card_payment_not_recognised,True
1117,எனது கணக்கு அறிக்கையில் ஒரு மோசடியான கட்டணம் உள்ளது.,card_payment_not_recognised,card_payment_not_recognised,True
1118,எனது கணக்கில் நான் செய்யாத அந்தச் செலுத்தல் என்ன?,card_payment_not_recognised,card_payment_not_recognised,True
1119,எனது கணக்கு அறிக்கையில் எனக்கு அடையாளம் தெரியாத ஒரு செலுத்தல் உள்ளது.,card_payment_not_recognised,card_payment_not_recognised,True
1120,"பதிவிலுள்ள முகவரியில் நான் இப்போது வசிப்பதில்லை, அதை நான் எவ்வாறு மாற்றுவது?",edit_personal_details,edit_personal_details,True
1121,எனது முகவரியை எவ்வாறு மாற்றுவது?,edit_personal_details,edit_personal_details,True
1122,எனது விபரங்களை நான் எவ்வாறு புதுப்பிப்பது?,edit_personal_details,edit_personal_details,True
1123,எனது முகவரி திருத்தப்பட வேண்டும்.,edit_personal_details,edit_personal_details,True
1124,"திருமணம் முடிந்துவிட்டது, கணக்கின் பெயரை மாற்ற வேண்டும்.",edit_personal_details,edit_personal_details,True
1125,எனது முகவரி மாறிவிட்டது.,edit_personal_details,edit_personal_details,True
1126,"திருமணம் முடிந்துவிட்டது, பெயரை மாற்ற வேண்டும்.",edit_personal_details,edit_personal_details,True
1127,எனது தனிப்பட்ட விபரங்களை மாற்ற விரும்புகிறேன்.,edit_personal_details,edit_personal_details,True
1128,நான் குடிபெயர்ந்துவிட்டேன். எனது விபரங்களை நான் புதுப்பிக்க வேண்டும்.,edit_personal_details,edit_personal_details,True
1129,எனது கணக்கின் தனிப்பட்ட விபரங்கள் பகுதியை நான் திருத்த வேண்டும்.,edit_personal_details,edit_personal_details,True
1130,நான் குடிபெயர்ந்த பிறகு எனது தனிப்பட்ட தகவல்களை எங்கே மாற்றலாம்?,edit_personal_details,edit_personal_details,True
1131,எனது விபரங்களை மாற்ற நான் எங்கே செல்ல வேண்டும்?,edit_personal_details,edit_personal_details,True
1132,எனது தகவல்களை நான் எவ்வாறு மாற்றுவது?,edit_personal_details,edit_personal_details,True
1133,எனது கணக்கு விபரங்களை நான் மாற்ற வேண்டும்.,edit_personal_details,edit_personal_details,True
1134,நான் குடிபெயர்ந்துவிட்டேன். எனது விபரங்களை எங்கே புதுப்பிப்பது?,edit_personal_details,edit_personal_details,True
1135,"நான் இடம் மாறிவிட்டேன், எனது தனிப்பட்ட விபரங்களை மாற்ற வேண்டும்.",edit_personal_details,edit_personal_details,True
1136,எனது தனிப்பட்ட விபரங்களை நான் புதுப்பிக்க வேண்டும்.,edit_personal_details,edit_personal_details,True
1137,எனது முகவரி மாறிவிட்டது. அதை எவ்வாறு தெரிவிப்பது?,edit_personal_details,edit_personal_details,True
1138,எனது தகவல்களை நான் புதுப்பிக்க வேண்டும்.,edit_personal_details,edit_personal_details,True
1139,எனது விபரங்களை நான் எவ்வாறு மாற்றலாம்?,edit_personal_details,edit_personal_details,True
1140,எனது பெயரை மாற்றுவதற்கு நான் என்ன செய்ய வேண்டும்?,edit_personal_details,edit_personal_details,True
1141,"எனது முகவரி மாறியுள்ளது, அதை நான் மாற்ற வேண்டும்.",edit_personal_details,edit_personal_details,True
1142,எனது தனிப்பட்ட சுயவிவரத்தை இற்றைப்படுத்த நான் எங்கே செல்ல வேண்டும்?,edit_personal_details,edit_personal_details,True
1143,செயலி மூலம் எனது தனிப்பட்ட விபரங்களை திருத்த முடியுமா?,edit_personal_details,edit_personal_details,True
1144,எனது விபரங்களை நான் எவ்வாறு மாற்றலாம்?,edit_personal_details,edit_personal_details,True
1145,எனது கணக்கில் எனது குடும்பப் பெயரை மாற்றுவதற்கு எனக்கு உதவி தேவை.,edit_personal_details,edit_personal_details,True
1146,எனது தற்போதைய வசிப்பிட விபரங்களை நான் எவ்வாறு இற்றைப்படுத்துவது?,edit_personal_details,edit_personal_details,True
1147,பெயரை எவ்வாறு மாற்றுவது?,edit_personal_details,edit_personal_details,True
1148,எனக்குத் திருமணம் ஆகிவிட்டதால் எனது பெயரை மாற்ற வேண்டும்.,edit_personal_details,edit_personal_details,True
1149,எனது முகவரியை மாற்ற விரும்புகிறேன்.,edit_personal_details,edit_personal_details,True
1150,பெயரை எவ்வாறு மாற்றுவது?,edit_personal_details,edit_personal_details,True
1151,எனது தகவல்களை நான் மாற்ற முடியுமா?,edit_personal_details,edit_personal_details,True
1152,எனது தற்போதைய முகவரியை நான் இற்றைப்படுத்த வேண்டும்.,edit_personal_details,edit_personal_details,True
1153,நான் இடம் மாறிவிட்டேன். எனது விபரங்களை எங்கே இற்றைப்படுத்தலாம்?,edit_personal_details,edit_personal_details,True
1154,எனது பெயரை மாற்ற விரும்புகிறேன்.,edit_personal_details,edit_personal_details,True
1155,தபால் நிலையம் முகவரி மாற்றப் படிவத்தை அனுப்பும் வரை நான் காத்திருக்க வேண்டுமா?,edit_personal_details,edit_personal_details,True
1156,"எனது பெயரை மாற்ற வேண்டும், நான் என்ன செய்ய வேண்டும்?",edit_personal_details,edit_personal_details,True
1157,எனது தனிப்பட்ட விபரங்களை நான் எவ்வாறு திருத்தலாம்?,edit_personal_details,edit_personal_details,True
1158,எனது முகவரியை எவ்வாறு மாற்றுவது?,edit_personal_details,edit_personal_details,True
1159,எனது கணக்கிலுள்ள முகவரியை மாற்றுவதற்கு நான் என்ன செய்ய வேண்டும்?,edit_personal_details,edit_personal_details,True
1160,எனது அடையாளத்தைப் பற்றி ஏன் இவ்வளவு விபரங்களைக் கேட்கிறீர்கள்?,why_verify_identity,why_verify_identity,True
1161,எனது அடையாளத்தை உறுதிப்படுத்த நான் விரும்பவில்லை.,why_verify_identity,why_verify_identity,True
1162,எனது கணக்கில் நுழையும் ஒவ்வொரு முறையும் எனது அடையாளத்தை உறுதிப்படுத்த வேண்டுமா?,why_verify_identity,why_verify_identity,True
1163,எனது அடையாளத்தை நான் ஏன் உறுதிப்படுத்த வேண்டும்?,why_verify_identity,why_verify_identity,True
1164,அடையாளத்தை உறுதிப்படுத்துவதற்கு முன்னர் என்னால் பணப் பரிமாற்றங்களைச் செய்ய முடியுமா?,why_verify_identity,why_verify_identity,True
1165,எனது அடையாளத்தை உறுதிப்படுத்துவதன் அவசியம் என்ன?,why_verify_identity,why_verify_identity,True
1166,நான் அடையாளச் சோதனையைச் செய்ய வேண்டுமா?,why_verify_identity,why_verify_identity,True
1167,எனது அடையாளத்தை உறுதிப்படுத்தாமல் எனது கணக்கைப் பயன்படுத்த முடியுமா?,why_verify_identity,why_verify_identity,True
1168,அடையாளத்தை உறுதிப்படுத்துவது ஏன் கட்டாயமாக்கப்பட்டுள்ளது?,why_verify_identity,why_verify_identity,True
1169,நான் அடையாளச் சோதனையைச் செய்ய வேண்டுமா?,why_verify_identity,why_verify_identity,True
1170,நான் அடையாள உறுதிப்படுத்தலைச் செய்யாமல் இருக்க விரும்புகிறேன்.,why_verify_identity,why_verify_identity,True
1171,"அடையாள உறுதிப்படுத்தல் இன்னும் தேர்ச்சி பெறாதபோதும், நான் இன்னும் எனது கணக்கைப் பயன்படுத்தலாமா?",why_verify_identity,why_verify_identity,True
1172,எனது அடையாள விபரங்கள் அனைத்தும் உங்களுக்கு ஏன் தேவைப்படுகின்றன?,why_verify_identity,why_verify_identity,True
1173,எனது அடையாளத்தை உறுதிப்படுத்த உங்களுக்கு ஏன் இவ்வளவு தகவல்கள் தேவைப்படுகின்றன?,why_verify_identity,why_verify_identity,True
1174,அடையாளச் சோதனையின் நோக்கம் என்ன?,why_verify_identity,why_verify_identity,True
1175,எனது அடையாளத்தைப் பற்றி இவ்வளவு தகவல்களை நிரப்ப வேண்டியிருப்பது எனக்குப் பிடிக்கவில்லை.,why_verify_identity,why_verify_identity,True
1176,அடையாளச் சோதனையின் பயன் என்ன?,why_verify_identity,why_verify_identity,True
1177,எனது அடையாளத்தை நீங்கள் ஏன் தெரிந்து கொள்ள வேண்டும்?,why_verify_identity,why_verify_identity,True
1178,"அடையாள உறுதிப்படுத்தல் இன்னும் முடிவடையாத நிலையிலும், நான் இப்போது எனது கணக்கைப் பயன்படுத்தலாமா?",why_verify_identity,why_verify_identity,True
1179,எனது கணக்கைப் பயன்படுத்த நான் எனது அடையாளத்தை உறுதிப்படுத்த வேண்டுமா?,why_verify_identity,why_verify_identity,True
1180,நான் ஏன் அடையாளச் சோதனை செய்ய வேண்டும்?,why_verify_identity,why_verify_identity,True
1181,என்னிடம் ஏன் அடையாளச் சோதனை செய்யக் கேட்கப்படுகிறது?,why_verify_identity,why_verify_identity,True
1182,அடையாள உறுதிப்படுத்தல் முடிவடைவதற்கு முன்பு நான் பரிவர்த்தனைகளைச் செய்யலாமா?,why_verify_identity,why_verify_identity,True
1183,நான் உண்மையிலேயே எனது அடையாளத்தை உறுதிப்படுத்த வேண்டுமா?,why_verify_identity,why_verify_identity,True
1184,எனது அடையாள விபரங்கள் அனைத்தையும் நான் ஏன் உங்களுக்கு வழங்க வேண்டும்?,why_verify_identity,why_verify_identity,True
1185,உங்களுக்கு ஏன் இவ்வளவு அடையாள விபரங்கள் தேவைப்படுகின்றன?,why_verify_identity,why_verify_identity,True
1186,"எனது அடையாளம் உறுதிப்படுத்தப்படாததால், நான் எப்போது எனது கணக்கைப் பயன்படுத்தலாம்?",why_verify_identity,why_verify_identity,True
1187,நான் எனது அடையாளத்தை உறுதிப்படுத்த மாட்டேன்.,why_verify_identity,why_verify_identity,True
1188,எனது அடையாளத்தை உறுதிப்படுத்துவதைத் தவிர்க்க விரும்புகிறேன்.,why_verify_identity,why_verify_identity,True
1189,எனது அடையாளத்தை உறுதிப்படுத்த நான் விரும்பவில்லை.,why_verify_identity,why_verify_identity,True
1190,நான் ஏன் எனது அடையாளத்தை உறுதிப்படுத்த வேண்டும்?,why_verify_identity,why_verify_identity,True
1191,அடையாளச் சோதனை என்றால் என்ன?,why_verify_identity,why_verify_identity,True
1192,எனது அடையாளத்தை உறுதிப்படுத்த வேறு என்ன முறைகள் உள்ளன?,why_verify_identity,unable_to_verify_identity,False
1193,நான் எனது அடையாளத்தை உறுதிப்படுத்த வேண்டுமா?,why_verify_identity,why_verify_identity,True
1194,எனது கணக்கைப் பயன்படுத்த விரும்பும் ஒவ்வொரு முறையும் நான் எனது அடையாளத்தை உறுதிப்படுத்த வேண்டுமா?,why_verify_identity,why_verify_identity,True
1195,அடையாள உறுதிப்படுத்தல் முடிவடையாவிட்டால் நான் எனது கணக்கைப் பயன்படுத்தலாமா?,why_verify_identity,why_verify_identity,True
1196,எனது அடையாளத்தை உறுதிப்படுத்துமாறு அது ஏன் என்னைக் கேட்கிறது?,why_verify_identity,why_verify_identity,True
1197,நான் எனது அடையாளத்தை உறுதிப்படுத்த வேண்டுமா?,why_verify_identity,why_verify_identity,True
1198,என்னைப் பற்றி நீங்கள் ஏன் இவ்வளவு தெரிந்து கொள்ள வேண்டும்?,why_verify_identity,why_verify_identity,True
1199,நான் ஏன் எனது அடையாளத்தை உறுதிப்படுத்த வேண்டியிருந்தது?,why_verify_identity,why_verify_identity,True
1200,என்னால் எனது அடையாளத்தை உறுதிப்படுத்த முடியவில்லை.,unable_to_verify_identity,unable_to_verify_identity,True
1201,எனது அடையாளத்தை நிரூபிப்பதற்கு தேவையானவை என்னிடம் இல்லை.,unable_to_verify_identity,unable_to_verify_identity,True
1202,நான் சொல்வது நான்தான் என்று இந்தச் செயலி ஏன் நம்பவில்லை?,unable_to_verify_identity,unable_to_verify_identity,True
1203,எனது அடையாளத்தை உறுதிப்படுத்துவதில் எனக்குப் பிரச்சினை ஏற்படுகிறது.,unable_to_verify_identity,unable_to_verify_identity,True
1204,எனது அடையாள உறுதிப்படுத்தல் தோல்வியடைந்தால் நான் என்ன செய்ய வேண்டும்?,unable_to_verify_identity,unable_to_verify_identity,True
1205,எனது அடையாளத்தை உறுதிப்படுத்துவது சாத்தியமற்றதாக உள்ளது.,unable_to_verify_identity,why_verify_identity,False
1206,இது நான்தான் என்று இந்தச் செயலிக்குத் தெரியவில்லை.,unable_to_verify_identity,unable_to_verify_identity,True
1207,எனது அடையாள அட்டையை உறுதிப்படுத்துவதில் எனக்குப் பிரச்சினை ஏற்படுகிறது.,unable_to_verify_identity,unable_to_verify_identity,True
1208,செயலி என்னை அடையாளம் காணவில்லை.,unable_to_verify_identity,unable_to_verify_identity,True
1209,எனது அடையாள அட்டையை உறுதிப்படுத்த எனக்கு உதவுங்கள்.,unable_to_verify_identity,unable_to_verify_identity,True
1210,செயலி எனது அடையாளத்தை உறுதிப்படுத்தத் தவறிவிட்டது.,unable_to_verify_identity,unable_to_verify_identity,True
1211,என்னால் எனது அடையாள அட்டையை உறுதிப்படுத்த முடியவில்லை.,unable_to_verify_identity,unable_to_verify_identity,True
1212,என்னால் எனது அடையாளத்தை நிரூபிக்க முடியவில்லை.,unable_to_verify_identity,unable_to_verify_identity,True
1213,இந்தச் செயலி என்னை அடையாளம் காணவில்லை.,unable_to_verify_identity,unable_to_verify_identity,True
1214,எனது அடையாள அட்டை ஏன் உறுதிப்படுத்தப்படவில்லை?,unable_to_verify_identity,unable_to_verify_identity,True
1215,இந்தச் செயலி என்னை எனது கணக்கிற்குள் நுழைய அனுமதிக்கவில்லை.,unable_to_verify_identity,unable_to_verify_identity,True
1216,எனது அடையாளத்தை நிரூபிப்பதில் எனக்குப் பிரச்சினை ஏற்படுகிறது.,unable_to_verify_identity,unable_to_verify_identity,True
1217,என்னால் எனது சொந்த அடையாளத்தை நிரூபிக்க முடியவில்லை.,unable_to_verify_identity,unable_to_verify_identity,True
1218,எனது அடையாள அட்டை உறுதிப்படுத்தப்பட மாட்டாது!,unable_to_verify_identity,unable_to_verify_identity,True
1219,இது நான்தான் என்பதை இந்தச் செயலிக்கு என்னால் புரிய வைக்க முடியவில்லை.,unable_to_verify_identity,unable_to_verify_identity,True
1220,என்னால் எனது அடையாளத்தை உறுதிப்படுத்த முடியவில்லை.,unable_to_verify_identity,unable_to_verify_identity,True
1221,இந்தச் செயலி என்னை அடையாளம் காணவில்லை.,unable_to_verify_identity,unable_to_verify_identity,True
1222,எனது அடையாளத்தை உறுதிப்படுத்துவதில் எனக்கு சிரமங்கள் உள்ளன.,unable_to_verify_identity,unable_to_verify_identity,True
1223,நான் தான் அது என்பதை இந்தச் செயலி நம்பவில்லை.,unable_to_verify_identity,unable_to_verify_identity,True
1224,எனது அடையாள அட்டையை உறுதிப்படுத்தாததற்கு என்ன காரணம்?,unable_to_verify_identity,unable_to_verify_identity,True
1225,எனது அடையாள அட்டையை உறுதிப்படுத்த எனக்கு என்ன தேவை?,unable_to_verify_identity,verify_my_identity,False
1226,"நான் எனது அடையாள அட்டையை உறுதிப்படுத்த முயன்றேன், ஆனால் அது என்னை அனுமதிக்கவில்லை.",unable_to_verify_identity,unable_to_verify_identity,True
1227,இதுதான் எனது உண்மையான அடையாளம் என்பதை இந்த முட்டாள் முறைமைக்கு நான் எவ்வாறு காட்டுவது?,unable_to_verify_identity,unable_to_verify_identity,True
1228,எனது அடையாளத்தை வழங்குவதில் நான் சிரமத்தை எதிர்கொள்கிறேன்.,unable_to_verify_identity,unable_to_verify_identity,True
1229,எனது அடையாளத்தை நிரூபிப்பதில் எனக்குப் பிரச்சினை ஏற்படுகிறது.,unable_to_verify_identity,unable_to_verify_identity,True
1230,எனது அடையாள அட்டை உறுதிப்படுத்தப்பட எவ்வளவு நேரம் எடுக்கும்?,unable_to_verify_identity,unable_to_verify_identity,True
1231,என்னால் ஏன் எனது அடையாள அட்டையை உறுதிப்படுத்த முடியாமல் இருக்கிறது?,unable_to_verify_identity,unable_to_verify_identity,True
1232,இது எனது அடையாளத்தை உறுதிப்படுத்த என்னை அனுமதிக்கவில்லை.,unable_to_verify_identity,unable_to_verify_identity,True
1233,செயலி அது நான் தான் என்று நினைக்கவில்லை.,unable_to_verify_identity,unable_to_verify_identity,True
1234,எனது அடையாள அட்டையை உறுதிப்படுத்துவதில் எனக்கு ஏன் பிரச்சினை ஏற்படுகிறது?,unable_to_verify_identity,unable_to_verify_identity,True
1235,அடையாளத்தை உறுதிப்படுத்துவதில் எனக்கு பிரச்சினைகள் உள்ளன.,unable_to_verify_identity,unable_to_verify_identity,True
1236,செயலி என்னை எனது கணக்கிற்குள் நுழைய அனுமதிக்கவில்லை.,unable_to_verify_identity,unable_to_verify_identity,True
1237,என்னால் ஏன் எனது அடையாளத்தை உறுதிப்படுத்த முடியாது?,unable_to_verify_identity,unable_to_verify_identity,True
1238,என்னால் ஏன் எனது அடையாள அட்டையை உறுதிப்படுத்த முடியாது?,unable_to_verify_identity,unable_to_verify_identity,True
1239,ஏதோ ஒரு காரணத்தினால் எனது அடையாளத்தை உறுதிப்படுத்துவதில் எனக்கு ஒரு பிரச்சினை ஏற்படுகிறது.,unable_to_verify_identity,unable_to_verify_identity,True
1240,எனது அட்டைப் பின் (PIN) இலக்கத்தை நான் என்ன செய்ய வேண்டும்?,get_physical_card,get_physical_card,True
1241,பின் (PIN) இலக்கம் தனியாக அனுப்பப்படுகிறதா?,get_physical_card,get_physical_card,True
1242,என்னிடம் எனது பின் (PIN) இலக்கம் இல்லை.,get_physical_card,get_physical_card,True
1243,பின் (PIN) இலக்கங்கள் தனியாகவா வருகின்றன?,get_physical_card,get_physical_card,True
1244,எனது பின் (PIN) இலக்கத்தை என்னால் கண்டுபிடிக்க முடியவில்லை. அது எங்கே இருக்கிறது?,get_physical_card,get_physical_card,True
1245,புதிய அட்டைக்கான எனது பின் (PIN) இலக்கத்தை நான் எவ்வாறு அமைப்பது?,get_physical_card,get_physical_card,True
1246,எனது அட்டைப் பின் (PIN) இலக்கத்தை நான் எவ்வாறு கண்டறிவது?,get_physical_card,get_physical_card,True
1247,எனது அட்டைப் பின் (PIN) இலக்கம் செயலியில் சேமிக்கப்பட்டுள்ளதா?,get_physical_card,get_physical_card,True
1248,எனது பின் (PIN) இலக்கத்தைக் கண்டறிய எங்கு பார்ப்பது என்று எனக்குத் தெரியவில்லை.,get_physical_card,get_physical_card,True
1249,செயலியில் எங்கே எனது புதிய பின் (PIN) இலக்கத்தைப் பற்றி நான் அறியலாம்?,get_physical_card,get_physical_card,True
1250,செயலியில் எங்கே எனது பின் (PIN) இலக்கத்தைக் கண்டறியலாம்?,get_physical_card,get_physical_card,True
1251,"நான் இப்போதுதான் எனது புதிய அட்டையைப் பெற்றேன், ஆனால் அதன் பின் (PIN) இலக்கத்தை எவ்வாறு சரிபார்ப்பது என்று எனக்குத் தெரியவில்லை.",get_physical_card,get_physical_card,True
1252,எனக்கு ஒரு பின் (PIN) இலக்கம் தேவையா?,get_physical_card,get_physical_card,True
1253,"எனது அட்டைக்கு ஒரு பின் (PIN) இலக்கம் தேவைப்பட்டால், அது எங்கே இருக்கும்?",get_physical_card,get_physical_card,True
1254,எனது அட்டைப் பின் (PIN) இலக்கம் என்ன?,get_physical_card,get_physical_card,True
1255,அட்டையின் பின் (PIN) இலக்கம் பற்றி என்ன?,get_physical_card,get_physical_card,True
1256,இந்த அட்டைப் பின் (PIN) இலக்கம் பற்றி?,get_physical_card,get_physical_card,True
1257,"நான் எனது அட்டையைப் பெற்றேன், ஆனால் எனது பின் (PIN) இலக்கத்தைப் பெறவில்லை.",get_physical_card,get_physical_card,True
1258,என்னால் ஏன் எனது பின் (PIN) இலக்கத்தைப் பார்க்க முடியாது?,get_physical_card,get_physical_card,True
1259,பின் (PIN) இலக்கத்தை அமைப்பதற்கான வழிமுறை என்ன?,get_physical_card,pin_blocked,False
1260,எனது பின் (PIN) இலக்கம் எனது அட்டையுடன் வருகிறதா?,get_physical_card,get_physical_card,True
1261,அட்டையின் பின் (PIN) இலக்கத்தை நான் எங்கே காணலாம்?,get_physical_card,get_physical_card,True
1262,எனது பின் (PIN) இலக்கம் இன்னும் ஏன் கிடைக்கவில்லை?,get_physical_card,get_physical_card,True
1263,எனது பின் (PIN) இலக்கம் எனது கணக்கில் எங்காவது உள்ளதா?,get_physical_card,get_physical_card,True
1264,"எனது அட்டையின் பின் (PIN) இலக்கத்தைக் கண்டறிய தயவுசெய்து உதவுங்கள், நன்றி!",get_physical_card,get_physical_card,True
1265,எனது பின் (PIN) இலக்கம் எங்கே உள்ளது?,get_physical_card,get_physical_card,True
1266,எனக்கு இன்னும் எனது பின் (PIN) இலக்கம் கிடைக்கவில்லை.,get_physical_card,get_physical_card,True
1267,அப்படியென்றால் அட்டையின் பின் (PIN) இலக்கம் பற்றி என்ன?,get_physical_card,get_physical_card,True
1268,என்னால் அட்டையின் பின் (PIN) இலக்கத்தைக் கண்டறிய முடியவில்லை.,get_physical_card,get_physical_card,True
1269,எனக்கு எனது பின் (PIN) இலக்கம் தேவை.,get_physical_card,get_physical_card,True
1270,எனது பின் (PIN) இலக்கத்தை நான் எங்கே காணலாம்?,get_physical_card,get_physical_card,True
1271,எனது பின் (PIN) இலக்கத்தை நான் எப்போது பெறுவேன்?,get_physical_card,get_physical_card,True
1272,எனது அட்டையின் பின் (PIN) இலக்கத்தைக் கண்டறிய எனக்கு உதவுங்கள்!,get_physical_card,get_physical_card,True
1273,பின் (PIN) இலக்கம் தனியாக விநியோகிக்கப்படுகிறதா?,get_physical_card,get_physical_card,True
1274,எனது அட்டையின் பின் (PIN) இலக்கத்தை என்னால் கண்டறிய முடியவில்லை.,get_physical_card,get_physical_card,True
1275,பின் (PIN) இலக்கத்தைப் பெற நான் என்ன செய்ய வேண்டும்?,get_physical_card,get_physical_card,True
1276,எனது பின் (PIN) இலக்கத்தை என்னால் ஏன் கண்டறிய முடியவில்லை?,get_physical_card,get_physical_card,True
1277,அட்டையின் பின் (PIN) இலக்கம் எங்கே உள்ளது?,get_physical_card,get_physical_card,True
1278,எனது அட்டையின் பின் (PIN) இலக்கம் என்ன?,get_physical_card,get_physical_card,True
1279,பயனர் பின் (PIN) இலக்கத்தை எங்கே காணலாம்?,get_physical_card,get_physical_card,True
1280,விசா (Visa) அட்டையை விட எனக்கு மாஸ்டர்கார்ட் (Mastercard) அட்டையே பிடிக்கும்.,visa_or_mastercard,visa_or_mastercard,True
1281,நான் விசா (Visa) அட்டைக்கு தகுதியானவரா?,visa_or_mastercard,visa_or_mastercard,True
1282,நான் எவ்வாறு விசா (Visa) அட்டையைப் பெறுவது?,visa_or_mastercard,visa_or_mastercard,True
1283,நீங்கள் விசா (Visa) அல்லது மாஸ்டர்கார்ட் (Mastercard) அட்டைகளை ஏற்றுக்கொள்கிறீர்களா?,visa_or_mastercard,visa_or_mastercard,True
1284,விசா (Visa) மற்றும் மாஸ்டர்கார்ட் (Mastercard) ஆகிய இரண்டும் ஏற்றுக்கொள்ளப்படுமா?,visa_or_mastercard,visa_or_mastercard,True
1285,நீங்கள் மாஸ்டர்கார்ட் (Mastercard) அல்லது விசா (Visa) அட்டைகளை ஏற்றுக்கொள்கிறீர்களா?,visa_or_mastercard,visa_or_mastercard,True
1286,விசா (Visa) மற்றும் மாஸ்டர்கார்ட் (Mastercard) ஆகிய இரண்டும் வழங்கப்படுகின்றனவா?,visa_or_mastercard,visa_or_mastercard,True
1287,எனக்கு ஒரு விசா (Visa) அட்டை தர முடியுமா?,visa_or_mastercard,visa_or_mastercard,True
1288,எனக்கு விசா (Visa) அல்லது மாஸ்டர்கார்ட் (Mastercard) அட்டை கிடைக்குமா என்பதை எவ்வாறு தீர்மானிப்பது?,visa_or_mastercard,visa_or_mastercard,True
1289,எனக்கு ஒரு மாஸ்டர்கார்ட் (Mastercard) அட்டை கிடைக்கலாமா?,visa_or_mastercard,visa_or_mastercard,True
1290,ஒரு விசா கடன் அட்டையைப் பெறுவதற்கு நான் என்ன வழிமுறைகளைப் பின்பற்ற வேண்டும்?,visa_or_mastercard,visa_or_mastercard,True
1291,நான் மாஸ்டர்கார்ட் ஒன்றைப் பெறவே விரும்புகிறேன்.,visa_or_mastercard,visa_or_mastercard,True
1292,விசா மற்றும் மாஸ்டர்கார்ட் ஆகியவற்றிற்கு இடையே எனக்குத் தெரிவு செய்ய வாய்ப்பு கிடைக்குமா?,visa_or_mastercard,visa_or_mastercard,True
1293,ஒரு விசா கடன் அட்டையைப் பெறுவதற்கு நான் என்ன செய்ய வேண்டும்?,visa_or_mastercard,visa_or_mastercard,True
1294,நான் ஒரு விசா அட்டையையே விரும்புகிறேன்.,visa_or_mastercard,visa_or_mastercard,True
1295,நான் விசா மற்றும் மாஸ்டர்கார்ட் ஆகியவற்றிற்கு இடையே தெரிவு செய்யலாமா?,visa_or_mastercard,visa_or_mastercard,True
1296,கொடுப்பனவு செய்வதற்கு நான் எந்தவொரு அட்டையையும் பயன்படுத்த அனுமதி உண்டா?,visa_or_mastercard,top_up_limits,False
1297,என்னென்ன அட்டைகள் கிடைக்கக்கூடியதாக உள்ளன?,visa_or_mastercard,getting_spare_card,False
1298,நான் விசா மற்றும் மாஸ்டர்கார்ட் இரண்டையும் பெற விரும்புகிறேன்.,visa_or_mastercard,visa_or_mastercard,True
1299,என்னால் எனது அட்டையைத் தெரிவு செய்ய முடியுமா?,visa_or_mastercard,lost_or_stolen_card,False
1300,விசா மற்றும் மாஸ்டர்கார்ட் ஆகிய இரண்டுமே எனக்குக் கிடைக்குமா?,visa_or_mastercard,visa_or_mastercard,True
1301,நீங்கள் விசா அல்லது மாஸ்டர்கார்ட் வழங்குகிறீர்களா?,visa_or_mastercard,visa_or_mastercard,True
1302,விசாவுக்குப் பதிலாக ஒரு மாஸ்டர்கார்ட்டை நான் எவ்வாறு தெரிவு செய்வது?,visa_or_mastercard,visa_or_mastercard,True
1303,நான் ஒரு விசா அட்டைக்கு விண்ணப்பிக்க விரும்புகிறேன்.,visa_or_mastercard,visa_or_mastercard,True
1304,விசா மற்றும் மாஸ்டர்கார்ட் ஆகியவற்றிற்கு இடையே தெரிவு செய்யும் வாய்ப்பு எனக்குக் கிடைக்குமா?,visa_or_mastercard,visa_or_mastercard,True
1305,எங்களுக்கு விசா மற்றும் மாஸ்டர்கார்ட் ஆகிய இரண்டுமே தேவை.,visa_or_mastercard,visa_or_mastercard,True
1306,வணக்கம். நீங்கள் விசா அல்லது மாஸ்டர்கார்ட் பயன்படுத்துகிறீர்களா என்று கூற முடியுமா?,visa_or_mastercard,visa_or_mastercard,True
1307,விசா அல்லது மாஸ்டர்கார்ட்டைத் தெரிவு செய்வது பற்றிய மேலதிக விபரங்களை நான் அறிய விரும்புகிறேன்.,visa_or_mastercard,visa_or_mastercard,True
1308,உங்களிடம் விசா அல்லது மாஸ்டர்கார்ட் உள்ளதா?,visa_or_mastercard,visa_or_mastercard,True
1309,உங்களிடமிருந்து விசா மற்றும் மாஸ்டர்கார்ட் ஆகிய இரண்டையும் பெற்றுக்கொள்ள முடியுமா?,visa_or_mastercard,visa_or_mastercard,True
1310,எனக்கு மாஸ்டர்கார்ட் தான் அதிக விருப்பம்.,visa_or_mastercard,visa_or_mastercard,True
1311,நீங்கள் விசா அல்லது மாஸ்டர்கார்ட் வழங்குகிறீர்களா?,visa_or_mastercard,visa_or_mastercard,True
1312,நான் மாஸ்டர்கார்ட்டையே விரும்புகிறேன்.,visa_or_mastercard,visa_or_mastercard,True
1313,தயவுசெய்து எனக்கு விசா மற்றும் மாஸ்டர்கார்ட் ஆகிய இரண்டையும் தாருங்கள்.,visa_or_mastercard,visa_or_mastercard,True
1314,ஒரு விசா மற்றும் மாஸ்டர்கார்ட்டைப் பெற்றுக்கொள்ள முடியுமா?,visa_or_mastercard,visa_or_mastercard,True
1315,என்னென்ன பிரதான அட்டை கொடுப்பனவுகள் ஏற்றுக்கொள்ளப்படுகின்றன?,visa_or_mastercard,reverted_card_payment?,False
1316,விசா அல்லது மாஸ்டர்கார்ட் கிடைக்கக்கூடியதாக உள்ளதா?,visa_or_mastercard,visa_or_mastercard,True
1317,அட்டைத் திட்ட ஒதுக்கீடுகளில் விசாவும் உள்ளதா என்பதை எனக்குத் தெரிவிக்க முடியுமா?,visa_or_mastercard,visa_or_mastercard,True
1318,நீங்கள் மாஸ்டர்கார்ட் அல்லது விசா பயன்படுத்துகிறீர்களா?,visa_or_mastercard,visa_or_mastercard,True
1319,இங்கே ஒரு விசா அட்டையைப் பெற்றுக்கொள்ள முடியுமா?,visa_or_mastercard,visa_or_mastercard,True
1320,கார்ட் மூலம் எனது கணக்கை நான் எவ்வாறு டொப்-அப் செய்வது?,topping_up_by_card,topping_up_by_card,True
1321,"எனது பணம் எங்கே? நான் எனது கார்டைப் பயன்படுத்திக் கொண்டிருந்தேன், அது காணாமல் போய்விட்டது.",topping_up_by_card,topping_up_by_card,True
1322,கார்ட் மூலம் நான் எவ்வாறு டொப்-அப் செய்வது?,topping_up_by_card,topping_up_by_card,True
1323,எனது கிரெடிட் கார்டைப் பயன்படுத்தி பணம் அனுப்புவதற்கான நடைமுறை என்ன?,topping_up_by_card,topping_up_by_card,True
1324,உங்கள் செயலியைப் பயன்படுத்தி எனது கார்டை எவ்வாறு டொப்-அப் செய்வது? நான் இதற்குப் புதியவன்.,topping_up_by_card,topping_up_by_card,True
1325,நண்பர்கள் எனது கணக்கில் பணம் சேர்க்க முடியுமா?,topping_up_by_card,topping_up_by_card,True
1326,எனது காரைப் பயன்படுத்தி நான் டொப்-அப் செய்ய முடியுமா?,topping_up_by_card,topping_up_by_card,True
1327,எனது வாலட்டில் எனது டொப்-அப்பை ஏன் என்னால் இனி பார்க்க முடியவில்லை?,topping_up_by_card,topping_up_by_card,True
1328,பணம் அனுப்ப கிரெடிட் கார்டைப் பயன்படுத்தவும்.,topping_up_by_card,topping_up_by_card,True
1329,எனது நண்பர்கள் எனது கணக்கை எவ்வாறு டொப்-அப் செய்வது?,topping_up_by_card,topping_up_by_card,True
1330,"எனது கார்டைப் பயன்படுத்தி பணம் அனுப்புவதற்கான வழிமுறைகளை நான் பின்பற்றினேன், ஆனால் பணம் காணாமல் போய்விட்டது, என்ன நடந்தது என்று எனக்குத் தெரியவில்லை.",topping_up_by_card,topping_up_by_card,True
1331,எனது கார்டில் வசூலிக்கப்பட்ட பணம் எங்கே? அது எனது கணக்கு இருப்பில் காட்டப்படவில்லை.,topping_up_by_card,balance_not_updated_after_bank_transfer,False
1332,நான் எவ்வாறு டொப்-அப் செய்வது?,topping_up_by_card,topping_up_by_card,True
1333,"எனது கணக்கிலிருந்து சில நிதிகள் காணவில்லை - எனது கிரெடிட் கார்ட் எண்ணைப் பயன்படுத்தி அவற்றை அனுப்ப முயன்றேன், அது காணாமல் போய்விட்டது.",topping_up_by_card,topping_up_by_card,True
1334,"எனது கணக்கை டொப்-அப் செய்ய விரும்பும் நண்பர்கள் எனக்கு இருக்கிறார்கள், அது சாத்தியமா?",topping_up_by_card,topping_up_by_card,True
1335,கிரெடிட் கார்டைப் பயன்படுத்தி நான் எவ்வாறு பணம் அனுப்புவது?,topping_up_by_card,topping_up_by_card,True
1336,எனது நண்பர்கள் எனக்காக டொப்-அப் செய்யக்கூடிய வகையில் எனது கணக்கிற்கான அணுகலை அவர்களுக்கு வழங்க முடியுமா?,topping_up_by_card,topping_up_by_card,True
1337,"நான் ஒரு டொப்-அப் செய்தேன், ஆனால் அது இன்னும் எனது வாலட்டில் காட்டப்படவில்லை.",topping_up_by_card,topping_up_by_card,True
1338,"நான் சரியான தகவலைத்தான் உள்ளிட்டேன் என்று எனக்குத் தெரியும், ஆனால் எனது டொப்-அப் எனது இருப்பில் இல்லை.",topping_up_by_card,topping_up_by_card,True
1339,எனது நண்பரால் எனது கணக்கை டொப்-அப் செய்ய முடியுமா?,topping_up_by_card,topping_up_by_card,True
1340,எனது கார்டிலிருந்து நேரடியாக நிதியை மாற்றுவதற்கு ஏதேனும் வழி உள்ளதா?,topping_up_by_card,verify_source_of_funds,False
1341,எனது டொப்-அப் ஏன் எனது வாலட்டில் காட்டப்படவில்லை?,topping_up_by_card,topping_up_by_card,True
1342,"எனது கார்டைப் பயன்படுத்தி டொப்-அப் செய்ய முயன்றேன், ஆனால் இப்போது பணம் காணாமல் போய்விட்டது!",topping_up_by_card,topping_up_by_card,True
1343,எனது கிரெடிட் கார்டிற்கு பணம் அனுப்ப எனக்கு உதவுங்கள்.,topping_up_by_card,topping_up_by_card,True
1344,"டொப்-அப் செய்ய எனது கார்டைப் பயன்படுத்த முயன்றேன், ஆனால் பணம் முழுவதும் காணாமல் போய்விட்டது.",topping_up_by_card,topping_up_by_card,True
1345,பணம் அனுப்ப எனது கிரெடிட் கார்டைப் பயன்படுத்த முடியுமா?,topping_up_by_card,topping_up_by_card,True
1346,ஒருவர் எனது கணக்கில் எவ்வாறு பணம் சேர்க்கலாம்?,topping_up_by_card,cash_withdrawal_not_recognised,False
1347,எனது டொப்-அப்பை அணுக முடியவில்லை.,topping_up_by_card,topping_up_by_card,True
1348,எனது நண்பர்களால் எனது கணக்கில் நிதியைச் சேர்க்க முடியுமா?,topping_up_by_card,topping_up_by_card,True
1349,எனது கிரெடிட் கார்டிற்கு நான் பணம் அனுப்ப முடியுமா?,topping_up_by_card,topping_up_by_card,True
1350,வேறு யாரால் எனது கணக்கை மீள்நிரப்ப முடியும்?,topping_up_by_card,transfer_into_account,False
1351,நான் மீள்நிரப்ப முயன்ற உடனே எனது பணம் ஏன் இல்லாமல் போனது?,topping_up_by_card,pending_top_up,False
1352,எனது கடன் அட்டையைப் பயன்படுத்தி நான் எவ்வாறு பணத்தை மாற்றுவது?,topping_up_by_card,top_up_failed,False
1353,எனது நண்பர்கள் எனது கணக்கை மீள்நிரப்ப விரும்புகிறார்கள்.,topping_up_by_card,topping_up_by_card,True
1354,எனது கணக்குகளை யாரால் மீள்நிரப்ப முடியும்?,topping_up_by_card,transfer_into_account,False
1355,எனது அட்டையைப் பயன்படுத்தி எவ்வாறு மீள்நிரப்புவது என்று எனக்குக் காட்டுங்கள்.,topping_up_by_card,transfer_into_account,False
1356,"நான் எனது அட்டையை மீள்நிரப்பினேன், ஆனால் பணம் மறைந்துவிட்டது.",topping_up_by_card,topping_up_by_card,True
1357,எனது பணப்பையில் நான் மீள்நிரப்பிய தொகை ஏன் காட்டப்படவில்லை?,topping_up_by_card,balance_not_updated_after_bank_transfer,False
1358,எனது கணக்கில் நான் இப்போது சேர்த்த மீள்நிரப்புத் தொகையை என்னால் ஏன் பார்க்க முடியவில்லை?,topping_up_by_card,pending_top_up,False
1359,எனது நண்பர்களால் எனது கணக்கை மீள்நிரப்ப முடியுமா?,topping_up_by_card,topping_up_by_card,True
1360,நான் எவ்வாறு பல ஒருமுறை பயன்படுத்தும் அட்டைகளைப் பெற்றுக்கொள்வது?,disposable_card_limits,disposable_card_limits,True
1361,ஒரு நாளைக்கு என்னால் பல ஒருமுறை பயன்படுத்தும் அட்டைகளை உருவாக்க முடியுமா?,disposable_card_limits,disposable_card_limits,True
1362,"ஒரு நாளைக்கு பல முறை எனது ஒருமுறை பயன்படுத்தும் அட்டையை நான் பயன்படுத்த வேண்டும், அதற்கு ஏதேனும் வரம்பு உள்ளதா?",disposable_card_limits,disposable_card_limits,True
1363,ஒரு நாளில் ஒன்றுக்கு மேற்பட்ட ஒருமுறை பயன்படுத்தும் அட்டைகளை நான் எவ்வாறு உருவாக்குவது?,disposable_card_limits,disposable_card_limits,True
1364,என்னிடம் ஒன்றுக்கு மேற்பட்ட ஒருமுறை பயன்படுத்தும் அட்டைகள் இருக்க முடியுமா?,disposable_card_limits,disposable_card_limits,True
1365,ஒருமுறை பயன்படுத்தும் அட்டைகளின் வரம்பு என்ன?,disposable_card_limits,disposable_card_limits,True
1366,என்னால் வைத்திருக்கக்கூடிய அதிகபட்ச ஒருமுறை பயன்படுத்தும் அட்டைகளின் எண்ணிக்கை எவ்வளவு?,disposable_card_limits,disposable_card_limits,True
1367,இந்த மெய்நிகர் அட்டைகளைப் பயன்படுத்துவதற்கு ஏதேனும் வரம்புகள் உள்ளனவா?,disposable_card_limits,disposable_card_limits,True
1368,என்னிடம் எத்தனை ஒருமுறை பயன்படுத்தும் அட்டைகள் இருக்க முடியும்?,disposable_card_limits,disposable_card_limits,True
1369,ஒவ்வொரு நாளும் நான் வைத்திருக்கக்கூடிய ஒருமுறை பயன்படுத்தும் அட்டைகளின் எண்ணிக்கை எவ்வளவு?,disposable_card_limits,disposable_card_limits,True
1370,ஒரு நாளைக்கு எத்தனை ஒருமுறை பயன்படுத்தும் அட்டைகளை வைத்திருக்க எனக்கு அனுமதி உண்டு?,disposable_card_limits,disposable_card_limits,True
1371,ஒருமுறை பயன்படுத்தும் அட்டையில் நான் எத்தனை அட்டைப் கொடுப்பனவுகளைப் பயன்படுத்தலாம்?,disposable_card_limits,disposable_card_limits,True
1372,எனக்கு பல ஒருமுறை பயன்படுத்தும் அட்டைகள் தேவைப்பட்டால் என்ன செய்வது?,disposable_card_limits,disposable_card_limits,True
1373,"என்னிடம் ஒன்றுக்கு மேற்பட்ட ஒருமுறை பயன்படுத்தும் அட்டைகள் இருந்தால், அவை ஒவ்வொன்றிலும் ஐந்து கொடுப்பனவுகளைச் செய்ய முடியுமா?",disposable_card_limits,disposable_card_limits,True
1374,ஒருமுறை பயன்படுத்தும் அட்டைகளின் கட்டுப்பாடுகளை உங்களால் விளக்க முடியுமா?,disposable_card_limits,disposable_card_limits,True
1375,ஒரு அட்டையைக் கொண்டு நான் செய்யக்கூடிய அதிகபட்ச பரிவர்த்தனைகளின் எண்ணிக்கை என்ன?,disposable_card_limits,disposable_card_limits,True
1376,ஒருமுறை பயன்படுத்தும் அட்டையைக் கொண்டு நான் செய்யக்கூடிய பரிவர்த்தனைகளின் எண்ணிக்கையின் வரம்பு என்ன?,disposable_card_limits,disposable_card_limits,True
1377,ஒருமுறை பயன்படுத்தும் அட்டைகளின் வரம்பு எத்தனை?,disposable_card_limits,disposable_card_limits,True
1378,ஒருமுறை பயன்படுத்தும் அட்டையைக் கொண்டு நான் எத்தனை பரிவர்த்தனைகளைச் செய்ய முடியும் என்று எனக்குச் சொல்லுங்கள்.,disposable_card_limits,disposable_card_limits,True
1379,எனக்கு ஒரு நாளைக்கு பல ஒருமுறை பயன்படுத்தும் அட்டைகள் தேவைப்படுகின்றன.,disposable_card_limits,disposable_card_limits,True
1380,ஒருமுறை பயன்படுத்தும் அட்டைகளுக்கான கட்டுப்பாடுகள் ஏதேனும் உண்டா என நான் அறிய விரும்புகிறேன்.,disposable_card_limits,disposable_card_limits,True
1381,தினசரி பல தற்காலிக அட்டைகளை நான் எவ்வாறு உருவாக்கலாம்?,disposable_card_limits,disposable_card_limits,True
1382,ஒரு நாளில் பல ஒருமுறை பயன்படுத்தும் அட்டைகளை உருவாக்க முடியுமா?,disposable_card_limits,disposable_card_limits,True
1383,ஒரு நாளில் நான் எத்தனை ஒருமுறை பயன்படுத்தும் அட்டைகளை உருவாக்க முடியும்?,disposable_card_limits,disposable_card_limits,True
1384,ஒரு ஒருமுறை பயன்படுத்தும் அட்டையில் நான் செய்யக்கூடிய பரிவர்த்தனைகளின் எண்ணிக்கைக்கு ஏதேனும் எல்லை உண்டா?,disposable_card_limits,disposable_card_limits,True
1385,நான் பயன்படுத்தக்கூடிய ஒருமுறை பயன்படுத்தும் அட்டைகளின் எண்ணிக்கைக்கு ஏதேனும் எல்லைகள் உண்டா?,disposable_card_limits,disposable_card_limits,True
1386,மெய்நிகர் அட்டைகளின் எல்லை பற்றி விளக்க முடியுமா?,disposable_card_limits,disposable_card_limits,True
1387,என்னிடம் எத்தனை ஒருமுறை பயன்படுத்தும் மெய்நிகர் அட்டைகள் இருக்க முடியும்?,disposable_card_limits,disposable_card_limits,True
1388,எனக்கு ஒரு நாளைக்கு பல ஒருமுறை பயன்படுத்தும் அட்டைகளை உருவாக்க வேண்டும்.,disposable_card_limits,disposable_card_limits,True
1389,ஒருமுறை பயன்படுத்தும் மெய்நிகர் அட்டையைப் பயன்படுத்துவதில் ஏதேனும் தடங்கல்கள் உண்டா?,disposable_card_limits,disposable_card_limits,True
1390,என்னிடம் எத்தனை ஒருமுறை பயன்படுத்தும் அட்டைகள் இருக்க முடியும்?,disposable_card_limits,disposable_card_limits,True
1391,எனக்கு எத்தனை மெய்நிகர் அட்டைகள் கிடைக்கும்?,disposable_card_limits,disposable_card_limits,True
1392,ஒருவர் வைத்திருக்கக்கூடிய ஒருமுறை பயன்படுத்தும் அட்டைகளின் எல்லை என்ன?,disposable_card_limits,disposable_card_limits,True
1393,ஒருமுறை பயன்படுத்தும் அட்டையை நான் எத்தனை தடவை பயன்படுத்தலாம்?,disposable_card_limits,disposable_card_limits,True
1394,ஒருமுறை பயன்படுத்தும் மெய்நிகர் அட்டையை நான் எதற்காகப் பயன்படுத்தலாம்?,disposable_card_limits,get_disposable_virtual_card,False
1395,ஒருமுறை பயன்படுத்தும் அட்டைகளுக்கான கட்டுப்பாடுகள் என்னவென்று உங்களுக்குத் தெரியுமா?,disposable_card_limits,disposable_card_limits,True
1396,ஒருமுறை பயன்படுத்தும் மெய்நிகர் அட்டைகளுக்கான எல்லைகள் யாவை?,disposable_card_limits,disposable_card_limits,True
1397,ஒருமுறை பயன்படுத்தும் மெய்நிகர் அட்டைகளைப் பயன்படுத்துவதற்கான எல்லைகள் யாவை?,disposable_card_limits,disposable_card_limits,True
1398,ஒரு ஒருமுறை பயன்படுத்தும் அட்டையைக் கொண்டு நான் எத்தனை பரிவர்த்தனைகளைச் செய்ய முடியும்?,disposable_card_limits,disposable_card_limits,True
1399,என்னிடம் உள்ள ஒருமுறை பயன்படுத்தும் மெய்நிகர் அட்டையை நான் எத்தனை முறை பயன்படுத்தலாம்?,disposable_card_limits,disposable_card_limits,True
1400,எனக்கு நினைவில்லாத பரிவர்த்தனைகளைச் செய்வதற்கு யாரோ எனது அட்டையைப் பயன்படுத்துகிறார்கள் என்று நான் நினைக்கிறேன்.,compromised_card,compromised_card,True
1401,யாரோ எனது கணக்கைப் பயன்படுத்துகிறார்கள்.,compromised_card,compromised_card,True
1402,எனக்குத் தெரியாத யாரோ ஒருவர் எனது அனுமதியின்றி எனது அட்டையைப் பயன்படுத்தியுள்ளார்.,compromised_card,compromised_card,True
1403,எனது அனுமதியின்றி எனது அட்டை பயன்படுத்தப்பட்டுள்ளது.,compromised_card,compromised_card,True
1404,எனது அட்டையை நான் இப்பொழுதே முடக்க முடியுமா?,compromised_card,lost_or_stolen_card,False
1405,"எனது கணக்கு ஹேக் செய்யப்பட்டுள்ளது, தயவுசெய்து அதை முடக்குங்கள்.",compromised_card,compromised_card,True
1406,"நான் செய்யாத பரிவர்த்தனைகள் உள்ளன, வேறு யாரோ தான் எனது அட்டையைப் பயன்படுத்தியிருக்க வேண்டும்.",compromised_card,compromised_card,True
1407,நான் ஊரில் இல்லாதபோது யாரோ எனது அட்டையைப் பயன்படுத்தியதால் அதை முடக்க முடியுமா? இந்த கொள்வனவுகளை நான் செய்யவில்லை.,compromised_card,compromised_card,True
1408,யாரோ எனது கணக்கைப் பயன்படுத்தி இணையவழி கொள்வனவு செய்கிறார்கள்! தயவுசெய்து அதை எவ்வளவு சீக்கிரம் முடியுமோ அவ்வளவு சீக்கிரம் முடக்குங்கள்.,compromised_card,request_refund,False
1409,வேறு யாரோ எனது அட்டையைப் பயன்படுத்துகிறார்கள் போலிருக்கிறது. எனக்குத் தெரியாத பரிவர்த்தனைகள் சில உள்ளன.,compromised_card,compromised_card,True
1410,"எனது அட்டையில் அனுமதிப்பத்திரம் இல்லாத கொடுக்கல்வாங்கல்களை நிறுத்துவதற்கு நான் என்ன செய்ய வேண்டும்? எனது பில்லில் உள்ள கொடுக்கல்வாங்கல்கள் நடந்த இடத்திற்கு நான் ஒருபோதும் சென்றதில்லை, அவற்றை நான் செய்யவுமில்லை. தயவுசெய்து உதவுங்கள்!",compromised_card,compromised_card,True
1411,எனது அட்டை தவறாகப் பயன்படுத்தப்பட்டுள்ளது என்று நான் நினைத்தால் நான் என்ன செய்ய வேண்டும்?,compromised_card,compromised_card,True
1412,எனது கணக்கில் நடக்கும் மோசடியை நான் இப்போது எவ்வாறு உடனடியாக நிறுத்தலாம்?,compromised_card,compromised_card,True
1413,"எனது அடையாளம் திருடப்பட்டிருக்கலாம் என்று நான் நினைக்கிறேன், அனுமதிப்பத்திரம் இல்லாத கட்டணங்களை உங்களால் சரிபார்க்க முடியுமா?",compromised_card,lost_or_stolen_card,False
1414,வேறு யாரோ எனது அட்டையைப் பயன்படுத்துகிறார்கள் என்று நான் நினைக்கிறேன். நான் செய்யாத கொடுக்கல்வாங்கல்கள் சில உள்ளன.,compromised_card,compromised_card,True
1415,"எனது அட்டையில் உள்ள சில கொடுக்கல்வாங்கல்களை என்னால் அடையாளம் காண முடியவில்லை, யாரோ எனது அட்டை விபரங்களைப் பெற்று அதைப் பயன்படுத்தியிருக்க வேண்டும் என்று நினைக்கிறேன்.",compromised_card,compromised_card,True
1416,கணக்கை முடக்குவதற்கும் மோசடிக்கு எதிராகப் புகாரளிப்பதற்கும் நான் செயலியைப் பயன்படுத்தலாமா?,compromised_card,compromised_card,True
1417,பல கொள்வனவுகளைச் செய்வதற்கு எனது அட்டை இணையத்தில் பயன்படுத்தப்படுகிறது! வேறு யாரோ அதை மோசடியாகப் பயன்படுத்துகிறார்கள். அதை முடக்க எனக்கு உதவ முடியுமா?,compromised_card,compromised_card,True
1418,"யாரோ எனது அட்டை இலக்கத்தை வைத்துள்ளனர், எனது கணக்கை முடக்குங்கள்.",compromised_card,cash_withdrawal_not_recognised,False
1419,"எனது கணக்கில் தொடர்பில்லாத கொள்வனவுகள் செய்யப்பட்டுள்ளதை நான் காண்கிறேன், அது ஹேக் செய்யப்பட்டுள்ளதா?",compromised_card,compromised_card,True
1420,"யாரோ எனது அட்டையைப் பயன்படுத்தியுள்ளனர் போல் தெரிகிறது! நான் நிச்சயமாகச் செய்யாத, எங்கோ ஒரு சிறிய நகரத்திலிருந்து செய்யப்பட்ட சில கொடுக்கல்வாங்கல்கள் உள்ளன! அவர்கள் அதைப் பயன்படுத்துவதை உடனடியாகத் தடுத்து நிறுத்துங்கள்!",compromised_card,compromised_card,True
1421,செயலியைப் பயன்படுத்தி எனது அட்டையை நான் எவ்வாறு முடக்குவது?,compromised_card,card_not_working,False
1422,எனது அட்டை ஆபத்துக்குள்ளாகியுள்ளது,compromised_card,card_arrival,False
1423,வேறு யாராவது எனது அட்டையைப் பயன்படுத்தக்கூடும் என்று நான் நினைத்தால் நான் என்ன செய்ய வேண்டும்?,compromised_card,compromised_card,True
1424,"காண்பிக்கப்படும் கொடுக்கல்வாங்கல்கள் விசித்திரமாக உள்ளன, எனக்குத் தெரியாமல் எனது அட்டை பயன்படுத்தப்பட்டுள்ளது என்று நினைக்கிறேன்.",compromised_card,compromised_card,True
1425,எனது கணக்கை நான் எவ்வாறு முடக்குவது?,compromised_card,terminate_account,False
1426,"எனக்கு உறுதியாகத் தெரியவில்லை, ஆனால் யாரோ எனது அட்டையைப் பயன்படுத்திக் கொண்டிருக்கலாம்.",compromised_card,compromised_card,True
1427,எனது அட்டையை நான் எவ்வாறு முடக்குவது? பல இணையவழி கொடுக்கல்வாங்கல்களைச் செய்ய யாரோ அதைப் பயன்படுத்துகிறார்கள் என்று நினைக்கிறேன்.,compromised_card,compromised_card,True
1428,"யாரோ எனது அட்டை விபரங்களைப் பெற்று அதைப் பயன்படுத்தியுள்ளனர் என்று நினைக்கிறேன், ஏனெனில் என்னால் அடையாளம் காண முடியாத கொடுக்கல்வாங்கல்கள் உள்ளன. நான் இப்போது என்ன செய்ய வேண்டும்?",compromised_card,compromised_card,True
1429,வேறு யாரோ எனது அட்டையைப் பயன்படுத்தியுள்ளனர்!,compromised_card,compromised_card,True
1430,எனது அனுமதியின்றி யாரோ எனது அட்டையைப் பயன்படுத்துகிறார்கள் என்று நான் நம்புகிறேன்!,compromised_card,compromised_card,True
1431,"யாரிடமாவது எனது அட்டை விபரங்கள் இருப்பதாக நான் கருதினால், எனக்கு புதிய அட்டை கிடைக்குமா?",compromised_card,compromised_card,True
1432,"என்னால் அடையாளம் காண முடியாத சில கொடுக்கல்வாங்கல்கள் உள்ளன, யாரோ எனது அட்டை விபரங்களைப் பெற்று அதைப் பயன்படுத்தியுள்ளனர் என்று நினைக்கிறேன்.",compromised_card,compromised_card,True
1433,அணுகல் இருக்கக் கூடாத ஒருவருக்கு எனது அட்டை இலக்கங்கள் கிடைத்துள்ளன என்று நினைக்கிறேன்.,compromised_card,compromised_card,True
1434,நான் வீட்டில் இல்லாதபோது எனது பிள்ளை எனது அட்டையைப் பயன்படுத்தியிருக்கலாம் என்று நினைக்கிறேன்.,compromised_card,compromised_card,True
1435,யாரோ எனது அட்டை விபரங்களைப் பெற்றுவிட்டார்கள் என்று நான் நினைத்தால் நான் என்ன செய்ய வேண்டும்?,compromised_card,compromised_card,True
1436,யாரோ எனது அட்டையிலுள்ள இலக்கங்களை நகலெடுத்து அவற்றைப் பயன்படுத்துகிறார்கள் என்று நினைக்கிறேன்.,compromised_card,compromised_card,True
1437,யாரோ எனது அட்டையைப் பயன்படுத்துகிறார்கள் என்று நான் நினைத்தால் நான் என்ன செய்ய வேண்டும்?,compromised_card,compromised_card,True
1438,எனது அட்டையை முடக்குவதற்கும் மோசடிக்கு எதிராகப் புகாரளிப்பதற்கும் நான் செயலியைப் பயன்படுத்தலாமா?,compromised_card,compromised_card,True
1439,"வேறு யாரோ எனது அட்டையைப் பயன்படுத்துகிறார்கள், அதை முடக்குங்கள்.",compromised_card,compromised_card,True
1440,எல்லா ஏடிஎம் இயந்திரங்களும் இந்த அட்டையை ஏற்றுக்கொள்ளுமா?,atm_support,atm_support,True
1441,எந்த ஏடிஎம் இயந்திரங்கள் இந்த அட்டையை ஏற்றுக்கொள்ளும்?,atm_support,atm_support,True
1442,மிக அருகிலுள்ள மாஸ்டர்கார்ட் ஏடிஎம் எங்கே உள்ளது?,atm_support,atm_support,True
1443,ஏடிஎம் இயந்திரங்களின் பட்டியல் ஏதேனும் உள்ளதா?,atm_support,atm_support,True
1444,இந்த அட்டையைப் பயன்படுத்தக்கூடிய குறிப்பிட்ட ஏடிஎம் இயந்திரங்கள் ஏதேனும் உள்ளனவா?,atm_support,atm_support,True
1445,எந்த ஏடிஎம் இயந்திரங்கள் இந்த அட்டையை ஏற்றுக்கொள்ளும் என்று நான் எவ்வாறு அறிவது?,atm_support,atm_support,True
1446,எந்த ஏடிஎம் இயந்திரங்கள் எனது அட்டையை ஏற்றுக்கொள்ளும்?,atm_support,atm_support,True
1447,அருகில் ஏதேனும் ஏடிஎம் இயந்திரங்கள் உள்ளனவா?,atm_support,atm_support,True
1448,இந்த அட்டையை ஏற்றுக்கொள்ளும் ஏடிஎம் இயந்திரங்கள் எங்கு அமைந்துள்ளன?,atm_support,atm_support,True
1449,எந்த ஏடிஎம் இயந்திரங்கள் இந்த அட்டையை ஏற்றுக்கொள்ளும்?,atm_support,atm_support,True
1450,மிக அருகிலுள்ள ஏடிஎம் இயந்திரத்தைக் கண்டறிய எனக்கு உதவுங்கள்.,atm_support,atm_support,True
1451,இந்த அட்டையை எந்த ஏடிஎம் இயந்திரங்களில் பயன்படுத்தலாம்?,atm_support,atm_support,True
1452,மிக அருகிலுள்ள ஏடிஎம் இயந்திரத்தை நான் எவ்வாறு கண்டறிவது?,atm_support,atm_support,True
1453,நான் எவ்வகையான ஏடிஎம் இயந்திரங்களைப் பயன்படுத்தலாம்?,atm_support,atm_support,True
1454,நான் எவ்வாறு பணம் எடுப்பது?,atm_support,declined_cash_withdrawal,False
1455,ஏடிஎம் எத்தனை மைல் தொலைவில் உள்ளது?,atm_support,atm_support,True
1456,நான் எங்கிருந்து பணம் எடுக்கலாம்?,atm_support,atm_support,True
1457,எந்த ஏடிஎம் இயந்திரங்கள் எனது அட்டையை ஏற்றுக்கொள்ளும்?,atm_support,atm_support,True
1458,என்னால் எந்த ஏடிஎம் இயந்திரங்களில் இந்த அட்டையைப் பயன்படுத்த முடியும்?,atm_support,atm_support,True
1459,எனது அட்டையை ஏதேனும் ஏடிஎம் இயந்திரங்களில் பயன்படுத்தலாமா?,atm_support,atm_support,True
1460,இந்த அட்டையைப் பயன்படுத்தி எங்கு வேண்டுமானாலும் பணம் பெற முடியுமா?,atm_support,card_acceptance,False
1462,எனக்கு மிக அருகிலுள்ள ஏடிஎம் இயந்திரத்தைக் கண்டறிய யாராவது உதவ முடியுமா?,atm_support,atm_support,True
1463,எனக்கு அருகில் ஏதேனும் ஏடிஎம் இயந்திரங்கள் உள்ளனவா?,atm_support,atm_support,True
1464,மிக அருகிலுள்ள வங்கி இயந்திரம் எங்கே உள்ளது?,atm_support,atm_support,True
1465,எவ்வகையான ஏடிஎம் இயந்திரங்கள் இந்த அட்டையை ஏற்றுக்கொள்ளும்?,atm_support,atm_support,True
1466,இந்த அட்டையை நான் எந்த ஏடிஎம் இயந்திரத்தில் பயன்படுத்தலாம்?,atm_support,atm_support,True
1467,"இந்த அட்டை என்னிடம் இருந்தால், நான் எந்த ஏடிஎம் இயந்திரங்களுக்குச் செல்லலாம்?",atm_support,atm_support,True
1468,நான் எந்த ஏடிஎம் இயந்திரங்களில் இருந்து பணம் எடுக்கலாம்?,atm_support,atm_support,True
1469,"நான் பணம் எடுக்க வேண்டும், நான் எங்கே செல்லலாம்?",atm_support,atm_support,True
1470,நான் எங்கே எனது பணத்தை எடுக்கலாம்?,atm_support,atm_support,True
1471,இந்த அட்டையை ஏற்றுக்கொள்ளும் ஏடிஎம்கள் எவை?,atm_support,atm_support,True
1472,இந்த வகையான அட்டையை எந்த ஏடிஎம்கள் ஏற்றுக்கொள்ளும்?,atm_support,atm_support,True
1473,இந்த அட்டையைப் பயன்படுத்துவதற்கு நான் எங்கே ஒரு ஏடிஎம்மைக் கண்டறியலாம்?,atm_support,atm_support,True
1474,எந்த ஏடிஎம்களில் நான் இந்த அட்டையைப் பயன்படுத்தலாம்?,atm_support,atm_support,True
1475,நான் இந்த அட்டையைப் பயன்படுத்தக்கூடிய குறிப்பிட்ட ஏடிஎம்கள் ஏதும் இருக்கின்றனவா?,atm_support,atm_support,True
1476,மிக அருகிலுள்ள ஏடிஎம் உங்களுக்குத் தெரியுமா?,atm_support,atm_support,True
1477,நான் இந்த அட்டையை ஏடிஎம்மில் பயன்படுத்தலாமா?,atm_support,atm_support,True
1478,நான் பணம் எடுக்க முடியாத இடங்கள் ஏதும் இருக்கின்றனவா?,atm_support,atm_support,True
1479,பணம் எடுப்பதற்கான இடங்கள்,atm_support,atm_support,True
1480,எனக்கு உதவுங்கள். நான் செய்யாத ஒரு நேரடிப் பற்று இங்கே உள்ளது.,direct_debit_payment_not_recognised,direct_debit_payment_not_recognised,True
1481,என்னுடையது அல்லாத ஒரு நேரடிப் பற்று உள்ளது.,direct_debit_payment_not_recognised,direct_debit_payment_not_recognised,True
1482,எனது கணக்கு அறிக்கையில் ஒரு விசித்திரமான நேரடிப் பற்று உள்ளது.,direct_debit_payment_not_recognised,direct_debit_payment_not_recognised,True
1483,"இந்த பற்று எங்கிருந்து வந்தது என்று எனக்குப் புரியவில்லை, அதை நீக்க வேண்டும்.",direct_debit_payment_not_recognised,direct_debit_payment_not_recognised,True
1484,எனது கணக்கில் உள்ள இந்தக் கட்டணம் என்ன?,direct_debit_payment_not_recognised,direct_debit_payment_not_recognised,True
1485,"எனக்கு இப்போது மிகவும் கோபமாக இருக்கிறது. எனது முன்னாள் காதலன் எனது அட்டையில் செய்ததாக நான் நினைக்கும் பல கட்டணங்கள் உள்ளன. இணையதளத்தில் உள்ள நிறுவனங்கள் எனது பணத்தைத் திருப்பித் தரவில்லை, அவர்கள் என்னை வங்கியைத் தொடர்பு கொள்ளச் சொன்னார்கள். தயவுசெய்து ஏதாவது செய்யுங்கள்.",direct_debit_payment_not_recognised,transaction_charged_twice,False
1486,யாரோ எனது பணத்தைத் திருடிவிட்டார்கள்.,direct_debit_payment_not_recognised,cash_withdrawal_not_recognised,False
1487,எனது கணக்கில் நான் செய்யாத ஒரு நேரடிப் பற்றுச் செலுத்துகை உள்ளது.,direct_debit_payment_not_recognised,direct_debit_payment_not_recognised,True
1488,எனது கணக்கில் நான் செய்யாத ஒரு பற்று உள்ளது.,direct_debit_payment_not_recognised,direct_debit_payment_not_recognised,True
1489,எனது பற்று அறிக்கையில் ஒரு மோசடிக் கட்டணம் இருக்கலாம்.,direct_debit_payment_not_recognised,direct_debit_payment_not_recognised,True
1490,எனது செயலியில் நான் செய்யாத ஒரு நேரடிப் பற்றுச் செலுத்துகை ஏன் உள்ளது?,direct_debit_payment_not_recognised,direct_debit_payment_not_recognised,True
1491,எனது பற்றுக் கணக்கில் விசித்திரமான கட்டணங்கள் தோன்றுகின்றன.,direct_debit_payment_not_recognised,direct_debit_payment_not_recognised,True
1492,"தாமதமாகிவிட்டாலும், ஒரு கட்டணம் குறித்து முறையிடுவது பற்றிப் பார்க்க விரும்பினேன். கடந்த சில மாதங்களாக எனது பரிவர்த்தனைகளைப் பார்த்துக் கொண்டிருந்தபோது, என்னால் செய்யப்படாத ஒரு பெரிய தொகையைக் கவனித்தேன். இதை நான் இன்னும் செய்ய முடியுமா?",direct_debit_payment_not_recognised,direct_debit_payment_not_recognised,True
1493,"இரண்டு வாரங்களுக்கு முன்பு எனக்குத் தெரியாத ஒரு வணிகத்தில் இருந்து ஒரு பரிவர்த்தனை நடந்தது. அதை நான் செய்யவில்லை என்பதில் எனக்கு ஓரளவுக்கு உறுதியாகத் தெரியும், ஆனால் அதை உறுதிப்படுத்த அதைக் கண்டறியும் வழி ஏதும் உள்ளதா?",direct_debit_payment_not_recognised,direct_debit_payment_not_recognised,True
1494,நான் பார்க்கும் இந்த நேரடிப் பற்று என்ன?,direct_debit_payment_not_recognised,direct_debit_payment_not_recognised,True
1495,எனக்கு அடையாளம் தெரியாத ஒரு நேரடிப் பற்று உள்ளது.,direct_debit_payment_not_recognised,direct_debit_payment_not_recognised,True
1496,அறியப்படாத நேரடி வைப்பு,direct_debit_payment_not_recognised,balance_not_updated_after_cheque_or_cash_deposit,False
1497,சந்தேகத்திற்கிடமான நேரடிப் பற்றுச் செலுத்துகை ஒன்று உள்ளது.,direct_debit_payment_not_recognised,direct_debit_payment_not_recognised,True
1498,"எனது கணக்கில் இருந்து எனக்கு அடையாளம் தெரியாத ஒரு பரிவர்த்தனை நடந்துள்ளது, அது நான் செய்ததுதானா இல்லையா என்பதை உறுதிப்படுத்திக் கொள்ள அதன் தகவல்களைக் கண்டறிந்து தர முடியுமா?",direct_debit_payment_not_recognised,card_payment_not_recognised,False
1499,"சில வாரங்களுக்கு முன்பு எனக்கு நினைவில் இல்லாத ஒரு விற்பனையாளரால் எனது கணக்கில் இருந்து சிறிது பணம் கழிக்கப்பட்டது. நான் அதைச் செய்யவில்லை என்பதில் எனக்கு உறுதியாகத் தெரியும், ஆனால் அது யார் என்பதை உறுதிப்படுத்திக் கொள்ள அதைக் கண்டறிய முடியுமா?",direct_debit_payment_not_recognised,direct_debit_payment_not_recognised,True
1500,நான் செய்யாத ஒரு நேரடிப் பற்றுக்கான (direct debit) கட்டணத்தைக் கண்டறிந்துள்ளேன்.,direct_debit_payment_not_recognised,direct_debit_payment_not_recognised,True
1501,"நான் செய்யவில்லை என்று எனக்குத் தெரிந்த ஒரு விசித்திரமான கொடுப்பனவு காட்டப்படுவதை நான் காண்கிறேன், அதை நான் எவ்வாறு ரத்து செய்வது?",direct_debit_payment_not_recognised,card_payment_not_recognised,False
1502,இந்த நேரடிப் பற்றுக் கொடுப்பனவு தவறாக இருக்கலாம்.,direct_debit_payment_not_recognised,direct_debit_payment_not_recognised,True
1503,நான் அங்கீகரிக்காத ஒரு நேரடிப் பற்றுக் கொடுப்பனவை செயலி ஏன் காட்டுகிறது?,direct_debit_payment_not_recognised,direct_debit_payment_not_recognised,True
1504,"ஒரு கொடுப்பனவு செய்யப்பட்டு பல வாரங்களுக்குப் பிறகு நான் அதைக் கவனித்தாலும், அது குறித்து என்னால் முறையீடு செய்ய முடியுமா?",direct_debit_payment_not_recognised,direct_debit_payment_not_recognised,True
1505,நான் செய்யாத ஒரு நேரடிப் பற்றுக் கொடுப்பனவு எனது செயலியில் தவறாகப் பட்டியலிடப்பட்டிருப்பது போல் தெரிகிறது.,direct_debit_payment_not_recognised,direct_debit_payment_not_recognised,True
1506,எனது பற்றறிக்கையில் (debit statement) உள்ள இந்தக் கட்டணத்தை நான் செலுத்தினேன் என்று நான் நினைக்கவில்லை.,direct_debit_payment_not_recognised,direct_debit_payment_not_recognised,True
1507,எனக்குத் தெரியாத ஒரு நேரடிப் பற்றுக் கட்டணம் எனது கணக்கில் உள்ளது.,direct_debit_payment_not_recognised,direct_debit_payment_not_recognised,True
1508,இந்த நேரடிப் பற்றுப் பரிவர்த்தனையை நான் செய்யவில்லை.,direct_debit_payment_not_recognised,direct_debit_payment_not_recognised,True
1509,எனது கணக்கில் நான் அங்கீகரிக்காத ஒரு நேரடிப் பற்று உள்ளது.,direct_debit_payment_not_recognised,direct_debit_payment_not_recognised,True
1510,"இது மிகவும் தாமதமானது என்பதை நான் புரிந்துகொள்கிறேன். கடந்த சில மாதங்களாக எனது பரிவர்த்தனைகளைச் சரிபார்த்த பிறகு, நான் செய்யாத ஒரு பெரிய கட்டணத்தைக் கவனித்தேன். இதை நான் இன்னும் முறையீடு செய்ய ஏதேனும் வழி இருக்கிறதா?",direct_debit_payment_not_recognised,direct_debit_payment_not_recognised,True
1511,"செய்யப்பட்ட ஒரு பற்றுக் கொடுப்பனவை என்னால் அடையாளம் காண முடியவில்லை, அக்கொடுப்பனவைப் பற்றி நான் அறிய விரும்புகிறேன்.",direct_debit_payment_not_recognised,direct_debit_payment_not_recognised,True
1512,"எனது கணக்கின் பாதுகாப்பு குறித்து நான் கவலைப்படுகிறேன், அத்துடன் இது தொடர்பாக ஒரு முறையீட்டைச் செய்ய விரும்புகிறேன்.",direct_debit_payment_not_recognised,verify_my_identity,False
1513,நான் செய்யாத ஒரு நேரடிப் பற்று ஏன் செயலியில் காட்டப்படுகிறது?,direct_debit_payment_not_recognised,direct_debit_payment_not_recognised,True
1514,எனது கணக்கறிக்கையில் (statement) எனக்குத் தெரியாத ஒரு நேரடிப் பற்று உள்ளது.,direct_debit_payment_not_recognised,direct_debit_payment_not_recognised,True
1515,"நான் அமைக்காத ஒரு நேரடிப் பற்றுப் பரிவர்த்தனை உள்ளது, ஆனால் அதை நான் அமைக்க விரும்புகிறேன்.",direct_debit_payment_not_recognised,direct_debit_payment_not_recognised,True
1516,"யாரோ எனது பணத்தை எடுத்துள்ளார்கள், அது யார் என்று எனக்குத் தெரியவில்லை.",direct_debit_payment_not_recognised,cash_withdrawal_not_recognised,False
1517,எனது கணக்கில் இருக்கக் கூடாத ஒரு கட்டணம் வசூலிக்கப்பட்டுள்ளது.,direct_debit_payment_not_recognised,transfer_fee_charged,False
1518,நான் முறையீடு செய்ய விரும்பும் ஒரு நேரடிப் பற்று உள்ளது.,direct_debit_payment_not_recognised,direct_debit_payment_not_recognised,True
1519,"நான் அங்கீகரிக்காதபோது, ஒரு விற்பனையாளரால் எனது கணக்கிலிருந்து பணம் ஏன் கழிக்கப்பட்டது?",direct_debit_payment_not_recognised,direct_debit_payment_not_recognised,True
1520,எனது கடவுக்குறியீட்டை (passcode) நான் மறந்துவிட்டால் நான் என்ன செய்வது? ஏனெனில் நான் அதை மறந்துவிட்டேன்.,passcode_forgotten,passcode_forgotten,True
1521,எனது கடவுச்சொல்லை (password) என்னால் கண்டுபிடிக்க முடியவில்லை.,passcode_forgotten,passcode_forgotten,True
1522,எனது கடவுக்குறியீட்டை (passcode) நான் எவ்வாறு மீட்டெடுப்பது?,passcode_forgotten,passcode_forgotten,True
1523,எனது கடவுக்குறியீடு (passcode) வேலை செய்யவில்லை போல் தெரிகிறது.,passcode_forgotten,passcode_forgotten,True
1524,நான் எனது கடவுச்சொல்லை (password) இழந்துவிட்டேன்.,passcode_forgotten,passcode_forgotten,True
1525,"எனது கடவுச்சொல் (password) ஏற்றுக்கொள்ளப்படவில்லை, நான் அதை மீண்டும் அமைக்க வேண்டும்.",passcode_forgotten,passcode_forgotten,True
1526,எனது கடவுச்சொல்லில் (password) ஏதோ தவறு உள்ளது.,passcode_forgotten,passcode_forgotten,True
1527,எனது கடவுக்குறியீட்டில் (passcode) ஏதோ தவறு உள்ளது.,passcode_forgotten,passcode_forgotten,True
1528,"தயவுசெய்து கூறவும், மறந்த கடவுக்குறியீட்டை (passcode) நான் எவ்வாறு மீண்டும் அமைப்பது?",passcode_forgotten,passcode_forgotten,True
1529,"எனது கடவுக்குறியீட்டை (passcode) என்னால் நினைவுகூர முடியவில்லை, நான் அதை மீண்டும் அமைக்க வேண்டும்.",passcode_forgotten,passcode_forgotten,True
1530,எனக்கு ஒரு புதிய கடவுச்சொல் தரப்பட முடியுமா?,passcode_forgotten,passcode_forgotten,True
1531,எனக்கு எனது கடவுச்சொல் தெரியாது.,passcode_forgotten,passcode_forgotten,True
1532,செயலிக்குள் நுழைவதற்கான எனது குறியீடு எனக்கு நினைவில் இல்லை.,passcode_forgotten,passcode_forgotten,True
1533,என்னிடம் இப்போது எனது கடவுச்சொல் இல்லை.,passcode_forgotten,passcode_forgotten,True
1534,எனது கடவுச்சொல் ஏன் வேலை செய்யவில்லை?,passcode_forgotten,passcode_forgotten,True
1535,எனது கடவுச்சொல்லை மீண்டும் அனுப்ப முடியுமா?,passcode_forgotten,passcode_forgotten,True
1536,நான் எனது கடவுச்சொல்லை மீளமைக்க வேண்டும். அதை நான் எவ்வாறு செய்வது?,passcode_forgotten,passcode_forgotten,True
1537,தயவுசெய்து எனது கடவுச்சொல்லை எவ்வாறு மீளமைப்பது என்று எனக்குக் காட்டுங்கள்.,passcode_forgotten,passcode_forgotten,True
1538,கடவுச்சொல்லை மீளமைக்க எனக்கு உதவுங்கள்.,passcode_forgotten,passcode_forgotten,True
1539,எனது செயலியை அணுகுவதற்கான எனது கடவுச்சொல்லை நான் மறந்துவிட்டேன்.,passcode_forgotten,passcode_forgotten,True
1540,கடவுச்சொல் எனக்கு வேலை செய்யாவிட்டால் நான் என்ன செய்ய வேண்டும்?,passcode_forgotten,passcode_forgotten,True
1541,"எனக்கு குறியீடு நினைவில் இல்லை, நான் என்ன செய்ய வேண்டும்?",passcode_forgotten,passcode_forgotten,True
1542,நான் கடவுச்சொல்லை எங்கே மீளமைக்கலாம்?,passcode_forgotten,passcode_forgotten,True
1543,எனது செயலியை அணுகுவதற்கு எனது கடவுச்சொல்லை மீளமைக்க எனக்கு உதவி தேவை.,passcode_forgotten,passcode_forgotten,True
1544,மற்றொரு கடவுச்சொல்லைப் பெறுவதற்கு நான் என்ன படிகளைப் பின்பற்ற வேண்டும்?,passcode_forgotten,passcode_forgotten,True
1545,நான் எனது கடவுச்சொல்லை மறந்துவிட்டேன்.,passcode_forgotten,passcode_forgotten,True
1546,செயலிக்குள் நுழைவதற்கான எனது குறியீட்டை நான் மறந்துவிட்டேன்.,passcode_forgotten,passcode_forgotten,True
1547,நான் எனது கடவுச்சொல்லை மறந்துவிட்டேன்.,passcode_forgotten,passcode_forgotten,True
1548,செயலியை அணுகுவதற்கான குறியீட்டை நான் மறந்துவிட்டேன்.,passcode_forgotten,passcode_forgotten,True
1549,எனது கடவுச்சொல்லை மீளமைக்க ஏதேனும் வழி இருக்கிறதா?,passcode_forgotten,passcode_forgotten,True
1550,எனது கடவுச்சொல்லை மீளமைக்க எனக்கு உதவ முடியுமா?,passcode_forgotten,passcode_forgotten,True
1551,எனது கடவுச்சொல்லை நான் மீளமைக்க முடியுமா? அது என்னவென்று எனக்குத் தெரியவில்லை.,passcode_forgotten,passcode_forgotten,True
1552,கடவுச்சொல்லை நான் எவ்வாறு மீளமைப்பது?,passcode_forgotten,passcode_forgotten,True
1553,எனது கடவுச்சொல்லை நான் மறந்துவிட்டால் என்ன செய்ய வேண்டும்?,passcode_forgotten,passcode_forgotten,True
1554,எனது கடவுச்சொல் வேலை செய்யவில்லை.,passcode_forgotten,passcode_forgotten,True
1555,கடவுச்சொல்லை எவ்வாறு மீளமைப்பது என்று எனக்குச் சொல்லுங்கள்.,passcode_forgotten,passcode_forgotten,True
1556,எனக்கு ஒரு புதிய கடவுச்சொல் தேவை.,passcode_forgotten,passcode_forgotten,True
1557,செயலிக்கான எனது அணுகல் குறியீடு என்னிடம் இல்லை.,passcode_forgotten,passcode_forgotten,True
1558,எனது கடவுச்சொல்லை மீளமைக்க என்ன செய்ய வேண்டும் என்று எனக்குச் சொல்ல முடியுமா?,passcode_forgotten,passcode_forgotten,True
1559,செயலிக்குள் நுழைவதற்கு எனக்குத் தேவையான குறியீடு எது?,passcode_forgotten,passcode_forgotten,True
1560,ஏடிஎம் (ATM) இயந்திரத்திலிருந்து எனது சொந்தப் பணத்தை எடுக்க நீங்கள் ஏன் அனுமதிக்கவில்லை என்று எனக்குச் சொல்ல முடியுமா? நான் சரியான பின் (PIN) இலக்கத்தைப் பயன்படுத்தினேன் என்று எனக்குத் தெரியும்.,declined_cash_withdrawal,declined_cash_withdrawal,True
1561,எனது பணம் எடுத்தல் ரத்து செய்யப்பட்டது.,declined_cash_withdrawal,declined_cash_withdrawal,True
1562,"இது மிகவும் ஏமாற்றமளிக்கிறது. நான் முயற்சிக்கும் எந்த ஏடிஎம்மிலும் (ATM) எனது கார்டைப் பயன்படுத்த முடியவில்லை, இதுவரை நான் 3 ஏடிஎம்களில் முயற்சி செய்துவிட்டேன். என்ன நடக்கிறது? தயவுசெய்து இந்தச் சிக்கலை உடனடியாகச் சரிசெய்ய முடியுமா?",declined_cash_withdrawal,declined_cash_withdrawal,True
1563,ஏடிஎம் (ATM) என்னை பணம் எடுக்க அனுமதிக்கவில்லை.,declined_cash_withdrawal,declined_cash_withdrawal,True
1564,எனது ஏடிஎம் (ATM) பரிவர்த்தனை ஏன் ரத்து செய்யப்பட்டது?,declined_cash_withdrawal,declined_cash_withdrawal,True
1565,ஏடிஎம் (ATM) எனது கார்டை தொடர்ந்து நிராகரித்து வருகிறது. நான் இரண்டு வெவ்வேறு ஏடிஎம்களில் முயற்சி செய்தேன். எனது கணக்கில் ஏதேனும் பிரச்சினை உள்ளதா என்று எனக்குச் சொல்ல முடியுமா?,declined_cash_withdrawal,declined_cash_withdrawal,True
1566,நான் ஏடிஎம்மில் (ATM) பணம் எடுக்க முயன்றபோது நிராகரிக்கப்பட்டேன்.,declined_cash_withdrawal,declined_cash_withdrawal,True
1567,ஏடிஎம் (ATM) எனக்கு பணம் எடுக்க அனுமதிக்கவில்லை.,declined_cash_withdrawal,declined_cash_withdrawal,True
1568,என்னால் ஏன் பணத்தை எடுக்க முடியவில்லை என்பதை நான் அறிய விரும்புகிறேன்.,declined_cash_withdrawal,declined_cash_withdrawal,True
1569,"தயவுசெய்து எனது கணக்கைச் சரிபார்க்க உங்கள் உதவி தேவை! ஏடிஎம்மில் (ATM) எனது கார்டு தொடர்ந்து நிராகரிக்கப்படுகிறது, நான் ஏற்கனவே இரண்டு வெவ்வேறு ஏடிஎம்களில் முயற்சி செய்துவிட்டேன்!",declined_cash_withdrawal,declined_cash_withdrawal,True
1570,"வணக்கம், இன்று காலை எனது கார்டு மூலம் பணம் எடுத்தல் நிராகரிக்கப்பட்டது. நேற்று வரை அது நன்றாக வேலை செய்தது. தயவுசெய்து சரிபார்த்து எனக்குத் தெரிவிக்கவும்.",declined_cash_withdrawal,declined_cash_withdrawal,True
1571,"வணக்கம், நான் எனது கார்டைப் பயன்படுத்த முயன்றேன், ஆனால் ஏடிஎம் (ATM) அதை நிராகரித்தது. நான் இரண்டு வெவ்வேறு ஏடிஎம்களில் சரிபார்த்தேன், ஆனால் அதே பிரச்சினையை எதிர்கொண்டேன். தயவுசெய்து எனது கணக்கைச் சரிபார்க்க முடியுமா?",declined_cash_withdrawal,declined_cash_withdrawal,True
1572,"நான் பணம் எடுக்க முயன்றேன், ஆனால் அது நிராகரிக்கப்பட்டது. இது ஏன் நடந்தது?",declined_cash_withdrawal,declined_cash_withdrawal,True
1573,என்னால் ஏடிஎம்மில் (ATM) இருந்து பணம் எடுக்க முடியவில்லை.,declined_cash_withdrawal,declined_cash_withdrawal,True
1574,ஏடிஎம் (ATM) எனது கார்டை நிராகரிக்கிறது. நான் இரண்டு வெவ்வேறு ஏடிஎம்களில் முயற்சி செய்தேன். எனது கணக்கில் ஏதேனும் தவறு உள்ளதா என்று எனக்குச் சொல்ல முடியுமா?,declined_cash_withdrawal,declined_cash_withdrawal,True
1575,"பணம் எடுத்தல் நிராகரிக்கப்பட்டது, இது ஏன் நடந்தது என்று எனக்குத் தெரியவில்லை?",declined_cash_withdrawal,declined_cash_withdrawal,True
1576,நான் பணம் எடுக்க முயன்றபோது நிராகரிக்கப்பட்டேன்.,declined_cash_withdrawal,declined_cash_withdrawal,True
1577,இன்று நான் ஏடிஎம்மில் (ATM) பணம் எடுக்க முயன்றபோது ஏன் நிராகரிக்கப்பட்டேன்?,declined_cash_withdrawal,declined_cash_withdrawal,True
1578,ஏடிஎம் (ATM) இயந்திரங்கள் எனது கார்டை நிராகரிக்க என்ன காரணங்கள் இருக்கலாம்? இது எனக்கு பல முறை நடந்துள்ளது!,declined_cash_withdrawal,declined_cash_withdrawal,True
1579,ஏடிஎம் (ATM) இயந்திரம் எனக்கு ஏன் பணம் தரத் தவறியது?,declined_cash_withdrawal,declined_cash_withdrawal,True
1580,எனது ஏடிஎம் (ATM) பரிவர்த்தனை தோல்வியடைந்தது.,declined_cash_withdrawal,cash_withdrawal_charge,False
1581,"நான் பணம் எடுக்க முயன்றேன், ஆனால் நிராகரிக்கப்பட்டது.",declined_cash_withdrawal,declined_cash_withdrawal,True
1582,"நான் பணம் எடுக்க முயன்றேன், ஆனால் நான் நிராகரிக்கப்பட்டேன்!",declined_cash_withdrawal,declined_cash_withdrawal,True
1583,என்னால் எப்படி ஏடிஎம்மில் (ATM) இருந்து பணம் எடுக்க முடியாமல் போகும்?,declined_cash_withdrawal,declined_cash_withdrawal,True
1584,ஏடிஎம் (ATM) எனது கார்டை தொடர்ந்து நிராகரித்து வருகிறது. நான் இரண்டு வெவ்வேறு ஏடிஎம்களில் முயற்சி செய்தேன். எனது கணக்கில் ஏதேனும் பிரச்சினை உள்ளதா என்று எனக்குச் சொல்ல முடியுமா?,declined_cash_withdrawal,declined_cash_withdrawal,True
1585,எனது பணம் எடுத்தல் ஏன் நிராகரிக்கப்பட்டது?,declined_cash_withdrawal,declined_cash_withdrawal,True
1586,என்னால் ஏன் பணம் பெற முடியவில்லை?,declined_cash_withdrawal,declined_cash_withdrawal,True
1587,ஏடிஎம்மில் (ATM) என்னால் ஏன் பணம் பெற முடியவில்லை?,declined_cash_withdrawal,declined_cash_withdrawal,True
1588,என்னால் ஏன் பணம் பெற முடியாது?,declined_cash_withdrawal,declined_cash_withdrawal,True
1589,ஏடிஎம் (ATM) ஏன் எனக்கு எனது பணத்தைத் தரவில்லை?,declined_cash_withdrawal,declined_cash_withdrawal,True
1590,"நான் ஒரு ஏடிஎம்மில் இருந்து பணம் எடுக்க முயன்றேன், ஆனால் எனது நண்பர்களுக்கு முன்னால் அது நிராகரிக்கப்பட்டது. இது ஏன் நடந்தது?",declined_cash_withdrawal,declined_cash_withdrawal,True
1591,ஏடிஎம் பணம் எதுவும் தரவில்லை.,declined_cash_withdrawal,declined_cash_withdrawal,True
1592,நான் பணம் எடுப்பது ஏன் நிராகரிக்கப்பட்டது?,declined_cash_withdrawal,declined_cash_withdrawal,True
1593,என்னால் ஏடிஎம்மில் பணம் எடுக்க முடியவில்லை.,declined_cash_withdrawal,declined_cash_withdrawal,True
1594,"ஐயோ கடவுளே, ஏடிஎம்மில் எனது அட்டை இரண்டு முறை நிராகரிக்கப்பட்டுவிட்டது! நான் இரண்டு வெவ்வேறு ஏடிஎம்களில் முயன்றேன், ஆனால் ஒவ்வொன்றும் எனது அட்டையை நிராகரித்தன! எனது கணக்கில் என்ன நடக்கிறது என்று சொல்ல முடியுமா?",declined_cash_withdrawal,declined_cash_withdrawal,True
1595,ஏடிஎம்மில் என்னால் ஏன் பணத்தை தெரிவு செய்ய முடியவில்லை?,declined_cash_withdrawal,declined_cash_withdrawal,True
1596,எனது பணம் எடுத்தல் நிராகரிக்கப்பட்டது ஏன்?,declined_cash_withdrawal,declined_cash_withdrawal,True
1597,ஏடிஎம் எனது பரிவர்த்தனையை நிராகரித்ததற்கு ஏதேனும் காரணம் இருக்கிறதா?,declined_cash_withdrawal,declined_cash_withdrawal,True
1598,நான் ஏடிஎம்மில் இருந்து எடுக்க முயன்ற பணம் அங்கீகரிக்கப்படவில்லை.,declined_cash_withdrawal,declined_cash_withdrawal,True
1599,ஏடிஎம் எனக்கு பணம் தரவில்லை.,declined_cash_withdrawal,declined_cash_withdrawal,True
1600,"எனது அட்டை கொடுப்பனவு இன்னும் நிறுத்தி வைக்கப்பட்டுள்ளது, அது ஏன் அப்படி?",pending_card_payment,pending_card_payment,True
1601,எனது கொடுப்பனவு ஏன் நிலுவையில் உள்ளது?,pending_card_payment,pending_card_payment,True
1602,எனது அட்டை கொடுப்பனவு இன்னும் நிலுவையில் உள்ளது.,pending_card_payment,pending_card_payment,True
1603,அட்டை கொடுப்பனவை நான் எவ்வாறு இறுதி செய்வது?,pending_card_payment,reverted_card_payment?,False
1604,எனது அட்டை கொடுப்பனவு ஏன் நிலுவையில் இருப்பதாகக் காட்டுகிறது?,pending_card_payment,pending_card_payment,True
1605,எனது கொடுப்பனவு ஏன் இன்னும் நிறைவேறவில்லை?,pending_card_payment,pending_card_payment,True
1606,"எனது அட்டை கொடுப்பனவு சிறிது நேரமாக நிலுவையில் உள்ளதால், அதன் நிலையை அறிய தயவுசெய்து எனக்கு உதவுங்கள்.",pending_card_payment,pending_card_payment,True
1607,"நான் சமீபத்தில் ஒரு கொடுப்பனவைச் செய்தேன், அது எனது கணக்கில் ""நிலுவையில்"" என்று காட்டுகிறது. அதன் அர்த்தம் என்ன?",pending_card_payment,pending_card_payment,True
1608,நிலுவையில் உள்ள கொடுப்பனவு என்றால் என்ன?,pending_card_payment,pending_card_payment,True
1609,எனது அட்டை கொடுப்பனவின் நிலுவை நிலை எப்போது முடியும்?,pending_card_payment,pending_card_payment,True
1610,"நான் இந்த கொடுப்பனவை சில நாட்களுக்கு முன்பு செய்தேன், ஏன் அது இன்னும் நிறைவேறவில்லை?",pending_card_payment,pending_card_payment,True
1611,நான் செய்த அட்டை கொடுப்பனவு நிலுவையில் இருப்பதைக் காண்கிறேன்.,pending_card_payment,pending_card_payment,True
1612,எனது அட்டை கொடுப்பனவு நிலுவையில் என்று காட்டுகிறது.,pending_card_payment,pending_card_payment,True
1613,"நான் இன்று காலை சில பொருட்களை வாங்கினேன், ஆனால் கொடுப்பனவு நிலுவையில் இருப்பதாகக் காட்டுகிறது.",pending_card_payment,pending_card_payment,True
1614,ஒரு கொடுப்பனவு நிறைவேறுவதற்காக நான் காத்திருக்கிறேன்.,pending_card_payment,pending_card_payment,True
1615,நான் வாங்கிய ஒரு பொருள் எவ்வளவு காலம் நிலுவையில் இருப்பதாகக் காட்டும்?,pending_card_payment,pending_card_payment,True
1616,நிலுவையில் உள்ள கொடுப்பனவு என்றால் என்ன?,pending_card_payment,pending_card_payment,True
1617,இன்று காலை நான் வாங்கியவை ஏன் இன்னும் நிலுவையில் உள்ளன என்பதை அறிய விரும்புகிறேன்.,pending_card_payment,pending_card_payment,True
1618,எனது அட்டையில் ஏன் ஒரு நிலுவையில் உள்ள பரிவர்த்தனை உள்ளது?,pending_card_payment,pending_transfer,False
1619,எனது அட்டை கொடுப்பனவு நிலுவையில் உள்ளது.,pending_card_payment,pending_card_payment,True
1620,எனது அட்டையில் ஒரு கொடுப்பனவு ஏன் நிலுவையில் உள்ளதாகக் காட்டுகிறது?,pending_card_payment,pending_card_payment,True
1621,"நான் ஒரு கொள்வனவு செய்தேன், அது நிலுவையில் உள்ளதாகக் காட்டுகிறது. அதற்கு என்ன அர்த்தம்?",pending_card_payment,pending_card_payment,True
1622,அட்டைப் பரிவர்த்தனைகள் முடிவடைவதற்கு எவ்வளவு காலம் எடுக்கும்?,pending_card_payment,card_delivery_estimate,False
1623,நிலுவையில் என்றால் என்ன அர்த்தம்?,pending_card_payment,pending_cash_withdrawal,False
1624,இந்த அட்டை கொடுப்பனவு எவ்வளவு காலம் நிலுவையில் இருக்கும்?,pending_card_payment,pending_card_payment,True
1625,எனது கொடுப்பனவு இன்னும் செயலாக்கப்படவில்லை!,pending_card_payment,pending_card_payment,True
1626,"என்னிடம் இரண்டு முறை கட்டணம் வசூலிக்கப்பட்டுள்ளது, இரண்டாவது கட்டணம் ""நிலுவையில்"" உள்ளதாகக் காட்டுகிறது. இரண்டாவது கட்டணம் திரும்பப் பெறப்பட்டதும் எனது பணம் எனக்குக் கிடைக்க எவ்வளவு காலம் ஆகும்?",pending_card_payment,transaction_charged_twice,False
1627,"நான் 15 நாட்கள் காத்திருந்தேன், ஆனால் எனது கொடுப்பனவு இன்னும் முடிவடையவில்லை.",pending_card_payment,pending_card_payment,True
1628,எனக்கு ஏன் நிலுவையில் உள்ள கொடுப்பனவு காட்டுகிறது?,pending_card_payment,pending_card_payment,True
1629,நிலுவையில் உள்ள கொடுப்பனவு என்றால் என்ன என்பதை விளக்குங்கள்?,pending_card_payment,pending_card_payment,True
1630,எனது கொடுப்பனவுகள் ஏன் நிலுவையில் உள்ளதாகக் காட்டுகின்றன?,pending_card_payment,pending_card_payment,True
1631,"எனது அட்டைப் பரிவர்த்தனை இன்னும் நிலுவையில் உள்ளது, நான் சிறிது நேரமாகக் காத்திருக்கிறேன்.",pending_card_payment,pending_transfer,False
1632,"ஒரு கொடுப்பனவு முடிவடைவதற்கு எவ்வளவு காலம் எடுக்கும்? நான் சில நாட்களுக்கு முன்பு ஒன்றைச் செய்தேன், அது இன்னும் முடிவடையவில்லை.",pending_card_payment,pending_card_payment,True
1633,"நான் இன்று காலை சில பொருட்களை வாங்கினேன், ஆனால் கொடுப்பனவு நிலுவையில் உள்ளதாகக் காட்டுகிறது.",pending_card_payment,pending_card_payment,True
1634,ஒரு கொடுப்பனவை அங்கீகரிக்க எவ்வளவு காலம் எடுக்கும்?,pending_card_payment,pending_card_payment,True
1635,"நான் ஒரு கொடுப்பனவைச் செய்தேன், சிறிது காலம் ஆகிவிட்டது, அது எப்போது முடிவடைய வேண்டும் என்பதை அறிய விரும்புகிறேன்.",pending_card_payment,pending_card_payment,True
1636,நிலுவையில் உள்ள பரிவர்த்தனை என்றால் என்ன அர்த்தம்?,pending_card_payment,pending_cash_withdrawal,False
1637,"நான் எனது அட்டை மூலம் பணம் செலுத்தினேன், ஆனால் கொடுப்பனவு இன்னும் நிலுவையில் உள்ளதாகவே வருகிறது. ஏதோ பிரச்சனை என்று நினைக்கிறேன், தயவுசெய்து சரிபார்த்து இதன் நிலை எப்போது முடிவடையும் என்று எனக்குத் தெரியப்படுத்துங்கள்.",pending_card_payment,pending_card_payment,True
1638,"எனது கணக்கில் நான் சிறிது காலத்திற்கு முன்பு செலுத்திய ஒரு நிலுவைக் கொடுப்பனவு உள்ளது, அது இன்னும் முடிவடையவில்லை. ஏன் இவ்வளவு காலமாக நிலுவையில் உள்ளதாகக் காட்டுகிறது?",pending_card_payment,pending_card_payment,True
1639,இன்று காலை நான் வாங்கிய பொருட்களுக்கான கொடுப்பனவு நிலுவையில் உள்ளது.,pending_card_payment,pending_card_payment,True
1640,எனது தொலைபேசி திருடப்பட்டுவிட்டது.,lost_or_stolen_phone,lost_or_stolen_phone,True
1641,எனது தொலைபேசி நேற்று திருடப்பட்டுவிட்டது. நான் என்ன செய்ய வேண்டும்?,lost_or_stolen_phone,lost_or_stolen_phone,True
1642,"எனது தொலைபேசி காணாமல் போயிருந்தால், யாராவது செயலியைப் பயன்படுத்துவதைத் தடுக்க முடியுமா?",lost_or_stolen_phone,lost_or_stolen_phone,True
1643,எனது தொலைபேசி தொலைந்துவிட்டது அல்லது திருடப்பட்டுவிட்டது என்று நினைக்கிறேன்.,lost_or_stolen_phone,lost_or_stolen_phone,True
1644,"நான் வழிப்பறிக்குள்ளாகி அனைத்தையும் இழந்திருந்தால், எனது கணக்கையும் செயலியையும் எவ்வாறு அணுகுவது?",lost_or_stolen_phone,lost_or_stolen_phone,True
1645,எனது தொலைபேசியைக் கண்டுபிடிக்க முடியவில்லை.,lost_or_stolen_phone,lost_or_stolen_phone,True
1646,எனது தொலைபேசி எங்கே என்று தெரியவில்லை அல்லது யாரோ அதைத் திருடிவிட்டார்கள்.,lost_or_stolen_phone,lost_or_stolen_phone,True
1647,"எனது தொலைபேசி எங்கே இருக்கிறது என்று எனக்குத் தெரியவில்லை, யாரோ அதைத் திருடிவிட்டார்கள் அல்லது அது தொலைந்துவிட்டது என்று நினைக்கிறேன்.",lost_or_stolen_phone,lost_or_stolen_phone,True
1648,எனது தொலைபேசி திருடப்பட்டிருந்தாலும் எனது அட்டையைப் பயன்படுத்த முடியுமா?,lost_or_stolen_phone,lost_or_stolen_phone,True
1649,"எனது தொலைபேசி திருடப்பட்டுவிட்டது, நான் என்ன செய்வது?",lost_or_stolen_phone,lost_or_stolen_phone,True
1650,"என் போனைத் தொலைத்துவிட்டேன், மற்றவர்கள் அதைப் பயன்படுத்துவதை நான் விரும்பவில்லை.",lost_or_stolen_phone,lost_or_stolen_phone,True
1651,"நான் என் போனைத் தொலைத்துவிட்டேன், அதைப் பாதுகாப்பாக வைக்க உதவி தேவை.",lost_or_stolen_phone,lost_or_stolen_phone,True
1652,"என் போன் திருடப்பட்டுவிட்டது, அதனால் என்னால் இனி ஆப்பை அணுக முடியாது.",lost_or_stolen_phone,lost_or_stolen_phone,True
1653,"போனை ஹோட்டலில் மறந்து வைத்துவிட்டேன், ஆப்பை எவ்வாறு அணுகுவது?",lost_or_stolen_phone,lost_or_stolen_phone,True
1654,என் போன் என்னிடம் இல்லை. நான் எவ்வாறு ஆப்பைப் பயன்படுத்துவது?,lost_or_stolen_phone,lost_or_stolen_phone,True
1655,என் போன் தொலைந்துவிட்டது.,lost_or_stolen_phone,lost_or_stolen_phone,True
1656,"தற்போது என் போன் என்னிடம் இல்லை, அதனால் என்னால் ஆப்பை அணுக முடியாது.",lost_or_stolen_phone,lost_or_stolen_phone,True
1657,என் போன் எடுக்கப்பட்டுவிட்டது! வேறு யாரும் அதைப் பயன்படுத்தாதவாறு என் கணக்கை ரத்து செய்ய முடியுமா?,lost_or_stolen_phone,lost_or_stolen_phone,True
1658,"நான் என் போனைத் தொலைத்துவிட்டேன், என் கணக்குகளை முடக்க விரும்புகிறேன்.",lost_or_stolen_phone,lost_or_stolen_phone,True
1659,"போன் தொலைந்துவிட்டது, என்னால் இன்னும் கணக்கை அணுக முடியுமா?",lost_or_stolen_phone,lost_or_stolen_phone,True
1660,"ஹோட்டலில் இருந்து அழைத்து, நான் என் போனை அறையிலேயே மறந்து வைத்துவிட்டதாகக் கூறினார்கள்.",lost_or_stolen_phone,lost_or_stolen_phone,True
1661,நேற்று யாரோ என் போனைத் திருடிவிட்டார்கள் :( நான் ஏதேனும் செய்ய வேண்டுமா?,lost_or_stolen_phone,lost_or_stolen_phone,True
1662,"போன் தொலைந்துவிட்டது, மற்றவர்கள் கணக்கை அணுகுவதை நான் விரும்பவில்லை.",lost_or_stolen_phone,lost_or_stolen_phone,True
1663,"நான் வழிப்பறி செய்யப்பட்டேன், எல்லாவற்றையும் பறித்துவிட்டார்கள். என் கணக்கைப் பாதுகாக்க நான் என்ன செய்ய வேண்டும்?",lost_or_stolen_phone,lost_or_stolen_phone,True
1664,நான் தங்கியிருந்த ஹோட்டலில் என் ஸ்மார்ட்போனை மறந்து வைத்துவிட்டேன் என்று நினைக்கிறேன்.,lost_or_stolen_phone,lost_or_stolen_phone,True
1665,"நேற்று யாரோ என் மீது தாக்குதல் நடத்தி என் பொருட்களைப் பறித்துச் சென்றனர், அதனால் என்னால் ஆப்பைப் பயன்படுத்த முடியவில்லை. எனக்குச் சில உதவிகள் தேவைப்படுகின்றன.",lost_or_stolen_phone,lost_or_stolen_phone,True
1666,நான் வேறு போனுக்கு மாறினாலும் ஆப்பைத் தொடர்ந்து பயன்படுத்த முடியுமா?,lost_or_stolen_phone,lost_or_stolen_phone,True
1667,"நேற்று நான் வழிப்பறி செய்யப்பட்டேன், அவர்கள் எல்லாவற்றையும் பறித்துக்கொண்டார்கள். என்னால் என் ஆப்பை அணுக முடியவில்லை. எனது அடுத்த கட்ட நடவடிக்கைகள் என்ன?",lost_or_stolen_phone,lost_or_stolen_phone,True
1668,"நேற்று நான் வழிப்பறி செய்யப்பட்டேன், ஆப்பிற்கான அணுகலை இழந்துவிட்டேன். நான் அதை மீண்டும் பெற வேண்டும்.",lost_or_stolen_phone,lost_or_stolen_phone,True
1669,"நான் என் போனைத் தொலைத்துவிட்டால், யாராவது என் கணக்கைப் பயன்படுத்த முடியுமா?",lost_or_stolen_phone,lost_or_stolen_phone,True
1670,"நான் தங்கியிருந்த ஹோட்டலில் என் போனை மறந்து வைத்துவிட்டதால், என்னால் ஆப்பைப் பயன்படுத்த முடியவில்லை.",lost_or_stolen_phone,lost_or_stolen_phone,True
1671,யாரோ என் போனைத் திருடிவிட்டார்கள்.,lost_or_stolen_phone,lost_or_stolen_phone,True
1672,யாரோ என் கார்டுகளைத் திருடிவிட்டார்கள்!,lost_or_stolen_phone,lost_or_stolen_card,False
1673,என் போன் தொலைந்துவிட்டது. யாராவது ஆப்பைப் பயன்படுத்துவதைத் தடுக்க நான் என்ன செய்ய வேண்டும்?,lost_or_stolen_phone,lost_or_stolen_phone,True
1674,"என் போன் திருடப்பட்டுவிட்டதால், நான் ஏதேனும் செய்ய வேண்டுமா?",lost_or_stolen_phone,lost_or_stolen_phone,True
1675,நான் என் போனைத் தொலைத்துவிட்டேன்!,lost_or_stolen_phone,lost_or_stolen_phone,True
1676,"என்னால் என் போனைத் தேடிக் கண்டுபிடிக்க முடியவில்லை, ஆனால் அதில் எனது கிரெடிட் கார்டு விபரங்கள் அனைத்தும் உள்ளன.",lost_or_stolen_phone,compromised_card,False
1677,என் போன் என்னிடம் இல்லாதபோது நான் எவ்வாறு ஆப்பைப் பயன்படுத்துவது?,lost_or_stolen_phone,lost_or_stolen_phone,True
1678,"நேற்று நான் வழிப்பறி செய்யப்பட்டேன், என்னால் ஆப்பைப் பயன்படுத்த முடியவில்லை.",lost_or_stolen_phone,lost_or_stolen_phone,True
1679,"நேற்று என் பொருட்கள் திருடப்பட்டுவிட்டன, என்னால் எந்த ஆப்பையும் அல்லது எதையுமே பயன்படுத்த முடியவில்லை, எனவே எனக்குச் சில உதவிகள் தேவைப்படும்.",lost_or_stolen_phone,lost_or_stolen_phone,True
1680,"வணக்கம்- இந்த தயாரிப்புக்கு நான் அவசரமாக பணத்தைத் திரும்பப் பெற வேண்டும். வியாபாரி எந்த உதவியும் செய்யவில்லை, இதை எவ்வளவு சீக்கிரம் தீர்க்க நான் இப்போது என்ன செய்ய வேண்டும்?",request_refund,request_refund,True
1681,எனது பொருளுக்கு நான் பணத்தைத் திரும்பப் பெற முடியுமா?,request_refund,request_refund,True
1682,ஒரு பொருளுக்கான பணத்தைத் திரும்பப் பெறுங்கள்,request_refund,request_refund,True
1683,நான் வாங்கிய ஒரு பொருளுக்கு பணத்தைத் திரும்பப் பெற முடியுமா?,request_refund,request_refund,True
1684,நான் பணத்தைத் திரும்பப் பெற வேண்டும்,request_refund,request_refund,True
1685,எனக்குக் கிடைக்காத ஒரு பொருளுக்கு நான் பணத்தைத் திரும்பப் பெற வேண்டும். நான் வெறுமனே கொடுப்பனவை ரத்து செய்ய முடியுமா? இதை எப்படி செய்வது என்று எனக்குத் தெரியவில்லை.,request_refund,request_refund,True
1686,நான் வாங்கிய ஒரு பொருளுக்கு பணத்தைத் திரும்பப் பெற விரும்புகிறேன்,request_refund,request_refund,True
1687,நான் ஒரு பொருளைத் திருப்பி அனுப்ப விரும்புகிறேன்.,request_refund,request_refund,True
1688,நான் பணத்தைத் திரும்பப் பெற முடியுமா?,request_refund,request_refund,True
1689,"நான் வாங்கிய ஒரு பொருளுக்கு சரியான தொகை என்னிடம் வசூலிக்கப்படவில்லை, இதை நான் எப்படி சரிசெய்வது?",request_refund,card_payment_wrong_exchange_rate,False
1690,"வணக்கம்! நான் சமீபத்தில் செய்த ஒரு கட்டளையை ரத்து செய்து, பணத்தைத் திரும்பப் பெறும் செயல்முறையைத் தொடங்க வேண்டும். தயவுசெய்து எனக்கு இதில் உதவி செய்து, எவ்வளவு சீக்கிரம் முடியுமோ அவ்வளவு சீக்கிரம் பணத்தைத் திரும்பப் பெற ஏற்பாடு செய்ய முடியுமா? இது மிகவும் அவசரமானது.",request_refund,request_refund,True
1691,தயவுசெய்து எனது கொள்வனவை நிறுத்துங்கள்.,request_refund,request_refund,True
1692,எனது பார்சல் வருவதற்கு அதிக நேரம் எடுப்பதால் எனக்குப் பணம் திரும்பத் தேவை. அதை நான் எப்படிச் செய்வது?,request_refund,request_refund,True
1693,பணத்தைத் திரும்பப் பெற நான் எவ்வாறு விண்ணப்பிப்பது?,request_refund,request_refund,True
1694,ஒரு பொருளுக்கான பணத்தை நான் திரும்பப் பெற முடியுமா?,request_refund,request_refund,True
1695,"நான் நீண்ட காலத்திற்கு முன்பு இணையத்தில் ஒன்றை ஓடர் செய்தேன், ஆனால் அது இன்னும் வரவில்லை. எனக்குப் போதும்! எனது பணத்தைத் திரும்பத் தாருங்கள், நான் இவர்களுக்குப் பணம் செலுத்த மாட்டேன்.",request_refund,request_refund,True
1696,பணத்தைத் திரும்பப் பெற நான் என்ன செய்ய வேண்டும்?,request_refund,request_refund,True
1697,எனக்கு பணத்தைத் திரும்பப் பெற வேண்டுமா?,request_refund,request_refund,True
1698,"எனது கொள்வனவில் எனக்கு திருப்தி இல்லை, நான் எவ்வாறு கட்டளையை ரத்து செய்வது?",request_refund,request_refund,True
1699,"நான் ஒன்றை வாங்கினேன், ஆனால் இப்போது நான் பணத்தைத் திரும்பப் பெற விரும்புகிறேன். அதை நான் எப்படிச் செய்வது?",request_refund,request_refund,True
1700,நான் எவ்வாறு பணத்தைத் திரும்பப் பெறுவது?,request_refund,request_refund,True
1701,எனது கொள்வனவை உங்களால் ரத்து செய்ய முடியுமா?,request_refund,request_refund,True
1702,முந்தைய கொள்வனவை நான் எவ்வாறு ரத்து செய்வது?,request_refund,request_refund,True
1703,ஒரு பொருளுக்கான பணத்தை நான் திரும்பப் பெற்றால் நன்றாக இருக்கும்,request_refund,request_refund,True
1704,பணத்தைத் திரும்பப் பெற நான் எவ்வாறு கோருவது?,request_refund,request_refund,True
1705,"எனக்கு இந்த பொருள் தேவையில்லை, நான் தவறுதலாக இதை வாங்கிவிட்டேன், நான் பணத்தைத் திரும்பப் பெற முடியுமா?",request_refund,request_refund,True
1706,"வணக்கம், நான் எனது முடிவை மாற்றிவிட்டேன், சமீபத்தில் வாங்கிய பொருட்களில் ஒன்றிற்கு எனக்கு அவசரமாகப் பணம் திரும்பத் தேவை. தயவுசெய்து பரிவர்த்தனையை ரத்து செய்து எனது பணத்தைத் திரும்பப் பெற்றுத் தர முடியுமா? தயவுசெய்து இது அவசரமானது.",request_refund,request_refund,True
1707,எனக்கு விற்கப்பட்ட உங்கள் தயாரிப்புகளில் ஒன்றிற்கு நான் பணத்தைத் திரும்பப் பெற விரும்புகிறேன்,request_refund,request_refund,True
1708,"இந்த தயாரிப்பில் எனக்கு திருப்தி இல்லை, நான் பணத்தைத் திரும்பப் பெற முடியுமா?",request_refund,request_refund,True
1709,இந்தத் தொகை எனது கணக்கிலிருந்து திரும்பப் பெறப்பட வேண்டும் என்று நான் விரும்புகிறேன்.,request_refund,top_up_reverted,False
1710,"வணக்கம்! நான் அண்மையில் ஒரு கொள்வனவு செய்தேன், எனது கட்டளையை ரத்துச் செய்து, கூடிய விரைவில் பணத்தைத் திரும்பப் பெறுவதற்கான நடவடிக்கையை மேற்கொள்ள வேண்டும்.",request_refund,request_refund,True
1711,நான் ஒரு கொள்வனவைத் திரும்பப் பெற விரும்புகிறேன். அதை நான் ரத்துச் செய்யலாமா?,request_refund,request_refund,True
1712,"நான் நீண்ட நாட்களுக்கு முன்பு செய்த ஒரு கட்டளை பற்றிப் பேசுகிறேன். இன்றுவரை அது எனக்குக் கிடைக்கவில்லை, இதனால் நான் மிகவும் கவலையடைந்துள்ளேன்! எனது பணம் முழுவதையும் நான் திரும்பப் பெற விரும்புகிறேன்! எனக்குக் கிடைக்காத ஒன்றிற்குப் பணம் செலுத்துவதை என்னால் ஏற்றுக்கொள்ளவே முடியாது.",request_refund,request_refund,True
1713,"நான் இந்தப் பொருளை வாங்கினேன், ஆனால் தவறான தொகை அறவிடப்பட்டுள்ளது. எனக்குப் பணத்தைத் திரும்பப் பெற முடியுமா?",request_refund,request_refund,True
1714,"நான் ஒரு கொடுப்பனவை ரத்துச் செய்ய விரும்புகிறேன். சில நாட்களுக்கு முன்பு நான் ஒரு பொருளை வாங்கினேன், ஆனால் அது இன்னும் எனக்குக் கிடைக்கவில்லை.",request_refund,request_refund,True
1715,பணத்தைத் திரும்பப் பெறும் செயல்முறை என்ன?,request_refund,request_refund,True
1716,நான் வாங்கிய பொருளுக்குப் பணத்தைத் திரும்பப் பெற விரும்புகிறேன்.,request_refund,request_refund,True
1717,நான் வாங்கிய ஒரு பொருளுக்குப் பணத்தைத் திரும்பப் பெறுவது எப்படி?,request_refund,request_refund,True
1718,நான் வாங்கிய ஒரு பொருளுக்குப் பணத்தைத் திரும்பப் பெற விரும்புகிறேன்.,request_refund,request_refund,True
1719,நான் செய்த ஒரு கொள்வனவை ரத்துச் செய்ய வேண்டும்.,request_refund,request_refund,True
1720,"நான் ஒரு பணப் பரிமாற்றத்தைச் செய்ய முயன்றேன், ஆனால் அது நிராகரிக்கப்பட்டது. ஏன்?",declined_transfer,declined_transfer,True
1721,காலை வணக்கம். நேற்று இரவும் இன்று காலையும் எனது கடன் அட்டையைப் பயன்படுத்தி ஒரு கொள்வனவைச் செய்ய முயன்றேன். இரண்டு முறையும் அது நிராகரிக்கப்பட்டது. இதைப் பற்றி ஆராய முடியுமா?,declined_transfer,top_up_failed,False
1722,"எனது அனைத்துப் பணப் பரிமாற்றங்களும் தொடர்ந்து தோல்வியடைகின்றன. பெறுநரின் விபரங்கள் ஒவ்வொன்றையும் நான் மீண்டும் மீண்டும் சரிபார்த்தேன், அனைத்தும் சரியாக உள்ளன.",declined_transfer,declined_transfer,True
1723,எனது பணப் பரிமாற்றம் ஏன் நிராகரிக்கப்பட்டது?,declined_transfer,declined_transfer,True
1724,பணப் பரிமாற்றத்தின் போது நிராகரிக்கப்பட்டதற்கான செய்தி தோன்றுவதற்கு என்ன காரணம்?,declined_transfer,declined_transfer,True
1725,"எனது பணப் பரிமாற்றங்களை ஏன் தொடர்ந்து நிராகரிக்கிறீர்கள்? இதுவரை அது நன்றாகவே வேலை செய்தது, ஆனால் இப்போது நான் ஏதேனும் வாங்க முயன்றபோது அட்டை நிராகரிக்கப்பட்டது. நான் ஏற்கனவே சில முறை முயற்சி செய்தேன், ஆனால் அதேதான் நடக்கிறது.",declined_transfer,declined_transfer,True
1726,"எனது அட்டை இரண்டு முறை நிராகரிக்கப்பட்டது, அதை நான் எவ்வாறு சரிசெய்வது?",declined_transfer,transaction_charged_twice,False
1727,பணப் பரிமாற்றம் ஏன் நிராகரிக்கப்பட்டது?,declined_transfer,declined_transfer,True
1728,"எனது பணப் பரிமாற்றங்கள் நிராகரிக்கப்படுகின்றன. இது எனக்கு எப்போதும் வேலை செய்தது, ஆனால் இப்போது எனது அட்டையை நிராகரிக்கிறது. நான் பல முறை முயற்சி செய்துவிட்டேன்.",declined_transfer,declined_transfer,True
1729,எனது பணப் பரிமாற்றம் ஏன் நிராகரிக்கப்பட்டது?,declined_transfer,declined_transfer,True
1730,நேற்று இணையத்தில் ஏதேனும் வாங்குவதற்கு எனது அட்டையைப் பயன்படுத்த முயன்றபோது அது இரண்டு முறை நிராகரிக்கப்பட்டது.,declined_transfer,declined_transfer,True
1731,"பரிமாற்ற விபரங்கள் ஏற்கனவே சரிபார்க்கப்பட்டு அவை சரியானவை என உறுதிப்படுத்தப்பட்டிருந்தால், எனது பரிமாற்றம் நிராகரிக்கப்படுவதற்கு வேறு என்ன காரணம் இருக்க முடியும்?",declined_transfer,declined_transfer,True
1732,எனது பணப் பரிமாற்றம் ஏன் நிராகரிக்கப்பட்டது?,declined_transfer,declined_transfer,True
1733,எனது பணப் பரிமாற்றம் ஏன் நிராகரிக்கப்பட்டது?,declined_transfer,declined_transfer,True
1734,பணப் பரிமாற்றம் தொடர்பாக வாடிக்கையாளர் சேவையை நான் எவ்வாறு தொடர்புகொள்வது?,declined_transfer,declined_transfer,True
1735,"எனது பணப் பரிமாற்றங்களை ஏன் தொடர்ந்து நிராகரிக்கிறீர்கள்? இதுவரை அது நன்றாகவே வேலை செய்தது, ஆனால் இப்போது நான் ஏதேனும் வாங்க முயன்றபோது அட்டை நிராகரிக்கப்பட்டது. நான் ஏற்கனவே சில முறை முயற்சி செய்தேன், ஆனால் அதேதான் நடக்கிறது.",declined_transfer,declined_transfer,True
1736,என்னால் ஏன் பணப் பரிமாற்றம் செய்ய முடியாமல் போனது?,declined_transfer,failed_transfer,False
1737,"பணப் பரிமாற்றம் செய்வதில் சிக்கல், உதவிக்குத் தொடர்புகொள்ளவும்.",declined_transfer,declined_transfer,True
1738,எனது பணப் பரிமாற்றம் ஏன் நிராகரிக்கப்பட்டிருக்கலாம்?,declined_transfer,declined_transfer,True
1739,எனது அட்டையைப் பயன்படுத்தி ஏதேனும் வாங்க முயலும்போது அது தொடர்ந்து நிராகரிக்கப்படுகிறது.,declined_transfer,declined_transfer,True
1740,பரிமாற்றம் நிராகரிக்கப்பட்டதால் என்னால் அதைச் செய்ய முடியவில்லை.,declined_transfer,declined_transfer,True
1741,"நான் ஒரு பரிமாற்றத்தைச் சமர்ப்பிக்கும் போது, அது நிராகரிக்கப்படுகிறது. நான் உள்ளிட்ட தகவல்கள் சரிபார்க்கப்பட்டுள்ளன.",declined_transfer,declined_transfer,True
1742,பரிமாற்றம் ஏன் நிராகரிக்கப்பட்டது?,declined_transfer,declined_transfer,True
1743,எனது பணப் பரிமாற்றம் நிராகரிக்கப்பட்டதற்கான காரணம் என்ன?,declined_transfer,declined_transfer,True
1744,எனது பணப் பரிமாற்றம் நிராகரிக்கப்பட்டது.,declined_transfer,declined_transfer,True
1745,எனது பணப் பரிமாற்றம் நிராகரிக்கப்பட்டது.,declined_transfer,declined_transfer,True
1746,"நான் எனது பணத்தை மாற்ற முயன்றேன், ஆனால் எனது பரிமாற்றம் நிராகரிக்கப்பட்டது.",declined_transfer,declined_transfer,True
1747,எனது பணப் பரிமாற்றம் ஏன் நிராகரிக்கப்பட்டது என்பதை நான் அறிய விரும்புகிறேன்.,declined_transfer,declined_transfer,True
1748,"நான் ஒரு பரிமாற்றத்தைச் செய்ய முயன்றேன், ஆனால் அது நிராகரிக்கப்பட்டது. ஏன் என்று கூற முடியுமா?",declined_transfer,failed_transfer,False
1749,என்ன காரணத்திற்காக எனது பணப் பரிமாற்றம் நிராகரிக்கப்பட்டது?,declined_transfer,declined_transfer,True
1750,"எனது பணப்பரிமாற்றம் நிராகரிக்கப்பட்டுள்ளது, ஆனால் அது வெற்றிகரமாக முடிந்திருக்க வேண்டும் என்று எனக்குத் தெரியும்.",declined_transfer,declined_transfer,True
1751,"உங்கள் நிதியை மீண்டும் சரிபார்க்கவும், அது நிராகரிக்கப்பட்டிருக்கலாம்.",declined_transfer,declined_card_payment,False
1752,எனது கணக்கிலிருந்து என்னால் பணம் அனுப்ப முடியவில்லை.,declined_transfer,failed_transfer,False
1753,"எனது பணப்பரிமாற்றம் ஏன் நிராகரிக்கப்பட்டது? நான் எல்லா விபரங்களையும் சரியாகவே கொடுத்துள்ளேன், ஆனாலும் அது நிராகரிக்கப்படுகிறது.",declined_transfer,declined_transfer,True
1754,"நான் நேற்று இணையத்தில் ஏதோ வாங்க முயன்றேன், ஆனால் அது தொடர்ந்து நிராகரிக்கப்பட்டது என்றே காட்டியது. இன்றும் முயன்றேன், ஆனால் அதேதான் நடந்தது. என்ன பிரச்சினை?",declined_transfer,declined_transfer,True
1755,"நான் நேற்று இணையத்தில் ஏதோ வாங்க முயன்றேன், ஆனால் அது தொடர்ந்து நிராகரிக்கப்பட்டது என்றே காட்டியது. இன்றும் முயன்றேன், ஆனால் அதேதான் நடந்தது. என்ன பிரச்சினை?",declined_transfer,declined_transfer,True
1756,எனது அட்டை இணையத்தில் நிராகரிக்கப்படுகிறது. கணக்கில் என்ன பிரச்சினை அல்லது தவறு என்று கூற முடியுமா?,declined_transfer,declined_transfer,True
1757,எனது பணப்பரிமாற்றம் நிராகரிக்கப்படுவதற்கு ஏதேனும் கட்டுப்பாடுகள் காரணமா?,declined_transfer,declined_transfer,True
1758,"நான் நேற்று eBay இல் ஒரு கோல்ஃப் கிளப் வாங்க முயன்றேன், ஆனால் எனது கடன் அட்டை நிராகரிக்கப்பட்டது. நான் பலமுறை முயன்றேன், இன்று காலையும் முயன்றேன். தயவுசெய்து எனது அட்டையைச் சரிபார்க்க முடியுமா?",declined_transfer,declined_card_payment,False
1759,"எனது பணப்பரிமாற்றம் நிராகரிக்கப்பட்டுவிட்டது என்று நினைக்கிறேன், ஆனால் ஏன்?",declined_transfer,declined_transfer,True
1760,எனது கணக்கில் திரும்பப் பெறப்பட்ட பணம் காட்டவில்லை.,Refund_not_showing_up,top_up_reverted,False
1761,எனது கணக்கு அறிக்கையில் திரும்பப் பெறப்பட்ட பணம் விடுபட்டுள்ளது.,Refund_not_showing_up,reverted_card_payment?,False
1762,"நான் பணத்தைத் திரும்பப் பெறுமாறு கோரினேன், ஆனால் அது எனக்குக் கிடைக்கவே இல்லை. நான் என்ன செய்வது?",Refund_not_showing_up,request_refund,False
1763,"நான் வாங்கிய ஒன்றிற்கான பணம் திரும்பக் கிடைத்திருக்க வேண்டும், ஆனால் எனது கணக்கில் அந்தப் பணத்தைக் காணவில்லை.",Refund_not_showing_up,request_refund,False
1764,எனது கணக்கு அறிக்கையில் ஒரு திரும்பப் பெறப்பட்ட பணம் விடுபட்டுள்ளது.,Refund_not_showing_up,reverted_card_payment?,False
1765,"எனக்கு உதவி தேவை. நான் சில காலத்திற்கு முன்பு ஒரு வியாபாரியிடம் பணத்தைத் திரும்பக் கேட்டேன், ஆனால் எனது பணம் இன்னும் திரும்பக் கிடைக்கவில்லை. நான் எனது கணக்கைச் சரிபார்த்துக் கொண்டே இருக்கிறேன், ஆனால் எதுவும் காட்டவில்லை. நான் இப்போது என்ன செய்ய வேண்டும்?",Refund_not_showing_up,Refund_not_showing_up,True
1766,எனது திரும்பப் பெற வேண்டிய பணத்திற்காக நான் காத்திருக்கிறேன்.,Refund_not_showing_up,request_refund,False
1767,பணத்தைத் திரும்பப் பெறுவதற்கு எவ்வளவு காலம் எடுக்கும்?,Refund_not_showing_up,request_refund,False
1768,"உதவி செய்யுங்கள்! நான் எனது கணக்கைச் சரிபார்த்துக் கொண்டே இருக்கிறேன், ஆனால் திரும்பப் பெற வேண்டிய பணம் காட்டவில்லை. நான் சில காலத்திற்கு முன்பு விற்பனையாளரிடம் பணத்தைத் திரும்பக் கேட்டேன், ஆனால் எனது கணக்கில் பணம் எதுவும் காட்டவில்லை. நீங்கள் எனக்கு என்ன செய்ய முடியும்?",Refund_not_showing_up,Refund_not_showing_up,True
1769,எனது திரும்பப் பெறப்பட்ட பணம் ஏன் கணக்கு அறிக்கையில் காட்டவில்லை என்று கூற முடியுமா?,Refund_not_showing_up,Refund_not_showing_up,True
1770,"நான் கடந்த வாரம் பணத்தைத் திரும்பக் கேட்டேன், ஆனால் இதுவரை எதுவும் நடக்கவில்லை, தயவுசெய்து எனக்கு உதவ முடியுமா?",Refund_not_showing_up,request_refund,False
1771,எனது திரும்பப் பெறப்பட்ட பணம் ஏன் கணக்கு அறிக்கையில் விடுபட்டுள்ளது?,Refund_not_showing_up,reverted_card_payment?,False
1772,இன்னும் திரும்பப் பெற வேண்டிய பணத்திற்காகக் காத்திருக்கிறேன்.,Refund_not_showing_up,request_refund,False
1773,"நான் பணத்தைத் திரும்பக் கோரினேன், ஆனால் அது விடுபட்டுள்ளது.",Refund_not_showing_up,request_refund,False
1774,"வணக்கம், நீங்கள் கூறியது போல், நான் விற்பனையாளரிடம் பணத்தைத் திரும்பத் தருமாறு கேட்டுள்ளேன், ஒரு வாரம் ஆகிவிட்டது, இன்னும் எனது பணம் கிடைக்கவில்லை. தயவுசெய்து ஆலோசனை கூறவும்.",Refund_not_showing_up,Refund_not_showing_up,True
1775,"நான் ஒன்றை வாங்கிவிட்டு அதைத் திருப்பி அனுப்பிவிட்டேன், ஆனால் அதற்கான பணம் எனது கணக்கில் வரவில்லை.",Refund_not_showing_up,request_refund,False
1776,"எனது திரும்பப் பெற வேண்டிய பணம் எப்போது கிடைக்கும் என்று ஏதேனும் தெரியுமா? எனது கணக்கு அறிக்கை கிடைத்தது, ஆனால் அதில் அது இல்லை.",Refund_not_showing_up,Refund_not_showing_up,True
1777,அண்மையில் திரும்பப் பெறப்பட்ட பணம் ஏன் எனது கணக்கு அறிக்கையில் இல்லை?,Refund_not_showing_up,top_up_reverted,False
1778,எனது கணக்கில் திரும்பப் பெறப்பட்ட பணத்தை நான் எங்கே பார்க்கலாம்?,Refund_not_showing_up,verify_source_of_funds,False
1779,"எனக்குப் பணம் திரும்பக் கிடைத்திருக்க வேண்டும், ஆனால் எனது கணக்கு மீதி மாறவில்லை, ஏன்?",Refund_not_showing_up,request_refund,False
1780,"நான் சில நாட்களுக்கு முன்பு ஒரு வியாபாரியிடம் பணத்தைத் திரும்பக் கோரினேன், ஆனால் எனது கணக்கில் அதைக் காணவில்லை.",Refund_not_showing_up,Refund_not_showing_up,True
1781,திரும்பப் பெறப்பட்ட பணம் எனது கணக்கில் வரவில்லை.,Refund_not_showing_up,reverted_card_payment?,False
1782,எனது திரும்பப் பெறப்பட்ட பணம் வெற்றிகரமாக முடிந்துவிட்டதா? அது எனது கணக்கு அறிக்கையில் இல்லை.,Refund_not_showing_up,top_up_reverted,False
1783,திரும்பப் பெறப்பட்ட பணம் செயலாக்கப்பட்டதாக எனது கணக்கு அறிக்கை காட்டவில்லை.,Refund_not_showing_up,top_up_reverted,False
1784,"நான் ஒரு கடையிலிருந்து பணத்தைத் திரும்பக் கோரினேன், ஆனால் அது இன்னும் வரவில்லை.",Refund_not_showing_up,request_refund,False
1785,எனது கணக்கில் திரும்பப் பெறப்பட்ட பணத்தை நான் இன்னும் பார்க்கவில்லை.,Refund_not_showing_up,request_refund,False
1786,எனது திரும்பப் பெறப்பட்ட பணம் விடுபட்டுள்ளது.,Refund_not_showing_up,reverted_card_payment?,False
1787,எனது திரும்பப் பெறப்பட்ட பணம் எனது கணக்கு அறிக்கையில் காட்டுவதாகத் தெரியவில்லை.,Refund_not_showing_up,extra_charge_on_statement,False
1788,எனது கணக்கு அறிக்கையில் திரும்பப் பெறப்பட்ட பணத்தை நான் காணவில்லை.,Refund_not_showing_up,Refund_not_showing_up,True
1789,அண்மையில் திரும்பப் பெறப்பட்ட பணத்தை ஏன் எனது கணக்கு அறிக்கையில் பார்க்க முடியவில்லை?,Refund_not_showing_up,Refund_not_showing_up,True
1790,"நீங்கள் எனக்கு முன்னர் சொன்னபடியே செய்து, பணத்தைத் திரும்பப் பெறுவதற்காக விற்பனையாளரை நேரடியாகத் தொடர்பு கொண்டேன், ஆனால் ஒன்றும் நடக்கவில்லை! ஒரு வாரம் ஆகிவிட்டது, எனக்கு இன்னும் எதுவும் கிடைக்கவில்லை. தயவுசெய்து எனது பணத்தை எனக்குத் திருப்பித் தாருங்கள்.",Refund_not_showing_up,Refund_not_showing_up,True
1791,எனது திரும்பப் பெற வேண்டிய பணம் எங்கே? நான் நாள் முழுவதும் எனது கணக்கைச் சரிபார்த்துக் கொண்டிருக்கிறேன்.,Refund_not_showing_up,transfer_not_received_by_recipient,False
1792,"ஒரு வாரம் ஆகிவிட்டது, என்னிடம் செய்யச் சொன்ன எல்லாவற்றையும் நான் செய்துவிட்டேன், ஆனாலும் இன்னும் ஒன்றும் நடக்கவில்லை. நான் விற்பனையாளரைத் தொடர்பு கொண்டும் எந்தப் பதிலும் கிடைக்கவில்லை. தயவுசெய்து எனது ஏமாற்றத்தைப் புரிந்துகொண்டு, பணத்தை மீண்டும் எனது கணக்கில் போடுங்கள்.",Refund_not_showing_up,Refund_not_showing_up,True
1793,எனக்குத் திரும்ப வர வேண்டிய பணம் கிடைக்கவில்லை.,Refund_not_showing_up,request_refund,False
1794,நான் செய்த ஒரு கொள்வனவிற்கான திரும்பப் பெறல் ஏன் எனது கணக்கில் காட்டவில்லை?,Refund_not_showing_up,request_refund,False
1795,"நான் எனது வங்கி அறிக்கைகளைத் தொடர்ந்து சரிபார்த்து வருகிறேன், ஆனால் விற்பனையாளரிடம் நான் கோரிய திரும்பப் பெற வேண்டிய பணம் எதுவும் எனக்குக் காட்டவில்லை. விற்பனையாளரிடமிருந்து எனக்கு அந்தப் பணம் கிடைப்பதை உங்களால் உறுதிப்படுத்த முடியுமா?",Refund_not_showing_up,Refund_not_showing_up,True
1796,"விற்பனையாளர் எனக்குப் பதிலளிப்பார் என்று நான் ஒரு வாரமாகப் பொறுமையுடன் காத்திருக்கிறேன், ஆனால் எந்தப் பதிலும் இல்லை, எனது பணத்தை மீண்டும் பெறுவதற்கு தயவுசெய்து எனக்கு மேலும் உதவ முடியுமா? நன்றி.",Refund_not_showing_up,pending_transfer,False
1797,"விற்பனையாளரிடமிருந்து பணத்தைத் திரும்பப் பெறுவதற்கு எனக்குச் சில உதவிகள் தேவை. நான் இதைக் கேட்டு நீண்ட நாட்களாகியும், அது இன்னும் எனது கணக்கு அறிக்கையில் காட்டவில்லை. அது ஏன் இன்னும் திரும்ப வரவில்லை என்று எனக்குத் தெரியவில்லை. இந்தப் பணத்தை மீண்டும் பெறுவதற்கு எனக்கு உதவ முடியுமா?",Refund_not_showing_up,request_refund,False
1798,எனது திரும்பப் பெற வேண்டிய பணத்தைப் பெறுவதற்கு எவ்வளவு காலம் எடுக்கும்?,Refund_not_showing_up,request_refund,False
1799,"எனக்குத் திரும்பப் பெற வேண்டிய பணம் கிடைத்திருக்க வேண்டும், ஆனால் அது எனது கணக்கு அறிக்கையில் காட்டவில்லை.",Refund_not_showing_up,request_refund,False
1800,எனது கடன் அட்டை நிராகரிக்கப்பட்டது.,declined_card_payment,declined_card_payment,True
1801,"எனக்கு அனுப்பப்பட்ட புதிய அட்டை, நேற்று இரவு உணவிற்காக ஒரு உணவகத்தில் பயன்படுத்த முயன்றபோது பலமுறை நிராகரிக்கப்பட்டது. எனது நண்பரின் பிறந்தநாள் இரவு உணவிற்காகப் பணம் செலுத்த முயன்றபோது எனது அட்டை நிராகரிக்கப்பட்டதால் நான் மிகவும் ஏமாற்றமும் சங்கடமும் அடைந்தேன்.",declined_card_payment,declined_card_payment,True
1802,எனது அட்டை மூலமான கட்டணம் ஏன் நிராகரிக்கப்பட்டது?,declined_card_payment,declined_card_payment,True
1803,"நான் இன்று கடையில் ஏதோ வாங்க முயன்றேன், ஆனால் எனது அட்டை நிராகரிக்கப்பட்டது. இது ஏன் நடந்தது?",declined_card_payment,declined_card_payment,True
1804,"எனது கட்டணம் நிராகரிக்கப்பட்டுள்ளது, இந்தப் பிரச்சினை சரிசெய்யப்பட்டுவிட்டது என்று நான் நினைத்தேன்!",declined_card_payment,declined_card_payment,True
1805,ஒரு கடையில் எனது அட்டை நிராகரிக்கப்பட்டது.,declined_card_payment,declined_card_payment,True
1806,அது ஏன் எனது கட்டணத்தை நிராகரித்தது?,declined_card_payment,declined_card_payment,True
1807,எனது அட்டை நிராகரிக்கப்பட்டது.,declined_card_payment,declined_card_payment,True
1808,"எனது கணக்கைப் பார்த்து, எனது அட்டை ஏன் நிராகரிக்கப்பட்டது என்று கூற முடியுமா?",declined_card_payment,declined_card_payment,True
1809,"நான் இன்று வெளியே சென்றபோது எனது புதிய அட்டையைப் பயன்படுத்திப் பணம் செலுத்த ஆவலோடு இருந்தேன், ஆனால் கட்டணம் தொடர்ந்து நிராகரிக்கப்பட்டுக்கொண்டே இருந்தது. இது மிகவும் வருத்தமாக இருக்கிறது, என்ன நடக்கிறது?",declined_card_payment,declined_card_payment,True
1810,எனது அட்டையிலான பரிவர்த்தனை ஏன் நிராகரிக்கப்பட்டது?,declined_card_payment,declined_card_payment,True
1811,எனது புதிய அட்டை தொடர்ந்து நிராகரிக்கப்பட்டு வருகிறது. இன்று முதல்முறையாக அதைப் பயன்படுத்த நான் மிகவும் ஆர்வமாக இருந்தேன். இது ஏன் இப்படிச் செய்கிறது?,declined_card_payment,declined_card_payment,True
1812,"எனது அண்மைய கட்டணம் நிராகரிக்கப்பட்டது, அனைத்தும் மீண்டும் வழமைக்குத் திரும்பிவிட்டதாக எனக்குச் சொல்லப்பட்டது. என்ன நடந்தது?",declined_card_payment,declined_card_payment,True
1813,"எனது கணக்கில் போதுமான பணம் இருக்கிறது என்று எனக்குத் தெரியும், ஆனால் ஏதோ ஒரு காரணத்தினால் எனது அட்டை மூலமான கட்டணம் வேலை செய்யவில்லை. நான் என்ன செய்வது?",declined_card_payment,declined_card_payment,True
1814,அட்டை மூலமான கட்டணம் ஏன் வேலை செய்யவில்லை?,declined_card_payment,declined_card_payment,True
1815,"நான் மிகவும் தவிக்கிறேன். ஏன் என்று தெரியவில்லை, ஆனால் எனது அட்டை மூலமான கட்டணம் செலுத்தப்படவில்லை.",declined_card_payment,declined_card_payment,True
1816,"எனது அட்டை மூலமான கட்டணம் ஒன்று நிராகரிக்கப்பட்டது, ஆனால் ஏன்?",declined_card_payment,declined_card_payment,True
1817,எனது அட்டை மூலமான கட்டணம் ஏன் வேலை செய்யவில்லை என்று உங்களுக்குத் தெரியுமா?,declined_card_payment,declined_card_payment,True
1818,"எனது கட்டணம் நிராகரிக்கப்பட்டதால், எனது கட்டணக் கணக்கில் ஏதோ தவறு நடந்துள்ளது.",declined_card_payment,declined_card_payment,True
1819,எனது கட்டணத்தை ஏன் நிராகரிக்கிறீர்கள்? எல்லாம் சரியாகத்தான் இருந்தது.,declined_card_payment,declined_card_payment,True
1820,எனது கட்டணம் ஏன் வேலை செய்யவில்லை என்று எனக்குத் தெரியவில்லை.,declined_card_payment,declined_card_payment,True
1821,எனது அட்டை மூலமான கட்டணம் வேலை செய்யவில்லை.,declined_card_payment,declined_card_payment,True
1822,என்னிடம் பணம் இருக்கும்போது எனது பற்று அட்டை ஏன் நிராகரிக்கப்படுகிறது?,declined_card_payment,declined_card_payment,True
1823,எனது அட்டை ஏற்றுக்கொள்ளப்படவில்லை.,declined_card_payment,card_acceptance,False
1824,எனது அட்டை மூலமான கட்டணம் ஏன் வேலை செய்யவில்லை என்று எனக்குத் தெரியவே இல்லை.,declined_card_payment,declined_card_payment,True
1825,"எனது அட்டை மூலமான கட்டணம் வேலை செய்யவில்லை, உங்களால் உதவ முடியுமா?",declined_card_payment,declined_card_payment,True
1826,"ஏதோ ஒரு காரணத்தினால் கடையில் எனது அட்டை நிராகரிக்கப்பட்டது, தயவுசெய்து இதை எனக்காகப் பார்க்க முடியுமா?",declined_card_payment,declined_card_payment,True
1827,தயவுசெய்து எனது அட்டை ஏன் நிராகரிக்கப்பட்டது என்று விளக்குங்கள்?,declined_card_payment,declined_card_payment,True
1828,"வணக்கம், எனது புதிய அட்டையில் கட்டணங்கள் மீண்டும் மீண்டும் நிராகரிக்கப்படுவதால் நான் பிரச்சினையை எதிர்கொள்கிறேன். தயவுசெய்து இந்தப் பிரச்சினையில் எனக்கு உதவுங்கள்.",declined_card_payment,declined_card_payment,True
1829,எனது அட்டை மூலமான கட்டணம் ஏன் நிராகரிக்கப்படுகிறது என்று உங்களுக்குத் தெரியுமா?,declined_card_payment,declined_card_payment,True
1830,எனது கொடுப்பனவு ஏன் நிராகரிக்கப்பட்டது?,declined_card_payment,declined_card_payment,True
1831,அவர்கள் எனது அட்டை கொடுப்பனவை நிராகரித்துவிட்டார்கள்.,declined_card_payment,declined_card_payment,True
1832,எனது அட்டை கொடுப்பனவு ஏன் நிராகரிக்கப்பட்டுள்ளது?,declined_card_payment,declined_card_payment,True
1833,"ஒருவழியாக எனது புதிய அட்டையைப் பெற்றுக்கொண்டேன், இன்று அதைப் பயன்படுத்துவதற்கு மிகவும் ஆர்வமாக இருந்தேன். ஆனால், எனது கொடுப்பனவு தொடர்ந்து நிராகரிக்கப்பட்டுக்கொண்டே இருக்கிறது. என்ன நடக்கிறது?",declined_card_payment,declined_card_payment,True
1834,எனது அட்டை கொடுப்பனவு நிறைவடையவில்லை.,declined_card_payment,pending_card_payment,False
1835,ஒரு கடையில் எனது அட்டை வேலை செய்யவில்லை.,declined_card_payment,declined_card_payment,True
1836,அட்டை கொடுப்பனவு நிராகரிக்கப்பட்டதா?,declined_card_payment,declined_card_payment,True
1837,"நான் எனது அட்டையைப் பயன்படுத்த முயன்றேன், ஆனால் அது தொடர்ந்து நிராகரிக்கப்பட்டுக்கொண்டே இருக்கிறது, ஏன்?",declined_card_payment,declined_card_payment,True
1838,எனது அட்டை கொடுப்பனவுப் பிரச்சினையை எவ்வாறு சரிசெய்வது?,declined_card_payment,reverted_card_payment?,False
1839,"எனது கொடுப்பனவை ஏன் தொடர்ந்து நிராகரிக்கிறீர்கள்? இந்த அட்டையைப் பயன்படுத்தி ஏற்கனவே பலமுறை முயற்சி செய்துவிட்டேன், ஆனால் அது வேலை செய்யவே இல்லை.",declined_card_payment,declined_card_payment,True
1840,"நான் பணப்பரிமாற்றம் செய்துவிட்டேன், அது ஏன் நிலுவையில் உள்ளது?",pending_transfer,pending_transfer,True
1841,பணப்பரிமாற்றம் கணக்கில் காட்டப்படுவதற்கு எவ்வளவு நேரம் எடுக்கும்?,pending_transfer,pending_transfer,True
1842,எனது பணப்பரிமாற்றம் இன்னும் ஏன் முடியாமல் இருக்கிறது?,pending_transfer,failed_transfer,False
1843,என்னிடம் ஒரு நிலுவையிலுள்ள பணப்பரிமாற்றம் உள்ளது.,pending_transfer,pending_transfer,True
1844,நிலுவையிலுள்ள பணப்பரிமாற்றம் ஒன்று செயலாக்கப்படுவதற்காக நான் காத்திருக்கிறேன்.,pending_transfer,pending_transfer,True
1845,"நான் பணப்பரிமாற்றம் செய்துவிட்டேன், இருந்தாலும் அது இன்னும் நிலுவையில் தான் உள்ளது.",pending_transfer,pending_transfer,True
1846,"எனது பணப்பரிமாற்றம் ஒன்று நிலுவையில் உள்ளது, அது செயலாக்கப்படுவதற்கு எவ்வளவு நேரம் எடுக்கும் என்று அறிய விரும்புகிறேன்?",pending_transfer,pending_transfer,True
1847,"ஒருவழியாக பணப்பரிமாற்றம் நடந்துவிட்டது, ஆனால் இப்போது அது நீண்ட நேரமாக நிலுவையில் உள்ளது. நான் எவ்வளவு நேரம் காத்திருக்க வேண்டும் என்று எதிர்பார்க்கிறீர்கள்? இது மிகவும் அவசரமானது.",pending_transfer,pending_transfer,True
1848,"நான் ஒரு பணப்பரிமாற்றம் செய்திருந்தேன், ஆனால் அது இன்னும் நிலுவையில் உள்ளது.",pending_transfer,pending_transfer,True
1849,"நான் எனது பணப்பரிமாற்றத்தைச் சமர்ப்பித்தேன், ஆனால் அது நீண்ட நேரமாக நிலுவையில் உள்ளது, ஏன் இவ்வளவு நேரம் எடுக்கிறது என்று யோசிக்கிறேன்? அது ஏன் இன்னும் நிறைவடையவில்லை?",pending_transfer,pending_card_payment,False
1850,பணப்பரிமாற்றத்தை நான் எவ்வாறு விரைவுபடுத்துவது? என்னுடையது நிலுவையில் உள்ளது.,pending_transfer,pending_transfer,True
1851,ஒரு ஐரோப்பிய ஒன்றிய பணப்பரிமாற்றத்திற்கு எவ்வளவு காலம் எடுக்கலாம்?,pending_transfer,pending_transfer,True
1852,எனது பணப்பரிமாற்றம் இன்னும் நிலுவையில் இருப்பதாகவே காட்டுகிறது.,pending_transfer,pending_transfer,True
1853,"நான் வேறொரு நாட்டிற்குப் பணம் அனுப்ப முயற்சிக்கிறேன். அது நிலுவையில் மட்டுமே உள்ளது, அனுப்பப்படவில்லை. எனது கணக்கு விபரங்கள் சரியானவை. தயவுசெய்து எனக்கு உதவுங்கள்.",pending_transfer,pending_transfer,True
1854,"எனது பணப்பரிமாற்றம் இன்னும் நிலுவையில் உள்ளது, கணக்கு எண்கள் சரியானவை என்று எனக்குத் தெரியும். தயவுசெய்து உதவுங்கள்.",pending_transfer,pending_transfer,True
1855,"நான் நேற்றுப் பணம் அனுப்பினேன், ஆனால் அது இன்னும் கிடைக்கவில்லையா?",pending_transfer,transfer_not_received_by_recipient,False
1856,ஒரு பணப்பரிமாற்றம் எவ்வளவு காலம் நிலுவையில் இருக்கும்?,pending_transfer,pending_transfer,True
1857,பணப்பரிமாற்றங்கள் எவ்வளவு காலம் நிலுவையில் இருக்கும்?,pending_transfer,pending_transfer,True
1858,எனது பணப்பரிமாற்றம் இன்னும் ஏன் வெற்றிகரமாக அனுப்பப்படவில்லை?,pending_transfer,failed_transfer,False
1859,பணப்பரிமாற்றம் எப்போது வெற்றிகரமாக முடியும்?,pending_transfer,failed_transfer,False
1860,பணப்பரிமாற்றங்கள் ஏன் நிலுவையில் உள்ளன என்று தயவுசெய்து விளக்குங்கள்?,pending_transfer,pending_transfer,True
1861,"கணக்கு விபரங்கள் சரியானவை தானா என்று நான் இருமுறை சரிபார்த்துவிட்டேன், அவை நிச்சயமாகச் சரியானவை. பணப்பரிமாற்றம் நீண்ட காலமாக நிலுவையில் உள்ளது. இப்போது என்ன செய்ய வேண்டும்?",pending_transfer,pending_transfer,True
1862,எனது பணப்பரிமாற்றம் எப்போது வெற்றிகரமாக முடியும்?,pending_transfer,failed_transfer,False
1863,பணப்பரிமாற்றம் நிலுவையில் எனக் காட்டுவதற்குக் காரணம் என்ன?,pending_transfer,pending_transfer,True
1864,பணப்பரிமாற்றம் எப்போது நிறைவடையும்?,pending_transfer,transfer_not_received_by_recipient,False
1865,நிலுவையிலுள்ள பணப்பரிமாற்றமா?,pending_transfer,pending_transfer,True
1866,"எனது கொடுப்பனவு இன்னும் ஏன் நிலுவையில் உள்ளது என்று நான் அறிய விரும்புகிறேன், உதவ முடியுமா?",pending_transfer,pending_card_payment,False
1867,"யாரோ எனக்குப் பணம் அனுப்பியுள்ளனர், ஆனால் அது கணக்கில் காட்டவில்லை.",pending_transfer,cash_withdrawal_not_recognised,False
1868,ஒரு பணப்பரிமாற்றம் உறுதிப்படுத்தப்படுவதற்கு எவ்வளவு நேரம் எடுக்கும்?,pending_transfer,pending_transfer,True
1869,நான் 12 மணித்தியாலங்களுக்கு முன்பு ஒரு பணப்பரிமாற்றம் செய்தேன். அது ஏன் இன்னும் நிலுவையில் உள்ளதாகக் காட்டப்படுகிறது?,pending_transfer,balance_not_updated_after_bank_transfer,False
1870,"எனது பணப்பரிமாற்றம் ஏன் ""pending"" (நிலுவையில்) என்று காட்டுகிறது?",pending_transfer,pending_transfer,True
1871,ஒரு பணப்பரிமாற்றம் எவ்வளவு காலம் நிலுவையில் இருக்கும் என்று நான் எதிர்பார்க்கலாம்?,pending_transfer,pending_transfer,True
1872,எனது பணப்பரிமாற்றம் எவ்வளவு காலத்திற்கு நிலுவையில் இருக்கும்?,pending_transfer,pending_transfer,True
1873,2018 இல் வேறொரு நாட்டிற்குப் பணம் அனுப்புவதற்கு இவ்வளவு காலம் எடுக்கக்கூடாது. எனது பணப்பரிமாற்றம் மிக நீண்ட காலமாக நிலுவையில் உள்ளது. எனது கணக்கு விபரங்கள் சரியானவை என்பதை நான் சரிபார்த்துவிட்டேன்.,pending_transfer,pending_transfer,True
1874,பணப்பரிமாற்றம் ஏன் காட்டப்படவில்லை?,pending_transfer,balance_not_updated_after_bank_transfer,False
1875,"பணப்பரிமாற்றம் நிலுவையில் இருப்பதாகக் காட்டுகிறது, இன்றே பணம் செலுத்த வேண்டிய இறுதி நாளாகும். எனக்கு ஏதேனும் கட்டணம் விதிக்கப்படுமா?",pending_transfer,pending_transfer,True
1876,பணப்பரிமாற்றம் காட்டப்படுவதற்காக நான் இன்னும் காத்துக்கொண்டிருக்கிறேன்.,pending_transfer,pending_transfer,True
1877,எனது பணப்பரிமாற்றம் இன்னும் முழுமையடையவில்லை.,pending_transfer,pending_transfer,True
1878,எனது பணப்பரிமாற்றம் ஏன் இன்னும் நிலுவையில் உள்ளது என்று எனக்குக் குழப்பமாக இருக்கிறது.,pending_transfer,pending_transfer,True
1879,ஒரு பணப்பரிமாற்றம் காட்டப்படுவதற்கு எவ்வளவு காலம் எடுக்கும்?,pending_transfer,pending_transfer,True
1880,தயவுசெய்து எனது கணக்கை நீக்க முடியுமா?,terminate_account,terminate_account,True
1881,"நான் ஒரு கணக்கை மூட விரும்புகிறேன், ஆனால் எதிர்காலத்தில் புதியதொன்றை ஆரம்பிப்பது பற்றி எனக்குத் தெரியவில்லை, நீங்கள் எதனைப் பரிந்துரைக்கிறீர்கள்?",terminate_account,direct_debit_payment_not_recognised,False
1882,எனது கணக்கு நீக்கப்பட வேண்டும்.,terminate_account,terminate_account,True
1883,தயவுசெய்து எனது கணக்கை நீக்க விரும்புகிறேன்.,terminate_account,terminate_account,True
1884,எனது கணக்கை மூடுவதற்கு நான் என்ன நடவடிக்கைகளை எடுக்க வேண்டும்?,terminate_account,terminate_account,True
1885,எனக்கு ஏற்பட்ட அத்தனை பிரச்சினைகளாலும் நான் சோர்வடைந்துவிட்டேன். எனக்கு இந்தக் கணக்கு வேண்டாம்!,terminate_account,terminate_account,True
1886,தயவுசெய்து எனது கணக்கை இப்பொழுதே நீக்குங்கள்!,terminate_account,terminate_account,True
1887,நான் எனது கணக்கை மூட விரும்புகிறேன்.,terminate_account,terminate_account,True
1888,"உங்களுடன் திருப்தியில்லை, கணக்கை எவ்வாறு நீக்குவது?",terminate_account,terminate_account,True
1889,நான் எனது கணக்கை நீக்க விரும்புகிறேன்.,terminate_account,terminate_account,True
1890,"இந்த நிறுவனத்தில் எனக்குப் பெரும் திருப்தியீனம் உள்ளது, எனது கணக்கை நீக்க விரும்புகிறேன்!",terminate_account,terminate_account,True
1891,எனக்கு உங்கள் நிறுவனத்தைப் பிடிக்கவில்லை. எனது கணக்கை நீக்குங்கள்.,terminate_account,terminate_account,True
1892,நான் எனது கணக்கை மூட விரும்புகிறேன்.,terminate_account,terminate_account,True
1893,இந்த நிறுவனம் மிகவும் மோசமானது! எனது கணக்கை நீக்க முடியுமா?,terminate_account,terminate_account,True
1894,"இந்த நிறுவனம் மோசமானது, தயவுசெய்து எனது கணக்கை நீக்குங்கள்.",terminate_account,terminate_account,True
1895,"தயவுசெய்து எனது கணக்கை நீக்குங்கள், உங்களது சேவைகள் திருப்திகரமாக இல்லை.",terminate_account,terminate_account,True
1896,எனது கணக்கை நீக்குவதற்கு எனக்கு உங்களது உதவி தேவை.,terminate_account,terminate_account,True
1897,"இந்த நிறுவனத்தின் சேவை மிகவும் மோசமாக உள்ளது, நான் எனது கணக்கை நிறுத்த வேண்டும்.",terminate_account,terminate_account,True
1898,இந்தக் கணக்கை நீக்குங்கள்!,terminate_account,terminate_account,True
1899,எனது கணக்கை எவ்வளவு சீக்கிரம் முடியுமோ அவ்வளவு சீக்கிரம் எவ்வாறு நீக்குவது?,terminate_account,terminate_account,True
1900,"இந்த நிறுவனம் நல்லதல்ல, நான் எனது கணக்கை நீக்க விரும்புகிறேன்.",terminate_account,terminate_account,True
1901,தயவுசெய்து எனது கணக்கை நீக்க முடியுமா?,terminate_account,terminate_account,True
1902,"உங்கள் நிறுவனத்தில் எனக்குத் திருப்தியில்லை, எனது கணக்குகளை நீக்க விரும்புகிறேன்!",terminate_account,terminate_account,True
1903,தயவுசெய்து எனது கணக்கை நீக்குங்கள். உங்கள் நிறுவனத்தின் சேவையில் எனக்கு மகிழ்ச்சியில்லை.,terminate_account,terminate_account,True
1904,தயவுசெய்து எனது கணக்கை நிறுத்துங்கள்.,terminate_account,terminate_account,True
1905,"இந்த மோசமான நிறுவனத்தால் நான் சலிப்படைந்துவிட்டேன், எனது கணக்கை மூட விரும்புகிறேன்.",terminate_account,terminate_account,True
1906,தயவுசெய்து எனது கணக்கை மூடுங்கள். உங்களது சேவையில் எனக்குத் திருப்தியில்லை.,terminate_account,terminate_account,True
1907,தயவுசெய்து எனது கணக்கை நீக்குங்கள்.,terminate_account,terminate_account,True
1908,உங்களது சேவை மிகவும் மோசமானது. எனது கணக்கை நீக்குங்கள்.,terminate_account,terminate_account,True
1909,எனது கணக்கு நீக்கப்பட வேண்டும் என நான் விரும்புகிறேன்!,terminate_account,terminate_account,True
1910,"இந்தச் செயலி எனக்கு மிகவும் அதிருப்தியைத் தருகிறது, எனது கணக்கை நீக்க விரும்புகிறேன்.",terminate_account,terminate_account,True
1911,எனது கணக்கை நான் எவ்வாறு நீக்குவது?,terminate_account,terminate_account,True
1912,இந்த நிறுவனம் மிகவும் மோசம்! எனது கணக்கை நீக்க முடியுமா?,terminate_account,terminate_account,True
1913,எனது கணக்கை மூட விரும்புகிறேன். நீங்கள் வழங்கும் சேவை எனக்குப் பிடிக்கவில்லை.,terminate_account,terminate_account,True
1914,எனது கணக்கை நீக்குவதற்கு எனக்கு உதவ முடியுமா?,terminate_account,terminate_account,True
1915,"உங்கள் சேவைகள் இனி எனக்குப் பயனுள்ளதாக இல்லை, எனது கணக்கை நான் எவ்வாறு நீக்குவது?",terminate_account,terminate_account,True
1916,"தயவுசெய்து எனது கணக்கை நீக்குங்கள், இந்த நிறுவனம் எனக்குச் செட் ஆகவில்லை!",terminate_account,terminate_account,True
1917,எனது கணக்கை நீக்க விரும்புகிறேன். நீங்கள் வழங்கும் சேவையில் எனக்குத் திருப்தியில்லை.,terminate_account,terminate_account,True
1918,எனது கணக்கை எவ்வாறு மூடுவது என்று எனக்குச் சொல்ல முடியுமா?,terminate_account,terminate_account,True
1919,இந்த நிறுவனம் மிகவும் மோசம்! எனது கணக்கை ரத்து செய்ய முடியுமா?,terminate_account,terminate_account,True
1920,"ஏடிஎம் இயந்திரம் எனது அட்டையை ""எடுத்துக்கொண்டால்"" நான் என்ன செய்ய வேண்டும்?",card_swallowed,card_swallowed,True
1921,இயந்திரத்திலிருந்து எனது அட்டையை நான் எவ்வாறு திரும்பப் பெறுவது?,card_swallowed,card_swallowed,True
1922,"நான் பணம் எடுத்துக் கொண்டிருந்தேன், எனது அட்டை வெளியே வரவில்லை.",card_swallowed,card_swallowed,True
1923,இயந்திரம் எனது அட்டையை விழுங்கிவிட்டதால் நான் என்ன செய்வது? எனக்கு ஒன்று தேவை.,card_swallowed,card_swallowed,True
1924,"ஏடிஎம் எனது அட்டையை உள்ளே இழுத்த பிறகு, அதை நான் எவ்வாறு திரும்பப் பெறுவது?",card_swallowed,card_swallowed,True
1925,ஏடிஎம் எனது அட்டையை எடுத்துக்கொண்டது.,card_swallowed,card_swallowed,True
1926,இயந்திரத்திலிருந்து எனது ஏடிஎம் அட்டையைத் திரும்பப் பெற ஏதேனும் வழி இருக்கிறதா?,card_swallowed,card_swallowed,True
1927,ஏடிஎம் எனது அட்டையை விழுங்கிவிட்டது என்று நினைக்கிறேன்.,card_swallowed,card_swallowed,True
1928,ஏடிஎம் எனது அட்டையைத் திரும்பத் தரவில்லை!,card_swallowed,card_swallowed,True
1929,அந்தப் பாழாய்ப்போன ஏடிஎம்மில் இருந்து எனது அட்டையை நான் எவ்வாறு வெளியே எடுப்பது?,card_swallowed,card_swallowed,True
1930,ஏடிஎம் எனது அட்டையைத் திரும்பத் தர மறுக்கிறது!,card_swallowed,card_swallowed,True
1931,எனது அட்டையை நான் எவ்வாறு திரும்ப வெளியே எடுப்பது?,card_swallowed,card_swallowed,True
1932,ஏடிஎம் இயந்திரம் எனது அட்டையை எடுத்துக்கொண்டது.,card_swallowed,card_swallowed,True
1933,ஹை செயின்ட் கென்சிங்டனில் உள்ள மெட்ரோ வங்கியின் ஏடிஎம் எனது அட்டையை விழுங்கிவிட்டது. அதை நான் எவ்வாறு திரும்பப் பெறுவது?,card_swallowed,card_swallowed,True
1934,"எனது ஏடிஎம் அட்டை மாட்டிக்கொண்டது, என்ன செய்வது என்று எனக்குத் தெரியவில்லை.",card_swallowed,card_swallowed,True
1935,ஏடிஎம் எனது அட்டையை விழுங்கிவிட்டது.,card_swallowed,card_swallowed,True
1936,ஏடிஎம் எனது அட்டையைத் திரும்பத் தரவில்லை.,card_swallowed,card_swallowed,True
1937,எனது அட்டை ஏடிஎம்மால் பறிமுதல் செய்யப்பட்டுள்ளது. எனது அட்டையை நான் எவ்வாறு திரும்பப் பெறுவது?,card_swallowed,card_swallowed,True
1938,ஏடிஎம் எனது அட்டையை விழுங்கிவிட்டால் நான் என்ன செய்வது?,card_swallowed,card_swallowed,True
1939,ஏடிஎம்மில் இன்னும் எனது அட்டை இருக்கிறது.,card_swallowed,card_arrival,False
1940,ஏடிஎம் எனது அட்டையை விழுங்கிவிட்டால் நான் என்ன செய்வது?,card_swallowed,card_swallowed,True
1941,ஏடிஎம் எனது அட்டையைத் திரும்பத் தராவிட்டால் என்ன நடக்கும்?,card_swallowed,card_swallowed,True
1942,ஏடிஎம்மில் இருந்து எனது அட்டையை வெளியே இழுக்க முடியவில்லை. எனக்கு உதவுங்கள்.,card_swallowed,card_swallowed,True
1943,எனக்கு ஒரு பிரச்சினை! ஏடிஎம் எனது அட்டையை எடுத்துக்கொண்டது!,card_swallowed,card_swallowed,True
1944,ஏடிஎம் ஏன் எனது அட்டையை விழுங்க வேண்டும்?,card_swallowed,card_swallowed,True
1945,எனது அட்டை ஏடிஎம்மால் எடுத்துக்கொள்ளப்பட்டது.,card_swallowed,card_swallowed,True
1946,உதவுங்கள்! ஏடிஎம் எனது அட்டையைத் திரும்பத் தரவில்லை.,card_swallowed,card_swallowed,True
1947,அந்த முட்டாள் இயந்திரம் எனது அட்டையை விழுங்கிவிட்டது!! எனக்கு உடனடியாக புதிய ஒன்று தேவை.,card_swallowed,card_swallowed,True
1948,ஏடிஎம்மில் மாட்டிக்கொண்ட அட்டையை எவ்வாறு திரும்பப் பெறுவது?,card_swallowed,card_swallowed,True
1949,"எனது அட்டை ஏடிஎம்மில் மாட்டிக்கொண்டது, நான் என்ன செய்ய முடியும்?",card_swallowed,card_swallowed,True
1950,"நான் பணம் எடுத்துக் கொண்டிருந்தேன், எனது அட்டையை திரும்பப் பெற முடியவில்லை.",card_swallowed,lost_or_stolen_card,False
1951,"எனது அட்டை ஏடிஎம் இயந்திரத்தில் மாட்டிக்கொண்டால், நான் என்ன செய்ய வேண்டும்?",card_swallowed,card_swallowed,True
1952,எனது அட்டையை ஏடிஎம் இயந்திரம் விழுங்கிவிட்டது.,card_swallowed,card_swallowed,True
1953,"நான் பணம் எடுத்துக் கொண்டிருந்தேன், எனது அட்டையை மீண்டும் பெற முடியவில்லை.",card_swallowed,declined_cash_withdrawal,False
1954,எனது அட்டை ஏடிஎம் இயந்திரத்தில் மாட்டிக்கொண்டால் நான் என்ன செய்ய வேண்டும்?,card_swallowed,card_swallowed,True
1955,ஹை செயின்ட் கென்சிங்டனில் உள்ள மெட்ரோ வங்கியின் ஏடிஎம் எனது அட்டையைத் திருப்பித் தரவில்லை. இப்போது வங்கி மூடப்பட்டிருப்பதால் நான் என்ன செய்ய வேண்டும்?,card_swallowed,card_swallowed,True
1956,ஏடிஎம் எனது அட்டையைத் திருப்பித் தரவில்லை.,card_swallowed,card_swallowed,True
1957,"நான் ஒரு ஏடிஎம்மில் இருந்தேன், அது எனது அட்டையை விழுங்கிவிட்டது.",card_swallowed,card_swallowed,True
1958,"என்ன இது??? நான் ஹை செயின்ட் கென்சிங்டனில் உள்ள மெட்ரோ வங்கியில் சிறிது பணம் எடுக்க முயன்றேன், எந்தவொரு அறிவிப்பும் இன்றி அது இயந்திரத்திற்குள் மறைந்துவிட்டது. வங்கி ஏற்கனவே மூடப்பட்டிருந்ததால் என்னால் எதுவும் செய்ய முடியவில்லை. அதை நான் எவ்வாறு திரும்பப் பெறுவது?",card_swallowed,reverted_card_payment?,False
1959,எனது அட்டை ஏடிஎம் இயந்திரத்தில் மாட்டிக்கொண்டால் என்ன நடக்கும்?,card_swallowed,card_swallowed,True
1960,"ஒரு கட்டணத்திற்காக என்னிடம் இரண்டு முறை பணம் வசூலிக்கப்பட்டுள்ளது, அதை நான் எவ்வாறு சரிசெய்வது?",transaction_charged_twice,transaction_charged_twice,True
1961,"நான் அமெரிக்கா மற்றும் கனடாவிற்கு உணவுகளை ருசிப்பதற்கான ஒரு விடுமுறைப் பயணத்தை முடித்துவிட்டு இப்போதுதான் திரும்பினேன், எனது கணக்கில் நிலுவையில் உள்ள மற்றும் இரட்டிப்பான பரிவர்த்தனைகள் பல உள்ளன. ஏதோ தவறு நடந்துள்ளது என்று நினைக்கிறேன், தயவுசெய்து இதை ஆராய முடியுமா?",transaction_charged_twice,transaction_charged_twice,True
1962,ஒரு உணவகத்திற்காக என்னிடம் ஏன் இரண்டு முறை கட்டணம் வசூலிக்கப்படுகிறது?,transaction_charged_twice,transaction_charged_twice,True
1963,எனது கொள்வனவிற்காக ஏன் இரண்டு முறை கட்டணம் வசூலிக்கப்பட்டது என்பதை நான் அறிய விரும்புகிறேன்.,transaction_charged_twice,transaction_charged_twice,True
1964,நான் இதை இரண்டு முறை வாங்கவில்லை.,transaction_charged_twice,transaction_charged_twice,True
1965,ஒரே விஷயத்திற்காக என்னிடம் ஏன் இரண்டு முறை கட்டணம் வசூலிக்கப்பட்டது?,transaction_charged_twice,transaction_charged_twice,True
1966,"எனது அட்டையில் ஏன் ஒன்றுக்கு மேற்பட்ட கட்டணங்கள் உள்ளன? நான் ஒரு முறை மட்டுமே பணம் செலுத்தினேன், இரண்டு முறை அல்ல, இதை நான் எவ்வாறு சரிசெய்வது?",transaction_charged_twice,transaction_charged_twice,True
1967,செயலியில் ஒரு இரட்டிப்புக் கட்டணம் காட்டுகிறது. ஒரே விஷயத்திற்கு இரண்டு முறை கட்டணம் வசூலிக்கப்படுவதை நான் எவ்வாறு தடுப்பது?,transaction_charged_twice,transaction_charged_twice,True
1968,ஒரே பரிவர்த்தனைக்காக என்னிடம் ஏன் ஒன்றுக்கு மேற்பட்ட முறை கட்டணம் வசூலிக்கப்பட வேண்டும்?,transaction_charged_twice,transaction_charged_twice,True
1969,7 நாட்களுக்குள் ஒரே பொருளுக்கு இரண்டு முறை கட்டணம் வசூலிக்கப்படுவது எவ்வாறு ஒன்றுக்கு மேற்பட்ட முறை நிகழலாம் என்று நான் யோசித்துக்கொண்டிருக்கிறேன். இதை எவ்வளவு சீக்கிரம் சரிசெய்ய முடியுமோ அவ்வளவு சீக்கிரம் சரிசெய்ய ஏதேனும் வழி உள்ளதா?,transaction_charged_twice,transaction_charged_twice,True
1970,என்னிடம் இரண்டு முறை கட்டணம் வசூலிக்கப்பட்டுள்ளதா என்று தயவுசெய்து சரிபார்க்க முடியுமா?,transaction_charged_twice,transaction_charged_twice,True
1971,என்னிடம் இரண்டு முறை கட்டணம் வசூலிக்கப்பட்டுள்ளது.,transaction_charged_twice,transaction_charged_twice,True
1972,கடந்த வாரம் நான் வாங்கிய சில பொருட்களுக்கு என்னிடம் இரட்டிப்புக் கட்டணம் வசூலிக்கப்பட்டதாகத் தெரிகிறது. தயவுசெய்து இதை மறுபரிசீலனை செய்து சரிசெய்யவும்.,transaction_charged_twice,transaction_charged_twice,True
1973,"இந்த வாரம் சில பொருட்களுக்கு என்னிடம் இரட்டிப்புக் கட்டணம் வசூலிக்கப்பட்டதாகத் தெரிகிறது. தயவுசெய்து இதை எனக்காக ஆராய்ந்து, இரட்டிப்பாக வசூலிக்கப்பட்ட தொகையை எனது அட்டைக்குத் திருப்பித் தர ஏதேனும் வழி உள்ளதா?",transaction_charged_twice,transaction_charged_twice,True
1974,"எனது பரிவர்த்தனைகளைச் சரிபார்த்த பிறகு, இந்த வார தொடக்கத்தில் நான் சென்ற ஒரு உணவகத்திலிருந்து என்னிடம் இரண்டு முறை கட்டணம் வசூலிக்கப்பட்டதை அவதானித்தேன். தவறான கட்டணங்களில் ஒன்றை நீக்கி, அதற்கான பணத்தை நான் திரும்பப் பெற முடியுமா?",transaction_charged_twice,transaction_charged_twice,True
1975,ஒரு கட்டணம் இரண்டு முறை காட்டப்படுவதற்கு ஏதோ ஒரு தவறு நடந்திருக்கலாம் என்று நினைக்கிறேன்.,transaction_charged_twice,transaction_charged_twice,True
1976,ஒரு பரிவர்த்தனை ஏன் பல முறை காட்டப்படுகிறது?,transaction_charged_twice,transaction_charged_twice,True
1977,எனது கணக்கில் இரட்டிப்புக் கட்டணங்கள் போலத் தோன்றுவதைக் காண்கிறேன்.,transaction_charged_twice,transaction_charged_twice,True
1978,ஒரே விஷயத்திற்காக என்னிடம் ஏன் பல முறை கட்டணம் வசூலிக்கப்பட்டது?,transaction_charged_twice,transaction_charged_twice,True
1979,"என்னிடம் ஒரு நகல் அட்டை இருந்தது, இரண்டு முறை கட்டணம் வசூலிக்கப்பட்டது. இதை நான் எவ்வாறு தீர்ப்பது?",transaction_charged_twice,transaction_charged_twice,True
1980,"வணக்கம். எனது பரிவர்த்தனைகளைச் சரிபார்த்தபோது, ஒரு உணவகத்திற்குச் சென்றதற்காக எனது அட்டையில் இரட்டிப்புக் கட்டணம் வசூலிக்கப்பட்டதைக் கண்டேன். எனது பணத்தை நான் திரும்பப் பெற விரும்புகிறேன்.",transaction_charged_twice,transaction_charged_twice,True
1981,என்னிடம் ஏன் இரண்டு முறை கட்டணம் வசூலிக்கப்படுகிறது?,transaction_charged_twice,transaction_charged_twice,True
1982,"எனது அட்டையின் பரிவர்த்தனைகள் மிகவும் விசித்திரமாகத் தெரிகின்றன. இந்த வாரம் சில பொருட்களுக்கு என்னிடம் இரண்டு முறை கட்டணம் வசூலிக்கப்பட்டுள்ளது! தயவுசெய்து இதைச் சரிபார்த்து, இரட்டிப்பாக வசூலிக்கப்பட்ட தொகையைத் திருப்பித் தரவும்.",transaction_charged_twice,transaction_charged_twice,True
1983,"தயவுசெய்து எனது அட்டையின் கொடுப்பனவுகளைச் சரிபார்க்கவும். ஒரு இரட்டிப்புக் கட்டணம் உள்ளது, ஆனால் நான் அதை ஒரு முறை மட்டுமே வாங்கினேன்.",transaction_charged_twice,transaction_charged_twice,True
1984,"இந்த வாரம் ஒன்றுக்கு மேற்பட்ட முறை, ஒரே பரிவர்த்தனைக்காக என்னிடம் ஒன்றுக்கு மேற்பட்ட முறை கட்டணம் வசூலிக்கப்பட்டுள்ளது. தயவுசெய்து இப்பிரச்சினையைச் சரிசெய்து, இரட்டிப்புக் கட்டணங்களைத் திருப்பித் தரவும்.",transaction_charged_twice,transaction_charged_twice,True
1985,எனது கணக்கில் ஒரு பரிவர்த்தனை பல முறை மீண்டும் மீண்டும் செய்யப்பட்டுள்ளது.,transaction_charged_twice,transaction_charged_twice,True
1986,ஒரே பரிவர்த்தனைக்காக என்னிடம் ஒன்றுக்கு மேற்பட்ட முறை கட்டணம் வசூலிக்கப்பட்டுள்ளது.,transaction_charged_twice,transaction_charged_twice,True
1987,ஒரு பரிவர்த்தனைக்காக எனது அட்டையில் இரண்டு தனித்தனி முறை கட்டணம் வசூலிக்கப்பட்டுள்ளது.,transaction_charged_twice,transaction_charged_twice,True
1988,ஒரு கொடுப்பனவு ஏன் இரண்டு முறை காட்டப்படுகிறது என்பதை விளக்க முடியுமா?,transaction_charged_twice,transaction_charged_twice,True
1989,ஒரே பரிவர்த்தனைக்காக என்னிடம் ஏன் இரண்டு முறை கட்டணம் வசூலிக்கப்பட்டுள்ளது?,transaction_charged_twice,transaction_charged_twice,True
1990,ஒரே கொடுக்கல்வாங்கலுக்கு என்னிடம் பல தடவைகள் பணம் அறவிடப்பட்டிருப்பதை நான் காண்கிறேன்.,transaction_charged_twice,transaction_charged_twice,True
1991,என்னிடம் இரண்டு முறை கட்டணம் அறவிடப்பட்டுள்ளது.,transaction_charged_twice,transaction_charged_twice,True
1992,ஒரே கொடுக்கல்வாங்கலில் எனக்கு பல கட்டணங்கள் அறவிடப்பட்டுள்ளன.,transaction_charged_twice,transaction_charged_twice,True
1993,"எனது அட்டை மூலமான கொடுப்பனவு இரண்டு முறை செய்யப்பட்டுள்ளது போல் தெரிகிறது. நான் முன்னர் கடையில் பணம் செலுத்தச் சென்றபோது, ஒரு முறை நிராகரிக்கப்பட்டு, இரண்டாவது முறை வேலை செய்தது. ஆனால் செயலி இன்னும் ஒரு கொடுப்பனவை நிலுவையில் (pending) காட்டுகிறது. அது தவறானது மற்றும் நிராகரிக்கப்பட்டது என்பதால் தயவுசெய்து அதை நீக்க முடியுமா?",transaction_charged_twice,transaction_charged_twice,True
1994,எனக்கு ஒரு கொடுக்கல்வாங்கல் பல முறை காட்டுகிறது.,transaction_charged_twice,transaction_charged_twice,True
1995,"இந்த வாரம் நான் சென்ற ஒரு உணவகத்தில் இருந்து எனக்கு இரண்டு முறை கட்டணம் அறவிடப்பட்டுள்ளது, அந்த கொடுப்பனவுகளில் ஒன்றை எனது கணக்கிலிருந்து நீக்க விரும்புகிறேன்.",transaction_charged_twice,transaction_charged_twice,True
1996,எனது கணக்கில் ஒரே கொடுக்கல்வாங்கல் ஒன்றுக்கு மேற்பட்ட தடவைகள் உள்ளது.,transaction_charged_twice,transaction_charged_twice,True
1997,எனக்கு ஒரு இரட்டை கொடுப்பனவு காட்டுகிறது.,transaction_charged_twice,transaction_charged_twice,True
1998,நான் செய்த ஒரு கொடுப்பனவுக்கு ஒரு முறைக்கு பதிலாக இரண்டு முறை கட்டணம் அறவிடப்பட்டுள்ளது.,transaction_charged_twice,transaction_charged_twice,True
1999,"ஒரே செலவுக்காக என்னிடம் இரண்டு முறை கட்டணம் அறவிடப்பட்டுள்ளது என்று நான் கருதினால், அதற்கான தீர்வுகள் என்ன?",transaction_charged_twice,transaction_charged_twice,True
2000,எனது நிதியின் ஆதாரத்தை நான் சரிபார்க்க முடியுமா?,verify_source_of_funds,verify_source_of_funds,True
2001,நிதி ஆதாரம் பற்றிய தகவல்கள் எனக்கு வேண்டும்.,verify_source_of_funds,verify_source_of_funds,True
2002,எனது நிதி எங்கிருந்து பெறப்படுகிறது?,verify_source_of_funds,verify_source_of_funds,True
2003,எனது பணத்தின் ஆதாரத்தை நான் சரிபார்க்க விரும்புகிறேன்.,verify_source_of_funds,verify_source_of_funds,True
2004,நிதி எங்கிருந்து வருகிறது?,verify_source_of_funds,verify_source_of_funds,True
2005,எனது நிதியின் ஆதாரம் என்ன?,verify_source_of_funds,verify_source_of_funds,True
2006,எனது நிதி ஆதாரத்தை நான் சரிபார்க்க வேண்டும்.,verify_source_of_funds,verify_source_of_funds,True
2007,எனது பணத்தின் ஆதாரத்தை நான் பார்க்க விரும்புகிறேன்.,verify_source_of_funds,verify_source_of_funds,True
2008,எனது நிதி ஆதாரம் பற்றிய இந்த அனைத்து தகவல்களும் உங்களுக்கு ஏன் தேவை?,verify_source_of_funds,why_verify_identity,False
2009,நிதி ஆதாரத்தை நான் எவ்வாறு சரிபார்க்கலாம்?,verify_source_of_funds,verify_source_of_funds,True
2010,எனது நிதி எங்கிருந்து வந்தது என்று நான் எவ்வாறு கூறுவது?,verify_source_of_funds,verify_source_of_funds,True
2011,என்னிடம் உள்ள நிதியின் ஆதாரம் என்ன?,verify_source_of_funds,verify_source_of_funds,True
2012,எனது நிதி உருவான இடத்தை நான் கண்டறிய முடியுமா?,verify_source_of_funds,verify_source_of_funds,True
2013,எனது நிதி ஆதாரம் சரிபார்க்கப்பட வேண்டும்.,verify_source_of_funds,verify_source_of_funds,True
2014,எனது நிதி ஆதாரத்தை சரிபார்க்க உங்களுக்கு என்ன தகவல்கள் தேவை?,verify_source_of_funds,verify_source_of_funds,True
2015,எனது நிதி ஆதாரம் சரிபார்க்கப்பட வேண்டும். நான் இதை எவ்வாறு செய்வது?,verify_source_of_funds,verify_source_of_funds,True
2016,எனது நிதி சரிபார்க்கப்பட வேண்டும்.,verify_source_of_funds,verify_source_of_funds,True
2017,நிதி எங்கிருந்து வந்தது என்று சரிபார்க்க எனக்கு உதவுங்கள்.,verify_source_of_funds,verify_source_of_funds,True
2018,நிதி எங்கிருந்து வருகிறது என்று நான் அறிய விரும்புகிறேன்.,verify_source_of_funds,verify_source_of_funds,True
2019,எனது பணத்தின் ஆதாரம் என்ன?,verify_source_of_funds,verify_source_of_funds,True
2020,என்னிடம் உள்ள பணத்தின் ஆதாரத்தை நான் எங்கே கண்டறியலாம்?,verify_source_of_funds,verify_source_of_funds,True
2021,நிதி எங்கிருந்து வந்தது என்பதை நான் எவ்வாறு தேடுவது?,verify_source_of_funds,verify_source_of_funds,True
2022,எனது நிதி மற்றும் அது எங்கிருந்து வந்தது என்ற வரலாற்றை நான் பார்க்க முடியுமா?,verify_source_of_funds,verify_source_of_funds,True
2023,எனது நிதி ஆதாரத்தை நான் சரிபார்க்க வேண்டும்.,verify_source_of_funds,verify_source_of_funds,True
2024,என்னிடம் உள்ள நிதியின் ஆதாரத்தை நான் எவ்வாறு பார்ப்பது?,verify_source_of_funds,verify_source_of_funds,True
2025,எனது பணம் எங்கிருந்து வருகிறது?,verify_source_of_funds,verify_source_of_funds,True
2026,எனது நிதி ஆதாரத்தை நான் உறுதிப்படுத்த வேண்டும்.,verify_source_of_funds,verify_source_of_funds,True
2027,எனது நிதி எங்கிருந்து வருகிறது? நான் அறிய வேண்டும்.,verify_source_of_funds,verify_source_of_funds,True
2028,என்னிடம் உள்ள பணம் எங்கிருந்து வந்தது?,verify_source_of_funds,verify_source_of_funds,True
2029,எனது பணம் எங்கிருந்து வருகிறது என்று நீங்கள் ஏன் தெரிந்து கொள்ள வேண்டும்?,verify_source_of_funds,verify_source_of_funds,True
2030,எனது பணம் எங்கிருந்து வருகிறது என்பதை நான் எவ்வாறு பார்ப்பது?,verify_source_of_funds,verify_source_of_funds,True
2031,எனது நிதிக்கான ஆதாரத்தை நான் எவ்வாறு சரிபார்ப்பது?,verify_source_of_funds,verify_source_of_funds,True
2032,எனது பணத்தின் ஆதாரத்தை நான் எங்கே பார்க்க முடியும்?,verify_source_of_funds,verify_source_of_funds,True
2033,"எனது நிதியின் ஆதாரம் என்ன, அதை சரிபார்க்க வேண்டும்",verify_source_of_funds,verify_source_of_funds,True
2034,எனது நிதி எங்கிருந்து வருகிறது?,verify_source_of_funds,verify_source_of_funds,True
2035,எனது நிதியின் ஆதாரத்தை நான் எவ்வாறு சரிபார்க்கலாம்?,verify_source_of_funds,verify_source_of_funds,True
2036,எனது நிதிக்கான ஆதாரத்தை நான் எவ்வாறு பார்ப்பது?,verify_source_of_funds,verify_source_of_funds,True
2037,எனது நிதி எங்கிருந்து வருகிறது என்பதை நான் எவ்வாறு அறிந்துகொள்வது?,verify_source_of_funds,verify_source_of_funds,True
2038,ஆனால் இந்த பணம் எல்லாம் எங்கிருந்து வருகிறது?,verify_source_of_funds,verify_source_of_funds,True
2039,எனது நிதியின் ஆதாரத்தை சரிபார்க்க நான் என்ன செய்ய வேண்டும்?,verify_source_of_funds,verify_source_of_funds,True
2040,எனது வெளிநாட்டு பணப் பரிமாற்றத்திற்காக நான் எத்தனை நாட்கள் காத்திருக்க வேண்டும்?,transfer_timing,transfer_timing,True
2041,அமெரிக்காவிலிருந்து பணப் பரிமாற்றம் செய்ய காத்திருக்கும் நேரம் என்ன?,transfer_timing,transfer_timing,True
2042,எனக்கு சீனாவிலிருந்து விரைவான பணப் பரிமாற்றம் தேவை? அது எவ்வளவு வேகமாக இருக்கும்?,transfer_timing,transfer_timing,True
2043,எனது கணக்கில் பணப் பரிமாற்றத்தை எவ்வளவு விரைவில் நான் பார்க்க முடியும்?,transfer_timing,transfer_timing,True
2044,எனது கணக்கிற்கு பணம் வருவதற்கு எத்தனை நாட்கள் ஆகும்?,transfer_timing,transfer_timing,True
2045,எனது பணப் பரிமாற்றம் முடிவடைய எவ்வளவு காலம் ஆகும்?,transfer_timing,pending_transfer,False
2046,வெளிநாட்டிலிருந்து வரும் பணப் பரிமாற்றங்களுக்கு அதிக நேரம் எடுக்குமா?,transfer_timing,transfer_timing,True
2047,நான் எவ்வளவு விரைவாக ஒரு பணப் பரிமாற்றத்தை செய்ய முடியும்?,transfer_timing,cancel_transfer,False
2048,பணப் பரிமாற்றங்கள் எனது கணக்கு இருப்பில் காட்ட எவ்வளவு நேரம் ஆகும்?,transfer_timing,balance_not_updated_after_bank_transfer,False
2049,"நான் வெளிநாட்டிலிருந்து வங்கிப் பரிமாற்றத்தைத் தொடங்கினால், அந்தச் செயல்முறை முடிவடைய எவ்வளவு நேரம் ஆகும்?",transfer_timing,balance_not_updated_after_bank_transfer,False
2050,எனது கணக்கில் பணம் வருவதற்கு எவ்வளவு நேரம் ஆகும்?,transfer_timing,balance_not_updated_after_cheque_or_cash_deposit,False
2051,பணப் பரிமாற்றம் எப்போது எனது கணக்கை வந்தடையும்?,transfer_timing,transfer_timing,True
2052,எனது கணக்கில் பணப் பரிமாற்றம் எப்போது காட்டப்படும் என்று நான் எதிர்பார்க்க வேண்டும்?,transfer_timing,transfer_timing,True
2053,எனது பணப் பரிமாற்றம் உடனடியாக எனது கணக்கில் காட்டப்படுமா?,transfer_timing,pending_transfer,False
2054,"நான் சீனாவிலிருந்து ஒரு விரைவான பணப் பரிமாற்றத்தை செய்ய வேண்டுமானால், அதற்கு எவ்வளவு நேரம் ஆகும் என்று நான் எதிர்பார்க்க வேண்டும்?",transfer_timing,transfer_timing,True
2055,பணம் எப்போது எனது கணக்கிற்கு மாற்றப்படும்?,transfer_timing,transfer_timing,True
2056,பணப் பரிமாற்றம் எனது கணக்கை வந்தடைய நான் எவ்வளவு நேரம் காத்திருக்க வேண்டும்?,transfer_timing,transfer_timing,True
2057,அமெரிக்கா வழியாக எனது கணக்கிற்கு நிதி வருவதற்கு எவ்வளவு நேரம் ஆகும்?,transfer_timing,card_delivery_estimate,False
2058,எனது வெளிநாட்டு பணப் பரிமாற்றத்திற்கான காத்திருப்பு நேரம் எவ்வளவு?,transfer_timing,transfer_timing,True
2059,அமெரிக்காவிலிருந்து ஒரு பணப் பரிமாற்றத்திற்கு எத்தனை நாட்கள் ஆகும்?,transfer_timing,transfer_timing,True
2060,அமெரிக்காவிலிருந்து வரும் பணப் பரிமாற்றத்திற்காக நான் எவ்வளவு நேரம் காத்திருக்க வேண்டும்?,transfer_timing,transfer_timing,True
2061,அமெரிக்க பணப் பரிமாற்றத்திற்கான காத்திருப்பு நேரம் எவ்வளவு?,transfer_timing,pending_transfer,False
2062,எனது கணக்கில் பணம் வருவதற்கு இன்னும் எத்தனை நாட்கள் ஆகும்?,transfer_timing,transfer_timing,True
2063,ஒரு பணப் பரிமாற்றத்திற்கு எவ்வளவு நேரம் ஆகும்?,transfer_timing,pending_transfer,False
2064,அமெரிக்காவிலிருந்து பணப் பரிமாற்றம் செய்வதற்கான கால அளவு என்ன?,transfer_timing,transfer_timing,True
2065,அமெரிக்க பணப் பரிமாற்றத்தை நான் எப்போது பெறுவேன்?,transfer_timing,cancel_transfer,False
2066,சீனாவிலிருந்து ஒரு அவசர பணப் பரிமாற்றத்திற்கு தோராயமாக எவ்வளவு நேரம் ஆகும்?,transfer_timing,transfer_timing,True
2067,"நான் வெளிநாட்டிலிருந்து ஒரு வங்கிப் பரிமாற்றத்தைத் தொடங்கினேன், இதற்கு எவ்வளவு நேரம் ஆகும்?",transfer_timing,balance_not_updated_after_bank_transfer,False
2068,வெளிநாட்டிலிருந்து வரும் பணப் பரிமாற்றங்களைச் செயல்படுத்த எவ்வளவு நேரம் ஆகும்?,transfer_timing,transfer_timing,True
2069,ஒரு வங்கியிலிருந்து மற்றொரு வங்கிக்கு நிதிப் பரிமாற்றம் செய்ய எவ்வளவு நேரம் ஆகும்?,transfer_timing,transfer_into_account,False
2070,"நான் சீனாவுக்கு அவசரமாக எதையாவது மாற்றினால், அது போய்ச்சேரக்கூடிய உத்தேச திகதி என்னவாக இருக்கும்?",transfer_timing,transfer_timing,True
2071,நான் சீனாவுக்கு எவ்வளவு வேகமாக முடியுமோ அவ்வளவு வேகமாக எதையாவது மாற்ற வேண்டும். அது சீனாவைச் சென்றடைய எவ்வளவு காலம் எடுக்கும்?,transfer_timing,transfer_timing,True
2072,ஒரு பணமாற்றம் எனது கணக்கை வந்தடைய நான் எவ்வளவு காலம் காத்திருக்க வேண்டும்?,transfer_timing,transfer_timing,True
2073,எனது பணம் எனது கணக்கில் காட்டப்படுவதற்கு எவ்வளவு காலம் எடுக்கும்?,transfer_timing,transfer_timing,True
2074,பணம் அனுப்பப்பட்ட கணத்திலிருந்து அது எனது கணக்கை வந்தடையும் வரை எவ்வளவு காலம் எடுக்கும்?,transfer_timing,transfer_timing,True
2075,பணமாற்றம் எனது கணக்கை வந்தடைய எவ்வளவு காலம் எடுக்கும்?,transfer_timing,transfer_timing,True
2076,எனது பணமாற்றம் வெளிநாட்டிலிருந்து என்றால் அதற்கு எவ்வளவு காலம் எடுக்கும்?,transfer_timing,transfer_timing,True
2077,சீனாவிலிருந்து நான் மாற்ற வேண்டிய ஒரு முக்கியமான விடயம் உள்ளது. இதற்கு தோராயமாக எவ்வளவு காலம் எடுக்கும்?,transfer_timing,transfer_timing,True
2078,சீனாவிலிருந்து ஒரு பணமாற்றத்திற்கு எவ்வளவு காலம் எடுக்கும்?,transfer_timing,transfer_timing,True
2079,எனது கணக்கில் பணம் எப்போது கிடைக்கும்?,transfer_timing,transfer_timing,True
2080,எனது அட்டை மூலமான கொடுப்பனவு நிறுத்தப்பட்டுள்ளது என்று நினைக்கிறேன்.,reverted_card_payment?,declined_card_payment,False
2081,எனது அட்டை மூலமான கொடுப்பனவு திரும்பப் பெறப்பட்டது. ஏன்?,reverted_card_payment?,reverted_card_payment?,True
2082,செயலி எனது கொடுப்பனவைத் திரும்பப் பெற்றுள்ளது.,reverted_card_payment?,reverted_card_payment?,True
2083,எனது அட்டை மூலமான கொடுப்பனவு இரத்து செய்யப்பட்டது.,reverted_card_payment?,reverted_card_payment?,True
2084,எனது கொடுப்பனவு ஏன் இரத்து செய்யப்பட்டது?,reverted_card_payment?,reverted_card_payment?,True
2085,"நான் ஒரு கொடுப்பனவைச் செய்தேன், ஆனால் செயலி அந்த கொடுப்பனவைத் திரும்பப் பெற்றுள்ளது.",reverted_card_payment?,reverted_card_payment?,True
2086,எனது கொடுப்பனவு செயலியால் திரும்பப் பெறப்பட்டது.,reverted_card_payment?,reverted_card_payment?,True
2087,"வணக்கம், நான் வாங்கிய பொருளுக்கான பணம் செலுத்தப்பட்டுவிட்டது, ஆனால் விற்பனையாளர் தங்களுக்கு அது கிடைக்கவில்லை என்று என்னைத் தொடர்பு கொண்டார். பின்னர் பணம் எனது கணக்கிற்குத் திரும்பியது, இது ஏன் நடந்தது என்று எனக்குத் தெரியவில்லை. எனவே தயவுசெய்து இந்தச் சிக்கலைத் தீர்த்துத் தர முடியுமா?",reverted_card_payment?,reverted_card_payment?,True
2088,எனது அட்டை மூலமான கொடுப்பனவு எந்தச் சூழ்நிலைகளில் திரும்பப் பெறப்படும் என்பதைத் தயவுசெய்து எனக்கு விளக்குங்கள்?,reverted_card_payment?,declined_card_payment,False
2089,எனது அட்டை மூலமான கொடுப்பனவு ஏன் இரத்து செய்யப்பட்டுள்ளது?,reverted_card_payment?,reverted_card_payment?,True
2090,எனது அட்டை மூலமான கொடுப்பனவு இரத்து செய்யப்பட்டுள்ளது என்று காட்டினால் நான் என்ன செய்ய வேண்டும்?,reverted_card_payment?,reverted_card_payment?,True
2091,சுமார் 2 வாரங்களுக்கு முன்பு நான் ஏற்கனவே பெற்ற ஒரு பொருளுக்கான கொடுப்பனவு ஏன் எனது கணக்கிற்குத் திரும்பப் பெறப்பட்டுள்ளது என்று எனக்குத் தெரியவில்லை. தயவுசெய்து என்ன நடக்கிறது என்று கூற முடியுமா?,reverted_card_payment?,reverted_card_payment?,True
2092,ஒரு கொள்வனவிற்காக எனது அட்டை நிராகரிக்கப்படுகிறது. நான் இதற்கு முன்பு பொருட்களை வாங்கியபோது அட்டை வேலை செய்தது. என்ன பிரச்சினை என்று உங்களுக்குத் தெரியுமா?,reverted_card_payment?,card_not_working,False
2093,எனது அட்டை மூலமான கொடுப்பனவு ஏன் திரும்பப் பெறப்பட்டது என்று எனக்குக் கூற முடியுமா?,reverted_card_payment?,reverted_card_payment?,True
2094,அங்கீகரிக்கப்பட்ட கொடுப்பனவைச் செய்ய செயலி ஏன் மறுத்தது?,reverted_card_payment?,card_payment_not_recognised,False
2095,எனது அட்டை மூலமான கொடுப்பனவு ஏன் திரும்பப் பெறப்பட்டது என்று உங்களுக்குத் தெரியுமா?,reverted_card_payment?,declined_card_payment,False
2096,எனது கடன் அட்டை ஒரு கொள்வனவிற்கான கொடுப்பனவை இரத்து செய்தது.,reverted_card_payment?,reverted_card_payment?,True
2097,எனது கொடுப்பனவு ஏன் திரும்பப் பெறப்பட்டது?,reverted_card_payment?,reverted_card_payment?,True
2098,எனது கொடுப்பனவு ஒன்று இரத்து செய்யப்பட்டதாகக் காட்டப்பட்டுள்ளது.,reverted_card_payment?,reverted_card_payment?,True
2099,எனது அட்டை மூலமான கொடுப்பனவு திரும்பப் பெறப்பட்டுள்ளது என்று நினைக்கிறேன்.,reverted_card_payment?,reverted_card_payment?,True
2100,"தங்களுக்குப் பணம் கிடைக்கவில்லை என்ற செய்தியுடன் ஒரு விற்பனையாளர் என்னைத் தொடர்பு கொண்டார். எனது கணக்கிலிருந்து பணம் எடுக்கப்பட்டது என்பதில் நான் 100% உறுதியாக இருக்கிறேன், எனவே இதை நிச்சயமாக விரைவில் சரிசெய்ய வேண்டும்.",reverted_card_payment?,reverted_card_payment?,True
2101,ஒரு வர்த்தகர் கொடுப்பனவை நிராகரித்தால் அந்தப் பணத்திற்கு என்ன நடக்கும்?,reverted_card_payment?,card_payment_not_recognised,False
2102,"நான் இணையத்தில் ஒரு கொள்வனவைச் செய்ய முயற்சிக்கிறேன், ஆனால் எனது அட்டை வேலை செய்யவில்லை. பணம் உள்ளது என்று எனக்குத் தெரியும், இது வங்கியின் தரப்பில் உள்ள பிரச்சினையா?",reverted_card_payment?,failed_transfer,False
2103,எனது அட்டை மூலமான கொடுப்பனவு ஏன் இரத்து செய்யப்பட்டது?,reverted_card_payment?,reverted_card_payment?,True
2104,எனது அட்டை மூலமான கொடுப்பனவு ஏன் திரும்பப் பெறப்பட்டுள்ளது?,reverted_card_payment?,reverted_card_payment?,True
2105,"ஏதோ ஒரு பிரச்சினை இருக்க வேண்டும், எனது அட்டை ஏன் இரத்து செய்யப்பட்டுள்ளது?",reverted_card_payment?,reverted_card_payment?,True
2106,"நான் எதையோ வாங்கினேன், பணம் மீண்டும் எனது கணக்கில் வந்துவிட்டது? ஏன்?",reverted_card_payment?,reverted_card_payment?,True
2107,எனது கணக்கில் அட்டை மூலமான கொடுப்பனவு இரத்து செய்யப்பட்டதாகக் காட்டுகிறது.,reverted_card_payment?,reverted_card_payment?,True
2108,"எனது அட்டை மூலமான கொடுப்பனவு ஏன் இரத்து செய்யப்பட்டது என்று எனக்குத் தெரியவில்லை, ஏன் என்று கண்டறிய முடியுமா?",reverted_card_payment?,declined_card_payment,False
2109,எனது அட்டை மூலமான கொடுப்பனவு இரத்து செய்யப்பட்டதற்கான காரணம் என்ன?,reverted_card_payment?,reverted_card_payment?,True
2110,"வணக்கம், நான் ஒரு விசாரணைக்காக முறைப்பாடு ஒன்றைச் செய்ய விரும்புகிறேன். நான் சம்பந்தப்பட்ட நிறுவனத்தின் வழக்கமான வாடிக்கையாளர், எனது கொள்வனவுகள், கொடுப்பனவுகள் அல்லது வேறு எதிலும் எனக்கு இதுவரை எந்தப் பிரச்சினையும் ஏற்பட்டதில்லை. இருப்பினும், இரண்டு வாரங்களுக்கு முன்பு நான் வாங்கிய ஒரு பொருளுக்காக கழிக்கப்பட்ட பணம் எனது நடப்புக் கணக்கிற்குத் திரும்பப் பெறப்பட்டுள்ளது. எனது கொடுப்பனவில் ஏதேனும் பிரச்சினை இருந்ததா? அந்தப் பொருள் ஏற்கனவே எனக்கு விநியோகிக்கப்பட்டுவிட்டது.",reverted_card_payment?,reverted_card_payment?,True
2111,எனது அட்டை மூலமான கொடுப்பனவு ஏன் திரும்பப் பெறப்பட்டது?,reverted_card_payment?,reverted_card_payment?,True
2112,செயலி ஏன் ஒரு கொடுப்பனவைத் திரும்பப் பெறுகிறது?,reverted_card_payment?,reverted_card_payment?,True
2113,"நான் ஒரு கொடுப்பனவைச் செய்தேன், ஆனால் செயலி அதைத் திரும்பப் பெற்றுவிட்டது.",reverted_card_payment?,reverted_card_payment?,True
2114,ஒரு வியாபாரி கொடுப்பனவை ஏற்றுக்கொள்ளாவிட்டால் என்ன நடக்கும்?,reverted_card_payment?,reverted_card_payment?,True
2115,எனது அட்டைக்கான ஒரு கொடுப்பனவு இரத்துச் செய்யப்பட்டுள்ளது.,reverted_card_payment?,reverted_card_payment?,True
2116,ஒரு பொருளுக்காக நான் செலுத்திய பணம் எனது கணக்கிற்குத் திரும்பப் பெறப்பட்டுள்ளது.,reverted_card_payment?,reverted_card_payment?,True
2117,யாரோ எனது கொடுப்பனவை நிறுத்திவிட்டார்கள்.,reverted_card_payment?,reverted_card_payment?,True
2118,"எனது அட்டை மூலமான கொடுப்பனவு இரத்துச் செய்யப்பட்டால், நான் என்ன செய்ய வேண்டும்?",reverted_card_payment?,reverted_card_payment?,True
2119,கொடுப்பனவு ஏன் திரும்பப் பெறப்பட்டுள்ளது?,reverted_card_payment?,reverted_card_payment?,True
2120,எந்த வகையான ஏடிஎம் இயந்திரங்கள் எனது பின் (PIN) இலக்கத்தை மாற்ற அனுமதிக்கும்?,change_pin,change_pin,True
2121,எனது பின் (PIN) இலக்கத்தை நான் எங்கே மாற்றுவது?,change_pin,change_pin,True
2122,எனது பின் (PIN) இலக்கத்தை மாற்றக்கூடிய ஒரே இடம் வங்கி மட்டும்தானா?,change_pin,change_pin,True
2123,"நான் வெளிநாட்டில் இருந்தால், எனது பின் (PIN) இலக்கத்தை எவ்வாறு மாற்றுவது?",change_pin,change_pin,True
2124,ஏடிஎம் (ATM) இயந்திரத்தில் எனது பின் (PIN) இலக்கத்தை மாற்ற முடியுமா?,change_pin,change_pin,True
2125,எனது பின் (PIN) இலக்கத்தை நான் எவ்வாறு மாற்றலாம்?,change_pin,change_pin,True
2126,"நான் எனது பின் (PIN) இலக்கத்தை மாற்ற விரும்புகிறேன், ஆனால் நான் தற்போது நாட்டில் இல்லை.",change_pin,change_pin,True
2127,எனது அட்டையின் பின் (PIN) இலக்கத்தை மாற்ற விரும்புகிறேன்.,change_pin,change_pin,True
2128,நான் ஒரு புதிய பின் (PIN) இலக்கத்தை அமைக்க விரும்புகிறேன்.,change_pin,change_pin,True
2129,"எனது பின் (PIN) இலக்கத்தை அவசரமாக மாற்ற வேண்டும், ஆனால் நான் இப்போது விடுமுறையில் வெளிநாட்டில் இருக்கிறேன். இதை நான் எவ்வாறு செய்வது?",change_pin,change_pin,True
2130,"எனக்கு ஒரு புதிய பின் (PIN) இலக்கம் தேவை, அதற்கு நான் என்ன செய்ய வேண்டும்?",change_pin,get_physical_card,False
2131,எனது பின் (PIN) இலக்கத்தை மாற்றுவதற்கு எனக்கு அருகில் ஏதேனும் இடம் இருக்கிறதா?,change_pin,change_pin,True
2132,எந்த ஏடிஎம் (ATM) இயந்திரத்தில் எனது பின் (PIN) இலக்கத்தை மாற்றலாம்?,change_pin,change_pin,True
2133,நான் ஒரு புதிய பின் (PIN) இலக்கத்தைத் தெரிவு செய்ய விரும்புகிறேன்.,change_pin,change_pin,True
2134,ஒரு புதிய பின் (PIN) இலக்கத்தை எவ்வாறு அமைப்பது?,change_pin,change_pin,True
2135,எனது பின் (PIN) இலக்கத்தை ஒரு புதிய எண்ணுக்கு எவ்வாறு புதுப்பிப்பது?,change_pin,change_pin,True
2136,எனது பின் (PIN) இலக்கத்தை நான் எவ்வாறு மாற்றலாம்?,change_pin,change_pin,True
2137,எனது புதிய பின் (PIN) இலக்கம் அமைக்கப்பட வேண்டும்.,change_pin,get_physical_card,False
2138,நான் வேறு ஒரு பின் (PIN) இலக்கத்தைத் தெரிவு செய்ய விரும்புகிறேன்.,change_pin,change_pin,True
2139,நான் எனது பின் (PIN) இலக்கத்தை மாற்ற விரும்புகிறேன்.,change_pin,change_pin,True
2140,ஏதேனும் ஏடிஎம் (ATM) இயந்திரங்களில் எனது பின் (PIN) இலக்கத்தை மாற்ற முடியுமா?,change_pin,change_pin,True
2141,"நான் இன்னும் இரண்டு வாரங்களுக்குப் பயணத்தில் இருப்பேன், ஆனால் எனது பின் (PIN) இலக்கத்தை உடனடியாக மாற்ற வேண்டும். நான் என்ன செய்வது?",change_pin,change_pin,True
2142,நான் எனது பின் (PIN) இலக்கத்தை மாற்ற வேண்டும். அதை ஒரு ஏடிஎம் (ATM) இயந்திரத்தில் செய்ய முடியுமா?,change_pin,change_pin,True
2143,ஏடிஎம் (ATM) இயந்திரங்கள் எனது பின் (PIN) இலக்கத்தை மாற்ற அனுமதிக்குமா?,change_pin,change_pin,True
2144,எனது பின் (PIN) இலக்கத்தை நான் எவ்வாறு மாற்றுவது?,change_pin,change_pin,True
2145,நான் எனது பின் (PIN) இலக்கத்தை மாற்ற வேண்டும்.,change_pin,change_pin,True
2146,நான் வேறு ஒரு அட்டை பின் (PIN) இலக்கத்தைப் பெறலாமா?,change_pin,get_physical_card,False
2147,எனது பின் (PIN) இலக்கத்தை மாற்றுவதற்கு நான் என்ன செய்ய வேண்டும்?,change_pin,change_pin,True
2148,ஒரு புதிய பின் (PIN) இலக்கத்தை அமைக்க எனக்கு உதவுங்கள்?,change_pin,change_pin,True
2149,எந்த ஏடிஎம் (ATM) இயந்திரங்கள் எனது பின் (PIN) இலக்கத்தை மாற்ற அனுமதிக்கும்?,change_pin,change_pin,True
2150,"நான் இப்போது ஆஸ்திரியாவில் இருக்கிறேன். எனது PIN இலக்கத்தை எவ்வளவு சீக்கிரம் முடியுமோ அவ்வளவு சீக்கிரம் மாற்ற வேண்டும், எனவே நான் இன்னும் இங்கிருந்தே இதைச் செய்ய முடியுமா?",change_pin,change_pin,True
2151,எனது PIN இலக்கத்தை மாற்றுவதற்கான வழிமுறைகளை நான் எங்கே காணலாம்?,change_pin,change_pin,True
2152,"நான் பயணத்தில் இருக்கிறேன், ஆனால் எனது PIN இலக்கத்தை மாற்ற வேண்டும்.",change_pin,change_pin,True
2153,எனது கணக்கின் PIN இலக்கத்தை நான் எவ்வாறு புதுப்பிப்பது?,change_pin,pin_blocked,False
2154,எனக்கு ஒரு புதிய PIN தேவை.,change_pin,change_pin,True
2155,எனது PIN இலக்கத்தை எவ்வாறு மாற்றுவது என்று எனக்குக் காட்டுங்கள்?,change_pin,change_pin,True
2156,தயவுசெய்து எந்த ஏடிஎம் (ATM) இயந்திரங்கள் எனது PIN இலக்கத்தை மாற்ற அனுமதிக்கும் என்று கூறுங்கள்.,change_pin,change_pin,True
2157,எனது அட்டை PIN இலக்கத்தை மாற்ற நான் என்ன படிகளைப் பின்பற்ற வேண்டும்?,change_pin,change_pin,True
2158,எனது அட்டையின் PIN இலக்கத்தை எவ்வாறு மாற்றுவது?,change_pin,change_pin,True
2159,நான் எவ்வாறு PIN இலக்கத்தை மாற்றலாம்? நான் ஒரு நேரடி வங்கிக்குச் செல்ல வேண்டுமா?,change_pin,change_pin,True
2160,நான் பலமுறை பணப் பரிமாற்றம் செய்ய முயற்சித்தேன். அது ஏன் இன்னும் நிறைவேறவில்லை?,beneficiary_not_allowed,transfer_not_received_by_recipient,False
2161,"நான் இதற்கு முன்பு எந்தப் பிரச்சினையும் இல்லாமல் பணம் பரிமாற்றம் செய்துள்ளேன், ஆனால் இப்போது அது சாத்தியமில்லை என்று ஒரு பிழைச் செய்தி வருகிறது. அது ஏன்?",beneficiary_not_allowed,beneficiary_not_allowed,True
2162,என்னால் ஒரு கணக்கிற்குப் பணப் பரிமாற்றம் செய்ய முடியாமல் உள்ளது,beneficiary_not_allowed,beneficiary_not_allowed,True
2163,என்னால் வேறொரு கணக்கிற்குப் பணப் பரிமாற்றம் செய்ய முடியாமல் போனது.,beneficiary_not_allowed,beneficiary_not_allowed,True
2164,எனது பணப் பரிமாற்றம் ஒன்று தடுக்கப்பட்டுள்ளது,beneficiary_not_allowed,declined_transfer,False
2165,"தயவுசெய்து இந்த பரிமாற்றத்திற்கு எனக்கு உதவ முடியுமா? நான் கிரிப்டோ வாங்க முயற்சிக்கிறேன், ஆனால் செயலி என்னை அனுமதிக்கவில்லை.",beneficiary_not_allowed,beneficiary_not_allowed,True
2166,ஒரு கணக்கிற்கு வெற்றிகரமாகப் பணப் பரிமாற்றம் செய்வது எப்படி?,beneficiary_not_allowed,transfer_into_account,False
2167,எனது பணப் பரிமாற்றம் சாத்தியமில்லை என்று எனக்கு ஏன் செய்தி வந்தது? நான் இதற்கு முன்பு எந்தப் பிரச்சினையும் இல்லாமல் இதைச் செய்துள்ளேன். தயவுசெய்து இதைச் சரிசெய்யவும்.,beneficiary_not_allowed,beneficiary_not_allowed,True
2168,"ஹே, நான் கொஞ்சம் கிரிப்டோ வாங்க விரும்புகிறேன், ஆனால் செயலி என்னை அனுமதிக்கவில்லை! என்ன பிரச்சினை, நான் இதை நிச்சயமாகப் பரிமாற்றம் செய்ய விரும்புகிறேன்",beneficiary_not_allowed,beneficiary_not_allowed,True
2169,"நான் பணம் அனுப்ப முயன்றேன், ஆனால் அது சாத்தியமில்லை என்று காட்டியது? நான் இதற்கு முன்பு இதைச் செய்தபோது வேலை செய்தது, இப்போது ஏன் வேலை செய்யவில்லை?",beneficiary_not_allowed,beneficiary_not_allowed,True
2170,பயனாளருக்கு (beneficiary) என்னால் ஏன் பணப் பரிமாற்றம் செய்ய முடியாது?,beneficiary_not_allowed,beneficiary_not_allowed,True
2171,பயனாளருக்குப் பணப் பரிமாற்றம் செய்வதில் எனக்குப் பிரச்சினைகள் உள்ளன.,beneficiary_not_allowed,beneficiary_not_allowed,True
2172,உங்கள் செயலியில் கிரிப்டோகரன்சி இல்லாததற்குக் காரணம் என்ன?,beneficiary_not_allowed,beneficiary_not_allowed,True
2173,எனது பணப் பரிமாற்றம் ஏன் நிறைவேறவில்லை? எனக்குத் தொடர்ந்து ஒரு பிழைச் செய்தி வந்துகொண்டே இருக்கிறது.,beneficiary_not_allowed,beneficiary_not_allowed,True
2174,ஒரு பயனாளருக்குப் பணப் பரிமாற்றம் செய்வதற்கான விதிகள் என்ன?,beneficiary_not_allowed,beneficiary_not_allowed,True
2175,நான் ஒரு பயனாளருக்குப் பணம் அனுப்ப முடியுமா?,beneficiary_not_allowed,beneficiary_not_allowed,True
2176,நான் பலமுறை பணம் அனுப்ப முயன்றேன். எனக்குத் தொடர்ந்து பிழைச் செய்தி மட்டுமே வருகிறது. என்ன நடக்கிறது என்றும் இதை எவ்வாறு சரிசெய்யலாம் என்றும் கூற முடியுமா?,beneficiary_not_allowed,beneficiary_not_allowed,True
2177,எனது கிரிப்டோகரன்சி பரிமாற்றம் ஒன்று நிறைவேறவில்லை. தயவுசெய்து அதைச் செயல்படுத்த எனக்கு உதவுங்கள்.,beneficiary_not_allowed,beneficiary_not_allowed,True
2178,என்னால் ஏன் வேறொரு கணக்கிற்குப் பணப் பரிமாற்றம் செய்ய முடியாமல் போனது?,beneficiary_not_allowed,beneficiary_not_allowed,True
2179,பணம் பயனாளருக்குப் பரிமாற்றம் செய்யப்படவில்லை.,beneficiary_not_allowed,beneficiary_not_allowed,True
2180,எனக்கு ஏன் இப்போது பணப் பரிமாற்றம் செய்ய அனுமதி இல்லை? எனக்குத் தொடர்ந்து ஒரு பிழைச் செய்தி மட்டுமே வந்துகொண்டே இருக்கிறது.,beneficiary_not_allowed,beneficiary_not_allowed,True
2181,என்னால் ஒரு கணக்கிற்குப் பணப் பரிமாற்றம் செய்ய முடியவில்லை,beneficiary_not_allowed,beneficiary_not_allowed,True
2182,ஒரு கணக்கிற்கான பணப் பரிமாற்றம் அனுமதிக்கப்படவில்லை,beneficiary_not_allowed,beneficiary_not_allowed,True
2183,எனது பணப் பரிமாற்றம் சாத்தியமில்லை என்று எனக்கு ஏன் ஒரு பிழைச் செய்தி வந்தது?,beneficiary_not_allowed,beneficiary_not_allowed,True
2184,என்னால் ஏன் ஒரு பயனாளருக்குப் பணப் பரிமாற்றம் செய்ய முடியாது என்று விளக்குங்கள்.,beneficiary_not_allowed,beneficiary_not_allowed,True
2185,பயனாளருக்கான எனது பணப் பரிமாற்றம் நிறைவேறவில்லை,beneficiary_not_allowed,beneficiary_not_allowed,True
2186,எனது பணப் பரிமாற்றம் ஏன் நிறைவேறவில்லை? அது சாத்தியமில்லை என்று எனக்கு ஒரு செய்தி வருகிறது. கடந்த காலத்தில் எனக்கு எந்தப் பிரச்சினையும் இருந்ததில்லை.,beneficiary_not_allowed,beneficiary_not_allowed,True
2187,என்னால் ஒரு பயனாளருக்குப் பணப் பரிமாற்றம் செய்ய முடியவில்லை!,beneficiary_not_allowed,beneficiary_not_allowed,True
2188,"எனது பயனாளி நிராகரிக்கப்பட்டுள்ளார், இது சாதாரணமானதா?",beneficiary_not_allowed,beneficiary_not_allowed,True
2189,"நான் கிரிப்டோவை பரிமாற்றம் செய்ய முயற்சிக்கிறேன், ஆனால் அது வேலை செய்யவில்லை. இதை எவ்வாறு சரிசெய்வது என்று எனக்குக் கூறுங்கள்.",beneficiary_not_allowed,beneficiary_not_allowed,True
2190,நான் செய்ய முயன்ற கணக்கு பணப்பரிமாற்றம் தோல்வியடைந்தது.,beneficiary_not_allowed,failed_transfer,False
2191,"எனது பயனாளருக்கு அனுமதி இல்லை, இதற்கான காரணம் என்னவென்று தயவுசெய்து கூற முடியுமா?",beneficiary_not_allowed,beneficiary_not_allowed,True
2192,என்னால் ஏன் ஒரு பயனாளருக்கு பணப்பரிமாற்றம் செய்ய முடியாமல் போனது?,beneficiary_not_allowed,beneficiary_not_allowed,True
2193,ஒரு பயனாளருக்கு என்னால் ஏன் பணப்பரிமாற்றம் செய்ய முடியாமல் போகும்?,beneficiary_not_allowed,beneficiary_not_allowed,True
2194,நான் ஒரு பயனாளருக்கு பணம் அனுப்ப விரும்புகிறேன். என்னால் ஏன் முடியாது?,beneficiary_not_allowed,beneficiary_not_allowed,True
2195,ஒரு கணக்கிற்கு பணப்பரிமாற்றம் செய்ய உதவ முடியுமா?,beneficiary_not_allowed,beneficiary_not_allowed,True
2196,எனது கணக்கு ஏன் பணப்பரிமாற்றங்களை அனுமதிக்கவில்லை?,beneficiary_not_allowed,beneficiary_not_allowed,True
2197,"நான் கிரிப்டோகரன்சி வாங்க விரும்புகிறேன், ஆனால் உங்கள் செயலி என்னை அனுமதிக்கவில்லை. ஏன்?",beneficiary_not_allowed,beneficiary_not_allowed,True
2198,"நான் ஒரு பயனாளருக்கு பணப்பரிமாற்றம் செய்ய முயன்றேன், ஆனால் அது நிறைவேறவில்லை.",beneficiary_not_allowed,beneficiary_not_allowed,True
2199,ஒரு கணக்கிற்கான பணப்பரிமாற்றம் ஏன் அனுமதிக்கப்படவில்லை?,beneficiary_not_allowed,beneficiary_not_allowed,True
2200,"நான் ஒரு பணப்பரிமாற்றம் செய்தபோது, ஒரு கட்டணம் வசூலிக்கப்பட்டது. ஏன்?",transfer_fee_charged,transfer_fee_charged,True
2201,எனது பணப்பரிமாற்றத்திற்காக எனக்கு ஒரு கட்டணம் வசூலிக்கப்பட்டது.,transfer_fee_charged,transfer_fee_charged,True
2202,பணப்பரிமாற்றம் செய்வதற்கு எனக்கு கட்டணம் வசூலிக்கப்பட்டதற்கு ஏதேனும் காரணம் உண்டா?,transfer_fee_charged,transfer_fee_charged,True
2203,பணப்பரிமாற்றம் செய்ததற்காக மட்டும் எனக்கு ஏன் கட்டணம் வசூலிக்கப்பட்டது?,transfer_fee_charged,transfer_fee_charged,True
2204,பணப்பரிமாற்றம் செய்வதற்கு நான் பணம் செலுத்த வேண்டியிருந்தது.,transfer_fee_charged,transfer_not_received_by_recipient,False
2205,பணப்பரிமாற்றக் கட்டணம் எவ்வளவு?,transfer_fee_charged,transfer_fee_charged,True
2206,பணம் அனுப்பியதற்காக எனக்கு ஏன் கூடுதல் கட்டணம் வசூலிக்கப்பட்டது?,transfer_fee_charged,transfer_fee_charged,True
2207,நான் இந்த பணப்பரிமாற்றக் கட்டணத்தைச் செலுத்த மாட்டேன்.,transfer_fee_charged,transfer_fee_charged,True
2208,"எனக்கு பணப்பரிமாற்றக் கட்டணம் வசூலிக்கப்படுகிறது, அவை இலவசம் இல்லையா?",transfer_fee_charged,transfer_fee_charged,True
2209,கட்டணங்கள் வசூலிக்கப்படுவதற்கு முன்பு நான் அதிகபட்சமாக எவ்வளவு பரிமாற்றம் செய்ய முடியும்?,transfer_fee_charged,top_up_by_bank_transfer_charge,False
2210,"எனக்கு 2 பணப்பரிமாற்றக் கட்டணங்கள் வசூலிக்கப்பட்டுள்ளன, பணப்பரிமாற்றங்கள் இலவசம் என்று நான் நினைத்தேன்.",transfer_fee_charged,transfer_fee_charged,True
2211,பணம் அனுப்புவதற்கு எனக்கு ஏன் கட்டணம் வசூலிக்கப்படுகிறது?,transfer_fee_charged,transfer_fee_charged,True
2212,பணப்பரிமாற்றங்களுக்கு கட்டணம் வசூலிக்கப்படுகிறதா?,transfer_fee_charged,transfer_fee_charged,True
2213,"நான் வெளிநாட்டில் தங்கியிருக்கும் போது சமீபத்தில் ஒரு புதிய இடத்தைப் பெற்றேன், மேலும் கொடுப்பனவுகளை நிர்வகிக்க இந்தக் கணக்கைப் பயன்படுத்தி வருகிறேன், ஆனால் திடீரென்று கட்டணங்கள் அதிகரிப்பதை நான் காண்கிறேன். இந்த கூடுதல் கட்டணங்கள் எங்கிருந்து வருகின்றன?",transfer_fee_charged,transfer_fee_charged,True
2214,"வணக்கம், தயவுசெய்து எனக்கு உதவுங்கள், நான் ஒரு தொகையை அனுப்பினேன் ஆனால் பெறுநருக்கு அதே தொகை கிடைக்கவில்லை. அவருக்கு சற்று குறைவாகவே கிடைத்துள்ளது. இதனால் நான் மீண்டும் அந்த வித்தியாசத் தொகையை அனுப்ப வேண்டும். நான் பணம் அனுப்பியுள்ளேன் ஆனால் பயனாளரின் கணக்கில் குறைந்த தொகையே வரவு வைக்கப்பட்டுள்ளது. இப்போது நான் வித்தியாசத் தொகையை அனுப்ப வேண்டும். ஏதோ பிரச்சனை இருப்பதாக நினைக்கிறேன், தயவுசெய்து இதை கவனிக்க முடியுமா?",transfer_fee_charged,transfer_fee_charged,True
2215,"நான் இணையத்தில் வாங்கிய ஒன்றிற்கு எனக்கு ஏன் கட்டணம் வசூலிக்கப்பட்டது? அது சர்வதேச பரிவர்த்தனையாக இருந்தாலும், அது உள்ளடக்கப்படும் என்று நான் நினைத்தேன்.",transfer_fee_charged,transfer_fee_charged,True
2216,பணப்பரிமாற்றம் செய்யும்போது ஏன் கூடுதல் கட்டணங்கள் வசூலிக்கப்பட்டன?,transfer_fee_charged,transfer_fee_charged,True
2217,நான் பணப்பரிமாற்றம் செய்தபோது எனக்கு கூடுதல் கட்டணம் வசூலிக்கப்பட்டது!,transfer_fee_charged,transfer_fee_charged,True
2218,பணப்பரிமாற்றக் கட்டணம் ஏதேனும் உள்ளதா?,transfer_fee_charged,transfer_fee_charged,True
2219,நிதி பரிமாற்றம் செய்ததற்காக எனக்கு ஏன் கூடுதல் கட்டணம் வசூலிக்கப்பட்டது என்று எனக்குத் தெரியவில்லை.,transfer_fee_charged,transfer_fee_charged,True
2220,"பணப்பரிமாற்றங்கள் இலவசம் என்று நான் நினைத்தேன், எனக்கு ஏன் கட்டணம் வசூலிக்கப்பட்டது?",transfer_fee_charged,transfer_fee_charged,True
2221,"எனது ரசீதில் எனது பணப்பரிமாற்றத்திற்கு கூடுதல் கட்டணம் காட்டுகிறது, இது ஏன்?",transfer_fee_charged,transfer_fee_charged,True
2222,"இந்த பணப்பரிமாற்றத்தை செய்யும்போது எனக்கு ஒரு கட்டணம் வசூலிக்கப்பட்டது, எனக்கு அது வசூலிக்கப்பட்டிருக்கக் கூடாது என்று நினைக்கிறேன்!",transfer_fee_charged,transfer_fee_charged,True
2223,"நான் பணம் அனுப்பினேன், ஆனால் பணப்பரிமாற்றத்திற்கு கூடுதல் கட்டணம் வசூலிக்கப்பட்டது. ஏன்?",transfer_fee_charged,transfer_fee_charged,True
2224,எனக்கு ஏன் பணப்பரிமாற்றக் கட்டணம் காட்டப்படுகிறது?,transfer_fee_charged,transfer_fee_charged,True
2225,நான் ஒரு பணப்பரிமாற்றம் செய்தபோது கூடுதல் கட்டணம் வசூலிக்கப்பட்டது.,transfer_fee_charged,transfer_fee_charged,True
2226,என்ன நடக்கிறது என்று யாராவது எனக்குத் தெரிவிக்க வேண்டும். நான் ஒரு தொகையை அனுப்பினேன் ஆனால் பெறுநர் நான் அனுப்பியதை விட சற்று குறைவாக இருப்பதாகக் கூறுகிறார். வித்தியாசத்தை ஈடுசெய்ய நான் இப்போது மற்றொரு பணப்பரிமாற்றத்தை செய்ய வேண்டும்.,transfer_fee_charged,transfer_fee_charged,True
2227,"எனது பணப்பரிமாற்றத்திற்கு கட்டணம் வசூலிக்கப்பட்டது, ஏன்?",transfer_fee_charged,transfer_fee_charged,True
2228,எனது பணப்பரிமாற்றத்திற்கு ஏன் கட்டணம் வசூலிக்கப்பட்டது?,transfer_fee_charged,transfer_fee_charged,True
2229,எனது பணப்பரிமாற்றத்திற்கு ஏன் கட்டணங்கள் வசூலிக்கப்பட்டன?,transfer_fee_charged,transfer_fee_charged,True
2230,நான் செய்த பணமாற்றத்திற்கு கட்டணம் எதுவும் வசூலிக்கப்பட வேண்டுமா?,transfer_fee_charged,transfer_fee_charged,True
2231,கடந்த மாதத்தில் எனது புதிய விடுமுறை விடுதிக்கான கொடுப்பனவுகளை நிர்வகிக்க இந்த கணக்கை நான் அடிக்கடி பயன்படுத்தினேன். இப்போது திடீரென்று உங்கள் கட்டணங்கள் மிக அதிகமாக அதிகரித்துள்ளன! அடிக்கடி பயன்படுத்துபவர்களுக்கான வெகுமதித் திட்டம் உங்களிடம் இல்லையா?,transfer_fee_charged,transfer_fee_charged,True
2232,பணமாற்றத்திற்கு எனக்கு ஏன் கட்டணம் விதிக்கப்பட்டது?,transfer_fee_charged,transfer_fee_charged,True
2233,வேறு என்ன கூடுதல் கட்டணங்கள் உள்ளன?,transfer_fee_charged,transfer_fee_charged,True
2234,"என்னால் இலவசமாக பணமாற்றம் செய்ய முடியும் என்று எனக்குத் தெரியும். அதை நான் மிகவும் மதித்தேன். வெளிநாட்டிலிருந்து இணையவழியில் ஏதோ ஒன்றை வாங்கிய பிறகு, எனக்கு கட்டணம் விதிக்கப்பட்டதை கவனித்தேன்? இது என்ன, இதை நீக்க முடியுமா?",transfer_fee_charged,transfer_fee_charged,True
2235,"நான் பணம் அனுப்பினேன், அதற்கு கட்டணம் வசூலிக்கப்பட்டது, அதற்கான காரணம் எனக்குத் தெரிய வேண்டும்.",transfer_fee_charged,transfer_fee_charged,True
2236,நான் எதிர்பார்க்காத ஒன்றிற்கு எனக்கு கட்டணம் விதிக்கப்பட்டது.,transfer_fee_charged,transfer_fee_charged,True
2237,"சீனாவில் உள்ள ஒரு தளம் மூலம் நான் சில ஒப்பனைப் பொருட்களை வாங்கினேன், நான் பணமாற்றம் செய்யும்போது கட்டணம் எதுவும் இருக்காது என்று நினைத்தேன். இப்போது இந்த கட்டணத்தை நான் ஏன் பார்க்கிறேன்? இதில் எனக்கு சிறிதும் திருப்தி இல்லை.",transfer_fee_charged,card_payment_fee_charged,False
2238,"நான் பணம் அனுப்பியபோது கூடுதல் கட்டணம் வசூலிக்கப்பட்டது, எனக்கு ஏன் கட்டணம் விதிக்கப்பட்டது?",transfer_fee_charged,transfer_fee_charged,True
2239,பணமாற்றுக் கட்டணத்தைப் பற்றி எனக்கு விளக்க முடியுமா?,transfer_fee_charged,receiving_money,False
2240,இதன் மூலம் சம்பளம் பெறப்படுமா?,receiving_money,receiving_money,True
2241,வேறு நாணயத்தில் நான் எவ்வாறு கொடுப்பனவைப் பெறுவது?,receiving_money,receiving_money,True
2242,எனது சம்பளம் டெபாசிட் செய்யப்படும் நாணயத்தைத் தவிர வேறு நாணயத்தில் என்னால் அதைப் பெற முடியுமா?,receiving_money,receiving_money,True
2243,இதன் மூலம் எனது சம்பளத்தைப் பெற முடியுமா?,receiving_money,receiving_money,True
2244,ஒருவர் எனக்கு எவ்வாறு பணம் அனுப்பலாம்?,receiving_money,receiving_money,True
2245,எனது சம்பளத்தை இலங்கை ரூபாயில் பெறுவதில் ஏதேனும் பிரச்சினை உள்ளதா?,receiving_money,receiving_money,True
2246,எனது சம்பளம் சரியாக டெபாசிட் செய்யப்படுவதற்கு நான் LKR ஐத் தேர்ந்தெடுக்க வேண்டுமா?,receiving_money,receiving_money,True
2247,"எனக்கு LKR இல் சம்பளம் வழங்கப்படுகிறது. நான் இதை உள்ளமைக்க வேண்டுமா, அப்படியாயின் எங்கே செய்ய வேண்டும்?",receiving_money,receiving_money,True
2248,என்னால் வேறு நாணயத்தில் பணத்தைப் பெற முடியுமா?,receiving_money,receiving_money,True
2249,எனது சம்பளத்தைப் பெற நான் இதைப் பயன்படுத்தலாமா?,receiving_money,receiving_money,True
2250,எனது சம்பளம் LKR வடிவில் பெறப்படுகிறது. இதை உள்ளமைக்க நான் ஏதேனும் குறிப்பிட்ட காரியங்களைச் செய்ய வேண்டுமா?,receiving_money,receiving_money,True
2251,மக்கள் எனக்கு எவ்வாறு பணம் அனுப்புகிறார்கள்?,receiving_money,receiving_money,True
2252,LKR ஆதரிக்கப்படும் ஒரு நாணயமா?,receiving_money,exchange_via_app,False
2253,பணமாற்றத்திற்கு முன் எனக்கு LKR இல் சம்பளம் வழங்கப்படுகிறது என்பதை நான் உறுதிப்படுத்த வேண்டுமா?,receiving_money,receiving_money,True
2254,"LKR இல் சம்பளம் பெறப்பட்டுள்ளது, அதை வேறு எங்கும் உள்ளமைக்க வேண்டுமா?",receiving_money,receiving_money,True
2255,எனது சம்பளத்தை கணக்கில் எவ்வாறு பெறுவது?,receiving_money,receiving_money,True
2256,மற்றவர்கள் எனக்கு பணம் அனுப்புவதற்கான வழிகள் யாவை?,receiving_money,receiving_money,True
2257,ஒருவர் எனக்கு பணம் அனுப்ப என்னென்ன வெவ்வேறு வழிகள் உள்ளன?,receiving_money,receiving_money,True
2258,எனது சம்பளக் காசோலையை எனது கணக்கிற்கு மாற்ற நான் என்ன செய்ய வேண்டும்?,receiving_money,receiving_money,True
2259,எனது நண்பர் எனக்கு எவ்வாறு பணம் அனுப்பலாம்?,receiving_money,receiving_money,True
2260,எனது சம்பளத்தை நேரடியாக இங்கு மாற்ற முடியுமா?,receiving_money,receiving_money,True
2261,எனது சம்பளத்தைப் பெற இதைப் பயன்படுத்த முடியுமா?,receiving_money,receiving_money,True
2262,LKR இல் பணம் டெபாசிட் செய்ய முடியுமா?,receiving_money,receiving_money,True
2263,எனது சம்பளத்தை நான் LKR இல் பெற்றேன். இதை எனது நாணயத்திற்கு எவ்வாறு மாற்றுவது?,receiving_money,receiving_money,True
2264,எனது நண்பர் எனக்கு எவ்வாறு பணம் அனுப்ப முடியும்?,receiving_money,receiving_money,True
2265,எனது நண்பர்கள் எனக்கு பணம் அனுப்ப முடியுமா?,receiving_money,receiving_money,True
2266,எனது சம்பளக் காசோலையை இந்த கணக்கில் எவ்வாறு டெபாசிட் செய்வது?,receiving_money,receiving_money,True
2267,எனது சம்பளத்தைப் பெற நான் இந்தக் கணக்கைப் பயன்படுத்தலாமா?,receiving_money,receiving_money,True
2268,எனது சம்பளத்தை இந்தக் கணக்கில் டெபாசிட் செய்ய முடியுமா?,receiving_money,receiving_money,True
2269,இந்தக் கணக்கின் மூலம் எனது சம்பளத்தை எவ்வாறு பெறுவது?,receiving_money,receiving_money,True
2270,எனது சம்பளம் வேறு நாணயத்தில் தேவைப்பட்டால் நான் என்ன செய்வது?,receiving_money,receiving_money,True
2271,நான் எனது சம்பளத்தை LKR இல் பெறுகிறேன். இதை நான் எங்காவது ஒழுங்கமைக்க வேண்டுமா?,receiving_money,receiving_money,True
2272,இதை எனது சம்பளத்திற்குப் பயன்படுத்த முடியுமா என்று உங்களுக்குத் தெரியுமா?,receiving_money,receiving_money,True
2273,இதன் மூலம் எனது சம்பளப் பணத்தை நான் எவ்வாறு பெறுவது?,receiving_money,receiving_money,True
2274,எனது சம்பளம் வேறு நாணயத்தில் இருந்தால் அதை நான் மாற்ற முடியுமா?,receiving_money,receiving_money,True
2275,எனக்கு வேறு நாணயத்தில் சம்பளம் பெற முடியுமா?,receiving_money,receiving_money,True
2276,எனது சம்பளம் இதற்குத் தகுதியானதா?,receiving_money,receiving_money,True
2277,எனது சம்பளம் LKR இல் உள்ளது; இதை செயலியில் நான் எவ்வாறு குறிப்பிடுவது?,receiving_money,receiving_money,True
2278,எனக்கு வேறொரு நாணயத்தில் சம்பளம் பெற முடியுமா?,receiving_money,receiving_money,True
2279,எனது சம்பளப் பணத்தை இதன் மூலம் பெற முடியுமா?,receiving_money,receiving_money,True
2280,பணமாற்றம் ஏன் தோல்வியடைந்தது என்று புரியவில்லை,failed_transfer,failed_transfer,True
2281,"தயவுசெய்து பணமாற்றம் செய்ய எனக்கு உதவுங்கள். எனக்குத் தொடர்ந்து பிழைச் செய்தி வருகிறது, நான் வாங்கும் வீட்டிற்கான ஆரம்ப அடமானக் கொடுப்பனவைச் செலுத்த முயற்சிக்கிறேன். இங்கு என்ன பிரச்சினை?",failed_transfer,failed_transfer,True
2282,எனது பணமாற்றம் வேலை செய்யவில்லை,failed_transfer,declined_transfer,False
2283,"உங்கள் அமைப்பைச் சரிசெய்யுங்கள். என்னால் பணமாற்றம் செய்ய முடியவில்லை, நான் ஏற்கனவே 5 தடவைகள் முயற்சி செய்துவிட்டேன்.",failed_transfer,failed_transfer,True
2284,எனது பணமாற்றம் ஏன் தோல்வியடைந்தது என்று எனக்குச் சொல்லுங்கள்!,failed_transfer,failed_transfer,True
2285,எனது பணமாற்றம் நிறைவேறவில்லை.,failed_transfer,declined_transfer,False
2286,என்னால் ஏன் பணமாற்றத்தை முடிக்க முடியவில்லை?,failed_transfer,failed_transfer,True
2287,"என்ன நடக்கிறது என்று கண்டறிய எனக்கு உதவ முடியுமா? நான் ஒரு நண்பருக்குப் பணம் அனுப்ப முயற்சிக்கிறேன், ஆனால் அது திரும்பத் திரும்ப வந்துவிடுகிறது. நான் என்ன தவறு செய்கிறேன் என்று எனக்குத் தெரியவில்லை.",failed_transfer,failed_transfer,True
2288,எனது பணமாற்றம் ஏன் நிறைவேறவில்லை?,failed_transfer,pending_transfer,False
2289,எனது பணமாற்றம் நிறைவேறவில்லை.,failed_transfer,declined_transfer,False
2290,"எனது பணமாற்றத்தைச் சரியாகச் செய்ய முடியவில்லை, ஏன் என்று யோசித்துக் கொண்டிருக்கிறேன்?",failed_transfer,balance_not_updated_after_bank_transfer,False
2291,எனது பணமாற்றம் எப்படி வேலை செய்யாமல் போனது?,failed_transfer,declined_transfer,False
2292,"நான் எனது பணத்தை அனுப்பினேன், அது ஏன் நிறைவேறவில்லை?",failed_transfer,top_up_failed,False
2293,எனது பணமாற்றம் ஏன் தோல்வியடைந்துள்ளது?,failed_transfer,failed_transfer,True
2294,எனது பணமாற்றம் ஏன் தோல்வியடைந்தது?,failed_transfer,failed_transfer,True
2295,எனது பணமாற்றம் ஏன் இன்னும் செய்யப்படவில்லை?,failed_transfer,balance_not_updated_after_bank_transfer,False
2296,எனது பணமாற்றம் நிறைவேறாது.,failed_transfer,pending_transfer,False
2297,"எனது பணமாற்றம் தொடர்ந்து தோல்வியடைகிறது, நான் பணத்தை அனுப்ப மட்டுமே விரும்புகிறேன், தயவுசெய்து அதைச் செய்ய உதவ முடியுமா?",failed_transfer,failed_transfer,True
2298,"பணமாற்றம் தொடர்ந்து தோல்வியடைகிறது, இன்று காலை நண்பர்களுக்குச் சிறிது பணம் அனுப்ப முயன்றேன், ஆனால் ஏதோ ஒரு காரணத்தால் அது நிராகரிக்கப்பட்டுக்கொண்டே இருக்கிறது, தயவுசெய்து இந்தச் சிக்கலைச் சரிபார்க்க முடியுமா?",failed_transfer,failed_transfer,True
2299,ஒரு பணமாற்றம் ஏன் தோல்வியடையும்?,failed_transfer,balance_not_updated_after_bank_transfer,False
2300,அட்டை மூலமான பணமாற்றங்களுக்கான உங்கள் கொள்கைகள் என்ன?,failed_transfer,balance_not_updated_after_bank_transfer,False
2301,கட்டமைப்பு செயலிழந்துள்ளதா? நான் பணமாற்றம் செய்ய முயன்று தோல்வியடைந்துள்ளேன்?,failed_transfer,failed_transfer,True
2302,நான் பணமாற்றம் செய்ய முயன்றேன் ஆனால் அது தோல்வியடைந்தது,failed_transfer,failed_transfer,True
2303,என்னால் ஏன் பணமாற்றத்தை முடிக்க முடியவில்லை?,failed_transfer,failed_transfer,True
2304,எனது பணமாற்றம் வேலை செய்யவில்லை போல் தோன்றுகிறது.,failed_transfer,declined_transfer,False
2305,எனது பணம் மாற்றப்படுவதை எது தடுக்கிறது?,failed_transfer,beneficiary_not_allowed,False
2306,"வணக்கம், நான் ஒரு வீடு வாங்குகிறேன், எனது அடமானப் பணத்தை அனுப்ப முயல்கிறேன். நான் சரிபார்க்கும் போதெல்லாம் ஒரு பிழைச் செய்தியே வருகிறது. இந்தப் பணத்தை மாற்றுவதற்கு எனக்கு உதவ ஏதேனும் வழி உள்ளதா? நன்றி!",failed_transfer,failed_transfer,True
2307,நான் முயன்ற பணமாற்றம் தோல்வியடைந்தது.,failed_transfer,failed_transfer,True
2308,"என்னால் வெற்றிகரமாகப் பணமாற்றம் செய்ய முடியவில்லை போல் தெரிகிறது, நான் என்ன தவறு செய்கிறேன் என்று சொல்ல முடியுமா?",failed_transfer,failed_transfer,True
2309,"எனது நண்பர்களுக்குப் பணம் அனுப்புவதில் நான் தொடர்ந்து சிக்கலை எதிர்கொள்கிறேன், எனது அனைத்துப் பரிவர்த்தனைகளும் தோல்வியடைகின்றன, தயவுசெய்து எனக்கு உதவுங்கள்.",failed_transfer,failed_transfer,True
2310,"நான் ஒரு பணப் பரிமாற்றம் செய்ய முயற்சிக்கிறேன், ஆனால் அது தோல்வியடைகிறது. தயவுசெய்து அதற்கான காரணம் என்னவென்று சொல்ல முடியுமா?",failed_transfer,failed_transfer,True
2311,எனது பணப் பரிமாற்றம் வேலை செய்யவில்லை என்று தோன்றுகிறது.,failed_transfer,failed_transfer,True
2312,"நான் ஏற்கனவே 5 தடவைகள் ஒரு சாதாரண பணப் பரிமாற்றத்தை செய்ய முயற்சி செய்துவிட்டேன். என்ன நடக்கிறது, உங்கள் கட்டமைப்பு பழுதடைந்துவிட்டதா அல்லது வேறு ஏதும் பிரச்சினையா?!",failed_transfer,failed_transfer,True
2313,எனது பணப் பரிமாற்றத்திற்கு எனக்கு உதவுங்கள்.,failed_transfer,declined_transfer,False
2314,எனது பணப் பரிமாற்றத்தை நிறைவு செய்ய முடியாது என்று காட்டுகிறதா?,failed_transfer,failed_transfer,True
2315,எனது பணப் பரிமாற்றம் ஏன் தோல்வியடைந்தது என்று எனக்குச் சொல்ல முடியுமா?,failed_transfer,failed_transfer,True
2316,எனது பணப் பரிமாற்றம் ஏன் வெற்றியடையவில்லை?,failed_transfer,failed_transfer,True
2317,"நான் ஒரு சாதாரண பணப் பரிமாற்றத்தை செய்ய முயற்சி செய்து, இதுவரை 5 தடவைகள் முயன்றுவிட்டேன். பிரச்சினை என்னவென்று எனக்குச் சொல்ல முடியுமா? கட்டமைப்பு செயலிழந்துள்ளதா?",failed_transfer,failed_transfer,True
2318,எனது பணப் பரிமாற்றம் ஏன் வேலை செய்யவில்லை என்பதற்கான காரணத்தை வழங்க முடியுமா?,failed_transfer,failed_transfer,True
2319,"நான் பணம் அனுப்ப முயன்றேன், ஆனால் அது வேலை செய்யவில்லை.",failed_transfer,failed_transfer,True
2320,"என்னிடம் பணம் இல்லாததால், எனது கணக்கில் கூடுதல் பணத்தைப் போடுவதற்கு நான் ஒரு வங்கிப் பரிமாற்றத்தைச் செய்யலாமா?",transfer_into_account,transfer_into_account,True
2321,"என்னிடம் பணம் இல்லை, எனது வங்கியின் மூலம் நான் பணத்தைச் சேர்க்கலாமா?",transfer_into_account,verify_source_of_funds,False
2322,எனது கணக்கிற்கு பணத்தை மாற்றுவதற்கு நான் எவ்வாறு தொடர வேண்டும்?,transfer_into_account,transfer_into_account,True
2323,"எனது கணக்கை எவ்வாறு மீள்நிரப்புவது என்று எனக்குப் புரியவில்லை, தயவுசெய்து அந்த நடைமுறையை விளக்க முடியுமா?",transfer_into_account,transfer_into_account,True
2324,பணப் பரிமாற்ற நடைமுறை எனக்குப் புரியவில்லை.,transfer_into_account,transfer_into_account,True
2325,"நான் எனது கணக்கிற்கு பணத்தை மாற்ற வேண்டும், இதை நான் எவ்வாறு செய்வது?",transfer_into_account,transfer_into_account,True
2326,எனது கணக்கிற்கு பணத்தை மாற்றுவதற்கு நான் என்ன செய்ய வேண்டும்?,transfer_into_account,transfer_into_account,True
2327,எனக்கு என்ன செய்வதென்று தெரியவில்லை. நான் பணத்தை மாற்ற வேண்டுமா? எனது கணக்கில் பணம் இல்லை.,transfer_into_account,cash_withdrawal_not_recognised,False
2328,எனது வங்கிக் கணக்கிலிருந்து நேரடியாக அட்டைக்கு பணத்தைச் சேர்க்க முடியுமா?,transfer_into_account,transfer_into_account,True
2329,எனது கணக்கிற்கு பணத்தை மாற்றுவது எவ்வாறு செயல்படுகிறது?,transfer_into_account,transfer_into_account,True
2330,எனது வங்கிக் கணக்கிற்கு பணத்தை எவ்வாறு மாற்றுவது என்று நான் தெரிந்துகொள்ள வேண்டும். தயவுசெய்து உதவுங்கள்.,transfer_into_account,transfer_into_account,True
2331,எனது மற்றைய வங்கிக் கணக்கிலிருந்து இந்த கணக்கிற்கு சிறிது பணத்தை மாற்ற விரும்புகிறேன்.,transfer_into_account,transfer_into_account,True
2332,"எனது கணக்கிற்கு பணத்தை மாற்ற விரும்பும்போது, அதை நான் எவ்வாறு செய்ய முடியும்?",transfer_into_account,transfer_into_account,True
2333,நான் எனது கணக்கிற்கு பணத்தை மாற்ற வேண்டும். இதை நான் எவ்வாறு செய்ய முடியும்?,transfer_into_account,transfer_into_account,True
2334,எனது கணக்கிற்கு பணத்தை மாற்றுவதற்கு நான் பின்பற்ற வேண்டிய வழிமுறைகள் யாவை?,transfer_into_account,transfer_into_account,True
2335,எனது வங்கியிலிருந்து எனது மீள்நிரப்பு கணக்கிற்கு பணத்தை எவ்வாறு மாற்றுவது?,transfer_into_account,transfer_into_account,True
2336,வங்கிப் பரிமாற்றத்தைப் பயன்படுத்தி எனது கணக்கை மீள்நிரப்ப விரும்புகிறேன். அது எவ்வாறு செயல்படும்?,transfer_into_account,transfer_into_account,True
2337,எனது பணத்தை எனது கணக்கிற்கு எவ்வாறு மாற்றுவது?,transfer_into_account,transfer_into_account,True
2338,எனது அட்டையை நான் எவ்வாறு மீள்நிரப்புவது?,transfer_into_account,transfer_into_account,True
2339,ஒரு வெளி வங்கியிலிருந்து பணத்தை எவ்வாறு மாற்றுவது?,transfer_into_account,transfer_into_account,True
2340,எனது வங்கிக் கணக்கைப் பயன்படுத்தி எனது மீள்நிரப்பு கணக்கிற்கு எவ்வாறு பணத்தை மாற்றுவது?,transfer_into_account,transfer_into_account,True
2341,எனது கணக்கில் பணத்தைச் சேர்ப்பதற்கு நான் என்ன முறைகளைப் பயன்படுத்தலாம்?,transfer_into_account,top_up_by_cash_or_cheque,False
2342,"நான் வங்கிப் பரிமாற்ற வசதியைப் பயன்படுத்த விரும்புகிறேன், ஆனால் அதை என்னால் கண்டுபிடிக்க முடியவில்லை. தயவுசெய்து எனக்கு விபரங்களைத் தர முடியுமா?",transfer_into_account,edit_personal_details,False
2343,ஒரு கணக்கிலிருந்து மற்றொரு கணக்கிற்கு இரட்டைப் பணப் பரிமாற்றத்தை நான் எவ்வாறு செய்வது?,transfer_into_account,transfer_into_account,True
2344,எனது கணக்கிற்கு பணத்தை எவ்வாறு மாற்றுவது என்று எனக்கு விளக்க முடியுமா?,transfer_into_account,transfer_into_account,True
2345,"நான் மற்றொரு கணக்கிலிருந்து இந்த கணக்கிற்கு வங்கிப் பரிமாற்றம் செய்ய வேண்டும், அதைச் செய்வதற்கான மிக எளிதான வழி எது, எனக்கு என்ன விபரங்கள் தேவை?",transfer_into_account,transfer_into_account,True
2346,எனது கணக்கிற்கு பணத்தை எவ்வாறு மாற்றுவது?,transfer_into_account,transfer_into_account,True
2347,பரிமாற்றம் மூலம் எனது கணக்கிற்கு பணத்தை எவ்வாறு அனுப்புவது?,transfer_into_account,transfer_into_account,True
2348,நான் ஒரு சர்வதேச பணப் பரிமாற்றத்தை எவ்வாறு செய்வது?,transfer_into_account,cancel_transfer,False
2349,எனது கணக்கிற்கு பணத்தை மாற்றுவதற்கு வழிகள் உள்ளனவா?,transfer_into_account,transfer_into_account,True
2350,எனது கணக்கை மீள்நிரப்புவதற்கு (Top up) கணக்குகளிலிருந்து பணத்தை மாற்ற விரும்புகிறேன். அதற்கு என்னென்ன வழிமுறைகள் தேவை?,transfer_into_account,transfer_into_account,True
2351,பணமாற்றம் எவ்வாறு செயற்படுகிறது?,transfer_into_account,activate_my_card,False
2352,"நான் வங்கிப் பணமாற்றத்தைப் பயன்படுத்த விரும்புகிறேன், ஆனால் அதன் செயல்முறை எனக்குப் புரியவில்லை, மீள்நிரப்புவது (topping up) பற்றி தயவுசெய்து விளக்க முடியுமா?",transfer_into_account,transfer_into_account,True
2353,எனது கணக்கை மீள்நிரப்புவதற்கு வங்கிப் பணமாற்றத்தைப் பயன்படுத்த விரும்புகிறேன். அது எவ்வாறு கையாளப்படுகிறது?,transfer_into_account,transfer_into_account,True
2354,"இன்று எனது கணக்கைச் சரிபார்த்தேன், அதில் பணம் இல்லை என்று காட்டியது. எனது கணக்கிற்கு பணத்தை எவ்வாறு மாற்றுவது?",transfer_into_account,transfer_into_account,True
2355,எனது கணக்கிற்கு நான் எவ்வாறு பணத்தை மாற்றலாம்?,transfer_into_account,transfer_into_account,True
2356,நான் ஒரு கணக்கிலிருந்து மற்றொரு கணக்கிற்கு நிதியை மாற்ற விரும்புகிறேன்.,transfer_into_account,transfer_into_account,True
2357,நான் எனது கணக்கிற்கு பணத்தை மாற்ற முயற்சிக்கிறேன்.,transfer_into_account,transfer_into_account,True
2358,எனது மற்றைய வங்கிக் கணக்கிலிருந்து இந்தக் கணக்கிற்கு பணத்தை மாற்ற விரும்புகிறேன்.,transfer_into_account,transfer_into_account,True
2359,எனது கணக்கை மீள்நிரப்புவதற்கு நான் வங்கிப் பணமாற்றத்தைப் பயன்படுத்தலாமா?,transfer_into_account,transfer_into_account,True
2360,மீள்நிரப்பு அட்டையை (top-up card) உறுதிப்படுத்துவதற்கு என்னென்ன தேவை?,verify_top_up,activate_my_card,False
2361,மீள்நிரப்பலை உறுதிப்படுத்துமாறு அது கேட்கிறது. ஏன்?,verify_top_up,verify_top_up,True
2362,மீள்நிரப்பல் உறுதிப்படுத்தல் குறியீட்டை (top-up verification code) நான் எங்கே கண்டறியலாம்?,verify_top_up,verify_top_up,True
2363,நான் ஆரம்பித்த மீள்நிரப்பலை நான் ஏன் உறுதிப்படுத்த வேண்டும்?,verify_top_up,verify_top_up,True
2364,உறுதிப்படுத்தல் குறியீடு பற்றிய தகவல்களை எனக்கு வழங்க முடியுமா?,verify_top_up,verify_top_up,True
2365,மீள்நிரப்பலை உறுதிப்படுத்துவதால் என்ன நன்மைகள் உள்ளன?,verify_top_up,transfer_into_account,False
2366,மீள்நிரப்பலுடன் இந்த உறுதிப்படுத்தல் எவ்வாறு வந்தது?,verify_top_up,verify_top_up,True
2367,என்னால் ஒரு மீள்நிரப்பலை உறுதிப்படுத்த முடியுமா?,verify_top_up,verify_top_up,True
2368,நான் மீள்நிரப்பலை உறுதிப்படுத்த வேண்டியதற்கான காரணம்,verify_top_up,why_verify_identity,False
2369,எனது மீள்நிரப்பலுக்கு ஏன் குறியீட்டு உறுதிப்படுத்தல் தேவைப்படுகிறது?,verify_top_up,verify_top_up,True
2370,மீள்நிரப்பு அட்டையில் உறுதிப்படுத்தல் குறியீட்டை நான் எங்கே கண்டறியலாம்?,verify_top_up,verify_top_up,True
2371,எனது மீள்நிரப்பல் உறுதிப்படுத்தல் குறியீட்டை நான் எவ்வாறு பெறுவது?,verify_top_up,verify_top_up,True
2372,ஒரு மீள்நிரப்பலை உறுதிப்படுத்த முடியுமா?,verify_top_up,verify_top_up,True
2373,எனது மீள்நிரப்பலை உறுதிப்படுத்த வேண்டியிருப்பது சாதாரணமானதா அல்லது ஏதேனும் தவறு நடந்துள்ளதா?,verify_top_up,why_verify_identity,False
2374,மீள்நிரப்பலுக்கு ஏன் உறுதிப்படுத்தல் தேவைப்படுகிறது?,verify_top_up,verify_top_up,True
2375,மீள்நிரப்பலை ஏன் உறுதிப்படுத்த வேண்டும்?,verify_top_up,verify_top_up,True
2376,எனது மீள்நிரப்பலை உறுதிப்படுத்துவது அவசியமா?,verify_top_up,why_verify_identity,False
2377,நான் ஏன் மீள்நிரப்பல்களை உறுதிப்படுத்த வேண்டும்?,verify_top_up,verify_top_up,True
2378,மீள்நிரப்பு அட்டைக்கான உறுதிப்படுத்தல் குறியீடு எங்கே உள்ளது?,verify_top_up,verify_top_up,True
2379,எனது மீள்நிரப்பு அட்டைக்கான உறுதிப்படுத்தல் குறியீட்டை நான் எவ்வாறு கண்டறிவது?,verify_top_up,verify_top_up,True
2380,மீள்நிரப்பு அட்டையை உறுதிப்படுத்துவது ஏன் முக்கியமானது?,verify_top_up,why_verify_identity,False
2381,நான் ஏன் மீள்நிரப்பலை உறுதிப்படுத்த வேண்டும்?,verify_top_up,verify_top_up,True
2382,மீள்நிரப்பலில் உள்ள உறுதிப்படுத்தல் குறியீடு என்றால் என்ன?,verify_top_up,verify_top_up,True
2383,மீள்நிரப்பல் உறுதிப்படுத்தல் குறியீட்டை என்னால் கண்டறிய முடியவில்லை.,verify_top_up,verify_top_up,True
2384,எனது மீள்நிரப்பு அட்டையை உறுதிப்படுத்த நான் எவ்வாறு தொடர வேண்டும்?,verify_top_up,pending_top_up,False
2385,மீள்நிரப்பல் உறுதிப்படுத்தல் குறியீட்டை நான் எங்கே கண்டறிவது?,verify_top_up,verify_top_up,True
2386,மீள்நிரப்பு அட்டை எவ்வாறு உறுதிப்படுத்தப்படுகிறது?,verify_top_up,verify_top_up,True
2387,மீள்நிரப்பு அட்டைக்கு உறுதிப்படுத்தல் குறியீடு ஏதேனும் உள்ளதா?,verify_top_up,verify_top_up,True
2388,மீள்நிரப்பலை உறுதிப்படுத்துவதன் முக்கியத்துவம் என்ன?,verify_top_up,verify_top_up,True
2389,மீள்நிரப்பு அட்டையின் உறுதிப்படுத்தல் குறியீட்டைக் கண்டறிய எனக்கு உதவ முடியுமா?,verify_top_up,verify_top_up,True
2390,நான் டாப்-அப்பை உறுதிப்படுத்த வேண்டும் என்று ஏன் சொல்கிறது என்று எனக்கு விளங்கவில்லை.,verify_top_up,verify_top_up,True
2391,"நான் ஒரு டாப்-அப்பை உறுதிப்படுத்த முடியுமா, அதற்கு எந்த அட்டை பயன்படுத்தப்படுகிறது?",verify_top_up,verify_top_up,True
2392,டாப்-அப் அட்டையை உறுதிப்படுத்துவதற்கான குறியீட்டைப் பெறுவதற்கு நான் எங்கே போக வேண்டும்?,verify_top_up,verify_top_up,True
2393,டாப்-அப் உறுதிப்படுத்தல் குறியீட்டைக் காணவில்லை,verify_top_up,verify_top_up,True
2394,நான் டாப்-அப்பை எவ்வாறு உறுதிப்படுத்துவது?,verify_top_up,verify_top_up,True
2395,எனது டாப்-அப் அட்டையின் உறுதிப்படுத்தல் குறியீட்டை என்னால் கண்டுபிடிக்க முடியவில்லை. தயவுசெய்து எனக்கு உதவுங்கள்.,verify_top_up,verify_top_up,True
2396,டாப்-அப் உறுதிப்படுத்தல் குறியீட்டை நான் எவ்வாறு கண்டுபிடிப்பது?,verify_top_up,verify_top_up,True
2397,எனது டாப்-அப் அட்டையின் உறுதிப்படுத்தல் குறியீட்டைக் கண்டுபிடிப்பதற்கு எனக்கு உதவி தேவை.,verify_top_up,verify_top_up,True
2398,டாப்-அப்களுக்கு உறுதிப்படுத்தல் குறியீடு ஏதும் இருக்கிறதா?,verify_top_up,verify_top_up,True
2399,டாப்-அப்பை உறுதிப்படுத்துவதன் அவசியம் என்ன?,verify_top_up,verify_top_up,True
2400,எனக்கு இன்னொரு அட்டை பெற முடியுமா?,getting_spare_card,getting_spare_card,True
2401,ஒரு கணக்கிற்கு நான் எத்தனை அட்டைகளை வைத்திருக்க முடியும்?,getting_spare_card,getting_spare_card,True
2402,நான் இன்னொரு அட்டைக்கு ஆர்டர் செய்ய விரும்புகிறேன்,getting_spare_card,getting_spare_card,True
2403,கூடுதல் அட்டைகளை நான் எவ்வாறு பெறுவது?,getting_spare_card,getting_spare_card,True
2404,கூடுதல் அட்டைகளுக்கு ஏதேனும் கட்டணம் உண்டா?,getting_spare_card,getting_spare_card,True
2405,எனக்கு சில கூடுதல் பிளாஸ்டிக் அட்டைகள் தேவை.,getting_spare_card,getting_spare_card,True
2406,நான் இன்னும் சில பிளாஸ்டிக் அட்டைகளைப் பெற விரும்புகிறேன்.,getting_spare_card,getting_spare_card,True
2407,எனது முதல் அட்டைக்கு பிறகு நான் இன்னொரு அட்டை பெற முடியுமா?,getting_spare_card,getting_spare_card,True
2408,இரண்டாவது அட்டையைப் பெறுவதற்கு நான் என்ன செய்ய வேண்டும்?,getting_spare_card,getting_spare_card,True
2409,நான் இன்னொரு அட்டை வைத்திருக்க விரும்புகிறேன்,getting_spare_card,getting_spare_card,True
2410,"எனக்கு கூடுதல் அட்டைகள் தேவைப்பட்டால், ஏதேனும் கட்டணங்கள் உண்டா?",getting_spare_card,getting_spare_card,True
2411,ஒரே கணக்கிற்கு பல அட்டைகளை வழங்குகிறீர்களா?,getting_spare_card,age_limit,False
2412,வேறு யாராவது பயன்படுத்துவதற்கு நான் ஒரு கூடுதல் அட்டை பெற முடியுமா?,getting_spare_card,getting_spare_card,True
2413,நான் இன்னும் சில பிளாஸ்டிக் அட்டைகளைப் பெற வேண்டும்.,getting_spare_card,getting_spare_card,True
2414,"எனது மகளுக்கு ஒன்றைக் கொடுப்பதற்காக, எனது கணக்கிற்கு இன்னொரு அட்டை பெற முடியுமா?",getting_spare_card,getting_spare_card,True
2415,இன்னொரு அட்டை பெறுவதற்கான நடைமுறை என்ன?,getting_spare_card,getting_spare_card,True
2416,நான் இரண்டாவது அட்டை பெற முடியுமா?,getting_spare_card,getting_spare_card,True
2417,"எனது மகளும் ஒரு அட்டை விரும்புகிறார், அதை நாங்கள் எவ்வாறு செய்வது?",getting_spare_card,order_physical_card,False
2418,நான் எனது மகளுக்கு இரண்டாவது அட்டையைக் கொடுக்க முடியுமா?,getting_spare_card,getting_spare_card,True
2419,நான் இன்னொரு அட்டை பெறலாமா?,getting_spare_card,getting_spare_card,True
2420,ஒன்றுக்கு மேற்பட்ட அட்டைகளை அனுப்புவதற்கு கட்டணம் ஏதும் உண்டா?,getting_spare_card,getting_spare_card,True
2421,நான் கூடுதல் அட்டைகளை ஆர்டர் செய்ய முடியுமா?,getting_spare_card,getting_spare_card,True
2422,இரண்டாவது அட்டையை நான் எங்கே பெறலாம்?,getting_spare_card,getting_spare_card,True
2423,நான் இன்று இன்னொரு அட்டை வாங்க நினைத்திருந்தேன்.,getting_spare_card,getting_spare_card,True
2424,எனக்கு இன்னும் சில பிளாஸ்டிக் அட்டைகள் தேவை.,getting_spare_card,getting_spare_card,True
2425,இந்தக் கணக்கிற்கு நான் இரண்டாவது பிளாஸ்டிக் அட்டை பெற முடியுமா?,getting_spare_card,getting_spare_card,True
2426,நான் கூடுதல் பிளாஸ்டிக் அட்டைகளை வாங்க முடியுமா?,getting_spare_card,getting_spare_card,True
2427,எனது அட்டைகளில் ஒன்றை எனது மகள் பயன்படுத்துவதற்கு கொடுக்க எனக்கு அனுமதி உண்டா?,getting_spare_card,getting_spare_card,True
2428,நான் இரண்டாவது அட்டை பெறலாமா?,getting_spare_card,getting_spare_card,True
2429,எனது மகளுக்கு ஒரு அட்டை பெற முடியுமா?,getting_spare_card,getting_spare_card,True
2430,மேலதிக அட்டைகளை ஓடர் செய்வதற்கு ஏதேனும் கட்டுப்பாடுகள் உள்ளனவா?,getting_spare_card,getting_spare_card,True
2431,எனது மகளுக்கு இரண்டாவது அட்டையை நான் எவ்வாறு பெற்றுக்கொள்வது?,getting_spare_card,getting_spare_card,True
2432,மற்றுமொரு அட்டைக்கு நான் எங்கே கோரிக்கை விடுப்பது?,getting_spare_card,order_physical_card,False
2433,என்னால் இரண்டாவது அட்டையொன்றைப் பெற்றுக்கொள்ள முடியுமா?,getting_spare_card,getting_spare_card,True
2434,"நீங்கள் எனக்கு மேலதிக அட்டைகளை அனுப்பினால், அதற்கு ஏதேனும் கட்டணங்கள் உண்டா?",getting_spare_card,getting_spare_card,True
2435,"ஒன்றுக்கு மேற்பட்ட அட்டைகளைப் பெற முயற்சிக்கும் போது, மேலதிகமாக ஏதேனும் பணம் செலுத்த வேண்டுமா?",getting_spare_card,getting_spare_card,True
2436,இந்த கணக்கிற்கான இரண்டாவது அட்டையை எனது மகளுக்கு வழங்க முடியுமா?,getting_spare_card,getting_spare_card,True
2437,எனது மகளுக்கு ஒரு அட்டை தேவைப்படுகிறது. எனது கணக்குடன் இணைக்கப்பட்டுள்ள எனது அட்டைகளில் ஒன்றை அவளுக்கு வழங்க முடியுமா?,getting_spare_card,getting_spare_card,True
2438,"எனது பிள்ளைக்கு ஒரு அட்டை தேவைப்படுகிறது, தற்போது என்னிடம் உள்ள கணக்கில் அவர்களை எவ்வாறு சேர்ப்பது?",getting_spare_card,age_limit,False
2439,"எனது மகளுக்கு ஒரு அட்டை தேவைப்படுகிறது, அவளை நான் எவ்வாறு சேர்ப்பது?",getting_spare_card,getting_spare_card,True
2440,காசோலை மூலம் நான் பணத்தை வைப்புச் செய்ய (டாப்-அப் செய்ய) முடியுமா?,top_up_by_cash_or_cheque,top_up_by_cash_or_cheque,True
2441,ரொக்கப் பணத்தைப் பயன்படுத்தி நான் எவ்வாறு டாப்-அப் செய்வது?,top_up_by_cash_or_cheque,top_up_by_cash_or_cheque,True
2442,காசோலையைக் கொண்டு நான் டாப்-அப் செய்ய முடியுமா?,top_up_by_cash_or_cheque,top_up_by_cash_or_cheque,True
2443,"ரொக்கப் பணம் மூலம் டாப்-அப் செய்ய முடியுமா? அப்படியாயின், நான் அதை எவ்வாறு செய்வது?",top_up_by_cash_or_cheque,top_up_by_cash_or_cheque,True
2444,ரொக்க வைப்பு மூலம் டாப்-அப் செய்யும் வழியைக் கண்டறிய எனக்கு உதவ முடியுமா?,top_up_by_cash_or_cheque,top_up_by_cash_or_cheque,True
2445,காசோலை மூலம் டாப்-அப் செய்வதற்கான தெரிவு ஏதேனும் உள்ளதா?,top_up_by_cash_or_cheque,top_up_by_cash_or_cheque,True
2446,எனது கணக்கில் காசோலை ஒன்றை வைப்புச் செய்ய வேண்டும்.,top_up_by_cash_or_cheque,balance_not_updated_after_cheque_or_cash_deposit,False
2447,"நான் ரொக்க வைப்பு டாப்-அப் தெரிவைத் தேடுகிறேன், ஆனால் அதைக் கண்டறிய முடியவில்லை. எனக்கு உதவ முடியுமா?",top_up_by_cash_or_cheque,pending_top_up,False
2448,ரொக்கச் செலுத்துகை மூலம் எனது கணக்கை எவ்வாறு டாப்-அப் செய்வது?,top_up_by_cash_or_cheque,top_up_by_cash_or_cheque,True
2449,டாப்-அப் செய்ய நான் ரொக்கப் பணத்தைப் பயன்படுத்த விரும்புகிறேன். அந்தத் தெரிவை நான் எவ்வாறு கண்டறிவது?,top_up_by_cash_or_cheque,top_up_by_cash_or_cheque,True
2450,ரொக்கப் பணம் மூலம் டாப்-அப் செய்வதை நான் எங்கே கண்டறிவது?,top_up_by_cash_or_cheque,top_up_by_cash_or_cheque,True
2451,காசோலை மூலம் நான் எவ்வாறு பணம் செலுத்துவது?,top_up_by_cash_or_cheque,top_up_by_cash_or_cheque,True
2452,காசோலை மூலம் எனது கணக்கு மீதியை அதிகரிக்க முடியுமா?,top_up_by_cash_or_cheque,balance_not_updated_after_cheque_or_cash_deposit,False
2453,எனது கணக்கில் எவ்வகையான வைப்புகளை நீங்கள் ஏற்றுக்கொள்கிறீர்கள்?,top_up_by_cash_or_cheque,top_up_by_cash_or_cheque,True
2454,காசோலையைப் பயன்படுத்தி நான் டாப்-அப் செய்ய முடியுமா?,top_up_by_cash_or_cheque,top_up_by_cash_or_cheque,True
2455,காசோலை மூலம் அட்டை ஒன்றை டாப்-அப் செய்ய முடியுமா?,top_up_by_cash_or_cheque,top_up_by_cash_or_cheque,True
2456,"நான் ரொக்கப் பணத்தை டாப்-அப் செய்ய வேண்டும், நான் அதை எவ்வாறு செய்வது?",top_up_by_cash_or_cheque,top_up_limits,False
2457,காசோலை மூலம் டாப்-அப் செய்வதற்கான தெரிவை நான் தேடுகிறேன்.,top_up_by_cash_or_cheque,top_up_by_cash_or_cheque,True
2458,எந்த இடங்களில் நான் ரொக்கப் பணம் மூலம் டாப்-அப் செய்ய முடியும்?,top_up_by_cash_or_cheque,top_up_by_cash_or_cheque,True
2459,"நான் ரொக்கப் பணத்தைப் பயன்படுத்தி டாப்-அப் செய்ய விரும்புகிறேன், அதை நான் எங்கே செய்ய முடியும்?",top_up_by_cash_or_cheque,top_up_by_cash_or_cheque,True
2460,ரொக்க வைப்பு மூலம் டாப்-அப் செய்வதற்கு ஏதேனும் வழி உள்ளதா?,top_up_by_cash_or_cheque,top_up_by_cash_or_cheque,True
2461,எனது கணக்கில் காசோலை மூலம் டாப்-அப் செய்வதற்கான தெரிவுகள் எங்கே உள்ளன?,top_up_by_cash_or_cheque,top_up_by_cash_or_cheque,True
2462,எனது கணக்கை டாப்-அப் செய்ய நான் ரொக்கப் பணத்தைப் பயன்படுத்தலாமா?,top_up_by_cash_or_cheque,top_up_by_bank_transfer_charge,False
2463,ரொக்கப் பணம் மூலம் நான் எவ்வாறு டாப்-அப் செய்ய முடியும்?,top_up_by_cash_or_cheque,top_up_by_cash_or_cheque,True
2464,எனது கணக்கை டாப்-அப் செய்ய நீங்கள் காசோலையை ஏற்றுக்கொள்வீர்களா?,top_up_by_cash_or_cheque,top_up_by_cash_or_cheque,True
2465,எனக்குக் கிடைத்த இந்தக் காசோலையைக் கொண்டு நான் எவ்வாறு டாப்-அப் செய்வது?,top_up_by_cash_or_cheque,top_up_by_cash_or_cheque,True
2466,எனது கணக்கை டாப்-அப் செய்ய நான் என்ன முறைகளைப் பயன்படுத்தலாம்?,top_up_by_cash_or_cheque,supported_cards_and_currencies,False
2467,டாப்-அப் செய்வதற்கு ரொக்கப் பணம் சிறந்ததா?,top_up_by_cash_or_cheque,top_up_failed,False
2468,ரொக்கப் பணத்தைப் பயன்படுத்தி லோட் செய்வதற்கான இடத்தை என்னால் ஏன் எங்கும் கண்டறிய முடியவில்லை?,top_up_by_cash_or_cheque,top_up_by_cash_or_cheque,True
2469,நான் எதனைக் கொண்டு பணம் செலுத்தலாம்? ரொக்கப் பணம் செல்லுபடியாகுமா?,top_up_by_cash_or_cheque,card_acceptance,False
2470,எனது கணக்கில் நான் எவ்வாறு பணத்தை வைப்பிலிடுவது?,top_up_by_cash_or_cheque,top_up_by_cash_or_cheque,True
2471,காசோலை மூலம் என்னால் ஏன் கணக்கை மீள்நிரப்ப முடியாது?,top_up_by_cash_or_cheque,top_up_by_cash_or_cheque,True
2472,எனது கணக்கை மீள்நிரப்புவதற்கு நான் ஒரு காசோலையை அனுப்பலாமா?,top_up_by_cash_or_cheque,top_up_by_cash_or_cheque,True
2473,காசோலை மூலம் எனது கணக்கை மீள்நிரப்ப முடியுமா?,top_up_by_cash_or_cheque,top_up_by_cash_or_cheque,True
2474,நான் பணமாக கணக்கை மீள்நிரப்ப விரும்புகிறேன்.,top_up_by_cash_or_cheque,transfer_into_account,False
2475,"என்னிடம் ஒரு காசோலை உள்ளது, எனது கணக்கை மீள்நிரப்ப அதை நான் பயன்படுத்தலாமா?",top_up_by_cash_or_cheque,top_up_by_cash_or_cheque,True
2476,நான் பணத்தைப் பயன்படுத்தி மீள்நிரப்ப விரும்புகிறேன்.,top_up_by_cash_or_cheque,top_up_by_cash_or_cheque,True
2477,எனது அட்டையை நான் எவ்வாறு மீள்நிரப்பலாம்?,top_up_by_cash_or_cheque,transfer_into_account,False
2478,நான் காசோலை அல்லது பணக் கொடுப்பனவைச் சமர்ப்பிக்கலாமா?,top_up_by_cash_or_cheque,top_up_by_cash_or_cheque,True
2479,நீங்கள் காசோலைகளை ஏற்றுக்கொள்கிறீர்களா?,top_up_by_cash_or_cheque,top_up_by_cash_or_cheque,True
2480,எனது நேரடி அட்டையை நான் எவ்வாறு பெற்றுக்கொள்வது?,order_physical_card,order_physical_card,True
2481,எனக்கு ஒரு அட்டை வேண்டும். அதற்கான நடைமுறை என்ன?,order_physical_card,order_physical_card,True
2482,நேரடி அட்டைகளுக்கு நீங்கள் எவ்வளவு கட்டணம் வசூலிக்கிறீர்கள்?,order_physical_card,order_physical_card,True
2483,எனது அட்டையை நான் எங்கே பெற்றுக்கொள்ளலாம்?,order_physical_card,order_physical_card,True
2484,நேரடி அட்டையின் விலை,order_physical_card,order_physical_card,True
2485,"தயவுசெய்து கூறுங்கள், நான் எவ்வாறு ஒரு அட்டையை ஓடர் செய்வது?",order_physical_card,order_physical_card,True
2486,எனக்கு ஒரு நேரடி அட்டையை அனுப்பி வையுங்கள்,order_physical_card,order_physical_card,True
2487,நான் ஒரு அட்டையை ஓடர் செய்ய விரும்புகிறேன். நீங்கள் எங்கு விநியோகம் செய்கிறீர்கள்?,order_physical_card,order_physical_card,True
2488,நான் ஒரு நேரடி அட்டையைக் கோரலாமா?,order_physical_card,order_physical_card,True
2489,நேரடி அட்டைகளுக்கு ஏதேனும் கட்டணம் உண்டா?,order_physical_card,order_physical_card,True
2490,நேரடி அட்டைகளுக்கு நீங்கள் கட்டணம் வசூலிக்கிறீர்களா?,order_physical_card,order_physical_card,True
2491,நான் வசிக்கும் இடத்திற்கு நீங்கள் அட்டைகளை அனுப்பி வைப்பீர்களா?,order_physical_card,order_physical_card,True
2492,நேரடி அட்டைகளுக்கு நீங்கள் கட்டணம் வசூலிக்கிறீர்களா?,order_physical_card,order_physical_card,True
2493,நேரில் கொடுக்கல் வாங்கல்களைச் செய்வதற்கு எனக்கு ஒரு உண்மையான அட்டை தேவைப்படுகிறது. இதை நான் எவ்வாறு செய்வது?,order_physical_card,order_physical_card,True
2494,எனக்கு ஒரு உண்மையான அட்டை கிடைக்குமா?,order_physical_card,order_physical_card,True
2495,உங்களால் அட்டைகளை எங்கு விநியோகிக்க முடியும்?,order_physical_card,order_physical_card,True
2496,அட்டைகள் எங்கு விநியோகிக்கப்படுகின்றன?,order_physical_card,order_physical_card,True
2497,ஒரு நேரடி அட்டையை எவ்வாறு பெறுவது என்று தயவுசெய்து எனக்குச் சொல்லுங்கள்.,order_physical_card,order_physical_card,True
2498,நேரடி அட்டைக்கான கட்டணம் என்ன?,order_physical_card,order_physical_card,True
2499,மின்னணு அல்லாத அட்டையும் கிடைக்கிறதா?,order_physical_card,country_support,False
2500,உங்கள் அட்டையைப் பயன்படுத்துவதற்கு எவ்வளவு கட்டணம் செலவாகும்?,order_physical_card,top_up_by_card_charge,False
2501,நான் எவ்வாறு ஒரு நேரடி அட்டையைப் பெற்றுக்கொள்ளலாம்?,order_physical_card,order_physical_card,True
2502,இந்தச் செயலி மூலம் நான் ஒரு நேரடி அட்டையைப் பெற முடியுமா?,order_physical_card,order_physical_card,True
2503,எனக்கு ஒரு மெய்நிகர் அல்லாத அட்டை கிடைக்கலாமா?,order_physical_card,get_disposable_virtual_card,False
2504,நான் எவ்வாறு ஒரு நேரடி அட்டையைப் பெறுவது?,order_physical_card,order_physical_card,True
2505,ஒரு நேரடி அட்டையைப் பெறுவதற்கான கட்டணங்கள் என்ன?,order_physical_card,order_physical_card,True
2506,எனது அட்டை எங்கு விநியோகிக்கப்படலாம்?,order_physical_card,order_physical_card,True
2507,நேரடி அட்டைக்கு எனக்கு எவ்வளவு கட்டணம் விதிக்கப்படும்?,order_physical_card,order_physical_card,True
2508,எனது அட்டையை நான் எங்கு ஓடர் செய்வது?,order_physical_card,order_physical_card,True
2509,அட்டை எந்த இடங்களுக்கு விநியோகிக்கப்படலாம்?,order_physical_card,order_physical_card,True
2510,எனது அட்டையை நான் எங்கே பெற்றுக்கொள்ளலாம்?,order_physical_card,order_physical_card,True
2511,தபால் மூலம் அட்டைகளை எங்கு விநியோகிக்கிறீர்கள்?,order_physical_card,order_physical_card,True
2512,எனது சொந்த நிஜமான அட்டையை நான் எவ்வாறு பெற்றுக்கொள்வது?,order_physical_card,order_physical_card,True
2513,எனது அட்டையை நான் எங்கே கண்டறியலாம்?,order_physical_card,card_linking,False
2514,"எனக்கு ஒரு பருப்பொருள் அட்டை (physical card) தேவையென்றால், நான் ஏதேனும் செலுத்த வேண்டுமா?",order_physical_card,order_physical_card,True
2515,அட்டைகளை எங்கு விநியோகிக்க முடியும்?,order_physical_card,order_physical_card,True
2516,எனக்கு ஒரு பருப்பொருள் அட்டை (physical card) தேவை.,order_physical_card,order_physical_card,True
2517,பருப்பொருள் அட்டைக்கான (physical card) கட்டணங்கள் என்ன?,order_physical_card,order_physical_card,True
2518,நான் எவ்வாறு ஒரு உண்மையான அட்டையைப் பெறுவது?,order_physical_card,order_physical_card,True
2519,எனக்கு ஒரு நிஜமான அட்டை கிடைக்க முடியுமா?,order_physical_card,getting_spare_card,False
2520,எனது ஒருமுறை பயன்படுத்தக்கூடிய மெய்நிகர் அட்டை (disposable virtual card) ஏன் நிராகரிக்கப்படுகிறது?,virtual_card_not_working,get_disposable_virtual_card,False
2521,எனது ஒருமுறை பயன்படுத்தக்கூடிய மெய்நிகர் அட்டை வேலை செய்யவில்லை போல் தெரிகிறது.,virtual_card_not_working,get_disposable_virtual_card,False
2522,எனது ஒருமுறை பயன்படுத்தக்கூடிய மெய்நிகர் அட்டை பழுதடைந்துள்ளது.,virtual_card_not_working,get_disposable_virtual_card,False
2523,எனது பருப்பொருள் அல்லாத அட்டை (non-physical card) வேலை செய்யாது.,virtual_card_not_working,order_physical_card,False
2524,உடற்பயிற்சி நிலைய சந்தா செலுத்த நான் பயன்படுத்திய ஒருமுறை பயன்படுத்தக்கூடிய மெய்நிகர் அட்டை ஏன் நிராகரிக்கப்பட்டது?,virtual_card_not_working,get_disposable_virtual_card,False
2525,எனது மெய்நிகர் அட்டை (virtual card) ஏன் நிராகரிக்கப்படுகிறது?,virtual_card_not_working,get_disposable_virtual_card,False
2526,எனது ஒருமுறை பயன்படுத்தக்கூடிய அட்டை வேலை செய்யாததால் அதற்கு ஏதேனும் கட்டுப்பாடுகள் உள்ளதா?,virtual_card_not_working,get_disposable_virtual_card,False
2527,எனது மெய்நிகர் அட்டையை என்னால் வேலை செய்ய வைக்க முடியவில்லை.,virtual_card_not_working,card_not_working,False
2528,நான் சற்று முன்னர் கடையில் இருந்தபோது எனது மெய்நிகர் அட்டை வேலை செய்யவில்லை. இந்த பிரச்சனைக்கான தீர்வு என்ன?,virtual_card_not_working,card_not_working,False
2529,எனது ஒருமுறை பயன்படுத்தக்கூடிய மெய்நிகர் அட்டை வேலை செய்யாது.,virtual_card_not_working,get_disposable_virtual_card,False
2530,எனது ஒருமுறை பயன்படுத்தக்கூடிய மெய்நிகர் அட்டையை என்னால் பயன்படுத்த முடியாது.,virtual_card_not_working,get_disposable_virtual_card,False
2531,எனது மெய்நிகர் அட்டை மூலம் நான் பல இணையவழி பரிவர்த்தனைகளை செய்ய முடியுமா?,virtual_card_not_working,get_disposable_virtual_card,False
2532,தானியங்கி கட்டணம் செலுத்துதலை (automatic billing) அமைக்க முயன்றபோது எனது மெய்நிகர் அட்டை ஏன் நிராகரிக்கப்பட்டது?,virtual_card_not_working,automatic_top_up,False
2533,எனது ஒருமுறை பயன்படுத்தக்கூடிய மெய்நிகர் அட்டை ஏன் வேலை செய்யவில்லை?,virtual_card_not_working,get_disposable_virtual_card,False
2534,சந்தா சேவைகளுக்கு (subscription services) எனது மெய்நிகர் அட்டையை ஏன் பயன்படுத்த முடியாது?,virtual_card_not_working,get_disposable_virtual_card,False
2535,எனது மெய்நிகர் அட்டை ஏன் வேலை செய்யவில்லை?,virtual_card_not_working,declined_card_payment,False
2536,எனது மெய்நிகர் அட்டை மூலம் என்னால் பரிவர்த்தனைகளை செய்ய முடியாது.,virtual_card_not_working,get_disposable_virtual_card,False
2537,"ஏதோ ஒரு காரணத்தினால், மெய்நிகர் அட்டை எனக்கு வேலை செய்யவில்லை.",virtual_card_not_working,card_not_working,False
2538,எனது ஒருமுறை பயன்படுத்தக்கூடிய மெய்நிகர் அட்டை இன்று அதிகாலை வியாபாரியால் நிராகரிக்கப்பட்டது. நான் என்ன செய்ய வேண்டும்?,virtual_card_not_working,get_disposable_virtual_card,False
2539,எனது மெய்நிகர் அட்டை நிராகரிக்கப்படும் பிரச்சனையை நான் எவ்வாறு சரிசெய்வது?,virtual_card_not_working,card_not_working,False
2540,எனது மெய்நிகர் அட்டை வேலை செய்யவில்லை. நான் என்ன செய்வது?,virtual_card_not_working,card_not_working,False
2541,எனது மெய்நிகர் அட்டை வேலை செய்யாவிட்டால் நான் என்ன செய்வது?,virtual_card_not_working,card_not_working,False
2542,ஒருமுறை பயன்படுத்தக்கூடிய மெய்நிகர் அட்டையை வேலை செய்ய வைக்க ஏதேனும் வழிமுறை உள்ளதா?,virtual_card_not_working,get_disposable_virtual_card,False
2543,எனது மெய்நிகர் அட்டையை என்னால் ஏன் வேலை செய்ய வைக்க முடியவில்லை?,virtual_card_not_working,card_not_working,False
2544,எனது அட்டை இந்த நேரத்தில் வேலை செய்யவில்லை.,virtual_card_not_working,card_not_working,False
2545,"எனது ஒருமுறை பயன்படுத்தக்கூடிய அட்டை வேலை செய்யவில்லை போல் தெரிகிறது, நான் ஏதேனும் தவறு செய்கிறேனா?",virtual_card_not_working,get_disposable_virtual_card,False
2546,எனது மெய்நிகர் அட்டை மூலமான கொடுப்பனவுகள் தொடர்ந்து நிராகரிக்கப்படுகின்றன.,virtual_card_not_working,declined_card_payment,False
2547,விற்பனை புள்ளி (point of sale) பரிவர்த்தனையில் பயன்படுத்த முயலும்போது எனது ஒருமுறை பயன்படுத்தக்கூடிய மெய்நிகர் அட்டை வேலை செய்யவில்லை. நான் இப்போது என்ன செய்வது?,virtual_card_not_working,get_disposable_virtual_card,False
2548,எனது ஒருமுறை பயன்படுத்தக்கூடிய மெய்நிகர் அட்டையைப் பயன்படுத்தியபோது எனது பரிவர்த்தனை இப்போதுதான் நிராகரிக்கப்பட்டது. நான் என்ன செய்ய முடியும்?,virtual_card_not_working,get_disposable_virtual_card,False
2549,எனது ஒருமுறை பயன்படுத்தக்கூடிய மெய்நிகர் அட்டை வேலை செய்யவில்லை.,virtual_card_not_working,get_disposable_virtual_card,False
2550,எனது ஒருமுறை பயன்படுத்தும் வேர்ச்சுவல் கார்டை எவ்வாறு வேலை செய்ய வைப்பது?,virtual_card_not_working,get_disposable_virtual_card,False
2551,உடற்பயிற்சிக்கூட சந்தாவிற்கு பணம் செலுத்தப் பயன்படுத்திய எனது ஒருமுறை பயன்படுத்தும் வேர்ச்சுவல் கார்டு ஏன் நிராகரிக்கப்பட்டது?,virtual_card_not_working,get_disposable_virtual_card,False
2552,எனது ஒருமுறை பயன்படுத்தும் வேர்ச்சுவல் கார்டு மூலமான கொடுப்பனவுகள் வேலை செய்யவில்லை.,virtual_card_not_working,get_disposable_virtual_card,False
2553,"எனது ஒருமுறை பயன்படுத்தும் வேர்ச்சுவல் கார்டு வியாபாரியால் நிராகரிக்கப்பட்டது, தயவுசெய்து உதவுங்கள்?",virtual_card_not_working,get_disposable_virtual_card,False
2554,எனது வேர்ச்சுவல் கார்டு வேலை செய்யவில்லை.,virtual_card_not_working,virtual_card_not_working,True
2555,எனது ஒருமுறை பயன்படுத்தும் வேர்ச்சுவல் கார்டு ஏன் வேலை செய்யவில்லை என்று எனக்குச் சொல்லுங்கள்.,virtual_card_not_working,get_disposable_virtual_card,False
2556,வேர்ச்சுவல் கார்டை வேலை செய்ய வைக்க எனக்கு உதவி தேவை.,virtual_card_not_working,virtual_card_not_working,True
2557,"நான் ஒரு வியாபாரியிடம் எனது வேர்ச்சுவல் கார்டைப் பயன்படுத்த முயன்றேன், அது நிராகரிக்கப்பட்டது. இதை நான் எவ்வாறு சரிசெய்வது?",virtual_card_not_working,getting_virtual_card,False
2558,எனது வேர்ச்சுவல் கார்டை எவ்வாறு வேலை செய்ய வைப்பது?,virtual_card_not_working,getting_virtual_card,False
2559,வேர்ச்சுவல் கார்டு எனக்கு வேலை செய்யவில்லை.,virtual_card_not_working,virtual_card_not_working,True
2560,நான் வேறு நாட்டின் நாணயத்தைப் பயன்படுத்தியபோது எனக்குச் சரியான அளவு பணம் கிடைக்கவில்லை.,wrong_exchange_rate_for_cash_withdrawal,wrong_exchange_rate_for_cash_withdrawal,True
2561,"நான் ஏடிஎம் இயந்திரத்திலிருந்து பணம் எடுத்தேன், அது மற்றொரு நாணயத்திலிருந்து தவறான டாலர் மதிப்பை மாற்றீடு செய்துள்ளது!",wrong_exchange_rate_for_cash_withdrawal,wrong_exchange_rate_for_cash_withdrawal,True
2562,"கடந்த விடுமுறை நாளில் நான் ஏடிஎம்மில் இருந்து பணம் எடுத்தேன், அதற்கு என்னிடம் அதிக கட்டணம் வசூலிக்கப்பட்டதாகத் தெரிகிறது. இக்கட்டணங்கள் பற்றி எனக்குத் தெரிந்திருந்தால் நான் பணம் எடுத்திருக்க மாட்டேன்.",wrong_exchange_rate_for_cash_withdrawal,wrong_exchange_rate_for_cash_withdrawal,True
2563,நாணய மாற்று விகிதம் சரியாக உள்ளதா என்பதை உறுதிப்படுத்தப் பார்க்க முடியுமா?,wrong_exchange_rate_for_cash_withdrawal,card_payment_wrong_exchange_rate,False
2564,எனது பணப் பெறுகைக்கான நாணய மாற்று விகிதம் தவறானது.,wrong_exchange_rate_for_cash_withdrawal,wrong_exchange_rate_for_cash_withdrawal,True
2565,"வணக்கம். நான் விடுமுறையில் இருக்கிறேன், என்னுடன் பணம் எதுவும் கொண்டு வரவில்லை. உங்களது இயந்திரங்களில் ஒன்றிலிருந்து எனது சொந்த நாட்டு நாணயத்தை நான் எடுக்க வேண்டும். இதைச் செய்யக்கூடிய இயந்திரங்கள் ஏதேனும் உங்களிடம் உள்ளதா, அதற்கு ஏதேனும் கட்டணம் உண்டா?",wrong_exchange_rate_for_cash_withdrawal,wrong_exchange_rate_for_cash_withdrawal,True
2566,நான் பணம் எடுத்தபோது நாணய மாற்று விகிதம் ஏன் தவறாக இருந்தது?,wrong_exchange_rate_for_cash_withdrawal,wrong_exchange_rate_for_cash_withdrawal,True
2567,"நான் ஏடிஎம்மில் வெளிநாட்டு நாணயத்தைப் பயன்படுத்திப் பணம் பெற முயன்றேன், ஆனால் மாற்று விகிதம் மிகவும் தவறாக இருந்தது!",wrong_exchange_rate_for_cash_withdrawal,wrong_exchange_rate_for_cash_withdrawal,True
2568,எனது சர்வதேச பணப் பெறுகைக்கான நாணய மாற்று விகிதம் ஏன் தவறாக உள்ளது?,wrong_exchange_rate_for_cash_withdrawal,wrong_exchange_rate_for_cash_withdrawal,True
2569,வெளிநாட்டில் செய்யப்பட்ட ஒரு பரிவர்த்தனைக்குத் தவறான நாணய மாற்று விகிதம் பயன்படுத்தப்பட்டுள்ளது.,wrong_exchange_rate_for_cash_withdrawal,wrong_exchange_rate_for_cash_withdrawal,True
2570,எனது பணப் பெறுகைக்காக நீங்கள் எனக்கு வழங்கிய நாணய மாற்று விகிதம் தவறானது.,wrong_exchange_rate_for_cash_withdrawal,wrong_exchange_rate_for_cash_withdrawal,True
2571,பணத்தை மாற்றுவதற்கு ஏதேனும் கட்டணம் உண்டா?,wrong_exchange_rate_for_cash_withdrawal,exchange_charge,False
2572,நாணய மாற்று விகிதம் ஏன் இவ்வளவு அதிகமாக உள்ளது? அதற்குப் பதிலாக இன்னும் அதிக அளவிலான பணம் கிடைத்திருக்க வேண்டும்.,wrong_exchange_rate_for_cash_withdrawal,wrong_exchange_rate_for_cash_withdrawal,True
2573,நான் எனது பணத்தை எடுத்தபோது நாணய மாற்று விகிதம் ஏன் வித்தியாசமாக இருந்தது?,wrong_exchange_rate_for_cash_withdrawal,wrong_exchange_rate_for_cash_withdrawal,True
2574,"நான் பணம் எடுத்தபோது, எனது நாணய மாற்று விகிதம் தவறாக இருந்தது.",wrong_exchange_rate_for_cash_withdrawal,wrong_exchange_rate_for_cash_withdrawal,True
2575,உள்ளூர் ஏடிஎம்மில் இருந்து அமெரிக்க டாலர்களை எடுத்தால் கூடுதல் கட்டணம் ஏதேனும் இருக்குமா? வீட்டிற்குச் செல்லும் பயணத்தில் வசதியாக இருக்க எனக்குச் சிறிதளவு பணம் தேவைப்படுகிறது.,wrong_exchange_rate_for_cash_withdrawal,cash_withdrawal_charge,False
2576,"நான் விடுமுறையில் இருந்தபோது ஏடிஎம் பயன்படுத்தியதற்காக என்னிடம் அதிக கட்டணம் வசூலிக்கப்பட்டதாகத் தெரிகிறது. உங்களது கட்டணங்கள் பற்றி எனக்கு முன்னரே தெரிந்திருந்தால், நான் நிச்சயமாக வேறு எங்காவது சென்றிருப்பேன்.",wrong_exchange_rate_for_cash_withdrawal,wrong_exchange_rate_for_cash_withdrawal,True
2577,நான் பணம் எடுத்தபோது நாணய மாற்று விகிதத்தைச் சரிபார்த்தேன். ஆனால் நீங்கள் பயன்படுத்திய உண்மையான விகிதம் வித்தியாசமாக இருந்தது.,wrong_exchange_rate_for_cash_withdrawal,wrong_exchange_rate_for_cash_withdrawal,True
2578,"பணம் பெறும்போது, எனது பரிவர்த்தனைக்குத் தவறான நாணய மாற்று விகிதம் பயன்படுத்தப்பட்டது.",wrong_exchange_rate_for_cash_withdrawal,wrong_exchange_rate_for_cash_withdrawal,True
2579,நான் வெளிநாட்டில் இருக்கும்போது ஏடிஎம்மில் எந்தவொரு கட்டணமும் இன்றி பணம் எடுக்க முடியுமா?,wrong_exchange_rate_for_cash_withdrawal,wrong_exchange_rate_for_cash_withdrawal,True
2580,"நான் வெளிநாட்டு நாணயத்தை எடுத்தேன், ஆனால் நாணய மாற்று விகிதம் தவறாக உள்ளது.",wrong_exchange_rate_for_cash_withdrawal,wrong_exchange_rate_for_cash_withdrawal,True
2581,எனது நாணய மாற்றத்தின் போது அதிக பணம் கழிக்கப்பட்டதாக நான் உணர்கிறேன்.,wrong_exchange_rate_for_cash_withdrawal,wrong_exchange_rate_for_cash_withdrawal,True
2582,எனது பணப் பெறுகைக்கான நாணய மாற்று விகிதத்தில் ஒரு பிழை இருந்தது.,wrong_exchange_rate_for_cash_withdrawal,wrong_exchange_rate_for_cash_withdrawal,True
2583,"நான் வெளிநாடு செல்லும்போது, ஏடிஎம்களில் சரியான விகிதத்தில், சரியான வெளிநாட்டுப் பணம் எனக்குத் தேவை.",wrong_exchange_rate_for_cash_withdrawal,wrong_exchange_rate_for_cash_withdrawal,True
2584,வெளிநாட்டு நாணயத்துடன் நான் பயன்படுத்திய ஏடிஎம்மின் மாற்று விகிதம் தவறாக இருந்தது.,wrong_exchange_rate_for_cash_withdrawal,wrong_exchange_rate_for_cash_withdrawal,True
2585,வெளிநாட்டு ஏடிஎம்கான நாணய மாற்று விகிதம் ஏன் வித்தியாசமாக உள்ளது?,wrong_exchange_rate_for_cash_withdrawal,card_payment_wrong_exchange_rate,False
2586,எனது பணப் பெறுகைக்குத் தவறான நாணய மாற்று விகிதம் வசூலிக்கப்பட்டது.,wrong_exchange_rate_for_cash_withdrawal,wrong_exchange_rate_for_cash_withdrawal,True
2587,விடுமுறை நாளில் நான் ஏடிஎம்மில் இருந்து சிறிது பணம் எடுத்தேன். என்னிடம் சில அநியாயமான கட்டணங்கள் வசூலிக்கப்பட்டதாகத் தெரிகிறது. இந்த அநியாயமான கட்டணங்கள் பற்றி எனக்குத் தெரிந்திருந்தால் நான் அதைச் செய்திருக்க மாட்டேன்!,wrong_exchange_rate_for_cash_withdrawal,wrong_exchange_rate_for_cash_withdrawal,True
2588,எனது பணப் பெறுகைக்கான நாணய மாற்று விகிதம் சரியாக இல்லை மற்றும் அது உண்மையான நாணய மாற்று விகிதத்துடன் பொருந்தவில்லை.,wrong_exchange_rate_for_cash_withdrawal,wrong_exchange_rate_for_cash_withdrawal,True
2589,உங்களது நாணய மாற்று விகிதக் கொள்கையை விளக்க முடியுமா? எனது ஏடிஎம் பரிவர்த்தனையில் எனக்குச் சரியான அளவு பணம் கிடைக்கவில்லை என்று நினைக்கிறேன்.,wrong_exchange_rate_for_cash_withdrawal,wrong_exchange_rate_for_cash_withdrawal,True
2590,ஒரு பணப் பரிமாற்றத்திற்கான எனது நாணய மாற்று வீதம் தவறாக இருந்தது.,wrong_exchange_rate_for_cash_withdrawal,wrong_exchange_rate_for_cash_withdrawal,True
2591,நான் பணம் எடுத்தபோது அதிக நாணய மாற்று வீதத்தை எதிர்பார்த்தேன். தற்போதைய நாணய மாற்று வீதங்களை எனக்குச் சொல்ல முடியுமா?,wrong_exchange_rate_for_cash_withdrawal,wrong_exchange_rate_for_cash_withdrawal,True
2592,ஏடிஎம்மில் எனது பரிமாற்றத்திற்குப் பயன்படுத்தப்பட்ட மாற்று வீதம் தவறாக இருந்தது.,wrong_exchange_rate_for_cash_withdrawal,wrong_exchange_rate_for_cash_withdrawal,True
2593,எனது பணத்தை எடுப்பதற்கான நாணய மாற்று வீதம் சரியாக இல்லை.,wrong_exchange_rate_for_cash_withdrawal,wrong_exchange_rate_for_cash_withdrawal,True
2594,"நான் வெளிநாட்டில் பணம் எடுத்தேன், ஆனால் நாணய மாற்று வீதம் சரியாக இல்லை.",wrong_exchange_rate_for_cash_withdrawal,wrong_exchange_rate_for_cash_withdrawal,True
2595,"நான் ஒரு வெளிநாட்டு நாணயத்தில் ஏடிஎம்மைப் பயன்படுத்தினேன், ஆனால் பயன்படுத்தப்பட்ட வீதம் தவறானது!",wrong_exchange_rate_for_cash_withdrawal,wrong_exchange_rate_for_cash_withdrawal,True
2596,உங்கள் நாணய மாற்று வீதங்களை நீங்கள் எவ்வாறு தீர்மானிக்கிறீர்கள்? ஏனெனில் நான் பணம் எடுத்தபோது உங்களது ஒன்று தவறாக இருந்தது.,wrong_exchange_rate_for_cash_withdrawal,wrong_exchange_rate_for_cash_withdrawal,True
2597,"விடுமுறைக்கால கொள்வனவிற்காகப் பணம் எடுப்பதற்கு நான் ஏடிஎம் இயந்திரத்தைப் பயன்படுத்தினேன், அங்கே மிக அதிகமான கட்டணங்களைப் பார்த்தேன். அது ஏன்? எனக்குத் தெரிந்திருந்தால் நான் ஏடிஎம்மைப் பயன்படுத்தியிருக்க மாட்டேன்!",wrong_exchange_rate_for_cash_withdrawal,wrong_exchange_rate_for_cash_withdrawal,True
2598,பணத்தை எடுப்பதற்கான நாணய மாற்று வீதம் சரியாக இல்லை.,wrong_exchange_rate_for_cash_withdrawal,wrong_exchange_rate_for_cash_withdrawal,True
2599,"அமெரிக்க டொலர்களை வழங்கக்கூடிய உள்ளூர் ஏடிஎம் ஏதேனும் உள்ளதா? எனது வீட்டுப் பயணத்திற்கு என்னிடம் பணம் இல்லை, இலங்கை செல்லும் வரை காத்திருப்பது எனக்கு வசதியாக இல்லை. பணம் எடுப்பதற்கு கூடுதல் கட்டணம் ஏதேனும் வசூலிக்கப்படுமா?",wrong_exchange_rate_for_cash_withdrawal,cash_withdrawal_charge,False
2600,ஒருமுறை பயன்படுத்தக்கூடிய மெய்நிகர் அட்டையை எவ்வாறு பயன்படுத்துவது என்பது பற்றிய விளக்கத்தைப் பெற முடியுமா?,get_disposable_virtual_card,get_disposable_virtual_card,True
2601,என்னால் ஒருமுறை பயன்படுத்தக்கூடிய மெய்நிகர் அட்டையை உருவாக்க முடியுமா?,get_disposable_virtual_card,get_disposable_virtual_card,True
2602,ஒருமுறை பயன்படுத்தக்கூடிய மெய்நிகர் அட்டையைப் பெறுவது பற்றி நீங்கள் எனக்கு என்ன சொல்ல முடியும்?,get_disposable_virtual_card,get_disposable_virtual_card,True
2603,நான் ஒருமுறை பயன்படுத்தக்கூடிய மெய்நிகர் அட்டையை ஓடர் செய்ய விரும்புகிறேன். நான் இதை எவ்வாறு செய்வது?,get_disposable_virtual_card,get_disposable_virtual_card,True
2604,மெய்நிகர் அட்டைகள் எவ்வாறு செயல்படுகின்றன?,get_disposable_virtual_card,get_disposable_virtual_card,True
2605,ஒருமுறை பயன்படுத்தக்கூடிய மெய்நிகர் அட்டை என்றால் என்ன?,get_disposable_virtual_card,get_disposable_virtual_card,True
2606,நான் ஒரு தற்காலிக மெய்நிகர் அட்டையை விரும்புகிறேன்.,get_disposable_virtual_card,get_disposable_virtual_card,True
2607,ஒருமுறை பயன்படுத்தக்கூடிய அட்டைகள் எவ்வாறு செயல்படுகின்றன?,get_disposable_virtual_card,get_disposable_virtual_card,True
2608,ஒருமுறை பயன்படுத்தக்கூடிய மெய்நிகர் அட்டையை நான் எவ்வாறு பயன்படுத்துவது?,get_disposable_virtual_card,get_disposable_virtual_card,True
2609,ஒருமுறை பயன்படுத்தக்கூடிய மெய்நிகர் அட்டையைப் பெறுவதற்குச் சிறந்த இடம் எது?,get_disposable_virtual_card,get_disposable_virtual_card,True
2610,ஒருமுறை பயன்படுத்தக்கூடிய அட்டைகளைப் பற்றி எனக்கு விளக்க முடியுமா?,get_disposable_virtual_card,get_disposable_virtual_card,True
2611,நான் ஒருமுறை பயன்படுத்தக்கூடிய மெய்நிகர் அட்டையைப் பெற ஏதேனும் வழி உள்ளதா?,get_disposable_virtual_card,get_disposable_virtual_card,True
2612,நான் இப்போதுதான் ஒருமுறை பயன்படுத்தக்கூடிய மெய்நிகர் அட்டையை வாங்கினேன். ஆன்லைன் கொள்வனவுகளுக்கு உடனடியாக என்னால் இதைப் பயன்படுத்த முடியுமா?,get_disposable_virtual_card,get_disposable_virtual_card,True
2613,ஒருமுறை பயன்படுத்தக்கூடிய மெய்நிகர் அட்டை எவ்வளவு பாதுகாப்பானது?,get_disposable_virtual_card,get_disposable_virtual_card,True
2614,ஒருமுறை பயன்படுத்தக்கூடிய மெய்நிகர் அட்டையைப் பெற நான் என்ன செய்ய வேண்டும்?,get_disposable_virtual_card,get_disposable_virtual_card,True
2615,நான் ஒருமுறை பயன்படுத்தக்கூடிய மெய்நிகர் அட்டையைப் பெற விரும்புகிறேன்.,get_disposable_virtual_card,get_disposable_virtual_card,True
2616,ஒருமுறை பயன்படுத்தக்கூடிய அட்டைகளைப் பற்றி விளக்க முடியுமா?,get_disposable_virtual_card,get_disposable_virtual_card,True
2617,ஒருமுறை பயன்படுத்தக்கூடிய மெய்நிகர் அட்டையை நான் எவ்வாறு பெறுவது?,get_disposable_virtual_card,get_disposable_virtual_card,True
2618,நானும் ஒருமுறை பயன்படுத்தக்கூடிய மெய்நிகர் அட்டையைப் பெறலாமா?,get_disposable_virtual_card,get_disposable_virtual_card,True
2619,எனக்கு ஒருமுறை பயன்படுத்தக்கூடிய மெய்நிகர் அட்டை கிடைக்குமா?,get_disposable_virtual_card,get_disposable_virtual_card,True
2620,நான் ஒருமுறை பயன்படுத்தக்கூடிய மெய்நிகர் அட்டையை உருவாக்க விரும்புகிறேன். நான் அதை எவ்வாறு செய்வது?,get_disposable_virtual_card,get_disposable_virtual_card,True
2621,"என்னிடம் ஒருமுறை பயன்படுத்தக்கூடிய மெய்நிகர் அட்டை உள்ளது, எனவே அதை வைத்து என்ன செய்வது என்று எனக்குச் சொல்வீர்களா?",get_disposable_virtual_card,get_disposable_virtual_card,True
2622,மெய்நிகர் அட்டை எவ்வாறு செயல்படுகிறது?,get_disposable_virtual_card,get_disposable_virtual_card,True
2623,ஒருமுறை பயன்படுத்தக்கூடிய மெய்நிகர் அட்டையைப் பெறுவதற்கான செயல்முறை என்ன?,get_disposable_virtual_card,get_disposable_virtual_card,True
2624,ஒருமுறை பயன்படுத்தக்கூடிய மெய்நிகர் அட்டை என்ன செய்கிறது?,get_disposable_virtual_card,get_disposable_virtual_card,True
2625,ஒருமுறை பயன்படுத்தக்கூடிய மெய்நிகர் அட்டையை நான் எப்போது ஓடர் செய்ய முடியும்?,get_disposable_virtual_card,get_disposable_virtual_card,True
2626,ஒருமுறை பயன்படுத்தக்கூடிய மெய்நிகர் அட்டையையும் பெற முடியுமா?,get_disposable_virtual_card,get_disposable_virtual_card,True
2627,ஒருமுறை பயன்படுத்தக்கூடிய மெய்நிகர் அட்டையை நான் எவ்வாறு பெறுவது?,get_disposable_virtual_card,get_disposable_virtual_card,True
2628,ஒருமுறை பயன்படுத்தக்கூடிய அட்டையை நீங்கள் எவ்வாறு பயன்படுத்துவீர்கள்?,get_disposable_virtual_card,get_disposable_virtual_card,True
2629,"எனக்கு ஒருமுறை பயன்படுத்தக்கூடிய மெய்நிகர் அட்டை தேவை, அதை நான் எவ்வாறு பெறுவது?",get_disposable_virtual_card,get_disposable_virtual_card,True
2630,ஒருமுறை பயன்படுத்தும் அட்டைகள் எவ்வாறு வேலை செய்கின்றன?,get_disposable_virtual_card,get_disposable_virtual_card,True
2631,நான் ஓடர் செய்யக்கூடிய ஒருமுறை பயன்படுத்தும் மெய்நிகர் அட்டை ஏதும் உள்ளதா?,get_disposable_virtual_card,get_disposable_virtual_card,True
2632,ஒருமுறை பயன்படுத்தும் மெய்நிகர் அட்டையை நான் எங்கே பெற்றுக்கொள்ளலாம்?,get_disposable_virtual_card,get_disposable_virtual_card,True
2633,எனக்கும் ஒருமுறை பயன்படுத்தும் மெய்நிகர் அட்டையைப் பெற்றுக்கொள்ள முடியுமா?,get_disposable_virtual_card,get_disposable_virtual_card,True
2634,வணக்கம்! நான் ஒருமுறை பயன்படுத்தும் மெய்நிகர் அட்டையை ஓடர் செய்ய வேண்டும். அதை நான் எங்கே செய்ய வேண்டும்?,get_disposable_virtual_card,get_disposable_virtual_card,True
2635,ஒருமுறை பயன்படுத்தும் மெய்நிகர் அட்டைக்கு நான் எங்கே கோரிக்கை விடுக்க வேண்டும்?,get_disposable_virtual_card,disposable_card_limits,False
2636,எனக்கு ஒருமுறை பயன்படுத்திவிட்டு வீசக்கூடிய அட்டை கிடைக்குமா?,get_disposable_virtual_card,get_disposable_virtual_card,True
2637,ஒருமுறை பயன்படுத்தும் அட்டையைக் கொண்டு நான் எத்தனை பரிவர்த்தனைகளைச் செய்ய முடியும்?,get_disposable_virtual_card,disposable_card_limits,False
2638,ஒருமுறை பயன்படுத்தும் அட்டைகள் என்றால் என்ன?,get_disposable_virtual_card,disposable_card_limits,False
2639,ஒருமுறை பயன்படுத்தும் மெய்நிகர் அட்டையைப் பெறுவதற்கான நடைமுறை என்ன?,get_disposable_virtual_card,get_disposable_virtual_card,True
2640,செயலி எனது டொப்-அப்பை நிராகரித்துவிட்டது.,top_up_failed,top_up_failed,True
2641,"ஹேய், நான் இன்று எனது அட்டையைப் பயன்படுத்தி டொப்-அப் செய்ய முயன்றேன், ஆனால் அது தோல்வியடைந்தது! சில நாட்களுக்கு முன்புதான் இதைப் பெற்றேன், கடந்த முறை இது வேலை செய்தது. என்ன நடக்கிறது என்று தயவுசெய்து மீண்டும் சரிபார்க்க முடியுமா?",top_up_failed,top_up_failed,True
2642,எனது டொப்-அப் ஒன்று வெற்றிகரமாக முடியவில்லை. ஏன்?,top_up_failed,top_up_reverted,False
2643,"நான் இன்று எனது அட்டைக்கு டொப்-அப் செய்ய முயன்றேன். துரதிர்ஷ்டவசமாக, அது தோல்வியடைந்தது. இரண்டு நாட்களுக்கு முன்பு நான் இதைப் பயன்படுத்தியபோது நன்றாக வேலை செய்தது. தயவுசெய்து மீண்டும் சரிபார்த்து என்ன நடக்கிறது என்று கூற முடியுமா?",top_up_failed,top_up_failed,True
2644,செயலி ஏன் எனது டொப்-அப்பை நிராகரித்தது?,top_up_failed,top_up_failed,True
2645,எனது டொப்-அப் ஏன் தோல்வியடைந்தது என்று தயவுசெய்து கூறுங்கள்.,top_up_failed,top_up_failed,True
2646,எனது டொப்-அப் வேலை செய்யவில்லை.,top_up_failed,top_up_failed,True
2647,"நான் டொப்-அப் செய்ய முயன்றேன், ஆனால் செயலி அதை நிராகரித்துவிட்டது.",top_up_failed,top_up_failed,True
2648,எனது டொப்-அப் எந்தக் காரணத்திற்காக தோல்வியடைந்தது?,top_up_failed,top_up_failed,True
2649,எனது டொப்-அப் ஏன் வெற்றிகரமாக முடியவில்லை?,top_up_failed,top_up_reverted,False
2650,எனது டொப்-அப் வேலை செய்ததா என்பதை நான் எவ்வாறு சரிபார்ப்பது?,top_up_failed,top_up_failed,True
2651,எனது டொப்-அப் வேலை செய்யவில்லை.,top_up_failed,top_up_failed,True
2652,எனது டொப்-அப் தோல்வியடைந்தது.,top_up_failed,top_up_failed,True
2653,எனது டொப்-அப் ஏன் வெற்றிகரமாக முடிந்திருக்காது?,top_up_failed,top_up_reverted,False
2654,எனது டொப்-அப் வேலை செய்யாமல் போனதற்கு என்ன காரணம்?,top_up_failed,top_up_failed,True
2655,எனது டொப்-அப் ஏன் வேலை செய்யவில்லை?,top_up_failed,top_up_reverted,False
2656,எனது டொப்-அப் ஏன் தோல்வியடைந்தது?,top_up_failed,top_up_failed,True
2657,எனது அட்டைக்கான நிதிப் பரிமாற்றம் வெற்றிகரமாக முடியவில்லை.,top_up_failed,failed_transfer,False
2658,டொப்-அப்பிற்காக எனது கிரெடிட் கார்டு ஏன் நிராகரிக்கப்பட்டது என்பதை நான் அறிய வேண்டும்? இங்கு என்ன பிரச்சனை மற்றும் அது ஏன் வெற்றிகரமாக முடியவில்லை?,top_up_failed,top_up_reverted,False
2659,"நான் டொப்-அப் செய்தேன், ஆனால் செயலி அதை ஏற்றுக்கொள்ளவில்லை.",top_up_failed,top_up_failed,True
2660,செயலி எனது டொப்-அப்பை நிராகரித்துவிட்டது.,top_up_failed,top_up_failed,True
2661,எனது டொப்-அப் வேலை செய்யவில்லை என்று நினைக்கிறேன்.,top_up_failed,top_up_failed,True
2662,செயலியில் எனது டொப்-அப் நிராகரிக்கப்பட்டது.,top_up_failed,top_up_failed,True
2663,எனது டொப்-அப் வெற்றிகரமாக முடிந்ததா என்று கூற முடியுமா?,top_up_failed,top_up_reverted,False
2664,என்னால் ஏன் டொப்-அப் செய்ய முடியவில்லை என்று சரிபார்க்க முடியுமா?,top_up_failed,top_up_failed,True
2665,எனது டொப்-அப் எவ்வாறு தோல்வியடைந்தது?,top_up_failed,top_up_failed,True
2666,"எனது டொப்-அப் தோல்வியடைந்தது, ஏன்?",top_up_failed,top_up_failed,True
2667,நான் டொப்-அப் செய்ய முயன்றேன். அது ஏன் நிராகரிக்கப்பட்டது?,top_up_failed,top_up_failed,True
2668,என்ன பிரச்சனை? டொப்-அப்பிற்காக எனது அட்டை இப்போதுதான் நிராகரிக்கப்பட்டது. அது ஏன் வெற்றிகரமாக முடியவில்லை?,top_up_failed,top_up_reverted,False
2669,எனது டொப்-அப் சரியாக வேலை செய்கிறது என்று நான் நினைக்கவில்லை.,top_up_failed,top_up_failed,True
2670,இந்தச் செயலி எனது கணக்கில் டாப்-அப் செய்ய அனுமதிக்கவில்லை.,top_up_failed,unable_to_verify_identity,False
2671,எனது டாப்-அப் கோரிக்கை ஏன் நிராகரிக்கப்பட்டது என்று எனக்குத் தெரியவில்லை.,top_up_failed,top_up_failed,True
2672,என்னால் ஏன் டாப்-அப் செய்ய முடியாமல் இருக்கிறது?,top_up_failed,top_up_failed,True
2673,எனது டாப்-அப் தோல்வியடைந்தது.,top_up_failed,top_up_failed,True
2674,டாப்-அப் செய்வதில் பிரச்சினைகள்.,top_up_failed,top_up_failed,True
2675,"எனக்கு இன்று எனது அட்டையிலிருந்து பணம் அவசரமாகத் தேவைப்படுகிறது, ஆனால் எனது அட்டை நிராகரிக்கப்படுகிறது. தயவுசெய்து உதவுங்கள்!!",top_up_failed,cash_withdrawal_not_recognised,False
2676,எனது டாப்-அப் தோல்வியடைந்தது என்பதை நான் எவ்வாறு அறிவது?,top_up_failed,top_up_failed,True
2677,எனது டாப்-அப் தோல்வியடைந்தது என்பதில் நான் உறுதியாக இருக்கிறேன். இதை நான் எவ்வாறு சரிசெய்வது?,top_up_failed,top_up_failed,True
2678,டாப்-அப் ஏன் வேலை செய்யவில்லை?,top_up_failed,top_up_failed,True
2679,எனது டாப்-அப் ஏன் வேலை செய்யவில்லை என்று கூற முடியுமா?,top_up_failed,top_up_failed,True
2680,நான் சில மணிநேரங்களுக்கு முன்பு ஒரு உள்ளூர் வங்கிக் கணக்கிலிருந்து பணப் பரிமாற்றம் செய்தேன். அந்தப் பரிமாற்றம் இன்னும் எனக்குக் காட்டவில்லை. தயவுசெய்து இதை எனக்காகச் சரிபார்க்கவும்.,balance_not_updated_after_bank_transfer,balance_not_updated_after_bank_transfer,True
2681,நான் பணத்தை மாற்றியபோது எனது கணக்கின் மீதித்தொகை மாறவில்லை.,balance_not_updated_after_bank_transfer,balance_not_updated_after_bank_transfer,True
2682,நான் மாற்றிய பணம் கணக்கில் காட்ட எவ்வளவு நேரம் எடுக்கும்?,balance_not_updated_after_bank_transfer,balance_not_updated_after_bank_transfer,True
2683,நான் சிறிது பணத்தை மாற்றிய பிறகும் எனது மீதித்தொகை ஏன் மாறவில்லை?,balance_not_updated_after_bank_transfer,balance_not_updated_after_bank_transfer,True
2684,பணப் பரிமாற்றத்திற்குப் பிறகு எனது மீதித்தொகை எப்போது புதுப்பிக்கப்படும்?,balance_not_updated_after_bank_transfer,balance_not_updated_after_bank_transfer,True
2685,எனது கணக்கிற்கு ஒரு சர்வதேச பணப் பரிமாற்றம் வந்து சேர எவ்வளவு காலம் எடுக்கும்?,balance_not_updated_after_bank_transfer,balance_not_updated_after_bank_transfer,True
2686,"உள்ளூர் வங்கிக் கணக்கிலிருந்து பணப் பரிமாற்றம் செய்ய பொதுவாக எவ்வளவு நேரம் எடுக்கும்? நான் இப்போதுதான் ஒரு பரிமாற்றத்தை முடித்தேன், ஆனால் அது இன்னும் காட்டவே இல்லை. இந்த நேரத்தில் எல்லாம் சரியாக இருக்கிறதா என்று எனக்குச் சந்தேகமாக இருக்கிறது.",balance_not_updated_after_bank_transfer,balance_not_updated_after_bank_transfer,True
2687,எனது பணப் பரிமாற்றம் எப்போது எனது கணக்கில் கிடைக்கும்?,balance_not_updated_after_bank_transfer,transfer_timing,False
2688,நான் மாற்றிய பணம் எனக்குக் கிடைக்கவில்லை.,balance_not_updated_after_bank_transfer,balance_not_updated_after_bank_transfer,True
2689,"நான் இப்போதுதான் ஒரு வங்கிப் பரிமாற்றத்தை முடித்தேன், ஆனால் மீதித்தொகை புதுப்பிக்கப்படவில்லை.",balance_not_updated_after_bank_transfer,balance_not_updated_after_bank_transfer,True
2690,"நான் சிறிது பணத்தை மாற்றினேன், ஆனால் அது எங்கேனும் தொலைந்துவிட்டது என்று நினைக்கிறேன்.",balance_not_updated_after_bank_transfer,lost_or_stolen_card,False
2691,உள்ளூர் வங்கிப் பரிமாற்றத்திற்கு எவ்வளவு நேரம் எடுக்கும்?,balance_not_updated_after_bank_transfer,balance_not_updated_after_bank_transfer,True
2692,"வணக்கம், நான் சில மணிநேரங்களுக்கு முன்பு எனது உள்ளூர் வங்கிக் கணக்கிலிருந்து ஒரு வங்கிப் பரிமாற்றம் செய்தேன், ஆனால் அது இன்னும் காட்டவில்லை. அதில் எல்லாம் சரியாக இருக்கிறதா என்று தயவுசெய்து சரிபார்க்க முடியுமா?",balance_not_updated_after_bank_transfer,balance_not_updated_after_bank_transfer,True
2693,நான் ஒரு பணப் பரிமாற்றம் செய்துவிட்டு இன்னும் காத்திருக்கிறேன்.,balance_not_updated_after_bank_transfer,pending_transfer,False
2694,"நான் வெளிநாட்டிற்கு ஒரு பணப் பரிமாற்றம் செய்தேன், அது இன்னும் முழுமையடையவில்லை.",balance_not_updated_after_bank_transfer,cancel_transfer,False
2695,"பணப் பரிமாற்றத்திற்குப் பிறகு, மீதித்தொகை புதுப்பிக்கப்படவில்லை.",balance_not_updated_after_bank_transfer,balance_not_updated_after_bank_transfer,True
2696,சில மணிநேரங்களுக்கு முன்பு எனது உள்ளூர் வங்கிக் கணக்கிலிருந்து நான் செய்த பணப் பரிமாற்றங்களில் ஒன்றை தயவுசெய்து சரிபார்க்க முடியுமா? ஏனெனில் அது இன்னும் காட்டவில்லை.,balance_not_updated_after_bank_transfer,balance_not_updated_after_bank_transfer,True
2697,"நான் பணத்தை மாற்றியிருந்தேன், ஆனால் மீதித்தொகை மாறவில்லை.",balance_not_updated_after_bank_transfer,balance_not_updated_after_bank_transfer,True
2698,எனது சமீபத்திய வங்கிப் பரிமாற்றத்தை என்னால் பார்க்க முடியவில்லை.,balance_not_updated_after_bank_transfer,balance_not_updated_after_bank_transfer,True
2699,எனது வங்கிப் பரிமாற்றம் இன்னும் எனது கணக்கில் காட்டவில்லை.,balance_not_updated_after_bank_transfer,balance_not_updated_after_bank_transfer,True
2700,"நான் ஒரு பணப் பரிமாற்றம் செய்தேன், அது எனது கணக்கில் காட்டவில்லை.",balance_not_updated_after_bank_transfer,transfer_not_received_by_recipient,False
2701,"நான் சிறிது பணத்தை மாற்றினேன், ஆனால் அது இன்னும் வந்து சேரவில்லை.",balance_not_updated_after_bank_transfer,balance_not_updated_after_bank_transfer,True
2702,எனது மீதித்தொகை ஏன் அப்படியே இருக்கிறது? நான் ஒரு பணப் பரிமாற்றத்தைச் செய்தேன்.,balance_not_updated_after_bank_transfer,transfer_fee_charged,False
2703,எனது பணப் பரிமாற்றம் எனக்கு ஏன் இன்னும் கிடைக்கவில்லை?,balance_not_updated_after_bank_transfer,transfer_not_received_by_recipient,False
2704,எனது கணக்கில் உள்ள பணப் பரிமாற்றம் ஏன் காட்டவில்லை?,balance_not_updated_after_bank_transfer,transfer_not_received_by_recipient,False
2705,நான் மாற்றிய பணம் மீதித்தொகையில் காட்டவில்லை.,balance_not_updated_after_bank_transfer,balance_not_updated_after_bank_transfer,True
2706,"நான் ஒரு பணப் பரிமாற்றத்தை முடித்துவிட்டேன், ஆனால் அது காட்டவில்லை.",balance_not_updated_after_bank_transfer,cancel_transfer,False
2707,"எனது கணக்கிற்கு ஒரு பணப் பரிமாற்றம் செய்தேன், ஆனால் அது காட்டவில்லை.",balance_not_updated_after_bank_transfer,balance_not_updated_after_bank_transfer,True
2708,எனது பணப் பரிமாற்றம் எனக்குக் கிடைக்க எவ்வளவு நேரம் ஆகும்?,balance_not_updated_after_bank_transfer,pending_transfer,False
2709,நான் மீதித்தொகை பரிமாற்றம் செய்ததாக ஏன் காட்டவில்லை?,balance_not_updated_after_bank_transfer,balance_not_updated_after_bank_transfer,True
2710,"நான் இரண்டு மணித்தியாலங்களுக்கு முன்னர் எனது உள்ளூர் வங்கி கணக்கிலிருந்து ஒரு வங்கிப் பரிமாற்றத்தை செய்தேன். அது இன்னும் காட்டவில்லை, அது ஒழுங்காகப் போய்விட்டதா என்று சரிபார்க்க முடியுமா?",balance_not_updated_after_bank_transfer,balance_not_updated_after_bank_transfer,True
2711,எனது பரிமாற்றம் நிலுவையில் உள்ளது.,balance_not_updated_after_bank_transfer,pending_transfer,False
2712,"வணக்கம், நான் சில மணித்தியாலங்களுக்கு முன்னர் எனது உள்ளூர் வங்கி கணக்கிலிருந்து ஒரு வங்கிப் பரிமாற்றத்தை செய்ய முயற்சித்தேன், ஆனால் அது இன்னும் காட்டவில்லை. எல்லாம் சரியாக இருக்கிறதா என்று எனது கணக்கைச் சரிபார்க்க முடியுமா?",balance_not_updated_after_bank_transfer,balance_not_updated_after_bank_transfer,True
2713,[நாட்டிலிருந்து] வந்த எனது பரிமாற்றம் எங்கே?,balance_not_updated_after_bank_transfer,balance_not_updated_after_bank_transfer,True
2714,"நான் ஒரு வங்கிப் பரிமாற்றத்தை செய்தேன், ஆனால் எனது கணக்கு மீதி அதைக்காட்டவில்லை.",balance_not_updated_after_bank_transfer,balance_not_updated_after_bank_transfer,True
2715,"எனது பணம் எங்கே? நான் அதை பரிமாற்றம் செய்தேன், ஆனால் அது எனது கணக்கில் இல்லை.",balance_not_updated_after_bank_transfer,transfer_not_received_by_recipient,False
2716,"உள்ளூர் வங்கி கணக்கிலிருந்து செய்யப்படும் பரிமாற்றத்திற்கு பொதுவாக எவ்வளவு காலம் எடுக்கும் என்று நான் அறிய வேண்டும். நான் இப்போதுதான் ஒரு பரிமாற்றம் செய்தேன், ஆனால் அது இன்னும் காட்டவில்லை. எல்லாம் சரியாக இருக்கிறதா என்று நான் உறுதிப்படுத்த விரும்புகிறேன்.",balance_not_updated_after_bank_transfer,balance_not_updated_after_bank_transfer,True
2717,எனது கணக்கு மீதியில் ஏன் எனது பரிமாற்றம் காட்டப்படவில்லை?,balance_not_updated_after_bank_transfer,balance_not_updated_after_bank_transfer,True
2718,"நான் எனது கணக்கிற்கு பணத்தை மாற்றியிருந்தும், எனது கணக்கு மீதி இன்னும் அதிகரிக்கவில்லை.",balance_not_updated_after_bank_transfer,balance_not_updated_after_bank_transfer,True
2719,வங்கிப் பரிமாற்றத்தை செய்த பிறகு எனது புதிய கணக்கு மீதியை நான் எப்போது பார்க்க முடியும்?,balance_not_updated_after_bank_transfer,balance_not_updated_after_bank_transfer,True
2720,யாரோ எனது அட்டையைப் பயன்படுத்தி பணம் எடுத்திருக்கிறார்கள் என்று நினைக்கிறேன். நான் என்ன செய்ய வேண்டும்?,cash_withdrawal_not_recognised,cash_withdrawal_not_recognised,True
2721,செயலியில் (app) என்னுடையது அல்லாத ஒரு பணம் எடுத்தல் காட்டுகிறது.,cash_withdrawal_not_recognised,card_payment_not_recognised,False
2722,"நான் இப்போதுதான் எனது பணப்பையைத் தொலைத்தேன், அதற்குள் அவர்கள் எனது கணக்கிலிருந்து பணம் எடுப்பதை நான் காண்கிறேன். இதை நான் எப்படி நிறுத்துவது?",cash_withdrawal_not_recognised,cash_withdrawal_not_recognised,True
2723,"நான் ஏடிஎம் (ATM) இலிருந்து பணம் எடுக்கவில்லை, ஆனால் நான் எடுத்ததாக செயலி (app) கூறுகிறது.",cash_withdrawal_not_recognised,cash_withdrawal_not_recognised,True
2724,நான் பெறாத சில பணப் பரிவர்த்தனைகளை எனது செயலி (app) காட்டுகிறது.,cash_withdrawal_not_recognised,cash_withdrawal_not_recognised,True
2725,எனது செயலியில் (app) ஏன் சம்பந்தமில்லாத ஒரு பணம் எடுத்தல் காட்டுகிறது?,cash_withdrawal_not_recognised,cash_withdrawal_not_recognised,True
2726,கணக்கில் சந்தேகத்திற்கிடமான முறையில் பணம் எடுக்கப்பட்டுள்ளது.,cash_withdrawal_not_recognised,cash_withdrawal_not_recognised,True
2727,"நான் ஏடிஎம் (ATM) இலிருந்து பணம் எடுக்கவில்லை, ஆனால் செயலியின் (app) படி நான் செய்யாத ஒரு பரிவர்த்தனை செய்யப்பட்டுள்ளது.",cash_withdrawal_not_recognised,cash_withdrawal_not_recognised,True
2728,"நான் ஏடிஎம் (ATM) இல் பணம் எடுத்ததாக செயலி (app) கூறுகிறது, ஆனால் நான் எடுக்கவில்லை.",cash_withdrawal_not_recognised,cash_withdrawal_not_recognised,True
2729,"நான் ஏடிஎம் (ATM) இலிருந்து பணம் பெற்றதாக எனது செயலி (app) கூறுகிறது, ஆனால் நான் பெறவில்லை.",cash_withdrawal_not_recognised,cash_withdrawal_not_recognised,True
2730,"ஒரு விசித்திரமான பணம் எடுத்தல் நடந்துள்ளதால், எனது வங்கி அட்டையை நான் எவ்வாறு முடக்குவது (freeze)?",cash_withdrawal_not_recognised,cash_withdrawal_not_recognised,True
2731,நான் செய்யாத ஒரு பணப் பரிவர்த்தனையை (பணம் எடுத்தலை) நான் காண்கிறேன்.,cash_withdrawal_not_recognised,wrong_exchange_rate_for_cash_withdrawal,False
2732,"நான் செயலியைச் (app) சரிபார்த்தபோது, நான் அனுமதிக்காத ஒரு கூடுதல் பணம் எடுத்தலைக் கண்டேன்.",cash_withdrawal_not_recognised,cash_withdrawal_not_recognised,True
2733,எனது கணக்கு அறிக்கையில் (statement) ஒரு விசித்திரமான பணம் எடுத்தல் உள்ளது.,cash_withdrawal_not_recognised,card_payment_not_recognised,False
2734,எனது கணக்கு அறிக்கையில் (statement) நான் செய்யாத ஒரு பணம் எடுத்தல் உள்ளது.,cash_withdrawal_not_recognised,card_payment_not_recognised,False
2735,யாரோ எனது அட்டையைப் பயன்படுத்தி பணம் எடுக்கிறார்கள் என்று நினைக்கிறேன். யாரோ எனது பணப்பையைத் திருடிவிட்டார்கள். நான் என்ன செய்ய வேண்டும்? இது அவசரமானது.,cash_withdrawal_not_recognised,cash_withdrawal_not_recognised,True
2736,செயலியில் (app) என்னுடையது அல்லாத சில பணம் எடுத்தல்களை நான் காண்கிறேன்.,cash_withdrawal_not_recognised,card_payment_not_recognised,False
2737,எனது கணக்கில் ஒரு விசித்திரமான பணம் எடுத்தல் நடந்துள்ளது.,cash_withdrawal_not_recognised,cash_withdrawal_not_recognised,True
2738,எனது கணக்கு அறிக்கையில் (statement) உள்ள ஒரு பணம் எடுத்தல் குறித்து எனக்கு உறுதியாகத் தெரியவில்லை.,cash_withdrawal_not_recognised,Refund_not_showing_up,False
2739,"வேறு யாரோ எனது கணக்கிலிருந்து பணம் எடுத்தது போல் தெரிகிறது, உதவ முடியுமா?",cash_withdrawal_not_recognised,cash_withdrawal_not_recognised,True
2740,நான் செய்யாத ஒரு பணம் எடுத்தலை நான் காண்கிறேன் என்று நினைக்கிறேன்.,cash_withdrawal_not_recognised,wrong_exchange_rate_for_cash_withdrawal,False
2741,நான் பெறாத சில பணப் பரிவர்த்தனைகள் எனது செயலியில் (app) காட்டுகின்றன.,cash_withdrawal_not_recognised,cash_withdrawal_not_recognised,True
2742,"எனது கணக்கிலிருந்து 500,000 ரூபாய் அனுமதியின்றி எடுக்கப்பட்டுள்ளது. நான் நிச்சயமாக இந்த பணம் எடுத்தலைச் செய்யவில்லை. எனக்கு உங்கள் உதவி தேவை.",cash_withdrawal_not_recognised,cash_withdrawal_not_recognised,True
2743,நான் செய்யாத ஒரு ஏடிஎம் (ATM) பணம் எடுத்தலை செயலி (app) காட்டுகிறது.,cash_withdrawal_not_recognised,cash_withdrawal_not_recognised,True
2744,எனது கணக்கில் ஒரு விசித்திரமான பணம் எடுத்தல் உள்ளது.,cash_withdrawal_not_recognised,card_payment_not_recognised,False
2745,"சிறிது நேரத்திற்கு முன்னர் திருடப்பட்ட எனது அட்டையை நான் ரத்து செய்ய வேண்டும். யாரோ ஏற்கனவே சில பணத்தை எடுத்துவிட்டார்கள், அவர்கள் மேலும் எடுப்பதை நான் விரும்பவில்லை. தயவுசெய்து அதைச் செய்ய முடியுமா?",cash_withdrawal_not_recognised,cash_withdrawal_not_recognised,True
2746,எனது அட்டையை நான் எவ்வாறு ரத்து செய்வது? எனது கணக்கில் நான் செய்யாத சில கட்டணங்கள் விதிக்கப்பட்டுள்ளன.,cash_withdrawal_not_recognised,cash_withdrawal_not_recognised,True
2747,"ஒரு தவறு நடந்துள்ளது, நான் ஏடிஎம் (ATM) இல் பணம் எடுத்ததாக செயலி (app) கூறுகிறது, ஆனால் நான் எடுக்கவில்லை.",cash_withdrawal_not_recognised,cash_withdrawal_not_recognised,True
2748,"யாராவது எனக்கு உதவ முடியுமா, நான் எனது பணப்பையைத் தொலைத்துவிட்டேன், அவர்கள் எனது கணக்கிலிருந்து பணம் எடுக்கத் தொடங்கிவிட்டார்கள்.",cash_withdrawal_not_recognised,cash_withdrawal_not_recognised,True
2749,எனது கணக்கு அறிக்கையில் (statement) ஒரு விசித்திரமான பணம் எடுத்தலைக் கண்டால் நான் என்ன செய்ய வேண்டும்?,cash_withdrawal_not_recognised,card_payment_not_recognised,False
2750,ஒரு பணம் எடுத்தல் பரிவர்த்தனையை என்னால் அடையாளம் காண முடியவில்லை.,cash_withdrawal_not_recognised,card_payment_not_recognised,False
2751,"உதவி செய்யுங்கோ! எனது பணப்பை திருடப்பட்டுவிட்டது, யாரோ பணம் எடுத்துக்கொண்டிருக்கிறார்கள். எனக்கு இந்த பணம் தேவை! நான் என்ன செய்ய வேண்டும்?",cash_withdrawal_not_recognised,cash_withdrawal_not_recognised,True
2752,எனக்கு சந்தேகமாக இருக்கும் ஒரு பணம் எடுத்தல் பரிவர்த்தனை உள்ளது.,cash_withdrawal_not_recognised,cash_withdrawal_not_recognised,True
2753,"நான் ஏடிஎம் இலிருந்து பணம் எடுக்கவில்லை, ஆனால் எனது செயலி அறிக்கை நான் எடுத்ததாகக் காட்டுகிறது. இதை நான் எப்படி சரிசெய்வது?",cash_withdrawal_not_recognised,cash_withdrawal_not_recognised,True
2754,"யாரோ எனது அட்டையைத் திருடிவிட்டார்கள். எனது அட்டை என்னிடம் இருந்தபோதிலும், யாரோ இப்போதுதான் 500,000 ரூபாய் பணம் எடுத்துள்ளார்கள். தயவுசெய்து கூடிய விரைவில் உதவுங்கள்.",cash_withdrawal_not_recognised,cash_withdrawal_not_recognised,True
2755,நான் பெறாத பணம் எனது செயலியில் காட்டுகிறது.,cash_withdrawal_not_recognised,cash_withdrawal_not_recognised,True
2756,எனது அட்டையில் ஒரு பிரச்சினை உள்ளது. நான் போகாத ஒரு ஊரில் இருந்து யாரோ எனது கணக்கிலிருந்து பணம் எடுத்துள்ளார்கள். தயவுசெய்து எனது கணக்கை உடனடியாக முடக்க முடியுமா?,cash_withdrawal_not_recognised,cash_withdrawal_not_recognised,True
2757,செயலியில் எனக்குத் தெரியாத ஒரு ஏடிஎம் பணம் எடுத்தல் காட்டுகிறது.,cash_withdrawal_not_recognised,card_payment_not_recognised,False
2758,நான் செய்யாத ஒரு பணம் எடுத்தல் பரிவர்த்தனை காட்டுகிறது.,cash_withdrawal_not_recognised,card_payment_not_recognised,False
2759,செயலி தவறுதலாக நான் பணம் எடுத்ததாகக் காட்டுகிறது.,cash_withdrawal_not_recognised,cash_withdrawal_not_recognised,True
2760,நாணய மாற்று கட்டணம் ஏதும் உள்ளதா?,exchange_charge,exchange_charge,True
2761,உங்கள் நாணய மாற்று வீதம் என்ன?,exchange_charge,exchange_rate,False
2762,உங்கள் நாணய மாற்று கட்டணங்கள் என்ன?,exchange_charge,exchange_charge,True
2763,நாணய மாற்று வீதத்தை நான் எங்கே கண்டறியலாம்?,exchange_charge,exchange_rate,False
2764,குறுக்கு நாணய மாற்றங்களுக்கான அடிப்படைத் தொகை என்ன?,exchange_charge,exchange_charge,True
2765,"எனது வேலை நிமித்தம் நான் உலகம் முழுவதும் செல்ல வேண்டியுள்ளது, நான் மாற்ற வேண்டிய அனைத்து பணத்திற்கும் தள்ளுபடி பெற முடியுமா?",exchange_charge,exchange_charge,True
2766,நாணயங்களை மாற்றுவதற்கு நான் இன்னும் எவ்வளவு கூடுதலாக செலுத்த வேண்டும்?,exchange_charge,exchange_charge,True
2767,நாணயங்களை மாற்றுவதற்கு கட்டணம் ஏதும் உள்ளதா?,exchange_charge,exchange_charge,True
2768,நாணயங்களை மாற்றுவதற்கு எவ்வளவு செலவாகும்?,exchange_charge,exchange_charge,True
2769,நாணய மாற்று கட்டணம் எவ்வளவு?,exchange_charge,exchange_charge,True
2770,அடிக்கடி நாணயங்களை மாற்றுபவர்களுக்கு ஏதேனும் தள்ளுபடி உண்டா?,exchange_charge,exchange_charge,True
2771,வெளிநாட்டுப் பணத்தை மாற்றுவதற்கு கட்டணம் ஏதும் உள்ளதா?,exchange_charge,exchange_charge,True
2772,நாணயங்களை மாற்றுவதற்கு நான் பணம் செலுத்த வேண்டுமா?,exchange_charge,exchange_charge,True
2773,நாணயங்களை மாற்றுவதற்கு கூடுதல் செலவாகுமா?,exchange_charge,exchange_charge,True
2774,வெளிநாட்டு நாணயங்களை மாற்றுவதற்கு கட்டணம் ஏதும் உள்ளதா?,exchange_charge,exchange_charge,True
2775,வெளிநாட்டு நாணயங்களை மாற்றுவதற்கு என்னிடம் கட்டணம் வசூலிக்கப்படுமா?,exchange_charge,exchange_charge,True
2776,"குறுக்கு நாணய மாற்றுக்கு எவ்வளவு செலவாகும், எனக்கு ஏதேனும் தள்ளுபடிகள் உள்ளனவா என்று நான் பார்க்க முடியுமா?",exchange_charge,exchange_charge,True
2777,பல நாணய மாற்றங்களுக்கு நீங்கள் தள்ளுபடி வழங்குகிறீர்களா?,exchange_charge,exchange_charge,True
2778,நாணய மாற்று கட்டணமாக நான் எவ்வளவு செலுத்த வேண்டும்?,exchange_charge,exchange_charge,True
2779,"நான் நாணயத்தை மாற்ற விரும்பினால், கூடுதல் கட்டணங்கள் இருக்குமா?",exchange_charge,exchange_charge,True
2780,"நான் நாணயத்தை மாற்ற வேண்டியிருந்தால், கூடுதல் கட்டணம் ஏதும் உண்டா?",exchange_charge,exchange_charge,True
2781,அடிக்கடி நாணயங்களை மாற்றுபவர்களுக்கு ஏதேனும் தள்ளுபடிகள் வழங்கப்படுகிறதா என்று நான் அறிய விரும்புகிறேன்?,exchange_charge,exchange_charge,True
2782,நாணயங்களை மாற்றுவதற்கு என்னிடம் கட்டணம் வசூலிக்கப்படுமா?,exchange_charge,exchange_charge,True
2783,நாணய மாற்று கட்டணம் என்ன?,exchange_charge,exchange_charge,True
2784,இந்த அட்டையைப் பயன்படுத்தி நாணயங்களை மாற்றுவதற்கு செலவாகுமா?,exchange_charge,exchange_charge,True
2785,நாணய மாற்றத்திற்கு நீங்கள் எவ்வளவு கட்டணம் வசூலிக்கிறீர்கள்?,exchange_charge,exchange_charge,True
2786,நாணயங்களை மாற்றுவதற்கு ஏதேனும் மறைமுகக் கூடுதல் கட்டணங்கள் உள்ளனவா?,exchange_charge,exchange_charge,True
2787,"நான் பயணம் செய்யும்போது, எனது நாணயத்தை மாற்றுவதற்கு எவ்வளவு செலவாகும்?",exchange_charge,exchange_charge,True
2788,வெளிநாட்டு நாணயத்தை மாற்றுவதற்கு நான் எவ்வளவு செலுத்த வேண்டும்?,exchange_charge,exchange_charge,True
2789,நாணய மாற்று சேவைகளுக்கு பணம் செலவாகுமா?,exchange_charge,exchange_charge,True
2790,நாணயமாற்றுக்கு மேலதிக கட்டணங்கள் ஏதும் உண்டா?,exchange_charge,exchange_charge,True
2791,"நான் அடிக்கடி நாணயங்களை மாற்ற வேண்டியிருக்கும், எனக்கு ஏதேனும் தள்ளுபடி கிடைக்குமா?",exchange_charge,exchange_charge,True
2792,வெளிநாட்டு நாணயமாற்றுக்கு கட்டணம் ஏதும் உண்டா?,exchange_charge,exchange_charge,True
2793,அடிக்கடி நாணயங்களை மாற்றுவதற்கு ஏதேனும் தள்ளுபடி உண்டா?,exchange_charge,exchange_charge,True
2794,நாணயமாற்றுக் கட்டணம் எவ்வளவு?,exchange_charge,exchange_charge,True
2795,எனது நாணயத்தை மாற்ற வேண்டியிருந்தால் கூடுதல் பணம் செலவாகுமா?,exchange_charge,wrong_exchange_rate_for_cash_withdrawal,False
2796,"நான் நாணயங்களை மாற்ற விரும்புகிறேன், ஆனால் அதற்கு மேலதிக கட்டணம் ஏதும் உண்டா?",exchange_charge,exchange_charge,True
2797,நாணயமாற்றுகளுக்கு ஏதேனும் கட்டணம் வசூலிக்கப்படுமா?,exchange_charge,exchange_charge,True
2798,மேலதிக கட்டணங்கள் இன்றி வெளிநாட்டிலிருந்து பணத்தை மாற்ற முடியுமா?,exchange_charge,exchange_charge,True
2799,நாணயம் மாற்றுவதற்கு கட்டணம் வசூலிக்கப்படுமா?,exchange_charge,exchange_charge,True
2800,கணக்கில் பணம் நிரப்புவதற்கு வெளிநாட்டு வங்கி அட்டையைப் பயன்படுத்துவதற்கு கட்டணம் ஏதும் உண்டா?,top_up_by_card_charge,top_up_by_card_charge,True
2801,சர்வதேச அட்டை மூலம் பணம் சேர்ப்பதற்கு ஏதேனும் கட்டணங்கள் உண்டா?,top_up_by_card_charge,top_up_by_card_charge,True
2802,"அமெரிக்காவில் வழங்கப்பட்ட அட்டையைப் பயன்படுத்தியபோது எனக்குக் கட்டணம் வசூலிக்கப்பட்டது. ஏன், மற்றும் பணம் சேர்க்க எந்த அட்டைகள் இலவசமானவை?",top_up_by_card_charge,supported_cards_and_currencies,False
2803,சர்வதேச அட்டை மூலம் பணம் சேர்த்தால் ஏதேனும் மறைமுகக் கட்டணங்கள் உண்டா?,top_up_by_card_charge,top_up_by_card_charge,True
2804,எனது அட்டையில் பணம் நிரப்புவதற்கு எனக்குக் கட்டணம் வசூலிக்கப்படுமா?,top_up_by_card_charge,top_up_by_card_charge,True
2805,அமெரிக்க அட்டைகளில் பணம் நிரப்புவதற்கு கட்டணங்கள் உண்டா?,top_up_by_card_charge,top_up_by_card_charge,True
2806,பணம் நிரப்புவதற்கு கட்டணங்கள் உண்டா?,top_up_by_card_charge,top_up_by_card_charge,True
2807,அமெரிக்க அட்டைகள் மூலம் பணம் நிரப்புவதற்கான கட்டணங்கள் என்ன?,top_up_by_card_charge,top_up_by_card_charge,True
2808,வெளிநாட்டு அட்டை மூலம் பணம் நிரப்புவதற்கு மேலதிக கட்டணம் ஏதும் உண்டா?,top_up_by_card_charge,top_up_by_card_charge,True
2809,பணம் நிரப்புவதற்கு பதிலாக நீங்கள் கட்டணம் வசூலிப்பீர்களா?,top_up_by_card_charge,top_up_by_card_charge,True
2810,"நான் இப்போதுதான் எனது அட்டையில் பணம் நிரப்பினேன், அதற்கு எனக்குக் கட்டணம் வசூலிக்கப்படுமா?",top_up_by_card_charge,top_up_by_card_charge,True
2811,அட்டை மூலம் பணம் நிரப்புவதற்கு எவ்வளவு செலவாகும்?,top_up_by_card_charge,top_up_by_card_charge,True
2812,பணம் நிரப்புவதற்கு வெளிநாட்டு வங்கி அட்டையைப் பயன்படுத்தினால் ஏதேனும் கட்டணங்கள் உண்டா?,top_up_by_card_charge,top_up_by_card_charge,True
2813,பணம் நிரப்புவதற்கான கட்டணங்கள் என்ன?,top_up_by_card_charge,top_up_by_card_charge,True
2814,எனது அட்டையில் பணம் நிரப்புவதற்கான கட்டணம் எவ்வளவு?,top_up_by_card_charge,top_up_by_card_charge,True
2815,அமெரிக்க அட்டை மூலம் பணம் நிரப்ப நான் எவ்வளவு செலுத்த வேண்டியிருக்கும் என எதிர்பார்க்கலாம்?,top_up_by_card_charge,card_delivery_estimate,False
2816,நான் அட்டை மூலம் பணம் நிரப்பினால் என்ன கட்டணம் சேர்க்கப்படும்?,top_up_by_card_charge,top_up_by_card_charge,True
2817,பணம் நிரப்புவதற்கு வெளிநாட்டு வங்கி அட்டையைப் பயன்படுத்தினால் எனக்குக் கட்டணம் வசூலிக்கப்படுமா?,top_up_by_card_charge,top_up_by_card_charge,True
2818,வெளிநாட்டு வங்கி அட்டை மூலம் பணம் நிரப்புவதற்கு ஏதேனும் மேலதிக கட்டணங்கள் இருக்குமா?,top_up_by_card_charge,top_up_by_card_charge,True
2819,பணம் நிரப்புவதற்கு வெளிநாட்டு வங்கி அட்டையைப் பயன்படுத்தினால் எனக்குக் கட்டணம் வசூலிக்கப்படுமா?,top_up_by_card_charge,top_up_by_card_charge,True
2820,நான் பணம் நிரப்புவதற்கு வெளிநாட்டு வங்கி அட்டையைப் பயன்படுத்த விரும்புகிறேன். நான் பணம் செலுத்த வேண்டுமா?,top_up_by_card_charge,top_up_by_card_charge,True
2821,அட்டை மூலம் பணம் நிரப்புவதற்கு எனக்குக் கட்டணம் வசூலிக்கப்படுமா?,top_up_by_card_charge,top_up_by_card_charge,True
2822,பணம் நிரப்புவதற்கு கட்டணம் ஏதும் உண்டா?,top_up_by_card_charge,top_up_by_card_charge,True
2823,பணம் நிரப்புவதற்கு நீங்கள் எவ்வளவு கட்டணம் வசூலிக்கிறீர்கள்?,top_up_by_card_charge,top_up_by_card_charge,True
2824,அமெரிக்க அட்டையில் பணம் நிரப்புவதற்கு ஏதேனும் செலவாகுமா?,top_up_by_card_charge,top_up_by_card_charge,True
2825,எனது அட்டையில் பணம் நிரப்புவதற்கு கட்டணம் உண்டா?,top_up_by_card_charge,top_up_by_card_charge,True
2826,சர்வதேச அட்டை மூலம் பணம் சேர்ப்பதற்கு கட்டணங்கள் உண்டா?,top_up_by_card_charge,top_up_by_card_charge,True
2827,"அமெரிக்க அட்டையைப் பயன்படுத்தும்போது, பணம் நிரப்புவதற்கான செலவு எவ்வளவு?",top_up_by_card_charge,top_up_by_card_charge,True
2828,"நான் பணம் நிரப்புவதற்கு வெளிநாட்டு அட்டையைப் பயன்படுத்த வேண்டும், அதற்கான கட்டணம் என்னவாக இருக்கும்?",top_up_by_card_charge,top_up_by_card_charge,True
2829,பணம் நிரப்புவதற்கு வங்கி அட்டையைப் பயன்படுத்துவது சரியா?,top_up_by_card_charge,top_up_by_card_charge,True
2830,டொப்-அப் செய்வதற்கு ஏதேனும் கட்டணம் உண்டா?,top_up_by_card_charge,top_up_by_card_charge,True
2831,டொப்-அப்களுக்கு ஏதேனும் கட்டணங்கள் உண்டா?,top_up_by_card_charge,top_up_by_card_charge,True
2832,பணம் சேர்ப்பதற்கு சர்வதேச அட்டையைப் பயன்படுத்துவதற்கான கட்டணங்கள் என்ன?,top_up_by_card_charge,top_up_by_card_charge,True
2833,டொப்-அப் செய்வதற்கு வெளிநாட்டு வங்கியைப் பயன்படுத்தினால் ஏதேனும் கட்டணம் அல்லது தள்ளுபடி உண்டா?,top_up_by_card_charge,top_up_by_card_charge,True
2834,டொப்-அப்களுக்கு கட்டணம் ஏதேனும் உண்டா?,top_up_by_card_charge,top_up_by_card_charge,True
2835,சர்வதேச அட்டையைப் பயன்படுத்தி நான் டொப்-அப் செய்யலாமா?,top_up_by_card_charge,top_up_by_card_charge,True
2836,சர்வதேச அட்டையைப் பயன்படுத்தி நான் பணம் சேர்க்க விரும்பினால் என்ன நடக்கும்? எனக்கு ஏதேனும் கட்டணங்கள் ஏற்படுமா?,top_up_by_card_charge,top_up_by_card_charge,True
2837,சர்வதேச அட்டையில் பணம் சேர்ப்பதற்கு ஏதேனும் கூடுதல் கட்டணங்கள் உண்டா?,top_up_by_card_charge,top_up_by_card_charge,True
2838,டொப்-அப்களுக்கான கட்டணங்கள் என்ன?,top_up_by_card_charge,top_up_by_card_charge,True
2839,அமெரிக்க அட்டைகளுக்கான டொப்-அப் கட்டணங்கள் என்ன?,top_up_by_card_charge,top_up_by_card_charge,True
2840,தயவுசெய்து எனது அட்டையைச் செயற்படுத்த முடியுமா?,activate_my_card,activate_my_card,True
2841,"நான் எனது அட்டையைச் செயற்படுத்த வேண்டும், அதை இப்போது செய்ய முடியுமா?",activate_my_card,activate_my_card,True
2842,எனது புதிய அட்டையைச் செயற்படுத்த நான் என்ன செய்ய வேண்டும்?,activate_my_card,activate_my_card,True
2843,எனது புதிய அட்டையை எவ்வாறு செயற்படுத்துவது என்று எனக்குச் சொல்லுங்கள்?,activate_my_card,activate_my_card,True
2844,எனது அட்டையைப் பயன்படுத்தத் தொடங்குவதற்கு அதை நான் எவ்வாறு செயற்படுத்துவது?,activate_my_card,activate_my_card,True
2845,எனது புதிய அட்டையைச் செயற்படுத்த எவ்வளவு நேரம் எடுக்கும்?,activate_my_card,activate_my_card,True
2846,எனது அட்டையைச் செயற்படுத்துவதற்கான சரியான வழி எது?,activate_my_card,activate_my_card,True
2847,"எனது புதிய அட்டை எனக்குக் கிடைத்துவிட்டது, அதை எவ்வாறு செயற்படுத்துவது?",activate_my_card,activate_my_card,True
2848,எனது புதிய அட்டையைப் புதுப்பிப்பதற்கு ஏதேனும் வழி உண்டா?,activate_my_card,card_arrival,False
2849,எனக்குக் கிடைத்த அட்டையை நான் எவ்வாறு செயற்படுத்துவது?,activate_my_card,activate_my_card,True
2850,என்னால் ஏன் எனது அட்டையைச் செயற்படுத்த முடியாமல் உள்ளது?,activate_my_card,activate_my_card,True
2851,அட்டைச் செயற்படுத்தல் செயல்முறை என்ன?,activate_my_card,activate_my_card,True
2852,அட்டை தொலைந்த பிறகு நான் என்ன செய்ய வேண்டும்?,activate_my_card,lost_or_stolen_card,False
2853,"எனது புதிய அட்டை எனக்குக் கிடைத்துவிட்டது, அதைச் செயற்படுத்த நான் எங்கே செல்ல வேண்டும்?",activate_my_card,activate_my_card,True
2854,"நான் எனது அட்டையைப் பயன்படுத்த விரும்புகிறேன், அதற்கு முதலில் அதைச் செயற்படுத்த வேண்டும். இதைச் செய்ய எனக்கு உதவ முடியுமா?",activate_my_card,activate_my_card,True
2855,எனது புதிய அட்டையைச் செயற்படுத்த எனக்கு உதவி தேவை.,activate_my_card,activate_my_card,True
2856,அட்டையை எவ்வாறு செயற்படுத்துவது?,activate_my_card,activate_my_card,True
2857,தயவுசெய்து எனது அட்டையைச் செயற்படுத்துங்கள்.,activate_my_card,activate_my_card,True
2858,"எனது அட்டையைச் செயற்படுத்த முயன்றேன், ஆனால் அது வேலை செய்யவில்லை.",activate_my_card,activate_my_card,True
2859,"எனக்கு இப்போதுதான் அட்டை கிடைத்தது, அதைப் பயன்படுத்த விரும்புகிறேன், எனது அட்டையை எவ்வாறு செயற்படுத்துவது?",activate_my_card,activate_my_card,True
2860,"என்னிடம் ஒரு புதிய அட்டை உள்ளது, அதை நான் செயற்படுத்த விரும்புகிறேன்.",activate_my_card,activate_my_card,True
2861,தயவுசெய்து அட்டைச் செயற்படுத்தலுக்கு எனக்கு உதவுங்கள்.,activate_my_card,activate_my_card,True
2862,எனது அட்டையைச் செயற்படுத்துவதில் எனக்கு உதவி தேவை.,activate_my_card,activate_my_card,True
2863,எனது அட்டையை நான் எவ்வாறு பயன்படுத்தத் தொடங்கலாம்?,activate_my_card,activate_my_card,True
2864,எனது அட்டையைச் செயற்படுத்துதல்.,activate_my_card,activate_my_card,True
2865,எனது அட்டை எப்போது செயற்படுத்தப்படும்?,activate_my_card,activate_my_card,True
2866,எனது அட்டையை நான் எவ்வாறு செயற்படுத்தலாம்?,activate_my_card,activate_my_card,True
2867,எனது புதிய அட்டையைச் செயற்படுத்துவதற்கான படிகள் யாவை?,activate_my_card,activate_my_card,True
2868,எனது புதிய அட்டையை எவ்வாறு செயற்படுத்துவது?,activate_my_card,activate_my_card,True
2869,எனது புதிய அட்டையின் செயற்படுத்தல் செயல்முறை என்ன?,activate_my_card,activate_my_card,True
2870,எனது அட்டையைச் செயற்படுத்துவதற்கு யாராவது உதவி செய்ய முடியுமா?,activate_my_card,activate_my_card,True
2871,எனது அட்டையைச் செயற்படுத்துவதற்கான நடைமுறை என்ன?,activate_my_card,activate_my_card,True
2872,எனது புதிய அட்டையை நான் எவ்வாறு பயன்படுத்துவது?,activate_my_card,activate_my_card,True
2873,"எனக்குப் புதிய அட்டை கிடைத்துள்ளது, ஆனால் அதைச் செயற்படுத்த வேண்டுமா மற்றும் எப்படிச் செய்வது என்று எனக்குத் தெரியவில்லை?",activate_my_card,activate_my_card,True
2874,புதிய அட்டையைச் செயற்படுத்துவதற்கான படிமுறைகள் யாவை?,activate_my_card,activate_my_card,True
2875,"எனது அட்டையை இப்போது பயன்படுத்துவதற்குச் செயற்படுத்த விரும்புகிறேன், எனக்கு உதவ முடியுமா?",activate_my_card,activate_my_card,True
2876,புதிய அட்டையை நான் எவ்வாறு செயற்படுத்துவது?,activate_my_card,activate_my_card,True
2877,"எனக்கு இப்போதுதான் இந்த அட்டை கிடைத்தது, இதை எவ்வாறு செயற்படுத்துவது என்று எனக்குத் தெரியவில்லை.",activate_my_card,activate_my_card,True
2878,எனது புதிய அட்டை எனக்குக் கிடைத்துவிட்டது. அதை நான் எவ்வாறு செயற்படுத்துவது?,activate_my_card,activate_my_card,True
2879,எனது அட்டையைச் செயற்படுத்த நான் என்ன செய்ய வேண்டும்?,activate_my_card,activate_my_card,True
2880,பணம் எடுப்பதற்குச் சில கட்டணங்கள் அறவிடப்பட்டிருப்பதை நான் காண்கிறேன்.,cash_withdrawal_charge,cash_withdrawal_charge,True
2881,நான் பணம் எடுத்தபோது எனக்கு ஏன் மேலதிகக் கட்டணம் அறவிடப்பட்டது?,cash_withdrawal_charge,cash_withdrawal_charge,True
2882,நான் பணம் எடுக்கும்போது எனக்கு ஏன் கட்டணம் அறவிடப்படுகிறது?,cash_withdrawal_charge,cash_withdrawal_charge,True
2883,பணம் எடுத்ததற்காக எனது கணக்கில் அறவிடப்பட்டுள்ள இந்தக் கட்டணம் என்ன?,cash_withdrawal_charge,cash_withdrawal_charge,True
2884,பணம் எடுப்பதற்கு ஏன் கட்டணம் அறவிடப்படுகிறது? இன்று கடைக்குச் சென்று பொருட்கள் வாங்கிய பின்னர் நான் சிறிது பணம் எடுக்கச் சென்றேன். முன்பு இல்லாத ஒரு கட்டணம் இப்போது அறவிடப்பட்டுள்ளது.,cash_withdrawal_charge,cash_withdrawal_charge,True
2885,"பணம் எடுப்பதற்கு நீங்கள் ஏன் கட்டணம் அறவிடுகிறீர்கள்? இன்று மளிகைப் பொருட்கள் வாங்கிய பின்னர் நான் பணம் எடுத்தேன், அங்கே ஒரு புதிய கட்டணம் அறவிடப்பட்டிருப்பது போல் தெரிகிறது.",cash_withdrawal_charge,cash_withdrawal_charge,True
2886,"எனது ஏடிஎம்-இல் பணம் எடுத்ததற்காக எனக்குக் கட்டணம் அறவிடப்பட்டுள்ளது போல் தெரிகிறது. இதற்கு முன்பு இவ்வாறு செய்யும்போது கட்டணம் அறவிடப்படாத நிலையில், இப்போது ஏன் அறவிடப்பட்டுள்ளது?",cash_withdrawal_charge,cash_withdrawal_charge,True
2887,"ஏடிஎம்-இல் பணம் எடுப்பதற்கு இப்போது கட்டணம் உள்ளதா? கடந்த காலத்தில் அவை இலவசமாக இருந்தன, ஆனால் திடீரென்று நான் ஏடிஎம்-இல் பணம் எடுப்பதற்குப் பணம் செலுத்த வேண்டுமா?",cash_withdrawal_charge,cash_withdrawal_charge,True
2888,எடுக்கப்பட்ட பணத்திற்கு ஏன் மேலதிகக் கட்டணம் அறவிடப்பட்டுள்ளது?,cash_withdrawal_charge,cash_withdrawal_charge,True
2889,பணம் எடுத்ததற்காக எனக்கு ஏன் கட்டணம் அறவிடப்பட்டது?,cash_withdrawal_charge,cash_withdrawal_charge,True
2890,எனக்கு ஏன் கட்டணம் அறவிடப்பட்டது?,cash_withdrawal_charge,card_payment_fee_charged,False
2891,இருக்கக் கூடாத ஒரு கட்டணம் எனது பணப் பரிமாற்றத்திற்கு ஏன் அறவிடப்பட்டது?,cash_withdrawal_charge,transfer_fee_charged,False
2892,நான் பணம் எடுத்தபோது ஏன் கட்டணம் செலுத்த வேண்டியிருந்தது?,cash_withdrawal_charge,cash_withdrawal_charge,True
2893,"வணக்கம், எனது கணக்கில் அண்மையில் நடந்த ஒரு பரிவர்த்தனை தொடர்பாக நான் அழைக்கிறேன். நான் அண்மையில் ஏடிஎம்-இற்குச் சென்று, எனது கணக்கிலிருந்து பணம் எடுக்க முயன்றேன். எனது பரிவர்த்தனைச் சீட்டைப் பார்த்தபோது, பணம் எடுத்ததற்கான கட்டணம் அறவிடப்பட்டிருப்பதைக் கவனித்தேன். இதை நான் எவ்வாறு சரிசெய்வது? இந்த வகையான நடவடிக்கைகளுக்குக் கட்டணம் அறவிடப்படும் என்று எனக்குத் தெரியாது.",cash_withdrawal_charge,cash_withdrawal_charge,True
2894,எனது அண்மைய பண எடுப்பிற்கு ஒரு கட்டணம் அறவிடப்பட்டுள்ளது.,cash_withdrawal_charge,cash_withdrawal_charge,True
2895,ஏடிஎம்-இல் பணம் எடுத்ததற்காக எனக்குக் கட்டணம் அறவிடப்பட்டுள்ளது.,cash_withdrawal_charge,cash_withdrawal_charge,True
2896,ஒரு சாதாரண பண எடுப்பிற்குப் பிறகு எனக்கு அறவிடப்பட்ட இந்தக் கட்டணத்திற்கான காரணம் என்ன?,cash_withdrawal_charge,cash_withdrawal_charge,True
2897,"நீங்கள் பணம் எடுப்பதற்குக் கட்டணம் அறவிடத் தொடங்கிவிட்டீர்களா? இதுவரை அது இலவசம் என்று நினைத்தேன், ஆனால் திடீரென்று ஒரு கட்டணம் இருப்பதை அவதானித்தேன். நான் எவ்வளவு செலுத்த வேண்டும்?",cash_withdrawal_charge,cash_withdrawal_charge,True
2898,பணம் எடுப்பதற்கு ஏதேனும் கட்டணம் உண்டா?,cash_withdrawal_charge,cash_withdrawal_charge,True
2899,"பணம் எடுத்ததற்காக எனக்குக் கட்டணம் அறவிடப்பட்டிருப்பதை நான் அவதானித்துள்ளேன், அதற்கான காரணத்தை விளக்க முடியுமா?",cash_withdrawal_charge,cash_withdrawal_charge,True
2900,ஏடிஎம்-ஐப் பயன்படுத்தியதற்காக எனது கணக்கில் ஏன் கட்டணம் அறவிடப்பட்டது?,cash_withdrawal_charge,cash_withdrawal_charge,True
2901,பணம் எடுத்ததற்காக எனது கணக்கில் ஏன் கட்டணம் அறவிடப்பட்டுள்ளது?,cash_withdrawal_charge,cash_withdrawal_charge,True
2902,எனது அண்மைய பண எடுப்புடன் ஒரு ஏடிஎம் கட்டணமும் சேர்க்கப்பட்டுள்ளது.,cash_withdrawal_charge,cash_withdrawal_charge,True
2903,பணம் எடுப்பதற்கு எந்தக் கட்டணமும் இல்லை என்று நான் நினைத்தேன்.,cash_withdrawal_charge,cash_withdrawal_charge,True
2904,நான் பணம் பெற முயன்றபோது எனக்கு ஏன் கட்டணம் அறவிடப்பட்டது?,cash_withdrawal_charge,card_payment_fee_charged,False
2905,"நான் மளிகைக் கடையில் பணம் செலுத்தும்போது, எனக்குப் பணம் தேவை என்பதை உணர்ந்து அதைக் கேட்டேன். இருப்பினும், இந்த பரிவர்த்தனைக்கு ஒரு கட்டணம் இருப்பதை நான் கவனித்தேன். எனக்கு ஏன் கட்டணம் அறவிடப்பட்டது?",cash_withdrawal_charge,card_payment_fee_charged,False
2906,ஏடிஎம்-ஐப் பயன்படுத்தியதால் எனக்கு ஒரு மேலதிகக் கட்டணம் ஏற்பட்டுள்ளது. ஏன்?,cash_withdrawal_charge,cash_withdrawal_charge,True
2907,பணம் எடுத்ததற்காக எனக்கு மேலதிகக் கட்டணம் அறவிடப்பட்டது.,cash_withdrawal_charge,cash_withdrawal_charge,True
2908,கட்டணம் அறவிடப்படாமல் எனது கணக்கிலிருந்து நான் எவ்வளவு பணம் எடுக்கலாம் என்பதற்கு ஏதேனும் எல்லை உண்டா?,cash_withdrawal_charge,cash_withdrawal_charge,True
2909,"பணம் எடுப்பது இலவசம் என்று நான் நினைத்தேன்? எனக்கு ஏன் கட்டணம் அறவிடப்பட்டுள்ளது? மேலும், இந்தக் கட்டணம் எவ்வளவு?",cash_withdrawal_charge,cash_withdrawal_charge,True
2910,"மேலும் கட்டணங்களா, இம்முறை எனது சொந்தப் பணத்தை எடுப்பதற்கா. ஏன் என்னை கொள்ளையடிக்கிறீர்கள்?",cash_withdrawal_charge,cash_withdrawal_charge,True
2911,இதற்கு முன்னர் பணம் எடுப்பதற்கு எனக்கு ஒருபோதும் கட்டணம் விதிக்கப்படவில்லை. அது எப்போது மாறியது?,cash_withdrawal_charge,cash_withdrawal_charge,True
2912,பணம் எடுத்ததற்காக எனக்கு கட்டணம் விதிக்கப்பட்டது.,cash_withdrawal_charge,cash_withdrawal_charge,True
2913,பணம் எடுத்ததற்காக ஏன் எனக்கு கட்டணம் விதித்தீர்கள்?,cash_withdrawal_charge,cash_withdrawal_charge,True
2914,"நான் பணம் எடுத்தேன், அதற்கு கட்டணம் விதிக்கப்பட்டது.",cash_withdrawal_charge,cash_withdrawal_charge,True
2915,"மாதத்தின் முதல் நாளாகவும், சிறிய தொகையை எடுத்திருந்தும் எனக்கு ஏடிஎம் கட்டணம் விதிக்கப்பட்டது. மாதத்திற்கு 200 அனுமதிக்கப்படும் என்று நான் நினைத்தேன்?",cash_withdrawal_charge,cash_withdrawal_charge,True
2916,இந்த ஏடிஎம்மில் எனக்கு தவறான கட்டணம் விதிக்கப்பட்டது.,cash_withdrawal_charge,cash_withdrawal_charge,True
2917,"நான் பணம் எடுத்தபோது, ஏதோவொரு தொழில்நுட்பக் கோளாறினால் எனக்கு கூடுதல் கட்டணம் விதிக்கப்பட்டது என்று நான் உறுதியாக நம்புகிறேன்.",cash_withdrawal_charge,cash_withdrawal_charge,True
2918,"பணம் எடுத்ததற்காக எனது கணக்கில் கட்டணம் வசூலிக்கப்பட்டுள்ளது, இது ஏன் நடந்தது?",cash_withdrawal_charge,cash_withdrawal_charge,True
2919,பணம் எடுப்பதற்கு ஏன் கட்டணம் விதிக்கப்படுகிறது?,cash_withdrawal_charge,cash_withdrawal_charge,True
2920,என்னால் ஒரு புதிய அட்டையை முன்பதிவு செய்து அதனை சீனாவுக்கு அனுப்ப வைக்க முடியுமா?,card_about_to_expire,card_about_to_expire,True
2921,உங்களால் புதிய அட்டையை சீனாவுக்கு அனுப்ப முடியுமா?,card_about_to_expire,card_about_to_expire,True
2922,எனது அட்டையின் காலாவதி தேதி முடியும் போது எனது கணக்கிற்கு என்ன நடக்கும்?,card_about_to_expire,card_about_to_expire,True
2923,எனது அட்டை காலாவதியாகும் போது நான் என்ன செய்ய வேண்டும்?,card_about_to_expire,card_about_to_expire,True
2924,எனது அட்டையின் காலாவதி தேதி நெருங்குகிறது.,card_about_to_expire,card_about_to_expire,True
2925,"எனது அட்டை காலாவதியாகிறது, இப்போது என்ன நடக்கும்?",card_about_to_expire,card_about_to_expire,True
2926,எனது அட்டை காலாவதியாகப் போகிறது. நான் என்ன செய்ய வேண்டும்?,card_about_to_expire,card_about_to_expire,True
2927,புதிய அட்டைக்கு எவ்வளவு காலம் எடுக்கும் மற்றும் எவ்வளவு செலவாகும்?,card_about_to_expire,card_about_to_expire,True
2928,எனது அட்டை விரைவில் காலாவதியாகப் போகிறது என்றால் நான் என்ன செய்ய வேண்டும்?,card_about_to_expire,card_about_to_expire,True
2929,புதிய அட்டை ஒன்றைப் பெறுவதற்கு எவ்வளவு செலவாகும்? என்னுடையது கிட்டத்தட்ட காலாவதியாகிவிட்டது. அது எவ்வளவு விரைவாகக் கிடைக்கும்?,card_about_to_expire,card_about_to_expire,True
2930,"எனது அட்டை காலாவதியாகப் போவதால், புதியதொன்றைப் பெறுவதற்கு நான் என்ன செய்ய வேண்டும்?",card_about_to_expire,card_about_to_expire,True
2931,"எனது அட்டை காலாவதியாகப் போகிறது, புதியதொன்றைப் பெறுவதற்கு எவ்வளவு செலவாகும் மற்றும் எவ்வளவு காலம் எடுக்கும் என்பதை நான் அறிய வேண்டும்.",card_about_to_expire,card_about_to_expire,True
2932,எனது அட்டை காலாவதியாகும் போது நீங்கள் புதிய அட்டையை அனுப்புவீர்களா?,card_about_to_expire,card_about_to_expire,True
2933,எனது அட்டை காலாவதியாகப் போகிறது என்றால் அடுத்த கட்ட நடவடிக்கை என்ன?,card_about_to_expire,card_about_to_expire,True
2934,"எனது அட்டை காலாவதியானதும், நான் என்ன செய்ய வேண்டும்?",card_about_to_expire,card_about_to_expire,True
2935,"எனக்கு ஒரு புதிய அட்டை தேவை, எனது தற்போதைய அட்டை கிட்டத்தட்ட காலாவதியாகிவிட்டது.",card_about_to_expire,card_about_to_expire,True
2936,"எனது அட்டை அடுத்த மாதம் காலாவதியாகிறது போல் தெரிகிறது, நான் புதியதொன்றை முன்பதிவு செய்யலாமா?",card_about_to_expire,card_about_to_expire,True
2937,எனது அட்டை காலாவதியாகப் போகிறது. புதியதொன்றை முன்பதிவு செய்ய எவ்வளவு செலவாகும் மற்றும் அது எனக்கு எவ்வளவு விரைவாகக் கிடைக்கும்?,card_about_to_expire,card_about_to_expire,True
2938,எனது அட்டை காலாவதியாகப் போகும் போது நான் என்ன செய்ய வேண்டும்?,card_about_to_expire,card_about_to_expire,True
2939,"எனக்கு விரைவில் ஒரு புதிய அட்டை தேவைப்படும், நான் எவ்வாறு முன்பதிவு செய்வது?",card_about_to_expire,card_delivery_estimate,False
2940,"புதிய அட்டை ஒன்று தேவைப்படப் போகிறது, அதற்கான கட்டணங்கள் மற்றும் எடுக்கும் காலம் என்ன?",card_about_to_expire,card_about_to_expire,True
2941,எனது அட்டை அடுத்த மாதம் காலாவதியாவதால் நான் புதியதொன்றை முன்பதிவு செய்ய வேண்டுமா?,card_about_to_expire,card_about_to_expire,True
2942,"எனது அட்டை காலாவதியாகும் போது, புதிய அட்டை எனக்கு தபாலில் அனுப்பப்படுமா?",card_about_to_expire,card_about_to_expire,True
2943,தற்போதைய அட்டை காலாவதியாவதற்கு முன்பே புதிய அட்டையை முன்பதிவு செய்ய வேண்டுமா?,card_about_to_expire,card_about_to_expire,True
2944,"எனது அட்டை காலாவதியாகப் போவதால், எனக்கு புதியதொன்று தேவை.",card_about_to_expire,card_about_to_expire,True
2945,எனது அட்டை காலாவதியாவதற்கு மிக அருகில் உள்ளது. நான் எப்போது புதியதொன்றை முன்பதிவு செய்யலாம் மற்றும் அதனை எவ்வாறு செய்வது?,card_about_to_expire,card_about_to_expire,True
2946,"நான் ஒரு புதிய அட்டையை முன்பதிவு செய்ய வேண்டும், என்னுடையது காலாவதியாகப் போகிறது, அதற்கு எவ்வளவு செலவாகும் மற்றும் அது எனக்குக் கிடைக்க எவ்வளவு காலம் எடுக்கும் என்பதை நான் அறிய வேண்டும்.",card_about_to_expire,card_about_to_expire,True
2947,அட்டை காலாவதியாவதற்கு முன்பு புதியதொன்றை எவ்வாறு முன்பதிவு செய்வது?,card_about_to_expire,card_about_to_expire,True
2948,நான் சீனாவில் இருக்கும்போது புதிய அட்டையைப் பெற முடியுமா?,card_about_to_expire,card_about_to_expire,True
2949,"அடுத்த மாதம் எனது அட்டை காலாவதியாகும், நான் புதியதொன்றை முன்பதிவு செய்ய வேண்டுமா?",card_about_to_expire,card_about_to_expire,True
2950,எனது அட்டையின் காலாவதித் திகதி நெருங்கிக் கொண்டிருக்கின்றது.,card_about_to_expire,card_about_to_expire,True
2951,விரைவில் காலாவதியாகவுள்ள பழைய அட்டைக்குப் பதிலாக ஒரு புதிய அட்டையை எவ்வளவு சீக்கிரம் பெற முடியும்?,card_about_to_expire,card_about_to_expire,True
2952,எனது பழைய அட்டை காலாவதியாகப் போவதால் எனக்கு ஒரு புதிய அட்டை தேவைப்படுகிறது.,card_about_to_expire,card_about_to_expire,True
2953,எனது அட்டை காலாவதியாகப் போகிறது.,card_about_to_expire,card_about_to_expire,True
2954,"எனது அட்டை விரைவில் காலாவதியாகிறது. மாற்று அட்டைக்கு எவ்வளவு செலவாகும், அதை நான் எவ்வளவு சீக்கிரம் பெறலாம்?",card_about_to_expire,card_about_to_expire,True
2955,"காலாவதியான அட்டைக்கு மாற்றாகப் புதிய அட்டை பெறுவதற்கான கட்டணம் என்ன, அதை நான் பெற்றுக்கொள்ள எவ்வளவு காலம் எடுக்கும்?",card_about_to_expire,card_about_to_expire,True
2956,"சீனாவில் இருக்கிறேன், புதிய அட்டை தேவைப்படுகிறது",card_about_to_expire,card_about_to_expire,True
2957,"எனது அட்டை காலாவதியாகப் போகிறது என்றால், நான் புதிய ஒன்றை ஓடர் செய்ய வேண்டுமா?",card_about_to_expire,card_about_to_expire,True
2958,எனது அட்டை காலாவதியாகப் போகிறது. நான் எவ்வாறு புதிய ஒன்றை பெறுவது?,card_about_to_expire,card_about_to_expire,True
2959,பழைய அட்டைக்கு பதிலாக புதிய அட்டை பெறுவதற்கான செலவு மற்றும் அதை நான் எப்போது பெற்றுக்கொள்வேன் என்பதை நான் அறிய வேண்டும்.,card_about_to_expire,card_about_to_expire,True
2960,Apple Watch இல் டொப்-அப் (top up) செய்யும் வசதி உள்ளதா?,apple_pay_or_google_pay,apple_pay_or_google_pay,True
2961,டொப்-அப் செய்வதற்கு நான் Google Pay முறையைப் பயன்படுத்தலாமா?,apple_pay_or_google_pay,apple_pay_or_google_pay,True
2962,எனது Google Pay டொப்-அப் வேலை செய்யவில்லை,apple_pay_or_google_pay,apple_pay_or_google_pay,True
2963,Apple Pay மூலம் நான் பணம் சேர்க்க முடியுமா?,apple_pay_or_google_pay,apple_pay_or_google_pay,True
2964,டொப்-அப் செய்ய எனது Apple Watch ஐப் பயன்படுத்தலாமா?,apple_pay_or_google_pay,apple_pay_or_google_pay,True
2965,Apple Pay இல் டொப்-அப் செய்வதற்கான தெரிவு உள்ளதா?,apple_pay_or_google_pay,apple_pay_or_google_pay,True
2966,எனது Google Pay இல் டொப்-அப் வேலை செய்யவில்லை.,apple_pay_or_google_pay,apple_pay_or_google_pay,True
2967,Apple Pay மூலம் டொப்-அப் செய்ய முடியுமா?,apple_pay_or_google_pay,apple_pay_or_google_pay,True
2968,Apple Pay ஐப் பயன்படுத்துவதற்கு நான் அதை செட்டப் செய்ய வேண்டுமா?,apple_pay_or_google_pay,apple_pay_or_google_pay,True
2969,டொப்-அப் செய்ய நான் Apple Pay ஐப் பயன்படுத்தலாமா?,apple_pay_or_google_pay,apple_pay_or_google_pay,True
2970,எனது Google Pay ஐ நான் எவ்வாறு டொப்-அப் செய்வது?,apple_pay_or_google_pay,apple_pay_or_google_pay,True
2971,டொப்-அப் செய்வதற்கு Google Play இல் செயலி (app) உள்ளதா?,apple_pay_or_google_pay,apple_pay_or_google_pay,True
2972,"எனது American Express அட்டையைப் பெற்றுக்கொண்டேன், ஆனால் அதை Apple Pay உடன் இணைத்து பயன்படுத்துவதில் சிக்கல் உள்ளது. இந்தச் சிக்கலைத் தீர்க்க எனக்கு உதவ முடியுமா?",apple_pay_or_google_pay,apple_pay_or_google_pay,True
2973,Apple Pay டொப்-அப் செய்வதற்கு தகுதியானதா?,apple_pay_or_google_pay,apple_pay_or_google_pay,True
2974,எனது கணக்கை டொப்-அப் செய்ய Apple Pay உடன் எனது American Express ஐ ஏன் பயன்படுத்த முடியாது?,apple_pay_or_google_pay,apple_pay_or_google_pay,True
2975,எனது Apple Watch மூலம் நான் எவ்வாறு பணம் சேர்ப்பது?,apple_pay_or_google_pay,apple_pay_or_google_pay,True
2976,"நான் டொப்-அப் செய்ய விரும்பினால், Apple Pay ஐப் பயன்படுத்தலாமா?",apple_pay_or_google_pay,apple_pay_or_google_pay,True
2977,நான் Apple Pay மூலம் டொப்-அப் செய்ய முடியுமா?,apple_pay_or_google_pay,apple_pay_or_google_pay,True
2978,"எனது American Express அட்டையை Apple Pay இல் டொப்-அப் செய்யும்போது சிக்கல் ஏற்படுகிறது, உங்களால் இதைச் சரிசெய்ய முடியுமா?",apple_pay_or_google_pay,apple_pay_or_google_pay,True
2979,Apple Pay இல் எனது டொப்-அப் வேலை செய்யவில்லை.,apple_pay_or_google_pay,apple_pay_or_google_pay,True
2980,Apple Pay ஒரு டொப்-அப் தெரிவாக இருக்க முடியுமா?,apple_pay_or_google_pay,apple_pay_or_google_pay,True
2981,எனது Google Pay ஐ எவ்வாறு டொப்-அப் செய்வது என்று எனக்குத் தெரியவில்லை.,apple_pay_or_google_pay,apple_pay_or_google_pay,True
2982,எனது Apple Watch இலிருந்து நான் டொப்-அப் செய்ய முடியுமா?,apple_pay_or_google_pay,apple_pay_or_google_pay,True
2983,டொப்-அப் செய்ய Apple Pay இல் சேமிக்கப்பட்டுள்ள எனது American Express ஐப் பயன்படுத்தலாமா?,apple_pay_or_google_pay,apple_pay_or_google_pay,True
2984,Apple Pay அதிக செலவுடையதா?,apple_pay_or_google_pay,apple_pay_or_google_pay,True
2985,Google Pay மூலம் நான் எவ்வாறு டொப்-அப் செய்வது?,apple_pay_or_google_pay,apple_pay_or_google_pay,True
2986,Apple Pay உடன் எனது American Express ஐப் பயன்படுத்தி எனது கணக்கை டொப்-அப் செய்ய முடியவில்லை.,apple_pay_or_google_pay,apple_pay_or_google_pay,True
2987,"எனது American Express ஐ Apple Pay இல் இணைத்துள்ளேன், ஏன் டொப்-அப் வேலை செய்யவில்லை?",apple_pay_or_google_pay,apple_pay_or_google_pay,True
2988,எனது American Express ஐ Apple Pay இல் இணைத்துள்ளேன் ஆனால் டொப்-அப் வேலை செய்யவில்லை,apple_pay_or_google_pay,apple_pay_or_google_pay,True
2989,நான் எவ்வாறு டொப்-அப் செய்வது? எனது Apple Watch ஐப் பயன்படுத்தலாமா?,apple_pay_or_google_pay,apple_pay_or_google_pay,True
2990,எனது கணக்கில் பணம் போடுவதற்கு Apple Pay ஐப் பயன்படுத்த முடியுமா?,apple_pay_or_google_pay,apple_pay_or_google_pay,True
2991,"எனது American Express கார்ட் Apple Pay இல் உள்ளது, ஆனால் டொப்-அப் தோல்வியடைகிறது, ஏன்?",apple_pay_or_google_pay,apple_pay_or_google_pay,True
2992,எனது Apple Watch ஐப் பயன்படுத்தி எனது கணக்கை எவ்வாறு டொப்-அப் செய்வது?,apple_pay_or_google_pay,apple_pay_or_google_pay,True
2993,டொப்-அப் செய்வதற்கு Google Pay ஐப் பயன்படுத்த முடியுமா?,apple_pay_or_google_pay,apple_pay_or_google_pay,True
2994,எனது Apple Watch இல் டொப்-அப் வசதியை எவ்வாறு வேலை செய்ய வைப்பது?,apple_pay_or_google_pay,apple_pay_or_google_pay,True
2995,Google Pay டொப்-அப் பிரச்சினையை நான் எவ்வாறு சரிசெய்வது?,apple_pay_or_google_pay,apple_pay_or_google_pay,True
2996,Apple Pay மூலம் நான் எவ்வாறு டொப்-அப் செய்வது?,apple_pay_or_google_pay,apple_pay_or_google_pay,True
2997,ApplePay இல் சேமிக்கப்பட்டுள்ள எனது American Express ஐப் பயன்படுத்தி ஏன் டொப்-அப் செய்ய முடியாமல் உள்ளது?,apple_pay_or_google_pay,apple_pay_or_google_pay,True
2998,எனது Apple Watch உடன் டொப்-அப் செயலியை எவ்வாறு பயன்படுத்துவது?,apple_pay_or_google_pay,apple_pay_or_google_pay,True
2999,"Google Pay மற்றும் டொப்-அப், எனக்கு அது வேண்டும், அதை நான் பெற முடியுமா?",apple_pay_or_google_pay,apple_pay_or_google_pay,True
3000,எனது அடையாளத்தை உறுதிப்படுத்த நான் எதைப் பயன்படுத்தலாம்?,verify_my_identity,verify_my_identity,True
3001,எனது அடையாளத்தை உறுதிப்படுத்த உங்களுக்கு என்ன தேவை?,verify_my_identity,verify_my_identity,True
3002,"நான் எனது அடையாளத்தை உறுதிப்படுத்த வேண்டும், ஆனால் அதை எவ்வாறு செய்வது?",verify_my_identity,verify_my_identity,True
3003,எனது அடையாளத்தை நான் எவ்வாறு உறுதிப்படுத்துவது?,verify_my_identity,verify_my_identity,True
3004,எனது அடையாளத்தை நிரூபிக்க என்ன தேவை?,verify_my_identity,unable_to_verify_identity,False
3005,எனது அடையாளச் சோதனைக்கு உங்களுக்கு என்ன தேவை?,verify_my_identity,verify_my_identity,True
3006,நீங்கள் ஒரு அடையாளத்தை எவ்வாறு உறுதிப்படுத்துகிறீர்கள்?,verify_my_identity,verify_my_identity,True
3007,அடையாள உறுதிப்படுத்தலுக்கு உங்களுக்கு ஏதேனும் குறிப்பிட்ட வகை தேவைப்படுகிறதா?,verify_my_identity,verify_my_identity,True
3008,எனது அடையாளத்தை உறுதிப்படுத்த வேண்டும் என்று எனக்கு ஒரு செய்தி வந்தது; நான் என்ன செய்ய வேண்டும்?,verify_my_identity,verify_my_identity,True
3009,அடையாளச் சோதனைக்கு ஏதேனும் ஆவணங்கள் தேவையா?,verify_my_identity,verify_my_identity,True
3010,எனது அடையாளத்தை உறுதிப்படுத்த நான் என்ன படிகளைப் பின்பற்ற வேண்டும்?,verify_my_identity,verify_my_identity,True
3011,எனது அடையாளத்தை உறுதிப்படுத்த எனக்கு என்ன தேவை?,verify_my_identity,verify_my_identity,True
3012,நான் எனது அடையாளத்தை உறுதிப்படுத்த வேண்டும்,verify_my_identity,why_verify_identity,False
3013,அடையாள உறுதிப்படுத்தலுக்கு எனக்கு சில உதவிகள் தேவை.,verify_my_identity,unable_to_verify_identity,False
3014,அடையாள உறுதிப்படுத்தலுக்கான செயல்முறை என்ன?,verify_my_identity,unable_to_verify_identity,False
3015,எனது அடையாளத்தை எவ்வாறு உறுதிப்படுத்துவது என்று நான் அறிய விரும்புகிறேன்.,verify_my_identity,verify_my_identity,True
3016,அடையாளச் சோதனைக்கு எனக்கு என்ன வகையான ஆவணங்கள் தேவை?,verify_my_identity,verify_my_identity,True
3017,அடையாளச் சோதனைகளுக்கான படிகளை எனக்குத் தெரியப்படுத்துங்கள்,verify_my_identity,verify_my_identity,True
3018,எனது அடையாளத்தை உறுதிப்படுத்த நான் என்ன செய்ய வேண்டும்?,verify_my_identity,verify_my_identity,True
3019,எனது அடையாளத்தை உறுதிப்படுத்துவதற்கான படிகள் யாவை?,verify_my_identity,verify_my_identity,True
3020,எனது அடையாளம் எவ்வாறு உறுதிப்படுத்தப்படுகிறது?,verify_my_identity,why_verify_identity,False
3021,எனது அடையாளத்தை உறுதிப்படுத்த எனக்கு என்னென்ன பொருட்கள் தேவை?,verify_my_identity,verify_my_identity,True
3022,எனது அடையாளத்தை உறுதிப்படுத்த நான் என்ன படிகளை மேற்கொள்ள வேண்டும்?,verify_my_identity,verify_my_identity,True
3023,எனது அடையாளத்தை ஆன்லைனில் உறுதிப்படுத்த முடியுமா?,verify_my_identity,why_verify_identity,False
3024,எனது சுயவிவரத்தின் விபரங்கள் எனது ஆவணங்களுடன் பொருந்த வேண்டுமா?,verify_my_identity,edit_personal_details,False
3025,எனது அடையாளத்தை நான் எங்கே உறுதிப்படுத்துவது?,verify_my_identity,verify_my_identity,True
3026,"எனது அடையாளத்தை சோதிக்கும் போது, அதில் உள்ள படிகள் யாவை?",verify_my_identity,verify_my_identity,True
3027,அடையாளச் சோதனைக்கு எனக்கு ஏதேனும் தேவையா?,verify_my_identity,verify_my_identity,True
3028,அடையாளச் சோதனைக்கு எனக்கு எந்த வகையான ஆவணங்கள் தேவை?,verify_my_identity,verify_my_identity,True
3029,எனது அடையாளத்தை உறுதிப்படுத்துவதற்கு நான் எவ்வாறு தொடர வேண்டும்?,verify_my_identity,verify_my_identity,True
3030,எனது அடையாளத்தை உறுதிப்படுத்த நான் என்ன செய்ய வேண்டும்?,verify_my_identity,verify_my_identity,True
3031,எனது அடையாளத்தை நான் உறுதிப்படுத்துவதற்கு உங்களுக்கு என்ன தேவை?,verify_my_identity,verify_my_identity,True
3032,நான் யார் என்று காட்டுவதற்கு எனக்கு என்ன தேவை?,verify_my_identity,verify_my_identity,True
3033,அடையாளச் சோதனைக்கு எனக்கு ஏதேனும் ஆவணங்கள் தேவையா?,verify_my_identity,verify_my_identity,True
3034,அடையாள உறுதிப்படுத்தலுக்கு எனக்கு என்ன தேவைப்படும்?,verify_my_identity,verify_my_identity,True
3035,நான் யார் என்று உறுதிப்படுத்த ஏதேனும் வழி இருக்கிறதா?,verify_my_identity,why_verify_identity,False
3036,அடையாளச் சோதனைக்கு ஏதேனும் ஆவணங்கள் தேவையா?,verify_my_identity,verify_my_identity,True
3037,அடையாளச் சோதனைக்காக நான் என்னவெல்லாம் காட்ட வேண்டும்?,verify_my_identity,verify_my_identity,True
3038,அடையாளச் சோதனைக்கு நான் என்ன செய்ய வேண்டும்?,verify_my_identity,verify_my_identity,True
3039,எனது அடையாளத்தை உறுதிப்படுத்த நான் என்ன செய்ய வேண்டும்?,verify_my_identity,verify_my_identity,True
3040,"நான் அமெரிக்காவில் வசிக்கிறேன், ஆனால் ஒரு கார்ட் பெற விரும்புகிறேன்.",country_support,country_support,True
3041,உங்கள் கார்ட்கள் இலங்கையில் கிடைக்கின்றனவா?,country_support,country_support,True
3042,நான் ஐரோப்பிய ஒன்றியத்தைச் சேர்ந்தவராக இருந்தால் உங்கள் செயலியைப் பயன்படுத்தலாமா?,country_support,country_support,True
3043,எந்தெந்த நாடுகளுக்கு ஆதரவு வழங்கப்படுகிறது?,country_support,country_support,True
3044,"நான் அமெரிக்காவில் வசிக்கிறேன், எனக்கும் கார்ட் கிடைக்குமா?",country_support,country_support,True
3045,இலங்கைக்கு வெளியே என்னால் ஒரு கார்ட் பெற முடியுமா?,country_support,country_support,True
3046,"நான் இலங்கையில் இல்லை, எனக்கும் கார்ட் கிடைக்குமா?",country_support,country_support,True
3047,"நான் இலங்கையில் இல்லை, நான் இன்னும் ஒரு கார்ட் பெற முடியுமா?",country_support,country_support,True
3048,"இப்போது நான் அமெரிக்காவில் வசிப்பதால், நான் எப்படி ஒரு கார்ட் பெறலாம்?",country_support,country_support,True
3049,ஐரோப்பிய ஒன்றியத்தில் உங்கள் கார்ட்களில் ஒன்றை நான் பெற முடியுமா?,country_support,country_support,True
3050,நான் இலங்கையில் இல்லை என்ற போதிலும் என்னால் ஒரு கார்ட் பெற முடியுமா?,country_support,country_support,True
3051,ஆதரவைப் பெறுவதற்கு நான் எங்கே வசிக்க வேண்டும்?,country_support,country_support,True
3052,நீங்கள் ஐரோப்பிய ஒன்றியத்திற்கு ஆதரவு வழங்குகிறீர்களா?,country_support,country_support,True
3053,நான் அமெரிக்காவில் இருந்தால் கார்டை எவ்வாறு பெறுவது?,country_support,country_support,True
3054,"தயவுசெய்து எனக்கு ஒரு புதிய கார்ட் பெற உதவுங்கள், நான் அமெரிக்காவில் வசிக்கிறேன்.",country_support,country_support,True
3055,நான் இலங்கையில் இல்லாவிட்டால் கார்ட் பெற முடியுமா?,country_support,country_support,True
3056,எனது நாட்டுக்கு ஆதரவு உள்ளதா?,country_support,country_support,True
3057,எந்தெந்த நாடுகளில் இருந்து நான் இந்த தயாரிப்பைப் பயன்படுத்தலாம்?,country_support,country_support,True
3058,உங்கள் கிளைகள் இருக்கும் இடங்களை நான் எங்கே கண்டறியலாம்?,country_support,atm_support,False
3059,நான் இலங்கைக்கு வெளியே வசித்தாலும் கார்ட் பெற முடியுமா?,country_support,country_support,True
3060,"நான் ஐரோப்பிய ஒன்றியத்தைச் சேர்ந்தவன், நான் பதிவு செய்யலாமா?",country_support,country_support,True
3061,"நான் இலங்கையில் கார்டைப் பெற்று பயன்படுத்த விரும்புகிறேன், அது சாத்தியமா?",country_support,country_support,True
3062,நீங்கள் எந்தெந்த நாடுகளுக்கு ஆதரவு வழங்குகிறீர்கள்?,country_support,country_support,True
3063,நீங்கள் தற்போது எந்தெந்த நாடுகளில் இருக்கிறீர்கள்?,country_support,country_support,True
3064,நீங்கள் எந்தெந்த இடங்களில் இருக்கிறீர்கள்?,country_support,fiat_currency_support,False
3065,நீங்கள் எந்தெந்த நாடுகளில் செயல்படுகிறீர்கள் என்று எனக்குச் சொல்ல முடியுமா?,country_support,country_support,True
3066,"எனக்கு ஒரு கார்ட் தேவை, ஆனால் நான் தற்போது அமெரிக்காவில் இருக்கிறேன்.",country_support,country_support,True
3067,எனது கார்ட் எந்தெந்த நாடுகளில் ஆதரிக்கப்படும்?,country_support,country_support,True
3068,நீங்கள் செயல்படும் நாடுகளின் பட்டியல் உங்களிடம் உள்ளதா?,country_support,country_support,True
3069,நீங்கள் எந்தெந்த நாடுகளில் வணிகம் செய்கிறீர்கள்?,country_support,country_support,True
3070,நான் இலங்கையில் வசிக்கவில்லை. இருந்தாலும் எனக்கு ஒரு கார்ட் பெற முடியுமா?,country_support,country_support,True
3071,நீங்கள் எங்கு சேவை வழங்குகிறீர்கள்?,country_support,country_support,True
3072,ஐரோப்பிய ஒன்றியத்தில் (EU) எனக்கு ஒரு கார்ட் பெற முடியுமா?,country_support,country_support,True
3073,தற்போது நீங்கள் எந்த நாடுகளில் வணிகம் செய்கிறீர்கள்?,country_support,country_support,True
3074,"நான் இலங்கையில் இல்லை, எனக்கு ஒரு கார்ட் பெற முடியுமா?",country_support,country_support,True
3075,"நான் இலங்கையில் இல்லாவிட்டால், எனக்கு இன்னும் ஒரு கார்ட் பெற முடியுமா?",country_support,country_support,True
3076,நீங்கள் எத்தனை நாடுகளுக்கு சேவை வழங்குகிறீர்கள்?,country_support,country_support,True
3077,நீங்கள் எந்த நாடுகளில் வணிகம் செய்கிறீர்கள்?,country_support,country_support,True
3078,நீங்கள் இயங்கும் நாடுகள் எவை?,country_support,country_support,True
3079,கார்ட்டை இலங்கைக்கு தபாலில் அனுப்பி அங்கு பயன்படுத்த முடியுமா?,country_support,country_support,True
