id,text,true_label,predicted_label,correct
0,මගේ කාඩ් එක කොහෙද කියලා දැනගන්නේ කොහොමද?,card_arrival,card_arrival,True
1,"මම ඕඩර් කරලා සතියකටත් වඩා වෙනවා, තාම මගේ අලුත් කාඩ් එක හම්බුනේ නෑ.",card_arrival,card_arrival,True
2,මම කාඩ් එකක් ඕඩර් කළා ඒත් තාම ආවේ නෑ. ප්ලීස් උදව් කරන්නකෝ!,card_arrival,card_arrival,True
3,මගේ කාඩ් එක එන්නේ කවදද කියලා දැනගන්න විදියක් තියෙනවද?,card_arrival,card_arrival,True
4,මගේ කාඩ් එක තාම ආවේ නෑ.,card_arrival,card_arrival,True
5,මම කාඩ් එක ලබාගන්නේ කවදද?,card_arrival,card_delivery_estimate,False
6,ඔයාලා එවපු අලුත් කාඩ් එකට ට්‍රැකින් නම්බරයක් තියෙනවද කියලා දන්නවද?,card_arrival,card_arrival,True
7,මට මගේ කාඩ් එක ලැබුනේ නෑ,card_arrival,card_delivery_estimate,False
8,තාම ඒ කාඩ් එක බලාගෙන ඉන්නවා,card_arrival,card_arrival,True
9,අලුත් කාඩ් එකක් සඳහා සතියකටත් වඩා ඉන්න ඕනේ කියන්නේ නෝමල් එකක්ද?,card_arrival,card_arrival,True
10,මගේ කාඩ් එක ට්‍රැක් කරන්නේ කොහොමද?,card_arrival,card_arrival,True
11,කාඩ් එකක් ඩිලිවරි වෙන්න කොච්චර වෙලා යනවද?,card_arrival,card_delivery_estimate,False
12,සති 2ක් ගියත් මට තාම කාඩ් එක නෑ. මම මොකද කරන්න ඕනේ?,card_arrival,card_arrival,True
13,තාම මගේ අලුත් කාඩ් එක බලාගෙන ඉන්නවා,card_arrival,card_arrival,True
14,සතියක් ගියත් තාම මම කාඩ් එක බලාගෙන ඉන්නවා. මේක හරිද?,card_arrival,card_arrival,True
15,"මම හිතුවට වඩා වැඩි කාලයක් මගේ බැංකු කාඩ් එක බලාගෙන ඉන්නවා, ඒක එන්නේ කවදද කියලා මට කියන්නකෝ?",card_arrival,card_delivery_estimate,False
16,මම හිතුවට වඩා වැඩි කාලයක් මගේ කාඩ් එක බලාගෙන ඉන්නවා.,card_arrival,card_payment_wrong_exchange_rate,False
17,මගේ කාඩ් එක ඩිලිවර් වුනේ නැත්තේ ඇයි?,card_arrival,card_arrival,True
18,මගේ අලුත් කාඩ් එක කොහෙද? මම සතියක් ඉඳලා බලාගෙන ඉන්නවා!,card_arrival,card_arrival,True
19,සති 2ක් ගියත් මගේ කාඩ් එක තාම ආවේ නෑ. ඒක නැති වෙලාද?,card_arrival,card_arrival,True
20,"මට තාම කාඩ් එක ලැබුනේ නෑ, ඒක නැති වෙලාද?",card_arrival,card_arrival,True
21,මම ඕඩර් කරපු කාඩ් එකේ status එක මොකක්ද?,card_arrival,card_arrival,True
22,මගේ අලුත් කාඩ් එක එන්න කොච්චර වෙලා යනවද?,card_arrival,card_arrival,True
23,"මම කාඩ් එක ඕඩර් කරලා සති 2ක් වුනා, තාම එකේ නෑ? මම මොකද කරන්න ඕනේ?",card_arrival,card_arrival,True
24,"මගේ කාඩ් එක තාම ආවේ නෑ, ඒක කොහෙද?",card_arrival,card_arrival,True
25,එවපු මගේ කාඩ් එකේ ට්‍රැකින් නම්බරය මොකක්ද?,card_arrival,card_arrival,True
26,"මට තාම කාඩ් එක ලැබුනේ නැති නිසා, ඩිලිවරි එකේ මොකක් හරි වැරැද්දක් වෙලා ඇති කියලා මට හිතෙනවා.",card_arrival,card_arrival,True
27,"මම තාම මගේ අලුත් කාඩ් එකේ ඩිලිවරි එක බලාගෙන ඉන්නවා, ඇයි මේ තරම් වෙලා යන්නේ?",card_arrival,card_arrival,True
28,"මම කාඩ් එකක් ඕඩර් කරලා සතියක් වුනා, තාම එකේ නෑ. මම මොකද කරන්න ඕනේ?",card_arrival,card_arrival,True
29,ඔයාලා එවපු කාඩ් එක ට්‍රැක් කරන්න මට ඕනේ,card_arrival,card_arrival,True
30,මගේ කාඩ් එක තාම ලැබිලා නෑ.,card_arrival,card_arrival,True
31,"මම මගේ අලුත් කාඩ් එක බලාගෙන හිටියා, තාම ලැබුනේ නැත්තේ ඇයි කියලා හිතෙනවා?",card_arrival,card_arrival,True
32,මගේ කාඩ් එක එන්නේ කවදද කියලා දැනගන්නේ කොහොමද?,card_arrival,card_delivery_estimate,False
33,මම තාම මගේ කාඩ් එක ඩිලිවර් වෙනකන් බලාගෙන ඉන්නවා.,card_arrival,card_arrival,True
34,ඔයාලා එවපු කාඩ් එක ට්‍රැක් කරන්න විදියක් තියෙනවද?,card_arrival,card_arrival,True
35,"මම කාඩ් එකක් ඕඩර් කළා, තාම ලැබුනේ නෑ. සති 2ක් වුනා. මම මොකද කරන්න පුළුවන්?",card_arrival,card_arrival,True
36,"මගේ කාඩ් එක තාම ආවේ නැති නිසා, ඒක නැති වෙලාද කියලා මට හිතෙන්න පටන් අරන්. උදව් කරන්නකෝ?",card_arrival,lost_or_stolen_card,False
37,ට්‍රැකින් තොරතුරු තියෙනවද?,card_arrival,card_arrival,True
38,ඔයාලා එවපු කාඩ් එකේ ට්‍රැකින් නම්බරය මොකක්ද?,card_arrival,card_arrival,True
39,ඔයාලා මට එවපු කාඩ් එකේ ට්‍රැකින් නම්බරය කොහෙද?,card_arrival,card_arrival,True
40,මගේ කාඩ් එක ඇප් එකේ පේන්නේ නැත්තේ ඇයි?,card_linking,card_linking,True
41,මට මගේ කාඩ් එක reactivate කරගන්න ඕනේ.,card_linking,card_delivery_estimate,False
42,අලුත් කාඩ් එක ලින්ක් කරන්නේ කොහෙද?,card_linking,card_linking,True
43,"මට කාඩ් එක ලැබුනා, ඒක ඇප් එකට දාන්න උදව් කරන්නකෝ?",card_linking,card_linking,True
44,දැනටමත් මගේ ළඟ තියෙන කාඩ් එකක් ලින්ක් කරන්නේ කොහොමද?,card_linking,card_linking,True
45,"මට අලුත් කාඩ් එක ලැබුනා, ඒත් ඇප් එකේ කොහෙවත් පේන්නේ නෑ. මම මොකද කරන්න ඕනේ?",card_linking,card_linking,True
46,කාඩ් එකක් ආයෙත් ඇප් එකට දාන්නේ කොහොමද?,card_linking,card_linking,True
47,කාඩ් එක මගේ account එකට දාන්නේ කොහොමද?,card_linking,card_linking,True
48,මගේ පරණ කාඩ් එක ආයෙත් සිස්ටම් එකට දාන්න පුළුවන්ද? මම ඒක දැන් තමයි හම්බුනේ.,card_linking,card_linking,True
49,"මට දැනටමත් ඔයාලගේ කාඩ් එකක් තියෙනවා, ඒක ලින්ක් කරන්නේ කොහොමද?",card_linking,card_linking,True
50,අලුත් කාඩ් එකක් ලින්ක් කරන්නේ කොහොමද?,card_linking,card_linking,True
51,දැනටමත් තියෙන කාඩ් එකක් ලින්ක් කරන්න පුළුවන්ද?,card_linking,card_linking,True
52,මට දැනටමත් ඔයාලගේ කාඩ් එකක් තියෙනවා නම් ඒක ලින්ක් කරන්නේ කොහොමද?,card_linking,card_linking,True
53,කාඩ් එකක් ඇප් එකට දාන්නේ කොහොමද?,card_linking,card_linking,True
54,මගේ අලුත් කාඩ් එක ලින්ක් කරන්න පුළුවන්ද?,card_linking,card_linking,True
55,"හලෝ, මට නැති වුන කාඩ් එක හම්බුනා, ඒක reactivate කරගන්න ඕනේ, ඒක කරන්නේ කොහොමද?",card_linking,card_linking,True
56,මට දැනටමත් තියෙන ඔයාලගේ කාඩ් එකක් ලින්ක් කරන්නේ කොහොමද කියලා කියන්නකෝ?,card_linking,card_linking,True
57,මට ලැබුන කාඩ් එක ඇප් එකේ බලන්නේ කොහොමද?,card_linking,card_linking,True
58,මගේ කාඩ් එක ලින්ක් කරන්න වෙබ්සයිට් එකේ කොහෙට යන්න ඕනේද?,card_linking,card_linking,True
59,"මගේ කාඩ් එක හම්බුනා, ඒක ඇප් එකට දාන්න පුළුවන්ද?",card_linking,card_linking,True
60,මගේ credit card එක ඔයාලා එක්ක ලින්ක් කරන්නේ කොහොමද?,card_linking,card_linking,True
61,"මට කාඩ් එක ලැබුනා, දැන් ඒක ඇප් එකට sync කරන්නේ කොහොමද කියලා දැනගන්න ඕනේ.",card_linking,card_linking,True
62,"මගේ කාඩ් එක හම්බුනා, ඒක reactivate කරගන්න ඕනේ.",card_linking,card_linking,True
63,මේ අලුත් කාඩ් එක ලින්ක් කරන්නේ කොහොමද?,card_linking,card_linking,True
64,අද උදේ මගේ ජැකට් එකේ පොකට් එකේදි හම්බුන නැති වුන කාඩ් එක reactivate කරගන්න පුළුවන්ද?,card_linking,card_linking,True
65,දැනටමත් තියෙන කාඩ් එකක් ලින්ක් කරන්නේ කොහොමද?,card_linking,card_linking,True
66,මට ලැබුන කාඩ් එක ඇප් එකේ පේන්නේ නෑ.,card_linking,card_linking,True
67,මට දැනටමත් තියෙන කාඩ් එකක් ලින්ක් කරන්නේ කොහොමද?,card_linking,card_linking,True
68,මගේ කාඩ් එක ලින්ක් කරගන්න ඕනේ. ඒක කරන්නේ කොහොමද?,card_linking,card_linking,True
69,මගේ කාඩ් එක ලින්ක් කරන්න තැන කොහෙද කියලා පෙන්නන්නකෝ?,card_linking,card_linking,True
70,මගේ අලුත් කාඩ් එක ලින්ක් කරන්න ඕනේ නම් කොහෙට යන්න ඕනේද?,card_linking,card_linking,True
71,මගේ පරණ කාඩ් එක ඇප් එකේ පාවිච්චි කරන්න විදියක් තියෙනවද?,card_linking,card_linking,True
72,මම නැති වුනා කියලා හිතුවු කාඩ් එකක් reactivate කරගන්න පුළුවන්ද?,card_linking,lost_or_stolen_card,False
73,මගේ කාඩ් එක ලින්ක් කරන්නේ කොහොමද,card_linking,card_linking,True
74,මගේ කාඩ් විස්තර දාන්න ඇප් එකේ කොහෙට යන්න ඕනේද?,card_linking,card_linking,True
75,මට නැති වුන/හොරකම් කරපු කාඩ් එක හම්බුනා. ඒක මගේ ඇප් එක හරහා account එකට ආයෙත් ලින්ක් කරන්න විදියක් තියෙනවද?,card_linking,card_linking,True
76,"මගේ කාඩ් එක reactivate කරගන්න උදව් කරන්නකෝ? ඒක කලින් නැති වුනා, ඒත් අද උදේ මගේ ජැකට් එකේදි හම්බුනා.",card_linking,card_linking,True
77,"මට දැනටමත් ඔයාලගේ කාඩ් එකක් තියෙනවා, ඒවා ලින්ක් කරන්නේ කොහොමද?",card_linking,card_linking,True
78,මගේ replacement කාඩ් එක ලින්ක් කරන්නේ කොහොමද?,card_linking,card_linking,True
79,මගේ account එකට තව කාඩ් එකක් ලින්ක් කරන්න පුළුවන්ද?,card_linking,getting_spare_card,False
80,ඔයාලගේ එක්ස්චේන්ජ් රේට් එක මොකක්ද කියලා දැනගන්න ඕනේ.,exchange_rate,exchange_rate,True
81,ඔයාලා දෙන එක්ස්චේන්ජ් රේට් මොනවද?,exchange_rate,exchange_rate,True
82,ඔයාලගේ එක්ස්චේන්ජ් රේට් හදාගත්තේ කොහොමද?,exchange_rate,exchange_rate,True
83,ඔයාලගේ එක්ස්චේන්ජ් රේට් එක ගන්නේ කොහෙන්ද?,exchange_rate,exchange_rate,True
84,එක්ස්චේන්ජ් රේට් එක හොයාගන්නේ කොහොමද?,exchange_rate,exchange_rate,True
85,ඔයාලගේ ඉන්ටර්නැෂනල් එක්ස්චේන්ජ් රේට් මොනවද?,exchange_rate,exchange_rate,True
86,ඔයාලගේ එක්ස්චේන්ජ් රේට් කොච්චර ටයිම් ගානක් වෙනස් වෙනවද,exchange_rate,exchange_rate,True
87,එක්ස්චේන්ජ් රේට් එක මොකක්ද කියලා කියන්නකෝ,exchange_rate,exchange_rate,True
88,එක්ස්චේන්ජ් රේට් calculate කරන්නේ කොහොමද?,exchange_rate,exchange_rate,True
89,එක්ස්චේන්ජ් රේට් base වෙන්නේ මොකක් උඩද,exchange_rate,exchange_rate,True
90,එක්ස්චේන්ජ් රේට් කියන්නේ මොකක්ද,exchange_rate,exchange_rate,True
91,දැන් තියෙන එක්ස්චේන්ජ් රේට් මොනවද?,exchange_rate,exchange_rate,True
92,ඔයාලගේ එක්ස්චේන්ජ් රේට් policy එක මට පැහැදිලි කරන්නකෝ?,exchange_rate,exchange_rate,True
93,දැන් එක්ස්චේන්ජ් කරන්න හොඳ වෙලාවක්ද?,exchange_rate,exchange_rate,True
94,මේ ඇප් එකේ එක්ස්චේන්ජ් රේට් එක කොහොමද?,exchange_rate,exchange_rate,True
95,ඔයාලා ළඟ එක්ස්චේන්ජ් රේට් ලිස්ට් එකක් තියෙනවද?,exchange_rate,exchange_rate,True
96,ඔයාලගේ එක්ස්චේන්ජ් රේට් ගන්නේ කොහෙන්ද කියලා කියන්නකෝ?,exchange_rate,exchange_rate,True
97,මට හරි විදේශ එක්ස්චේන්ජ් රේට් එකක් ලැබෙයිද?,exchange_rate,exchange_rate,True
98,එක්ස්චේන්ජ් රේට් එක calculate කරන්නේ මොන කරන්සි වලින්ද?,exchange_rate,exchange_rate,True
99,ඔයාලගේ එක්ස්චේන්ජ් රේට් ගන්නේ කොහෙන්ද?,exchange_rate,exchange_rate,True
100,එක්ස්චේන්ජ් රේට් වල base එක මොකක්ද?,exchange_rate,exchange_rate,True
101,ඔයාලා පාවිච්චි කරන්නේ මොන එක්ස්චේන්ජ් රේට් එකද?,exchange_rate,exchange_rate,True
102,එක්ස්චේන්ජ් රේට් මොනවද?,exchange_rate,exchange_rate,True
103,ඔයාලගේ එක්ස්චේන්ජ් රේට් base කරන්නේ මොකක් උඩද?,exchange_rate,exchange_rate,True
104,ඔයාලා පාවිච්චි කරන්නේ මොන විදේශ එක්ස්චේන්ජ් රේට් එකද?,exchange_rate,exchange_rate,True
105,එක්ස්චේන්ජ් රේට් එකෙන් මට කීයක් ලැබෙයිද?,exchange_rate,exchange_rate,True
106,එක්ස්චේන්ජ් රේට් එක වෙන්නේ?,exchange_rate,exchange_rate,True
107,එක්ස්චේන්ජ් රේට් එක කොහොමද?,exchange_rate,exchange_rate,True
108,ඔයාලගේ එක්ස්චේන්ජ් රේට් වැඩ කරන්නේ කොහොමද?,exchange_rate,exchange_rate,True
109,එක්ස්චේන්ජ් රේට් එක මොකක්ද?,exchange_rate,exchange_rate,True
110,ඔයාලගේ එක්ස්චේන්ජ් රේට් ආවේ කොහෙන්ද?,exchange_rate,exchange_rate,True
111,ඔයාලා එක්ස්චේන්ජ් රේට් තීරණය කරන්නේ කොහොමද?,exchange_rate,exchange_rate,True
112,මම දැන් තියෙන එක්ස්චේන්ජ් රේට් එක හොයාගන්න හදනවා.,exchange_rate,exchange_rate,True
113,ඔයාලගේ එක්ස්චේන්ජ් රේට් ලබාගන්නේ කොහෙන්ද?,exchange_rate,exchange_rate,True
114,විදේශ එක්ස්චේන්ජ් රේට් එක මට කියන්නකෝ?,exchange_rate,exchange_rate,True
115,ඔයාලගේ එක්ස්චේන්ජ් රේට් වෙනස් වෙන්නේ ඇයි,exchange_rate,exchange_rate,True
116,මම මගේ සල්ලි එක්ස්චේන්ජ් කරද්දි මොන වගේ විදේශ එක්ස්චේන්ජ් රේට් එකක් ලැබෙයිද?,exchange_rate,exchange_rate,True
117,මගේ විදේශ එක්ස්චේන්ජ් රේට් එක මොකක්ද?,exchange_rate,exchange_rate,True
118,රේට් එක තීරණය වෙන්නේ කවදද,exchange_rate,exchange_rate,True
119,මට දැන් තියෙන එක්ස්චේන්ජ් රේට් එක මොකක්ද?,exchange_rate,exchange_rate,True
120,මම විදේශ කරන්සියකින් දෙයක් ගත්තා ඒත් apply කරපු රේට් එක වැරදියි,card_payment_wrong_exchange_rate,card_payment_wrong_exchange_rate,True
121,"මම කරන්සි එක්ස්චේන්ජ් එකක් කළා, මට ඕනවට වඩා අයකරලා ඇති කියලා හිතෙනවා.",card_payment_wrong_exchange_rate,card_payment_wrong_exchange_rate,True
122,කාඩ් පේමන්ට් එකේ එක්ස්චේන්ජ් රේට් එක වැරදියි,card_payment_wrong_exchange_rate,card_payment_wrong_exchange_rate,True
123,මම පිටරටක දෙයක් ගත්තම එක්ස්චේන්ජ් රේට් එක වැරදියි තිබුනා.,card_payment_wrong_exchange_rate,card_payment_wrong_exchange_rate,True
124,මම ගත්ත එකේ එක්ස්චේන්ජ් රේට් එක වැරදියි.,card_payment_wrong_exchange_rate,card_payment_wrong_exchange_rate,True
125,මේ රේට් එක හරිම අඩුයි. ඔයාලා හරි එක්ස්චේන්ජ් රේට් එකද පාවිච්චි කරන්නේ කියලා විශ්වාසද?,card_payment_wrong_exchange_rate,card_payment_wrong_exchange_rate,True
126,"මම දෙයක් ගත්තා, ඒත් එක්ස්චේන්ජ් රේට් එක වැරදි වගේ පේනවා.",card_payment_wrong_exchange_rate,card_payment_wrong_exchange_rate,True
127,මගේ විදේශ purchase එකට apply කරපු රේට් එක වැරදියි,card_payment_wrong_exchange_rate,card_payment_wrong_exchange_rate,True
128,මම විදේශ කරන්සියකින් දෙයක් ගත්තා ඒත් apply කරපු රේට් එක වැරදියි!,card_payment_wrong_exchange_rate,card_payment_wrong_exchange_rate,True
129,"මගේ එක්ස්චේන්ජ් එකේ මොකක් හරි වැරැද්දක් වුනා. මම LKR එක USD එකට මාරු කළා, මට වැඩිපුර අයකරලා.",card_payment_wrong_exchange_rate,card_payment_wrong_exchange_rate,True
130,මම ගත්ත එකකට ඔයාලා හරි එක්ස්චේන්ජ් රේට් එක apply කරලා නෑ.,card_payment_wrong_exchange_rate,card_payment_wrong_exchange_rate,True
131,මගේ කාඩ් පේමන්ට් එකේ එක්ස්චේන්ජ් රේට් එක වැරදියි,card_payment_wrong_exchange_rate,card_payment_wrong_exchange_rate,True
132,මම දෙයක් ගත්තම කරන්සි එක්ස්චේන්ජ් රේට් එක වැරදියි තිබුනා.,card_payment_wrong_exchange_rate,card_payment_wrong_exchange_rate,True
133,මම පිටරට දෙයක් ගත්තම එක්ස්චේන්ජ් රේට් එක වැරදි වෙන්නේ ඇයි?,card_payment_wrong_exchange_rate,card_payment_wrong_exchange_rate,True
134,"මම බඩුවක් ගත්තා, එක්ස්චේන්ජ් රේට් එක හරි නැති බව මට පේනවා.",card_payment_wrong_exchange_rate,card_payment_wrong_exchange_rate,True
135,"මම පිටරට දෙයක් ගත්තා, මගේ statement එකේ තියෙන්නේ වැරදි එක්ස්චේන්ජ් රේට් එක.",card_payment_wrong_exchange_rate,card_payment_wrong_exchange_rate,True
136,"පහුගිය සෙනසුරාදා මගේ ට්‍රැන්සැක්ෂන් එකේ එක්ස්චේන්ජ් රේට් එක වැරදි වගේ පේනවා, මට වැඩිපුර අයකරලා. ප්ලීස් fix කරන්නකෝ.",card_payment_wrong_exchange_rate,card_payment_wrong_exchange_rate,True
137,මගේ කාඩ් පේමන්ට් එකේ ඔයාලගේ එක්ස්චේන්ජ් රේට් එක වැරදි ඇයි,card_payment_wrong_exchange_rate,card_payment_wrong_exchange_rate,True
138,මට වැඩිපුර අයකරන්නේ ඇයි?,card_payment_wrong_exchange_rate,extra_charge_on_statement,False
139,"මම බඩුවක් ගත්තා, මට දුන්න එක්ස්චේන්ජ් රේට් එක වැරදියි.",card_payment_wrong_exchange_rate,card_payment_wrong_exchange_rate,True
140,මගේ කාඩ් පේමන්ට් එකේ එක්ස්චේන්ජ් රේට් එක හරි කියලා මම හිතන්නේ නෑ.,card_payment_wrong_exchange_rate,card_payment_wrong_exchange_rate,True
141,පහුගිය සෙනසුරාදා මම දෙයක් ගත්තම මට වැඩිපුර අයකරලා. මට හරි එක්ස්චේන්ජ් රේට් එක ලැබුනාද?,card_payment_wrong_exchange_rate,card_payment_wrong_exchange_rate,True
142,ගත්ත එකකට කරන්සි එක්ස්චේන්ජ් එකකට මට වැරදියට අයකළා.,card_payment_wrong_exchange_rate,card_payment_wrong_exchange_rate,True
143,මගේ කාඩ් පේමන්ට් එකේ එක්ස්චේන්ජ් රේට් එක වැරදියි කියලා මම හිතනවා.,card_payment_wrong_exchange_rate,card_payment_wrong_exchange_rate,True
144,"හලෝ, පහුගිය සෙනසුරාදා මගේ පේමන්ට් එකට වැඩිපුර අයකරලා. එක්ස්චේන්ජ් රේට් එක වැරදි ඇති කියලා මම හිතන්නේ.",card_payment_wrong_exchange_rate,card_payment_wrong_exchange_rate,True
145,මේ ට්‍රැන්සැක්ෂන් එකේ එක්ස්චේන්ජ් රේට් එක වැරදි වගේ පේනවා,card_payment_wrong_exchange_rate,card_payment_wrong_exchange_rate,True
146,මම බඩුවක් ගත්තට පස්සේ මට දුන්න එක්ස්චේන්ජ් රේට් එක හරි නෑ,card_payment_wrong_exchange_rate,card_payment_wrong_exchange_rate,True
147,"හලෝ, ඔයාලගේ එක්ස්චේන්ජ් රේට් එක හරි කියලා මම හිතන්නේ නෑ. නිල interbank exchange rate එක check කරන්නකෝ.",card_payment_wrong_exchange_rate,card_payment_wrong_exchange_rate,True
148,"මගේ එක්ස්චේන්ජ් එකේ මොකක් හරි වැරැද්දක් වෙලා ඇති කියලා මම හිතන්නේ. මම LKR එක USD එකට මාරු කළා, මට හරිම වැඩිපුර අයකරලා!",card_payment_wrong_exchange_rate,card_payment_wrong_exchange_rate,True
149,මම ගත්ත බඩුවකට හරි එක්ස්චේන්ජ් රේට් එක apply කරලා නෑ,card_payment_wrong_exchange_rate,card_payment_wrong_exchange_rate,True
150,මගේ කාඩ් පේමන්ට් වල conversion value එක වැරදියි.,card_payment_wrong_exchange_rate,card_payment_wrong_exchange_rate,True
151,මම විදේශ කරන්සියකින් දෙයක් ගත්තම වැරදි එක්ස්චේන්ජ් රේට් එක පාවිච්චි කරලා.,card_payment_wrong_exchange_rate,card_payment_wrong_exchange_rate,True
152,"මම විදේශ කරන්සියකින් ගානක් ගෙව්වා, ඒත් එක්ස්චේන්ජ් රේට් එක වැරදි බව මට පේනවා.",card_payment_wrong_exchange_rate,card_payment_wrong_exchange_rate,True
153,මගේ විදේශ purchase එකේ වැරදි රේට් එක පාවිච්චි කරලා,card_payment_wrong_exchange_rate,request_refund,False
154,මම මෑතක ගත්ත බඩුවකට එක්ස්චේන්ජ් රේට් එක වැරදි වුනේ ඇයි?,card_payment_wrong_exchange_rate,card_payment_wrong_exchange_rate,True
155,මම ගත්ත බඩුවකට මගේ එක්ස්චේන්ජ් රේට් එක වැරදි ඇයි?,card_payment_wrong_exchange_rate,card_payment_wrong_exchange_rate,True
156,මගේ ට්‍රැන්සැක්ෂන් එකට apply කරපු එක්ස්චේන්ජ් රේට් එක check කරන්නේ කොහොමද?,card_payment_wrong_exchange_rate,exchange_rate,False
157,මගේ කාඩ් පේමන්ට් එකට ඔයාලගේ එක්ස්චේන්ජ් රේට් එක සම්පූර්ණයෙන්ම වැරදියි,card_payment_wrong_exchange_rate,card_payment_wrong_exchange_rate,True
158,මගේ එකෙන් වෙනස් කරන්සියකින් මම ගත්ත බඩුවකට වැරදි රේට් එකක් apply කරලා. මේක වෙනස් කරන්න පුළුවන්ද?,card_payment_wrong_exchange_rate,card_payment_wrong_exchange_rate,True
159,මම පිටරටක ගත්ත එකකට වැරදි එක්ස්චේන්ජ් රේට් එකක් apply කරලා.,card_payment_wrong_exchange_rate,card_payment_wrong_exchange_rate,True
160,මගේ statement එකේ මට අයකරපු Rs 10ක් පේනවා.,extra_charge_on_statement,extra_charge_on_statement,True
161,මගේ statement එකේ අමතර Rs 10ක ෆී එකක් තියෙන්නේ ඇයි?,extra_charge_on_statement,extra_charge_on_statement,True
162,මගේ statement එකේ මේ ෆී එක මට හරි යන්නේ නෑ.,extra_charge_on_statement,extra_charge_on_statement,True
163,මගේ account එකට අමතර Rs 10ක් අයකරලා තියෙන්නේ ඇයි?,extra_charge_on_statement,extra_charge_on_statement,True
164,මගේ statement එකේ මම දන්නේ නැති ෆී එකක් තියෙනවා.,extra_charge_on_statement,card_payment_not_recognised,False
165,මට අයකරපු අමතර Rs 10 එකට රිෆන්ඩ් එකක් ඕනේ.,extra_charge_on_statement,extra_charge_on_statement,True
166,මේ අහම්බෙන් තියෙන Rs 10 charge එක මොකක්ද කියලා පැහැදිලි කරන්නකෝ?,extra_charge_on_statement,exchange_rate,False
167,මගේ statement එකේ මේ Rs 10 charge එක මොකක්ද?,extra_charge_on_statement,extra_charge_on_statement,True
168,මගේ statement එකේ මේ අමතර charges තියෙන්නේ ඇයි?,extra_charge_on_statement,extra_charge_on_statement,True
169,"මට Rs 10කට මොකක් හරි ගත්තා කියලා මතක නෑ, ඒත් ඒක මගේ statement එකේ තියෙනවා. ඒක මොකක්ද කියලා කියන්නකෝ?",extra_charge_on_statement,lost_or_stolen_card,False
170,මගේ ඇප් එකේ අමතර Rs 10ක charge එකක් පේනවා. ඇයි මට වැඩිපුර අයකළේ?,extra_charge_on_statement,extra_charge_on_statement,True
171,මගේ statement එකේ Rs 10 charge එකක් තියෙන්නේ ඇයි කියලා කියන්නකෝ?,extra_charge_on_statement,extra_charge_on_statement,True
172,Rs 10 ට්‍රැන්සැක්ෂන් එක මට credit වෙන්නේ කවදද?,extra_charge_on_statement,transfer_not_received_by_recipient,False
173,මේ ෆී එක ආවේ කොහෙන්ද?,extra_charge_on_statement,card_payment_not_recognised,False
174,"මගේ statement එකේ අමතර Rs 10ක charge එකක් මට පේනවා, ඒක ඇයි කියලා කියන්නකෝ?",extra_charge_on_statement,extra_charge_on_statement,True
175,අමතර Rs 10ක charge එකක් තියෙනවා,extra_charge_on_statement,extra_charge_on_statement,True
176,මගේ statement එකේ තියෙන අමතර €1 ෆී එක ගැන දැනගන්න ඕනේ.,extra_charge_on_statement,extra_charge_on_statement,True
177,මගේ කාඩ් එකේ අමතර Rs 10 charge එකක් තියෙන්නේ ඇයි?,extra_charge_on_statement,extra_charge_on_statement,True
178,මගේ statement එකේ මේ තරම් ෆී තියෙන්නේ ඇයි?,extra_charge_on_statement,extra_charge_on_statement,True
179,මගේ statement එකේ අමතර ෆී එකක් තියෙන්න හේතුව මොකක්ද?,extra_charge_on_statement,extra_charge_on_statement,True
180,මේ Rs 10 ෆී එක ආවේ කොහෙන්ද?,extra_charge_on_statement,extra_charge_on_statement,True
181,මගේ statement එකේ අමතර €1 ෆී එකක් ආවා,extra_charge_on_statement,extra_charge_on_statement,True
182,මගේ statement එකේ Rs 10 ෆී එකක් තියෙනවා.,extra_charge_on_statement,extra_charge_on_statement,True
183,මට Rs 10ක් වැඩිපුර අයකළේ ඇයි!?,extra_charge_on_statement,extra_charge_on_statement,True
184,"මොකක් හරි වැරැද්දක් වෙලා, මට අමතර Rs 10ක් අයකරලා?",extra_charge_on_statement,extra_charge_on_statement,True
185,මගේ statement එකේ අමතර ෆී එක ආවේ කොහෙන්ද?,extra_charge_on_statement,extra_charge_on_statement,True
186,මගේ ඇප් එකේ මට කිසිම දැනුම්දීමක් නැතුව අමතර charge එකක් තියෙනවා!,extra_charge_on_statement,extra_charge_on_statement,True
187,"මගේ statement එකේ අමතර ෆී එකක් පේනවා, ඒක මොකටද?",extra_charge_on_statement,extra_charge_on_statement,True
188,මගේ statement එකේ මේ €1 ෆී එක මොකක්ද?,extra_charge_on_statement,extra_charge_on_statement,True
189,"මම අලුත් customer කෙනෙක්, මගේ ඇප් එක බැලුවම මම දන්නේ නැති charge එකක් තියෙනවා. අමතර charge එක තියෙන්නේ ඇයි කියලා කියන්නකෝ?",extra_charge_on_statement,card_payment_not_recognised,False
190,මොකක් හරි හේතුවක් නිසා මගේ account එකට අමතර Rs 10ක් අයකරලා.,extra_charge_on_statement,extra_charge_on_statement,True
191,"Rs 10ක ට්‍රැන්සැක්ෂන් එකක් තියෙනවා, ඒක ඇයි අයකළේ කියලා මම දන්නේ නෑ.",extra_charge_on_statement,extra_charge_on_statement,True
192,"අමතක charge එකකට උදව් කරන්නකෝ? ඒක Rs 10ක charge එකක්, මම පාවිච්චි කරන ඇප් එකේ statement එකෙන් කවදාවත් ඉවත් වෙන්නේ නෑ. ""Pending"" කියලා විතරයි තියෙන්නේ, ඒ status එක පසුගිය දවස් 2ම වෙනස් වෙලා නෑ.",extra_charge_on_statement,card_payment_not_recognised,False
193,මගේ statement එකේ පේන අමතර ෆී එකේ පරමාර්ථය මොකක්ද?,extra_charge_on_statement,extra_charge_on_statement,True
194,"මගේ statement එකේ Rs 10ක් අමතරව අයකරලා, ඒක ඇයි?",extra_charge_on_statement,extra_charge_on_statement,True
195,මගේ statement එකේ අමතර €1 ෆී එක මොකක්ද,extra_charge_on_statement,extra_charge_on_statement,True
196,"සති 2ක් වුනා, Rs 10 ට්‍රැන්සැක්ෂන් එක reverse වෙලා නැත්තේ ඇයි?",extra_charge_on_statement,reverted_card_payment?,False
197,€1 ෆී එක මොකටද?,extra_charge_on_statement,extra_charge_on_statement,True
198,"මොකද වෙන්නේ කියලා මට හරියටම තේරෙන්නේ නෑ. මගේ ඇප් එකේ statement එකේ අමතක Rs 10ක charge එකක් තියෙනවා, ඒක pending විදියට විතරයි තියෙන්නේ, දවස් කීපයක ඉඳලා ඉවත් වෙන්නේ නෑ.",extra_charge_on_statement,extra_charge_on_statement,True
199,මට මගේ statement එකේ මේ අමතර ෆී එක තියෙන්නේ ඇයි කියලා check කරන්නකෝ.,extra_charge_on_statement,extra_charge_on_statement,True
200,මගේ withdrawal එක තාම pending. ඇයි?,pending_cash_withdrawal,pending_cash_withdrawal,True
201,"අද මගේ කාඩ් එක ATM එකේදි decline වුනා ඒත් ට්‍රැන්සැක්ෂන් එක pending. ප්ලීස් ඒක cancel කරන්නකෝ, මට සල්ලි ලැබුනේ නෑ.",pending_cash_withdrawal,pending_cash_withdrawal,True
202,මගේ cash withdrawal එකේ ට්‍රැන්සැක්ෂන් එක තාම pending විදියට පේනවා.,pending_cash_withdrawal,pending_cash_withdrawal,True
203,"හලෝ මම මුලින් සල්ලි ටිකක් ගන්න හැදුවා ඒත් මැෂින් එක වැඩ කළේ නෑ. දැන් බැලුවම ට්‍රැන්සැක්ෂන් එක තාම in progress! මොකද වෙන්නේ කියලා check කරන්නකෝ, මොකක් හරි කැඩිලා වගේ, මට නොලැබුන සල්ලි වලට අයකරන්න එපා!",pending_cash_withdrawal,pending_cash_withdrawal,True
204,cash withdrawal එකක් pending ඉන්නේ කොච්චර වෙලාවක්ද?,pending_cash_withdrawal,pending_cash_withdrawal,True
205,මගේ cash withdrawal එක pending නැතුව පේන්න මේ තරම් වෙලා යන්නේ ඇයි?,pending_cash_withdrawal,pending_cash_withdrawal,True
206,"මම ATM එකෙන් සල්ලි ගන්න හැදුවා ඒත් සල්ලි ආවේ නෑ, ට්‍රැන්සැක්ෂන් එක තාම pending? මේක වෙන්නේ කොහොමද?",pending_cash_withdrawal,pending_cash_withdrawal,True
207,"මම ATM එකෙන් සල්ලි ගත්තා ඒත් ඇප් එකේ pending විදියට පේනවා. මට සල්ලි ලැබිලා ඉවරයි, තාම pending වෙන්නේ කොහොමද?",pending_cash_withdrawal,pending_cash_withdrawal,True
208,මගේ withdrawal එක තාම pending ඇයි?,pending_cash_withdrawal,pending_cash_withdrawal,True
209,withdrawal එක පේන්නේ කවදද කියලා ඔයාලට විශ්වාසද?,pending_cash_withdrawal,pending_cash_withdrawal,True
210,"හලෝ! ඔයාලට මට උදව් කරන්න පුළුවන්ද කියලා හිතුවා. මම city centre ATM එකෙන් සල්ලි ගන්න හැදුවා, ඒත් මැෂින් එකේදි කාඩ් එක decline වුනා. මගේ account එකේ ට්‍රැන්සැක්ෂන් එක තාම pending. මට සල්ලි ලැබුනේ නෑ, ඒ නිසා ප්ලීස් ඒ ට්‍රැන්සැක්ෂන් එක cancel කරන්නකෝ.",pending_cash_withdrawal,pending_cash_withdrawal,True
211,මම ATM එකෙන් cash ගත්තට පස්සේ ට්‍රැන්සැක්ෂන් එක pending විදියට පේන්නේ ඇයි?,pending_cash_withdrawal,pending_cash_withdrawal,True
212,ATM එකේ මගේ cash එක තාම pending,pending_cash_withdrawal,pending_cash_withdrawal,True
213,මගේ ATM cash out එක තාම pending,pending_cash_withdrawal,pending_cash_withdrawal,True
214,මම තාම cash withdrawal එක පේනකන් බලාගෙන ඉන්නවා,pending_cash_withdrawal,pending_cash_withdrawal,True
215,මගේ pending cash withdrawal එක process වෙලාද?,pending_cash_withdrawal,pending_cash_withdrawal,True
216,මගේ cash out එක යන්න කොච්චර වෙලා යනවද?,pending_cash_withdrawal,pending_cash_withdrawal,True
217,මගේ ATM cash withdrawal එක pending ට්‍රැන්සැක්ෂන් එකක් විදියට පේන්නේ ඇයි?,pending_cash_withdrawal,pending_cash_withdrawal,True
218,"හලෝ, මම සල්ලි ගන්න හැදුවා ඒත් මැෂින් එක වැඩ කළේ නෑ. ට්‍රැන්සැක්ෂන් එක තාම in progress වගේ පේනවා! මොකද වෙන්නේ කියලා check කරන්නකෝ. මට නොලැබුන සල්ලි වලට අයකරන්න එපා.",pending_cash_withdrawal,pending_cash_withdrawal,True
219,"හෙයි, city centre theatre එකේ ATM එකේදි මගේ කාඩ් එක decline වුනා. ඒත් මගේ account එකේ ට්‍රැන්සැක්ෂන් එක pending කියලා තියෙනවා. මට සල්ලි ලැබුනේ නෑ, එතකොට ඒකේ තේරුම මොකක්ද?",pending_cash_withdrawal,pending_cash_withdrawal,True
220,මට pending cash withdrawal එකක් තියෙන්නේ ඇයි?,pending_cash_withdrawal,pending_cash_withdrawal,True
221,මට pending cash withdrawal එකක් තියෙනවා,pending_cash_withdrawal,pending_cash_withdrawal,True
222,මම account එකෙන් withdrawal එකක් කළා ඒත් ඒක post වෙලා නෑ?,pending_cash_withdrawal,pending_cash_withdrawal,True
223,මගේ cash withdrawal එක pending ද?,pending_cash_withdrawal,pending_cash_withdrawal,True
224,මගේ cash withdrawal එක pending විදියට පේන්නේ ඇයි කියලා මට හරියටම තේරෙන්නේ නෑ.,pending_cash_withdrawal,pending_cash_withdrawal,True
225,මම cash withdrawal එකක් කළා ඒත් pending status එක යනකන්ම යනවා.,pending_cash_withdrawal,pending_cash_withdrawal,True
226,මගේ cash withdrawal එක තාම pending විදියට පේනවා.,pending_cash_withdrawal,pending_cash_withdrawal,True
227,"මට මගේ කාඩ් එකෙන් සල්ලි ගන්න බැරි ඇයි, ඒත් statement එකේ ට්‍රැන්සැක්ෂන් එක තාම pending කියලා තියෙනවා?",pending_cash_withdrawal,pending_cash_withdrawal,True
228,මගේ account එකේ pending cash withdrawal එකක් තියෙන්නේ ඇයි?,pending_cash_withdrawal,pending_cash_withdrawal,True
229,මගේ ඇප් එකේ pending ට්‍රැන්සැක්ෂන් එකක් තියෙනවා. මම ATM එකෙන් කලින් cash ගත්තට පස්සේ ඒක තාම pending වෙන්නේ කොහොමද?,pending_cash_withdrawal,pending_cash_withdrawal,True
230,Cash withdrawal එක තාම pending ද?,pending_cash_withdrawal,pending_cash_withdrawal,True
231,"මම කලින් ATM එකෙන් cash ගත්තා, ඒත් ඇප් එකේ pending විදියට පේනවා. මට cash එක ලැබිලා ඉවරයි. තාම pending වෙන්නේ කොහොමද?",pending_cash_withdrawal,pending_cash_withdrawal,True
232,"මම මගේ කාඩ් එකෙන් සල්ලි ගන්න හැදුවා, ඒත් වැඩ කළේ නෑ. පස්සේ ට්‍රැන්සැක්ෂන් එක තාම in progress කියලා දැක්කා. මොකද වෙන්නේ?",pending_cash_withdrawal,pending_cash_withdrawal,True
233,මගේ statement එකේ pending cash withdrawal කියලා තියෙන්නේ ඇයි?,pending_cash_withdrawal,pending_cash_withdrawal,True
234,මගේ cash withdrawal එක pending ඉන්නේ කොච්චර කාලයක්ද?,pending_cash_withdrawal,pending_cash_withdrawal,True
235,මගේ cash withdrawal එකේ ගණන් කොහෙද?,pending_cash_withdrawal,pending_cash_withdrawal,True
236,decline වුන withdrawal එකකට මගේ account එකට අයකරලා.,pending_cash_withdrawal,declined_cash_withdrawal,False
237,ATM withdrawal එකක් post වෙන්න කොච්චර වෙලා යනවද,pending_cash_withdrawal,pending_cash_withdrawal,True
238,ATM එකෙන් කරපු මගේ cash withdrawal එක මගේ account එකේ තාම confirm විදියට පේන්නේ නැත්තේ ඇයි?,pending_cash_withdrawal,pending_cash_withdrawal,True
239,"pending ට්‍රැන්සැක්ෂන් එකක් කියන්නේ මොකක්ද? මගේ කාඩ් එක ATM එකේදි decline වුනා, ඒත් මගේ account එකේ තාම pending කියලා තියෙනවා. මට ඒ පේමන්ට් එක cancel කරන්න පුළුවන්ද?",pending_cash_withdrawal,pending_cash_withdrawal,True
240,"මම මගේ fund එක hold කරන්න ඉල්ලුවොත්, ඔයාලා පාවිච්චි කරන්නේ මොන කරන්සිද?",fiat_currency_support,supported_cards_and_currencies,False
241,මගේ සල්ලි තියෙන්න පුළුවන් වෙනස් කරන්සි කීයක්ද කියලා දැනගන්න ඕනේ,fiat_currency_support,verify_source_of_funds,False
242,ඔයාලා හැම fiat කරන්සියක්ම support කරනවද?,fiat_currency_support,fiat_currency_support,True
243,ඔයාලගේ සිස්ටම් එක කරන්සි කීපයක් support කරනවද.,fiat_currency_support,fiat_currency_support,True
244,මට මොන කරන්සිවලින් සල්ලි තියාගන්න පුළුවන්ද?,fiat_currency_support,fiat_currency_support,True
245,ඔයාලා ඕනම කරන්සියක් support කරනවද?,fiat_currency_support,fiat_currency_support,True
246,"මගේ account එකට එන පේමන්ට් එකක් තියෙනවා, ඒත් ඒක deactivate වෙලා. ඒවා process වේවිද?",fiat_currency_support,extra_charge_on_statement,False
247,ඔයාලා මොන කරන්සි වලට එක්ස්චේන්ජ් කරනවද?,fiat_currency_support,exchange_rate,False
248,"hold කරන එකේ සහ exchange කරන එකේදි, ඔයාලා පාවිච්චි කරන fiat කරන්සි මොනවද.",fiat_currency_support,fiat_currency_support,True
249,holding ට්‍රැන්සැක්ෂන් සඳහා පාවිච්චි කරන fiat කරන්සි මොනවද?,fiat_currency_support,fiat_currency_support,True
250,මගේ සල්ලි EUR වලට exchange කරන්නේ කොහෙද?,fiat_currency_support,fiat_currency_support,True
251,කරන්සි කීපයකින් සල්ලි තියාගන්න පුළුවන්ද?,fiat_currency_support,fiat_currency_support,True
252,මට EUR වලට exchange කරන්න පුළුවන්ද?,fiat_currency_support,fiat_currency_support,True
253,ඔයාලා support කරන fiat කරන්සි මොනවද කියලා විස්තර දෙන්න කවුරු හරි උදව් කරන්නද?,fiat_currency_support,fiat_currency_support,True
254,ඔයාලා අමතර කරන්සි options දෙනවද?,fiat_currency_support,fiat_currency_support,True
255,කරන්සි euros වලට මාරු කරන්නේ කොහොමද?,fiat_currency_support,fiat_currency_support,True
256,holding සහ exchange සඳහා support කරන fiat කරන්සි මොනවද?,fiat_currency_support,fiat_currency_support,True
257,"කරන්සි holdings සහ exchanges ගැන හිතද්දි, support කරන fiat කරන්සි මොනවද?",fiat_currency_support,fiat_currency_support,True
258,ඔයාලා EUR handle කරනවද?,fiat_currency_support,fiat_currency_support,True
259,මට වෙනත් කරන්සි වලින් සල්ලි තියාගන්න පුළුවන්ද?,fiat_currency_support,fiat_currency_support,True
260,කරන්සි තියාගන්න මට මොනවද options තියෙන්නේ?,fiat_currency_support,fiat_currency_support,True
261,ඔයාලා EUR exchanges කරනවද?,fiat_currency_support,fiat_currency_support,True
262,ඔයාලා EUR වලට exchanges accept කරනවද?,fiat_currency_support,fiat_currency_support,True
263,මට තියාගන්න පුළුවන් කරන්සිය මොකක්ද කියලා කියන්නකෝ?,fiat_currency_support,fiat_currency_support,True
264,මට කරන්සි exchange කරන්න පුළුවන්ද?,fiat_currency_support,fiat_currency_support,True
265,ඔයාලගේ exchange එකේ පාවිච්චි කරන කරන්සි මොනවද?,fiat_currency_support,fiat_currency_support,True
266,ඔයාලා support කරන fiat කරන්සි මොනවද?,fiat_currency_support,fiat_currency_support,True
267,ඔයාලා support කරන්නේ මොන රටේ කරන්සියද?,fiat_currency_support,fiat_currency_support,True
268,මට EU වලට කරන්සි exchange එකක් කරන්න ඕනේ.,fiat_currency_support,fiat_currency_support,True
269,මට හැම fiat කරන්සියක්ම exchange කරලා තියාගන්න පුළුවන්ද?,fiat_currency_support,fiat_currency_support,True
270,මට මොන වගේ කරන්සියකින් සල්ලි තියාගන්න පුළුවන්ද?,fiat_currency_support,fiat_currency_support,True
271,මට කරන්සි exchange කරගන්න පුළුවන්ද?,fiat_currency_support,exchange_via_app,False
272,ඔයාලා හැම fiat කරන්සියක් එක්කම වැඩ කරනවද?,fiat_currency_support,fiat_currency_support,True
273,මට කරන්සි කීපයකින් සල්ලි තියාගන්න පුළුවන්ද?,fiat_currency_support,fiat_currency_support,True
274,මට කරන්සි කීයක් තියාගන්න පුළුවන්ද?,fiat_currency_support,fiat_currency_support,True
275,USD හැරුනම මට තියාගන්න පුළුවන් වෙනත් කරන්සි මොනවද?,fiat_currency_support,fiat_currency_support,True
276,EU වලට exchanges accept කරන්නේ කොහොමද?,fiat_currency_support,exchange_charge,False
277,holding සහ exchange සඳහා මට පාවිච්චි කරන්න පුළුවන් මොන වගේ fiat කරන්සියක්ද?,fiat_currency_support,fiat_currency_support,True
278,මගේ කරන්සියෙන් EUR වලට exchange එක support කරනවද.,fiat_currency_support,fiat_currency_support,True
279,මට මොන රටවලට ගිහින් ඒගොල්ලන්ගේ කරන්සි access කරන්න පුළුවන්ද?,fiat_currency_support,fiat_currency_support,True
280,මට කාඩ් එක දැන්ම ඕනේ!,card_delivery_estimate,card_delivery_estimate,True
281,"මගේ කාඩ් එක ආයෙත් mail එකේ තිබුනේ නෑ, කියන්නකෝ?",card_delivery_estimate,card_delivery_estimate,True
282,මට කාඩ් එක ඉක්මනට ඕනේ,card_delivery_estimate,card_delivery_estimate,True
283,ඒක මට ලැබෙන්න කොච්චර වෙලා යනවද?,card_delivery_estimate,card_delivery_estimate,True
284,මගේ කාඩ් එක මෙහෙ එන්නේ කවදද කියලා හිතෙනවා.,card_delivery_estimate,card_delivery_estimate,True
285,මට කාඩ් එක ඉක්මනට ගේන්න පුළුවන්ද?,card_delivery_estimate,card_delivery_estimate,True
286,US එකට දෙයක් ඩිලිවර් කරන්න කොච්චර වෙලා යනවද?,card_delivery_estimate,card_delivery_estimate,True
287,"මම ඉන්නේ US එකේ, ඩිලිවරි එකට කොච්චර වෙලා යනවද?",card_delivery_estimate,card_delivery_estimate,True
288,මගේ කාඩ් එක US එකට ඩිලිවර් වෙන්නේ කවදද කියලා බලාපොරොත්තු වෙන්නද?,card_delivery_estimate,card_delivery_estimate,True
289,මට කාඩ් එක ඉක්මනින්ම ඕනේ,card_delivery_estimate,card_delivery_estimate,True
290,US එකට ඩිලිවරි එකට වෙලා යනවද?,card_delivery_estimate,card_delivery_estimate,True
291,ඒක එන්න කොච්චර වෙලා යනවද?,card_delivery_estimate,card_delivery_estimate,True
292,මගේ කාඩ් එක නිශ්චිත දවසකට ඩිලිවර් කරගන්න පුළුවන්ද?,card_delivery_estimate,card_delivery_estimate,True
293,standard සහ express ඩිලිවරි අතර වෙනස මොකක්ද?,card_delivery_estimate,card_delivery_estimate,True
294,ඒක නිශ්චිත දිනයකට ඩිලිවර් කරන්න පුළුවන්ද?,card_delivery_estimate,card_arrival,False
295,ඒක ඩිලිවර් වෙන වෙලාව මට තෝරගන්න පුළුවන්ද?,card_delivery_estimate,visa_or_mastercard,False
296,මට ඒක නිශ්චිත දිනයකට ඩිලිවර් කරන්න ඕනේ.,card_delivery_estimate,card_arrival,False
297,මගේ කාඩ් එක කවදද බලාපොරොත්තු වෙන්නේ?,card_delivery_estimate,card_delivery_estimate,True
298,මගේ කාඩ් එක ලැබෙන්න කොච්චර වෙලා යනවද? ඒක ලැබෙන වෙලාව මට තෝරගන්න පුළුවන්ද?,card_delivery_estimate,card_delivery_estimate,True
299,කාඩ් එක එන්න කොච්චර වෙලා යනවද?,card_delivery_estimate,card_delivery_estimate,True
300,ඔයාලට කොච්චර ඉක්මනට ඩිලිවර් කරන්න පුළුවන්ද?,card_delivery_estimate,card_delivery_estimate,True
301,"ටිකකට කලින් ඕඩර් කළා, US එකේ ETA එක මොකක්ද?",card_delivery_estimate,transfer_timing,False
302,කාඩ් එක එන්න කොච්චර වෙලා යනවා කියලා බලාපොරොත්තු වෙන්නද?,card_delivery_estimate,card_delivery_estimate,True
303,United States එකට ඩිලිවරි කාලය මොකක්ද?,card_delivery_estimate,card_delivery_estimate,True
304,කාඩ් එක එන්නේ කවදද?,card_delivery_estimate,card_delivery_estimate,True
305,පුළුවන් තරම් ඉක්මනට මගේ කාඩ් එක එවන්නකෝ.,card_delivery_estimate,card_delivery_estimate,True
306,කාඩ් ඩිලිවර් කරන්නේ කවදද?,card_delivery_estimate,card_delivery_estimate,True
307,US destination එකකට shipping එකට කොච්චර වෙලා යනවද?,card_delivery_estimate,card_delivery_estimate,True
308,මගේ කාඩ් එක expedite කරන්න පුළුවන්ද?,card_delivery_estimate,card_delivery_estimate,True
309,මගේ කාඩ් එක ඩිලිවර් වෙන්න කොච්චර වෙලා යනවද?,card_delivery_estimate,card_arrival,False
310,මට කාඩ් එක පුළුවන් තරම් ඉක්මනට ඕනේ.,card_delivery_estimate,card_delivery_estimate,True
311,මගේ අලුත් කාඩ් එක ලැබෙන්නේ කවදද කියලා බලාපොරොත්තු වෙන්නද?,card_delivery_estimate,card_arrival,False
312,මම මගේ කාඩ් එක එනකන් බලාගෙන ඉන්නවා.,card_delivery_estimate,card_arrival,False
313,මට කාඩ් එක ඉක්මනටම ඕනේ.,card_delivery_estimate,card_delivery_estimate,True
314,මට ඒක සෙනසුරාදට කලින් ඕනේ.,card_delivery_estimate,card_delivery_estimate,True
315,U.S. ඩිලිවරි කාලය මොකක්ද?,card_delivery_estimate,card_arrival,False
316,මගේ කාඩ් එක එන්නේ කවදද?,card_delivery_estimate,card_delivery_estimate,True
317,ඩිලිවරි එකට දිනයක් තෝරගන්න පුළුවන්ද?,card_delivery_estimate,visa_or_mastercard,False
318,මගේ කාඩ් එක නිශ්චිත දවසකට ඩිලිවර් වෙන බව confirm කරගන්න පුළුවන්ද?,card_delivery_estimate,card_delivery_estimate,True
319,ඒක නිශ්චිත වෙලාවකට ඩිලිවර් කරගන්න පුළුවන්ද?,card_delivery_estimate,card_delivery_estimate,True
320,"ට්‍රැවල් කරද්දි, නිශ්චිත වෙලාවලට මගේ කාඩ් එක auto top-up කරන්න පුළුවන්ද?",automatic_top_up,automatic_top_up,True
321,auto top-up පාවිච්චි කරද්දි limit එකක් තියෙනවද?,automatic_top_up,automatic_top_up,True
322,සල්ලි ටිකක් ඉතුරු ඉන්නකොට ඒක auto top-up වෙනවද නැත්තම් මට ඒක manually කරන්න ඕනේද?,automatic_top_up,automatic_top_up,True
323,"මගේ සල්ලි ඉවර වෙනවා, මට auto top up කරන්න පුළුවන්ද?",automatic_top_up,automatic_top_up,True
324,auto top up පාවිච්චි කරන්නේ කොහොමද?,automatic_top_up,automatic_top_up,True
325,සල්ලි ටිකක් ඉතුරු ඉන්නකොට ඒක automatic ව top-up කරනවද?,automatic_top_up,automatic_top_up,True
326,සල්ලි ටිකක් ඉතුරු ඉන්නකොට ඒක automatic ව top-up කරන්න පුළුවන්ද?,automatic_top_up,automatic_top_up,True
327,"මම auto-top up function එක ගැන කියෙව්වා, ඒත් ඇප් එකේ ඒක හොයාගන්න බෑ.",automatic_top_up,automatic_top_up,True
328,මම ට්‍රැවල් කරද්දි නිශ්චිත වෙලාවලට සල්ලි add කරන්න පුළුවන්ද?,automatic_top_up,automatic_top_up,True
329,"මම ටික කාලයක් ගිහින් ඉන්නවා, නිශ්චිත intervals වලට automatic ව සල්ලි add කරගන්න පුළුවන්ද?",automatic_top_up,automatic_top_up,True
330,"""auto-top"" feature එක හොයාගන්නේ කොහෙද?",automatic_top_up,automatic_top_up,True
331,"මම දැන් auto top-up activate කළා, ඒත් enable කරගන්න දෙන්නේ නෑ. ඇයි?",automatic_top_up,automatic_top_up,True
332,auto top-up කියලා option එකක් තියෙනවද?,automatic_top_up,automatic_top_up,True
333,auto-top option එක කොහෙද?,automatic_top_up,automatic_top_up,True
334,auto top-up එකට limits තියෙනවද?,automatic_top_up,automatic_top_up,True
335,auto top up එකට උදව් කරන්නකෝ?,automatic_top_up,automatic_top_up,True
336,auto top-up එකට ලිමිට් එකක් තියෙනවද?,automatic_top_up,automatic_top_up,True
337,auto top-up එකට limits තියෙන්නේ ඇයි?,automatic_top_up,automatic_top_up,True
338,automatic ව top up කරන්නේ කොහොමද?,automatic_top_up,automatic_top_up,True
339,ට්‍රැවල් කරද්දි මගේ කාඩ් එකේ සල්ලි ඉවර නොවෙන බව confirm කරගන්නේ කොහොමද?,automatic_top_up,automatic_top_up,True
340,automatic top-up එකේ limit එක මොකක්ද?,automatic_top_up,automatic_top_up,True
341,"මම ට්‍රැවල් කරද්දි, නිශ්චිත දවස්වලට මගේ කාඩ් එක auto top-up කරන්න විදියක් තියෙනවද?",automatic_top_up,automatic_top_up,True
342,auto top-up option එක කොහෙද?,automatic_top_up,automatic_top_up,True
343,මගේ account එකේ සල්ලි අඩුවෙලා ඉන්නකොට auto top-up එකක් ලබාගන්න පුළුවන්ද?,automatic_top_up,automatic_top_up,True
344,ඔයාලා ළඟ auto top-up option එකක් තියෙනවද?,automatic_top_up,automatic_top_up,True
345,මගේ ට්‍රැවල් වලදි සල්ලි transfer වෙන කාලය space out කරගන්න පුළුවන්ද?,automatic_top_up,automatic_top_up,True
346,සල්ලි ටිකක් ඉතුරු ඉන්නකොට ඒක automatic ව top-up වෙනවද?,automatic_top_up,automatic_top_up,True
347,නිශ්චිත intervals වලට automatic ව සල්ලි add කරගන්න පුළුවන්ද?,automatic_top_up,automatic_top_up,True
348,ට්‍රැවල් සඳහා automatic top-up එකක් set කරගන්න පුළුවන්ද.,automatic_top_up,automatic_top_up,True
349,"මම ඔයාලගේ වෙබ්සයිට් එකේ auto-top up option එක හොයන්න හැදුවා, ඒත් හොයාගන්න බෑ වගේ. උදව් කරන්නකෝ?",automatic_top_up,automatic_top_up,True
350,මගේ සල්ලි automatic ව top up කරන්නේ කොහොමද,automatic_top_up,automatic_top_up,True
351,මම නිශ්චිත balance එකකට යනකොට top up වෙන්න පුළුවන්ද?,automatic_top_up,pending_top_up,False
352,සල්ලි ටික ඉතුරු වෙනකොට ඒක automatic ව top-up වෙනවද?,automatic_top_up,automatic_top_up,True
353,Auto top-up කරන්න විදියක් තියෙනවද?,automatic_top_up,automatic_top_up,True
354,auto-top option එක හොයාගන්නේ කොහෙන්ද කියලා පැහැදිලි කරන්නකෝ?,automatic_top_up,automatic_top_up,True
355,"auto top up function එක මොකක්ද, ඒක හොයාගන්නේ කොහෙන්ද?",automatic_top_up,automatic_top_up,True
356,automatic ව top-up කරන්න විදියක් තියෙනවද?,automatic_top_up,automatic_top_up,True
357,සල්ලි ටිකක් ඉතුරු ඉන්නකොට top-up feature එකක් තියෙනවද?,automatic_top_up,automatic_top_up,True
358,Auto Top එකේ ලොකුම limit එක මොකක්ද?,automatic_top_up,automatic_top_up,True
359,auto-top up enable කරන්නේ කොහොමද?,automatic_top_up,automatic_top_up,True
360,"මම මගේ කාඩ් එක කීප වතාවක්ම try කළා, ඒත් කවදාවත් වැඩ කළේ නෑ.",card_not_working,card_not_working,True
361,මගේ කාඩ් එක වැඩ කරගන්න බෑ.,card_not_working,card_not_working,True
362,"මගේ කාඩ් එක කැඩිලා වගේ, ඒක fix කරන්නේ කොහොමද?",card_not_working,card_not_working,True
363,මගේ කාඩ් එක වැඩ නොකරන්නේ ඇයි කියලා දැනගන්නේ කොහොමද?,card_not_working,card_not_working,True
364,මගේ කාඩ් එක කැඩුනා.,card_not_working,card_not_working,True
365,මගේ කාඩ් එක වැඩ කරන්නේ නෑ.,card_not_working,card_not_working,True
366,මගේ කාඩ් එක වැඩ කරන්නේ නැත්තේ ඇයි?,card_not_working,card_not_working,True
367,මගේ බැංකු කාඩ් එකේ ප්‍රොබ්ලම් එක identify කරන්නකෝ?,card_not_working,why_verify_identity,False
368,ඇප් එක පාවිච්චි කරලා මගේ කාඩ් එක unblock කරන්නේ කොහොමද?,card_not_working,pin_blocked,False
369,මගේ කාඩ් එක වැඩ කරන්නේ නෑ,card_not_working,card_not_working,True
370,මගේ physical කාඩ් එක වැඩ කරවගන්නේ කොහොමද?,card_not_working,card_not_working,True
371,මගේ කාඩ් එක වැඩ නොකරන්නේ ඇයි කියලා පැහැදිලි කරලා කවුරු හරි උදව් කරන්නද?,card_not_working,card_not_working,True
372,මට උදව් කරන්න. මගේ කාඩ් එක වැඩ කරන්නේ නෑ.,card_not_working,card_not_working,True
373,කාඩ් එකක් වැඩ කිරීම නවත්තන්න පුළුවන්ද?,card_not_working,cancel_transfer,False
374,මගේ කාඩ් එක කැඩිලා කියලා මට හිතෙනවා,card_not_working,card_not_working,True
375,මගේ කාඩ් එක ඇයි වැඩ කරන්නේ නැත්තේ?,card_not_working,card_not_working,True
376,මගේ කාඩ් එක තව වැඩ කරන්නේ නෑ.,card_not_working,card_not_working,True
377,"අද කන්න ගිය වෙලාවේ මගේ කාඩ් එක decline වුනා, මොකද වැරදිලා තියෙන්නේ කියලා දැනගන්න ඕනේ.",card_not_working,card_not_working,True
378,මගේ කාඩ් එක වැඩ වෙන්නේ නෑ.,card_not_working,card_not_working,True
379,මගේ කාඩ් එක කිසිසේත් go through නොවෙන ප්‍රොබ්ලම් එක resolve කරන්නේ කොහොමද?,card_not_working,card_not_working,True
380,මගේ actual කාඩ් එක වැඩ කරන්නේ නෑ.,card_not_working,order_physical_card,False
381,මගේ කාඩ් එක කැඩිලාද?,card_not_working,card_not_working,True
382,මම මගේ කාඩ් එක කැඩුවා,card_not_working,card_not_working,True
383,මගේ කාඩ් එක වැඩ කිරීම නැවැත්තුවා,card_not_working,card_not_working,True
384,"මගේ කාඩ් එක කැඩිලා, මම මොකද කරන්න ඕනේ?",card_not_working,card_not_working,True
385,"මම අද මගේ කාඩ් එක පාවිච්චි කරන්න හැදුවා, වැඩ කරන්නේ නෑ, උදව් කරන්නකෝ?",card_not_working,card_not_working,True
386,මම පාවිච්චි කරද්දි මගේ කාඩ් එක වැඩ කිරීම නැවැත්තුවා,card_not_working,card_not_working,True
387,මට මගේ කාඩ් එක පාවිච්චි කරන්න බෑ.,card_not_working,card_not_working,True
388,මගේ කාඩ් එකට උදව් ඕනේ. ඒක වැඩ කරන්නේ නෑ.,card_not_working,card_not_working,True
389,මට මගේ කාඩ් එක පාවිච්චි කරගන්න බෑ.,card_not_working,card_not_working,True
390,මගේ ළඟ තියෙන කාඩ් එක කැඩිලා වගේ.,card_not_working,card_not_working,True
391,මගේ කාඩ් එක වැඩ වෙන්නේ නෑ,card_not_working,card_not_working,True
392,මගේ කාඩ් එක එකපාරටම වැඩ කිරීම නැවැත්තුවා.,card_not_working,card_not_working,True
393,"මම මගේ කාඩ් එක කීප වතාවක්ම පාවිච්චි කරන්න හැදුවා, වැඩ කරන්නේ නෑ.",card_not_working,card_not_working,True
394,මගේ ළඟ තියෙන කාඩ් එක වැඩ කරන්නේ නෑ.,card_not_working,card_not_working,True
395,මගේ කාඩ් එක කිසිම ට්‍රැන්සැක්ෂන් එකක් accept කරන්නේ නෑ. මොකද වැරදිලා තියෙන්නේ??,card_not_working,card_not_working,True
396,මගේ කාඩ් එක වැඩ කරනවද කියලා check කරන්නේ කොහොමද?,card_not_working,card_not_working,True
397,මගේ කාඩ් එකෙන් මොකවත් go through වෙන්නේ නෑ.,card_not_working,declined_card_payment,False
398,මගේ කාඩ් එක වැඩ නොකරන්නේ ඇයි කියලා හොයාගන්නේ කොහොමද?,card_not_working,card_not_working,True
399,"මම මගේ කාඩ් එක deactivate කරලා ඇති, ඒක නිසාද වැඩ කරන්නේ නෑ?",card_not_working,card_not_working,True
400,මට මේකෙන් කරන්සි එක්ස්චේන්ජ් කරන්න පුළුවන්ද?,exchange_via_app,card_payment_wrong_exchange_rate,False
401,මට වෙනස් කරන්සි අතර එක්ස්චේන්ජ් කරන්නේ කොහොමද කියලා කියන්නකෝ.,exchange_via_app,exchange_rate,False
402,මට එක කරන්සියකින් තව කරන්සියකට මාරු වෙන්න පුළුවන්ද?,exchange_via_app,fiat_currency_support,False
403,LKR එක USD එකට මාරු කරන්නේ කොහොමද?,exchange_via_app,exchange_via_app,True
404,මේ ඇප් එක කරන්සි එක්ස්චේන්ජ් කරනවද?,exchange_via_app,exchange_rate,False
405,ඇප් එකෙන් කරන්සි convert කරන්නේ කොහොමද?,exchange_via_app,exchange_via_app,True
406,කරන්සි එක්ස්චේන්ජ් කරන්නේ කොහොමද?,exchange_via_app,exchange_rate,False
407,මට මේ ඇප් එකෙන් කරන්සි එක්ස්චේන්ජ් කරන්න පුළුවන්ද?,exchange_via_app,exchange_rate,False
408,එක කරන්සියකින් තව කරන්සියකට එක්ස්චේන්ජ් එකක් කරන්නේ කොහොමද?,exchange_via_app,exchange_rate,False
409,USD සහ LKR අතර මාරු කරගන්නේ කොහොමද?,exchange_via_app,exchange_via_app,True
410,මොන කරන්සිද එක්ස්චේන්ජ් කරන්න පුළුවන්?,exchange_via_app,exchange_rate,False
411,ඔයාලගේ ඇප් එක පාවිච්චි කරලා USD සහ LKR අතර කරන්සි එක්ස්චේන්ජ් කරන්න හොඳම විදිය මොකක්ද?,exchange_via_app,exchange_via_app,True
412,LKR එකෙන් USD එකට මාරු කරන්න ඕනේ නම් ක්‍රියාවලිය මොකක්ද?,exchange_via_app,exchange_via_app,True
413,මට සල්ලි ටිකක් එක්ස්චේන්ජ් කරගන්න පුළුවන්ද?,exchange_via_app,exchange_rate,False
414,වෙනත් කරන්සියකට මාරු වෙන්න පුළුවන්ද?,exchange_via_app,exchange_via_app,True
415,මගේ LKR එක USD එකට එක්ස්චේන්ජ් කරන්නේ කොහොමද?,exchange_via_app,exchange_via_app,True
416,මට වෙනත් රටක මගේ සල්ලි පාවිච්චි කරන්නේ කොහොමද?,exchange_via_app,exchange_via_app,True
417,"මට විදේශ කරන්සි ලැබුනොත්, ඒවා ඇප් එකෙන් එක්ස්චේන්ජ් කරගන්න පුළුවන්ද?",exchange_via_app,exchange_rate,False
418,මට වෙනත් කරන්සියකට මාරු වෙන්න පුළුවන්ද?,exchange_via_app,fiat_currency_support,False
419,"මට ඕනේ USD, LKR නෙවෙයි, ඒක මාරු කරන්නේ කොහොමද?",exchange_via_app,exchange_via_app,True
420,කරන්සි එක්ස්චේන්ජ් කරන්න හොඳම විදිය මොකක්ද?,exchange_via_app,exchange_rate,False
421,මට USD වෙනුවට LKR ඕනේ නම් මම මොකද කරන්න ඕනේ?,exchange_via_app,exchange_via_app,True
422,මේ ඇප් එකෙන් කරන්සි එක්ස්චේන්ජ් කරන්න පුළුවන්ද කියලා හිතුවා.,exchange_via_app,exchange_rate,False
423,"මට LKR වෙනුවට USD ඕනේ වෙයි, ඒක මාරු කරන්නේ කොහොමද?",exchange_via_app,exchange_via_app,True
424,කරන්සි එක්ස්චේන්ජ් ක්‍රියාවලිය හරහා යන්නේ කොහොමද?,exchange_via_app,exchange_rate,False
425,කරන්සිය මාරු කරන්න,exchange_via_app,edit_personal_details,False
426,මට කරන්සි එක්ස්චේන්ජ් කරගන්න පුළුවන්ද?,exchange_via_app,card_payment_wrong_exchange_rate,False
427,LKR මාරු කරන්න කොහෙට යන්න ඕනේද?,exchange_via_app,edit_personal_details,False
428,මට මොන කරන්සි වලට එක්ස්චේන්ජ් කරන්න පුළුවන්ද?,exchange_via_app,exchange_rate,False
429,මේ ඇප් එක මොන කරන්සි එක්ස්චේන්ජ් කරයිද?,exchange_via_app,exchange_rate,False
430,මේ ඇප් එකට මට කරන්සි එක්ස්චේන්ජ් කරන්න උදව් කරන්න පුළුවන්ද?,exchange_via_app,card_payment_wrong_exchange_rate,False
431,මට කරන්සි ටිකක් එක්ස්චේන්ජ් කරගන්න ඕනේ.,exchange_via_app,exchange_rate,False
432,ඇප් එකෙන් LKR සහ USD අතර එක්ස්චේන්ජ් කරගන්න පුළුවන්ද?,exchange_via_app,exchange_via_app,True
433,මේ ඇප් එකේ කරන්සි එක්ස්චේන්ජ් එකක් තියෙනවද?,exchange_via_app,exchange_rate,False
434,මගේ කරන්සිය USD එකෙන් EUR එකට මාරු කරන්න පුළුවන්ද?,exchange_via_app,fiat_currency_support,False
435,"මට ඕනේ USD කියලා හිතෙනවා, LKR නෙවෙයි, උදව් කරන්නකෝ?",exchange_via_app,exchange_via_app,True
436,කරන්සි එක්ස්චේන්ජ් කරගන්නේ කොහොමද?,exchange_via_app,exchange_rate,False
437,මට මේ ඇප් එක පාවිච්චි කරලා USD එක euros වලට මාරු කරගන්න පුළුවන්ද?,exchange_via_app,exchange_via_app,True
438,මගේ account එකෙන් කරන්සි එක්ස්චේන්ජ් කරගන්න පුළුවන්ද?,exchange_via_app,exchange_rate,False
439,මට කරන්සි එක්ස්චේන්ජ් කරගන්න ඕනේ,exchange_via_app,card_payment_wrong_exchange_rate,False
440,"අද මගේ ලොකර් එකෙන් gym bag එකම, wallet එකත් එක්ක, හොරකම් කරගෙන ගියා. wallet එකේ තිබුන හැම දේම නෑ - කාඩ් එක පාවිච්චි කරන්න බැරි විදියට block කරන්නේ කොහොමද?",lost_or_stolen_card,topping_up_by_card,False
441,"මට මගේ කාඩ් එක හොයාගන්න බෑ, ඒක හොරකම් කරලා ඇති කියලා හිතෙනවා.",lost_or_stolen_card,lost_or_stolen_card,True
442,"කවුරු හරි මගේ කාඩ් එක හොරකම් කළා. ඒක හොරකම් කළා කියලා report කරන්න ඕනේ. පොලීසියට දැනටමත් report කළා, ඒත් ඔයාලා ළඟ report කරන්නේ කොහොමද?",lost_or_stolen_card,lost_or_stolen_card,True
443,"මට මගේ කාඩ් එක හොයාගන්න බෑ, ඒක නෑ.",lost_or_stolen_card,lost_or_stolen_card,True
444,මගේ කාඩ් එක නැති වුනා! මම මොකද කරන්න පුළුවන්?,lost_or_stolen_card,lost_or_stolen_card,True
445,මම මගේ කාඩ් එක නැති කළා,lost_or_stolen_card,lost_or_stolen_card,True
446,අනේ! මම මගේ කාඩ් එක නැති කළා! උදව්!,lost_or_stolen_card,lost_or_stolen_card,True
447,"මගේ කාඩ් එක හොරකම් කරලා ඇති කියලා මම හිතනවා, මේකට මම මොකද කරන්න පුළුවන්? මේක urgent.",lost_or_stolen_card,lost_or_stolen_card,True
448,උදව්! කවුරු හරි මගේ කාඩ් එක හොරකම් කළා!,lost_or_stolen_card,lost_or_stolen_card,True
449,උදව්. මගේ කාඩ් එක හොරකම් කරලා!,lost_or_stolen_card,lost_or_stolen_card,True
450,"කාඩ් එක නැති වුනා, උදව් කරන්නකෝ",lost_or_stolen_card,lost_or_stolen_card,True
451,මගේ කාඩ් එක හොරකම් වුනා කියලා report කරන්නේ කොහොමද?,lost_or_stolen_card,lost_or_stolen_card,True
452,"මගේ කාඩ් එක නෑ, ඒක හොරකම් කරලා ඇති කියලා මම හිතන්නේ",lost_or_stolen_card,lost_or_stolen_card,True
453,report process එක complete කරන්න පොලිස් reportයේ copy එකක් ඕනේද?,lost_or_stolen_card,verify_my_identity,False
454,අද මගේ credit cards ඔක්කොම එක්ක wallet එක නැති කළා. ප්ලීස් කාඩ් එක block කරලා replacement එකක් එවන්නකෝ?,lost_or_stolen_card,compromised_card,False
455,හොරකම් කරපු කාඩ් එකකට කරන්නේ මොකක්ද?,lost_or_stolen_card,lost_or_stolen_card,True
456,"මගේ කාඩ් එක freeze කරන්නකෝ, ඒක හොරකම් කරලා",lost_or_stolen_card,lost_or_stolen_card,True
457,උදව්! මට මගේ කාඩ් එක හොයාගන්න බෑ.,lost_or_stolen_card,lost_or_stolen_card,True
458,මගේ කාඩ් එක නැති කළොත් මම මොකද කරන්න ඕනේ?,lost_or_stolen_card,lost_or_stolen_card,True
459,නැති වුන කාඩ් එකකට මට උදව් ඕනේ,lost_or_stolen_card,lost_or_stolen_card,True
460,මගේ කාඩ් එක හොරකම් කරලා ඇති කියලා මම හිතනවා.,lost_or_stolen_card,lost_or_stolen_card,True
461,"අද කවුරු හරි මගේ wallet එක හොරකම් කළා, හරියටම කවදද කියලා දන්නේ නෑ, Piccadilly circus එකේ වෙන්න ඇති. කාඩ් එක පාවිච්චි කරන්න try කරලා තියෙනවද කියලා check කරලා ඒක block කරන්නකෝ?",lost_or_stolen_card,lost_or_stolen_card,True
462,මම හිතන්නේ මගේ කාඩ් එක නැති වෙලා. කොච්චර කාලයක් නැති වෙලා ඉන්නවද කියලා දන්නේ නෑ. වෙන කවුරු හරි ඒක පාවිච්චි කරලා තියෙනවද කියලා බලන්න පුළුවන්ද?,lost_or_stolen_card,lost_or_stolen_card,True
463,හොරකම් කරපු කාඩ් එකක් freeze කරන්නේ කොහොමද?,lost_or_stolen_card,lost_or_stolen_card,True
464,මගේ කාඩ් එක නැති වෙලා නම් මම මොකද කරන්න ඕනේ?,lost_or_stolen_card,lost_or_stolen_card,True
465,මගේ බෑග් හොරකම් කළා. මට අලුත් කාඩ් එකක් ඕනේ ඒත් හොරකම් කරපු එක cancel කරන්න ඕනේ.,lost_or_stolen_card,lost_or_stolen_card,True
466,මොකද හරි මගේ කාඩ් එක නැති වෙලා. මම මොකද කරන්න ඕනේ?,lost_or_stolen_card,lost_or_stolen_card,True
467,මගේ කාඩ් එක මගෙන් අරන්,lost_or_stolen_card,card_swallowed,False
468,මගේ කාඩ් එක නැති වුනා.,lost_or_stolen_card,lost_or_stolen_card,True
469,කවුරු හරි ගොනෙක් මගේ කාඩ් එක හොරකම් කළා.,lost_or_stolen_card,lost_or_stolen_card,True
470,මගේ කාඩ් එක නැති වුනා/හොරකම් වුනා කියලා report කරන්නේ කොහොමද?,lost_or_stolen_card,lost_or_stolen_card,True
471,මගේ කාඩ් එක නැති වුනා! දැන් මම මොකද කරන්නේ?,lost_or_stolen_card,lost_or_stolen_card,True
472,"මම Spain එකේ ඉන්නේ, මගේ දේවල් හොරකම් කරලා. ඒත් එක්ක මගේ කාඩ් එකත් තිබුනා, මට අලුත් එකක් එවන්න ඕනේ, පරණ එක freeze කරන්න ඕනේ.",lost_or_stolen_card,lost_or_stolen_card,True
473,මගේ credit card එක හොරකම් කරලා ඇති කියලා මම හිතනවා.,lost_or_stolen_card,topping_up_by_card,False
474,හොරකම් කරපු කාඩ් එකක් report කරන්නේ කොහොමද?,lost_or_stolen_card,lost_or_stolen_card,True
475,"කවුරු හරි මගේ කාඩ් එක හොරකම් කළා, ප්ලීස් මට උදව් ඕනේ.",lost_or_stolen_card,lost_or_stolen_card,True
476,මට මගේ credit card එක හොයාගන්න බෑ.,lost_or_stolen_card,topping_up_by_card,False
477,ඔයාලට මගේ කාඩ් එක locate කරන්න පුළුවන්ද?,lost_or_stolen_card,order_physical_card,False
478,මගේ කාඩ් එක හොරකම් වුනා!,lost_or_stolen_card,lost_or_stolen_card,True
479,ප්ලීස් මට උදව් කරන්න! මගේ කාඩ් එක හොරකම් වුනා!,lost_or_stolen_card,lost_or_stolen_card,True
480,මට account එකක් ගන්න කොච්චර වයසක් ඉන්න ඕනේද,age_limit,age_limit,True
481,මගේ account එකක් open කරන්න මට ඉන්න පුළුවන් අඩුම වයස කීයද?,age_limit,age_limit,True
482,මට කොච්චර වයසක් ඉන්න ඕනේද?,age_limit,age_limit,True
483,ළමයෙක්ට account එකක් open කරන්න පුළුවන්ද?,age_limit,age_limit,True
484,අපිට කොච්චර වයසක් ඉන්න ඕනේද?,age_limit,age_limit,True
485,මගේ දුවට account එකක් set කරන්නේ කොහොමද?,age_limit,age_limit,True
486,අඩුම වයස ලිමිට් එකක් තියෙනවද?,age_limit,age_limit,True
487,account එකක් තියාගන්න පුළුවන් අඩුම වයස මොකක්ද?,age_limit,age_limit,True
488,මගේ වයස කීයක් ඉන්න ඕනේද?,age_limit,age_limit,True
489,මගේ දුවට account එකක් open කරන්න පුළුවන්ද?,age_limit,age_limit,True
490,account එකක් open කරන්න අඩුම වයස මොකක්ද?,age_limit,age_limit,True
491,අඩුම වයස මොකක්ද?,age_limit,age_limit,True
492,මට වයස 17 විතරයි. මට account එකක් හදාගන්න පුළුවන්ද?,age_limit,age_limit,True
493,මගේ ළමයින්ට account එකක් open කරන්න පුළුවන්ද?,age_limit,age_limit,True
494,account එකක් open කරන්න වයස මොකක්ද?,age_limit,age_limit,True
495,මගේ ළමයට account එකක් open කරන්නේ කොහොමද?,age_limit,age_limit,True
496,මගේ අලුත උපන් බබාට බැංකු account එකක් open කරන්න පුළුවන්ද?,age_limit,age_limit,True
497,account එකක් open කරන්න මට කොච්චර වයසක් ඉන්න ඕනේද?,age_limit,age_limit,True
498,ළමයින්ට සල්ලි save කරන අත්දැකීමක් ලබාදෙන services ඔයාලා ළඟ තියෙනවද?,age_limit,age_limit,True
499,මගේ ළමයින්ට ඔයාලගේ service එක පාවිච්චි කරන්න ඕනේ නම් ඒගොල්ලන්ට කොච්චර වයසක් ඉන්න ඕනේද?,age_limit,age_limit,True
500,මගේ වයස 19 දුවට බැංකුවේ savings account එකක් open කරන්න පුළුවන්ද?,age_limit,age_limit,True
501,account එකක් ගන්න කොච්චර වයසක් ඉන්න ඕනේද?,age_limit,age_limit,True
502,account එකක් open කරන්න ඕන අඩුම වයස කීයද?,age_limit,age_limit,True
503,"මගේ ළමයින්ට account එකක් ඕනේ, ඒක කරන්නේ කොහොමද?",age_limit,age_limit,True
504,මගේ ළමයින්ට තමන්ගේම account එකක් තියාගන්න පුළුවන්ද?,age_limit,age_limit,True
505,මගේ ළමයින්ට account එකක් open කරගන්න පුළුවන්ද?,age_limit,age_limit,True
506,මේ service එක පාවිච්චි කරන්න මගේ ළමයින්ට නිශ්චිත වයසක් ඉන්න ඕනේද?,age_limit,age_limit,True
507,account එකක් open කරන්න පුළුවන් වෙන්න කොච්චර වයසක් ඉන්න ඕනේද?,age_limit,age_limit,True
508,වයස ලිමිට් එකක් තියෙනවද?,age_limit,age_limit,True
509,account එකක් open කරන්න වයස requirements මොනවද?,age_limit,age_limit,True
510,මට මගේ දුවට account එකක් open කරන්න පුළුවන්ද,age_limit,age_limit,True
511,account එකක් open කරන්න මට ඉන්න ඕන වයස කීයද?,age_limit,age_limit,True
512,services වලට sign up කරන්න පුළුවන් වයස මොකක්ද?,age_limit,age_limit,True
513,ඔයාලගේ service එක පාවිච්චි කරන්න මගේ ළමයින්ට කොච්චර වයසක් ඉන්න ඕනේද?,age_limit,age_limit,True
514,ඔයාලගේ service එක පාවිච්චි කරන්න මගේ ළමයින්ට ඕනේ වයස මොකක්ද?,age_limit,age_limit,True
515,account එකක් open කරන්න මගේ ළමයින්ට කොච්චර වයසක් ඉන්න ඕනේද?,age_limit,age_limit,True
516,account එකක් open කරන්න මගේ ළමයින්ට ඉන්න ඕන වයස කීයද?,age_limit,age_limit,True
517,account එකක් open කරන්න පුළුවන් අඩුම වයස කීයද?,age_limit,age_limit,True
518,account එකක් open කරන්න පුළුවන් අඩුම වයස මොකක්ද?,age_limit,age_limit,True
519,බැංකුවේ account එකක් තියාගන්න කොච්චර වයසක් ඉන්න ඕනේද?,age_limit,age_limit,True
520,මගේ PIN එක unlock කරගන්නේ කොහොමද?,pin_blocked,pin_blocked,True
521,මගේ PIN එක බලන්නේ කොහෙද?,pin_blocked,get_physical_card,False
522,ඔයාලා මගේ PIN එක reinstate කරනවද?,pin_blocked,get_physical_card,False
523,මම අහම්බෙන් මගේ PIN එක block කළා. ඒක reset කරන්නේ කොහොමද?,pin_blocked,pin_blocked,True
524,වැරදියට ගොඩක් වතාවක් දාපු පස්සේ මගේ pin එක unblock කරන්නේ කොහොමද?,pin_blocked,pin_blocked,True
525,"මම වැරදි pin එක ගොඩක් වතාවක් දැම්මා, දැන් account එක block වෙලා. unblock කරන්නේ කොහොමද?",pin_blocked,pin_blocked,True
526,"මම බීලා ඉන්නකොට කාඩ් එක block කළා, උදව් ඕනේ?",pin_blocked,pin_blocked,True
527,"මගේ PIN එක reset කරන්නේ කොහොමද, මට කාඩ් එක පාවිච්චි කරන්න බෑ වගේ?",pin_blocked,card_not_working,False
528,"මම වැරදි pin එක ගොඩක් වතාවක් දැම්මම block වුනා, ඒ නිසා මගේ pin එක unblock කරන්න උදව් කරන්නද",pin_blocked,pin_blocked,True
529,"මගේ pin එක block වුනා, ඒක ආයෙත් පාවිච්චි කරන්න පුළුවන් වෙන්නේ කොහොමද?",pin_blocked,pin_blocked,True
530,block වෙන්න කලින් මට pin එක දාන්න පුළුවන් වතාවන් කීයද?,pin_blocked,pin_blocked,True
531,මම PIN එක ගොඩක් වතාවක් දාන්න try කළොත් මම මොකද කරන්න ඕනේ?,pin_blocked,pin_blocked,True
532,මට PIN එක try කරන්න පුළුවන් වතාවන් ගණන ඉක්මවලා,pin_blocked,get_physical_card,False
533,මගේ account එකේ block වුන pin number එකක් unblock කරන්නේ කොහොමද?,pin_blocked,pin_blocked,True
534,bank machine එක මගේ PIN attempts accept නොකළොත් මම මොකද කරන්න ඕනේ?,pin_blocked,card_swallowed,False
535,මගේ pin එක unlock කරන්නකෝ? මම වැරදි pin එක ගොඩක් වතාවක් දැම්මා වගේ.,pin_blocked,pin_blocked,True
536,block වුන PIN එකකට කරන්නේ මොකක්ද?,pin_blocked,pin_blocked,True
537,"මම බීලා ඉන්නකොට කාඩ් එක පාවිච්චි කරන්න try කළා, PIN එක වැරදුනා, machine එක මගේ කාඩ් එක තියාගත්තා. ඒක ආපහු ලැබෙන්නේ කවදද?",pin_blocked,card_swallowed,False
538,ඇප් එක පාවිච්චි කරලා මගේ කාඩ් එක unblock කරන්න පුළුවන්ද?,pin_blocked,pin_blocked,True
539,මට PIN එක try කරන්න පුළුවන් වතාවන් ඔක්කොම ඉවර වෙලා,pin_blocked,pin_blocked,True
540,ගොඩක් වතාවක් try කරලා locked වුන මගේ pin එක unlock කරන්නේ කොහොමද?,pin_blocked,pin_blocked,True
541,"උදව්! මට මගේ PIN එක අමතක වෙලා, කාඩ් එක පාවිච්චි කරන්න බැරි වෙලා.",pin_blocked,pin_blocked,True
542,"මගේ account එක block වෙලා, දැන් log in කරන්නේ කොහොමද",pin_blocked,pin_blocked,True
543,මම block වුනේ ඇයි?,pin_blocked,pin_blocked,True
544,ඔයාලට මගේ pin එක unblock කරන්න පුළුවන්ද?,pin_blocked,pin_blocked,True
545,මගේ PIN එක unblock කරන්න උදව් කරන්නකෝ? මම ඒක වැරදියට ගොඩක් වතාවක් දැම්මා.,pin_blocked,pin_blocked,True
546,"මම වැරදි pin එක ගොඩක් වතාවක් දැම්මා, දැන් block වෙලා. unblock කරන්න උදව් කරන්න!",pin_blocked,pin_blocked,True
547,"මගේ pin එක block වෙලා වගේ, ප්ලීස් ඒක unblock කරන්නකෝ",pin_blocked,pin_blocked,True
548,ගොඩක් වැරදි pin attempts වලින් පස්සේ මගේ pin එක unblock කරන්නකෝ?,pin_blocked,pin_blocked,True
549,මගේ pin එක unblock කරන්න ඔයාලට මොකද කරන්න පුළුවන්?,pin_blocked,pin_blocked,True
550,"මගේ PIN එක block වෙලා, මම මොකද කරන්න ඕනේ?",pin_blocked,pin_blocked,True
551,මගේ PIN එක reactivate කරගන්න පුළුවන්ද?,pin_blocked,change_pin,False
552,මගේ PIN එක reset කරන්නේ කොහොමද?,pin_blocked,get_physical_card,False
553,මගේ pin එක unblock කරගන්න පුළුවන්ද?,pin_blocked,pin_blocked,True
554,මගේ PIN එක unblock කරන්නේ කොහොමද?,pin_blocked,pin_blocked,True
555,"මගේ කාඩ් එක freeze වෙලා, මම මොකද කරන්න පුළුවන්?",pin_blocked,lost_or_stolen_card,False
556,pin එක unlock කරන්නේ කොහොමද?,pin_blocked,pin_blocked,True
557,"මගේ pin එක block වෙලා නිසා, ඒක unblock කරන්න උදව් කරන්නද?",pin_blocked,pin_blocked,True
558,"මගේ PIN එක වැඩ කරන්නේ නෑ, මට උදව් ඕනේ.",pin_blocked,pin_blocked,True
559,මගේ PIN එක unblock කරගන්නේ කොහෙන්ද?,pin_blocked,pin_blocked,True
560,මගේ අලුත් කාඩ් එකේ contactless payments enable වෙලා තියෙනවද?,contactless_not_working,contactless_not_working,True
561,මගේ contactless එක වැඩ කිරීම නැවැත්තුවා,contactless_not_working,contactless_not_working,True
562,අලුත් කාඩ් එකක් process එකට ඕනේ documents මොනවද?,contactless_not_working,verify_my_identity,False
563,"මොකද වැරදිලා තියෙන්නේ කියලා දන්නේ නෑ, මගේ contactless එක වැඩ කිරීම නැවැත්තුවා. අද තැන් කීපයකදිම try කළා, කොහෙවත් වැඩ කළේ නෑ.",contactless_not_working,contactless_not_working,True
564,මගේ කාඩ් එකේ contactless feature එක වැඩ කරන්නේ කොහොමද?,contactless_not_working,contactless_not_working,True
565,"අද බස් එකේදි contactless payment එකක් කරන්න try කළා, වැඩ කළේ නෑ. ඇයි කියලා අදහසක් තියෙනවද?",contactless_not_working,contactless_not_working,True
566,මට සතියකටත් වඩා මගේ කාඩ් එකෙන් contactless pay කරන්න බැරි වෙලා. මේක fix කරන්න විදියක් තියෙනවද?,contactless_not_working,contactless_not_working,True
567,මගේ contactless එක වැඩ නොකරන්නේ ඇයි කියලා ඔයාලා දන්නවද?,contactless_not_working,contactless_not_working,True
568,මගේ contactless payments successfully complete වෙලා නෑ.,contactless_not_working,contactless_not_working,True
569,අද කඩේදි contactless pay කරන්න try කරලා වැඩ නොකළොත් මම කාඩ් එක replace කරන්න ඕනේද?,contactless_not_working,contactless_not_working,True
570,මොකද හරි හේතුවක් නිසා මගේ contactless එක වැඩ කිරීම නැවැත්තුවා. ප්‍රොබ්ලම් එක මොකක්ද කියලා දන්නේ නෑ. මම මොකද කරන්න පුළුවන්?,contactless_not_working,contactless_not_working,True
571,"අද උදේ මට contactless එක පාවිච්චි කරන්න බැරි වුනා, ඒක accept වුනේ නෑ.",contactless_not_working,contactless_not_working,True
572,Contactless එක මට වැඩ කරන්නේ නෑ,contactless_not_working,contactless_not_working,True
573,අද බස් එකේදි pay කරන්න try කළම contactless payment එක වැඩ නොකළේ ඇයි?,contactless_not_working,contactless_not_working,True
574,contactless pay allow කරන්න මගේ security settings check කරන්නේ කොහොමද?,contactless_not_working,contactless_not_working,True
575,contactless වැඩ නොකළොත් මම මොකද කරන්න පුළුවන්?,contactless_not_working,contactless_not_working,True
576,මගේ contactless එක fix කරන්න,contactless_not_working,contactless_not_working,True
577,metro එකට මගේ contactless එක වැඩ කරවගන්නේ කොහොමද?,contactless_not_working,contactless_not_working,True
578,මගේ contactless එක වැඩ කරන්නේ නෑ,contactless_not_working,contactless_not_working,True
579,මගේ contactless එක fix කරන්න උදව් කරන්නද?,contactless_not_working,contactless_not_working,True
580,මොකද හරි හේතුවක් නිසා මගේ contactless එක මට වැඩ කරන්නේ නෑ.,contactless_not_working,contactless_not_working,True
581,මට purchases වලට contactless payments පාවිච්චි කරන්න බෑ.,contactless_not_working,contactless_not_working,True
582,"මගේ බස් ගානට pay කරන්න try කළම, contactless payment එක වැඩ කළේ නෑ. මෙතන් එහාට මේක වළක්වගන්නේ කොහොමද?",contactless_not_working,contactless_not_working,True
583,අද බස් එකේදි NFC payment එක වැඩ කළේ නෑ. උදව්?,contactless_not_working,declined_card_payment,False
584,"මට මගේ කාඩ් එක contactless විදියට පාවිච්චි කරන්න ඕනේ වුනා ඒත් වැඩ කරන්නේ නෑ වගේ, ප්‍රොබ්ලම් එක මොකක්ද වෙන්න පුළුවන්?",contactless_not_working,contactless_not_working,True
585,contactless එක වැඩ කරවගන්නේ කොහොමද,contactless_not_working,contactless_not_working,True
586,අලුත් කාඩ් එකකට charges මොනවද?,contactless_not_working,contactless_not_working,True
587,මගේ ළඟ තියෙන contactless එක වැඩ කරන්නේ නෑ.,contactless_not_working,contactless_not_working,True
588,මගේ contactless එක වැඩ නොකරන්නේ ඇයි?,contactless_not_working,contactless_not_working,True
589,අද metro එකේදි මට contactless එක පාවිච්චි කරන්න ඕනේ වුනා ඒත් ඒක accept කළේ නෑ!,contactless_not_working,contactless_not_working,True
590,අද බස් එකේදි contactless pay කරන්න try කළම වැඩ කළේ නෑ. ඇයි?,contactless_not_working,contactless_not_working,True
591,මට contactless කරන්න බෑ.,contactless_not_working,contactless_not_working,True
592,contactless payments පාවිච්චි කරන්නේ කොහොමද?,contactless_not_working,contactless_not_working,True
593,වැඩ නොකරන මගේ contactless එකට උදව් කරන්න.,contactless_not_working,contactless_not_working,True
594,contactless වැඩ නොකරන ප්‍රොබ්ලම් එක fix කරන්නේ කොහොමද?,contactless_not_working,contactless_not_working,True
595,contactless pay පාවිච්චි කරන්නේ කොහොමද?,contactless_not_working,contactless_not_working,True
596,contactless pay enable කරන්නේ කොහොමද?,contactless_not_working,contactless_not_working,True
597,contactless payment එකකට කලින් regular payment එකක් කරන්න ඕනේද?,contactless_not_working,contactless_not_working,True
598,මගේ contactless එක වැඩ කරන්නේ කොහෙද කියලා දැනගන්නේ කොහොමද?,contactless_not_working,contactless_not_working,True
599,මම payment app එක reinstall කරන්න ඕනේද?,contactless_not_working,card_payment_not_recognised,False
600,transfers accept කරන්න ඔයාලා කීයක් අයකරනවද,top_up_by_bank_transfer_charge,top_up_by_bank_transfer_charge,True
601,මට transfer එකක් කරන්න ඕනේ. ඒකට කීයක් යනවද?,top_up_by_bank_transfer_charge,top_up_by_bank_transfer_charge,True
602,"මට transfer එකක් කරන්න ඕනේ, ෆී එක කීයක්ද?",top_up_by_bank_transfer_charge,top_up_by_bank_transfer_charge,True
603,මම top-up එකක් කළොත් charges apply වෙනවද?,top_up_by_bank_transfer_charge,top_up_by_bank_transfer_charge,True
604,මට SWIFT එකෙන් transfer කරන්නත් පුළුවන්ද?,top_up_by_bank_transfer_charge,top_up_by_bank_transfer_charge,True
605,SWIFT transfers accept කරනවද?,top_up_by_bank_transfer_charge,top_up_by_bank_transfer_charge,True
606,මට SWIFT පාවිච්චි කරලා මගේ account එක refill කරගන්න ඕනේ.,top_up_by_bank_transfer_charge,top_up_by_bank_transfer_charge,True
607,transfer එකෙන් top up කරන්න මට ගෙවන්න ඕනේද?,top_up_by_bank_transfer_charge,top_up_by_bank_transfer_charge,True
608,transfer top up එකකට fees වගේ දෙයක් තියෙනවද?,top_up_by_bank_transfer_charge,top_up_by_bank_transfer_charge,True
609,SWIFT එකෙන් transfer එකක් ගන්න පුළුවන්ද?,top_up_by_bank_transfer_charge,top_up_by_bank_transfer_charge,True
610,සල්ලි receive කරන්න මට fees ගෙවන්න ඕනේද?,top_up_by_bank_transfer_charge,top_up_by_bank_transfer_charge,True
611,සල්ලි receive කරන්න මට කීයක් අයකරනවද?,top_up_by_bank_transfer_charge,top_up_by_bank_transfer_charge,True
612,ඔයාලා SWIFT transfers handle කරනවද?,top_up_by_bank_transfer_charge,top_up_by_bank_transfer_charge,True
613,ලැබෙන සල්ලි වලට charges තියෙනවද?,top_up_by_bank_transfer_charge,top_up_by_card_charge,False
614,transfer එකකට fee එකක් යනවද?,top_up_by_bank_transfer_charge,transfer_fee_charged,False
615,SEPA transfer එකක් receive කරන්න charges තියෙනවද?,top_up_by_bank_transfer_charge,top_up_by_bank_transfer_charge,True
616,මම මගේ බැංකුවෙන් සල්ලි transfer කරලා account එක top-up කළොත් මට charge කරනවද?,top_up_by_bank_transfer_charge,top_up_by_bank_transfer_charge,True
617,කවුරු හරි මට සල්ලි එවනවා නම් මට charge කරනවද?,top_up_by_bank_transfer_charge,top_up_by_bank_transfer_charge,True
618,top-ups වලට fees මොනවද?,top_up_by_bank_transfer_charge,top_up_by_card_charge,False
619,transfer එකෙන් top up කිරීම මගේ account එකට charge එකකට හේතු වෙනවද?,top_up_by_bank_transfer_charge,top_up_by_bank_transfer_charge,True
620,සල්ලි receive කරන්න charges මොනවද?,top_up_by_bank_transfer_charge,top_up_by_bank_transfer_charge,True
621,සල්ලි receive කරන්න fee එක මොකක්ද?,top_up_by_bank_transfer_charge,top_up_by_bank_transfer_charge,True
622,SEPA transfer එකකට මට කීයක් අයකරනවද?,top_up_by_bank_transfer_charge,top_up_by_bank_transfer_charge,True
623,SEPA transfer එකේ fee එක කීයද?,top_up_by_bank_transfer_charge,top_up_by_bank_transfer_charge,True
624,SEPA transfer එකකට මට කීයක් charge කරයිද?,top_up_by_bank_transfer_charge,top_up_by_bank_transfer_charge,True
625,transfer එකෙන් top up කරන්න charge එකක් තියෙනවද?,top_up_by_bank_transfer_charge,top_up_by_bank_transfer_charge,True
626,ඔයාලා SWIFT transfers කරනවද?,top_up_by_bank_transfer_charge,top_up_by_bank_transfer_charge,True
627,transfer එකෙන් top up කරන්න charge කරයි කියලා බලාපොරොත්තු වෙන්නද?,top_up_by_bank_transfer_charge,top_up_by_bank_transfer_charge,True
628,SEPA transfer එකකට මට charge කරයිද?,top_up_by_bank_transfer_charge,top_up_by_bank_transfer_charge,True
629,transfer එකකට fee එකක් තියෙනවද? තියෙනවනම් කීයද?,top_up_by_bank_transfer_charge,transfer_fee_charged,False
630,මේ බැංකුවේ SWIFT transfers ගැන කියන්නකෝ.,top_up_by_bank_transfer_charge,top_up_by_bank_transfer_charge,True
631,transfer top-up එකකට fee එකක් තියෙනවද?,top_up_by_bank_transfer_charge,top_up_by_bank_transfer_charge,True
632,transfer policy එක මොකක්ද කියලා කියන්නකෝ?,top_up_by_bank_transfer_charge,declined_transfer,False
633,SWIFT transfer එකක් හරිද?,top_up_by_bank_transfer_charge,top_up_by_bank_transfer_charge,True
634,මම SEPA transfer එකක් receive කළොත් fee එකක් charge කරයිද,top_up_by_bank_transfer_charge,top_up_by_bank_transfer_charge,True
635,"transfer එකෙන් top up කරද්දි, මට charge කරයිද?",top_up_by_bank_transfer_charge,top_up_by_bank_transfer_charge,True
636,මගේ බැංකුවෙන් සල්ලි transfer කරන්න fee එක මොකක්ද?,top_up_by_bank_transfer_charge,transfer_fee_charged,False
637,මට සල්ලි ලැබෙනකොට charge කරනවද?,top_up_by_bank_transfer_charge,top_up_by_bank_transfer_charge,True
638,transfer එකක සම්පූර්ණ cost එක මොකක්ද කියලා කියන්නකෝ?,top_up_by_bank_transfer_charge,top_up_by_bank_transfer_charge,True
639,මට swift එකෙන් transfer එකක් කරන්න පුළුවන්ද,top_up_by_bank_transfer_charge,top_up_by_bank_transfer_charge,True
640,"අලුත් customer කෙනෙක්, අද gas fill කරනවා, ඒක වැඩ කරන්නේ නෑ, පැයක බාගයක් ඉඳලා pending කියලා පේනවා!",pending_top_up,pending_top_up,True
641,අද උදේ මගේ කාඩ් එක top කළා ඒත් සල්ලි පේන්නේ නෑ. ඒක complete වුනේ නැත්තේ ඇයි?,pending_top_up,balance_not_updated_after_cheque_or_cash_deposit,False
642,මගේ top up එක තාම pending වෙන්න හේතුව මොකක්ද?,pending_top_up,pending_top_up,True
643,මගේ top-up එකේ delay එකක් තියෙනවා,pending_top_up,pending_top_up,True
644,මගේ top up එක go through වෙලා නැති හේතුවක් තියෙනවද,pending_top_up,pending_top_up,True
645,top-up එක pending.,pending_top_up,pending_top_up,True
646,මගේ top-up එක තාම go through වෙලා නැත්තේ ඇයි කියලා පැහැදිලි කරන්නකෝ?,pending_top_up,pending_top_up,True
647,"මම දැනටමත් top up කළා, ඒත් සල්ලි available විදියට පේන්නේ නෑ. මොකද වුනේ?",pending_top_up,pending_top_up,True
648,මොකද වෙන්නේ? මගේ top-up එක තාම pending. මම ඔයාලගේ සිස්ටම් එක හැමවෙලේම පාවිච්චි කරනවා ඒත් දැන් ඒක pending විදියට විතරයි පේන්නේ.,pending_top_up,pending_top_up,True
649,top-up එකක් process වුනා කියලා මට පේන්නේ නෑ.,pending_top_up,top_up_failed,False
650,මම top up කළා ඒත් complete වුනේ නෑ,pending_top_up,pending_top_up,True
651,"මම අලුත් customer කෙනෙක්, අද මුල් වතාවට top up කරන්න try කළා. පැයක බාගයක් ඉඳලා pending, වැඩ කරන්නේ නෑ වගේ. ප්ලීස් මේක fix කරන්න ඕනේ.",pending_top_up,pending_top_up,True
652,මගේ top up එක pending.,pending_top_up,pending_top_up,True
653,"ප්ලීස් මගේ top up එක බලන්නකෝ. මම ඒක කළේ පැය 3කටත් කලින්, ඒත් තාම pending.",pending_top_up,pending_top_up,True
654,"ප්ලීස් මගේ top up එක පුළුවන් තරම් ඉක්මනට go through කරන්නකෝ. මට ඇත්තටම සල්ලි ඕනේ, දැනටමත් පැයක් pending.",pending_top_up,pending_top_up,True
655,"top-up එකට මොකද වෙන්නේ? pending, pending, pending කියලා විතරයි කියන්නේ! මම ඔයාලගේ service එක සතියකට කීප වතාවක් පාවිච්චි කරනවා, කවදාවත් ප්‍රොබ්ලමයක් වුනේ නෑ! මෙතන මොකද වෙන්නේ?",pending_top_up,pending_top_up,True
656,මගේ top up එක තාම go through වෙලා නැත්තේ ඇයි,pending_top_up,pending_top_up,True
657,top-up එක process වෙන්න ලේසි,pending_top_up,top_up_failed,False
658,"ඔයාලගේ වෙබ්සයිට් එකේ මොකක් හරි වැරැද්දක් තියෙනවද? මම account එක top up කරන්න try කළා, පැය 2කට ළඟින් ඉඳලා තාම ""pending"". මම දැන් තමයි ඔයාලා එක්ක join වුනේ, මේක මුල් try එක, ඒ නිසා මම වැරදි වෙන්නත් පුළුවන්, ඒත් මේක instant විය යුතු නෑද?",pending_top_up,pending_top_up,True
659,"මම ටිකකට කලින් කාඩ් එකෙන් top up කළා, තාම pending, දැනට වෙලා ඉවර වෙන්න ඕනේ නේද?",pending_top_up,pending_top_up,True
660,මගේ top-up එක complete වෙලා නැත්තේ ඇයි?,pending_top_up,pending_top_up,True
661,top up එක complete වුනේ නෑ,pending_top_up,pending_top_up,True
662,"මම දැන් තමයි top-up එක කාඩ් එකට දැම්මේ, ඒක වෙනස් වෙලා නෑ.",pending_top_up,pending_top_up,True
663,මගේ top up එක තාම pending ඇයි?,pending_top_up,pending_top_up,True
664,"ඔයාලගේ top-up function එක වැඩ කරන්නේ නෑ, මගේ කාඩ් එක වැඩ කරනවා කියලා දන්නත් තාම pending කියලා තියෙනවා.",pending_top_up,pending_top_up,True
665,"හලෝ මම අලුත් customer කෙනෙක්, අද මුල් වතාවට top up කරන්න try කළා, වැඩ කරන්නේ නෑ වගේ, දැනටමත් පැයක බාගයක් ඉඳලා pending කියලා පේනවා! ප්ලීස් fix කරන්නකෝ!",pending_top_up,pending_top_up,True
666,"අනේ! මම කාඩ් එක load කරන්න try කරනවා ඒත් top up වෙන්නේ නෑ! මට ඇත්තටම සල්ලි ඕනේ කාඩ් එකේ නැත්තම් බැංකුවේ, ඒක කොහෙද?",pending_top_up,pending_top_up,True
667,මම මගේ account එක top-up කරන්න try කරනවා ඒත් පැයක් ඉඳලා pending.,pending_top_up,pending_top_up,True
668,මගේ top-up එක තාම outstanding ඇයි?,pending_top_up,pending_top_up,True
669,මගේ top up එක තාම pending කියලා කියද්දි ඒකේ තේරුම මොකක්ද?,pending_top_up,pending_top_up,True
670,"මගේ top up එක වැඩ කළේ නෑ, පසුගිය පැය කීපයක් ඉඳලා pending එකේ stuck වෙලා",pending_top_up,pending_top_up,True
671,top-up එක complete වුනා වගේ පේන්නේ නෑ.,pending_top_up,pending_top_up,True
672,මම කාඩ් එකෙන් කළත් මගේ top up එක තාම pending කියලා කියන්නේ ඇයි.,pending_top_up,pending_top_up,True
673,මම top off කරපු සල්ලි කොහෙද?,pending_top_up,pending_top_up,True
674,"හලෝ. මම ඔයාලගේ සිස්ටම් එකට අලුත් customer කෙනෙක්, මොකක් හරි හරියට වැඩ කරන්නේ නෑ කියලා මම හිතන්නේ - නැත්තම් හරි වෙන්නත් පුළුවන්. ඔයාලට confirm කරන්න පුළුවන් වෙයි. මම අද top up කරන්න try කළා (මගේ මුල්ම වතාව) පැයකටත් වඩා ""pending"" එකේ stuck වෙලා. මේක වෙන්න ඕනේද නැත්තම් සිස්ටම් එකේ මොකක් හරි වැරදිලාද?",pending_top_up,pending_top_up,True
675,මගේ top-up එක තාම pending ඇයි?,pending_top_up,pending_top_up,True
676,මගේ කාඩ් එක top up කිරීම වැඩ කරන්නේ නෑ මොකද top up එක pending කියලා මම හිතන්නේ,pending_top_up,pending_top_up,True
677,මගේ top-up එක process වෙන්නේ කවදද?,pending_top_up,pending_top_up,True
678,"top-up එකට නියම ප්‍රොබ්ලමයක් තියෙනවා! මම නිතරම ඔයාලගේ service එක පාවිච්චි කරනවා, කලින් ප්‍රොබ්ලමයක් වුනේ නෑ, ඒත් දැන් top-up එක pending කියලා විතරයි පේන්නේ. ඒක pending කියලා continuous ව පේන්නේ ඇයි කියලා කියන්නකෝ.",pending_top_up,pending_top_up,True
679,"මම top up කරන්න try කළා ඒත් මගේ funds pending වගේ. මට දැන්ම මොකක් හරි ගන්න ඕනේ, මම මොකද කරන්න ඕනේ?",pending_top_up,pending_top_up,True
680,"මම අද උදේ ට්‍රැන්සැක්ෂන් එකක් කළා, ඒක revert කරගන්න ඕනේ.",cancel_transfer,cancel_transfer,True
681,මට charge එකක් cancel කරන්න පුළුවන්ද?,cancel_transfer,cancel_transfer,True
682,මට මගේ ට්‍රැන්සැක්ෂන් එක cancel කරන්න පුළුවන්ද?,cancel_transfer,cancel_transfer,True
683,මම ට්‍රැන්සැක්ෂන් එකක් කළා ඒත් වැරදි account එකට කළා.,cancel_transfer,cancel_transfer,True
684,transfer එකක් cancel කරන්නේ කොහොමද කියලා කියන්නකෝ.,cancel_transfer,cancel_transfer,True
685,"මම කරපු transfer එකක් cancel කරන්න ඕනේ. ඒක වැරදි account number එකක්, ඇප් එකෙන් ට්‍රැන්සැක්ෂන් එක stop කරන්න දෙන්නේ නෑ. ප්ලීස් ඒක stop කරන්නකෝ!",cancel_transfer,cancel_transfer,True
686,"මට මගේ මෑත transfer එක දැන්ම cancel කරන්න ඕනේ, මම වැරැද්දක් කළා, ප්ලීස් ඒක go through වෙනකලින් ඉක්මනට උදව් කරන්නකෝ",cancel_transfer,cancel_transfer,True
687,මම අද උදේ කරපු ට්‍රැන්සැක්ෂන් එකක් revert කරගන්න ඕනේ,cancel_transfer,cancel_transfer,True
688,මම ට්‍රැන්සැක්ෂන් එකක් කළොත් ඒක cancel කරන්න පුළුවන්ද?,cancel_transfer,cancel_transfer,True
689,transfer එකක් cancel කරන්නේ කොහොමද?,cancel_transfer,cancel_transfer,True
690,transfer එකක් cancel කරන්න විදියක් තියෙනවද?,cancel_transfer,cancel_transfer,True
691,මම අහම්බෙන් වැරදි account එකකට ට්‍රැන්සැක්ෂන් එකක් කළා.,cancel_transfer,cancel_transfer,True
692,මට දැන්ම transfer එකක් cancel කරන්න ඕනේ! උදව් කරන්නද?,cancel_transfer,cancel_transfer,True
693,මගේ ට්‍රැන්සැක්ෂන් එක cancel කරන්න උදව් කරන්න,cancel_transfer,cancel_transfer,True
694,"මේක URGENT, මම කරන්න ඕනේ payment එකකට වැරදි payment information type කරලා send click කළා, මට ට්‍රැන්සැක්ෂන් එක දැන්ම reverse කරන්න ඕනේ.",cancel_transfer,cancel_transfer,True
695,මට transfer එකක් cancel කරන්න පුළුවන්ද,cancel_transfer,cancel_transfer,True
696,මට කලින් කරපු මගේ ට්‍රැන්සැක්ෂන් එක reverse කරගන්න ඕනේ,cancel_transfer,cancel_transfer,True
697,අද උදේ කරපු මගේ ට්‍රැන්සැක්ෂන් එක revert කරගන්න විදියක් තියෙනවද?,cancel_transfer,cancel_transfer,True
698,මට transfer එකක් cancel කරගන්න ඕනේ,cancel_transfer,cancel_transfer,True
699,දැනටමත් process වුන transfer එකක් cancel කරන්න පුළුවන්ද?,cancel_transfer,cancel_transfer,True
700,"මම වැරදි ගානක් transfer කළා, ට්‍රැන්සැක්ෂන් එක cancel කරගන්න ඕනේ.",cancel_transfer,cancel_transfer,True
701,"මම transfer එකක් කරද්දි වැරැද්දක් කළා, දැන් ඒක fix කරන්න මොකද කරන්න පුළුවන්?",cancel_transfer,cancel_transfer,True
702,මට වැරදි ට්‍රැන්සැක්ෂන් එකක් cancel කරන්න ඕනේ.,cancel_transfer,cancel_transfer,True
703,මගේ transfer එක cancel කරන්නේ කොහොමද?,cancel_transfer,cancel_transfer,True
704,මම ට්‍රැන්සැක්ෂන් එකක වැරැද්දක් කළා!,cancel_transfer,cancel_transfer,True
705,මම වැරදි account එකකට ට්‍රැන්සැක්ෂන් එකක් submit කළා.,cancel_transfer,cancel_transfer,True
706,මම දැන් තමයි කරපු transfer එක දැන්ම cancel කරන්න ඕනේ. ඒක මගේ වැරැද්දක්. ප්ලීස් ඒක go through වෙනකලින් cancel කරන්න උදව් කරන්නකෝ!,cancel_transfer,cancel_transfer,True
707,මට අද උදේ කරපු දේ back කරගන්න ඕනේ,cancel_transfer,cancel_transfer,True
708,ට්‍රැන්සැක්ෂන් එකක් cancel කරන්න පුළුවන්ද?,cancel_transfer,cancel_transfer,True
709,මගේ ට්‍රැන්සැක්ෂන් එක cancel කරන්නේ කොහොමද?,cancel_transfer,cancel_transfer,True
710,මගේ ට්‍රැන්සැක්ෂන් එක cancel කරන්න ඕනේ.,cancel_transfer,cancel_transfer,True
711,මට transfer එකකට related දැන්ම cancellation එකක් කරන්න ඕනේ. මේක වැරැද්දක්. ප්ලීස් මේක go through නොවෙන්න ඉක්මනට උදව් කරන්නකෝ.,cancel_transfer,cancel_transfer,True
712,"මම වැරැද්දක් කළා, ට්‍රැන්සැක්ෂන් එකක් cancel කරන්න ඕනේ",cancel_transfer,cancel_transfer,True
713,"ඊයේ මම payment එකක වැරැද්දක් කළා, හෙට මගේ කුලියට ඕනේ නිසා ඉක්මනට fix කරන්න ඕනේ.",cancel_transfer,cancel_transfer,True
714,මගේ අන්තිම transfer එක cancel කරන්න,cancel_transfer,cancel_transfer,True
715,"මගේ මෑත transfer එක දැන්ම cancel කරන්න ඕනේ; ඒක වැරැද්දක්, ප්ලීස් ඒක go through වෙනකලින් cancel කරන්නද?",cancel_transfer,cancel_transfer,True
716,ට්‍රැන්සැක්ෂන් එකක් cancel කරන්න මට උදව් ඕනේ.,cancel_transfer,cancel_transfer,True
717,දැන් ට්‍රැන්සැක්ෂන් එක go through වෙන එක මට ඕනේ නෑ,cancel_transfer,cancel_transfer,True
718,මම කරපු payment එකේ ගානක් වෙනස් කරන්න පුළුවන්ද payment එක හරි වෙන්න.,cancel_transfer,pending_card_payment,False
719,ප්ලීස් මට උදව් කරන්න! මට ට්‍රැන්සැක්ෂන් එකක් cancel කරන්න ඕනේ.,cancel_transfer,cancel_transfer,True
720,මගේ top up එකට limit එකක් දාන්න පුළුවන්ද?,top_up_limits,top_up_limits,True
721,මට ඕනේ තරම් top-up කරන්න පුළුවන්ද?,top_up_limits,top_up_limits,True
722,මගේ account එකට top up limit එකක් තියෙනවද?,top_up_limits,top_up_limits,True
723,top up එකට limit එක මොකක්ද?,top_up_limits,top_up_limits,True
724,මට කීයක් top up කරන්න පුළුවන්ද?,top_up_limits,top_up_limits,True
725,top-offs වලට restrictions මොනවද?,top_up_limits,card_acceptance,False
726,top-ups limited ද?,top_up_limits,top_up_limits,True
727,top up limit එක මොකක්ද,top_up_limits,top_up_limits,True
728,top-ups වලට limit එක මොකක්ද කියලා දැනගන්න ඕනේ.,top_up_limits,top_up_limits,True
729,top ups වලට limit එකක් තියෙනවද?,top_up_limits,top_up_limits,True
730,maximum top up එක මොකක්ද?,top_up_limits,top_up_limits,True
731,top-ups වලට limit එක මොකක්ද කියලා දැනගන්නේ කොහොමද?,top_up_limits,top_up_limits,True
732,top-up amounts වලට limit එකක් තියෙනවද?,top_up_limits,top_up_limits,True
733,එකපාරකට කාඩ් එකට add කරන්න පුළුවන් amount එකට limit එකක් තියෙනවද?,top_up_limits,top_up_limits,True
734,මට top up කරන්න පුළුවන් maximum එකක් තියෙනවද කියලා දැනගන්න ඕනේ.,top_up_limits,top_up_limits,True
735,top-up එකකට limit එක මොකක්ද?,top_up_limits,top_up_limits,True
736,top-up limits තියෙනවද කියලා කියන්නකෝ?,top_up_limits,top_up_limits,True
737,මගේ limit එක top-up කරන්නේ කොහොමද?,top_up_limits,top_up_limits,True
738,top-ups වලට limit එකක් තියෙනවද?,top_up_limits,top_up_limits,True
739,මට ඕන ගාණකට top-up කරන්න පුළුවන්ද?,top_up_limits,top_up_limits,True
740,top ups වලට limits මොනවද කියලා කියන්නකෝ?,top_up_limits,top_up_limits,True
741,මම top up කරද්දි amount limits මොනවද.,top_up_limits,top_up_limits,True
742,top-ups කරන්න limit එකක් තියෙනවද?,top_up_limits,top_up_limits,True
743,top-ups limit එක මොකක්ද?,top_up_limits,top_up_limits,True
744,top-ups වලට limits තියෙනවද?,top_up_limits,top_up_limits,True
745,top-ups වලට maximum amount එකක් තියෙනවද?,top_up_limits,top_up_limits,True
746,ඔයාලා ළඟ top-up limit එකක් තියෙනවද?,top_up_limits,top_up_limits,True
747,top up limit එක මොකක්ද?,top_up_limits,top_up_limits,True
748,top-up එකට limit එක මොකක්ද?,top_up_limits,top_up_limits,True
749,එකපාරකට මගේ කාඩ් එකට කීයක් top-up කරන්න පුළුවන්ද?,top_up_limits,top_up_limits,True
750,මට top up කරන්න පුළුවන් උපරිම ගාණ කීයද?,top_up_limits,top_up_limits,True
751,මට top up කරන්න පුළුවන් වැඩිම ගාන කීයද?,top_up_limits,top_up_limits,True
752,මට top-up කරන්න පුළුවන් ලොකුම amount එකට limit එකක් තියෙනවද?,top_up_limits,top_up_limits,True
753,මගේ top-up එකට amount limit එකක් තියෙනවද?,top_up_limits,top_up_limits,True
754,top-ups වලට limit එකක් තියෙනවද කියලා දැනගන්න ඕනේ,top_up_limits,top_up_limits,True
755,මට top up කරන්න පුළුවන් maximum එකක් තියෙනවද?,top_up_limits,top_up_limits,True
756,top-up limit එකක් තියෙනවද කියලා දැනගන්නේ කොහොමද?,top_up_limits,top_up_limits,True
757,මගේ top-up එකට restrictions තියෙනවද?,top_up_limits,pending_top_up,False
758,limits වලට top ups include වෙනවද?,top_up_limits,top_up_limits,True
759,top-up limits මොනවද?,top_up_limits,top_up_limits,True
760,"මේක ATM එකේ ප්‍රොබ්ලමයක්ද මගේ account එකේ ප්‍රොබ්ලමයක්ද කියලා දන්නේ නෑ, ඒත් මම දැන් ඉන්න ATM එකෙන් Rs 30,000 withdraw කරන්න try කළා, ලැබුනේ Rs 10,000 විතරයි. මේක glitch එකක්ද මොකද හරියටම වෙන්නේ?",wrong_amount_of_cash_received,wrong_amount_of_cash_received,True
761,ATM එකේදි මම request කරපු cash එක ඔක්කොම ලැබුනේ නෑ,wrong_amount_of_cash_received,wrong_amount_of_cash_received,True
762,මම ඉල්ලුවට වඩා අඩුවෙන් ATM එකෙන් cash ලැබුනේ ඇයි?,wrong_amount_of_cash_received,wrong_amount_of_cash_received,True
763,withdraw කළාට පස්සේ මගේ cash එක ලැබුනේ නැත්තේ ඇයි?,wrong_amount_of_cash_received,cash_withdrawal_charge,False
764,මම ATM එකේ specify කරපු එකට වඩා අඩුවෙන් cash ලැබුනා,wrong_amount_of_cash_received,wrong_amount_of_cash_received,True
765,මට ලැබුන cash amount එක වැරදියි,wrong_amount_of_cash_received,wrong_amount_of_cash_received,True
766,"මම ATM එකේ ඉඳන් Rs 30,000 withdraw කළා, ලැබුනේ Rs 10,000 විතරයි. මම මොකද කරන්න ඕනේ?",wrong_amount_of_cash_received,wrong_amount_of_cash_received,True
767,අද withdraw කරන්න ගියාම ATM එකෙන් වැරදි cash amount එකක් ලැබුනා. ඇප් එකේ තියෙන්නේ වැඩිපුරක්.,wrong_amount_of_cash_received,wrong_amount_of_cash_received,True
768,මට ලැබුන cash amount එක මම request කරපු එකට වඩා වෙනස්.,wrong_amount_of_cash_received,wrong_exchange_rate_for_cash_withdrawal,False
769,"හලෝ. මම දැන් තමයි ATM එකකින් cash withdraw කළේ, වැරදි amount එකක් ලැබුනා. ඒත් මගේ ඇප් එකේ මම withdraw කරපු හරි amount එක තියෙනවා. ඉතුරු cash එක ලබාගන්නේ කොහොමද?",wrong_amount_of_cash_received,wrong_amount_of_cash_received,True
770,"අද withdraw කරන්න ගියාම ATM එකෙන් වැරදි cash amount එකක් ආවා. ඇප් එක බැලුවම, ඒක ගොඩක් වැඩිපුර පෙන්නුවා.",wrong_amount_of_cash_received,wrong_amount_of_cash_received,True
771,ATM එකේදි මම request කරපු තරම් cash ලැබුනේ නෑ.,wrong_amount_of_cash_received,wrong_amount_of_cash_received,True
772,"cash back එක request කරන්නේ කොහොමද? ATM එකෙන් වැරදි amount එකක් දැම්මා, ඒත් ඇප් එකේ තියෙන්නේ ඇත්තටම charge වුන amount එක...",wrong_amount_of_cash_received,wrong_amount_of_cash_received,True
773,"මම ගත්ත සල්ලි කොහෙද, ඒක මගේ mobile app එකේ withdraw වුනා කියලා තියෙනවා.",wrong_amount_of_cash_received,cash_withdrawal_not_recognised,False
774,මම ඉල්ලුව cash එක ඔක්කොම ලැබුනේ නැත්තේ ඇයි?,wrong_amount_of_cash_received,wrong_amount_of_cash_received,True
775,මගේ cash withdrawal එක අර්ධ වශයෙන් decline වුනා,wrong_amount_of_cash_received,declined_cash_withdrawal,False
776,"මම Rs 100,000 ගන්න try කරලා Rs 20,000 විතරක් ලැබුනේ ඇයි",wrong_amount_of_cash_received,wrong_amount_of_cash_received,True
777,"මම ATM එකෙන් cash withdraw කළා ඒත් වැරදි amount එකක් ලැබුනා. මට cash back ඕනේ, මොකද ඇප් එකේ තියෙන්නේ මට ලැබුන actual amount එක. ප්ලීස් මේකට උදව් කරන්නකෝ.",wrong_amount_of_cash_received,cash_withdrawal_not_recognised,False
778,"අද මම cash ටිකක් withdraw කරන්න ගියා, ඒත් ATM එකෙන් වැරදි cash amount එකක් ලැබුනා වගේ! ඇප් එකේ පේන amount එක ගොඩක් වැඩියි",wrong_amount_of_cash_received,wrong_amount_of_cash_received,True
779,"මම Rs 100,000 ගන්න try කළා ඒත් ලැබුනේ Rs 20,000 විතරයි",wrong_amount_of_cash_received,wrong_amount_of_cash_received,True
780,මට ලැබෙන්න ඕනේ cash amount එක ලැබුනේ නෑ.,wrong_amount_of_cash_received,wrong_exchange_rate_for_cash_withdrawal,False
781,"මම Rs 100,000 cash ඉල්ලුවා ඒත් ලැබුනේ Rs 20,000 විතරයි?",wrong_amount_of_cash_received,wrong_amount_of_cash_received,True
782,මම ඉල්ලුව සල්ලි කොහෙද? මම ලැබුනට වඩා ඉල්ලුවා!,wrong_amount_of_cash_received,wrong_amount_of_cash_received,True
783,මම සල්ලි withdraw කළා ඒත් සම්පූර්ණ amount එක dispense වුනේ නෑ.,wrong_amount_of_cash_received,wrong_exchange_rate_for_cash_withdrawal,False
784,මගේ withdrawal එකේ මොකක් හරි වැරැද්දක් වුනා. සල්ලි amount එක හරි නෑ.,wrong_amount_of_cash_received,cash_withdrawal_not_recognised,False
785,"මට ATM එකකින් වැරදි amount එකක් ලැබුනා. ප්ලීස් cash back ගන්න process එක කියන්නකෝ, ඇප් එකේ තියෙන්නේ මට ඇත්තටම ලැබුන amount එක.",wrong_amount_of_cash_received,wrong_amount_of_cash_received,True
786,"මම Rs 100,000 ඉල්ලුවා ඒත් ලැබුනේ Rs 20,000 විතරයි.",wrong_amount_of_cash_received,wrong_amount_of_cash_received,True
787,මට හරි cash back amount එක ලැබුනේ නෑ,wrong_amount_of_cash_received,wrong_amount_of_cash_received,True
788,මම request කරපු එකට වඩා අඩුවෙන් ATM එකෙන් cash ලැබුනා,wrong_amount_of_cash_received,wrong_amount_of_cash_received,True
789,"ATM එකෙන් මම ඉල්ලුව තරම් cash ලැබුනේ නෑ, ඇයි?",wrong_amount_of_cash_received,wrong_amount_of_cash_received,True
790,"ATM එකෙන් මම withdraw කරපු හරි amount එක ලැබුනේ නැත්තම් මම මොකද කරන්න ඕනේ? මම Rs 30,000 ගත්තා ATM එකෙන් ලැබුනේ Rs 10,000.",wrong_amount_of_cash_received,wrong_amount_of_cash_received,True
791,"මම cash ගන්න try කළා ඒත් amount එක හරි නෑ, එතකොට මම මොකද කරන්න ඕනේ?",wrong_amount_of_cash_received,declined_cash_withdrawal,False
792,මම ඉල්ලුව cash එක ඔක්කොම ලැබුනේ නෑ,wrong_amount_of_cash_received,wrong_amount_of_cash_received,True
793,"මම Rs 100,000 ගන්න try කළා ලැබුනේ Rs 20,000 විතරයි",wrong_amount_of_cash_received,wrong_amount_of_cash_received,True
794,මට හරි cash amount එක එවලා නෑ.,wrong_amount_of_cash_received,wrong_amount_of_cash_received,True
795,ATM එකෙන් මම request කරපු withdraw amount එක ලැබුනේ නෑ.,wrong_amount_of_cash_received,declined_cash_withdrawal,False
796,මම ඉල්ලුවට වඩා අඩුවෙන් සල්ලි ලැබුනේ ඇයි?,wrong_amount_of_cash_received,wrong_amount_of_cash_received,True
797,ATM එකේදි මට හරි amount එක ලැබුනේ නෑ.,wrong_amount_of_cash_received,wrong_amount_of_cash_received,True
798,withdrawal එකේදි හරි cash එක ලැබුනේ නෑ,wrong_amount_of_cash_received,wrong_amount_of_cash_received,True
799,decline වුන funds මම withdraw කරන්න try කරපු ඒවා මට ආපහු ලැබෙයිද?,wrong_amount_of_cash_received,declined_cash_withdrawal,False
800,"මම කාඩ් එකෙන් pay කළා, අමතර ෆී එකක් අයකළා",card_payment_fee_charged,card_payment_fee_charged,True
801,"මම කාඩ් එක පාවිච්චි කළාට පස්සේ ෆී එකක් අයකළා, ඒ වෙන්න ඕනේ නෑ.",card_payment_fee_charged,card_payment_fee_charged,True
802,මම කාඩ් එක payment විදියට පාවිච්චි කරලා ෆී එකක් අයකරන්න හේතුවක් තියෙනවද? මම කවදාවත් කලින් අමතර ෆී එකක් ගෙව්වේ නෑ.,card_payment_fee_charged,card_payment_fee_charged,True
803,"මම කාඩ් එක පාවිච්චි කළ වෙලාවේ තව charge එකක් පේනවා, ඇයි?",card_payment_fee_charged,card_payment_fee_charged,True
804,"සමහර payments වලට අමතර fees අයකරන්නේ ඇයි, අනිත් ඒවාට නෑ?",card_payment_fee_charged,card_payment_fee_charged,True
805,"මම purchase එකකට කාඩ් එක පාවිච්චි කළා, ෆී එකක් අයකළා",card_payment_fee_charged,card_payment_fee_charged,True
806,කාඩ් payment එකකට මට අයකළේ ඇයි?,card_payment_fee_charged,card_payment_fee_charged,True
807,unauthorized ෆී එකක් තියෙනවා.,card_payment_fee_charged,cash_withdrawal_not_recognised,False
808,"payments වලට අමතර charge එකක් තියෙනකොට කවුරු හරි මට කියනවා නම් හොඳයි. මම කලින් ඇප් එක check කරද්දි, මගේ payments එකකට කවුරුවත් කලින් දැනුම් දෙන්නේ නැති අමතර charge එකක් දැක්කා.",card_payment_fee_charged,card_payment_not_recognised,False
809,මම කාඩ් එකෙන් pay කරද්දි අමතර ෆී එකක් අයකළේ ඇයි?,card_payment_fee_charged,card_payment_fee_charged,True
810,මම කාඩ් එකෙන් pay කළ නිසා අමතර ගෙවන්න ඕනේ වුනේ ඇයි?,card_payment_fee_charged,card_payment_fee_charged,True
811,කාඩ් පාවිච්චියට fees තියෙන්නේ ඇයි?,card_payment_fee_charged,card_payment_fee_charged,True
812,මේ charge එක මොකටද කියලා මට හරියටම දන්නේ නෑ,card_payment_fee_charged,direct_debit_payment_not_recognised,False
813,මේ කාඩ් payment එකට අයකළ ෆී එක මොකක්ද?,card_payment_fee_charged,card_payment_fee_charged,True
814,ට්‍රැන්සැක්ෂන් එකකට මගේ කාඩ් එකට අමතර ෆී එකක් අයවෙන්නේ කවදද?,card_payment_fee_charged,extra_charge_on_statement,False
815,මම කාඩ් එකෙන් කරද්දි වැඩිපුර ගෙවන්න ඕනේ වුනේ ඇයි?,card_payment_fee_charged,card_payment_fee_charged,True
816,"මම කාඩ් payment එකක් කළා, ෆී එකක් පේනවා?",card_payment_fee_charged,card_payment_not_recognised,False
817,මම කාඩ් එකෙන් pay කළාට ෆී එකක් අයකළා,card_payment_fee_charged,card_payment_fee_charged,True
818,මගේ කාඩ් payment එකේ ෆී එක මොකක්ද?,card_payment_fee_charged,pending_card_payment,False
819,කාඩ් payment එකකට මට ෆී එකක් අයවෙන්නේ ඇයි?,card_payment_fee_charged,card_payment_fee_charged,True
820,මගේ කාඩ් එක පාවිච්චි කරද්දි හැමවෙලේම ෆී එකක් අයවෙයිද?,card_payment_fee_charged,card_payment_fee_charged,True
821,"මගේ payment එකට ෆී එකක් තියෙයිද නැද්ද කියලා කොහෙන් හරි check කරන්න පුළුවන්ද? සමහර cases වලට charge කරනවා වගේ පේනවා, pattern එක මොකක්ද?",card_payment_fee_charged,card_payment_fee_charged,True
822,කාඩ් එකෙන් pay කරද්දි ෆී එකක් ආවා,card_payment_fee_charged,card_payment_fee_charged,True
823,"මම කාඩ් එකෙන් pay කළා, ෆී එකක් apply වුනා කියලා මම හිතනවා.",card_payment_fee_charged,card_payment_fee_charged,True
824,එතකොට ඇත්තටම අමතර fees එක්ක එන items මොනවද,card_payment_fee_charged,card_arrival,False
825,මගේ කාඩ් එකට ෆී එකක් අයවෙන එක අවෝයිඩ් කරන්නේ කොහොමද?,card_payment_fee_charged,extra_charge_on_statement,False
826,කාඩ් එකෙන් pay කරද්දි ෆී එකක් තියෙනවද?,card_payment_fee_charged,card_payment_fee_charged,True
827,මම මගේ කාඩ් එකෙන් pay කළාට ෆී එකක් අයකළා.,card_payment_fee_charged,card_payment_fee_charged,True
828,මුල් වතාවට මගේ account එකට ෆී එකක් ආවා. ඔයාලා මේ fees charge කරන්නේ කවදද කියලා දැනගන්නේ කොහොමද?,card_payment_fee_charged,card_payment_fee_charged,True
829,"payments වලට අමතර charges තියෙනකොට කවුරු හරි මට දැනුම් දෙන්න ඕනේ. මම කලින් ඇප් එක බලද්දි, කවුරුවත් කලින් කිසිසේත් දැනුම් දෙන්නේ නැති අමතර charge එකක් payment එකකට තියෙනවා දැක්කා.",card_payment_fee_charged,card_payment_not_recognised,False
830,මගේ කාඩ් එක පාවිච්චි කිරීම free ද?,card_payment_fee_charged,top_up_by_card_charge,False
831,කාඩ් එකක් පාවිච්චි කරද්දි මට අමතර ෆී එකක් අයකළේ ඇයි?,card_payment_fee_charged,card_payment_fee_charged,True
832,කාඩ් එකක් පාවිච්චි කරද්දි apply වෙන fees මොනවද?,card_payment_fee_charged,card_payment_fee_charged,True
833,payments වලට ඔයාලා charge කරන්නේ ඇයි? ඔයාලගේ charges agreement එකේ පැහැදිලිව නැත්තේ ඇයි?,card_payment_fee_charged,card_payment_fee_charged,True
834,මම කාඩ් එකෙන් pay කළම මට ෆී එකක් අයකළේ ඇයි?,card_payment_fee_charged,card_payment_fee_charged,True
835,මගේ account එකේ ෆී එකක් තියෙනවා. ඇයි?,card_payment_fee_charged,extra_charge_on_statement,False
836,කාඩ් payments වලට ඔයාලා fees අයකරන්නේ ඇයි?,card_payment_fee_charged,card_payment_fee_charged,True
837,කාඩ් payment එකකට මට ෆී එකක් අයකළා. ඇයි?,card_payment_fee_charged,card_payment_fee_charged,True
838,කාඩ් එක පාවිච්චි කිරීමට ෆී එකක් අයකළේ ඇයි?,card_payment_fee_charged,card_payment_fee_charged,True
839,මම කාඩ් එකෙන් pay කළාට මට අයකළා.,card_payment_fee_charged,card_payment_fee_charged,True
840,"දවස් කීපයකට කලින් මම රට ඇතුලේ transfer එකක් කළා, ට්‍රැන්සැක්ෂන් එක complete වුනට පස්සේ account information එක කීප වතාවක්ම check කළා, ඒත් තාම funds available නෑ. ප්‍රොබ්ලම් එක මොකක්ද?",transfer_not_received_by_recipient,transfer_not_received_by_recipient,True
841,මගේ money transfer එක ආවේ නෑ.,transfer_not_received_by_recipient,pending_transfer,False
842,මම තාම ට්‍රැන්සැක්ෂන් එකක් complete වෙනකන් බලාගෙන ඉන්නවා,transfer_not_received_by_recipient,transfer_not_received_by_recipient,True
843,මම money transaction එකක් කළා ඒත් recipient ට ඒක බලාගන්න බෑ,transfer_not_received_by_recipient,transfer_not_received_by_recipient,True
844,මම කවුරුවත්ට සල්ලි එවන්න try කළා ඒත් ඒගොල්ලන්ට ලැබුනේ නෑ.,transfer_not_received_by_recipient,card_arrival,False
845,transfer එකක් recipient ට යන්න කොච්චර වෙලා යනවද?,transfer_not_received_by_recipient,pending_transfer,False
846,recipient ට මගේ money transaction එක බලන්නේ කොහොමද?,transfer_not_received_by_recipient,transfer_not_received_by_recipient,True
847,මම සල්ලි transfer කළා ඒත් recipient කියන්නේ ආවේ නැහැ කියලා. මේක වෙන්නේ ඇයි?,transfer_not_received_by_recipient,transfer_not_received_by_recipient,True
848,මම කරපු transfer එක ආවේ නෑ,transfer_not_received_by_recipient,balance_not_updated_after_bank_transfer,False
849,money transfers යන්න කොච්චර වෙලා යනවද?,transfer_not_received_by_recipient,pending_transfer,False
850,මම සල්ලි ටිකක් transfer කළා ඒක ආවේ නෑ,transfer_not_received_by_recipient,transfer_not_received_by_recipient,True
851,මම පටන් ගත්ත transfer එක කොහෙද?,transfer_not_received_by_recipient,transfer_not_received_by_recipient,True
852,ට්‍රැන්සැක්ෂන් එක fail වුනාද?,transfer_not_received_by_recipient,failed_transfer,False
853,"මම දැන් තමයි සල්ලි එවලා ඉවර කළේ, ඒත් ඒක recipient side එකේ log වෙන්නේ නෑ.",transfer_not_received_by_recipient,transfer_not_received_by_recipient,True
854,මම money transaction එකක් complete කළා ඒත් recipient ට ලැබුනේ නෑ,transfer_not_received_by_recipient,transfer_not_received_by_recipient,True
855,recipient ට මගේ money transfer එක පේන්නේ නෑ.,transfer_not_received_by_recipient,pending_transfer,False
856,"දවස් කීපයකට කලින් මම මගේ අලුත් තැනට කුලී payment එක transfer කළා ඒත් landlord කියන්නේ තාම නෑ කියලා, මගේ side එකේ done කියලා පේනවත්. මම එවපු account number එක check කළා, ඒක හරි. ට්‍රැන්සැක්ෂන් එක ඇත්තටම go through වුනාද කියලා verify කරන්නකෝ?",transfer_not_received_by_recipient,transfer_not_received_by_recipient,True
857,මගේ transfer එක එතනට ලැබුනේ නැත්තේ ඇයි කියලා දැනගන්න ඕනේ.,transfer_not_received_by_recipient,card_arrival,False
858,"මම දැන් තමයි Durham එකේ ඉඳන් Walton-On-The-Naze එකට address මාරු කළේ. මගේ අලුත් ගෙදර landlord කෙනෙක් ඉන්නවා, ඒගොල්ලන්ට මගේ payment එක ලැබිලා නෑ ඒත් මම ඒක වෙලාවට එවුවා දන්නවා, ඒගොල්ලන්ට ලැබුනාද කියලා check කරන්නකෝ?",transfer_not_received_by_recipient,transfer_not_received_by_recipient,True
859,මම සල්ලි එව්වා. ඒගොල්ලන්ට ලැබුනේ නෑ.,transfer_not_received_by_recipient,transfer_not_received_by_recipient,True
860,"හෙයි, මගේ transfer එක තාම complete නොවන හේතුව හොයාගන්න මට උදව් ඕනේ. මගේ landlord ට තාම සල්ලි ලැබිලා නෑ. දැනටමත් ලැබෙන්න ඕනේ.",transfer_not_received_by_recipient,transfer_not_received_by_recipient,True
861,"පෙරේද මම මේ රට ඇතුලේ transfer එකක් කළා. ඒක තාම go through වෙලා නෑ. ඒක check කරන්නකෝ? account number එක හරි, මම කීප වතාවක් check කළා.",transfer_not_received_by_recipient,transfer_not_received_by_recipient,True
862,"මට money transfer එකක ප්‍රොබ්ලමයක් තියෙනවා. පැය කීපයකට කලින් යාළුවෙක්ට සල්ලි ටිකක් එව්වා, තාම ලැබිලා නෑ. ඒගොල්ලන්ට ලැබෙන්නේ නැත්තේ ඇයි? transfers go through වෙන්න කොච්චර වෙලා යනවද?",transfer_not_received_by_recipient,transfer_not_received_by_recipient,True
863,මම සල්ලි ටිකක් transfer කළා ඒත් receiver ට මොකද හරි හේතුවක් නිසා ඒක pick up කරගන්න බෑ.,transfer_not_received_by_recipient,transfer_not_received_by_recipient,True
864,මම යාළුවෙක්ට කරපු ට්‍රැන්සැක්ෂන් එක කොහෙද?,transfer_not_received_by_recipient,transfer_not_received_by_recipient,True
865,මම කරපු ට්‍රැන්සැක්ෂන් එක මගේ යාළුවට තාම ලැබිලා නෑ.,transfer_not_received_by_recipient,transfer_not_received_by_recipient,True
866,මම මගේ ට්‍රැන්සැක්ෂන් එක go through වෙනකන් බලාගෙන ඉන්නවා.,transfer_not_received_by_recipient,transfer_not_received_by_recipient,True
867,"මම ට්‍රැන්සැක්ෂන් එකක් කළා, go through වෙන්න ගොඩක් වෙලා යනවා.",transfer_not_received_by_recipient,pending_card_payment,False
868,මගේ ට්‍රැන්සැක්ෂන් එකට මේ තරම් වෙලා යන්න හේතුවක් තියෙනවද?,transfer_not_received_by_recipient,transfer_not_received_by_recipient,True
869,මගේ ට්‍රැන්සැක්ෂන් එක complete වෙන්න කොච්චර වෙලා යනවද?,transfer_not_received_by_recipient,transfer_not_received_by_recipient,True
870,"මම සල්ලි ටිකක් එව්වා, receiver ට ඒක access කරගන්න බෑ.",transfer_not_received_by_recipient,transfer_not_received_by_recipient,True
871,පැය කීපයකට කලින් මගේ යාළුවට සල්ලි ටිකක් එව්වා ඒත් තාම ලැබිලා නෑ. ඒකට ඇත්තටම ඕනේ. මේකට කොච්චර වෙලා යනවද?,transfer_not_received_by_recipient,transfer_not_received_by_recipient,True
872,මම සල්ලි එවපු කෙනාට තාම ලැබිලා නෑ!,transfer_not_received_by_recipient,transfer_not_received_by_recipient,True
873,මගේ funds transfer වෙන්නේ කවදද?,transfer_not_received_by_recipient,verify_source_of_funds,False
874,"transfers ඉවර වෙන්න කොච්චර වෙලා යනවද? මම මගේ යාළුවට funds එව්වා, ඒත් කිසිම දෙයක් ලැබිලා නෑ කියලා කියනවා.",transfer_not_received_by_recipient,transfer_not_received_by_recipient,True
875,"transfers එන්න කොච්චර වෙලා යනවද? මම යාළුවකුට සල්ලි ටිකක් එව්වා, ඒකට urgent ව ඕනේ, ඒත් පැය කීපයකට පස්සෙත් තාම නෑ වගේ.",transfer_not_received_by_recipient,transfer_not_received_by_recipient,True
876,මගේ ට්‍රැන්සැක්ෂන් එක මගේ යාළුවට ලැබෙන්නේ කවදද?,transfer_not_received_by_recipient,transfer_not_received_by_recipient,True
877,මගේ recipient ට ඒගොල්ලන්ගේ සල්ලි ලැබිලා නැත්තේ ඇයි?,transfer_not_received_by_recipient,transfer_fee_charged,False
878,මම තාම ට්‍රැන්සැක්ෂන් එක complete වෙනකන් බලාගෙන ඉන්නවා.,transfer_not_received_by_recipient,transfer_not_received_by_recipient,True
879,මම සල්ලි ටිකක් transfer කළා ඒත් recipient ට withdraw කරගන්න ප්‍රොබ්ලමයක් තියෙනවා.,transfer_not_received_by_recipient,transfer_not_received_by_recipient,True
880,"මගේ account එකට සල්ලි add කරන්න, මට මොන කරන්සි පාවිච්චි කරන්න පුළුවන්ද?",supported_cards_and_currencies,supported_cards_and_currencies,True
881,"මට support options ඕනේ, මගේ කාඩ් එක top කරන්න ඕනේ",supported_cards_and_currencies,supported_cards_and_currencies,True
882,මට තව US card එකක් තියෙනවා. ඒක ගන්න පුළුවන්ද?,supported_cards_and_currencies,supported_cards_and_currencies,True
883,support වෙන cards සහ currencies මොනවද?,supported_cards_and_currencies,supported_cards_and_currencies,True
884,සල්ලි add කරන්න accept කරන currencies මොනවද?,supported_cards_and_currencies,supported_cards_and_currencies,True
885,සල්ලි add කරන්න මට මොන වගේ currencies පාවිච්චි කරන්න පුළුවන්ද?,supported_cards_and_currencies,supported_cards_and_currencies,True
886,මට තියෙන්නේ USA එකේ තව credit card එකයි. ඒක accept කරයිද?,supported_cards_and_currencies,supported_cards_and_currencies,True
887,"මට තියෙන්නේ තව US card එකක් විතරයි නම්, ඒක ගන්න පුළුවන්ද?",supported_cards_and_currencies,supported_cards_and_currencies,True
888,මගේ account එකට සල්ලි add කරන්න American Express එක පාවිච්චි කරන්න පුළුවන්ද?,supported_cards_and_currencies,supported_cards_and_currencies,True
889,ඔයාලා ගන්නේ මොන cards සහ currencies ද කියලා කියන්නකෝ?,supported_cards_and_currencies,supported_cards_and_currencies,True
890,මගේ account එකට සල්ලි add කරන්න American Express පාවිච්චි කරන්න පුළුවන්ද?,supported_cards_and_currencies,supported_cards_and_currencies,True
891,U.S. එකේ මගේ තව කාඩ් එක ඔයාලා accept කරනවද?,supported_cards_and_currencies,supported_cards_and_currencies,True
892,cards සහ currencies ගැන accept කරන්නේ මොනවද?,supported_cards_and_currencies,supported_cards_and_currencies,True
893,මගේ තව කාඩ් එක ඔයාලා accept කරනවද?,supported_cards_and_currencies,supported_cards_and_currencies,True
894,මට මගේ American Express හරහා account එකට සල්ලි add කරගන්න ඕනේ.,supported_cards_and_currencies,supported_cards_and_currencies,True
895,ඔයාලා support කරන්නේ මොන cards ද? මට credit card එකෙන් top up කරගන්න ඕනේ.,supported_cards_and_currencies,supported_cards_and_currencies,True
896,support වෙන credit cards මොනවද?,supported_cards_and_currencies,supported_cards_and_currencies,True
897,ඔයාලා support කරන cards සහ currencies මොනවද?,supported_cards_and_currencies,supported_cards_and_currencies,True
898,මගේ American Express එකෙන් account එකට funds transfer කරන්නේ කොහොමද?,supported_cards_and_currencies,supported_cards_and_currencies,True
899,account එකට සල්ලි add කරන්න American Express පාවිච්චි කරන්නේ කොහොමද?,supported_cards_and_currencies,supported_cards_and_currencies,True
900,"සල්ලි add කරද්දි, ඔයාලා ගන්නා currencies මොනවද?",supported_cards_and_currencies,supported_cards_and_currencies,True
901,accept වෙන currency forms මොනවද?,supported_cards_and_currencies,supported_cards_and_currencies,True
902,US credit cards accept කරනවද?,supported_cards_and_currencies,supported_cards_and_currencies,True
903,"මට සල්ලි add කරන්න ඕනේ ඒත් ඔයාලා accept කරන currencies මොකක්ද කියලා දන්නේ නෑ, කියන්නකෝ?",supported_cards_and_currencies,supported_cards_and_currencies,True
904,"ඔයාලා american express support නොකරන්නේ ඇයි? මම ආදරෙයි ඒකට, බොහෝ පාවිච්චි කරනවා, වෙන එකක් ගන්න ඕනේ නෑ",supported_cards_and_currencies,supported_cards_and_currencies,True
905,support වෙන cards සහ currency මොනවද කියලා කියන්නකෝ.,supported_cards_and_currencies,supported_cards_and_currencies,True
906,ඔයාලා හැම cards සහ currencies support කරනවද?,supported_cards_and_currencies,supported_cards_and_currencies,True
907,top up කරන්න මට මොන credit හෝ debit cards පාවිච්චි කරන්න පුළුවන්ද?,supported_cards_and_currencies,supported_cards_and_currencies,True
908,payment එකට මට තියෙන options මොනවද?,supported_cards_and_currencies,card_payment_fee_charged,False
909,මට තියෙන්නේ US එකේ තව කාඩ් එකක් විතරයි. ඒක හරිද?,supported_cards_and_currencies,supported_cards_and_currencies,True
910,මේක පාවිච්චි කරන්න support වෙන currencies සහ cards මොනවද?,supported_cards_and_currencies,supported_cards_and_currencies,True
911,top up කරන්න ඔයාලා support කරන cards මොනවද.,supported_cards_and_currencies,supported_cards_and_currencies,True
912,US Dollars හැරුනම වෙනත් currencies accept කරනවද?,supported_cards_and_currencies,supported_cards_and_currencies,True
913,සල්ලි add කරන්න මට ඕනම කරන්සියක් පාවිච්චි කරන්න පුළුවන්ද?,supported_cards_and_currencies,supported_cards_and_currencies,True
914,මගේ කරන්සිය සල්ලි add කරන්න හරිද?,supported_cards_and_currencies,top_up_by_card_charge,False
915,මොන cards සහ currencies ප්‍රමාණවත්ද?,supported_cards_and_currencies,supported_cards_and_currencies,True
916,account එකට funds add කරන්න American Express පාවිච්චි කරන්නේ කොහොමද?,supported_cards_and_currencies,supported_cards_and_currencies,True
917,support වෙන cards සහ currencies ලැයිස්තුව මොකක්ද?,supported_cards_and_currencies,supported_cards_and_currencies,True
918,top up කරන්න ඔයාලා support කරන currencies හෝ cards මොනවද?,supported_cards_and_currencies,supported_cards_and_currencies,True
919,ඔයාලා support කරන cards සහ currencies මොනවද කියලා දැනගන්න ඕනේ,supported_cards_and_currencies,supported_cards_and_currencies,True
920,මගේ virtual card එක ලබාගන්නේ කොහෙන්ද?,getting_virtual_card,getting_virtual_card,True
921,virtual card එකක් ලබාගන්නේ කොහොමද?,getting_virtual_card,getting_virtual_card,True
922,virtual card එකක් හොයාගන්නේ කොහෙද?,getting_virtual_card,getting_virtual_card,True
923,virtual card එකක් තියාගන්න option එකක් තියෙනවද?,getting_virtual_card,getting_virtual_card,True
924,මට physical card එකක් ඕනේ නැත්තම් virtual version එකක් ගන්න පුළුවන්ද?,getting_virtual_card,getting_virtual_card,True
925,මම virtual card එකක් request කළා ඒත් ඒක පේන්නේ නෑ. ඇයි?,getting_virtual_card,getting_virtual_card,True
926,virtual card එකක් ඕඩර් කරන්නේ කොහොමද කියලා කියන්නකෝ?,getting_virtual_card,getting_virtual_card,True
927,virtual card එක කොහෙද?,getting_virtual_card,getting_virtual_card,True
928,virtual card එක කියන්නේ මොකක්ද,getting_virtual_card,getting_virtual_card,True
929,virtual card එකක් ගන්නේ කොහොමද?,getting_virtual_card,getting_virtual_card,True
930,virtual card එකක් ඕඩර් කරන්නේ කොහෙන්ද?,getting_virtual_card,getting_virtual_card,True
931,මට තාම virtual card එකක් ලැබුනේ නැත්තේ ඇයි?,getting_virtual_card,getting_virtual_card,True
932,virtual cards ඕඩර් කරන්නේ කොහොමද?,getting_virtual_card,getting_virtual_card,True
933,virtual card එකක් ඕඩර් කරන්නේ කොහෙන්ද කියලා කියන්නකෝ?,getting_virtual_card,getting_virtual_card,True
934,මට virtual card එකක් ලබාගන්න පුළුවන්ද?,getting_virtual_card,getting_virtual_card,True
935,මේකෙන්ද virtual card එකක් ඕඩර් කරන්නේ?,getting_virtual_card,getting_virtual_card,True
936,virtual card එකක් ලබාගන්න steps මොනවද?,getting_virtual_card,getting_virtual_card,True
937,virtual card එකක් ලබාගන්න මට උදව් කරන්න,getting_virtual_card,getting_virtual_card,True
938,virtual card එක තියෙන්නේ කොහෙද?,getting_virtual_card,getting_virtual_card,True
939,virtual card එකක් ඕඩර් කරන්නේ කොහෙද?,getting_virtual_card,getting_virtual_card,True
940,මගේ virtual card එක ගන්නේ කොහෙන්ද?,getting_virtual_card,getting_virtual_card,True
941,මට virtual card එකක් ඕනේ!,getting_virtual_card,getting_virtual_card,True
942,මට ඒ virtual cards වලින් එකක් ඕනේ!,getting_virtual_card,getting_virtual_card,True
943,virtual cards ලබාගන්න available ද?,getting_virtual_card,getting_virtual_card,True
944,virtual card එකකට sign up වෙන්න මට උදව් කරන්නද?,getting_virtual_card,getting_virtual_card,True
945,මට email එකෙන් කාඩ් එකේ copy එකක් ලබාගන්න පුළුවන්ද?,getting_virtual_card,country_support,False
946,virtual card එක හොයාගන්නේ කොහෙන්ද?,getting_virtual_card,getting_virtual_card,True
947,මට virtual card එකක් නැත්තේ ඇයි,getting_virtual_card,getting_virtual_card,True
948,virtual card එකක් ඕඩර් කරන්නේ කොහොමද?,getting_virtual_card,getting_virtual_card,True
949,"මට virtual card එකක් ලැබෙනවා කියලා හිතුවා ඒත් තාම ලැබුනේ නෑ, මේක resolve කරන්නේ කොහොමද?",getting_virtual_card,getting_virtual_card,True
950,ප්ලීස් virtual card එකක් ලබාගන්න මට උදව් කරන්නකෝ.,getting_virtual_card,getting_virtual_card,True
951,මට virtual card එකක් ඕඩර් කරන්න පුළුවන්ද?,getting_virtual_card,getting_virtual_card,True
952,virtual card එකක් ගන්න මම කොහෙට යන්න ඕනේද?,getting_virtual_card,getting_virtual_card,True
953,virtual cards තියෙන්නේ කොහෙද?,getting_virtual_card,getting_virtual_card,True
954,මට virtual card එකක් ඕනේ - එකක් purchase කරන්නේ කොහෙන්ද?,getting_virtual_card,getting_virtual_card,True
955,මගේ virtual card එක ලැබෙන්නේ කවදද?,getting_virtual_card,getting_virtual_card,True
956,මගේ virtual card එක reorder කරගන්න ඕනේ!,getting_virtual_card,getting_virtual_card,True
957,virtual card එකක් ලබාගන්නේ කොහෙන්ද?,getting_virtual_card,getting_virtual_card,True
958,virtual card එකක් ලබාගන්න විදියක් තියෙනවද?,getting_virtual_card,getting_virtual_card,True
959,මට ඒ virtual cards වලින් එකක් ලබාගන්න පුළුවන්ද?,getting_virtual_card,getting_virtual_card,True
960,මගේ කාඩ් එක ලෝකෙ පුරාම accept කරයිද?,card_acceptance,supported_cards_and_currencies,False
961,මේ කාඩ් එක accept කරන්නේ කවුද?,card_acceptance,card_acceptance,True
962,මට ලෝකෙ පුරාම payment වලට මගේ කාඩ් එක පාවිච්චි කරන්න පුළුවන්ද?,card_acceptance,card_acceptance,True
963,Mastercard accept කරන ඕනම තැනක පාවිච්චි කරන්න හරි.,card_acceptance,card_acceptance,True
964,කාඩ් එක පාවිච්චි කරන්න පුළුවන් කොහෙද?,card_acceptance,card_acceptance,True
965,මගේ කාඩ් එක හැම තැනකම පාවිච්චි කරන්න පුළුවන්ද?,card_acceptance,card_acceptance,True
966,මගේ කාඩ් එක පාවිච්චි කරන්න පුළුවන් තැන් වලට limits තියෙනවද?,card_acceptance,card_acceptance,True
967,මට මගේ කාඩ් එක පාවිච්චි කරන්න පුළුවන් stores මොනවද?,card_acceptance,card_acceptance,True
968,මට ඕනේ තැනක මගේ කාඩ් එක පාවිච්චි කරන්න පුළුවන්ද?,card_acceptance,card_acceptance,True
969,මගේ කාඩ් එක accept නොකරන තැනක් තියෙනවද?,card_acceptance,card_acceptance,True
970,මගේ කාඩ් එක පාවිච්චි කරන්න පුළුවන් තැන් ගැන rules මොනවද?,card_acceptance,card_acceptance,True
971,මගේ කාඩ් එක accept වෙන්නේ කොහෙද කියලා ඔයාලා දන්නවද?,card_acceptance,card_acceptance,True
972,මට මගේ කාඩ් එක පාවිච්චි කරන්න පුළුවන් තැන් මොනවද?,card_acceptance,card_acceptance,True
973,මගේ කාඩ් එක හැම තැනකම accept කරනවද?,card_acceptance,card_acceptance,True
974,payment එකකට මගේ කාඩ් එක accept කරන තැන් මොනවද?,card_acceptance,card_acceptance,True
975,මේ කාඩ් එක හැම තැනකම වැඩ කරනවද?,card_acceptance,card_acceptance,True
976,මේ කාඩ් එක accept කරන businesses මොනවද?,card_acceptance,card_acceptance,True
977,මගේ කාඩ් එක පාවිච්චි කරන්නේ කොහෙද?,card_acceptance,card_acceptance,True
978,මගේ කාඩ් එක accept කරන outlets මොනවද?,card_acceptance,card_acceptance,True
979,"මම Germany එකට ට්‍රැවල් කරනවා, එතන මගේ කාඩ් එක පාවිච්චි කරන්න පුළුවන්ද?",card_acceptance,compromised_card,False
980,payment විදියට මගේ credit card එක ගන්න stores මොනවද?,card_acceptance,supported_cards_and_currencies,False
981,මට මගේ කාඩ් එක පාවිච්චි කරන්න බැරි තැනක් තියෙනවද?,card_acceptance,card_acceptance,True
982,මට ඕනම තැනක මගේ කාඩ් එක පාවිච්චි කරන්න පුළුවන්ද?,card_acceptance,card_acceptance,True
983,මගේ කාඩ් එක ඕන තැනක පාවිච්චි කරන්න පුළුවන්ද?,card_acceptance,card_acceptance,True
984,ඕනම තැනක මගේ කාඩ් එක පාවිච්චි කරන්න හරිද?,card_acceptance,card_acceptance,True
985,මට හැම තැනකම මගේ කාඩ් එක පාවිච්චි කරන්න පුළුවන්ද?,card_acceptance,card_acceptance,True
986,මගේ කාඩ් එක accept වෙන්නේ කොහෙද?,card_acceptance,card_acceptance,True
987,මගේ debit හෝ credit card එකෙන් pay කරන්නේ කොහෙද?,card_acceptance,card_acceptance,True
988,මගේ කාඩ් එක වැඩ කරන්න ඕනේ කොහෙද?,card_acceptance,card_acceptance,True
989,කාඩ් එක accept වෙන areas,card_acceptance,card_acceptance,True
990,මට කාඩ් එක පාවිච්චි කරන්න පුළුවන් තැන්,card_acceptance,card_acceptance,True
991,මට මගේ කාඩ් එකෙන් online purchases කරන්න පුළුවන්ද?,card_acceptance,card_acceptance,True
992,හැම business තැනකම මේ කාඩ් එක accept කරනවද?,card_acceptance,card_acceptance,True
993,මගේ කාඩ් එක accept කරන තැන් මොනවද?,card_acceptance,card_acceptance,True
994,මගේ කාඩ් එක ඕනම තැනක පාවිච්චි කරන්න පුළුවන්ද?,card_acceptance,card_acceptance,True
995,ඕනම business එකක් මේ කාඩ් එක ගන්නවද?,card_acceptance,card_acceptance,True
996,filling stations මගේ කාඩ් එක accept කරනවද?,card_acceptance,card_acceptance,True
997,මට කාඩ් එක පාවිච්චි කරන්න පුළුවන් කොහෙද?,card_acceptance,card_acceptance,True
998,මගේ කාඩ් එකෙන් pay කරන්න පුළුවන් මොනවටද?,card_acceptance,card_acceptance,True
999,මගේ කාඩ් එක accept කරන්නේ කවුද?,card_acceptance,card_acceptance,True
1000,මගේ top-up එක cancel වුනා; මට refund එකක් ලැබෙයිද?,top_up_reverted,top_up_reverted,True
1001,revert වුන top up එකක් fix කරන්නේ කොහොමද?,top_up_reverted,top_up_reverted,True
1002,මගේ top up එක revert වෙලාද කියලා දැනගන්න පුළුවන්ද?,top_up_reverted,top_up_reverted,True
1003,"මගේ top-up එක complete කියලා පේනුනා, ඒත් දැන් නෑ! මෙතන මොකද වෙන්නේ?",top_up_reverted,pending_top_up,False
1004,"හලෝ, මොකද වෙන්නේ කියලා දන්නේ නෑ, මම අහම්බෙන් top up එකට දෙපාරක් ගෙව්වා, refund එකක් ගන්න මට උදව් කරන්නකෝ.",top_up_reverted,transaction_charged_twice,False
1005,මගේ top up එක revert වෙලා වගේ?,top_up_reverted,top_up_reverted,True
1006,ඇප් එක මගේ top up එක accept කළේ නෑ.,top_up_reverted,top_up_failed,False
1007,"මම account එක top up කළා, මුලින් confirm වුනත්, දැන් සල්ලි නෑ! මේක වුනේ ඇයි, මගේ සල්ලි ගියේ කොහෙද?",top_up_reverted,top_up_reverted,True
1008,"මගේ money මගේ top up එකෙන් go through වුනේ නෑ කියලා මම හිතනවා, ඔයාලගේ end එකේ ප්‍රොබ්ලමයක් තිබුනද?",top_up_reverted,pending_top_up,False
1009,"මගේ top-up එක revert වුනා, මේක වුනේ ඇයි?",top_up_reverted,top_up_reverted,True
1010,මම minimum balance එකට account එකට සල්ලි දැම්මා ඒත් application එක accept කළේ නෑ.,top_up_reverted,balance_not_updated_after_cheque_or_cash_deposit,False
1011,මගේ top-up එක cancel වෙලාද කියලා කියන්නකෝ?,top_up_reverted,top_up_reverted,True
1012,මට top up වුනා ඒත් application එක ඒක revert කළා.,top_up_reverted,top_up_reverted,True
1013,මගේ top up එක cancel වෙන්නේ ඇයි?,top_up_reverted,top_up_reverted,True
1014,මගේ top up එකේ reversion එකක් වෙලා තියෙනවා වගේ,top_up_reverted,top_up_reverted,True
1015,application එක මගේ top-up එක revert කළා.,top_up_reverted,top_up_reverted,True
1016,මගේ top-up එක cancel වුනා කියලා මම හිතනවා.,top_up_reverted,top_up_reverted,True
1017,"ඔයාලා offer කරපු දෙයකින් crypto top up එකක් කරාවි කියලා මම හිතුවා. මේක වැඩ කරන්නේ නෑ වගේ. ඒත් සල්ලි මගේ account එකෙන් අරගෙන, එතකොට මොකද වෙන්නේ?",top_up_reverted,top_up_reverted,True
1018,මම top up කළා ඒත් ඇප් එක ඒක revert කළා,top_up_reverted,top_up_reverted,True
1019,"මම top up කරන්න ගියා, ඒක දැන් නෑ. ඒක ආපහු එව්වාද?",top_up_reverted,top_up_reverted,True
1020,මගේ top-up එකට මොකද වුනේ?,top_up_reverted,pending_top_up,False
1021,මගේ top up එක revert වුනේ ඇයි කියලා කියන්නකෝ?,top_up_reverted,top_up_reverted,True
1022,top up එකක් revert වෙලා මගේ account එකට ආපහු එන්නේ මොන හේතුවටද?,top_up_reverted,top_up_reverted,True
1023,"මම top up කරද්දි, ඇප් එක මගේ funds revert කළා.",top_up_reverted,top_up_reverted,True
1024,මගේ top-up එක cancel වුනාට මොකද වුනේ?,top_up_reverted,top_up_reverted,True
1025,මම cryptocurrency එකෙන් top-up එකක් කරන්න try කළා ඒත් payment එක revert වුනා.,top_up_reverted,reverted_card_payment?,False
1026,ඇප් එක මගේ top off එක revert කළා.,top_up_reverted,top_up_reverted,True
1027,මම top up කරද්දි ඇප් එක මගේ action එක revert කළා.,top_up_reverted,top_up_reverted,True
1028,මගේ top up එක reverse වුනාද?,top_up_reverted,top_up_reverted,True
1029,"මගේ top-up එක cancel වුනා කියලා පේනවා, ඒත් ඇයි?",top_up_reverted,top_up_reverted,True
1030,මගේ top-up එක cancel වෙලාද කියලා ඔයාලා දන්නවද?,top_up_reverted,top_up_reverted,True
1031,මගේ top-up එක cancel වෙලාද,top_up_reverted,top_up_reverted,True
1032,මගේ top-up එක revoke වුනා.,top_up_reverted,pending_top_up,False
1033,top-up cancellation එකට හේතු,top_up_reverted,top_up_reverted,True
1034,මම top up කරපු එක ඇප් එක revert කළා.,top_up_reverted,top_up_reverted,True
1035,මගේ top up එක revert වෙලාද?,top_up_reverted,top_up_reverted,True
1036,"මගේ top-up එක cancel වුනා නිසා මම හරිම අපිරිසිදුයි, ඇයි කියලා මට කිසිම අදහසක් නෑ.",top_up_reverted,top_up_reverted,True
1037,මගේ top-up එක cancel වෙලා.,top_up_reverted,top_up_reverted,True
1038,මගේ අන්තිම ට්‍රැන්සැක්ෂන් එකේදි මගේ top-up එක successful වුනේ නෑ වගේ.,top_up_reverted,top_up_failed,False
1039,මගේ top-up එක cancel වුනේ ඇයි කියලා දැනගන්න ඕනේ.,top_up_reverted,top_up_reverted,True
1040,ඊයේ මම cheque එකකින් මගේ balance එක update කරන්න try කළා ඒත් වැඩ වුනා වගේ පේන්නේ නෑ. මේක වේගවත් process එකක් වෙන්න ඕනේ නේද? ප්ලීස් මගේ account එක check කරන්නකෝ මොකක් හරි වැරදිලා.,balance_not_updated_after_cheque_or_cash_deposit,balance_not_updated_after_cheque_or_cash_deposit,True
1041,මගේ account එකේ තාම මගේ deposit එක නැත්තේ ඇයි?,balance_not_updated_after_cheque_or_cash_deposit,balance_not_updated_after_cheque_or_cash_deposit,True
1042,මම check එකකින් account එක balance කළ නිසා account එක update නොවෙන්න හේතුවක් තියෙනවද?,balance_not_updated_after_cheque_or_cash_deposit,balance_not_updated_after_cheque_or_cash_deposit,True
1043,"සතියකට කලින් මම කරපු deposit එක තාම පේන්නේ නැත්තේ ඇයි කියලා දන්නේ නෑ, මට දැන් ඇත්තටම සල්ලි ඕනේ.",balance_not_updated_after_cheque_or_cash_deposit,balance_not_updated_after_cheque_or_cash_deposit,True
1044,"සතියකට ළඟින් කලින් මම cash deposit එකක් කළා ඒත් තාම නෑ!! ප්ලීස් මේක ඉක්මනට sort කරන්නකෝ, මට සල්ලි ඕනේ",balance_not_updated_after_cheque_or_cash_deposit,balance_not_updated_after_cheque_or_cash_deposit,True
1045,මගේ cash deposit එක කොහෙද?,balance_not_updated_after_cheque_or_cash_deposit,balance_not_updated_after_cheque_or_cash_deposit,True
1046,cash deposit එක මගේ account එකේ පේන්නේ කොහොමද?,balance_not_updated_after_cheque_or_cash_deposit,balance_not_updated_after_cheque_or_cash_deposit,True
1047,අද උදේ මම deposit කරපු cash එක available විදියට පේන්නේ කවදද?,balance_not_updated_after_cheque_or_cash_deposit,balance_not_updated_after_cheque_or_cash_deposit,True
1048,අද උදේ cash එක deposit වෙලා නෑ,balance_not_updated_after_cheque_or_cash_deposit,balance_not_updated_after_cheque_or_cash_deposit,True
1049,මම මෑතක deposit කරපු cheque එකේ cash එක කොහෙද?,balance_not_updated_after_cheque_or_cash_deposit,balance_not_updated_after_cheque_or_cash_deposit,True
1050,මගේ account එකට cash deposit එකක් ඒත් ඒක පේන්නේ නෑ.,balance_not_updated_after_cheque_or_cash_deposit,balance_not_updated_after_cheque_or_cash_deposit,True
1051,"මම cheques සහ cash deposit කරද්දි, මගේ balance එක update වෙන්නේ නෑ.",balance_not_updated_after_cheque_or_cash_deposit,balance_not_updated_after_cheque_or_cash_deposit,True
1052,අද උදේ මම deposit එකක් කළා ඒත් තාම pending?,balance_not_updated_after_cheque_or_cash_deposit,balance_not_updated_after_cheque_or_cash_deposit,True
1053,මගේ account එකේ cash deposit එකකට red flag එකක් පේනවා.,balance_not_updated_after_cheque_or_cash_deposit,balance_not_updated_after_cheque_or_cash_deposit,True
1054,මම account එකට සල්ලි ගෙව්වා ඒත් ඒක පේන්නේ නෑ.,balance_not_updated_after_cheque_or_cash_deposit,balance_not_updated_after_cheque_or_cash_deposit,True
1055,මම deposit එකක් කළාට පස්සේ මගේ account එකේ balance එක update වුනේ නෑ.,balance_not_updated_after_cheque_or_cash_deposit,balance_not_updated_after_cheque_or_cash_deposit,True
1056,මගේ account එකට cheques accept කරනවද? මගේ එක වැඩ කළේ නෑ වගේ.,balance_not_updated_after_cheque_or_cash_deposit,top_up_by_cash_or_cheque,False
1057,මම check එකක් deposit කළා ඒත් මගේ balance එක තාම එකම.,balance_not_updated_after_cheque_or_cash_deposit,balance_not_updated_after_cheque_or_cash_deposit,True
1058,මම තාම cash deposit එකකින් account එක update වෙනකන් බලාගෙන ඉන්නවා?,balance_not_updated_after_cheque_or_cash_deposit,balance_not_updated_after_cheque_or_cash_deposit,True
1059,"දවස් කීපයකට කලින් මම cheque එකක් submit කළා, මගේ account එකට තාම මොකුත් වුනේ නෑ. ප්‍රොබ්ලම් එක මොකක්ද කියලා check කරන්නකෝ?",balance_not_updated_after_cheque_or_cash_deposit,balance_not_updated_after_cheque_or_cash_deposit,True
1060,මගේ deposit එක කොහෙද?,balance_not_updated_after_cheque_or_cash_deposit,balance_not_updated_after_cheque_or_cash_deposit,True
1061,මගේ bank statement එකේ මම මෑතක කරපු cash deposit එක පේන්නේ නෑ.,balance_not_updated_after_cheque_or_cash_deposit,balance_not_updated_after_cheque_or_cash_deposit,True
1062,සතියකට කලින් මගේ cash deposit එක තාම පේන්නේ නෑ. මට සල්ලි ඕනේ - මේක කොච්චර ඉක්මනට sort කරන්න පුළුවන්ද?,balance_not_updated_after_cheque_or_cash_deposit,balance_not_updated_after_cheque_or_cash_deposit,True
1063,මගේ cash හෝ checque deposit එකට පස්සේ balance එක update නොවුනේ ඇයි?,balance_not_updated_after_cheque_or_cash_deposit,balance_not_updated_after_cheque_or_cash_deposit,True
1064,මගේ account එකේ cash deposit එක නොපෙන්නෙන්නේ ඇයි?,balance_not_updated_after_cheque_or_cash_deposit,balance_not_updated_after_cheque_or_cash_deposit,True
1065,මම මගේ balance එකට add නොවුන cash සහ check deposit එකක් කළා.,balance_not_updated_after_cheque_or_cash_deposit,balance_not_updated_after_cheque_or_cash_deposit,True
1066,check එකක් deposit කළාට පස්සේ මගේ balance එක වැඩි නොවුනේ ඇයි?,balance_not_updated_after_cheque_or_cash_deposit,balance_not_updated_after_cheque_or_cash_deposit,True
1067,මගේ account එක cash deposits accept නොකරන්නේ ඇයි?,balance_not_updated_after_cheque_or_cash_deposit,balance_not_updated_after_cheque_or_cash_deposit,True
1068,මම account එකට deposit කරන්න try කරපු cash එකට මොකද වුනේ? ඒක නෑ!,balance_not_updated_after_cheque_or_cash_deposit,balance_not_updated_after_cheque_or_cash_deposit,True
1069,"මම cheque එකක් deposit කළා, ඒත් තාම cash එක දැක්කේ නෑ.",balance_not_updated_after_cheque_or_cash_deposit,balance_not_updated_after_cheque_or_cash_deposit,True
1070,"cheque deposit එකක් මගේ account එකට post වෙලා නෑ, මගේ balance එක update වෙන්නේ කවදද?",balance_not_updated_after_cheque_or_cash_deposit,balance_not_updated_after_cheque_or_cash_deposit,True
1071,මම account එකට cash deposit එකක් submit කළා ඒත් තාම post වෙලා නෑ.,balance_not_updated_after_cheque_or_cash_deposit,balance_not_updated_after_cheque_or_cash_deposit,True
1072,"දවස් කීපයකට කලින් මම cheque එකක් එව්වා, මගේ account එකට තාම මොකුත් වුනේ නෑ. ප්ලීස් මේක check කරන්නකෝ?",balance_not_updated_after_cheque_or_cash_deposit,balance_not_updated_after_cheque_or_cash_deposit,True
1073,"මම deposit කරපු check එක clear වෙලාද, cash එක ගන්න පුළුවන්ද?",balance_not_updated_after_cheque_or_cash_deposit,balance_not_updated_after_cheque_or_cash_deposit,True
1074,cheque deposits process වෙන්න කොච්චර වෙලා යනවද?,balance_not_updated_after_cheque_or_cash_deposit,balance_not_updated_after_cheque_or_cash_deposit,True
1075,මගේ cash deposit එක නොපෙන්නෙන්නේ ඇයි. මේක හරි වෙන්න බෑ. මොකක් හරි වැරැද්දක් තියෙන්න ඕනේ. මගේ cash එක ගියේ කොහෙද. මට මේ සල්ලි ඉක්මනට ඕනේ නිසා ඒක නැති කරන්න එපා.,balance_not_updated_after_cheque_or_cash_deposit,balance_not_updated_after_cheque_or_cash_deposit,True
1076,"අද උදේ මම cash deposit කළා, මම තාම බලාගෙන ඉන්නවා",balance_not_updated_after_cheque_or_cash_deposit,balance_not_updated_after_cheque_or_cash_deposit,True
1077,cheque හෝ cash deposit එකකට පස්සේ balance එක update වෙලා නෑ,balance_not_updated_after_cheque_or_cash_deposit,balance_not_updated_after_cheque_or_cash_deposit,True
1078,මම account එකට cash ටිකක් deposit කරන්න try කළා ඒත් ඒක නෑ,balance_not_updated_after_cheque_or_cash_deposit,balance_not_updated_after_cheque_or_cash_deposit,True
1079,"දවස් කීපයකට කලින් මම ඔයාලට cheque එකක් එව්වා, මගේ account එකට තාම මොකුත් වුනේ නෑ! මේක unacceptable, මගේ සල්ලි කොහෙද??",balance_not_updated_after_cheque_or_cash_deposit,balance_not_updated_after_cheque_or_cash_deposit,True
1080,මගේ statement එකේ අමතක payment එකක් තියෙනවා,card_payment_not_recognised,card_payment_not_recognised,True
1081,මම නොකළ charge එකක් මගේ කාඩ් එකේ තියෙනවා,card_payment_not_recognised,card_payment_not_recognised,True
1082,මම නොකළ payment එකක් මම දැක්කා,card_payment_not_recognised,card_payment_not_recognised,True
1083,ඇප් එකේ මගේ නොවන payment එකක් තියෙනවා. ප්ලීස් advise කරන්නකෝ.,card_payment_not_recognised,card_payment_not_recognised,True
1084,unauthorized payment එකක් මගේ ඇප් එකේ තියෙනවා,card_payment_not_recognised,card_payment_not_recognised,True
1085,මම මේ කාඩ් payment එක කළේ නෑ.,card_payment_not_recognised,card_payment_not_recognised,True
1086,මම නොකළ payment එකක් දැක්කොත් මම මොකද කරන්න ඕනේ?,card_payment_not_recognised,card_payment_not_recognised,True
1087,මම unauthorized කාඩ් payment එකක් හම්බුනා,card_payment_not_recognised,direct_debit_payment_not_recognised,False
1088,මම නොකළ ට්‍රැන්සැක්ෂන් එකක් මගේ account එකේ තියෙනවා,card_payment_not_recognised,card_payment_not_recognised,True
1089,මම ඒ payment එක කළා කියලා මට මතක නෑ?,card_payment_not_recognised,card_payment_not_recognised,True
1090,"මගේ කාඩ් එකෙන් කොහෙන්ද එනවා කියලා මම දන්නේ නැති payments කීපයක් තියෙනවා. අද තමයි check කළේ, දවස් කීපයකින් ඉඳන් වෙලා තියෙනවා! මම මොකද කරන්න ඕනේ? මේක retrospectively revert කරන්න පුළුවන්ද? මගේ කාඩ් එකත් දැන්ම freeze කරන්න ඕනේ!",card_payment_not_recognised,card_payment_not_recognised,True
1091,"කවුරු හරි මගේ කාඩ් එකට access වෙලාද, මම නොකළ payments ඇප් එකේ පේනවා.",card_payment_not_recognised,card_payment_not_recognised,True
1092,"දවස් කීපයකට කලින් ඉඳන් මම නොකළ අමතක charges කීපයක් මගේ කාඩ් එකේ තියෙනවා. මගේ කාඩ් එක හොරකම් වෙලාද, එහෙනම් ඒක cancel කරන්න ඕනේද? charges refund වේවිද?",card_payment_not_recognised,card_payment_not_recognised,True
1093,මම හඳුනන්නේ නැති payment එකක් මගේ account එකේ තියෙන්නේ ඇයි?,card_payment_not_recognised,card_payment_not_recognised,True
1094,මම නොකළ payment එකක් මට තියෙනවා,card_payment_not_recognised,card_payment_not_recognised,True
1095,මගේ නොවන payment එකක් තියෙනවා.,card_payment_not_recognised,card_payment_not_recognised,True
1096,මගේ account එක freeze කරන්නකෝ? මම දැන් තමයි මම හඳුනන්නේ නැති transactions මගේ account එකේ තියෙනවා දැක්කේ. මේක fix කරන්නේ කොහොමද?,card_payment_not_recognised,card_payment_not_recognised,True
1097,මම හඳුනන්නේ නැති කාඩ් payment එකක් තියෙනවා.,card_payment_not_recognised,card_payment_not_recognised,True
1098,මම කාඩ් payment එකක් හඳුනන්නේ නෑ,card_payment_not_recognised,card_payment_not_recognised,True
1099,මම නොකළ payment එක,card_payment_not_recognised,card_payment_not_recognised,True
1100,"ප්ලීස් මගේ කාඩ් එකට freeze එකක් දාන්නකෝ, ඒකේ payments කීපයක් වෙලා තියෙනවා, ඒවා මොකටද කියලා මම දන්නේ නෑ, මට කරදරයි.",card_payment_not_recognised,card_payment_not_recognised,True
1101,මගේ statement එකේ fraudulent charge එකක් තියෙනවා කියලා මම හිතනවා,card_payment_not_recognised,card_payment_not_recognised,True
1102,"මගේ කාඩ් එකේ මෑතක වුන payment එකක් ගැන මට කරදරයි. ට්‍රැන්සැක්ෂන් එක ගිය නම මම හඳුනන්නේ නෑ, මට උදව් කරන්නද?",card_payment_not_recognised,card_payment_not_recognised,True
1103,"මම නොකළ transactions මගේ account එකෙන් අයින් කරගන්න මම මොකද කරන්න ඕනේ? මගේ කාඩ් එක compromise වෙලා ඇති, ඉක්මනට freeze කරන්න ඕනේ!",card_payment_not_recognised,cash_withdrawal_not_recognised,False
1104,මට error එකකින් payment එකක් listed වෙලා තියෙනවා.,card_payment_not_recognised,beneficiary_not_allowed,False
1105,මම නොකළ payments කීපයකට මම මොකද කරන්න පුළුවන්? ප්ලීස් අපි මේක figure out කරගන්නකන් මගේ කාඩ් එකට freeze එකක් දාන්නකෝ.,card_payment_not_recognised,card_payment_not_recognised,True
1106,මට කාඩ් payment එකක් ගැන දන්නේ නෑ.,card_payment_not_recognised,card_payment_not_recognised,True
1107,මගේ statement එකේ unauthorized ට්‍රැන්සැක්ෂන් එකක් තියෙනවා,card_payment_not_recognised,cash_withdrawal_not_recognised,False
1108,ඇප් එකේ මගේ නොවන payment එකක් තියෙනවා.,card_payment_not_recognised,card_payment_not_recognised,True
1109,මේ ට්‍රැන්සැක්ෂන් එක ආවේ කොහෙන්ද කියලා මම දන්නේ නෑ?,card_payment_not_recognised,card_payment_not_recognised,True
1110,මම කළා කියලා මතක නැති charge එකක් මගේ account එකේ මම දකිනවා. මගේ account එක compromise වෙලා ඇති කියලා මට හිතෙනවා.,card_payment_not_recognised,card_payment_not_recognised,True
1111,"මගේ කාඩ් එකේ පේන මේ payment එක මම කළේ නෑ කියලා මම දන්නවා, මේ කෙනාව මතක නෑ.",card_payment_not_recognised,card_payment_not_recognised,True
1112,කවුරු හරි purchase එකක් කරන්න මගේ කාඩ් එක පාවිච්චි කළා,card_payment_not_recognised,compromised_card,False
1113,"මගේ කාඩ් එකේ මෑත charge එකක් තියෙනවා, මම ඒක කළේ නෑ කියලා දන්නවා මොකද මම කවදාවත් ඒ නම දැක්කේ නෑ. මේක investigate කරන්න පුළුවන්ද?",card_payment_not_recognised,card_payment_not_recognised,True
1114,මගේ සමහර කාඩ් payments මම products purchase කරපු තැනට වඩා වෙනස් වගේ පේනවා. ඇයි ඒක?,card_payment_not_recognised,pending_card_payment,False
1115,මගේ statement එකේ අමතක payment එකක් තියෙනවා. මම මොකද කරන්න ඕනේ?,card_payment_not_recognised,card_payment_not_recognised,True
1116,මම නොකළ purchase එකක් වෙලා තියෙනවා කියලා මම හිතනවා.,card_payment_not_recognised,card_payment_not_recognised,True
1117,මගේ statement එකේ fraudulent charge එකක් තියෙනවා.,card_payment_not_recognised,card_payment_not_recognised,True
1118,මම නොකළ payment එක මගේ account එකේ මොකක්ද?,card_payment_not_recognised,card_payment_not_recognised,True
1119,මගේ statement එකේ මම හඳුනන්නේ නැති payment එකක් තියෙනවා,card_payment_not_recognised,card_payment_not_recognised,True
1120,"මම දැන් file එකේ තියෙන address එකේ ඉන්නේ නෑ, ඒක වෙනස් කරන්නේ කොහොමද?",edit_personal_details,edit_personal_details,True
1121,මගේ address එක වෙනස් කරන්නේ කොහොමද.,edit_personal_details,edit_personal_details,True
1122,මගේ details update කරන්නේ කොහොමද?,edit_personal_details,edit_personal_details,True
1123,මගේ address එක revise කරන්න ඕනේ.,edit_personal_details,edit_personal_details,True
1124,"මනාලි වුනා, account name එක වෙනස් කරන්න ඕනේ",edit_personal_details,edit_personal_details,True
1125,මගේ address එක වෙනස් වෙලා.,edit_personal_details,edit_personal_details,True
1126,"මනාලි වුනා, name එක වෙනස් කරන්න ඕනේ",edit_personal_details,edit_personal_details,True
1127,මට මගේ personal details වෙනස් කරගන්න ඕනේ.,edit_personal_details,edit_personal_details,True
1128,මම move වුනා. මගේ details update කරගන්න ඕනේ.,edit_personal_details,edit_personal_details,True
1129,මගේ account එකේ personal details section එක edit කරගන්න ඕනේ,edit_personal_details,edit_personal_details,True
1130,මම move වුනාට පස්සේ මගේ personal information වෙනස් කරන්නේ කොහෙද?,edit_personal_details,edit_personal_details,True
1131,මගේ detail modify කරන්න මම කොහෙට යන්න ඕනේද?,edit_personal_details,edit_personal_details,True
1132,මගේ information වෙනස් කරන්නේ කොහොමද?,edit_personal_details,edit_personal_details,True
1133,මගේ account details වෙනස් කරගන්න ඕනේ,edit_personal_details,edit_personal_details,True
1134,මම move වුනා. මගේ details update කරන්නේ කොහෙද?,edit_personal_details,edit_personal_details,True
1135,"මම relocate වුනා, මගේ personal details වෙනස් කරගන්න ඕනේ.",edit_personal_details,edit_personal_details,True
1136,මගේ personal details update කරගන්න ඕනේ,edit_personal_details,edit_personal_details,True
1137,මගේ address එක වෙනස් වෙලා. ඒක report කරන්නේ කොහොමද?,edit_personal_details,edit_personal_details,True
1138,මගේ info update කරගන්න ඕනේ.,edit_personal_details,edit_personal_details,True
1139,මගේ details modify කරන්නේ කොහොමද?,edit_personal_details,edit_personal_details,True
1140,මගේ name එක වෙනස් කරන්න මම මොකද කරන්න ඕනේ?,edit_personal_details,edit_personal_details,True
1141,"මගේ address එක update වෙලා, ඒක වෙනස් කරගන්න ඕනේ.",edit_personal_details,edit_personal_details,True
1142,මගේ personal profile එක update කරන්න මම කොහෙට යන්න ඕනේද?,edit_personal_details,edit_personal_details,True
1143,ඇප් එකේ මගේ personal details edit කරන්න පුළුවන්ද?,edit_personal_details,edit_personal_details,True
1144,මගේ details වෙනස් කරන්නේ කොහොමද,edit_personal_details,edit_personal_details,True
1145,මගේ account එකේ last name එක වෙනස් කරන්න මට උදව් ඕනේ.,edit_personal_details,edit_personal_details,True
1146,මගේ දැන් ඉන්න residence details update කරන්නේ කොහොමද?,edit_personal_details,edit_personal_details,True
1147,name එක වෙනස් කරන්නේ කොහොමද?,edit_personal_details,edit_personal_details,True
1148,මම මනාලි වුන නිසා name එක වෙනස් කරගන්න ඕනේ,edit_personal_details,edit_personal_details,True
1149,මට මගේ address එක වෙනස් කරගන්න ඕනේ.,edit_personal_details,edit_personal_details,True
1150,name එක වෙනස් කරන්නේ කොහොමද,edit_personal_details,edit_personal_details,True
1151,මට මගේ information වෙනස් කරගන්න පුළුවන්ද?,edit_personal_details,edit_personal_details,True
1152,මගේ දැන් ඉන්න address එක update කරගන්න ඕනේ,edit_personal_details,edit_personal_details,True
1153,මම move වෙලා. මගේ details update කරන්නේ කොහෙද?,edit_personal_details,edit_personal_details,True
1154,මට මගේ name එක වෙනස් කරගන්න ඕනේ.,edit_personal_details,edit_personal_details,True
1155,post office එකෙන් address මාරු කරන form එකක් එවනකන් මම බලාගෙන ඉන්න ඕනේද?,edit_personal_details,edit_personal_details,True
1156,"මගේ name එක වෙනස් කරගන්න ඕනේ, මම මොකද කරන්නේ?",edit_personal_details,edit_personal_details,True
1157,මගේ personal details edit කරන්නේ කොහොමද?,edit_personal_details,edit_personal_details,True
1158,මගේ address එක වෙනස් කරන්නේ කොහොමද?,edit_personal_details,edit_personal_details,True
1159,මගේ account එකේ address එක වෙනස් කරන්න මම මොකද කරන්න ඕනේ?,edit_personal_details,edit_personal_details,True
1160,මගේ identity ගැන ඔයාලා මේ තරම් details ඉල්ලන්නේ ඇයි?,why_verify_identity,why_verify_identity,True
1161,මට identity එක verify කරන්න ඕනේ නෑ.,why_verify_identity,verify_my_identity,False
1162,මම log in වෙන හැම වතාවකම මගේ identity එක verify කරන්න ඕනේද?,why_verify_identity,verify_my_identity,False
1163,මට identity එක verify කරන්න ඕනේ වෙන්නේ ඇයි?,why_verify_identity,why_verify_identity,True
1164,identity verification එකට කලින් transfers කරන්න පුළුවන්ද?,why_verify_identity,why_verify_identity,True
1165,identity එක verify කරන්න ඕනේ ඇයි?,why_verify_identity,why_verify_identity,True
1166,identity check එක කරන්න ඕනේද?,why_verify_identity,why_verify_identity,True
1167,identity එක verify නොකර account එක පාවිච්චි කරන්න පුළුවන්ද?,why_verify_identity,why_verify_identity,True
1168,identity verification එක mandatory ඇයි?,why_verify_identity,why_verify_identity,True
1169,identity check එකක් කරන්න ඕනේද?,why_verify_identity,why_verify_identity,True
1170,මට identity verification එක කරන්න ඕනේ නෑ.,why_verify_identity,why_verify_identity,True
1171,identity verification එක තාම pass වෙලා නැතත් මට account එක පාවිච්චි කරන්න පුළුවන්ද?,why_verify_identity,why_verify_identity,True
1172,මගේ identity details ඔක්කොම ඔයාලා ඉල්ලන්නේ ඇයි?,why_verify_identity,why_verify_identity,True
1173,මගේ identity එක verify කරන්න ඔයාලට මේ තරම් information ඕනේ ඇයි?,why_verify_identity,why_verify_identity,True
1174,identity check එකේ පරමාර්ථය මොකක්ද,why_verify_identity,why_verify_identity,True
1175,මගේ identity ගැන මේ තරම් information fill කරන්න ඕනේ එක මට කම්මැලියි.,why_verify_identity,verify_my_identity,False
1176,identity check එකේ පොයින්ට් එක මොකක්ද?,why_verify_identity,why_verify_identity,True
1177,ඔයාලට මගේ identity එක දැනගන්න ඕනේ ඇයි?,why_verify_identity,why_verify_identity,True
1178,identity verification එක තාම go through වෙලා නැතත් මට දැන් account එක පාවිච්චි කරන්න පුළුවන්ද?,why_verify_identity,why_verify_identity,True
1179,account එක පාවිච්චි කරන්න මගේ identity එක verify කරන්න ඕනේද?,why_verify_identity,why_verify_identity,True
1180,මට identity check එකක් කරන්න ඕනේ වෙන්නේ ඇයි?,why_verify_identity,why_verify_identity,True
1181,මගෙන් identity check එකක් ඉල්ලන්නේ ඇයි,why_verify_identity,why_verify_identity,True
1182,identity verification එක complete වෙන්න කලින් transactions කරන්න පුළුවන්ද?,why_verify_identity,why_verify_identity,True
1183,මට ඇත්තටම identity එක verify කරන්න ඕනේද?,why_verify_identity,why_verify_identity,True
1184,මගේ identification details ඔක්කොම ඔයාලට දෙන්න ඕනේ ඇයි?,why_verify_identity,why_verify_identity,True
1185,මේ තරම් identity details ඔයාලා ඉල්ලන්නේ ඇයි?,why_verify_identity,why_verify_identity,True
1186,"මගේ id verify වෙලා නැති නිසා, මට account එක පාවිච්චි කරන්න පුළුවන් කවදද?",why_verify_identity,why_verify_identity,True
1187,මම identity එක verify කරන්නේ නෑ.,why_verify_identity,verify_my_identity,False
1188,මට identity verification එක skip කරන්න ඕනේ.,why_verify_identity,why_verify_identity,True
1189,මට identity එක verify කරන්න ඕන කරන්නේ නෑ.,why_verify_identity,why_verify_identity,True
1190,මට identity එක verify කරන්න ඕනේ ඇයි?,why_verify_identity,why_verify_identity,True
1191,identity check එක කියන්නේ මොකක්ද?,why_verify_identity,why_verify_identity,True
1192,මගේ identity එක verify කරන්න වෙනත් methods මොනවද?,why_verify_identity,verify_my_identity,False
1193,මට identity එක verify කරන්න ඕනේද?,why_verify_identity,verify_my_identity,False
1194,මට account එක පාවිච්චි කරන්න ඕනේ හැම වතාවකම identity එක verify කරන්න ඕනේද?,why_verify_identity,why_verify_identity,True
1195,identity verification එක complete නොවුනොත් මට account එක පාවිච්චි කරන්න පුළුවන්ද?,why_verify_identity,why_verify_identity,True
1196,මගෙන් identity එක verify කරන්න අහන්නේ ඇයි,why_verify_identity,why_verify_identity,True
1197,මට identity එක verify කරන්න ඕන කරනවද?,why_verify_identity,verify_my_identity,False
1198,මා ගැන ඔයාලට මේ තරම් දැනගන්න ඕනේ ඇයි,why_verify_identity,why_verify_identity,True
1199,මට identity එක verify කරන්න ඕනේ වුනේ ඇයි?,why_verify_identity,why_verify_identity,True
1200,මට මගේ identity එක verify කරන්න බෑ,unable_to_verify_identity,verify_my_identity,False
1201,identity එක prove කරන්න ඕනේ දේවල් මගේ ළඟ නෑ,unable_to_verify_identity,unable_to_verify_identity,True
1202,මම කියන කෙනා මමයි කියලා ඇප් එක විශ්වාස නොකරන්නේ ඇයි?,unable_to_verify_identity,unable_to_verify_identity,True
1203,මගේ identity එක verify කරන්න ප්‍රොබ්ලමයක් තියෙනවා.,unable_to_verify_identity,verify_my_identity,False
1204,මගේ verification එක fail වුනොත් මම මොකද කරන්නේ,unable_to_verify_identity,why_verify_identity,False
1205,මගේ identity එක verify කරන්න බෑ,unable_to_verify_identity,verify_my_identity,False
1206,ඇප් එකට මම කියලා දන්නේ නෑ.,unable_to_verify_identity,unable_to_verify_identity,True
1207,මගේ ID එක verify කරන්න ප්‍රොබ්ලමයක් තියෙනවා.,unable_to_verify_identity,unable_to_verify_identity,True
1208,ඇප් එකට මාව හඳුනගන්න බෑ,unable_to_verify_identity,unable_to_verify_identity,True
1209,මගේ id එක verify කරන්න උදව් කරන්න.,unable_to_verify_identity,verify_my_identity,False
1210,ඇප් එකට මගේ identity එක verify කරන්න බැරි වුනා.,unable_to_verify_identity,unable_to_verify_identity,True
1211,මගේ ID එක verify කරන්න බෑ.,unable_to_verify_identity,unable_to_verify_identity,True
1212,මගේ identity එක prove කරන්න බෑ.,unable_to_verify_identity,unable_to_verify_identity,True
1213,ඇප් එකට මාව හඳුනගන්න බෑ.,unable_to_verify_identity,unable_to_verify_identity,True
1214,මගේ ID එක verify නොවෙන්නේ ඇයි?,unable_to_verify_identity,unable_to_verify_identity,True
1215,ඇප් එක මාව account එකට එන්න දෙන්නේ නෑ.,unable_to_verify_identity,unable_to_verify_identity,True
1216,මගේ identity එක prove කරන්න ප්‍රොබ්ලමයක් තියෙනවා.,unable_to_verify_identity,unable_to_verify_identity,True
1217,මට මගේම identity එක prove කරන්න බෑ.,unable_to_verify_identity,unable_to_verify_identity,True
1218,මගේ ID එක verify වෙන්නේ නෑ!,unable_to_verify_identity,unable_to_verify_identity,True
1219,මාව මම කියලා ඇප් එකට දැනගන්න කරන්න බෑ.,unable_to_verify_identity,unable_to_verify_identity,True
1220,මගේ identity එක verify කරන්න බෑ.,unable_to_verify_identity,verify_my_identity,False
1221,ඇප් එකට මාව හඳුනගන්නේ නෑ.,unable_to_verify_identity,unable_to_verify_identity,True
1222,මගේ identity එක verify කරන්න මට අපහසුතා තියෙනවා.,unable_to_verify_identity,verify_my_identity,False
1223,ඇප් එකට මම මම කියලා විශ්වාස වෙන්නේ නෑ,unable_to_verify_identity,unable_to_verify_identity,True
1224,මගේ Id එක verify නොවෙන එකේ ප්‍රොබ්ලම් එක මොකක්ද?,unable_to_verify_identity,unable_to_verify_identity,True
1225,මගේ id එක verify කරන්න මට ඕනේ මොකක්ද?,unable_to_verify_identity,verify_my_identity,False
1226,"මම ID එක verify කරන්න try කළා, ඒත් ඉඩ දෙන්නේ නෑ.",unable_to_verify_identity,unable_to_verify_identity,True
1227,මේක ඇත්තටම මගේ identity එක කියලා මේ මෝඩ සිස්ටම් එකට පෙන්නන්නේ කොහොමද?,unable_to_verify_identity,verify_my_identity,False
1228,මගේ identity එක provide කරන්න මට අපහසුතා තියෙනවා.,unable_to_verify_identity,unable_to_verify_identity,True
1229,මගේ identity එක prove කරන්න මට ප්‍රොබ්ලමයක් තියෙනවා,unable_to_verify_identity,unable_to_verify_identity,True
1230,මගේ ID එක verify වෙන්න කොච්චර වෙලා යනවද?,unable_to_verify_identity,unable_to_verify_identity,True
1231,මගේ id එක verify කරන්න බැරි වෙන්නේ ඇයි?,unable_to_verify_identity,unable_to_verify_identity,True
1232,මගේ identity එක verify කරන්න ඉඩ දෙන්නේ නෑ.,unable_to_verify_identity,unable_to_verify_identity,True
1233,ඇප් එකට හිතෙන්නේ නෑ මම කියලා,unable_to_verify_identity,unable_to_verify_identity,True
1234,මගේ id එක verify කරන්න ප්‍රොබ්ලමයක් තියෙන්නේ ඇයි?,unable_to_verify_identity,unable_to_verify_identity,True
1235,identity verification එකේ issues තියෙනවා,unable_to_verify_identity,unable_to_verify_identity,True
1236,ඇප් එක මාව මම විදියට log in වෙන්න දෙන්නේ නෑ.,unable_to_verify_identity,unable_to_verify_identity,True
1237,මගේ identity එක verify කරගන්න බැරි ඇයි?,unable_to_verify_identity,unable_to_verify_identity,True
1238,මගේ id එක verify කරගන්න බැරි ඇයි?,unable_to_verify_identity,unable_to_verify_identity,True
1239,මොකද හරි හේතුවක් නිසා මගේ identity එක verify කිරීමේ ප්‍රොබ්ලමයක් තියෙනවා.,unable_to_verify_identity,unable_to_verify_identity,True
1240,මගේ කාඩ් PIN එකට මම මොකද කරන්නේ?,get_physical_card,get_physical_card,True
1241,PIN එක වෙනම ඩිලිවර් වෙනවද?,get_physical_card,get_physical_card,True
1242,මගේ pin එක මගේ ළඟ නෑ,get_physical_card,get_physical_card,True
1243,PIN වෙනම ද?,get_physical_card,get_physical_card,True
1244,මට මගේ PIN එක හොයාගන්න බෑ. ඒක කොහෙද?,get_physical_card,get_physical_card,True
1245,අලුත් කාඩ් එකට මගේ PIN එක set-up කරන්නේ කොහොමද?,get_physical_card,get_physical_card,True
1246,මගේ කාඩ් PIN එක හොයාගන්නේ කොහොමද?,get_physical_card,get_physical_card,True
1247,මගේ කාඩ් PIN එක ඇප් එකේ save වෙලා තියෙනවද,get_physical_card,get_physical_card,True
1248,මගේ PIN එක හොයන්න කොහෙ බලන්නද කියලා දන්නේ නෑ.,get_physical_card,get_physical_card,True
1249,ඇප් එකේ මගේ අලුත් pin එක ගැන කොහෙන් දැනගන්නද,get_physical_card,get_physical_card,True
1250,ඇප් එකේ මගේ PIN එක තියෙන්නේ කොහෙද?,get_physical_card,get_physical_card,True
1251,"මට දැන් තමයි අලුත් කාඩ් එක ලැබුනේ, ඒත් PIN එක check කරන්නේ කොහොමද කියලා දන්නේ නෑ.",get_physical_card,get_physical_card,True
1252,pin එකක් ඕනේද,get_physical_card,get_physical_card,True
1253,"මගේ කාඩ් එකට PIN එකක් ඕනේ නම්, ඒක තියෙන්නේ කොහෙද?",get_physical_card,get_physical_card,True
1254,මගේ කාඩ් PIN එක මොකක්ද,get_physical_card,get_physical_card,True
1255,Card එකේ PIN එක ගැන කොහොමද?,get_physical_card,get_physical_card,True
1256,මේ කාඩ් PIN එක ගැන?,get_physical_card,get_physical_card,True
1257,මට කාඩ් එක ලැබුනා ඒත් PIN එක ලැබුනේ නෑ.,get_physical_card,get_physical_card,True
1258,මගේ PIN එක බලන්න බැරි ඇයි?,get_physical_card,get_physical_card,True
1259,pin එකක් set කරන process එක මොකක්ද,get_physical_card,change_pin,False
1260,මගේ PIN එක කාඩ් එකත් එක්ක එනවද?,get_physical_card,get_physical_card,True
1261,කාඩ් PIN එක හොයාගන්නේ කොහෙද?,get_physical_card,get_physical_card,True
1262,මගේ PIN එක තාම available නැත්තේ ඇයි?,get_physical_card,get_physical_card,True
1263,මගේ PIN එක මගේ account එකේ කොහෙන් හරි තියෙනවද?,get_physical_card,get_physical_card,True
1264,"මගේ කාඩ් PIN එක හොයන්න උදව් කරන්නකෝ, ස්තූතියි!",get_physical_card,get_physical_card,True
1265,මගේ PIN number එක තියෙන්නේ කොහෙද?,get_physical_card,get_physical_card,True
1266,මට තාම pin එක නෑ.,get_physical_card,get_physical_card,True
1267,එතකොට කාඩ් PIN එක ගැන?,get_physical_card,get_physical_card,True
1268,මට කාඩ් PIN එක locate කරගන්න බෑ.,get_physical_card,get_physical_card,True
1269,මට මගේ PIN එක ඕනේ,get_physical_card,get_physical_card,True
1270,මගේ PIN එක හොයාගන්නේ කොහෙද?,get_physical_card,get_physical_card,True
1271,මගේ PIN එක ලැබෙන්නේ කවදද,get_physical_card,get_physical_card,True
1272,මගේ කාඩ් pin එක හොයන්න උදව් කරන්න!,get_physical_card,get_physical_card,True
1273,PIN එක වෙනම එවනවද?,get_physical_card,get_physical_card,True
1274,මට මගේ කාඩ් pin එක හොයාගන්න බෑ.,get_physical_card,get_physical_card,True
1275,PIN එකකට මම මොකද කරන්න ඕනේ?,get_physical_card,change_pin,False
1276,මගේ PIN එක හොයාගන්න බැරි ඇයි?,get_physical_card,get_physical_card,True
1277,කාඩ් PIN එක තියෙන්නේ කොහෙද?,get_physical_card,get_physical_card,True
1278,මගේ කාඩ් එකේ PIN එක මොකක්ද?,get_physical_card,get_physical_card,True
1279,pin එක user ට හොයාගන්නේ කොහෙන්ද?,get_physical_card,get_physical_card,True
1280,මට Visa එකට වඩා Mastercard එකයි ආදරේ.,visa_or_mastercard,visa_or_mastercard,True
1281,මට visa card එකකට qualify වෙනවද?,visa_or_mastercard,visa_or_mastercard,True
1282,visa card එකක් ලබාගන්නේ කොහොමද?,visa_or_mastercard,visa_or_mastercard,True
1283,ඔයාලා Visa හෝ Mastercard accept කරනවද?,visa_or_mastercard,visa_or_mastercard,True
1284,Visa සහ Mastercard දෙකම accept කරනවද?,visa_or_mastercard,visa_or_mastercard,True
1285,ඔයාලා mastercard හෝ visa accept කරනවද?,visa_or_mastercard,visa_or_mastercard,True
1286,Visa සහ Mastercard දෙකම offer කරනවද?,visa_or_mastercard,visa_or_mastercard,True
1287,මට visa එකක් දෙන්න පුළුවන්ද?,visa_or_mastercard,visa_or_mastercard,True
1288,Visa එකක්ද Mastercard එකක්ද ගන්නේ කියලා තීරණය කරන්නේ කොහොමද?,visa_or_mastercard,visa_or_mastercard,True
1289,mastercard එකක් ගන්න පුළුවන්ද?,visa_or_mastercard,visa_or_mastercard,True
1290,Visa credit card එකක් ලබාගන්න මම මොන steps follow කරන්න ඕනේද?,visa_or_mastercard,visa_or_mastercard,True
1291,මට Mastercard එකක් ගන්නවා ආසයි,visa_or_mastercard,visa_or_mastercard,True
1292,Visa සහ Mastercard අතර මට choice එකක් තියෙනවද?,visa_or_mastercard,visa_or_mastercard,True
1293,Visa credit card එකක් ලබාගන්න මම මොකද කරන්න ඕනේ?,visa_or_mastercard,visa_or_mastercard,True
1294,මට visa card එකක් ආසයි,visa_or_mastercard,visa_or_mastercard,True
1295,Visa එකක්ද Mastercard එකක්ද කියලා තෝරගන්න පුළුවන්ද?,visa_or_mastercard,visa_or_mastercard,True
1296,payment එකක් කරන්න මට ඕනම කාඩ් එකක් පාවිච්චි කරන්න පුළුවන්ද?,visa_or_mastercard,supported_cards_and_currencies,False
1297,available cards මොනවද?,visa_or_mastercard,country_support,False
1298,මට Visa සහ Mastercard දෙකම ගන්න ඕනේ,visa_or_mastercard,visa_or_mastercard,True
1299,මගේ කාඩ් එක තෝරගන්න මට පුළුවන්ද?,visa_or_mastercard,visa_or_mastercard,True
1300,visa සහ mastercard දෙකම මට available ද?,visa_or_mastercard,visa_or_mastercard,True
1301,ඔයාලා Visa හෝ Mastercard කරනවද?,visa_or_mastercard,visa_or_mastercard,True
1302,Visa එකකට වඩා Mastercard එකක් තෝරගන්නේ කොහොමද?,visa_or_mastercard,visa_or_mastercard,True
1303,මට visa card එකකට apply කරගන්න ඕනේ.,visa_or_mastercard,visa_or_mastercard,True
1304,Visa සහ Mastercard අතර මට තෝරගන්න ලැබෙයිද?,visa_or_mastercard,visa_or_mastercard,True
1305,අපිට visa එකකුත් Mastercard එකකුත් දෙකම ඕනේ.,visa_or_mastercard,visa_or_mastercard,True
1306,හලෝ. ඔයාලා Visa හෝ Mastercard පාවිච්චි කරනවද කියලා කියන්නකෝ?,visa_or_mastercard,visa_or_mastercard,True
1307,Visa එකක්ද Mastercard එකක්ද තෝරගැනීම ගැන මට තව විස්තර ඕනේ.,visa_or_mastercard,visa_or_mastercard,True
1308,ඔයාලා ළඟ Visa හෝ Matercard තියෙනවද?,visa_or_mastercard,visa_or_mastercard,True
1309,ඔයාලගෙන් Visa එකකුත් Mastercard එකකුත් දෙකම ලබාගන්න පුළුවන්ද?,visa_or_mastercard,visa_or_mastercard,True
1310,මට Mastercard එකයි වඩා ආසා.,visa_or_mastercard,visa_or_mastercard,True
1311,ඔයාලා Visa හෝ Mastercard offer කරනවද?,visa_or_mastercard,visa_or_mastercard,True
1312,මට Mastercard එකම වඩා කැමති.,visa_or_mastercard,visa_or_mastercard,True
1313,ප්ලීස් මට visa එකකුත් master card එකකුත් දෙකම දෙන්නකෝ.,visa_or_mastercard,visa_or_mastercard,True
1314,Visa එකකුත් MasterCard එකකුත් ලබාගන්න පුළුවන්ද?,visa_or_mastercard,visa_or_mastercard,True
1315,accept වෙන ප්‍රධාන card payments මොනවද?,visa_or_mastercard,supported_cards_and_currencies,False
1316,Visa හෝ Mastercard available ද?,visa_or_mastercard,visa_or_mastercard,True
1317,Visa එක card scheme assignments වල තියෙනවද කියලා කියන්නද?,visa_or_mastercard,visa_or_mastercard,True
1318,ඔයාලා Mastercard හෝ Visa පාවිච්චි කරනවද?,visa_or_mastercard,visa_or_mastercard,True
1319,මෙතනින් Visa එකක් ලබාගන්න පුළුවන්ද?,visa_or_mastercard,visa_or_mastercard,True
1320,කාඩ් එකකින් මගේ account එක top up කරන්නේ කොහොමද?,topping_up_by_card,topping_up_by_card,True
1321,"මගේ සල්ලි කොහෙද, මම කාඩ් එක පාවිච්චි කරද්දි ඒක නැති වුනා",topping_up_by_card,card_payment_fee_charged,False
1322,කාඩ් එකෙන් top up කරන්නේ කොහොමද?,topping_up_by_card,topping_up_by_card,True
1323,සල්ලි transfer කරන්න මගේ credit card එක පාවිච්චි කරන process එක මොකක්ද?,topping_up_by_card,topping_up_by_card,True
1324,ඔයාලගේ ඇප් එකෙන් මගේ කාඩ් එක top up කරන්නේ කොහොමද? මම මේකට අලුත්.,topping_up_by_card,topping_up_by_card,True
1325,යාළුවන්ට මගේ account එකට add කරන්න පුළුවන්ද,topping_up_by_card,topping_up_by_card,True
1326,මගේ car එකෙන් top up කරන්න පුළුවන්ද?,topping_up_by_card,topping_up_by_card,True
1327,මගේ topup එක wallet එකේ තව පේන්නේ නැත්තේ ඇයි?,topping_up_by_card,topping_up_by_card,True
1328,සල්ලි transfer කරන්න credit card එකක් පාවිච්චි කරන්න,topping_up_by_card,topping_up_by_card,True
1329,මගේ යාළුවෝ මගේ account එක top up කරන්නේ කොහොමද,topping_up_by_card,topping_up_by_card,True
1330,"මම මගේ කාඩ් එකෙන් සල්ලි transfer කරන්න instructions follow කළා, ඒත් සල්ලි නැති වුනා, මොකද වුනේ කියලා දන්නේ නෑ.",topping_up_by_card,top_up_reverted,False
1331,මගේ කාඩ් එකට charge වුන සල්ලි කොහෙද? මගේ account balance එකේ පේන්නේ නෑ,topping_up_by_card,balance_not_updated_after_cheque_or_cash_deposit,False
1332,top up කරන්නේ කොහොමද?,topping_up_by_card,topping_up_by_card,True
1333,"මගේ account එකෙන් සල්ලි ටිකක් නෑ - මම ඒවා credit card number එකෙන් transfer කරන්න try කළා, ඒක නැති වුනා.",topping_up_by_card,topping_up_by_card,True
1334,"මගේ account එක top-up කරන්න ආසා යාළුවෝ ඉන්නවා, ඒක පුළුවන්ද?",topping_up_by_card,topping_up_by_card,True
1335,credit card එකෙන් සල්ලි transfer කරන්නේ කොහොමද?,topping_up_by_card,topping_up_by_card,True
1336,මගේ යාළුවන්ට මට වෙනුවෙන් account එක top up කරන්න මගේ account එකට access දෙන්න පුළුවන්ද?,topping_up_by_card,topping_up_by_card,True
1337,"මම top-up එකක් කළා, ඒත් තාම wallet එකේ නෑ.",topping_up_by_card,topping_up_by_card,True
1338,"මම හරි info එකක් දැම්මා කියලා දන්නවා, ඒත් මගේ top up එක balance එකේ නෑ",topping_up_by_card,topping_up_by_card,True
1339,මගේ යාළුවට මගේ account එක top off කරන්න පුළුවන්ද?,topping_up_by_card,topping_up_by_card,True
1340,මගේ කාඩ් එකෙන් කෙලින්ම funds transfer කරන්න විදියක් තියෙනවද?,topping_up_by_card,receiving_money,False
1341,මගේ top up එක wallet එකේ පේන්නේ නැත්තේ ඇයි?,topping_up_by_card,topping_up_by_card,True
1342,"මම මගේ කාඩ් එකෙන් top up කරන්න try කළා, ඒත් දැන් සල්ලි නැති වුනා!",topping_up_by_card,topping_up_by_card,True
1343,මගේ credit card එකට සල්ලි transfer කරන්න උදව් කරන්න.,topping_up_by_card,topping_up_by_card,True
1344,මම top up කරන්න මගේ කාඩ් එක පාවිච්චි කරන්න try කළා ඒත් සල්ලි ඔක්කොම නැති වුනා.,topping_up_by_card,topping_up_by_card,True
1345,සල්ලි transfer කරන්න මගේ credit card එක පාවිච්චි කරන්න පුළුවන්ද?,topping_up_by_card,topping_up_by_card,True
1346,කවුරු හරි මගේ account එකට සල්ලි add කරන්නේ කොහොමද?,topping_up_by_card,transfer_into_account,False
1347,මගේ top up එකට access කරගන්න බෑ.,topping_up_by_card,pending_top_up,False
1348,මගේ යාළුවන්ට මගේ account එකට funds add කරන්න පුළුවන්ද?,topping_up_by_card,topping_up_by_card,True
1349,මගේ credit card එකට සල්ලි transfer කරන්න පුළුවන්ද?,topping_up_by_card,topping_up_by_card,True
1350,මගේ accounts top up කරන්න පුළුවන් වෙන කවුද,topping_up_by_card,top_up_limits,False
1351,මම top up කරන්න try කරපු ගමන්ම මගේ සල්ලි නැති වුනේ ඇයි,topping_up_by_card,top_up_reverted,False
1352,මගේ credit card එකෙන් සල්ලි transfer කරන්නේ කොහොමද?,topping_up_by_card,topping_up_by_card,True
1353,මගේ යාළුවෝ මගේ account එක top up කරන්න ආසයි,topping_up_by_card,topping_up_by_card,True
1354,මගේ account එක top up කරන්න පුළුවන් වෙන කවුද,topping_up_by_card,topping_up_by_card,True
1355,මගේ කාඩ් එකෙන් top up කරන්නේ කොහොමද කියලා පෙන්නන්න,topping_up_by_card,topping_up_by_card,True
1356,මම මගේ කාඩ් එක top up කළා ඒත් සල්ලි නැති වුනා.,topping_up_by_card,topping_up_by_card,True
1357,මගේ top up එක wallet එකේ ඇයි නොපෙන්නෙන්නේ?,topping_up_by_card,topping_up_by_card,True
1358,මම දැන් account එකට add කරපු top-up amount එක ඇයි නොපෙන්නෙන්නේ?,topping_up_by_card,top_up_failed,False
1359,මගේ යාළුවන්ට මගේ account එක top up කරන්න පුළුවන්ද?,topping_up_by_card,topping_up_by_card,True
1360,මට disposable cards කීපයක් ලබාගන්නේ කොහොමද.,disposable_card_limits,disposable_card_limits,True
1361,එක දවසකට disposable cards ගොඩක් හදන්න පුළුවන්ද?,disposable_card_limits,disposable_card_limits,True
1362,"මට දවසකට කීප වතාවක්ම disposable card එක පාවිච්චි කරන්න ඕනේ, cutoff limit එකක් තියෙනවද?",disposable_card_limits,disposable_card_limits,True
1363,එක දවසක disposable card එකකට වඩා හදන්නේ කොහොමද?,disposable_card_limits,disposable_card_limits,True
1364,මට disposable card එකකට වඩා තියාගන්න පුළුවන්ද?,disposable_card_limits,disposable_card_limits,True
1365,disposable cards limit එක මොකක්ද?,disposable_card_limits,disposable_card_limits,True
1366,මට තියාගන්න පුළුවන් වැඩිම disposable cards ගාන කීයද?,disposable_card_limits,disposable_card_limits,True
1367,මේ virtual cards වලට caps තියෙනවද?,disposable_card_limits,getting_virtual_card,False
1368,මට disposable cards කීයක් තියාගන්න පුළුවන්ද?,disposable_card_limits,disposable_card_limits,True
1369,මට හැම දවසකම තියාගන්න පුළුවන් disposable cards ගාන කීයද?,disposable_card_limits,disposable_card_limits,True
1370,දවසකට disposable cards කීයක් තියාගන්න මට ඉඩ දෙනවද?,disposable_card_limits,disposable_card_limits,True
1371,disposable card එකකට මට කීයක් card payments පාවිච්චි කරන්න පුළුවන්ද?,disposable_card_limits,disposable_card_limits,True
1372,මට disposable cards කීපයක් ඕනේ නම් මොකද වෙන්නේ?,disposable_card_limits,disposable_card_limits,True
1373,"මට disposable cards එකකට වඩා තියෙනවනම්, එකකට payments 5ක් කරන්න පුළුවන්ද?",disposable_card_limits,disposable_card_limits,True
1374,disposable cards වල restrictions පැහැදිලි කරන්න පුළුවන්ද?,disposable_card_limits,disposable_card_limits,True
1375,එක කාඩ් එකකින් මට කරන්න පුළුවන් transactions ගාන කීයද?,disposable_card_limits,getting_spare_card,False
1376,disposable card එකකින් මට කරන්න පුළුවන් transactions ගාණට limit එක මොකක්ද?,disposable_card_limits,disposable_card_limits,True
1377,disposable cards ගාණට limit එක කීයද?,disposable_card_limits,disposable_card_limits,True
1378,disposable card එකකින් මට කරන්න පුළුවන් transactions ගාන කියන්නකෝ.,disposable_card_limits,disposable_card_limits,True
1379,මට දවසකට disposable cards කීපයක් තියෙන්න ඕනේ.,disposable_card_limits,disposable_card_limits,True
1380,disposable cards වලට restrictions මොනවද කියලා දැනගන්න ඕනේ.,disposable_card_limits,disposable_card_limits,True
1381,දවසකට temporary cards ගොඩක් හදන්නේ කොහොමද?,disposable_card_limits,disposable_card_limits,True
1382,දවසකට disposable cards කීපයක් හදන්න පුළුවන්ද?,disposable_card_limits,disposable_card_limits,True
1383,එක දවසකට disposable cards කීයක් හදන්න පුළුවන්ද?,disposable_card_limits,disposable_card_limits,True
1384,එක disposable card එකකින් මට කරන්න පුළුවන් transactions ගාණට limit එකක් තියෙනවද?,disposable_card_limits,disposable_card_limits,True
1385,පාවිච්චි කරන්න පුළුවන් disposable cards ගාණට limits තියෙනවද?,disposable_card_limits,disposable_card_limits,True
1386,virtual cards limit එක පැහැදිලි කරන්න පුළුවන්ද?,disposable_card_limits,disposable_card_limits,True
1387,මට disposable virtual cards කීයක් තියාගන්න පුළුවන්ද?,disposable_card_limits,disposable_card_limits,True
1388,මට දවසකට disposable cards කීපයක් හදන්න ඕනේ.,disposable_card_limits,disposable_card_limits,True
1389,disposable virtual card එකක් පාවිච්චි කරන්න hindrances තියෙනවද?,disposable_card_limits,disposable_card_limits,True
1390,මට disposable cards කීයක් ලබාගන්න පුළුවන්ද?,disposable_card_limits,disposable_card_limits,True
1391,මට virtual cards කීයක් ලැබෙනවද?,disposable_card_limits,getting_virtual_card,False
1392,තියාගන්න පුළුවන් disposable cards ගාණට limit එක මොකක්ද?,disposable_card_limits,disposable_card_limits,True
1393,disposable card එකක් කීප වතාවක් පාවිච්චි කරන්න පුළුවන්ද?,disposable_card_limits,disposable_card_limits,True
1394,virtual disposable card එකක් මොකටද පාවිච්චි කරන්න පුළුවන්?,disposable_card_limits,disposable_card_limits,True
1395,disposable cards වල restriction එක මොකක්ද කියලා ඔයාලා දන්නවද?,disposable_card_limits,disposable_card_limits,True
1396,disposable virtual cards වලට limits මොනවද?,disposable_card_limits,disposable_card_limits,True
1397,disposable virtual cards පාවිච්චි කරන්න limits මොනවද?,disposable_card_limits,disposable_card_limits,True
1398,එක disposable card එකකින් මට කරන්න පුළුවන් transactions කීයද?,disposable_card_limits,disposable_card_limits,True
1399,මගේ ළඟ තියෙන disposable virtual card එක කීප වතාවක් පාවිච්චි කරන්න පුළුවන්ද?,disposable_card_limits,disposable_card_limits,True
1400,කවුරු හරි මගේ කාඩ් එකෙන් මට මතක නැති transactions කරනවා කියලා මම හිතනවා.,compromised_card,compromised_card,True
1401,කවුරු හරි මගේ account එක පාවිච්චි කරනවා,compromised_card,compromised_card,True
1402,මම දන්නේ නැති කවුරු හරි මගේ කාඩ් එක permission නැතුව පාවිච්චි කළා.,compromised_card,compromised_card,True
1403,මගේ කාඩ් එක මගේ permission නැතුව පාවිච්චි කළා.,compromised_card,compromised_card,True
1404,මට දැන්ම මගේ කාඩ් එක freeze කරන්න පුළුවන්ද?,compromised_card,lost_or_stolen_card,False
1405,"මගේ account එක freeze කරන්න, ඒක hack වෙලා.",compromised_card,compromised_card,True
1406,"මම නොකළ transactions තියෙනවා, කවුරු හරි මගේ කාඩ් එක පාවිච්චි කරලා ඇති.",compromised_card,compromised_card,True
1407,"මම ඈත තැනක ඉන්නකොට කවුරු හරි මගේ කාඩ් එක පාවිච්චි කළා, මගේ කාඩ් එක freeze කරන්නකෝ. මම මේ purchases කළේ නෑ.",compromised_card,compromised_card,True
1408,කවුරු හරි online shopping කරන්න මගේ account එක පාවිච්චි කරනවා! ප්ලීස් ඉක්මනට freeze කරන්නකෝ,compromised_card,compromised_card,True
1409,කවුරු හරි මගේ කාඩ් එක පාවිච්චි කරනවා ඇති. මම හඳුනන්නේ නැති transactions තියෙනවා.,compromised_card,compromised_card,True
1410,"මගේ කාඩ් එකේ unauthorized transactions නවත්තන්න මම මොකද කරන්න ඕනේ? මගේ bill එකේ තියෙන transactions කරපු තැන මම කවදාවත් හිටියේ නෑ, මම ඒවා කළේම නෑ. උදව් කරන්නකෝ!",compromised_card,compromised_card,True
1411,මගේ කාඩ් එක වැරදියට පාවිච්චි වෙලා කියලා හිතුනොත් මම මොකද කරන්නේ?,compromised_card,compromised_card,True
1412,මගේ account එකේ fraud එක දැන්ම නවත්තන්නේ කොහොමද?,compromised_card,compromised_card,True
1413,"මගේ identity එක හොරකම් වෙලා ඇති කියලා මම හිතනවා, unauthorized charges check කරන්නද?",compromised_card,verify_my_identity,False
1414,කවුරු හරි මගේ කාඩ් එක පාවිච්චි කරනවා කියලා මම හිතනවා. මම නොකළ transactions තියෙනවා.,compromised_card,compromised_card,True
1415,"මගේ කාඩ් එකේ සමහර transactions මම හඳුනන්නේ නෑ, කවුරු හරි මගේ කාඩ් info ලබාගෙන පාවිච්චි කරලා ඇති කියලා මම හිතනවා.",compromised_card,compromised_card,True
1416,account එක freeze කරලා fraud එකට dispute කරන්න ඇප් එක පාවිච්චි කරන්න පුළුවන්ද?,compromised_card,direct_debit_payment_not_recognised,False
1417,මගේ කාඩ් එක online purchases ගොඩක් කරන්න පාවිච්චි වෙනවා! කවුරු හරි fraudulent ව ඒක පාවිච්චි කරනවා. ඒක freeze කරන්න උදව් කරන්නද?,compromised_card,compromised_card,True
1418,"කවුරු හරිට මගේ කාඩ් number එක තියෙනවා, මගේ account එක freeze කරන්න.",compromised_card,lost_or_stolen_card,False
1419,"මගේ account එකේ අහම්බෙන් purchases පේනවා, ඒක hack වුනාද?",compromised_card,compromised_card,True
1420,කවුරු හරි මගේ කාඩ් එක පාවිච්චි කළා වගේ! මම කිසිසේත් නොකළ transactions කීපයක් කොහෙන් හරි කුඩා ගමකින් තියෙනවා! ප්ලීස් ඒවා දැන්ම නවත්තන්නකෝ!,compromised_card,compromised_card,True
1421,ඇප් එකෙන් මගේ කාඩ් එක freeze කරන්නේ කොහොමද?,compromised_card,card_payment_not_recognised,False
1422,මගේ කාඩ් එක compromise වෙලා,compromised_card,compromised_card,True
1423,කවුරු හරි මගේ කාඩ් එක පාවිච්චි කරනවා කියලා හිතුනොත් මම මොකද කරන්නේ.,compromised_card,compromised_card,True
1424,"පේන transactions අමතකයි, මගේ කාඩ් එක මම නොදැනම පාවිච්චි වෙලා ඇති කියලා මම හිතනවා.",compromised_card,compromised_card,True
1425,මගේ account එක freeze කරන්නේ කොහොමද?,compromised_card,card_payment_not_recognised,False
1426,"මට හරියටම විශ්වාස නෑ, ඒත් කවුරු හරි මගේ කාඩ් එක පාවිච්චි කරනවා ඇති.",compromised_card,compromised_card,True
1427,මගේ කාඩ් එක freeze කරන්නේ කොහොමද? කවුරු හරි ඒක online transactions ගොඩක් කරන්න පාවිච්චි කරනවා කියලා මම හිතනවා.,compromised_card,compromised_card,True
1428,මම හඳුනන්නේ නැති transactions තියෙන නිසා කවුරු හරි මගේ කාඩ් details ලබාගෙන පාවිච්චි කළා කියලා මම හිතනවා. දැන් මම මොකද කරන්නේ?,compromised_card,compromised_card,True
1429,කවුරු හරි මගේ කාඩ් එක පාවිච්චි කළා!,compromised_card,compromised_card,True
1430,මගේ එකඟතාවක් නැතුව කවුරු හරි මගේ කාඩ් එක පාවිච්චි කරනවා කියලා මම විශ්වාස කරනවා!,compromised_card,compromised_card,True
1431,"කවුරු හරිට මගේ කාඩ් information තියෙනවා කියලා මට හිතුනොත්, මට අලුත් කාඩ් එකක් ලබාගන්න පුළුවන්ද?",compromised_card,compromised_card,True
1432,"මම හඳුනන්නේ නැති transactions කීපයක් තියෙනවා, කවුරු හරි මගේ කාඩ් details ලබාගෙන පාවිච්චි කරලා ඇති කියලා මම හිතනවා.",compromised_card,compromised_card,True
1433,වෙන කවුරුවත් ලබාගන්න බැරි විදියට මගේ කාඩ් numbers කවුරු හරි access කරලා ඇති කියලා මම හිතනවා.,compromised_card,compromised_card,True
1434,මම ගෙදර නැති වෙලාවක මගේ ළමයා මගේ කාඩ් එක පාවිච්චි කළා ඇති කියලා මම හිතනවා.,compromised_card,compromised_card,True
1435,කවුරු හරි මගේ කාඩ් information ලබාගෙන ඇති කියලා හිතුනොත් මම මොකද කරන්නේ?,compromised_card,compromised_card,True
1436,කවුරු හරි මගේ කාඩ් එකේ numbers copy කරලා පාවිච්චි කරනවා කියලා මම හිතනවා.,compromised_card,compromised_card,True
1437,කවුරු හරි මගේ කාඩ් එක පාවිච්චි කරනවා වගේ හිතුනොත් මොකද කරන්න ඕනේ.,compromised_card,compromised_card,True
1438,මගේ කාඩ් එක freeze කරලා fraud එකට dispute කරන්න ඇප් එක පාවිච්චි කරන්න පුළුවන්ද?,compromised_card,direct_debit_payment_not_recognised,False
1439,"කවුරු හරි මගේ කාඩ් එක පාවිච්චි කරනවා, ඒක freeze කරන්න.",compromised_card,compromised_card,True
1440,හැම ATM එකකම මේ කාඩ් එක ගන්නවද?,atm_support,atm_support,True
1441,මොන ATMs ද මේ කාඩ් එක accept කරන්නේ?,atm_support,atm_support,True
1442,ළඟම Mastercard ATM එක කොහෙද?,atm_support,atm_support,True
1443,ATM machines ලිස්ට් එකක් තියෙනවද?,atm_support,atm_support,True
1444,මේ කාඩ් එක පාවිච්චි කරන්න පුළුවන් නිශ්චිත ATMs තියෙනවද?,atm_support,atm_support,True
1445,මොන ATMs ද මේ කාඩ් එක accept කරන්නේ කියලා දැනගන්නේ කොහොමද?,atm_support,atm_support,True
1446,මොන ATM's ද මගේ කාඩ් එක accept කරන්නේ?,atm_support,card_acceptance,False
1447,ළඟින් ATM's තියෙනවද?,atm_support,atm_support,True
1448,මේ කාඩ් එක accept කරන ATMs locations මොනවද?,atm_support,atm_support,True
1449,මොන ATMs ද මේ placard එක accept කරන්නේ?,atm_support,atm_support,True
1450,ළඟම ATM එක හොයාගන්න මට උදව් කරන්නකෝ.,atm_support,atm_support,True
1451,මොන ATMs ද මේ කාඩ් එක පාවිච්චි කරන්න හරි?,atm_support,atm_support,True
1452,ළඟම ATM එක හොයාගන්නේ කොහොමද?,atm_support,atm_support,True
1453,මට මොන වගේ ATM's පාවිච්චි කරන්න පුළුවන්ද?,atm_support,atm_support,True
1454,සල්ලි withdraw කරන්නේ කොහොමද?,atm_support,atm_support,True
1455,ATM එක කොච්චර දුරද?,atm_support,card_swallowed,False
1456,මට කොහෙන් withdraw කරන්න පුළුවන්ද?,atm_support,atm_support,True
1457,මොන ATM's ද මගේ කාඩ් එක accept කරන්න පුළුවන්?,atm_support,atm_support,True
1458,මොන ATMS වලද මට කාඩ් එක පාවිච්චි කරන්න පුළුවන්?,atm_support,atm_support,True
1459,මට ඕනම ATM එකකදි මගේ කාඩ් එක පාවිච්චි කරන්න පුළුවන්ද?,atm_support,atm_support,True
1460,මේ කාඩ් එකෙන් ඕනම තැනක cash ගන්න පුළුවන්ද?,atm_support,card_acceptance,False
1462,ළඟම ATM එක හොයාගන්න කවුරු හරි උදව් කරන්නද?,atm_support,atm_support,True
1463,මගේ ළඟින් ATM machines තියෙනවද?,atm_support,atm_support,True
1464,ළඟම bank machine එක කොහෙද?,atm_support,atm_support,True
1465,මොන වගේ ATMs ද මේ කාඩ් එක accept කරන්නේ?,atm_support,atm_support,True
1466,මේ කාඩ් එක ATM එකකදි පාවිච්චි කරන්නේ කොහෙද?,atm_support,atm_support,True
1467,"මට මේ කාඩ් එක තියෙනවනම්, මොන ATMs වලට යන්න පුළුවන්ද?",atm_support,atm_support,True
1468,මොන ATMs වලින් මට සල්ලි withdraw කරන්න පුළුවන්ද?,atm_support,atm_support,True
1469,"මට සල්ලි withdraw කරන්න ඕනේ, කොහෙට යන්න ඕනේද?",atm_support,atm_support,True
1470,මට මගේ සල්ලි withdraw කරන්නේ කොහෙද?,atm_support,atm_support,True
1471,මේ කාඩ් එක accept කරන ATMs මොනවද?,atm_support,atm_support,True
1472,මොන ATMs ද මේ වගේ කාඩ් එක accept කරන්නේ?,atm_support,atm_support,True
1473,මේ කාඩ් එක පාවිච්චි කරන්න ATM එකක් හොයාගන්නේ කොහෙද?,atm_support,atm_support,True
1474,මොන ATMs වලදි මට මේ කාඩ් එක පාවිච්චි කරන්න පුළුවන්ද?,atm_support,atm_support,True
1475,මට මේ කාඩ් එක පාවිච්චි කරන්න පුළුවන් නිශ්චිත ATMs තියෙනවද?,atm_support,atm_support,True
1476,ළඟම ATM එක ඔයාලා දන්නවද?,atm_support,atm_support,True
1477,ATM එකකදි මේ කාඩ් එක පාවිච්චි කරන්න පුළුවන්ද?,atm_support,atm_support,True
1478,මට සල්ලි withdraw කරන්න බැරි තැන් තියෙනවද?,atm_support,declined_cash_withdrawal,False
1479,සල්ලි withdraw කරන්න locations,atm_support,atm_support,True
1480,මට උදව් කරන්න. මම නොකළ Direct Debit එකක් තියෙනවා.,direct_debit_payment_not_recognised,direct_debit_payment_not_recognised,True
1481,මගේ නොවන direct debit එකක් තියෙනවා.,direct_debit_payment_not_recognised,direct_debit_payment_not_recognised,True
1482,මගේ statement එකේ අමතක direct debit එකක් තියෙනවා,direct_debit_payment_not_recognised,direct_debit_payment_not_recognised,True
1483,"මේ debit එක ආවේ කොහෙන්ද කියලා තේරෙන්නේ නෑ, ඒක අයින් කරගන්න ඕනේ.",direct_debit_payment_not_recognised,direct_debit_payment_not_recognised,True
1484,මගේ account එකේ මේ charge එක මොකක්ද,direct_debit_payment_not_recognised,direct_debit_payment_not_recognised,True
1485,"මට දැන් හරිම කේන්තියි. මගේ ex boyfriend කරපු charges කීපයක් තියෙනවා කියලා මම හිතනවා. website එකේ companys මගේ සල්ලි refund කළේ නෑ, බැංකුවට contact කරන්න කිව්වා. ප්ලීස් මොකක් හරි කරන්න.",direct_debit_payment_not_recognised,Refund_not_showing_up,False
1486,කවුරු හරි මගේ සල්ලි හොරකම් කළා,direct_debit_payment_not_recognised,lost_or_stolen_card,False
1487,මම නොකළ Direct Debit payment එකක් මගේ account එකේ තියෙනවා,direct_debit_payment_not_recognised,direct_debit_payment_not_recognised,True
1488,මම නොකළ debit එකක් මගේ account එකේ තියෙනවා.,direct_debit_payment_not_recognised,direct_debit_payment_not_recognised,True
1489,මගේ debit statement එකේ fraud charge එකක් තියෙන්න පුළුවන්.,direct_debit_payment_not_recognised,direct_debit_payment_not_recognised,True
1490,මගේ ඇප් එකේ මගෙන් නොවන direct debit payment එකක් තියෙන්නේ ඇයි?,direct_debit_payment_not_recognised,direct_debit_payment_not_recognised,True
1491,අමතක charges මගේ debit account එකේ එනවා.,direct_debit_payment_not_recognised,direct_debit_payment_not_recognised,True
1492,"පරක්කු වුනත්, charge එකක් dispute කරන්න මට ඕනේ වුනා. මම කරපු පසුගිය මාස කීපයක ට්‍රැන්සැක්ෂන්ස් බැලුවම, මම complete නොකළ ලොකු amount එකක් දැක්කා. මට තාම මේක කරන්න පුළුවන්ද?",direct_debit_payment_not_recognised,direct_debit_payment_not_recognised,True
1493,"සති 2කට කලින් මම දන්නේ නැති business එකකින් transaction එකක් තිබුනා. මම හරියටම හිතන්නේ මම ඒක කළේ නෑ කියලා, ඒත් confirm කරන්න trace කරන්න option එකක් තියෙනවද?",direct_debit_payment_not_recognised,transfer_not_received_by_recipient,False
1494,මම දකින මේ direct debit එක මොකක්ද?,direct_debit_payment_not_recognised,direct_debit_payment_not_recognised,True
1495,මම හඳුනන්නේ නැති Direct Debit එකක් තියෙනවා.,direct_debit_payment_not_recognised,direct_debit_payment_not_recognised,True
1496,නොදන්නා direct deposit,direct_debit_payment_not_recognised,direct_debit_payment_not_recognised,True
1497,සැක සහිත direct debit payment එකක් තියෙනවා.,direct_debit_payment_not_recognised,direct_debit_payment_not_recognised,True
1498,"මම හඳුනන්නේ නැති transaction එකක් මගේ account එකේ තියෙනවා, ඒක trace back කරලා ඒක මම කරපු එකක්ද නැද්ද කියලා confirm කරන්න පුළුවන්ද?",direct_debit_payment_not_recognised,transfer_not_received_by_recipient,False
1499,"සති කීපයකට කලින් මම මතක නැති seller කෙනෙක් මගේ account එකෙන් සල්ලි deduct කළා. මම ඒක කළේ නෑ කියලා හරියටම හිතන්නේ, ඒත් confirm කරගන්න ඒ කෙනා trace back කරන්න පුළුවන්ද?",direct_debit_payment_not_recognised,direct_debit_payment_not_recognised,True
1500,මම නොකළ direct debit එකකට charge එකක් මම හම්බුනා.,direct_debit_payment_not_recognised,direct_debit_payment_not_recognised,True
1501,"මම නොකළා කියලා දන්නා අමතක payment එකක් පේනවා, ඒක cancel කරගන්නේ කොහොමද?",direct_debit_payment_not_recognised,card_payment_not_recognised,False
1502,මේ Direct Debit payment එක හරි නොවෙන්න පුළුවන්.,direct_debit_payment_not_recognised,direct_debit_payment_not_recognised,True
1503,මම authorize නොකළ direct debit payment එකක් ඇප් එකේ පේන්නේ ඇයි,direct_debit_payment_not_recognised,direct_debit_payment_not_recognised,True
1504,payment එකක් කරලා සති කීපයකට පස්සේ දැක්කත් ඒක dispute කරන්න පුළුවන්ද?,direct_debit_payment_not_recognised,direct_debit_payment_not_recognised,True
1505,මම නොකළ direct debit payment එකක් වැරදියට ඇප් එකේ list වෙලා තියෙනවා වගේ,direct_debit_payment_not_recognised,direct_debit_payment_not_recognised,True
1506,මගේ debit statement එකේ මේ charge එක මම කළා කියලා මට හිතෙන්නේ නෑ.,direct_debit_payment_not_recognised,direct_debit_payment_not_recognised,True
1507,මම හඳුනන්නේ නැති direct debit charge එකක් තියෙනවා,direct_debit_payment_not_recognised,direct_debit_payment_not_recognised,True
1508,මම මේ direct debit transaction එක කළේ නෑ,direct_debit_payment_not_recognised,direct_debit_payment_not_recognised,True
1509,මම authorize නොකළ direct debit එකක් මගේ account එකේ තියෙනවා,direct_debit_payment_not_recognised,direct_debit_payment_not_recognised,True
1510,"මේක ගොඩක් පරක්කුයි කියලා මම දන්නවා. පසුගිය මාස කීපයක transactions බැලුවම, මම කළේ නෑ කියලා විශ්වාස ලොකු charge එකක් දැක්කා. මට තාම මේක dispute කරන්න පුළුවන්ද?",direct_debit_payment_not_recognised,direct_debit_payment_not_recognised,True
1511,"කරපු debit payment එකක් මම හඳුනන්නේ නෑ, ඒ payment ගැන දැනගන්න ඕනේ.",direct_debit_payment_not_recognised,direct_debit_payment_not_recognised,True
1512,"මගේ account එකේ security ගැන මට කරදරයි, dispute එකක් කරගන්න ඕනේ.",direct_debit_payment_not_recognised,direct_debit_payment_not_recognised,True
1513,මම නොකළ direct debit එකක් ඇප් එකේ පේන්නේ ඇයි?,direct_debit_payment_not_recognised,direct_debit_payment_not_recognised,True
1514,මගේ statement එකේ මම හඳුනන්නේ නැති direct debit එකක් තියෙනවා,direct_debit_payment_not_recognised,direct_debit_payment_not_recognised,True
1515,"මම set up කරලා නැති direct debit transaction එකක් තියෙනවා, ඒක ඕනේ.",direct_debit_payment_not_recognised,direct_debit_payment_not_recognised,True
1516,"කවුරු හරි මගේ සල්ලි අරගෙන, කවුද කියලා දන්නේ නෑ",direct_debit_payment_not_recognised,verify_source_of_funds,False
1517,තියෙන්න බැරි charge එකක් මගේ account එකට වුනා.,direct_debit_payment_not_recognised,card_payment_not_recognised,False
1518,dispute කරන්න ඕනේ direct debit එකක් තියෙනවා,direct_debit_payment_not_recognised,direct_debit_payment_not_recognised,True
1519,මම approve නොකළ seller කෙනෙක්ගෙන් මගේ account එක deduct වුනේ ඇයි?,direct_debit_payment_not_recognised,direct_debit_payment_not_recognised,True
1520,මට passcode එක අමතක වුනොත් මම මොකද කරන්නේ? මොකද මට අමතක වුනා.,passcode_forgotten,passcode_forgotten,True
1521,මට මගේ password එක හොයාගන්න බෑ,passcode_forgotten,passcode_forgotten,True
1522,මගේ passcode එක retrieve කරන්නේ කොහොමද?,passcode_forgotten,passcode_forgotten,True
1523,මගේ passcode එක වැඩ කරන්නේ නෑ වගේ,passcode_forgotten,passcode_forgotten,True
1524,මගේ password එක නැති කළා,passcode_forgotten,passcode_forgotten,True
1525,"මගේ password එක accept වෙන්නේ නෑ, ඒක reset කරන්න ඕනේ.",passcode_forgotten,passcode_forgotten,True
1526,මගේ password එකේ මොකක් හරි වැරදිලා තියෙනවා.,passcode_forgotten,passcode_forgotten,True
1527,මගේ passcode එකේ මොකක් හරි වැරදිලා තියෙනවා,passcode_forgotten,passcode_forgotten,True
1528,"අමතක වුන passcode එකක් reset කරන්නේ කොහොමද, ප්ලීස්?",passcode_forgotten,passcode_forgotten,True
1529,"මගේ passcode එක මතක නෑ, ඒක reset කරන්න ඕනේ.",passcode_forgotten,passcode_forgotten,True
1530,මට අලුත් passcode එකක් දෙන්න පුළුවන්ද?,passcode_forgotten,passcode_forgotten,True
1531,මට මගේ passcode එක දන්නේ නෑ.,passcode_forgotten,passcode_forgotten,True
1532,ඇප් එකට එන්න මගේ code එක මතක නෑ.,passcode_forgotten,passcode_forgotten,True
1533,මට තව මගේ passcode එක නෑ.,passcode_forgotten,passcode_forgotten,True
1534,මගේ passcode එක වැඩ නොකරන්නේ ඇයි?,passcode_forgotten,passcode_forgotten,True
1535,මට මගේ passcode එක resend කරගන්න පුළුවන්ද?,passcode_forgotten,passcode_forgotten,True
1536,මට මගේ passcode එක reset කරගන්න ඕනේ. ඒක කරන්නේ කොහොමද?,passcode_forgotten,passcode_forgotten,True
1537,ප්ලීස් මගේ passcode එක reset කරන්නේ කොහොමද කියලා පෙන්නන්නකෝ.,passcode_forgotten,passcode_forgotten,True
1538,passcode එක reset කරන්න මට උදව් කරන්න.,passcode_forgotten,passcode_forgotten,True
1539,ඇප් එකට enter වෙන්න මගේ passcode එක අමතක වෙලා,passcode_forgotten,passcode_forgotten,True
1540,passcode එක වැඩ නොකළොත් මම මොකද කරන්නේ?,passcode_forgotten,passcode_forgotten,True
1541,"මට code එක මතක නෑ, මම මොකද කරන්නේ?",passcode_forgotten,passcode_forgotten,True
1542,passcode එක reset කරන්නේ කොහෙද?,passcode_forgotten,passcode_forgotten,True
1543,ඇප් එකට enter වෙන්න මගේ passcode එක reset කරගන්න මට උදව් ඕනේ.,passcode_forgotten,passcode_forgotten,True
1544,තව passcode එකක් ලබාගන්න මම මොන steps ගන්න ඕනේද?,passcode_forgotten,passcode_forgotten,True
1545,මට මගේ password එක අමතක වුනා,passcode_forgotten,passcode_forgotten,True
1546,ඇප් එකට එන්න මගේ code එක අමතක වුනා.,passcode_forgotten,passcode_forgotten,True
1547,මට මගේ password එක අමතක වෙලා.,passcode_forgotten,passcode_forgotten,True
1548,ඇප් එකට access වෙන්න code එක අමතක වුනා.,passcode_forgotten,passcode_forgotten,True
1549,මගේ passcode එක reset කරගන්න විදියක් තියෙනවද?,passcode_forgotten,passcode_forgotten,True
1550,මගේ password එක reset කරගන්න මට උදව් කරන්නද?,passcode_forgotten,passcode_forgotten,True
1551,මට password එක reset කරගන්න පුළුවන්ද? ඒක මොකක්ද කියලා දන්නේ නෑ.,passcode_forgotten,passcode_forgotten,True
1552,passcode එක reset කරන්නේ කොහොමද?,passcode_forgotten,passcode_forgotten,True
1553,මගේ passcode එක අමතක වුනොත් මම මොකද කරන්නේ?,passcode_forgotten,passcode_forgotten,True
1554,මගේ passcode එක වැඩ කරන්නේ නෑ,passcode_forgotten,passcode_forgotten,True
1555,passcode එක reset කරන්නේ කොහොමද කියලා කියන්නකෝ.,passcode_forgotten,passcode_forgotten,True
1556,මට අලුත් passcode එකක් ඕනේ.,passcode_forgotten,passcode_forgotten,True
1557,ඇප් එකට මගේ access code එක මගේ ළඟ නෑ.,passcode_forgotten,passcode_forgotten,True
1558,මගේ passcode එක reset කරන්න මොකද කරන්න ඕනේ කියලා කියන්නද?,passcode_forgotten,passcode_forgotten,True
1559,ඇප් එකට එන්න මට ඕනේ code එක මොකක්ද?,passcode_forgotten,passcode_forgotten,True
1560,මගේම සල්ලි money machine එකෙන් ගන්න ඉඩ නොදෙන්නේ ඇයි කියලා කියන්නකෝ? මම හරි PIN එකයි දැම්මේ කියලා දන්නවා.,declined_cash_withdrawal,get_physical_card,False
1561,මගේ withdrawal එක cancel වුනා.,declined_cash_withdrawal,declined_cash_withdrawal,True
1562,"මේක හරිම කරදරයි. මම try කරපු කිසිම ATM එකක මගේ කාඩ් එක වැඩ කරන්නේ නෑ, මම 3ක් try කළා. මොකද වෙන්නේ? ප්ලීස් මේක දැන්ම fix කරන්නකෝ?",declined_cash_withdrawal,top_up_failed,False
1563,ATM එක මට withdraw කරන්න ඉඩ දුන්නේ නෑ,declined_cash_withdrawal,declined_cash_withdrawal,True
1564,මගේ ATM transaction එක cancel වුනේ ඇයි?,declined_cash_withdrawal,declined_cash_withdrawal,True
1565,ATM එක මගේ කාඩ් එක decline කරගෙන යනවා. මම ATMs කීපයකදි try කළා. මගේ account එකේ ප්‍රොබ්ලමයක් තියෙනවද කියලා කියන්නද?,declined_cash_withdrawal,declined_cash_withdrawal,True
1566,මම ATM එකේදි withdraw කරන්න try කළා decline වුනා.,declined_cash_withdrawal,declined_cash_withdrawal,True
1567,ATM එකෙන් මට cash ගන්න ඉඩ දුන්නේ නෑ,declined_cash_withdrawal,declined_cash_withdrawal,True
1568,මට funds withdraw කරගන්න බැරි වුනේ ඇයි කියලා දැනගන්න ඕනේ.,declined_cash_withdrawal,declined_cash_withdrawal,True
1569,"මගේ account එක check කරන්න මට ඔයාලගේ උදව් ඕනේ, ප්ලීස්! මගේ කාඩ් එක ATM එකේදි decline වෙනවා, ඒක වෙනස් ATMs 2කදි try කළා!",declined_cash_withdrawal,declined_cash_withdrawal,True
1570,"හලෝ, අද උදේ මගේ කාඩ් withdrawal එක decline වුනා. ඊයේ වෙනකන් හරියට වැඩ කළා. ප්ලීස් check කරලා මට කියන්නකෝ.",declined_cash_withdrawal,declined_cash_withdrawal,True
1571,"හලෝ, මම මගේ කාඩ් එක පාවිච්චි කරන්න try කළා ඒත් ATM එකෙන් decline වුනා. ATMs 2කින් cross check කළා ඒත් එකම ප්‍රොබ්ලම් එකයි. ප්ලීස් මගේ account එක check කරන්නද.",declined_cash_withdrawal,declined_cash_withdrawal,True
1572,මම cash withdrawal එකක් කරන්න try කළා decline වුනා. මේක වුනේ ඇයි?,declined_cash_withdrawal,declined_cash_withdrawal,True
1573,මට ATM එකෙන් සල්ලි ගන්න බෑ,declined_cash_withdrawal,declined_cash_withdrawal,True
1574,ATM එක මගේ කාඩ් එක decline කරනවා. ATMs 2කින් try කළා. මගේ account එකේ මොකක් හරි වැරදිලා තියෙනවද කියලා කියන්නද?,declined_cash_withdrawal,declined_cash_withdrawal,True
1575,"withdrawal එක decline වුනා, මේක වුනේ ඇයි කියලා මට තේරෙන්නේ නෑ?",declined_cash_withdrawal,declined_cash_withdrawal,True
1576,cash ගන්න try කළම මම decline වුනා.,declined_cash_withdrawal,declined_cash_withdrawal,True
1577,අද ATM එකේදි withdraw කරන්න try කරද්දි මම decline වුනේ ඇයි?,declined_cash_withdrawal,declined_cash_withdrawal,True
1578,ATM machines මගේ කාඩ් එක decline කරන්න හේතු මොනවද? මට මේක කීප වතාවක්ම වුනා!,declined_cash_withdrawal,atm_support,False
1579,ATM machine එකට මට cash withdrawal එකක් දෙන්න බැරි වුනේ ඇයි?,declined_cash_withdrawal,declined_cash_withdrawal,True
1580,මගේ ATM transaction එක unsuccessful වුනා.,declined_cash_withdrawal,transfer_not_received_by_recipient,False
1581,මම cash ගන්න try කළා decline වුනා.,declined_cash_withdrawal,declined_cash_withdrawal,True
1582,මම සල්ලි withdraw කරන්න try කළා ඒත් decline වුනා!,declined_cash_withdrawal,declined_cash_withdrawal,True
1583,ATM එකෙන් මට සල්ලි ගන්න බැරි ඇයි?,declined_cash_withdrawal,declined_cash_withdrawal,True
1584,ATM එක මගේ කාඩ් එක decline කරගෙන යනවා. ATMs 2කින් try කළා. මගේ account එකේ issue එකක් තියෙනවද කියලා කියන්නද?,declined_cash_withdrawal,declined_cash_withdrawal,True
1585,මගේ cash withdrawal එක decline වුනේ ඇයි?,declined_cash_withdrawal,declined_cash_withdrawal,True
1586,cash ගන්න බැරි වුනේ ඇයි?,declined_cash_withdrawal,declined_cash_withdrawal,True
1587,ATM එකේදි cash ගන්න බැරි වුනේ ඇයි?,declined_cash_withdrawal,declined_cash_withdrawal,True
1588,cash ගන්න බැරි ඇයි?,declined_cash_withdrawal,declined_cash_withdrawal,True
1589,ATM එක මට සල්ලි දුන්නේ නැත්තේ ඇයි?,declined_cash_withdrawal,declined_cash_withdrawal,True
1590,"මම ATM එකකින් සල්ලි withdraw කරන්න try කළා, මගේ යාළුවෝ ඉස්සරහ decline වුනා. මේක වුනේ ඇයි?",declined_cash_withdrawal,declined_cash_withdrawal,True
1591,ATM එකෙන් සල්ලි දෙන්නේ නෑ.,declined_cash_withdrawal,declined_cash_withdrawal,True
1592,cash ගන්න decline වුනේ ඇයි?,declined_cash_withdrawal,declined_cash_withdrawal,True
1593,ATM එකේදි cash ගන්න බැරි වුනා,declined_cash_withdrawal,declined_cash_withdrawal,True
1594,"අනේ, මගේ කාඩ් එක ATM එකේදි දෙපාරක් decline වුනා! ATMs 2ක් try කළා, ඒත් හැම එකකම decline වුනා! මගේ account එකට මොකද වෙන්නේ කියලා කියන්නද?",declined_cash_withdrawal,declined_cash_withdrawal,True
1595,ATM එකේදි cash එක තෝරගන්න බැරි වුනේ ඇයි?,declined_cash_withdrawal,declined_cash_withdrawal,True
1596,මගේ cash withdrawal එක ඇයි decline වුනේ?,declined_cash_withdrawal,declined_cash_withdrawal,True
1597,ATM එක මගේ ට්‍රැන්සැක්ෂන් එක decline කරන්න හේතුවක් තියෙනවද?,declined_cash_withdrawal,declined_cash_withdrawal,True
1598,මම ATM එකෙන් ගන්න try කරපු cash එක approve වුනේ නෑ.,declined_cash_withdrawal,pending_cash_withdrawal,False
1599,atm එකෙන් මට cash දුන්නේ නෑ,declined_cash_withdrawal,declined_cash_withdrawal,True
1600,"මගේ කාඩ් payment එක තාම hold එකේ, ඇයි ඒක?",pending_card_payment,pending_card_payment,True
1601,මගේ payment එක pending ඇයි?,pending_card_payment,pending_card_payment,True
1602,මගේ කාඩ් payment එක තාම pending.,pending_card_payment,pending_card_payment,True
1603,කාඩ් payment එකක් finalize කරන්නේ කොහොමද,pending_card_payment,card_payment_not_recognised,False
1604,මගේ කාඩ් payment එක pending විදියට පේන්නේ ඇයි?,pending_card_payment,pending_card_payment,True
1605,මගේ payment එක go through නොවුනේ ඇයි?,pending_card_payment,pending_card_payment,True
1606,ටික කාලයක් ඉඳන් pending නිසා මගේ කාඩ් payment එකේ status එක දැනගන්න මට උදව් කරන්නකෝ.,pending_card_payment,pending_card_payment,True
1607,"මම මෑතක payment එකක් කළා, ඒක account එකේ ""pending"" විදියට තියෙනවා. ඒකේ තේරුම මොකක්ද?",pending_card_payment,pending_card_payment,True
1608,pending payment එකක් කියන්නේ මොකක්ද?,pending_card_payment,pending_card_payment,True
1609,මගේ කාඩ් payment එක pending එකෙන් ඉවර වෙන්නේ කවදද?,pending_card_payment,pending_card_payment,True
1610,"මම මේ payment එක දවස් ගානකට කලින් කළා, එතකොට ඒක තාම go through වුනේ නැත්තේ ඇයි?",pending_card_payment,pending_card_payment,True
1611,මම කරපු කාඩ් payment එකෙන් pending කියලා පේනවා.,pending_card_payment,pending_card_payment,True
1612,මගේ කාඩ් payment එක pending විදියට පේනවා.,pending_card_payment,pending_card_payment,True
1613,අද උදේ මම මොකක් හරි ගත්තා ඒත් payment එක pending විදියට පේනවා,pending_card_payment,pending_card_payment,True
1614,මම payment එකක් go through වෙනකන් බලාගෙන ඉන්නවා.,pending_card_payment,pending_card_payment,True
1615,මම ගත්ත item එකක් pending විදියට පේන්නේ කොච්චර වෙලාවක්ද?,pending_card_payment,pending_top_up,False
1616,pending payment එකක් කියන්නෙ මොකක්ද කියලා දැනගන්න ඕනේ,pending_card_payment,pending_card_payment,True
1617,අද උදේ මගේ purchases තාම pending ඇයි කියලා දැනගන්න ඕනේ.,pending_card_payment,pending_card_payment,True
1618,මගේ කාඩ් එකේ pending ට්‍රැන්සැක්ෂන් එකක් තියෙන්නේ ඇයි?,pending_card_payment,pending_card_payment,True
1619,මගේ කාඩ් payment එක pending.,pending_card_payment,pending_card_payment,True
1620,මගේ කාඩ් එකේ payment එකක් pending විදියට පේන්නේ ඇයි?,pending_card_payment,pending_card_payment,True
1621,"මම මොකක් හරි ගත්තා, ඒක pending කියලා තියෙනවා. ඒකේ තේරුම මොකක්ද?",pending_card_payment,pending_card_payment,True
1622,කාඩ් transactions clear වෙන්න කොච්චර වෙලා යනවද?,pending_card_payment,pending_cash_withdrawal,False
1623,pending කියන්නේ මොකක්ද?,pending_card_payment,pending_card_payment,True
1624,මේ කාඩ් payment එක pending ඉන්නේ කොච්චර කාලයක්ද?,pending_card_payment,pending_card_payment,True
1625,මගේ payment එක තාම process වෙලා නෑ!,pending_card_payment,pending_card_payment,True
1626,"මට දෙපාරක් charge කළා, දෙවෙනි charge එක ""pending"" විදියට තියෙනවා. දෙවෙනි charge එක refund වුනාට පස්සේ මගේ සල්ලි ආපහු ලැබෙන්නේ කොච්චර වෙලාවකින්ද?",pending_card_payment,transaction_charged_twice,False
1627,"මම දවස් 15ක් ඉන්නවා, ඒත් මගේ payment එක තාම clear වෙලා නෑ.",pending_card_payment,pending_card_payment,True
1628,මට pending payment එකක් තියෙන්නේ ඇයි?,pending_card_payment,pending_card_payment,True
1629,pending payment එකේ තේරුම පැහැදිලි කරන්නකෝ?,pending_card_payment,pending_card_payment,True
1630,මගේ payments pending විදියට පේන්නේ ඇයි?,pending_card_payment,pending_card_payment,True
1631,"මගේ කාඩ් එක තාම pending, මම ටික කාලයක් ඉඳලා බලාගෙන ඉන්නවා.",pending_card_payment,pending_card_payment,True
1632,"payment එකක් go through වෙන්න කොච්චර වෙලා යනවද? මම දවස් කීපයකට කලින් එකක් කළා, ඒක තාම clear වෙලා නෑ.",pending_card_payment,pending_card_payment,True
1633,අද උදේ මම මොකක් හරි ගත්තා ඒත් payment එක pending කියලා පේනවා,pending_card_payment,pending_card_payment,True
1634,payment එකක් authorise කරන්න කොච්චර වෙලා යනවද?,pending_card_payment,pending_card_payment,True
1635,"මම කරපු payment එකකට කාලයක් වෙලා, ඒක go through වෙන්නේ කවදද කියලා දැනගන්න ඕනේ.",pending_card_payment,pending_card_payment,True
1636,pending ට්‍රැන්සැක්ෂන් එකක් කියන්නේ මොකක්ද?,pending_card_payment,pending_card_payment,True
1637,"මම මගේ කාඩ් එකෙන් ගෙව්වා ඒත් payment එක pending විදියට එනවා. මොකක් හරි issue එකක් තියෙනවා කියලා මම හිතනවා, ප්ලීස් check කරලා status එක complete වෙන්නේ කවදද කියලා කියන්නකෝ.",pending_card_payment,pending_card_payment,True
1638,"මම ටික කාලයකට කලින් ගෙව්ව pending payment එකක් තියෙනවා, ඒක තාම go through වෙලා නෑ. මේ තරම් වෙලාවක් pending කියලා පේන්නේ ඇයි?",pending_card_payment,pending_card_payment,True
1639,අද උදේ මම ගත්ත දේවල් වලට pending payment එකක් තියෙනවා.,pending_card_payment,pending_card_payment,True
1640,මගේ phone එක හොරකම් වුනා,lost_or_stolen_phone,lost_or_stolen_phone,True
1641,ඊයේ මගේ phone එක හොරකම් වුනා. මම මොකද කරන්න ඕනේ?,lost_or_stolen_phone,lost_or_stolen_phone,True
1642,"මගේ phone එක නැති වුනොත්, කවුරුවත්ට ඇප් එක පාවිච්චි කරන්න block කරන්න පුළුවන්ද?",lost_or_stolen_phone,lost_or_stolen_phone,True
1643,මගේ phone එක නැති වෙලා නැත්තම් හොරකම් වෙලා ඇති කියලා මම හිතනවා.,lost_or_stolen_phone,lost_or_stolen_phone,True
1644,"මම මගමගා ඔක්කොම නැති කළොත්, මගේ account එකට සහ ඇප් එකට access වෙන්නේ කොහොමද?",lost_or_stolen_phone,lost_or_stolen_phone,True
1645,මට මගේ phone එක හොයාගන්න බෑ.,lost_or_stolen_phone,lost_or_stolen_phone,True
1646,මගේ phone එකේ track එක නැති වෙලා නැත්තම් කවුරු හරි ඒක හොරකම් කළා.,lost_or_stolen_phone,lost_or_stolen_phone,True
1647,"මගේ phone එක කොහෙද කියලා දන්නේ නෑ, කවුරු හරි ඒක හොරකම් කළා නැත්තම් නැති වෙලා කියලා මම හිතනවා.",lost_or_stolen_phone,lost_or_stolen_card,False
1648,මගේ phone එක හොරකම් වුනත් මට මගේ කාඩ් එක පාවිච්චි කරන්න පුළුවන්ද?,lost_or_stolen_phone,lost_or_stolen_phone,True
1649,"මගේ phone එක හොරකම් වුනා, මම මොකද කරන්නේ?",lost_or_stolen_phone,lost_or_stolen_phone,True
1650,"මගේ phone එක නැති කළා, වෙන කවුරුවත් ඒක පාවිච්චි කරන්න එපා.",lost_or_stolen_phone,lost_or_stolen_phone,True
1651,"මම මගේ phone එක නැති කළා, ඒක secure කරගන්න මට උදව් ඕනේ.",lost_or_stolen_phone,lost_or_stolen_phone,True
1652,"මගේ phone එක හොරකම් වුනා, ඒ නිසා මට ඇප් එකට access නෑ.",lost_or_stolen_phone,lost_or_stolen_phone,True
1653,"phone එක hotel එකේ ඉතුරු කළා, ඇප් එකට access වෙන්නේ කොහොමද",lost_or_stolen_phone,lost_or_stolen_phone,True
1654,මගේ phone එක මගේ ළඟ නෑ. ඇප් එක පාවිච්චි කරන්නේ කොහොමද?,lost_or_stolen_phone,lost_or_stolen_phone,True
1655,මගේ phone එක නෑ,lost_or_stolen_phone,lost_or_stolen_phone,True
1656,"මගේ phone එක දැන් මගේ ළඟ නෑ, ඒ නිසා මට ඇප් එකට access වෙන්න බෑ.",lost_or_stolen_phone,lost_or_stolen_phone,True
1657,මගේ phone එක අරගෙන ගියා! කවුරුවත් පාවිච්චි නොකරන්න මගේ account එක cancel කරන්න පුළුවන්ද,lost_or_stolen_phone,lost_or_stolen_phone,True
1658,"මම මගේ phone එක නැති කළා, මගේ accounts freeze කරගන්න ඕනේ.",lost_or_stolen_phone,lost_or_stolen_phone,True
1659,"phone එක නැති කළා, තාම account එකට access වෙන්න පුළුවන්ද?",lost_or_stolen_phone,lost_or_stolen_phone,True
1660,hotel එකෙන් call කරලා මගේ phone එක room එකේ ඉතුරු වුනා කියලා කිව්වා.,lost_or_stolen_phone,lost_or_stolen_phone,True
1661,ඊයේ කවුරු හරි මගේ phone එක හොරකම් කළා :( මොකක් හරි කරන්න ඕනේද?,lost_or_stolen_phone,lost_or_stolen_phone,True
1662,"phone එක නැති කළා, account එකට වෙන කවුරුවත් access වෙන්න එපා",lost_or_stolen_phone,lost_or_stolen_phone,True
1663,මට attack කරලා ඔක්කොම අරගෙන ගියා. මගේ account එක protect කරගන්න මම මොකද කරන්නේ?,lost_or_stolen_phone,terminate_account,False
1664,මම හිටපු hotel එකේ මගේ smartphone එක ඉතුරු කළා කියලා මම හිතනවා.,lost_or_stolen_phone,lost_or_stolen_phone,True
1665,"ඊයේ කවුරු හරි මට attack කරලා මගේ දේවල් අරගෙන ගියා, ඒ නිසා මට ඇප් එක පාවිච්චි කරන්න බෑ. මට උදව් ඕනේ.",lost_or_stolen_phone,lost_or_stolen_phone,True
1666,මම phones මාරු කළත් ඇප් එක තව පාවිච්චි කරන්න පුළුවන්ද?,lost_or_stolen_phone,lost_or_stolen_phone,True
1667,ඊයේ මට attack කරලා ඔක්කොම අරගෙන ගියා. මට ඇප් එකට access වෙන්න බෑ. මගේ ඊළඟ steps මොනවද?,lost_or_stolen_phone,lost_or_stolen_phone,True
1668,ඊයේ මට attack කරලා ඇප් එකට access එක නැති වුනා. ඒක ආපහු ගන්න ඕනේ.,lost_or_stolen_phone,lost_or_stolen_phone,True
1669,"මගේ phone එක නැති කළොත්, කවුරු හරි මගේ account එක පාවිච්චි කරන්න පුළුවන්ද?",lost_or_stolen_phone,lost_or_stolen_phone,True
1670,මම හිටපු hotel එකේ phone එක අමතක කළ නිසා ඇප් එක පාවිච්චි කරන්න බෑ.,lost_or_stolen_phone,lost_or_stolen_phone,True
1671,කවුරු හරි මගේ phone එක හොරකම් කළා.,lost_or_stolen_phone,lost_or_stolen_phone,True
1672,කවුරු හරි මගේ cards හොරකම් කළා!,lost_or_stolen_phone,lost_or_stolen_card,False
1673,මගේ phone එක නැති වෙලා. කවුරුවත් ඇප් එක පාවිච්චි කරන එක වළක්වන්න මම මොකද කරන්නේ?,lost_or_stolen_phone,lost_or_stolen_phone,True
1674,මගේ phone එක හොරකම් වුන නිසා මම මොකක් හරි කරන්න ඕනේද?,lost_or_stolen_phone,lost_or_stolen_phone,True
1675,මම මගේ phone එක නැති කළා!,lost_or_stolen_phone,lost_or_stolen_phone,True
1676,"මට මගේ phone එක හොයාගන්න බෑ, ඒත් ඒකේ මගේ credit card information ඔක්කොම තියෙනවා.",lost_or_stolen_phone,lost_or_stolen_phone,True
1677,phone එක මගේ ළඟ නැති නම් ඇප් එක පාවිච්චි කරන්නේ කොහොමද?,lost_or_stolen_phone,lost_or_stolen_phone,True
1678,ඊයේ මට attack කරලා ඇප් එක පාවිච්චි කරන්න බෑ.,lost_or_stolen_phone,lost_or_stolen_phone,True
1679,"ඊයේ මගේ දේවල් හොරකම් කරලා, මට කිසිම ඇප් එකක් හෝ දෙයක් පාවිච්චි කරන්න බෑ, ඒ නිසා මට උදව් ඕනේ.",lost_or_stolen_phone,lost_or_stolen_phone,True
1680,"හලෝ- මේ product එකට refund එකක් ලබාගන්න urgent. merchant එකෙන් උදව් වුනේ නෑ, මේක ASAP resolve කරගන්න මම දැන් මොකද කරන්නේ?",request_refund,request_refund,True
1681,මගේ item එකට refund එකක් ලබාගන්න පුළුවන්ද?,request_refund,request_refund,True
1682,item refund එකක් ගන්න,request_refund,request_refund,True
1683,මම ගත්ත දෙයකට refund එකක් ලබාගන්න පුළුවන්ද?,request_refund,request_refund,True
1684,මට refund එකක් කරන්න ඕනේ,request_refund,Refund_not_showing_up,False
1685,මට ලැබුනේ නැති item එකකට refund එකක් ඕනේ. payment එක simple ව cancel කරගන්න පුළුවන්ද? ඒක කරන්නේ කොහොමද කියලා දන්නේ නෑ.,request_refund,request_refund,True
1686,මම ගත්ත දෙයකට refund එකක් ඕනේ,request_refund,request_refund,True
1687,මට item එකක් return කරගන්න ඕනේ.,request_refund,request_refund,True
1688,මට refund එකක් ලබාගන්න පුළුවන්ද?,request_refund,request_refund,True
1689,"මම purchase කරපු item එකකට හරි amount එක charge කළේ නෑ, මේක fix කරන්නේ කොහොමද?",request_refund,request_refund,True
1690,හලෝ! මම මෑතක කරපු order එකක් cancel කරලා refund එකක් process කරගන්න ඕනේ. ප්ලීස් මට උදව් කරලා ඉක්මනට refund එක set කරගන්නද? මේක හරිම urgent.,request_refund,request_refund,True
1691,මගේ purchase එක stop කරන්න.,request_refund,request_refund,True
1692,මගේ package එක එන්න ගොඩක් වෙලා ගිහින් නිසා refund එකක් ඕනේ. ඒක කරන්නේ කොහොමද?,request_refund,request_refund,True
1693,refund එකකට apply කරන්නේ කොහොමද?,request_refund,request_refund,True
1694,item එකකට refund ලබාගන්න පුළුවන්ද?,request_refund,request_refund,True
1695,"මම ගොඩක් කලින් online දෙයක් ඕඩර් කළා ඒත් ඒක එන්නම නෑ. දැන් ඇති! මගේ සල්ලි ආපහු දෙන්න, මම මේ අයට ගෙවන්නේ නෑ.",request_refund,request_refund,True
1696,refund එකක් ලබාගන්න මම මොකද කරන්න ඕනේ?,request_refund,request_refund,True
1697,මට refund එකක් ඕනේ?,request_refund,Refund_not_showing_up,False
1698,"මම ගත්ත එකට happy නෑ, order එක cancel කරන්නේ කොහොමද?",request_refund,request_refund,True
1699,මම මොකක් හරි ගත්තා ඒත් දැන් refund එකක් ඕනේ. ඒක කරන්නේ කොහොමද?,request_refund,request_refund,True
1700,refund ලබාගන්නේ කොහොමද?,request_refund,request_refund,True
1701,මගේ purchase එක cancel කරන්න පුළුවන්ද?,request_refund,request_refund,True
1702,කලින් purchase එකක් cancel කරන්නේ කොහොමද,request_refund,request_refund,True
1703,item එකකට refund එකක් ලබාගන්න මට පුළුවන් නම් appreciate කරනවා,request_refund,request_refund,True
1704,refund එකක් claim කරන්නේ කොහොමද?,request_refund,request_refund,True
1705,"මට ඒ item එක ඕනේ නෑ, මම ඒක අහම්බෙන් ගත්තා, refund එකක් ලබාගන්න පුළුවන්ද?",request_refund,request_refund,True
1706,"හලෝ මම හිත මාරු කරගත්තා, මම මෑතක ගත්ත දෙයකට refund එකක් ඇත්තටම ඕනේ. ප්ලීස් ට්‍රැන්සැක්ෂන් එක cancel කරලා මගේ සල්ලි ආපහු දෙන්නද. ප්ලීස් මේක urgent.",request_refund,request_refund,True
1707,මට sell කරපු ඔයාලගේ products වලින් එකකට refund එකක් ඕනේ,request_refund,request_refund,True
1708,"මම මේ product එකට happy නෑ, refund එකක් ලබාගන්න පුළුවන්ද?",request_refund,request_refund,True
1709,මට මේ amount එක මගේ account එකෙන් reverse කරගන්න ඕනේ.,request_refund,terminate_account,False
1710,"හලෝ! මම මෑතක purchase එකක් කළා, order එක cancel කරලා ඉක්මනට refund එකක් process කරගන්න ඕනේ.",request_refund,request_refund,True
1711,මට purchase එකක් reverse කරගන්න ඕනේ. cancel කරන්න පුළුවන්ද?,request_refund,request_refund,True
1712,"මම ගොඩක් කලින් order එකක් ගැන කතා කරන්නේ. මට තාම ලැබුනේ නෑ, මම ගොඩක් අපිරිසිදුයි! මට මගේ සල්ලි ඔක්කොම ආපහු ඕනේ! මම නොලැබුන දෙයකට ගෙවන එක accept කරන්න බෑ.",request_refund,request_refund,True
1713,"මම මේ item එක ගත්තා, වැරදි amount එකකට charge කළා, refund එකක් ලබාගන්න පුළුවන්ද?",request_refund,request_refund,True
1714,මට payment එකක් cancel කරගන්න ඕනේ. මම දවස් කීපයකට කලින් මොකක් හරි ගත්තා තාම ලැබුනේ නෑ.,request_refund,card_payment_not_recognised,False
1715,refund process එක මොකක්ද?,request_refund,request_refund,True
1716,මගේ purchase එකට refund එකක් ඕනේ,request_refund,request_refund,True
1717,මම purchase කරපු දෙයකට refund එකක් process කරන්නේ කොහොමද?,request_refund,request_refund,True
1718,මට item එකකට refund එකක් ලබාගන්න ඕනේ,request_refund,request_refund,True
1719,මම කරපු purchase එකක් cancel කරගන්න ඕනේ.,request_refund,request_refund,True
1720,මම transfer එකක් කරන්න try කළා decline වුනා. ඇයි?,declined_transfer,declined_transfer,True
1721,සුබ උදෑසනක්. මම ඊයේ රෑ සහ අද උදේත් මගේ credit card එකෙන් purchase එකක් කරන්න try කළා. දෙපාරම decline වුනා. investigate කරන්නද?,declined_transfer,top_up_failed,False
1722,"මගේ transfers ඔක්කොම continuous ව fail වෙනවා. recipient details ටික ආයෙත් ආයෙත් check කළා, ඔක්කොම හරි.",declined_transfer,declined_transfer,True
1723,මගේ transfer එක decline වුනේ ඇයි,declined_transfer,declined_transfer,True
1724,transfer එකකදි decline message එකක් පේන්නේ මොකද කරද්දිද?,declined_transfer,declined_transfer,True
1725,මගේ transfers ඔයාලා decline කරන්නේ ඇයි? මේක දැනට හොඳට වැඩ කළා ඒත් දැන් මොකක් හරි ගන්න try කළම කාඩ් එක decline වුනා. කීප වතාවක්ම try කළා ඒත් එකම දේ.,declined_transfer,declined_transfer,True
1726,"මගේ කාඩ් එක fix කරන්නේ කොහොමද, ඒක දෙපාරක් decline වුනා.",declined_transfer,transaction_charged_twice,False
1727,transfer එකක් decline වුනේ ඇයි?,declined_transfer,declined_transfer,True
1728,මගේ transfers decline වෙනවා. කලින් හැමවෙලේම වැඩ කළා ඒත් දැන් මගේ කාඩ් එක decline කරනවා. කීප වතාවක්ම try කළා.,declined_transfer,declined_transfer,True
1729,මගේ transfer එක ඇයි decline වුනේ,declined_transfer,declined_transfer,True
1730,ඊයේ online දෙයක් ගන්න try කරද්දි කාඩ් එක දෙපාරක් decline වුනා.,declined_transfer,declined_transfer,True
1731,"transfer details ඔක්කොම review කරලා confirm කරලා තියෙනවනම්, මගේ transfer එක decline වෙන්න වෙන මොන හේතුවක්ද තියෙන්නේ?",declined_transfer,declined_transfer,True
1732,මගේ transfer එක decline වුනේ ඇයි?,declined_transfer,declined_transfer,True
1733,මගේ transfer එක ඇයි decline වුනේ?,declined_transfer,declined_transfer,True
1734,transfer එකක් ගැන customer support එකට contact කරන්නේ කොහොමද?,declined_transfer,declined_transfer,True
1735,"ඔයාලා ඇයි මගේ transfers decline කරන්නේ? මේක දැනට හොඳට වැඩ කළා, ඒත් දැන් මොකක් හරි ගන්න try කරද්දි කාඩ් එක decline වුනා. කීප වතාවක්ම try කළා.",declined_transfer,declined_transfer,True
1736,මට transfer එකක් කරන්න බැරි වුනේ ඇයි?,declined_transfer,failed_transfer,False
1737,"transaction transfer කරන්න ප්‍රොබ්ලමයක්, උදව් ඕනේ contact",declined_transfer,transfer_not_received_by_recipient,False
1738,මගේ transfer එක decline වෙන්න පුළුවන්ද?,declined_transfer,declined_transfer,True
1739,මම මගේ කාඩ් එකෙන් මොකක් හරි ගන්න try කරද්දි ඒක decline වෙනවා.,declined_transfer,card_not_working,False
1740,"මට transfer එකක් කරන්න බැරි වුනා, decline වුනා",declined_transfer,declined_transfer,True
1741,මම transfer එකක් submit කරද්දි decline වෙනවා. මම දැම්ම information එක review කරලා.,declined_transfer,declined_transfer,True
1742,transfer එක decline වුනේ ඇයි?,declined_transfer,declined_transfer,True
1743,මගේ transfer එක decline වෙන්න හේතුව මොකක්ද?,declined_transfer,declined_transfer,True
1744,මගේ transfer එක decline වුනා.,declined_transfer,declined_transfer,True
1745,මගේ transfer එක decline වුනා,declined_transfer,declined_transfer,True
1746,"මම මගේ සල්ලි move කරන්න try කළා, ඒත් transfer එක decline වුනා.",declined_transfer,declined_transfer,True
1747,මගේ transfer එක decline වුනේ ඇයි කියලා දැනගන්න ඕනේ.,declined_transfer,declined_transfer,True
1748,"මම transfer එකක් කරන්න try කළා, ඒත් decline වුනා. ඇයි කියලා කියන්නද?",declined_transfer,declined_transfer,True
1749,මගේ transfer එක decline වුනේ මොන හේතුවටද?,declined_transfer,declined_transfer,True
1750,"මගේ transfer එක decline වුනා, ඒක go through විය යුතුයි කියලා මම දන්නවා.",declined_transfer,declined_transfer,True
1751,ඔයාලගේ funds decline වෙන්න පුළුවන් double check කරන්න,declined_transfer,declined_cash_withdrawal,False
1752,මට මගේ account එකෙන් සල්ලි transfer කරන්න බෑ.,declined_transfer,topping_up_by_card,False
1753,"මගේ transfer එක decline වෙන්නේ ඇයි? මම හරි details ඔක්කොම දාලා තියෙනවා check කළා, ඒත් තාම decline.",declined_transfer,declined_transfer,True
1754,ඊයේ online දෙයක් ගන්න try කළා ඒත් decline කියලා පේනුනා. අද ආයෙත් try කළා එකම දේ වුනා. මොකද කැඩිලා තියෙන්නේ?,declined_transfer,declined_transfer,True
1755,ඊයේ online දෙයක් ගන්න try කරාම decline කියලා පේනුනා. අද ආයෙත් try කළත් එකම දේ වුනා. මොකද මේ කැඩිලා තියෙන්නේ?,declined_transfer,declined_transfer,True
1756,මගේ කාඩ් එක online decline වෙනවා. account එකේ මොකද කැඩිලා/වැරදිලා තියෙන්නේ කියලා කියන්නද?,declined_transfer,declined_card_payment,False
1757,මගේ transfer එක decline වෙන්න restrictions තියෙනවද?,declined_transfer,declined_transfer,True
1758,"ඊයේ මම eBay එකෙන් golf club එකක් ගන්න try කළා, ඒත් credit card එක decline වුනා. කීප වතාවක්ම try කළා, අද උදේත් ආයෙත්. මගේ කාඩ් එක check කරන්නද?",declined_transfer,declined_card_payment,False
1759,"මගේ transfer එක decline වුනා කියලා මම හිතනවා, ඒත් ඇයි?",declined_transfer,declined_transfer,True
1760,refund එක මගේ account එකේ පේන්නේ නෑ.,Refund_not_showing_up,Refund_not_showing_up,True
1761,මගේ statement එකේ මගේ refund එක නෑ.,Refund_not_showing_up,Refund_not_showing_up,True
1762,"මම refund එකක් request කළා, කවදාවත් ලැබුනේ නෑ. මම මොකද කරන්නේ?",Refund_not_showing_up,Refund_not_showing_up,True
1763,මට purchase එකකට refund ලැබෙන්න ඕනේ ඒත් මගේ account එකේ සල්ලි පේන්නේ නෑ,Refund_not_showing_up,Refund_not_showing_up,True
1764,මගේ statement එකේ refund එකක් නෑ,Refund_not_showing_up,Refund_not_showing_up,True
1765,"මට උදව් ඕනේ. ටික කාලයකට කලින් merchant කෙනෙකුගෙන් refund එකක් ඉල්ලුවා, ඒත් තාම සල්ලි ලැබුනේ නෑ. මම account එක check කරමින් ඉන්නවා, මොකුත් පේන්නේ නෑ. දැන් මම මොකද කරන්නේ?",Refund_not_showing_up,Refund_not_showing_up,True
1766,මම refund එකක් බලාගෙන ඉන්නවා,Refund_not_showing_up,Refund_not_showing_up,True
1767,refund එකකට කොච්චර වෙලා යනවද?,Refund_not_showing_up,Refund_not_showing_up,True
1768,"උදව්! මම account එක check කරමින් ඉන්නවා, ඒත් refund එක පේන්නේ නෑ. ටික කාලයකට කලින් seller කෙනෙකුගෙන් refund එකක් ඉල්ලුවා, ඒත් account එකේ සල්ලි නෑ. මට කරන්න පුළුවන් මොකක්ද?",Refund_not_showing_up,Refund_not_showing_up,True
1769,මගේ refund එක statement එකේ නැත්තේ ඇයි කියලා කියන්නද?,Refund_not_showing_up,Refund_not_showing_up,True
1770,"සතියකට කලින් refund එකක් ඉල්ලුවා ඒත් තාම මොකුත් වුනේ නෑ, උදව් කරන්නද?",Refund_not_showing_up,Refund_not_showing_up,True
1771,මගේ refund එක statement එකෙන් නැත්තේ ඇයි?,Refund_not_showing_up,Refund_not_showing_up,True
1772,තාම refund එකක් බලාගෙන ඉන්නවා.,Refund_not_showing_up,Refund_not_showing_up,True
1773,"මම refund එකක් ඉල්ලුවා, ඒක නෑ.",Refund_not_showing_up,Refund_not_showing_up,True
1774,"හලෝ, ඔයාලා suggest කරපු විදියට, seller ට refund එක initiate කරන්න කිව්වා, සතියක් වුනා, තාම මගේ සල්ලි ලැබුනේ නෑ. ප්ලීස් advise කරන්නකෝ.",Refund_not_showing_up,Refund_not_showing_up,True
1775,"මම මොකක් හරි ගත්තා return කළා, ඒත් ඒ return එකේ සල්ලි මගේ account එකේ නෑ.",Refund_not_showing_up,Refund_not_showing_up,True
1776,මගේ refund එක ලැබෙන්නේ කවදද කියලා ඔයාලට අදහසක් තියෙනවද? මගේ statement එක ලැබුනා ඒත් එතන නැහැ.,Refund_not_showing_up,Refund_not_showing_up,True
1777,මෑත refund එකක් මගේ statement එකේ නැත්තේ ඇයි?,Refund_not_showing_up,Refund_not_showing_up,True
1778,මගේ account එකේ refund එක බලන්නේ කොහෙද,Refund_not_showing_up,Refund_not_showing_up,True
1779,"මට refund එකක් ලැබෙන්න ඕනේ වුනා ඒත් මගේ balance එක වෙනස් වුනේ නෑ, ඇයි?",Refund_not_showing_up,Refund_not_showing_up,True
1780,දවස් ගානකට කලින් merchant කෙනෙකුගෙන් refund එකක් ඉල්ලුවා ඒත් මගේ account එකේ ඒක නෑ.,Refund_not_showing_up,Refund_not_showing_up,True
1781,refund එක මගේ account එකේ පේන්නේ නෑ,Refund_not_showing_up,Refund_not_showing_up,True
1782,මගේ refund එක go through වුනාද? ඒක statement එකේ නෑ.,Refund_not_showing_up,Refund_not_showing_up,True
1783,මගේ statement එකේ refund එකක් process වුනා කියලා පේන්නේ නෑ,Refund_not_showing_up,Refund_not_showing_up,True
1784,මම store එකකින් refund එකක් ඉල්ලුවා ඒත් ලැබුනේ නෑ.,Refund_not_showing_up,Refund_not_showing_up,True
1785,මට තාම refund එකක් මගේ account එකේ පේන්නේ නෑ,Refund_not_showing_up,Refund_not_showing_up,True
1786,මට refund එකක් නෑ.,Refund_not_showing_up,Refund_not_showing_up,True
1787,මගේ refund එක statement එකේ පේන්නේ නෑ වගේ.,Refund_not_showing_up,Refund_not_showing_up,True
1788,මගේ statement එකේ refund එකක් මම දකින්නේ නෑ.,Refund_not_showing_up,Refund_not_showing_up,True
1789,මෑත refund එකක් මගේ statement එකේ බලාගන්න බැරි ඇයි?,Refund_not_showing_up,Refund_not_showing_up,True
1790,"මම ඔයාලා කලින් කිව්ව විදියට seller ට කෙලින්ම contact කළා refund එකකට, ඒත් මොකුත් වෙන්නේ නෑ! සතියක් වුනා තාම මට කිසිම දෙයක් ලැබුනේ නෑ. ප්ලීස් මගේ සල්ලි ආපහු දෙන්න",Refund_not_showing_up,Refund_not_showing_up,True
1791,මගේ refund එක කොහෙද? මම දවස් පුරාම account එක check කරමින් ඉන්නවා.,Refund_not_showing_up,Refund_not_showing_up,True
1792,"සතියක් වුනා, මට කියපු ඔක්කොම මම කළා ඒත් තාම මොකුත් වුනේ නෑ. seller ට contact කළා, response එකක් ලැබුනේ නෑ. ප්ලීස් මගේ frustration එක තේරුම්ගෙන සල්ලි ආපහු account එකට දාන්නකෝ.",Refund_not_showing_up,Refund_not_showing_up,True
1793,මගේ refund එක නෑ,Refund_not_showing_up,Refund_not_showing_up,True
1794,මම කරපු purchase එකකින් return එකක් account එකේ පේන්නේ නැත්තේ ඇයි?,Refund_not_showing_up,Refund_not_showing_up,True
1795,මම bank statements check කරමින් ඉන්නවා ඒත් seller කෙනෙකුගෙන් ඉල්ලාපු refund එකක් පේන්නේ නෑ. seller ගෙන් refund එක ලැබෙන බව confirm කරන්න පුළුවන්ද?,Refund_not_showing_up,Refund_not_showing_up,True
1796,"සතියක් ඉඳලා seller ආපහු response කරන්නෙකෝ බලාගෙන ඉන්නවා, response එකක් නෑ, මගේ සල්ලි ආපහු ගන්න තව උදව් කරන්නද. ස්තූතියි.",Refund_not_showing_up,Refund_not_showing_up,True
1797,"seller කෙනෙකුගෙන් refund එකක් ලබාගන්න මට උදව් ඕනේ. තාම statement එකේ පේන්නේ නෑ, ගොඩක් කලින් ඉල්ලුවේ. ඇයි ආපහු ලැබෙන්නේ නැත්තේ කියලා දන්නේ නෑ. මේ සල්ලි ලබාගන්න උදව් කරන්නද?",Refund_not_showing_up,Refund_not_showing_up,True
1798,මගේ refund එකට කොච්චර වෙලා යනවද,Refund_not_showing_up,Refund_not_showing_up,True
1799,මට refund එකක් ලැබෙන්න ඕනේ වුනා ඒත් statement එකේ පේන්නේ නෑ,Refund_not_showing_up,Refund_not_showing_up,True
1800,මගේ credit card එක decline වුනා.,declined_card_payment,top_up_failed,False
1801,ඊයේ මට එවපු අලුත් කාඩ් එක restaurant එකේදි dinner එකට pay කරන්න try කරද්දි කීප වතාවක්ම decline වුනා. මගේ යාළුවගේ birthday dinner එකට pay කරන්න try කරද්දි කාඩ් එක denied වුනා නිසා මම ගොඩක් disappointed සහ embarrassed.,declined_card_payment,declined_card_payment,True
1802,මගේ කාඩ් payment එක decline වුනේ ඇයි?,declined_card_payment,declined_card_payment,True
1803,අද store එකේදි මොකක් හරි ගන්න try කරද්දි මගේ කාඩ් එක decline වුනා. මේක වුනේ ඇයි?,declined_card_payment,declined_card_payment,True
1804,"මගේ payment එක decline වුනා, මම හිතුවේ මේ issue එක fix වුනා කියලා!",declined_card_payment,declined_card_payment,True
1805,shop එකකදි මගේ කාඩ් එක decline වුනා,declined_card_payment,declined_card_payment,True
1806,මගේ payment එක decline කළේ ඇයි?,declined_card_payment,declined_card_payment,True
1807,මගේ කාඩ් එක decline වුනා,declined_card_payment,declined_card_payment,True
1808,මගේ account එක බලලා මගේ කාඩ් එක decline වුනේ ඇයි කියලා බලන්නද,declined_card_payment,declined_card_payment,True
1809,"අද මම මගේ අලුත් කාඩ් එකෙන් pay කරන්න බලාපොරොත්තුවෙන් ගියා, payment එක decline වුනා ගමන්ම. මේක ගොඩක් duk, මොකද වෙන්නේ?",declined_card_payment,declined_card_payment,True
1810,මගේ කාඩ් එකේ ට්‍රැන්සැක්ෂන් එකක් decline වුනේ ඇයි?,declined_card_payment,card_not_working,False
1811,මගේ අලුත් කාඩ් එක decline වෙනවා. අද මුල් වතාවට ඒක පාවිච්චි කරන්න ගොඩක් excited වුනා. මේක වෙන්නේ ඇයි?,declined_card_payment,declined_card_payment,True
1812,"මගේ අන්තිම payment එක decline වුනා, ඔක්කොම back to working order කියලා කිව්වා. මොකද වුනේ?",declined_card_payment,declined_card_payment,True
1813,මගේ account එකේ enough funds තියෙනවා කියලා දන්නවා ඒත් මගේ කාඩ් payment එක වැඩ කළේ නෑ. මම මොකද කරන්නේ?,declined_card_payment,declined_card_payment,True
1814,කාඩ් payment එක වැඩ නොකරන්නේ ඇයි,declined_card_payment,declined_card_payment,True
1815,මම හරිම stuck වෙලා. මොකද කියලා දන්නේ නෑ ඒත් මගේ කාඩ් payment එක go through වුනේ නෑ.,declined_card_payment,declined_card_payment,True
1816,"මට decline වුන කාඩ් payment එකක් තියෙනවා, ඒත් ඇයි?",declined_card_payment,declined_card_payment,True
1817,මගේ කාඩ් payment එක වැඩ නොකළේ ඇයි කියලා ඔයාලා දන්නවද?,declined_card_payment,declined_card_payment,True
1818,"මගේ payment account එකේ මොකක් හරි වැරදිලා, ඒක decline වුනා",declined_card_payment,declined_card_payment,True
1819,ඔයාලා මගේ payment එක decline කරන්නේ ඇයි? ඔක්කොම හරි තිබුනා.,declined_card_payment,declined_card_payment,True
1820,මගේ payment එක වැඩ නොකළේ ඇයි කියලා දන්නේ නෑ.,declined_card_payment,declined_card_payment,True
1821,මගේ කාඩ් payment එක වැඩ කළේ නෑ.,declined_card_payment,declined_card_payment,True
1822,මගේ ළඟ සල්ලි තියෙද්දි debit card එක decline වෙන්නේ ඇයි?,declined_card_payment,direct_debit_payment_not_recognised,False
1823,මගේ කාඩ් එක accept කළේ නෑ.,declined_card_payment,declined_card_payment,True
1824,මගේ කාඩ් payment එක වැඩ නොකළේ ඇයි කියලා මට කිසිම අදහසක් නෑ.,declined_card_payment,declined_card_payment,True
1825,"මගේ කාඩ් payment එක වැඩ කළේ නෑ, උදව් කරන්නද?",declined_card_payment,declined_card_payment,True
1826,"store එකේදි මගේ කාඩ් එක rejected වුනා, ඒක check කරන්නද?",declined_card_payment,declined_card_payment,True
1827,මගේ කාඩ් එක decline වුනේ ඇයි කියලා පැහැදිලි කරන්නකෝ?,declined_card_payment,declined_card_payment,True
1828,"හලෝ, මගේ අලුත් කාඩ් එකේ payments ආයෙත් ආයෙත් decline වෙන issue එකක් තියෙනවා. ප්ලීස් මේකට උදව් කරන්නද.",declined_card_payment,declined_card_payment,True
1829,මගේ කාඩ් payment එක decline වුනේ ඇයි කියලා ඔයාලා දන්නවද?,declined_card_payment,declined_card_payment,True
1830,මගේ Payment එක decline වුනේ ඇයි,declined_card_payment,declined_card_payment,True
1831,ඒගොල්ලෝ මගේ කාඩ් payment එක decline කළා.,declined_card_payment,declined_card_payment,True
1832,මගේ කාඩ් payment එක ඇයි decline වුනේ?,declined_card_payment,declined_card_payment,True
1833,"අන්තිමට මට අලුත් කාඩ් එක ලැබුනා, අද ඒක පාවිච්චි කරන්න ගොඩක් excited වුනා. ඒත් payment එක decline වුනා. මොකද වෙන්නේ?",declined_card_payment,declined_card_payment,True
1834,මගේ කාඩ් payment එක complete වුනේ නෑ.,declined_card_payment,declined_card_payment,True
1835,shop එකකදි මගේ කාඩ් එක වැඩ කළේ නෑ.,declined_card_payment,declined_card_payment,True
1836,කාඩ් payment එක decline?,declined_card_payment,declined_card_payment,True
1837,"මම මගේ කාඩ් එක පාවිච්චි කරන්න try කළා ඒක decline වෙනවා, ඇයි?",declined_card_payment,declined_card_payment,True
1838,මගේ කාඩ් payment එක ඔයාලා fix කරන්නේ කොහොමද?,declined_card_payment,declined_card_payment,True
1839,"ඔයාලා මගේ payment එක decline කරන්නේ ඇයි? මම මේ කාඩ් එකෙන් කීප වතාවක්ම try කළා, වැඩ කරන්නේ නෑ",declined_card_payment,declined_card_payment,True
1840,"මම transfer කළා, ඇයි ඒක pending",pending_transfer,pending_transfer,True
1841,money transfer එකක් පේන්න කොච්චර වෙලාවක්ද?,pending_transfer,pending_transfer,True
1842,මගේ transfer එක තාම done නොවුනේ ඇයි?,pending_transfer,failed_transfer,False
1843,මට pending transfer එකක් තියෙනවා,pending_transfer,pending_transfer,True
1844,pending money transfer එකක් process වෙනකන් මම බලාගෙන ඉන්නවා.,pending_transfer,pending_transfer,True
1845,මම transfer කළා ඒත් තාම pending,pending_transfer,pending_transfer,True
1846,"මට pending transfer එකක් තියෙනවා, process වෙන්න කොච්චර වෙලා යනවද කියලා දැනගන්න ඕනේ?",pending_transfer,pending_transfer,True
1847,එතකොට transfer එක අන්තිමට වැඩ කළා ඒත් දැන් ගොඩක් කාලයක් pending. කොච්චර වෙලාවක් බලාපොරොත්තු වෙන්නද? හරිම urgent.,pending_transfer,pending_transfer,True
1848,මම transfer එකක් කළා ඒත් තාම pending.,pending_transfer,pending_transfer,True
1849,"මම transfer එක submit කළා ඒත් ගොඩක් වෙලාවක් pending, මොකද මේ තරම් වෙලා යන්නේ? complete නොවුනේ ඇයි",pending_transfer,pending_top_up,False
1850,transfer එකක් speed up කරන්නේ කොහොමද? මගේ එක pending.,pending_transfer,pending_transfer,True
1851,EU transfer එකකට කොච්චර වෙලා යනවද?,pending_transfer,pending_transfer,True
1852,මගේ transfer එක තාම pending විදියට එනවා.,pending_transfer,pending_transfer,True
1853,"මම වෙන රටකට සල්ලි transfer කරන්න try කරනවා. ඒක pending, යවන්නේ නෑ. මගේ account details හරි. උදව් කරන්නකෝ.",pending_transfer,pending_transfer,True
1854,"මගේ transfer එක තාම pending, account numbers හරි කියලා දන්නවා. උදව් කරන්නකෝ.",pending_transfer,pending_transfer,True
1855,"ඊයේ මම සල්ලි transfer කළා, ඒත් තාම available නෑ?",pending_transfer,transfer_not_received_by_recipient,False
1856,transfer එකක් pending ඉන්නේ කොච්චර වෙලාවක්ද?,pending_transfer,pending_transfer,True
1857,transfer pending ඉන්නේ කොච්චර වෙලාවකටද?,pending_transfer,pending_transfer,True
1858,මගේ transfer එක තාම go through වුනේ නැත්තේ ඇයි?,pending_transfer,failed_transfer,False
1859,transfer එක go through වෙන්නේ කවදද?,pending_transfer,transfer_timing,False
1860,transfers pending විදියට පේන්නේ ඇයි කියලා පැහැදිලි කරන්නකෝ?,pending_transfer,pending_transfer,True
1861,"මගේ account details හරි කියලා double check කළා, ඒක ස්ථිරයි. transfer එක ගොඩක් කාලයක් pending. දැන් මොකද කරන්නේ?",pending_transfer,pending_transfer,True
1862,මගේ transfer එක go through වෙන්නේ කවදද?,pending_transfer,failed_transfer,False
1863,transfer එක pending විදියට පේන හේතුව මොකක්ද?,pending_transfer,pending_transfer,True
1864,transfer එක complete වෙන්නේ කවදද?,pending_transfer,transfer_timing,False
1865,Pending transfer එකක්?,pending_transfer,pending_transfer,True
1866,"මගේ payment එක තාම pending වෙන්නේ ඇයි කියලා දැනගන්න ඕනේ, උදව් කරන්නද?",pending_transfer,pending_card_payment,False
1867,"කවුරු හරි මට සල්ලි transfer කළා, ඒක පේන්නේ නෑ",pending_transfer,balance_not_updated_after_bank_transfer,False
1868,transfer එකක් confirm වෙන්න කොච්චර වෙලා යනවද?,pending_transfer,pending_transfer,True
1869,මම පැය 12කට කලින් transfer එකක් කළා. ඇයි ඒක තාම pending කියලා තියෙන්නේ?,pending_transfer,pending_transfer,True
1870,"මගේ transfer එක ""pending"" කියලා කියන්නේ ඇයි?",pending_transfer,pending_transfer,True
1871,transfer එකක් pending ඉන්නවා කියලා බලාපොරොත්තු වෙන්නේ කොච්චර වෙලාවක්ද?,pending_transfer,pending_transfer,True
1872,මගේ transfer එක කොච්චර කාලයක් pending වේවිද?,pending_transfer,pending_transfer,True
1873,2018 එකේ වෙනත් රටකට සල්ලි transfer කරන්න මේ තරම් වෙලා යන්න බෑ. මගේ transfer එක ගොඩක් කාලයක් pending. account details හරි කියලා verify කළා.,pending_transfer,pending_transfer,True
1874,money transfer එකක් නොපෙන්නෙන්නේ ඇයි?,pending_transfer,pending_transfer,True
1875,"transfer එක pending කියලා පේනවා, payment එක අද due. මට fee එකක් charge කරයිද?",pending_transfer,pending_transfer,True
1876,මම තාම money transfer එකක් පේන්නකන් බලාගෙන ඉන්නවා,pending_transfer,pending_transfer,True
1877,මගේ transfer එක තාම go through වුනේ නෑ.,pending_transfer,failed_transfer,False
1878,මගේ transfer එක තාම pending වෙන්න පුළුවන් ඇයි කියලා මට confused.,pending_transfer,pending_transfer,True
1879,money transfer එකක් පේන්න කොච්චර වෙලා යනවද?,pending_transfer,pending_transfer,True
1880,ප්ලීස් මගේ account එක remove කරන්න පුළුවන්ද?,terminate_account,terminate_account,True
1881,"මට account එකක් close කරගන්න ඕනේ ඒත් අනාගතයේ අලුත් එකක් set කරන එක ගැන ස්ථිර නෑ, ඔයාලා recommend කරන්නේ මොකක්ද",terminate_account,terminate_account,True
1882,මගේ account එක delete කරන්න ඕනේ.,terminate_account,terminate_account,True
1883,ප්ලීස් මගේ account එක delete කරන්න ඕනේ.,terminate_account,terminate_account,True
1884,මගේ account එක close කරන්න මම මොන steps ගන්න ඕනේද?,terminate_account,terminate_account,True
1885,මට තිබුන ප්‍රොබ්ලම් ඔක්කොම නිසා මම කම්මැලියි. මට මේ account එකෙන් යන්න ඕනේ!,terminate_account,terminate_account,True
1886,ප්ලීස් මගේ account එක දැන්ම delete කරන්න!,terminate_account,terminate_account,True
1887,මට මගේ account එක close කරගන්න ඕනේ,terminate_account,terminate_account,True
1888,"ඔයාලා ගැන happy නෑ, account එක delete කරන්නේ කොහොමද",terminate_account,terminate_account,True
1889,මට මගේ account එක delete කරගන්න ඕනේ.,terminate_account,terminate_account,True
1890,"මම මේ company එක ගැන ගොඩක් unsatisfied, මගේ account එක delete කරගන්න ඕනේ!",terminate_account,terminate_account,True
1891,මට ඔයාලගේ company එක ගැන ආසා නෑ. මගේ account එක delete කරන්න.,terminate_account,terminate_account,True
1892,මට මගේ account එක close කරගන්න ඕනේ.,terminate_account,terminate_account,True
1893,මේ company එක නරකයි! මගේ account එක delete කරන්න පුළුවන්ද?,terminate_account,terminate_account,True
1894,"මේ company එක නරකයි, ප්ලීස් මගේ account එක delete කරන්න.",terminate_account,terminate_account,True
1895,"ප්ලීස් මගේ account එක delete කරන්න, ඔයාලගේ services හරි නෑ.",terminate_account,terminate_account,True
1896,මගේ account එක delete කරන්න මට ඔයාලගේ උදව් ඕනේ.,terminate_account,terminate_account,True
1897,"මේ company එකේ service එක නරකයි, මගේ account එක terminate කරගන්න ඕනේ.",terminate_account,terminate_account,True
1898,මේ account එක delete කරන්න!,terminate_account,terminate_account,True
1899,මගේ account එක ASAP ඉවත් කරගන්නේ කොහොමද?,terminate_account,terminate_account,True
1900,"මේ company එක හොඳ නෑ, මගේ account එක delete කරගන්න ඕනේ.",terminate_account,terminate_account,True
1901,ප්ලීස් මගේ account එක delete කරන්න පුළුවන්ද?,terminate_account,terminate_account,True
1902,"මම ඔයාලගේ company එක ගැන satisfied නෑ, මගේ accounts delete කරගන්න ඕනේ!",terminate_account,terminate_account,True
1903,ප්ලීස් මගේ account එක delete කරන්න. මම ඔයාලගේ company එකේ service එක ගැන happy නෑ.,terminate_account,terminate_account,True
1904,ප්ලීස් මගේ account එක terminate කරන්න.,terminate_account,terminate_account,True
1905,"මම මේ company එක ගැන කම්මැලියි, account එක close කරගන්න ඕනේ.",terminate_account,terminate_account,True
1906,ප්ලීස් මගේ account එක close කරන්න. මම ඔයාලගේ service එක ගැන unsatisfied.,terminate_account,terminate_account,True
1907,ප්ලීස් මගේ account එක delete කරන්න.,terminate_account,terminate_account,True
1908,"ඔයාලගේ service එක නරකයි. මගේ account එක delete කරන්න,",terminate_account,terminate_account,True
1909,මට මගේ account එක delete කරගන්න ඕනේ!,terminate_account,terminate_account,True
1910,"මම මේ ඇප් එක ගැන ගොඩක් unhappy, මගේ account එකෙන් යන්න ඕනේ?",terminate_account,terminate_account,True
1911,මගේ account එක delete කරන්නේ කොහොමද?,terminate_account,terminate_account,True
1912,මේ company එක නරකම නරකයි! මගේ account එක delete කරගන්න පුළුවන්ද?,terminate_account,terminate_account,True
1913,මට මගේ account එක close කරගන්න ඕනේ. ඔයාලා දෙන service එක මට ආසා නෑ.,terminate_account,terminate_account,True
1914,මගේ account එකෙන් යන්න මට උදව් කරන්නද?,terminate_account,terminate_account,True
1915,"ඔයාලගේ services මට ප්‍රයෝජනවත් නෑ, මගේ account එක delete කරන්නේ කොහොමද?",terminate_account,terminate_account,True
1916,"ප්ලීස් මගේ account එක delete කරන්න, මේ company එක මට වැඩ කරන්නේ නෑ!",terminate_account,terminate_account,True
1917,මට මගේ account එක delete කරගන්න ඕනේ. ඔයාලා දෙන service එක ගැන මම unhappy.,terminate_account,terminate_account,True
1918,මගේ account එක close කරන්නේ කොහොමද කියලා කියන්නද?,terminate_account,terminate_account,True
1919,මේ company එක නරකයි! මගේ account එක terminate කරන්න පුළුවන්ද?,terminate_account,terminate_account,True
1920,"ATM එක මගේ කාඩ් එක ""steal"" කළොත් මම මොකද කරන්නේ?",card_swallowed,card_swallowed,True
1921,මගේ කාඩ් එක machine එකෙන් retrieve කරගන්නේ කොහොමද?,card_swallowed,card_swallowed,True
1922,"මම සල්ලි ගන්නවා හිටියා, මගේ කාඩ් එක remove වුනේ නෑ.",card_swallowed,card_arrival,False
1923,machine එක මගේ කාඩ් එක swallow කළ නිසා මම මොකද කරන්නේ. මට එකක් ඕනේ.,card_swallowed,card_swallowed,True
1924,ATM එක ඇදගත්තට පස්සේ මගේ කාඩ් එක ආපහු ගන්නේ කොහොමද?,card_swallowed,card_swallowed,True
1925,Atm එක මගේ කාඩ් එක ගත්තා,card_swallowed,card_swallowed,True
1926,මගේ ATM කාඩ් එක machine එකෙන් ආපහු ගන්න විදියක් තියෙනවද?,card_swallowed,card_swallowed,True
1927,atm එක මගේ කාඩ් එක කෑවා කියලා මම හිතනවා.,card_swallowed,card_swallowed,True
1928,ATM එක මට කාඩ් එක ආපහු දුන්නේ නෑ!,card_swallowed,card_swallowed,True
1929,මගේ කාඩ් එක ATM එකෙන් ආපහු ගන්නේ කොහොමද?,card_swallowed,card_swallowed,True
1930,atm එක මගේ කාඩ් එක ආපහු දෙන්නේ නෑ!,card_swallowed,card_swallowed,True
1931,මගේ කාඩ් එක ආපහු ගන්නේ කොහොමද?,card_swallowed,card_swallowed,True
1932,ATM machine එක මගේ කාඩ් එක steal කළා.,card_swallowed,card_swallowed,True
1933,High St. Kensington එකේ Metro bank ATM එක මගේ කාඩ් එක swallow කළා. ඒක ආපහු ගන්නේ කොහොමද?,card_swallowed,card_swallowed,True
1934,"මගේ ATM එක stuck වුනා, මම මොකද කරන්නද කියලා දන්නේ නෑ.",card_swallowed,card_swallowed,True
1935,ATM එක මගේ කාඩ් එක කෑවා.,card_swallowed,card_swallowed,True
1936,ATM එක මගේ කාඩ් එක ආපහු දෙන්නේ නෑ.,card_swallowed,card_swallowed,True
1937,මගේ කාඩ් එක ATM එකෙන් confiscate කළා. ඒක ආපහු ගන්නේ කොහොමද?,card_swallowed,card_swallowed,True
1938,ATM එක මගේ කාඩ් එක කෑවොත් මම මොකද කරන්නේ?,card_swallowed,card_swallowed,True
1939,ATM එකේ තාම මගේ කාඩ් එක තියෙනවා,card_swallowed,card_swallowed,True
1940,ATM එකක් මගේ කාඩ් එක කෑවොත් මම මොකද කරන්නේ?,card_swallowed,card_swallowed,True
1941,ATM එක මගේ කාඩ් එක ආපහු නොදුන්නොත් මොකද වෙන්නේ?,card_swallowed,card_swallowed,True
1942,මට ATM එකෙන් කාඩ් එක ඇදගන්න බෑ. උදව් කරන්න.,card_swallowed,declined_cash_withdrawal,False
1943,මට ප්‍රොබ්ලමයක් තියෙනවා! ATM එක මගේ කාඩ් එක steal කළා!,card_swallowed,card_swallowed,True
1944,ATM එකක් මගේ කාඩ් එක swallow කරන්නේ ඇයි?,card_swallowed,atm_support,False
1945,ATM එක මගේ කාඩ් එක අරගත්තා.,card_swallowed,card_swallowed,True
1946,උදව්! atm එක මට කාඩ් එක ආපහු දෙන්නේ නෑ.,card_swallowed,card_swallowed,True
1947,මෝඩ machine එක මගේ කාඩ් එක swallow කළා!! මට ASAP අලුත් එකක් ඕනේ,card_swallowed,card_swallowed,True
1948,ATM එකකින් stuck වුන කාඩ් එකක් retrieve කරන්නේ කොහොමද?,card_swallowed,card_swallowed,True
1949,"මගේ කාඩ් එක ATM එකේ stuck වෙලා, මම මොකද කරන්නේ?",card_swallowed,card_swallowed,True
1950,"මම cash ගන්නවා හිටියා, මගේ කාඩ් එක ආපහු ගන්න බැරි වුනා.",card_swallowed,card_swallowed,True
1951,"මගේ කාඩ් එක ATM එකේ trapped වෙලා නම්, මම මොකද කරන්නේ?",card_swallowed,card_swallowed,True
1952,මගේ කාඩ් එක ATM එකෙන් swallow වුනා,card_swallowed,card_swallowed,True
1953,"මම funds ගන්නවා හිටියා, මගේ කාඩ් එක ආපහු ගන්න බැරි වුනා.",card_swallowed,card_swallowed,True
1954,stuck වුන මගේ atm එකට මම මොකද කරන්නේ?,card_swallowed,card_swallowed,True
1955,High St. Kensington එකේ Metro bank ATM එක මගේ කාඩ් එක return කළේ නෑ. bank එක close වෙලා දැන් මම මොකද කරන්නේ?,card_swallowed,card_swallowed,True
1956,ATM එක මගේ කාඩ් එක ආපහු දෙන්නේ නෑ,card_swallowed,card_swallowed,True
1957,මම ATM එකක ඉඳගෙන ඒක මගේ කාඩ් එක swallow කළා.,card_swallowed,pending_cash_withdrawal,False
1958,"WTF??? මම High St. Kensington එකේ Metro bank එකකින් සල්ලි withdraw කරන්න try කළා, notice එකක් නැතුව machine එකේ disappear වුනා. bank එක දැනටමත් close වෙලා තිබුන නිසා මට මොකුත් කරන්න බැරි වුනා. ඒක ආපහු ගන්නේ කොහොමද?",card_swallowed,card_swallowed,True
1959,මගේ කාඩ් එක ATM එකේ stuck වුනොත් මොකද වෙන්නේ?,card_swallowed,card_swallowed,True
1960,"payment එකකට මට දෙපාරක් charge කළා, ඒක fix කරන්නේ කොහොමද?",transaction_charged_twice,transaction_charged_twice,True
1961,"මම USA එකේ සහ Canada එකේ eating holiday එකකින් ආපහු ආවා, මගේ account එකේ pending සහ duplicated transactions ගොඩක් තියෙනවා. මොකක් හරි වැරදිලා කියලා මම හිතනවා, check කරන්නද?",transaction_charged_twice,transaction_charged_twice,True
1962,restaurant එකකට මට දෙපාරක් charge කරන්නේ ඇයි?,transaction_charged_twice,transaction_charged_twice,True
1963,මම ගත්ත එකකට දෙපාරක් charge කළේ ඇයි කියලා දැනගන්න ඕනේ.,transaction_charged_twice,transaction_charged_twice,True
1964,මම මේක දෙපාරක් ගත්තේ නෑ,transaction_charged_twice,transaction_charged_twice,True
1965,එකම දෙයකට මට දෙපාරක් charge කළේ ඇයි?,transaction_charged_twice,transaction_charged_twice,True
1966,"මගේ කාඩ් එකේ එකකට වඩා charge එකක් තියෙන්නේ ඇයි, මම ගෙව්වේ එකකට විතරයි දෙපාරකට නෙවෙයි, මේක fix කරන්නේ කොහොමද?",transaction_charged_twice,transaction_charged_twice,True
1967,ඇප් එකේ duplicate payment එකක් පේනවා. දෙපාරකට charge වෙන එක නවත්තන්නේ කොහොමද?,transaction_charged_twice,transaction_charged_twice,True
1968,එකම ට්‍රැන්සැක්ෂන් එකට එකකට වඩා charge වෙන්නේ ඇයි?,transaction_charged_twice,transaction_charged_twice,True
1969,එකම item එකකට දවස් 7ක් ඇතුලත එකකට වඩා charges දෙකක් ලැබෙන්නේ කොහොමද කියලා මම හිතුවා. මේක ASAP fix කරගන්න පුළුවන්ද.,transaction_charged_twice,transaction_charged_twice,True
1970,මට දෙපාරක් charge කළාද කියලා check කරන්නද?,transaction_charged_twice,transaction_charged_twice,True
1971,මට දෙපාරක් charge කරලා,transaction_charged_twice,transaction_charged_twice,True
1972,පසුගිය සතියේ මම ගත්ත items කීපයකට මට double charge කරලා තියෙනවා. review කරලා correct කරන්නද.,transaction_charged_twice,transaction_charged_twice,True
1973,මේ සතියේ දේවල් කීපයකට double charge කළා වගේ පේනවා. ඒක check කරලා double charged items මගේ කාඩ් එකට ආපහු දෙන්න පුළුවන්ද?,transaction_charged_twice,transaction_charged_twice,True
1974,මගේ transactions බැලුවම මේ සතියේ restaurant visit එකකට දෙපාරක් charge කරලා දැක්කා. ඒවායින් එකක් remove කරලා අනවශ්‍ය සල්ලි ආපහු දෙන්න පුළුවන්ද?,transaction_charged_twice,transaction_charged_twice,True
1975,charge එකක් දෙපාරක් පේන්න මොකක් හරි වෙලා ඇති කියලා මම හිතනවා.,transaction_charged_twice,transaction_charged_twice,True
1976,ට්‍රැන්සැක්ෂන් එකක් කීප වතාවක් පේන්නේ ඇයි?,transaction_charged_twice,transaction_charged_twice,True
1977,account එකේ duplicate charges වගේ මම දකිනවා.,transaction_charged_twice,transaction_charged_twice,True
1978,එකම දෙයකට මට කීප වතාවක්ම charge කරලා තියෙන්නේ ඇයි?,transaction_charged_twice,transaction_charged_twice,True
1979,මට duplicate කාඩ් එකක් තිබුනා දෙපාරක් charge කළා. මේක resolve කරන්නේ කොහොමද?,transaction_charged_twice,transaction_charged_twice,True
1980,හලෝ. මම මගේ transactions check කළා restaurant visit එකකට කාඩ් එකෙන් double charge වෙලා දැක්කා. මගේ සල්ලි ආපහු ලබාගන්න ඕනේ.,transaction_charged_twice,transaction_charged_twice,True
1981,මට දෙපාරක් charge කරන්නේ ඇයි?,transaction_charged_twice,transaction_charged_twice,True
1982,මගේ කාඩ් එකේ transactions හරිම විචිත්‍රයි. මේ සතියේ දේවල් කීපයකට double charge වෙලා! ප්ලීස් මේක check කරලා double charged ඒවා ආපහු දෙන්නද.,transaction_charged_twice,transaction_charged_twice,True
1983,"මගේ කාඩ් එකේ payments check කරන්නද. duplicate එකක් තියෙනවා, මම එකක් විතරයි ගත්තේ.",transaction_charged_twice,transaction_charged_twice,True
1984,"මේ සතියේ එකකට වඩා, එකම ට්‍රැන්සැක්ෂන් එකකට එකකට වඩා charge කරලා. issue එක correct කරලා duplicate charges refund කරන්නද.",transaction_charged_twice,transaction_charged_twice,True
1985,ට්‍රැන්සැක්ෂන් එකක් මගේ account එකේ කීප වතාවක් repeat වෙනවා.,transaction_charged_twice,transaction_charged_twice,True
1986,එකම ට්‍රැන්සැක්ෂන් එකකට එකකට වඩා charge කරලා,transaction_charged_twice,transaction_charged_twice,True
1987,එකම ට්‍රැන්සැක්ෂන් එකකට මගේ කාඩ් එකට වෙනම වෙලාවල් දෙකකට charge කරලා.,transaction_charged_twice,transaction_charged_twice,True
1988,payment එකක් දෙපාරක් පේන එක පැහැදිලි කරන්නද?,transaction_charged_twice,transaction_charged_twice,True
1989,එකම ට්‍රැන්සැක්ෂන් එකකට මට දෙපාරක් charge කළේ ඇයි?,transaction_charged_twice,transaction_charged_twice,True
1990,එකම ට්‍රැන්සැක්ෂන් එකකට මට කීප වතාවක්ම charge කරලා තියෙනවා.,transaction_charged_twice,transaction_charged_twice,True
1991,මට දෙපාරක් charge කළා,transaction_charged_twice,transaction_charged_twice,True
1992,එකම ට්‍රැන්සැක්ෂන් එකකට මට charges කීපයක් තියෙනවා.,transaction_charged_twice,transaction_charged_twice,True
1993,"මගේ කාඩ් payment එක duplicate වුනා වගේ. මම කලින් store එකේ pay කරන්න ගියා, එකපාර decline වුනා, දෙවෙනි පාර වැඩ කළා. ඇප් එකේ එක payment එකක් තාම pending. ඒවායින් එකක් remove කරන්නද මොකද ඒක වැරදියි, decline වුනාම පැහැදිලියි?",transaction_charged_twice,transaction_charged_twice,True
1994,මට ට්‍රැන්සැක්ෂන් එකක් කීප වතාවක් පේනවා,transaction_charged_twice,transaction_charged_twice,True
1995,"මම මේ සතියේ restaurant එකකින් දෙපාරක් charge වුනා, ඒවායින් එකක් account එකෙන් remove කරගන්න ඕනේ.",transaction_charged_twice,transaction_charged_twice,True
1996,මගේ account එකේ එකම ට්‍රැන්සැක්ෂන් එකකට වඩා තියෙනවා.,transaction_charged_twice,transaction_charged_twice,True
1997,duplicate payment එකක් පේනවා,transaction_charged_twice,transaction_charged_twice,True
1998,"මම payment එකක් කළා, ඒක එකකට වෙනුවට දෙපාරක් charge වුනා.",transaction_charged_twice,transaction_charged_twice,True
1999,එකම expense එකකට දෙපාරක් charge කළා කියලා හිතුනොත් මගේ remedies මොනවද?,transaction_charged_twice,transaction_charged_twice,True
2000,මගේ funds වල source එක verify කරන්න පුළුවන්ද?,verify_source_of_funds,verify_source_of_funds,True
2001,මගේ funds වල source එක ගැන information ඕනේ.,verify_source_of_funds,verify_source_of_funds,True
2002,මගේ funds source වෙන්නේ කොහෙන්ද?,verify_source_of_funds,verify_source_of_funds,True
2003,මගේ සල්ලි වල source එක verify කරගන්න ඕනේ,verify_source_of_funds,verify_source_of_funds,True
2004,funds එන්නේ කොහෙන්ද,verify_source_of_funds,verify_source_of_funds,True
2005,මගේ funds වල source එක මොකක්ද.,verify_source_of_funds,verify_source_of_funds,True
2006,මගේ funds source එක verify කරගන්න ඕනේ,verify_source_of_funds,verify_source_of_funds,True
2007,මගේ සල්ලි වල source එක බලාගන්න ඕනේ.,verify_source_of_funds,verify_source_of_funds,True
2008,මගේ Source of Funds ගැන මේ තරම් information ඔයාලට ඕනේ ඇයි?,verify_source_of_funds,verify_source_of_funds,True
2009,funds source එක check කරන්නේ කොහොමද?,verify_source_of_funds,verify_source_of_funds,True
2010,මගේ funds ආවේ කොහෙන්ද කියලා කියන්නේ කොහොමද?,verify_source_of_funds,verify_source_of_funds,True
2011,මගේ available funds වල source එක මොකක්ද?,verify_source_of_funds,verify_source_of_funds,True
2012,මගේ funds වල origination එක හොයාගන්න පුළුවන්ද?,verify_source_of_funds,verify_source_of_funds,True
2013,මගේ funds source එක verify කරන්න ඕනේ.,verify_source_of_funds,verify_source_of_funds,True
2014,මගේ Source of Funds verify කරන්න ඔයාලට ඕනේ information මොකක්ද?,verify_source_of_funds,verify_source_of_funds,True
2015,මගේ funds source එක verify කරන්න ඕනේ. මේක කරන්නේ කොහොමද?,verify_source_of_funds,verify_source_of_funds,True
2016,මගේ funds verify කරගන්න ඕනේ.,verify_source_of_funds,verify_source_of_funds,True
2017,funds ආවේ කොහෙන්ද කියලා check කරන්න මට උදව් කරන්න.,verify_source_of_funds,verify_source_of_funds,True
2018,funds එන්නේ කොහෙන්ද කියලා දැනගන්න ඕනේ.,verify_source_of_funds,verify_source_of_funds,True
2019,මගේ සල්ලි වල source එක මොකක්ද?,verify_source_of_funds,verify_source_of_funds,True
2020,මගේ available money වල source එක හොයාගන්නේ කොහෙද?,verify_source_of_funds,verify_source_of_funds,True
2021,funds ආවේ කොහෙන්ද කියලා lookup කරන්නේ කොහොමද?,verify_source_of_funds,verify_source_of_funds,True
2022,මගේ funds වල history එකයි ඒවා ආපු තැනයි බලන්න පුළුවන්ද?,verify_source_of_funds,verify_source_of_funds,True
2023,මගේ funds වල source එක verify කරන්න ඕනේ,verify_source_of_funds,verify_source_of_funds,True
2024,මගේ available funds වල source එක බලන්නේ කොහොමද?,verify_source_of_funds,verify_source_of_funds,True
2025,මගේ සල්ලි එන්නේ ඇයි?,verify_source_of_funds,verify_source_of_funds,True
2026,මගේ funds වල source එක validate කරගන්න ඕනේ.,verify_source_of_funds,verify_source_of_funds,True
2027,මගේ funds ආවේ කොහෙන්ද? මට දැනගන්න ඕනේ.,verify_source_of_funds,verify_source_of_funds,True
2028,මගේ available money ආවේ කොහෙන්ද?,verify_source_of_funds,verify_source_of_funds,True
2029,මගේ සල්ලි එන්නේ කොහෙන්ද කියලා ඔයාලට දැනගන්න ඕනේ ඇයි?,verify_source_of_funds,verify_source_of_funds,True
2030,මගේ සල්ලි එන්නේ කොහෙන්ද කියලා බලන්නේ කොහොමද?,verify_source_of_funds,verify_source_of_funds,True
2031,මගේ funds වල source එක check කරන්නේ කොහොමද?,verify_source_of_funds,verify_source_of_funds,True
2032,මගේ සල්ලි වල source එක බලන්නේ කොහෙද?,verify_source_of_funds,verify_source_of_funds,True
2033,"මගේ funds වල source එක මොකක්ද, verify කරන්න ඕනේ",verify_source_of_funds,verify_source_of_funds,True
2034,මගේ funds එන්නේ කොහෙන්ද?,verify_source_of_funds,verify_source_of_funds,True
2035,මගේ fund එකේ source එක check කරන්නේ කොහොමද?,verify_source_of_funds,verify_source_of_funds,True
2036,මගේ funds source එක බලන්නේ කොහොමද?,verify_source_of_funds,verify_source_of_funds,True
2037,මගේ funds එන්නේ කොහෙන්ද කියලා දැනගන්නේ කොහොමද?,verify_source_of_funds,verify_source_of_funds,True
2038,මේ සල්ලි ඔක්කොම එන්නේ කොහෙන්ද?,verify_source_of_funds,verify_source_of_funds,True
2039,මගේ funds වල source එක verify කරන්න මම මොකද කරන්න ඕනේ?,verify_source_of_funds,verify_source_of_funds,True
2040,විදේශ transfer එකකට මම බලාගෙන ඉන්න ඕනේ දවස් ගාන කීයද?,transfer_timing,exchange_rate,False
2041,US එකෙන් transfer එකකට wait time එක මොකක්ද?,transfer_timing,transfer_timing,True
2042,China එකෙන් fast transfer එකක් ඕනේ? කොච්චර fast ද වෙන්නේ?,transfer_timing,transfer_timing,True
2043,transfer එක මගේ account එකේ පේන්නේ කොච්චර ඉක්මනටද?,transfer_timing,transfer_timing,True
2044,funds account එකේ එන්න දවස් කීයක් යනවද?,transfer_timing,transfer_timing,True
2045,මගේ transfer එක go through වෙන්න කොච්චර වෙලා යනවද?,transfer_timing,transfer_not_received_by_recipient,False
2046,විදේශයෙන් transfers වලට වැඩි වෙලාවක් යනවද?,transfer_timing,transfer_not_received_by_recipient,False
2047,මට transfer එකක් කරන්න පුළුවන් වේගවත්ම විදිය මොකක්ද?,transfer_timing,failed_transfer,False
2048,transfers මගේ balance එකේ reflect වෙන්න කොච්චර වෙලා යනවද,transfer_timing,balance_not_updated_after_bank_transfer,False
2049,"මම විදේශයෙන් Bank transfer එක පටන් ගත්තොත්, process එක complete වෙන්න කොච්චර වෙලා යනවද?",transfer_timing,transfer_not_received_by_recipient,False
2050,සල්ලි මගේ account එකේ එන්න කොච්චර වෙලා යනවද?,transfer_timing,transfer_timing,True
2051,transfer එකක් මගේ account එකට ලැබෙන්නේ කවදද?,transfer_timing,transfer_timing,True
2052,මගේ transfer එක account එකට ලැබෙනවා කියලා බලාපොරොත්තු වෙන්නේ කවදද?,transfer_timing,transfer_timing,True
2053,මගේ transfer එක එකපාරටම account එකේ පේයිද?,transfer_timing,transfer_timing,True
2054,"මට China එකෙන් ඉක්මන් transfer එකක් කරන්න ඕනේ නම්, transfer එකට කොච්චර වෙලාවක් යනවා කියලා බලාපොරොත්තු වෙන්නද?",transfer_timing,transfer_timing,True
2055,සල්ලි මගේ account එකට transfer වෙන්නේ කවදද,transfer_timing,transfer_timing,True
2056,transfer එකක් account එකට ලැබෙන්න මම කොච්චර වෙලා බලාගෙන ඉන්න ඕනේද?,transfer_timing,transfer_timing,True
2057,funds US එක හරහා මගේ account එකට එන්න කොච්චර වෙලා යනවද?,transfer_timing,transfer_timing,True
2058,මගේ විදේශ transfer එකේ wait එක කොච්චර ද?,transfer_timing,transfer_timing,True
2059,US එකෙන් transfer එකකට දවස් කීයක් යනවද?,transfer_timing,transfer_timing,True
2060,US එකෙන් transfer එකකට මම කොච්චර වෙලා බලාගෙන ඉන්න ඕනේද?,transfer_timing,transfer_timing,True
2061,US transfer එකකට wait එක කොච්චර ද?,transfer_timing,transfer_timing,True
2062,සල්ලි account එකේ එන්න දවස් කීයක් යනවද?,transfer_timing,transfer_timing,True
2063,transfer එකකට කොච්චර වෙලා යනවද?,transfer_timing,transfer_timing,True
2064,US එකෙන් transfer එකකට time frame එක මොකක්ද?,transfer_timing,transfer_timing,True
2065,US transfer එකක් ලැබෙන්නේ කවදද,transfer_timing,transfer_timing,True
2066,China එකෙන් urgent transfer එකකට approximately කොච්චර වෙලා යනවද?,transfer_timing,transfer_timing,True
2067,"මම විදේශයෙන් Bank transfer එකක් initiate කළා, මේකට කොච්චර වෙලා යනවද?",transfer_timing,balance_not_updated_after_bank_transfer,False
2068,විදේශයෙන් transfers process කරන්න කොච්චර වෙලා යනවද?,transfer_timing,pending_transfer,False
2069,එක bank එකකින් තව bank එකකට funds transfer එකකට කොච්චර වෙලා යනවද?,transfer_timing,transfer_into_account,False
2070,මම urgent ව China එකට දෙයක් transfer කළොත් approximate delivery date එක මොකක්ද?,transfer_timing,transfer_timing,True
2071,මට China එකට දෙයක් පුළුවන් තරම් ඉක්මනට transfer කරන්න ඕනේ. China එකට එන්න කොච්චර වෙලා යනවද?,transfer_timing,transfer_timing,True
2072,transfer එකක් account එකට ලැබෙන්න කොච්චර වෙලා බලාගෙන ඉන්න ඕන වෙයිද?,transfer_timing,transfer_timing,True
2073,මගේ funds account එකේ පේන්න කොච්චර වෙලා යනවද?,transfer_timing,pending_top_up,False
2074,transfer එකක් යවපු වෙලාවේ ඉඳන් මගේ account එකට ලැබෙනකන් කොච්චර වෙලා යනවද?,transfer_timing,transfer_timing,True
2075,transfer එක මගේ account එකට ලැබෙන්න කොච්චර වෙලා යනවද?,transfer_timing,transfer_timing,True
2076,මගේ transfer එක විදේශයෙන් නම් කොච්චර වෙලා යනවද?,transfer_timing,pending_transfer,False
2077,China එකෙන් transfer කරන්න ඕනේ වැදගත් දෙයක් තියෙනවා. මේකට approximately කොච්චර වෙලා යනවද?,transfer_timing,transfer_timing,True
2078,China එකෙන් transfer එකකට කොච්චර වෙලා යනවද?,transfer_timing,transfer_timing,True
2079,සල්ලි මගේ account එකේ available වෙන්නේ කවදද?,transfer_timing,transfer_timing,True
2080,මගේ කාඩ් payment එක stop කරලා ඇති කියලා මම හිතනවා,reverted_card_payment?,declined_card_payment,False
2081,මගේ කාඩ් payment එක revert වුනා. ඇයි?,reverted_card_payment?,reverted_card_payment?,True
2082,ඇප් එක මගේ payment එක revert කළා,reverted_card_payment?,reverted_card_payment?,True
2083,මගේ කාඩ් payment එක cancel වුනා.,reverted_card_payment?,reverted_card_payment?,True
2084,මගේ payment එක cancel වුනේ ඇයි?,reverted_card_payment?,reverted_card_payment?,True
2085,මම payment එකක් කළා ඒත් ඇප් එක payment එක revert කළා.,reverted_card_payment?,reverted_card_payment?,True
2086,මගේ payment එක ඇප් එකෙන් revert වුනා,reverted_card_payment?,reverted_card_payment?,True
2087,"හලෝ, මගේ purchase එකට සල්ලි go through වුනා ඒත් seller ගෙන් contact වුනා ඒගොල්ලන්ට ලැබුනේ නෑ කියලා. පස්සේ සල්ලි මගේ account එකට ආපහු ආවා, ඇයි වුනේ කියලා දන්නේ නෑ. මේක resolve කරන්නද.",reverted_card_payment?,reverted_card_payment?,True
2088,මගේ කාඩ් payment එක revert වෙන circumstances මොනවද කියලා පැහැදිලි කරන්නකෝ?,reverted_card_payment?,reverted_card_payment?,True
2089,මගේ කාඩ් payment එක cancel වුනේ ඇයි?,reverted_card_payment?,reverted_card_payment?,True
2090,මගේ කාඩ් payment එක cancel වුනා කියලා කිව්වොත් මම මොකද කරන්නේ?,reverted_card_payment?,reverted_card_payment?,True
2091,සති 2කට කලින් ලැබුන item එකකට payment එකක් refund වෙලා තියෙන්නේ ඇයි කියලා දන්නේ නෑ. මොකද වෙන්නේ කියලා කියන්නද?,reverted_card_payment?,reverted_card_payment?,True
2092,purchase එකකට මගේ කාඩ් එක decline වෙනවා. කලින් items ගත්තා කාඩ් එක වැඩ කළා. ප්‍රොබ්ලම් එක මොකක්ද කියලා ඔයාලා දන්නවද?,reverted_card_payment?,declined_card_payment,False
2093,මගේ කාඩ් payment එක revert වුනේ ඇයි කියලා කියන්නද.,reverted_card_payment?,reverted_card_payment?,True
2094,approved payment එකක් කරන්න ඇප් එක refuse කළේ ඇයි,reverted_card_payment?,declined_card_payment,False
2095,මගේ කාඩ් payment එක revert වුනේ ඇයි කියලා ඔයාලා දන්නවද?,reverted_card_payment?,reverted_card_payment?,True
2096,purchase එකකට මගේ credit card එක payment එකක් cancel කළා.,reverted_card_payment?,reverted_card_payment?,True
2097,මගේ payment එක reverse වුනේ ඇයි?,reverted_card_payment?,reverted_card_payment?,True
2098,cancelled කියලා list වෙච්ච payment එකක් තියෙනවා.,reverted_card_payment?,reverted_card_payment?,True
2099,මගේ කාඩ් payment එක return වෙලා ඇති කියලා මම හිතනවා,reverted_card_payment?,reverted_card_payment?,True
2100,"seller කෙනෙක් contact වුනා මගේ සල්ලි ලැබුනේ නෑ කියලා message එකක් එක්ක. මම 100% ස්ථිරයි ඒක මගේ account එකෙන් ගත්තා කියලා, ඒ නිසා මට මේක ඉක්මනට sort කරන්න ඕනේ.",reverted_card_payment?,reverted_card_payment?,True
2101,merchant කෙනෙක් payment එක refuse කළොත් funds වලට මොකද වෙන්නේ,reverted_card_payment?,reverted_card_payment?,True
2102,"මම online purchase එකක් කරන්න try කරනවා, ඒත් මගේ කාඩ් එක වැඩ කරන්නේ නෑ. available funds තියෙනවා කියලා දන්නවා, මේක bank end එකේ issue එකක්ද?",reverted_card_payment?,failed_transfer,False
2103,මගේ කාඩ් payment එක ඇයි cancel වුනේ?,reverted_card_payment?,reverted_card_payment?,True
2104,මගේ කාඩ් payment එක revert වුනේ ඇයි?,reverted_card_payment?,reverted_card_payment?,True
2105,"issue එකක් තියෙන්න ඕනේ, මගේ කාඩ් එක cancel වුනේ ඇයි?",reverted_card_payment?,getting_spare_card,False
2106,"මම මොකක් හරි ගත්තා, සල්ලි ආපහු account එකට ආවා? ඇයි?",reverted_card_payment?,reverted_card_payment?,True
2107,මගේ account එකේ කාඩ් payment එක cancelled කියලා තියෙනවා.,reverted_card_payment?,reverted_card_payment?,True
2108,"මගේ කාඩ් payment එක cancel වුනේ ඇයි කියලා දන්නේ නෑ, ඒක හොයාගන්නද?",reverted_card_payment?,reverted_card_payment?,True
2109,මගේ කාඩ් payment එක cancel වෙන්න හේතුව මොකක්ද?,reverted_card_payment?,reverted_card_payment?,True
2110,"හලෝ, inquiry එකකට claim එකක් file කරගන්න ඕනේ. මම මේ company එකේ නිතර customer කෙනෙක්, purchases, payments, කිසි එකකවත් ප්‍රොබ්ලමයක් වුනේ නෑ. ඒත් සති කීපයකට කලින් ගත්ත item එකකට deduct කරපු ගාන මගේ checking account එකට ආපහු ආවා. මගේ payment එකට issue එකක් තිබුනාද? item එක දැනටමත් ලැබිලා තියෙනවා.",reverted_card_payment?,reverted_card_payment?,True
2111,මගේ කාඩ් payment එක ඇයි revert වුනේ?,reverted_card_payment?,reverted_card_payment?,True
2112,ඇප් එක payment එකක් revert කරන්නේ ඇයි?,reverted_card_payment?,reverted_card_payment?,True
2113,මම payment එකක් කළා ඒත් ඇප් එක ඒක revert කළා,reverted_card_payment?,reverted_card_payment?,True
2114,merchant කෙනෙක් payment එකක් accept නොකළොත් මොකද වෙන්නේ?,reverted_card_payment?,reverted_card_payment?,True
2115,මගේ කාඩ් එකට cancel වුන payment එකක් තිබුනා.,reverted_card_payment?,reverted_card_payment?,True
2116,item එකකට pay කරන්න මගේ ට්‍රැන්සැක්ෂන් එක account එකට ආපහු ආවා.,reverted_card_payment?,reverted_card_payment?,True
2117,කවුරු හරි මගේ payment එක නවත්තුවා,reverted_card_payment?,reverted_card_payment?,True
2118,මගේ කාඩ් payment එක cancel වුනොත් මම මොකද කරන්න ඕනේ?,reverted_card_payment?,reverted_card_payment?,True
2119,payment එක return වුනේ ඇයි?,reverted_card_payment?,reverted_card_payment?,True
2120,මොන cash machines වලින්ද මගේ PIN එක වෙනස් කරගන්න පුළුවන්?,change_pin,change_pin,True
2121,මගේ PIN එක වෙනස් කරන්නේ කොහෙද?,change_pin,get_physical_card,False
2122,මගේ PIN එක වෙනස් කරන්න පුළුවන් තැන bank එක විතරද?,change_pin,get_physical_card,False
2123,"මම විදේශයේ ඉන්නවා නම්, මගේ pin එක වෙනස් කරන්නේ කොහොමද?",change_pin,get_physical_card,False
2124,ATM එකේදි මගේ PIN එක වෙනස් කරගන්න පුළුවන්ද?,change_pin,change_pin,True
2125,මගේ PIN එක වෙනස් කරගන්නේ කොහොමද?,change_pin,change_pin,True
2126,මට මගේ PIN එක වෙනස් කරගන්න ඕනේ ඒත් මම දැන් රට ඇතුලේ නෑ.,change_pin,change_pin,True
2127,මගේ කාඩ් PIN එක වෙනස් කරගන්න ඕනේ.,change_pin,change_pin,True
2128,මට අලුත් PIN එකක් set කරගන්න ඕනේ,change_pin,change_pin,True
2129,"මට PIN එක ඉක්මනට වෙනස් කරගන්න ඕනේ, ඒත් මම දැන් විදේශයේ vacation එකේ ඉන්නේ. මේක කරන්නේ කොහොමද?",change_pin,change_pin,True
2130,"මට අලුත් Pin එකක් ඕනේ, ඒක කරන්නේ කොහොමද?",change_pin,change_pin,True
2131,මගේ PIN එක වෙනස් කරගන්න ළඟින් location එකක් තියෙනවද?,change_pin,change_pin,True
2132,මොන ATM එකෙන්ද මගේ pin එක වෙනස් කරගන්න පුළුවන්?,change_pin,change_pin,True
2133,මට අලුත් PIN එකක් තෝරගන්න ඕනේ.,change_pin,change_pin,True
2134,අලුත් pin එකක් set කරන්නේ කොහොමද?,change_pin,change_pin,True
2135,මගේ PIN එක අලුත් number එකකට update කරන්නේ කොහොමද?,change_pin,change_pin,True
2136,මගේ pin එක වෙනස් කරන්නේ කොහොමද?,change_pin,get_physical_card,False
2137,මගේ අලුත් pin එක set කරන්න ඕනේ.,change_pin,get_physical_card,False
2138,මට වෙනස් PIN එකක් තෝරගන්න ඕනේ.,change_pin,change_pin,True
2139,මට මගේ pin එක වෙනස් කරගන්න ඕනේ.,change_pin,change_pin,True
2140,ඕනම cash machines එකකින් මගේ PIN එක වෙනස් කරගන්න පුළුවන්ද?,change_pin,change_pin,True
2141,මම තව සති 2ක් ට්‍රැවල් කරනවා ඒත් මගේ PIN එක ASAP වෙනස් කරගන්න ඇත්තටම ඕනේ. මම මොකද කරන්නේ?,change_pin,change_pin,True
2142,මගේ PIN එක වෙනස් කරගන්න ඕනේ. cash machine එකකදි ඒක කරන්න පුළුවන්ද?,change_pin,change_pin,True
2143,cash machines මගේ pin එක වෙනස් කරගන්න ඉඩ දෙනවද?,change_pin,change_pin,True
2144,මගේ PIN එක වෙනස් කරන්නේ කොහොමද?,change_pin,get_physical_card,False
2145,මට මගේ PIN එක වෙනස් කරගන්න ඕනේ.,change_pin,change_pin,True
2146,මට වෙනස් card pin එකක් ලබාගන්න පුළුවන්ද,change_pin,get_physical_card,False
2147,මගේ PIN එක වෙනස් කරන්න මම මොකද කරන්න ඕනේ?,change_pin,change_pin,True
2148,අලුත් PIN එකක් set කරගන්න මට උදව් කරන්නද?,change_pin,change_pin,True
2149,මගේ PIN එක වෙනස් කරගන්න ඉඩ දෙන cash machines මොනවද?,change_pin,change_pin,True
2150,"මම දැන් Austria එකේ ඉන්නේ. මගේ PIN එක ASAP වෙනස් කරගන්න ඕනේ, එතකොට මට මෙතනින් තවම ඒක කරන්න පුළුවන්ද?",change_pin,change_pin,True
2151,මගේ PIN එක වෙනස් කරන්න instructions හොයාගන්නේ කොහෙද?,change_pin,get_physical_card,False
2152,මගේ pin එක වෙනස් කරගන්න ඕනේ ඒත් මම road එකේ ඉන්නේ.,change_pin,change_pin,True
2153,මගේ account එකේ PIN එක update කරන්නේ කොහොමද?,change_pin,change_pin,True
2154,මට අලුත් PIN එකක් ඕනේ.,change_pin,change_pin,True
2155,මගේ pin එක වෙනස් කරන්නේ කොහොමද කියලා පෙන්නන්නද?,change_pin,get_physical_card,False
2156,මගේ pin එක වෙනස් කරගන්න ඉඩ දෙන cash machines මොනවද කියලා කියන්නකෝ.,change_pin,change_pin,True
2157,මගේ කාඩ් PIN එක වෙනස් කරන්න මම මොන steps ගන්න ඕනේද?,change_pin,get_physical_card,False
2158,මගේ කාඩ් එකේ PIN එක වෙනස් කරන්නේ කොහොමද?,change_pin,get_physical_card,False
2159,PIN එක වෙනස් කරන්නේ කොහොමද? ඇත්තටම bank එකකට යන්න ඕනේද?,change_pin,change_pin,True
2160,මම funds transfer එකක් submit කරන්න කීප වතාවක්ම try කළා. ඒක go through වෙන්නේ නැත්තේ ඇයි?,beneficiary_not_allowed,failed_transfer,False
2161,"මම කලින් ප්‍රොබ්ලමයක් නැතුව සල්ලි transfer කළා, ඒත් දැන් ඒක possible නෑ කියලා error එකක් එනවා. ඇයි ඒක?",beneficiary_not_allowed,beneficiary_not_allowed,True
2162,මට account එකකට transfer එකක් කරන්න බෑ,beneficiary_not_allowed,beneficiary_not_allowed,True
2163,මට වෙනත් account එකකට transfer එකක් කරන්න බැරි වුනා.,beneficiary_not_allowed,beneficiary_not_allowed,True
2164,මගේ transfer එකක් block වුනා,beneficiary_not_allowed,pin_blocked,False
2165,"මේ exchange එකට උදව් කරන්නද? මම crypto ගන්න try කරනවා, ඇප් එක ඉඩ දෙන්නේ නෑ.",beneficiary_not_allowed,beneficiary_not_allowed,True
2166,account එකකට successful ව transfer එකක් කරන්නේ කොහොමද?,beneficiary_not_allowed,transfer_into_account,False
2167,මගේ transfer එක possible නෑ කියලා message එකක් ලැබුනේ ඇයි? මම මේක කලින් ප්‍රොබ්ලමයක් නැතුව කළා. ප්ලීස් fix කරන්නකෝ.,beneficiary_not_allowed,beneficiary_not_allowed,True
2168,"හෙයි මට crypto ටිකක් ගන්න ඕනේ ඒත් ඇප් එකෙන් ඉඩ දෙන්නේ නෑ! issue එක මොකක්ද, මට ඇත්තටම මේක exchange කරන්න ඕනේ",beneficiary_not_allowed,beneficiary_not_allowed,True
2169,"මම සල්ලි transfer කරන්න try කළා ඒත් possible නෑ කියලා කිව්වා? මම මේක කලින් කළා වැඩ කළා, දැන් වැඩ නොකරන්නේ ඇයි?",beneficiary_not_allowed,beneficiary_not_allowed,True
2170,beneficiary කෙනෙකුට transfer කරන්න බැරි ඇයි?,beneficiary_not_allowed,beneficiary_not_allowed,True
2171,beneficiary කෙනෙකුට transfer කරන්න මට ප්‍රොබ්ලම් තියෙනවා.,beneficiary_not_allowed,beneficiary_not_allowed,True
2172,ඔයාලගේ ඇප් එකේ cryptocurrency නැති එකේ deal එක මොකක්ද?,beneficiary_not_allowed,beneficiary_not_allowed,True
2173,මගේ transfer එක go through නොවෙන්නේ ඇයි? මට error message එකක් හැමවෙලේම එනවා.,beneficiary_not_allowed,beneficiary_not_allowed,True
2174,beneficiary කෙනෙකුට transfer කරන්න rules මොනවද?,beneficiary_not_allowed,beneficiary_not_allowed,True
2175,beneficiary කෙනෙකුට සල්ලි transfer කරන්න පුළුවන්ද?,beneficiary_not_allowed,beneficiary_not_allowed,True
2176,"මම කීප වතාවක්ම සල්ලි transfer කරන්න try කළා. error message එකක් විතරයි ලැබෙන්නේ. මොකද වෙන්නේ, මේක fix කරන්නේ කොහොමද කියලා කියන්නද?",beneficiary_not_allowed,beneficiary_not_allowed,True
2177,go through නොවෙන cryptocurrency exchange එකක් තියෙනවා. ඒක process කරන්න මට උදව් කරන්නද.,beneficiary_not_allowed,beneficiary_not_allowed,True
2178,වෙනත් account එකකට transfer කරන්න බැරි වුනේ ඇයි?,beneficiary_not_allowed,beneficiary_not_allowed,True
2179,beneficiary කෙනෙකුට සල්ලි transfer වුනේ නෑ.,beneficiary_not_allowed,beneficiary_not_allowed,True
2180,දැන් මට funds transfer කරන්න ඉඩ නොදෙන්නේ ඇයි? error message එකක් විතරයි ලැබෙන්නේ.,beneficiary_not_allowed,beneficiary_not_allowed,True
2181,මට account එකකට transfer එකක් කරන්න බැරි වුනා,beneficiary_not_allowed,beneficiary_not_allowed,True
2182,account එකකට transfer එකක් allow කළේ නෑ,beneficiary_not_allowed,beneficiary_not_allowed,True
2183,මගේ transfer එක possible නෑ කියලා error message එකක් ලැබුනේ ඇයි?,beneficiary_not_allowed,beneficiary_not_allowed,True
2184,beneficiary කෙනෙකුට transfer කරන්න බැරි ඇයි කියලා පැහැදිලි කරන්නද.,beneficiary_not_allowed,beneficiary_not_allowed,True
2185,beneficiary කෙනෙකුට මගේ transfer එක go through වුනේ නෑ,beneficiary_not_allowed,beneficiary_not_allowed,True
2186,මගේ transfer එක go through වෙන්නේ නැත්තේ ඇයි? possible නෑ කියලා message එකක් ලැබෙනවා. කලින් ප්‍රොබ්ලමයක් වුනේ නෑ.,beneficiary_not_allowed,beneficiary_not_allowed,True
2187,beneficiary කෙනෙකුට transfer එකක් කරන්න බැරි වුනා!,beneficiary_not_allowed,beneficiary_not_allowed,True
2188,"මගේ beneficiary එක denied වෙලා, මේක normal ද?",beneficiary_not_allowed,beneficiary_not_allowed,True
2189,"මම crypto exchange කරන්න try කරනවා, වැඩ කරන්නේ නෑ. මේක fix කරන්නේ කොහොමද කියලා කියන්නද.",beneficiary_not_allowed,beneficiary_not_allowed,True
2190,මම try කරපු account transfer එක fail වුනා.,beneficiary_not_allowed,failed_transfer,False
2191,"මගේ beneficiary එකට ඉඩ දෙන්නේ නෑ, ප්ලීස් ඇයි කියලා කියන්නද?",beneficiary_not_allowed,beneficiary_not_allowed,True
2192,beneficiary කෙනෙකුට transfer කරන්න බැරි වුනේ ඇයි?,beneficiary_not_allowed,beneficiary_not_allowed,True
2193,beneficiary කෙනෙකුට transfer කරන්න මට බැරි වෙන්නේ ඇයි?,beneficiary_not_allowed,beneficiary_not_allowed,True
2194,මට beneficiary කෙනෙකුට සල්ලි transfer කරන්න ඕනේ. බැරි ඇයි?,beneficiary_not_allowed,beneficiary_not_allowed,True
2195,account එකකට transfer එකකට උදව් කරන්නද,beneficiary_not_allowed,transfer_timing,False
2196,මගේ account එක transfers allow කරන්නේ නැත්තේ ඇයි,beneficiary_not_allowed,beneficiary_not_allowed,True
2197,"මට cryptocurrency ගන්න ඕනේ, ඒත් ඔයාලගේ ඇප් එකෙන් ඉඩ දෙන්නේ නෑ. ඇයි?",beneficiary_not_allowed,beneficiary_not_allowed,True
2198,මම beneficiary කෙනෙකුට transfer එකක් කරන්න try කළා go through වුනේ නෑ,beneficiary_not_allowed,beneficiary_not_allowed,True
2199,account එකකට transfer එකක් allow නොකළේ ඇයි?,beneficiary_not_allowed,beneficiary_not_allowed,True
2200,"මම transfer එකක් කරද්දි, fee එකක් තිබුනා. ඇයි?",transfer_fee_charged,transfer_fee_charged,True
2201,මගේ transfer එකට ෆී එකක් අයකළා.,transfer_fee_charged,extra_charge_on_statement,False
2202,transfer කරන්න ෆී එකක් අයකරන්න හේතුවක් තියෙනවද?,transfer_fee_charged,extra_charge_on_statement,False
2203,transfer කරන එකට විතරක් charge කළේ ඇයි?,transfer_fee_charged,transfer_fee_charged,True
2204,transfer එකක් කරන්න මට ගෙවන්න ඕනේ වුනා,transfer_fee_charged,top_up_by_bank_transfer_charge,False
2205,transfer fee charge එක මොකක්ද?,transfer_fee_charged,transfer_fee_charged,True
2206,සල්ලි transfer කරන්න මට අමතර charge කළේ ඇයි?,transfer_fee_charged,transfer_fee_charged,True
2207,මම මේ transfer fee එක ගෙවන්නේ නෑ,transfer_fee_charged,transfer_fee_charged,True
2208,"මට transfer fee එකක් charge කරනවා, ඒවා free නෙවෙයිද?",transfer_fee_charged,transfer_fee_charged,True
2209,fees වලට කලින් මට transfer කරන්න පුළුවන් maximum එක මොකක්ද?,transfer_fee_charged,top_up_limits,False
2210,"මට transfer fees 2ක් ලැබුනා, මම හිතුවේ transfers free කියලා.",transfer_fee_charged,transfer_fee_charged,True
2211,සල්ලි transfer කරන්න මට fee එකක් charge කරන්නේ ඇයි?,transfer_fee_charged,transfer_fee_charged,True
2212,transfers වලට fees charge කරනවද?,transfer_fee_charged,top_up_by_bank_transfer_charge,False
2213,"මම මෑතක විදේශයේ ඉන්නකොට අලුත් තැනක් ගත්තා, payments manage කරන්න මේ account එක පාවිච්චි කරනවා, ඒත් fees වැඩි වෙනවා. මේ අමතර fees ආවේ කොහෙන්ද?",transfer_fee_charged,card_payment_fee_charged,False
2214,"හලෝ, මට උදව් කරන්නකෝ, මම amount එකක් transfer කළා ඒත් receiver ට එකම amount එක ලැබුනේ නෑ. ටිකක් අඩුවෙන් ලැබුනා. ඒ නිසා ආයෙත් difference එක transfer කරන්න ඕනේ. beneficiary ගේ account එකට අඩුවෙන් credit වෙලා. දැන් මට difference එකේ ගාන transfer කරන්න ඕනේ. මොකක් හරි issue එකක් තියෙනවා කියලා මම හිතනවා, check කරන්නද.",transfer_fee_charged,transfer_fee_charged,True
2215,"online මම ගත්ත දෙයකට මට charge කළේ ඇයි? international එකක් වුනත්, cover වෙනවා කියලා මම හිතුවේ.",transfer_fee_charged,transaction_charged_twice,False
2216,transfer කරද්දි අමතර charges තිබුනේ ඇයි?,transfer_fee_charged,transfer_fee_charged,True
2217,මම transfer කරද්දි වැඩිපුර charge කළා!,transfer_fee_charged,transfer_fee_charged,True
2218,transfer fee එකක් තියෙනවද?,transfer_fee_charged,transfer_fee_charged,True
2219,funds transfer කරන්න මට අමතර ෆී එකක් අයකළේ ඇයි කියලා දන්නේ නෑ.,transfer_fee_charged,extra_charge_on_statement,False
2220,"transfers free කියලා මම හිතුවේ, fee එකක් අයකළේ ඇයි?",transfer_fee_charged,transfer_fee_charged,True
2221,"මගේ receipt එකේ transfer එකට අමතර charge එකක් තියෙනවා, ඇයි මේක?",transfer_fee_charged,transfer_fee_charged,True
2222,"මම මේ transfer එක කරද්දි ෆී එකක් අයකළා, ඒක වෙන්න ඕනේ නෑ කියලා මම හිතනවා!",transfer_fee_charged,extra_charge_on_statement,False
2223,"මම සල්ලි එව්වා, transfer කරන්න අමතර charge කළා. ඇයි?",transfer_fee_charged,transfer_fee_charged,True
2224,transfer fee එකක් මට ඇයි පේන්නේ?,transfer_fee_charged,transfer_fee_charged,True
2225,මම transfer එකක් කරද්දි අමතර charge එකක් තිබුනා.,transfer_fee_charged,top_up_by_bank_transfer_charge,False
2226,මොකද වෙන්නේ කියලා කවුරු හරි මට alert කරන්න ඕනේ. මම amount එකක් transfer කළා ඒත් receiver කියන්නේ amount එක මම එව්වට වඩා ටිකක් අඩුයි කියලා. දැන් මට difference එකට තව transfer එකක් කරන්න ඕනේ.,transfer_fee_charged,transfer_fee_charged,True
2227,"මගේ transfer එකට ෆී එකක් charge කළා, ඇයි?",transfer_fee_charged,transfer_fee_charged,True
2228,මගේ transfer එකට fee එකක් තිබුනේ ඇයි?,transfer_fee_charged,transfer_fee_charged,True
2229,මගේ transfer එකට fees charge කළේ ඇයි?,transfer_fee_charged,transfer_fee_charged,True
2230,මම කරපු transfer එකකට fee එකක් තියෙන්න ඕනේද?,transfer_fee_charged,transfer_fee_charged,True
2231,පසුගිය මාසේ මගේ අලුත් holiday villa එකේ payments manage කරන්න මම නිතරම මේ account එක පාවිච්චි කළා. දැන් එකපාරටම ඔයාලගේ fees ගොඩක් වැඩි වෙලා! frequent users ලට rewards programme එකක් නැද්ද?,transfer_fee_charged,transfer_fee_charged,True
2232,transfer එකකට මට ෆී එකක් අයකළේ ඇයි?,transfer_fee_charged,extra_charge_on_statement,False
2233,මොන අමතර charges ද තියෙන්නේ?,transfer_fee_charged,transaction_charged_twice,False
2234,"මට transfers free ව කරන්න පුළුවන් කියලා දන්නවා. ඒක මට වටිනා දෙයක් වුනා. විදේශයෙන් online දෙයක් ගත්තට පස්සේ මට ෆී එකක් charge කරලා දැක්කා? මේක මොකක්ද, ඒක ඉවත් කරගන්න පුළුවන්ද?",transfer_fee_charged,transfer_fee_charged,True
2235,"මම සල්ලි transfer කළා charge කළා, ඇයි කියලා දැනගන්න ඕනේ.",transfer_fee_charged,transfer_fee_charged,True
2236,මම බලාපොරොත්තු නොවුන දෙයකට charge කළා,transfer_fee_charged,card_payment_not_recognised,False
2237,"මම China එකේ site එකකින් makeup ටිකක් ගත්තා, transfers කරද්දි fee එකක් නෑ කියලා මම හිතුවා. දැන් මේ fee එක මට ඇයි පේන්නේ? මම මේකට ගොඩක් අසතුටුයි.",transfer_fee_charged,card_payment_fee_charged,False
2238,"සල්ලි transfer කරද්දි මට අමතර ෆී එකක් charge කළා, ඇයි මට charge කළේ?",transfer_fee_charged,transfer_fee_charged,True
2239,transfer fee එක මට පැහැදිලි කරන්නද?,transfer_fee_charged,transfer_fee_charged,True
2240,මේකෙන් salary එක ලැබෙනවද?,receiving_money,receiving_money,True
2241,වෙනස් කරන්සියකින් pay කරගන්නේ කොහොමද?,receiving_money,receiving_money,True
2242,deposit වුන කරන්සියෙන් වෙනස් කරන්සියකින් මගේ salary එක ලබාගන්න පුළුවන්ද?,receiving_money,receiving_money,True
2243,මගේ salary එක මේකෙන් ලබාගන්න පුළුවන්ද?,receiving_money,receiving_money,True
2244,කවුරු හරි මට සල්ලි එවන්නේ කොහොමද?,receiving_money,receiving_money,True
2245,මගේ salary එක USD වලින් ලබාගන්න ප්‍රොබ්ලමයක් තියෙනවද?,receiving_money,receiving_money,True
2246,මගේ salary එක හරියට deposit වෙන්න LKR තෝරගන්න ඕනේද?,receiving_money,receiving_money,True
2247,"මට salary එක ලැබෙන්නේ LKR වලින්. මේක configure කරන්න ඕනේද, තියෙනවනම් කොහෙද?",receiving_money,receiving_money,True
2248,මට වෙනස් කරන්සියකින් සල්ලි ගන්න පුළුවන්ද?,receiving_money,fiat_currency_support,False
2249,මගේ salary එක ලබාගන්න මේක පාවිච්චි කරන්න පුළුවන්ද?,receiving_money,receiving_money,True
2250,මගේ salary එක LKR විදියට ලැබෙනවා. මේක configure කරන්න මොකක් හරි specific එකක් කරන්න ඕනේද?,receiving_money,receiving_money,True
2251,අනිත් අය මට සල්ලි එවන්නේ කොහොමද?,receiving_money,receiving_money,True
2252,LKR එක support වෙන කරන්සියක්ද?,receiving_money,fiat_currency_support,False
2253,transfer එකකට කලින් මට LKR වලින් pay කරනවා කියලා establish කරන්න ඕනේද?,receiving_money,receiving_money,True
2254,"LKR වලින් salary එකක් ලැබිලා, ඒක වෙන තැනක configure කරන්න ඕනේද?",receiving_money,receiving_money,True
2255,මගේ salary එක account එකට ලබාගන්නේ කොහොමද?,receiving_money,receiving_money,True
2256,අනිත් අයට මට සල්ලි transfer කරන්න පුළුවන් විදි මොනවද?,receiving_money,receiving_money,True
2257,කවුරු හරි මට සල්ලි එවන්න පුළුවන් වෙනස් විදි මොනවද?,receiving_money,receiving_money,True
2258,මගේ paycheck එක account එකට transfer කරන්න මම මොකද කරන්න ඕනේ?,receiving_money,receiving_money,True
2259,මගේ යාළුවට මට සල්ලි එවන්නේ කොහොමද?,receiving_money,receiving_money,True
2260,මගේ salary එක කෙලින්ම මෙතනට transfer කරන්න පුළුවන්ද?,receiving_money,receiving_money,True
2261,මගේ salary එක ලබාගන්න මේකෙන් පුළුවන්ද?,receiving_money,receiving_money,True
2262,LKR වලින් සල්ලි deposit කරන්න පුළුවන්ද?,receiving_money,receiving_money,True
2263,මට LKR වලින් salary එක ලැබුනා. මේක මගේ කරන්සියට වෙනස් කරන්නේ කොහොමද?,receiving_money,receiving_money,True
2264,මගේ යාළුවට මට සල්ලි transfer කරන්නේ කොහොමද?,receiving_money,receiving_money,True
2265,මගේ යාළුවෝට මට සල්ලි එවන්න පුළුවන්ද?,receiving_money,receiving_money,True
2266,මගේ paycheck එක මේ account එකට deposit කරන්නේ කොහොමද?,receiving_money,receiving_money,True
2267,මගේ salary එක ලබාගන්න මේ account එක පාවිච්චි කරන්න පුළුවන්ද?,receiving_money,receiving_money,True
2268,මගේ salary එක මේ account එකට deposit කරන්න පුළුවන්ද?,receiving_money,receiving_money,True
2269,මගේ salary එක මේ account එකෙන් ලබාගන්නේ කොහොමද?,receiving_money,receiving_money,True
2270,මට salary එක වෙනස් කරන්සියකින් ඕනේ නම් මොකද වෙන්නේ?,receiving_money,receiving_money,True
2271,මට LKR වලින් salary එක ලැබෙනවා. මේක කොහෙන් හරි configure කරන්න ඕනේද?,receiving_money,receiving_money,True
2272,මගේ salary එකට මේක පාවිච්චි කරන්න පුළුවන්ද කියලා ඔයාලා දන්නවද?,receiving_money,receiving_money,True
2273,මගේ paycheck එක මේකෙන් ලබාගන්නේ කොහොමද?,receiving_money,receiving_money,True
2274,මගේ salary එක වෙනස් කරන්සියකින් නම් transfer කරන්න පුළුවන්ද?,receiving_money,receiving_money,True
2275,මට වෙනස් කරන්සියකින් pay කරගන්න පුළුවන්ද?,receiving_money,receiving_money,True
2276,මගේ salary එකට මේක eligible ද?,receiving_money,receiving_money,True
2277,මගේ salary එක LKR වලින්; ඇප් එකේ මේක note කරන්නේ කොහොමද?,receiving_money,receiving_money,True
2278,මට වෙන කරන්සියකින් pay කරගන්න පුළුවන්ද?,receiving_money,receiving_money,True
2279,මගේ paycheck එක මෙතනින් ලබාගන්න පුළුවන්ද?,receiving_money,receiving_money,True
2280,transfer එක fail වුනේ ඇයි කියලා තේරෙන්නේ නෑ,failed_transfer,failed_transfer,True
2281,"ප්ලීස් transfer එකක් කරන්න මට උදව් කරන්නකෝ. මට error එකක් හැමවෙලේම එනවා, මම ගන්න flat එකකට initial mortgage payment එක කරන්න try කරන්නේ. මෙතන deal එක මොකක්ද?",failed_transfer,failed_transfer,True
2282,මගේ transfer එක වැඩ කළේ නෑ,failed_transfer,failed_transfer,True
2283,"ඔයාලගේ system එක fix කරන්න. මට transfers කරන්න බෑ, දැනටමත් 5 වතාවක් try කළා.",failed_transfer,failed_transfer,True
2284,මගේ transfer එක fail වුනේ ඇයි කියලා කියන්නකෝ!,failed_transfer,failed_transfer,True
2285,මගේ transfer එක go through වුනේ නෑ.,failed_transfer,failed_transfer,True
2286,transfer එකක් complete කරන්න මට බැරි වුනේ ඇයි?,failed_transfer,failed_transfer,True
2287,මොකද වෙන්නේ කියලා හොයාගන්න මට උදව් කරන්නද? මම යාළුවෙක්ට සල්ලි transfer කරන්න try කරනවා ඒත් ආපහු එනවා. මම මොකද වැරදියට කරන්නේ කියලා දන්නේ නෑ.,failed_transfer,transfer_not_received_by_recipient,False
2288,මගේ transfer එක go through නොවුනේ ඇයි?,failed_transfer,failed_transfer,True
2289,මගේ transfer එක go through වුනේ නැහැ.,failed_transfer,failed_transfer,True
2290,"මගේ transfer එක හරියට වෙන්න බැරි වුනා, ඇයි කියලා හිතුවා?",failed_transfer,failed_transfer,True
2291,මගේ transfer එක වැඩ නොකළේ ඇයි,failed_transfer,failed_transfer,True
2292,"මම funds transfer කළා, ඒක go through නොවුනේ ඇයි?",failed_transfer,failed_transfer,True
2293,මගේ transfer එක fail වුනේ ඇයි?,failed_transfer,failed_transfer,True
2294,මගේ transfer එක ඇයි fail වුනේ?,failed_transfer,failed_transfer,True
2295,මගේ transfer එක ඇයි කරලා නැත්තේ?,failed_transfer,failed_transfer,True
2296,මගේ transfer එක go through වෙන්නේ නෑ.,failed_transfer,failed_transfer,True
2297,"මගේ transfer එක fail වෙනවා, මට සල්ලි transfer කරන්න විතරයි ඕනේ, ප්ලීස් ඒක වැඩ කරවන්නද?",failed_transfer,failed_transfer,True
2298,"transfer එක fail වෙනවා, අද උදේ මම යාළුවන්ට සල්ලි ටිකක් transfer කරන්න try කළා ඒත් මොකද හරි හේතුවක් නිසා reject වෙනවා. ප්ලීස් issue එක check කරන්නද?",failed_transfer,failed_transfer,True
2299,transfer එකක් fail වෙන්නේ ඇයි?,failed_transfer,failed_transfer,True
2300,card transfers සඳහා ඔයාලගේ policies මොනවද?,failed_transfer,top_up_by_bank_transfer_charge,False
2301,system එක down ද? මම transfer එකක් කරන්න try කරමින් fail වෙනවා?,failed_transfer,failed_transfer,True
2302,මම transfer එකක් කරන්න try කළා ඒත් fail වුනා,failed_transfer,failed_transfer,True
2303,transfer එකක් complete කරගන්න මට බැරි වුනේ ඇයි?,failed_transfer,failed_transfer,True
2304,මගේ transfer එක වැඩ කළේ නෑ වගේ.,failed_transfer,failed_transfer,True
2305,මගේ සල්ලි transfer වීම නවත්තන්නේ මොකක්ද?,failed_transfer,cancel_transfer,False
2306,"හලෝ, මම flat එකක් ගන්නවා, මගේ mortgage එක go through කරන්න try කරනවා. හැම වතාවක්ම check කරද්දි error message එකක් විතරයි ලැබෙන්නේ. මේ සල්ලි transfer කරගන්න මට උදව් කරන්න පුළුවන්ද? ස්තූතියි!",failed_transfer,failed_transfer,True
2307,මගේ transfer attempt එක fail වුනා.,failed_transfer,failed_transfer,True
2308,"මට successful ව transfer එකක් කරන්න බෑ වගේ, මම මොකද වැරදියට කරන්නේ කියලා කියන්නද?",failed_transfer,failed_transfer,True
2309,"මගේ transactions ඔක්කොම fail වෙනවා, යාළුවන්ට සල්ලි transfer කරන්න issue එකක් continuous ව face කරනවා, උදව් කරන්නද.",failed_transfer,failed_transfer,True
2310,"මම transfer එකක් කරන්න try කරනවා unsuccessful, ප්ලීස් ඇයි කියලා කියන්නද?",failed_transfer,failed_transfer,True
2311,මගේ transfer එක වැඩ වුනා වගේ නෑ.,failed_transfer,failed_transfer,True
2312,"මම දැන් standard transfer එකක් 5 වතාවක්ම try කරමින් ඉන්නවා. මොකද වෙන්නේ, ඔයාලගේ system එක කැඩිලාද?!",failed_transfer,failed_transfer,True
2313,මගේ transfer එකට උදව් කරන්න,failed_transfer,declined_transfer,False
2314,මගේ transfer එක complete කරන්න බෑ කියලා කියනවා?,failed_transfer,failed_transfer,True
2315,මගේ transfer එක fail වුනේ ඇයි කියලා කියන්නද?,failed_transfer,failed_transfer,True
2316,මගේ transfer එක go through වුනේ නෑ?,failed_transfer,failed_transfer,True
2317,මම හරිම standard transfer එකක් try කළා 5 වතාවක් දැනට. issue එක මොකක්ද කියන්නද? system එක down ද?,failed_transfer,failed_transfer,True
2318,මගේ transfer එක වැඩ නොකළේ ඇයි කියලා reason එකක් දෙන්න පුළුවන්ද?,failed_transfer,failed_transfer,True
2319,මම සල්ලි transfer කරන්න try කළා ඒක වැඩ කළේ නෑ.,failed_transfer,failed_transfer,True
2320,මට සල්ලි ඉවර නිසා account එකට අමතර සල්ලි දාන්න bank transfer එකක් කරන්න පුළුවන්ද?,transfer_into_account,transfer_into_account,True
2321,"මගේ සල්ලි ඉවර, මගේ bank එකෙන් සල්ලි add කරන්න පුළුවන්ද?",transfer_into_account,top_up_reverted,False
2322,මගේ account එකට සල්ලි transfer කරන්නේ කොහොමද?,transfer_into_account,transfer_into_account,True
2323,"මගේ account එක top up කරන්නේ කොහොමද කියලා තේරෙන්නේ නෑ, process එක පැහැදිලි කරන්නද?",transfer_into_account,topping_up_by_card,False
2324,money transfer process එක තේරෙන්නේ නෑ.,transfer_into_account,transfer_into_account,True
2325,"මට මගේ account එකට සල්ලි transfer කරන්න ඕනේ, ඒක කරන්නේ කොහොමද?",transfer_into_account,transfer_into_account,True
2326,මගේ account එකට සල්ලි transfer කරන්න මම මොකද කරන්න ඕනේ?,transfer_into_account,transfer_into_account,True
2327,මම මොකද කරන්නේ කියලා දන්නේ නෑ. funds transfer කරන්න ඕනේද. මගේ account එකේ සල්ලි නෑ.,transfer_into_account,transfer_into_account,True
2328,මගේ bank account එකෙන් කෙලින්ම කාඩ් එකට funds add කරන්න පුළුවන්ද?,transfer_into_account,transfer_into_account,True
2329,මගේ account එකට සල්ලි transfer කරන එක වැඩ කරන්නේ කොහොමද?,transfer_into_account,transfer_into_account,True
2330,මට BANK ACCOUNT එකට සල්ලි TRANSFER කරන්නේ කොහොමද කියලා දැනගන්න ඕනේ. ප්ලීස් උදව් කරන්න,transfer_into_account,transfer_into_account,True
2331,මට වෙනත් bank account එකකින් සල්ලි මේකට transfer කරගන්න ඕනේ.,transfer_into_account,transfer_into_account,True
2332,"මට account එකට සල්ලි transfer කරන්න ඕනේ නම්, ඒක කරන්නේ කොහොමද?",transfer_into_account,transfer_into_account,True
2333,මට account එකට funds transfer කරන්න ඕනේ. ඒක කරන්නේ කොහොමද?,transfer_into_account,transfer_into_account,True
2334,මගේ account එකට සල්ලි transfer කරන්න මම follow කරන්න ඕනේ steps මොනවද?,transfer_into_account,transfer_into_account,True
2335,මගේ bank එකෙන් මගේ top up account එකට funds transfer කරන්නේ කොහොමද?,transfer_into_account,transfer_into_account,True
2336,bank transfer එකක් පාවිච්චි කරලා account එක top කරගන්න ඕනේ. ඒක වැඩ කරන්නේ කොහොමද?,transfer_into_account,transfer_into_account,True
2337,මගේ funds account එකට transfer කරන්නේ කොහොමද?,transfer_into_account,transfer_into_account,True
2338,මගේ කාඩ් එක top up කරන්නේ කොහොමද?,transfer_into_account,topping_up_by_card,False
2339,පිටත bank එකකින් සල්ලි transfer කරන්නේ කොහොමද?,transfer_into_account,transfer_into_account,True
2340,මගේ bank account එකෙන් top-up account එකට fund කරන්නේ කොහොමද?,transfer_into_account,transfer_into_account,True
2341,account එකට සල්ලි add කරන්න මට පාවිච්චි කරන්න පුළුවන් methods මොනවද?,transfer_into_account,supported_cards_and_currencies,False
2342,"මට bank transfer feature එක පාවිච්චි කරන්න ඕනේ, ඒත් හොයාගන්න බෑ. ප්ලීස් details දෙන්නද?",transfer_into_account,why_verify_identity,False
2343,එක account එකකින් තව account එකකට dual money transfer එකක් කරන්නේ කොහොමද?,transfer_into_account,transfer_into_account,True
2344,MY ACCOUNT එකට සල්ලි TRANSFER කරන්නේ කොහොමද කියලා පැහැදිලි කරන්නද?,transfer_into_account,transfer_into_account,True
2345,"වෙනත් account එකකින් මේකට bank account transfer එකක් කරන්න ඕනේ, ලේසිම විදිය මොකක්ද, මට ඕනේ information මොකක්ද?",transfer_into_account,transfer_into_account,True
2346,මගේ account එකට සල්ලි transfer කරගන්නේ කොහොමද?,transfer_into_account,transfer_into_account,True
2347,මගේ account එකට transfer හරහා සල්ලි යවන්නේ කොහොමද?,transfer_into_account,receiving_money,False
2348,international transfer එකක් කරන්නේ කොහොමද?,transfer_into_account,transfer_into_account,True
2349,මගේ account එකට සල්ලි transfer කරන්න විදි තියෙනවද?,transfer_into_account,transfer_into_account,True
2350,Top up කරන්න මට accounts වලින් transfer කරන්න ඕනේ. ඕනේ steps මොනවද.,transfer_into_account,transfer_into_account,True
2351,transfer එකක් වැඩ කරන්නේ කොහොමද?,transfer_into_account,transfer_into_account,True
2352,"මට bank transfer එක පාවිච්චි කරන්න ඕනේ, ඒත් process එක තේරෙන්නේ නෑ, ප්ලීස් පැහැදිලි කරන්නද, topping up?",transfer_into_account,top_up_failed,False
2353,මගේ account එක top up කරන්න bank transfer එකක් පාවිච්චි කරගන්න ඕනේ. ඒක handle කරන්නේ කොහොමද?,transfer_into_account,transfer_into_account,True
2354,"අද මම account එක check කළා, සල්ලි ඉවර කියලා තිබුනා. account එකට සල්ලි transfer කරන්නේ කොහොමද?",transfer_into_account,transfer_into_account,True
2355,මගේ account එකට සල්ලි transfer කරන්න පුළුවන් කොහොමද?,transfer_into_account,transfer_into_account,True
2356,එක account එකකින් තව account එකකට funds transfer කරගන්න ඕනේ.,transfer_into_account,transfer_into_account,True
2357,මම account එකට සල්ලි transfer කරන්න try කරනවා.,transfer_into_account,transfer_into_account,True
2358,වෙනත් bank account එකකින් සල්ලි මේකට transfer කරගන්න ඕනේ.,transfer_into_account,transfer_into_account,True
2359,account එක refill කරන්න bank transfer එකක් පාවිච්චි කරන්න පුළුවන්ද?,transfer_into_account,transfer_into_account,True
2360,top-up card එක verify කරන්න ඕනේ ඔක්කොම මොකක්ද?,verify_top_up,verify_top_up,True
2361,top up එක verify කරන්න ඕනේ කියලා කියනවා. ඇයි?,verify_top_up,verify_top_up,True
2362,top-up verification code එක හොයාගන්නේ කොහෙද?,verify_top_up,verify_top_up,True
2363,මම පටන් ගත්ත top-up එක verify කරන්න ඕනේ ඇයි?,verify_top_up,verify_top_up,True
2364,verification code එක ගැන information දෙන්නද?,verify_top_up,verify_top_up,True
2365,top-up එක verify කිරීමේ benefits මොනවද?,verify_top_up,verify_top_up,True
2366,top up එකේ verification එක ඇයි,verify_top_up,verify_top_up,True
2367,top up එකක් verify කරන්න පුළුවන්ද?,verify_top_up,verify_top_up,True
2368,top up verify කරන්න ඕනේ හේතුව,verify_top_up,verify_top_up,True
2369,මගේ top up එකට code verification එකක් ඔයාලට ඕනේ ඇයි?,verify_top_up,verify_top_up,True
2370,top-up card එකේ verification code එක හොයාගන්නේ කොහෙද?,verify_top_up,verify_top_up,True
2371,මගේ top-up verification code එක ලබාගන්නේ කොහොමද?,verify_top_up,verify_top_up,True
2372,top up එකක් verify කරගන්න පුළුවන්ද?,verify_top_up,verify_top_up,True
2373,මගේ top-up එක verify කරන්න ඕනේ එක normal ද නැත්තම් මොකක් හරි වැරදිලාද?,verify_top_up,verify_top_up,True
2374,top-up එකට verification ඕනේ ඇයි?,verify_top_up,verify_top_up,True
2375,top-up එකට verifying ඕනේ ඇයි?,verify_top_up,verify_top_up,True
2376,මගේ top up එක verify කරන්න ඕනේද?,verify_top_up,verify_top_up,True
2377,top-ups verify කරන්න මම මොකද ඕනේ?,verify_top_up,verify_top_up,True
2378,top-up card එකට verification code එක කොහෙද?,verify_top_up,verify_top_up,True
2379,මගේ top-up card එකට verification code එක හොයාගන්නේ කොහොමද?,verify_top_up,verify_top_up,True
2380,top-up card එකක් verify කරන්න වැදගත් ඇයි?,verify_top_up,verify_top_up,True
2381,top-up එක verify කරන්න ඕනේ ඇයි?,verify_top_up,verify_top_up,True
2382,top-up එකක verification code එක මොකක්ද?,verify_top_up,verify_top_up,True
2383,මට top-up verification code එක හොයාගන්න බෑ.,verify_top_up,verify_top_up,True
2384,මගේ top-up card එක verify කරන්නේ කොහොමද?,verify_top_up,verify_top_up,True
2385,top-up verification code එක හොයාගන්නේ කොහෙන්ද?,verify_top_up,verify_top_up,True
2386,top-up card එක verify කරන්නේ කොහොමද?,verify_top_up,verify_top_up,True
2387,top-up card එකට verification code එකක් තියෙනවද?,verify_top_up,verify_top_up,True
2388,top-up එක verify කිරීමේ වැදගත්කම මොකක්ද?,verify_top_up,verify_top_up,True
2389,top-up card එකේ verification code එක හොයන්න උදව් කරන්නද?,verify_top_up,verify_top_up,True
2390,top-up එක verify කරන්න ඕනේ කියලා කියන්නේ ඇයි කියලා තේරෙන්නේ නෑ.,verify_top_up,verify_top_up,True
2391,"top-up එකක් verify කරන්න පුළුවන්ද, පාවිච්චි කරන කාඩ් එක මොකක්ද?",verify_top_up,verify_top_up,True
2392,top up card එක verify කරන්න code එක ගන්න කොහෙට යන්න ඕනේද?,verify_top_up,verify_top_up,True
2393,top-up verification code එක නෑ,verify_top_up,verify_top_up,True
2394,top-up එකක් verify කරන්නේ කොහොමද?,verify_top_up,verify_top_up,True
2395,මගේ top-up card එකේ verification code එක locate කරගන්න බෑ. උදව් කරන්නද.,verify_top_up,verify_top_up,True
2396,top-up verification code එක හොයාගන්නේ කොහොමද?,verify_top_up,verify_top_up,True
2397,මගේ top-up card එකේ verification code එක හොයන්න මට උදව් ඕනේ.,verify_top_up,verify_top_up,True
2398,top-ups වලට verification code එකක් තියෙනවද?,verify_top_up,verify_top_up,True
2399,top up එක verify කිරීමේ necessity එක මොකක්ද?,verify_top_up,verify_top_up,True
2400,තව කාඩ් එකක් ලබාගන්න පුළුවන් වේවිද?,getting_spare_card,getting_spare_card,True
2401,එක account එකකට මට කාඩ් කීයක් තියාගන්න පුළුවන්ද?,getting_spare_card,fiat_currency_support,False
2402,මට තව කාඩ් එකක් ඕඩර් කරගන්න ඕනේ,getting_spare_card,getting_spare_card,True
2403,අමතර cards ලබාගන්නේ කොහොමද?,getting_spare_card,getting_virtual_card,False
2404,අමතර cards වලට ෆී එකක් තියෙනවද?,getting_spare_card,extra_charge_on_statement,False
2405,මට spare physical cards ටිකක් ඕනේ.,getting_spare_card,getting_spare_card,True
2406,මට තවත් physical cards ටිකක් ලබාගන්න ඕනේ.,getting_spare_card,getting_spare_card,True
2407,මගේ මුල් එකට පස්සේ තව කාඩ් එකක් ලබාගන්න පුළුවන්ද?,getting_spare_card,getting_spare_card,True
2408,දෙවෙනි කාඩ් එකක් ලබාගන්නේ කොහොමද?,getting_spare_card,order_physical_card,False
2409,මට තව කාඩ් එකක් ඕනේ,getting_spare_card,getting_spare_card,True
2410,"මට තවත් cards ඕනේ නම්, fees තියෙනවද?",getting_spare_card,getting_spare_card,True
2411,එකම account එකකට cards කීපයක් ඔයාලා offer කරනවද?,getting_spare_card,disposable_card_limits,False
2412,වෙන කෙනෙක්ට පාවිච්චි කරන්න spare card එකක් ලබාගන්න පුළුවන්ද?,getting_spare_card,getting_spare_card,True
2413,මට තවත් physical cards ටිකක් ගන්න ඕනේ.,getting_spare_card,getting_spare_card,True
2414,"මගේ account එකට තව කාඩ් එකක් ලබාගන්න පුළුවන්ද, මගේ දුවට එකක් දෙන්න?",getting_spare_card,getting_spare_card,True
2415,තව කාඩ් එකක් ලබාගන්න procedure එක මොකක්ද?,getting_spare_card,getting_spare_card,True
2416,මට දෙවෙනි කාඩ් එකක් තියාගන්න පුළුවන්ද?,getting_spare_card,fiat_currency_support,False
2417,"මගේ දුවට කාඩ් එකක් ඕනේ, ඒක කරගන්නේ කොහොමද?",getting_spare_card,getting_spare_card,True
2418,දෙවෙනි කාඩ් එකක් මගේ දුවට දෙන්න පුළුවන්ද?,getting_spare_card,getting_spare_card,True
2419,මට තව කාඩ් එකක් තියාගන්න පුළුවන්ද?,getting_spare_card,getting_spare_card,True
2420,එකකට වඩා cards එවන්න fee එකක් තියෙනවද?,getting_spare_card,disposable_card_limits,False
2421,අමතර cards ඕඩර් කරන්න පුළුවන්ද?,getting_spare_card,disposable_card_limits,False
2422,දෙවෙනි කාඩ් එකක් ලබාගන්නේ කොහෙන්ද?,getting_spare_card,order_physical_card,False
2423,අද මම තව කාඩ් එකක් ගන්න බලාගෙන හිටියා.,getting_spare_card,getting_spare_card,True
2424,මට තව physical cards ටිකක් ඕනේ.,getting_spare_card,getting_spare_card,True
2425,මේ account එකට දෙවෙනි physical card එකක් ලබාගන්න පුළුවන්ද?,getting_spare_card,top_up_by_cash_or_cheque,False
2426,අමතර non-virtual cards purchase කරන්න පුළුවන්ද?,getting_spare_card,getting_virtual_card,False
2427,මගේ දුවට මගේ cards වලින් එකක් පාවිච්චි කරන්න දෙන්න ඉඩ තියෙනවද?,getting_spare_card,age_limit,False
2428,මට දෙවෙනි කාඩ් එකක් ලබාගන්න පුළුවන්ද?,getting_spare_card,visa_or_mastercard,False
2429,මගේ දුවට කාඩ් එකක් තියාගන්න පුළුවන්ද?,getting_spare_card,getting_spare_card,True
2430,අමතර cards ඕඩර් කරන්න restrictions තියෙනවද?,getting_spare_card,disposable_card_limits,False
2431,මගේ දුවට දෙවෙනි කාඩ් එකක් ලබාගන්නේ කොහොමද?,getting_spare_card,getting_spare_card,True
2432,තව කාඩ් එකක් request කරන්නේ කොහෙද?,getting_spare_card,getting_spare_card,True
2433,මට දෙවෙනි කාඩ් එකක් ලබාගන්න පුළුවන් වෙයිද?,getting_spare_card,visa_or_mastercard,False
2434,"ඔයාලා මට තව cards එව්වොත්, charges තියෙනවද?",getting_spare_card,top_up_by_bank_transfer_charge,False
2435,"එකකට වඩා card එකක් ලබාගන්න try කරද්දි, ගෙවන්න ඕනේ අමතර amount එකක් තියෙනවද?",getting_spare_card,getting_virtual_card,False
2436,මේ account එකට දෙවෙනි කාඩ් එකක් මගේ දුවට දෙන්න පුළුවන්ද?,getting_spare_card,getting_spare_card,True
2437,මගේ දුවට කාඩ් එකක් ඕනේ. මගේ account එකට linked මගේ cards වලින් එකක් දෙන්න පුළුවන්ද?,getting_spare_card,getting_spare_card,True
2438,"මගේ ළමයාට කාඩ් එකක් ඕනේ, දැන් තියෙන account එකට ඒගොල්ලන්ව add කරන්නේ කොහොමද?",getting_spare_card,getting_spare_card,True
2439,"මගේ දුවට කාඩ් එකක් ඕනේ, ඒගොල්ලන්ව add කරන්නේ කොහොමද?",getting_spare_card,getting_spare_card,True
2440,cheque එකකින් top up කරන්න පුළුවන්ද?,top_up_by_cash_or_cheque,top_up_by_cash_or_cheque,True
2441,cash එකකින් top-up කරන්නේ කොහොමද?,top_up_by_cash_or_cheque,top_up_by_cash_or_cheque,True
2442,cheque එකකින් top up කරගන්න පුළුවන්ද?,top_up_by_cash_or_cheque,top_up_by_cash_or_cheque,True
2443,cash එකකින් top up කරන්න පුළුවන්ද? එහෙනම් ඒක කරන්නේ කොහොමද?,top_up_by_cash_or_cheque,top_up_by_cash_or_cheque,True
2444,cash deposit එකකින් top up කරන එක හොයාගන්න මට උදව් කරන්නද?,top_up_by_cash_or_cheque,top_up_by_cash_or_cheque,True
2445,cheque එකකින් top up කරන්න option එකක් තියෙනවද?,top_up_by_cash_or_cheque,top_up_by_cash_or_cheque,True
2446,මගේ account එකට cheque එකක් deposit කරන්න ඕනේ,top_up_by_cash_or_cheque,top_up_by_cash_or_cheque,True
2447,cash deposit top up option එක හොයනවා ඒත් හොයාගන්න බෑ. උදව් කරන්නද?,top_up_by_cash_or_cheque,top_up_by_cash_or_cheque,True
2448,cash payment එකකින් account එක top up කරන්නේ කොහොමද?,top_up_by_cash_or_cheque,top_up_by_cash_or_cheque,True
2449,cash එකකින් top up කරන්න ඕනේ. ඒ option එක හොයාගන්නේ කොහොමද?,top_up_by_cash_or_cheque,top_up_by_cash_or_cheque,True
2450,cash එකෙන් top up කරන එක locate කරන්නේ කොහෙද.,top_up_by_cash_or_cheque,top_up_by_cash_or_cheque,True
2451,check එකකින් pay කරන්නේ කොහොමද?,top_up_by_cash_or_cheque,top_up_by_cash_or_cheque,True
2452,cheque එකකින් මගේ account balance එකට add කරන්න පුළුවන්ද?,top_up_by_cash_or_cheque,top_up_by_cash_or_cheque,True
2453,මගේ account එකට ඔයාලා accept කරන deposit types මොනවද?,top_up_by_cash_or_cheque,supported_cards_and_currencies,False
2454,cheque එකක් පාවිච්චි කරලා top up කරන්න පුළුවන්ද?,top_up_by_cash_or_cheque,top_up_by_cash_or_cheque,True
2455,cheque එකකින් කාඩ් එකක් top-up කරන්න පුළුවන්ද?,top_up_by_cash_or_cheque,top_up_by_cash_or_cheque,True
2456,"cash top up කරන්න ඕනේ, ඒක කරන්නේ කොහොමද?",top_up_by_cash_or_cheque,top_up_by_cash_or_cheque,True
2457,cheque එකකින් top up කරන option එක හොයනවා.,top_up_by_cash_or_cheque,top_up_by_cash_or_cheque,True
2458,cash එකෙන් top up කරන්න පුළුවන් locations මොනවද?,top_up_by_cash_or_cheque,top_up_by_cash_or_cheque,True
2459,"cash එකෙන් top up කරන්න ඕනේ, කොහෙදි ඒක කරන්නද?",top_up_by_cash_or_cheque,top_up_by_cash_or_cheque,True
2460,cash deposit එකකින් top up කරන්න විදියක් තියෙනවද,top_up_by_cash_or_cheque,top_up_by_cash_or_cheque,True
2461,මගේ account එකට cheque එකකින් top up කරන options කොහෙද?,top_up_by_cash_or_cheque,top_up_by_cash_or_cheque,True
2462,මගේ account එක top up කරන්න cash පාවිච්චි කරන්න පුළුවන්ද?,top_up_by_cash_or_cheque,top_up_by_cash_or_cheque,True
2463,cash එකෙන් top up කරන්නේ කොහොමද?,top_up_by_cash_or_cheque,top_up_by_cash_or_cheque,True
2464,මගේ account එක top up කරන්න cheque එකක් accept කරනවද?,top_up_by_cash_or_cheque,top_up_by_cash_or_cheque,True
2465,මට ලැබුන මේ cheque එකෙන් top up කරන්නේ කොහොමද?,top_up_by_cash_or_cheque,top_up_by_cash_or_cheque,True
2466,මගේ account එක top up කරන්න මට පාවිච්චි කරන්න පුළුවන් methods මොනවද?,top_up_by_cash_or_cheque,supported_cards_and_currencies,False
2467,cash එකෙන් top up කරන එක හොඳද?,top_up_by_cash_or_cheque,top_up_by_cash_or_cheque,True
2468,cash එකෙන් load කරන්න තැනක් හොයාගන්න බැරි ඇයි,top_up_by_cash_or_cheque,top_up_by_cash_or_cheque,True
2469,මට ගෙවන්න පුළුවන් මොකෙන්ද? cash වැඩ කරනවද?,top_up_by_cash_or_cheque,top_up_by_cash_or_cheque,True
2470,මගේ account එකට cash deposit කරන්නේ කොහොමද?,top_up_by_cash_or_cheque,top_up_by_cash_or_cheque,True
2471,cheque එකකින් top up කරන්න බැරි ඇයි?,top_up_by_cash_or_cheque,top_up_by_cash_or_cheque,True
2472,top ups කරන්න cheque එකක් යවන්න පුළුවන්ද?,top_up_by_cash_or_cheque,top_up_by_cash_or_cheque,True
2473,cheque එකකින් මගේ account එක top up කරන්න පුළුවන්ද?,top_up_by_cash_or_cheque,top_up_by_cash_or_cheque,True
2474,මට cash top-up එකක් කරගන්න ඕනේ,top_up_by_cash_or_cheque,top_up_limits,False
2475,"මගේ ළඟ cheque එකක් තියෙනවා, ඒකෙන් account එක top off කරන්න පුළුවන්ද?",top_up_by_cash_or_cheque,top_up_by_cash_or_cheque,True
2476,cash එකෙන් top-up කරගන්න ඕනේ,top_up_by_cash_or_cheque,top_up_by_cash_or_cheque,True
2477,මගේ කාඩ් එක top-up කරන්නේ කොහොමද?,top_up_by_cash_or_cheque,topping_up_by_card,False
2478,check එකක් හෝ cash payment එකක් submit කරන්න පුළුවන්ද?,top_up_by_cash_or_cheque,top_up_by_cash_or_cheque,True
2479,ඔයාලා checks accept කරනවද?,top_up_by_cash_or_cheque,top_up_by_cash_or_cheque,True
2480,මගේ physical card එක ලබාගන්නේ කොහොමද,order_physical_card,getting_virtual_card,False
2481,මට කාඩ් එකක් ඕනේ. procedure එක මොකක්ද?,order_physical_card,order_physical_card,True
2482,physical cards වලට ඔයාලා කීයක් charge කරනවද?,order_physical_card,order_physical_card,True
2483,මගේ කාඩ් එක ලබාගන්නේ කොහෙන්ද?,order_physical_card,order_physical_card,True
2484,physical card එකේ price එක,order_physical_card,getting_virtual_card,False
2485,"ප්ලීස්, කාඩ් එකක් ඕඩර් කරන්නේ කොහොමද?",order_physical_card,card_arrival,False
2486,මට physical card එකක් එවන්න,order_physical_card,getting_virtual_card,False
2487,මට කාඩ් එකක් ඕඩර් කරගන්න ඕනේ. ඔයාලා ඩිලිවර් කරන්නේ කොහෙටද?,order_physical_card,card_arrival,False
2488,physical card එකක් request කරන්න පුළුවන්ද?,order_physical_card,order_physical_card,True
2489,physical cards වලට charge එකක් තියෙනවද,order_physical_card,order_physical_card,True
2490,physical cards වලට charge කරනවද,order_physical_card,order_physical_card,True
2491,මම ඉන්න තැනට cards ship කරනවද?,order_physical_card,disposable_card_limits,False
2492,physical cards වලට charge කරනවද?,order_physical_card,order_physical_card,True
2493,in person transactions වලට පාවිච්චි කරන්න actual කාඩ් එකක් ලබාගන්න ඕනේ. ඒක කරන්නේ කොහොමද?,order_physical_card,order_physical_card,True
2494,මට real කාඩ් එකක් ලැබෙයිද?,order_physical_card,order_physical_card,True
2495,cards ඩිලිවර් කරන්නේ කොහෙටද?,order_physical_card,order_physical_card,True
2496,cards ඩිලිවර් වෙන්නේ කොහෙටද?,order_physical_card,card_arrival,False
2497,physical card එකක් ලබාගන්නේ කොහොමද කියලා කියන්නකෝ.,order_physical_card,getting_virtual_card,False
2498,physical card එකකට charge එක මොකක්ද?,order_physical_card,order_physical_card,True
2499,non-electronic card එකකුත් available ද,order_physical_card,supported_cards_and_currencies,False
2500,ඔයාලගේ කාඩ් එක පාවිච්චි කරන්න fees වලට කීයක් යනවද?,order_physical_card,card_payment_fee_charged,False
2501,physical card එකක් ලබාගන්නේ කොහොමද,order_physical_card,getting_virtual_card,False
2502,මේ ඇප් එක හරහා physical card එකක් ලබාගන්න පුළුවන්ද?,order_physical_card,getting_virtual_card,False
2503,මට non virtual card එකක් ලබාගන්න පුළුවන්ද?,order_physical_card,getting_virtual_card,False
2504,physical card එකක් ලබාගන්නේ කොහොමද?,order_physical_card,getting_virtual_card,False
2505,physical card එකකට fees මොනවද?,order_physical_card,order_physical_card,True
2506,මගේ කාඩ් එක ඩිලිවර් කරන්නේ කොහෙටද?,order_physical_card,order_physical_card,True
2507,physical card එකකට මට charge කරන්නේ මොනවද?,order_physical_card,order_physical_card,True
2508,මගේ කාඩ් එක ඕඩර් කරන්නේ කොහෙද?,order_physical_card,card_arrival,False
2509,කාඩ් එකක් ඩිලිවර් කරන්න පුළුවන් locations මොනවද?,order_physical_card,order_physical_card,True
2510,මගේ කාඩ් එක ලබාගන්නේ කොහෙද?,order_physical_card,country_support,False
2511,cards mail එකෙන් ඩිලිවර් කරන්නේ කොහෙටද?,order_physical_card,order_physical_card,True
2512,මගේම real-life card එකක් ලබාගන්නේ කොහොමද?,order_physical_card,getting_virtual_card,False
2513,මගේ කාඩ් එක හොයාගන්නේ කොහෙද?,order_physical_card,card_acceptance,False
2514,"මට physical card එකක් ඕනේ නම්, මොකක් හරි ගෙවන්න ඕනේද?",order_physical_card,getting_virtual_card,False
2515,cards ඩිලිවර් කරන්න පුළුවන් කොහෙද?,order_physical_card,card_arrival,False
2516,මට physical card එකක් ඕනේ.,order_physical_card,getting_virtual_card,False
2517,physical card එකකට තියෙන fees මොනවද?,order_physical_card,order_physical_card,True
2518,actual card එකක් ලබාගන්නේ කොහොමද?,order_physical_card,getting_virtual_card,False
2519,මට real card එකක් ලබාගන්න පුළුවන්ද?,order_physical_card,getting_virtual_card,False
2520,මගේ disposable virtual card එක denied වෙන්නේ ඇයි?,virtual_card_not_working,getting_virtual_card,False
2521,මගේ disposable virtual card එක වැඩ කරන්නේ නෑ වගේ,virtual_card_not_working,disposable_card_limits,False
2522,මගේ disposable virtual card එක කැඩිලා.,virtual_card_not_working,disposable_card_limits,False
2523,මගේ non-physical card එක වැඩ කරන්නේ නෑ,virtual_card_not_working,card_not_working,False
2524,gym subscription එකකට pay කරන්න පාවිච්චි කරපු disposable virtual card එක denied වුනේ ඇයි?,virtual_card_not_working,disposable_card_limits,False
2525,මගේ virtual card එක decline වෙන්නේ ඇයි?,virtual_card_not_working,getting_virtual_card,False
2526,"මගේ disposable card එකට restrictions තියෙනවද, ඒක වැඩ කරන්නේ නෑ වගේ නිසා?",virtual_card_not_working,disposable_card_limits,False
2527,මගේ virtual card එක වැඩ කරවගන්න බෑ.,virtual_card_not_working,getting_virtual_card,False
2528,"මම store එකේ හිටියා, මගේ virtual card එක වැඩ කළේ නෑ. මේකට solution එක මොකක්ද?",virtual_card_not_working,getting_virtual_card,False
2529,මගේ disposable virtual card එක වැඩ කරන්නේ නෑ,virtual_card_not_working,disposable_card_limits,False
2530,මට මගේ disposable virtual card එක පාවිච්චි කරන්න බෑ.,virtual_card_not_working,disposable_card_limits,False
2531,මගේ virtual card එකෙන් multiple online transactions කරන්න පුළුවන්ද?,virtual_card_not_working,getting_virtual_card,False
2532,automatic billing set කරද්දි මගේ virtual card එක decline වුනේ ඇයි?,virtual_card_not_working,getting_virtual_card,False
2533,මගේ disposable virtual card එක වැඩ නොකරන්නේ ඇයි?,virtual_card_not_working,disposable_card_limits,False
2534,subscription services වලට මගේ virtual card එක පාවිච්චි කරන්න බැරි ඇයි?,virtual_card_not_working,getting_virtual_card,False
2535,මගේ virtual card එක වැඩ නොකරන්නේ ඇයි?,virtual_card_not_working,getting_virtual_card,False
2536,මගේ virtual card එකෙන් transactions කරන්න බෑ.,virtual_card_not_working,getting_virtual_card,False
2537,මොකද හරි හේතුවක් නිසා virtual card එක මට වැඩ කරන්නේ නෑ.,virtual_card_not_working,getting_virtual_card,False
2538,අද මගේ disposable virtual card එක merchant කෙනෙකුගෙන් reject වුනා. මම මොකද කරන්නේ?,virtual_card_not_working,disposable_card_limits,False
2539,මගේ virtual card එක reject වෙන ප්‍රොබ්ලම් එක fix කරන්නේ කොහොමද?,virtual_card_not_working,getting_virtual_card,False
2540,මගේ virtual card එක වැඩ කරන්නේ නෑ. මම මොකද කරන්නේ?,virtual_card_not_working,getting_virtual_card,False
2541,මගේ virtual card එක වැඩ නොකළොත් මම මොකද කරන්නේ.,virtual_card_not_working,getting_virtual_card,False
2542,disposable virtual card එක වැඩ කරවගන්න trick එකක් තියෙනවද?,virtual_card_not_working,disposable_card_limits,False
2543,මගේ virtual card එක වැඩ කරවගන්න බැරි ඇයි?,virtual_card_not_working,getting_virtual_card,False
2544,මගේ කාඩ් එක දැන් වැඩ කරන්නේ නෑ.,virtual_card_not_working,card_not_working,False
2545,"මගේ disposable card එක වැඩ කරන්නේ නෑ වගේ, මම මොකක් හරි වැරදියට කරනවද?",virtual_card_not_working,disposable_card_limits,False
2546,මගේ virtual card එකෙන් payments continuous ව reject වෙනවා.,virtual_card_not_working,getting_virtual_card,False
2547,point of sale transaction එකකට මගේ disposable virtual card එක පාවිච්චි කරන්න try කරද්දි වැඩ කරන්නේ නෑ. දැන් මම මොකද කරන්නේ?,virtual_card_not_working,disposable_card_limits,False
2548,මගේ disposable virtual card එක පාවිච්චි කරද්දි ට්‍රැන්සැක්ෂන් එක decline වුනා. මම මොකද කරන්නේ?,virtual_card_not_working,disposable_card_limits,False
2549,මගේ disposable virtual card එක වැඩ වෙන්නේ නෑ,virtual_card_not_working,disposable_card_limits,False
2550,මගේ disposable virtual card එක වැඩ කරවගන්නේ කොහොමද?,virtual_card_not_working,getting_virtual_card,False
2551,gym subscription එකකට pay කරන්න පාවිච්චි කරපු මගේ disposable virtual card එක reject වුනේ ඇයි?,virtual_card_not_working,virtual_card_not_working,True
2552,මගේ disposable virtual card එකෙන් payments වැඩ කරන්නේ නෑ,virtual_card_not_working,disposable_card_limits,False
2553,"මගේ disposable virtual card එක merchant කෙනෙකුගෙන් reject වුනා, උදව් කරන්නද?",virtual_card_not_working,disposable_card_limits,False
2554,මගේ virtual card එක වැඩ කරන්නේ නෑ.,virtual_card_not_working,getting_virtual_card,False
2555,මගේ virtual disposable card එක වැඩ නොකරන්නේ ඇයි කියලා කියන්නද.,virtual_card_not_working,disposable_card_limits,False
2556,virtual card එක වැඩ කරවගන්න මට උදව් ඕනේ.,virtual_card_not_working,getting_virtual_card,False
2557,මම merchant කෙනෙක්ට මගේ virtual card එක පාවිච්චි කරන්න try කළා reject වුනා. මේක fix කරන්නේ කොහොමද?,virtual_card_not_working,getting_virtual_card,False
2558,මගේ virtual card එක වැඩ කරවගන්නේ කොහොමද?,virtual_card_not_working,getting_virtual_card,False
2559,virtual card එක මට වැඩ කරන්නේ නෑ,virtual_card_not_working,getting_virtual_card,False
2560,වෙනත් රටක කරන්සියක් පාවිච්චි කරද්දි මට හරි amount එකේ සල්ලි ලැබුනේ නෑ.,wrong_exchange_rate_for_cash_withdrawal,wrong_exchange_rate_for_cash_withdrawal,True
2561,"මම transaction machine එකකින් සල්ලි ගත්තා, ඒක වෙනස් කරන්සියකින් වැරදි dollar value amount එකක් exchange කළා!",wrong_exchange_rate_for_cash_withdrawal,wrong_exchange_rate_for_cash_withdrawal,True
2562,"පසුගිය holiday එකේදි මම ATM එකකින් withdraw කළා, ගොඩක් charge කළා වගේ. මේ charges ගැන කලින් දැනගෙන හිටියනම් withdraw කරන්නේ නෑ.",wrong_exchange_rate_for_cash_withdrawal,wrong_exchange_rate_for_cash_withdrawal,True
2563,exchange rate එක හරි කියලා confirm කරන්නද,wrong_exchange_rate_for_cash_withdrawal,wrong_exchange_rate_for_cash_withdrawal,True
2564,මගේ cash withdrawal එකට exchange rate එක වැරදියි,wrong_exchange_rate_for_cash_withdrawal,wrong_exchange_rate_for_cash_withdrawal,True
2565,"හලෝ. මම holiday එකක ඉන්නේ, cash ගෙනාවේ නෑ. මගේ home currency එක ඔයාලගේ machines වලින් එකකින් withdraw කරගන්න ඕනේ. ඒක කරන්න machine එකක් තියෙනවද, charge එකක් තියෙනවද?",wrong_exchange_rate_for_cash_withdrawal,wrong_exchange_rate_for_cash_withdrawal,True
2566,මම cash ගත්තම exchange rate එක වැරදි වුනේ ඇයි,wrong_exchange_rate_for_cash_withdrawal,wrong_exchange_rate_for_cash_withdrawal,True
2567,මම ATM එකකදි විදේශ කරන්සියක් පාවිච්චි කරලා සල්ලි ගන්න try කළා ඒත් rate එක ගොඩක් වැරදියි!,wrong_exchange_rate_for_cash_withdrawal,wrong_exchange_rate_for_cash_withdrawal,True
2568,මගේ international withdrawal එකට exchange rate එක වැරදි ඇයි?,wrong_exchange_rate_for_cash_withdrawal,wrong_exchange_rate_for_cash_withdrawal,True
2569,විදේශයේ කරපු ට්‍රැන්සැක්ෂන් එකකට වැරදි exchange rate එකක් apply වුනා.,wrong_exchange_rate_for_cash_withdrawal,wrong_exchange_rate_for_cash_withdrawal,True
2570,ඔයාලා මට මගේ cash withdrawal එකට දුන්න exchange rate එක වැරදියි,wrong_exchange_rate_for_cash_withdrawal,wrong_exchange_rate_for_cash_withdrawal,True
2571,cash exchange කරන්න ෆී එකක් තියෙනවද?,wrong_exchange_rate_for_cash_withdrawal,exchange_charge,False
2572,exchange rate එක මේ තරම් වැඩි ඇයි? ඒක apply වෙන්න ගොඩක් වැඩි cash amount එකක් වෙන්න ඕනේ.,wrong_exchange_rate_for_cash_withdrawal,wrong_exchange_rate_for_cash_withdrawal,True
2573,මම cash withdraw කරද්දි exchange rate එක වෙනස් වුනේ ඇයි?,wrong_exchange_rate_for_cash_withdrawal,wrong_exchange_rate_for_cash_withdrawal,True
2574,"මම cash ගත්තම, මගේ exchange rate එක වැරදියි තිබුනා.",wrong_exchange_rate_for_cash_withdrawal,wrong_exchange_rate_for_cash_withdrawal,True
2575,local ATM එකකින් US dollars withdraw කළොත් අමතර costs තියෙනවද? ගෙදර යන journey එකට comfortable ඉන්න cash ටිකක් ඕනේ,wrong_exchange_rate_for_cash_withdrawal,atm_support,False
2576,vacation එකේදි ATM එකක් පාවිච්චි කරද්දි මට overcharge කළා වගේ. ඔයාලගේ fees කලින් දැනගෙන හිටියනම් වෙනත් තැනකට ගිහින් තියෙනවා.,wrong_exchange_rate_for_cash_withdrawal,wrong_exchange_rate_for_cash_withdrawal,True
2577,මම cash withdraw කරද්දි exchange rate එක check කළා. ඒත් ඔයාලා apply කරපු actual rate එක වෙනස්.,wrong_exchange_rate_for_cash_withdrawal,wrong_exchange_rate_for_cash_withdrawal,True
2578,"cash ලබාගන්නකොට, මගේ ට්‍රැන්සැක්ෂන් එකට වැරදි exchange rate එකක් පාවිච්චි කළා.",wrong_exchange_rate_for_cash_withdrawal,wrong_exchange_rate_for_cash_withdrawal,True
2579,මම රටින් එළියේ ඉන්නකොට fees නැතුව ATM එකකින් withdraw කරන්න පුළුවන්ද?,wrong_exchange_rate_for_cash_withdrawal,wrong_exchange_rate_for_cash_withdrawal,True
2580,"මම විදේශ කරන්සියක් ගත්තා, exchange rate එක වැරදියි.",wrong_exchange_rate_for_cash_withdrawal,wrong_exchange_rate_for_cash_withdrawal,True
2581,මගේ currency exchange එකේදි ගොඩක් සල්ලි ගත්තා වගේ මට හිතෙනවා.,wrong_exchange_rate_for_cash_withdrawal,wrong_exchange_rate_for_cash_withdrawal,True
2582,මගේ cash withdrawal එකට exchange rate එකේ error එකක් තිබුනා,wrong_exchange_rate_for_cash_withdrawal,wrong_exchange_rate_for_cash_withdrawal,True
2583,"මම විදේශයට යද්දි, ATMs වලදි හරි විදේශ සල්ලි, හරි rate එකේ ඕනේ.",wrong_exchange_rate_for_cash_withdrawal,wrong_exchange_rate_for_cash_withdrawal,True
2584,විදේශ කරන්සියක් සමග පාවිච්චි කරපු ATM එකේ conversion rate එක වැරදියි.,wrong_exchange_rate_for_cash_withdrawal,wrong_exchange_rate_for_cash_withdrawal,True
2585,විදේශ ATM එකකට exchange rate එක වෙනස් ඇයි,wrong_exchange_rate_for_cash_withdrawal,wrong_exchange_rate_for_cash_withdrawal,True
2586,මගේ cash withdrawal එකට වැරදි exchange rate එක charge කළා,wrong_exchange_rate_for_cash_withdrawal,wrong_exchange_rate_for_cash_withdrawal,True
2587,holiday එකේදි මම ATM එකෙන් cash ටිකක් withdraw කළා. ගොඩක් fees charge කළා වගේ. මේ ගොඩක් වැඩි charges ගැන දැනගෙන හිටියනම් ඒක කරන්නේ නෑ!,wrong_exchange_rate_for_cash_withdrawal,wrong_exchange_rate_for_cash_withdrawal,True
2588,"මගේ withdrawal එකට exchange rate එක හරි නෑ, actual exchange rate එකට match වෙන්නේත් නෑ.",wrong_exchange_rate_for_cash_withdrawal,wrong_exchange_rate_for_cash_withdrawal,True
2589,ඔයාලගේ exchange rate policy එක පැහැදිලි කරන්නද? මගේ ATM ට්‍රැන්සැක්ෂන් එකේදි මට හරි cash amount එක ලැබුනා කියලා මම හිතන්නේ නෑ.,wrong_exchange_rate_for_cash_withdrawal,wrong_exchange_rate_for_cash_withdrawal,True
2590,cash ට්‍රැන්සැක්ෂන් එකකට මගේ exchange rate එක වැරදියි තිබුනා.,wrong_exchange_rate_for_cash_withdrawal,wrong_exchange_rate_for_cash_withdrawal,True
2591,මම සල්ලි withdraw කරද්දි වැඩි exchange rate එකක් බලාපොරොත්තු වුනා. දැන් තියෙන exchange rates මොනවද කියලා කියන්නද?,wrong_exchange_rate_for_cash_withdrawal,wrong_exchange_rate_for_cash_withdrawal,True
2592,ATM එකේදි මගේ ට්‍රැන්සැක්ෂන් එකට apply කරපු rate එක වැරදියි.,wrong_exchange_rate_for_cash_withdrawal,wrong_exchange_rate_for_cash_withdrawal,True
2593,මගේ cash withdrawal එකට exchange rate එක හරි නෑ.,wrong_exchange_rate_for_cash_withdrawal,wrong_exchange_rate_for_cash_withdrawal,True
2594,"මම විදේශයේදි cash ගත්තා, exchange rate එක හරි නෑ.",wrong_exchange_rate_for_cash_withdrawal,wrong_exchange_rate_for_cash_withdrawal,True
2595,මම විදේශ කරන්සියකින් ATM එකක් පාවිච්චි කළා ඒත් apply කරපු rate එක වැරදියි!,wrong_exchange_rate_for_cash_withdrawal,wrong_exchange_rate_for_cash_withdrawal,True
2596,"මම cash ගත්තකොට ඔයාලගේ එකක් off වුනා, exchange rates determine කරන්නේ කොහොමද",wrong_exchange_rate_for_cash_withdrawal,wrong_exchange_rate_for_cash_withdrawal,True
2597,"Holiday shopping එකට සල්ලි ගන්න ATM machine එකක් පාවිච්චි කළා, ගොඩක් charges දැක්කා. ඇයි ඒක? මම දැනගෙන හිටියනම් ATM එක පාවිච්චි කරන්නේ නෑ!",wrong_exchange_rate_for_cash_withdrawal,wrong_exchange_rate_for_cash_withdrawal,True
2598,cash withdrawal exchange rate එක හරි නෑ.,wrong_exchange_rate_for_cash_withdrawal,wrong_exchange_rate_for_cash_withdrawal,True
2599,"US dollars දෙන local ATM එකක් තියෙනවද, මගේ ගෙදර journey එකට සල්ලි නෑ, Sri Lanka එකට එනකන් බලාගෙන ඉන්න comfortable නෑ. withdrawal එකකට extra charges තියෙනවද?",wrong_exchange_rate_for_cash_withdrawal,country_support,False
2600,disposable virtual card එකක් පාවිච්චි කරන්නේ කොහොමද කියලා description එකක් ලබාගන්න පුළුවන්ද,get_disposable_virtual_card,disposable_card_limits,False
2601,disposable virtual card එකක් හදාගන්න පුළුවන්ද?,get_disposable_virtual_card,disposable_card_limits,False
2602,virtual disposable card එකක් ලබාගැනීම ගැන කියන්නද?,get_disposable_virtual_card,getting_virtual_card,False
2603,disposable virtual card එකක් ඕඩර් කරගන්න ඕනේ. ඒක කරන්නේ කොහොමද?,get_disposable_virtual_card,disposable_card_limits,False
2604,VR cards වැඩ කරන්නේ කොහොමද,get_disposable_virtual_card,disposable_card_limits,False
2605,disposable virtual card එකක් කියන්නේ මොකක්ද?,get_disposable_virtual_card,getting_virtual_card,False
2606,මට temporary virtual card එකක් ඕනේ,get_disposable_virtual_card,getting_virtual_card,False
2607,disposable cards වැඩ කරන්නේ කොහොමද?,get_disposable_virtual_card,disposable_card_limits,False
2608,disposable virtual card එකක් පාවිච්චි කරන්නේ කොහොමද?,get_disposable_virtual_card,disposable_card_limits,False
2609,disposable virtual card එකක් ලබාගන්න හොඳම තැන කොහෙද?,get_disposable_virtual_card,getting_virtual_card,False
2610,disposable cards මට පැහැදිලි කරන්නද?,get_disposable_virtual_card,disposable_card_limits,False
2611,මට disposable virtual card එකක් ලබාගන්න විදියක් තියෙනවද?,get_disposable_virtual_card,getting_virtual_card,False
2612,මම දැන් තමයි disposable virtual card එකක් purchase කළේ. online purchases වලට එකපාරටම පාවිච්චි කරන්න පුළුවන්ද?,get_disposable_virtual_card,get_disposable_virtual_card,True
2613,disposable virtual card එකක් කොච්චර secure ද,get_disposable_virtual_card,disposable_card_limits,False
2614,disposable virtual card එකක් ලබාගන්න මම මොකද කරන්නේ?,get_disposable_virtual_card,disposable_card_limits,False
2615,මට disposable virtual card එකක් ලබාගන්න ඕනේ.,get_disposable_virtual_card,disposable_card_limits,False
2616,disposable cards පැහැදිලි කරන්නද?,get_disposable_virtual_card,disposable_card_limits,False
2617,එක වතාවක් පාවිච්චි කරන virtual card එකක් ලබාගන්නේ කොහොමද,get_disposable_virtual_card,getting_virtual_card,False
2618,මටත් disposable virtual card එකක් ලබාගන්න පුළුවන්ද?,get_disposable_virtual_card,disposable_card_limits,False
2619,single use virtual card එකක් ලබාගන්න පුළුවන්ද,get_disposable_virtual_card,getting_virtual_card,False
2620,disposable virtual card එකක් හදාගන්න ඕනේ. ඒක කරන්නේ කොහොමද?,get_disposable_virtual_card,disposable_card_limits,False
2621,"මගේ ළඟ disposable virtual card එකක් තියෙනවා, ඒකෙන් මොකද කරන්නේ කියලා කියන්නද?",get_disposable_virtual_card,getting_virtual_card,False
2622,virtual card එකක් වැඩ කරන්නේ කොහොමද,get_disposable_virtual_card,getting_virtual_card,False
2623,disposable virtual card එකක් ලබාගන්න process එක මොකක්ද,get_disposable_virtual_card,getting_virtual_card,False
2624,disposable virtual card එකකින් වෙන්නේ මොකක්ද?,get_disposable_virtual_card,disposable_card_limits,False
2625,disposable virtual card එකක් ඕඩර් කරන්නේ කවදද?,get_disposable_virtual_card,disposable_card_limits,False
2626,මටත් disposable virtual card එකක් ගන්න පුළුවන්ද?,get_disposable_virtual_card,disposable_card_limits,False
2627,disposable virtual card එකක් ලබාගන්නේ කොහොමද?,get_disposable_virtual_card,getting_virtual_card,False
2628,disposable card එකක් පාවිච්චි කරන්නේ කොහොමද?,get_disposable_virtual_card,disposable_card_limits,False
2629,"මට disposable virtual card එකක් ඕනේ, ලබාගන්නේ කොහොමද?",get_disposable_virtual_card,getting_virtual_card,False
2630,disposable cards වැඩ වෙන්නේ කොහොමද?,get_disposable_virtual_card,disposable_card_limits,False
2631,ඕඩර් කරගන්න පුළුවන් disposable virtual card එකක් තියෙනවද?,get_disposable_virtual_card,disposable_card_limits,False
2632,disposable virtual card එකක් ලබාගන්නේ කොහෙන්ද?,get_disposable_virtual_card,getting_virtual_card,False
2633,මටත් disposable virtual card එකක් ලබාගන්න පුළුවන් වෙයිද?,get_disposable_virtual_card,getting_virtual_card,False
2634,හලෝ! disposable virtual card එකක් ඕඩර් කරගන්න ඕනේ. ඒක කොහෙදි කරන්නද?,get_disposable_virtual_card,disposable_card_limits,False
2635,disposable virtual card එකක් request කරන්නේ කොහෙද?,get_disposable_virtual_card,disposable_card_limits,False
2636,throw away card එකක් ලබාගන්න පුළුවන්ද,get_disposable_virtual_card,visa_or_mastercard,False
2637,disposable card එකකින් transactions කීයක් කරන්න පුළුවන්ද,get_disposable_virtual_card,disposable_card_limits,False
2638,disposable cards කියන්නේ මොනවද?,get_disposable_virtual_card,disposable_card_limits,False
2639,disposable virtual card එකක් ලබාගන්න process එක මොකක්ද?,get_disposable_virtual_card,getting_virtual_card,False
2640,ඇප් එක මගේ top up එක denied කළා.,top_up_failed,top_up_failed,True
2641,"හෙයි අද මම මගේ කාඩ් එකෙන් top up කරන්න try කළා fail වුනා! දවස් කීපයකට කලින් ලැබුනේ, ඒත් අන්තිම වතාවේ වැඩ කළා. මොකද වෙන්නේ, double check කරන්නද?",top_up_failed,top_up_failed,True
2642,මගේ top up එක go through වුනේ නෑ. ඇයි?,top_up_failed,pending_top_up,False
2643,"එතකොට, මම අදට කාඩ් එක top up කරන්න try කළා. ඒත් fail වුනා. දවස් කීපයකට කලින් පාවිච්චි කළා හොඳට වැඩ කළා. double check කරලා මොකද වෙන්නේ කියලා කියන්නද?",top_up_failed,top_up_failed,True
2644,ඇප් එක මගේ top up එක denied කළේ ඇයි?,top_up_failed,top_up_reverted,False
2645,මගේ top-up එක fail වුනේ ඇයි කියලා කියන්නද.,top_up_failed,top_up_failed,True
2646,මගේ top-up එක වැඩ කරන්නේ නෑ.,top_up_failed,top_up_failed,True
2647,මම top up කරන්න try කළා ඇප් එක denied කළා.,top_up_failed,top_up_failed,True
2648,මගේ top-up එක fail වුනේ මොන reason එකටද?,top_up_failed,top_up_failed,True
2649,මගේ topup එක go through වුනේ නැත්තේ ඇයි?,top_up_failed,top_up_failed,True
2650,මගේ top-up එක වැඩ කළාද කියලා check කරන්නේ කොහොමද?,top_up_failed,top_up_failed,True
2651,මගේ top up එක වැඩ කළේ නෑ.,top_up_failed,top_up_failed,True
2652,මගේ top up එක fail වුනා.,top_up_failed,top_up_failed,True
2653,මගේ topup එක go through නොවෙන්නේ ඇයි?,top_up_failed,top_up_failed,True
2654,මගේ top up එක වැඩ නොකළේ මොකද කියලා?,top_up_failed,top_up_failed,True
2655,මගේ top up එක වැඩ නොකළේ ඇයි?,top_up_failed,top_up_failed,True
2656,මගේ top-up එක unsuccessful වුනේ ඇයි?,top_up_failed,top_up_reverted,False
2657,මගේ කාඩ් එකට funding එක go through වුනේ නෑ.,top_up_failed,declined_card_payment,False
2658,"top up එකට මගේ credit card එක decline වුනේ ඇයි කියලා දැනගන්න ඕනේ? මෙතන deal එක මොකක්ද, go through නොවුනේ ඇයි?",top_up_failed,top_up_failed,True
2659,මම top up කළා ඇප් එක accept කළේ නෑ.,top_up_failed,top_up_reverted,False
2660,ඇප් එක මගේ top-up එක denied කළා,top_up_failed,top_up_failed,True
2661,මගේ top up එක වැඩ කළේ නෑ කියලා මම හිතනවා,top_up_failed,top_up_failed,True
2662,මගේ top up එක ඇප් එකේදි denied වුනා.,top_up_failed,card_linking,False
2663,මගේ pop-up එක go through වුනාද කියලා කියන්නද?,top_up_failed,pending_top_up,False
2664,මට top up කරන්න බැරි වුනේ ඇයි කියලා check කරන්නද?,top_up_failed,top_up_failed,True
2665,මගේ top-up එක fail වුනේ කොහොමද?,top_up_failed,top_up_failed,True
2666,"මගේ top-up එක fail වුනා, ඇයි?",top_up_failed,top_up_failed,True
2667,මම top up කරන්න try කළා. ඒක denied වුනේ ඇයි?,top_up_failed,top_up_reverted,False
2668,deal එක මොකක්ද? මගේ කාඩ් එක top up එකට denied වුනා. go through නොවෙන්නේ ඇයි?,top_up_failed,top_up_failed,True
2669,මගේ top up එක හරියට වැඩ කරනවා කියලා මම හිතන්නේ නෑ,top_up_failed,pending_top_up,False
2670,ඇප් එකෙන් account එක top up කරන්න ඉඩ දෙන්නේ නෑ,top_up_failed,topping_up_by_card,False
2671,මගේ top up request එක denied වුනේ ඇයි කියලා දන්නේ නෑ,top_up_failed,top_up_reverted,False
2672,මට top up කරන්න බැරි ඇයි?,top_up_failed,topping_up_by_card,False
2673,මගේ top-up එක fail වෙලා.,top_up_failed,top_up_failed,True
2674,top up එකේ ප්‍රොබ්ලම්,top_up_failed,pending_top_up,False
2675,"අද මට මගේ කාඩ් එකෙන් සල්ලි ඇත්තටම ඕනේ, ඒත් මගේ කාඩ් එක decline වෙනවා. ප්ලීස් උදව් කරන්න!!",top_up_failed,lost_or_stolen_card,False
2676,මගේ top up එක unsuccessful වුනාද කියලා දැනගන්නේ කොහොමද?,top_up_failed,top_up_reverted,False
2677,මගේ top up එක fail වුනා කියලා ස්ථිරයි. මේක fix කරන්නේ කොහොමද?,top_up_failed,top_up_failed,True
2678,top up වැඩ නොවෙන්නේ ඇයි,top_up_failed,top_up_failed,True
2679,මගේ top up එක වැඩ නොකළේ ඇයි කියලා කියන්නද?,top_up_failed,top_up_failed,True
2680,පැය කීපයකට කලින් local bank account එකකින් transfer එකක් කළා. තාම transfer එක පේන්නේ නෑ. ප්ලීස් මේක check කරන්නද.,balance_not_updated_after_bank_transfer,balance_not_updated_after_bank_transfer,True
2681,මම සල්ලි transfer කළම account එකේ balance එක වෙනස් වුනේ නෑ,balance_not_updated_after_bank_transfer,balance_not_updated_after_bank_transfer,True
2682,මගේ transfer කරපු සල්ලි පේන්න කොච්චර වෙලා යනවද?,balance_not_updated_after_bank_transfer,balance_not_updated_after_bank_transfer,True
2683,මම සල්ලි ටිකක් transfer කළාට පස්සේ මගේ balance එක වෙනස් නොවුනේ ඇයි?,balance_not_updated_after_bank_transfer,balance_not_updated_after_bank_transfer,True
2684,transfer එකකට පස්සේ මගේ balance එක update වෙන්නේ කවදද?,balance_not_updated_after_bank_transfer,balance_not_updated_after_bank_transfer,True
2685,mgeකට international transfer එකක් එන්න කොච්චර වෙලා යනවද?,balance_not_updated_after_bank_transfer,balance_not_updated_after_bank_transfer,True
2686,"local bank account එකකින් transfers සාමාන්‍යයෙන් ගන්න වෙලාව මොකක්ද? මම දැන් transfer එකක් complete කළා, ඒක කොහෙවත් පේන්නේම නෑ. ඔක්කොම හරිද කියලා දැන් මට හිතෙනවා.",balance_not_updated_after_bank_transfer,balance_not_updated_after_bank_transfer,True
2687,මගේ transfer එක account එකේ available වෙන්නේ කවදද.,balance_not_updated_after_bank_transfer,transfer_timing,False
2688,මම transfer කරපු සල්ලි ලැබුනේ නෑ,balance_not_updated_after_bank_transfer,balance_not_updated_after_bank_transfer,True
2689,මම දැන් තමයි bank transfer එකක් complete කළේ balance එක update වුනේ නෑ,balance_not_updated_after_bank_transfer,balance_not_updated_after_bank_transfer,True
2690,මම සල්ලි ටිකක් transfer කළා ඒත් ඒක කොහෙන් හරි නැති වෙලා ඇති කියලා මම හිතනවා.,balance_not_updated_after_bank_transfer,transfer_not_received_by_recipient,False
2691,local bank transfer එකකට කොච්චර වෙලා යනවද?,balance_not_updated_after_bank_transfer,balance_not_updated_after_bank_transfer,True
2692,හලෝ මම පැය කීපයකට කලින් මගේ local bank account එකෙන් bank transfer එකක් කළා ඒත් තාම පේන්නේ නෑ. ඔක්කොම හරිද කියලා check කරන්නද?,balance_not_updated_after_bank_transfer,balance_not_updated_after_bank_transfer,True
2693,මම transfer එකක් කළා තාම බලාගෙන ඉන්නවා.,balance_not_updated_after_bank_transfer,pending_transfer,False
2694,මම රටින් පිටත transfer එකක් කළා තාම go through වුනේ නෑ.,balance_not_updated_after_bank_transfer,transfer_not_received_by_recipient,False
2695,"transfer එකට පස්සේ, balance එක update වුනේ නෑ.",balance_not_updated_after_bank_transfer,balance_not_updated_after_bank_transfer,True
2696,"පැය කීපයකට කලින් මම local bank account එකෙන් කරපු transfer එකක් check කරන්නද, තාම පේන්නේ නෑ.",balance_not_updated_after_bank_transfer,balance_not_updated_after_bank_transfer,True
2697,මට cash transfer කළා ඒත් balance එක වෙනස් වුනේ නෑ.,balance_not_updated_after_bank_transfer,balance_not_updated_after_bank_transfer,True
2698,මගේ අන්තිම bank transfer එක බලාගන්න බෑ,balance_not_updated_after_bank_transfer,balance_not_updated_after_bank_transfer,True
2699,මගේ bank transfer එක තාම මගේ account එකේ පේන්නේ නෑ.,balance_not_updated_after_bank_transfer,balance_not_updated_after_bank_transfer,True
2700,මම transfer එකක් කළා ඒක මගේ account එකේ පේන්නේ නෑ.,balance_not_updated_after_bank_transfer,balance_not_updated_after_bank_transfer,True
2701,මම සල්ලි ටිකක් transfer කළා තාම ලැබෙන්නේ නෑ.,balance_not_updated_after_bank_transfer,transfer_not_received_by_recipient,False
2702,මගේ balance එක එකම ඇයි? මම transfer එකක් process කළා.,balance_not_updated_after_bank_transfer,balance_not_updated_after_bank_transfer,True
2703,මගේ transfer එක මට නැත්තේ ඇයි?,balance_not_updated_after_bank_transfer,failed_transfer,False
2704,මගේ account එකේ transfer එක නොපෙන්නෙන්නේ ඇයි?,balance_not_updated_after_bank_transfer,balance_not_updated_after_bank_transfer,True
2705,මම transfer කරපු සල්ලි balance එකේ පේන්නේ නෑ.,balance_not_updated_after_bank_transfer,balance_not_updated_after_bank_transfer,True
2706,මම transfer එකක් complete කළා ඒත් ඒක පේන්නේ නෑ.,balance_not_updated_after_bank_transfer,transfer_not_received_by_recipient,False
2707,මම account එකට transfer එකක් කළා ඒත් පේන්නේ නෑ,balance_not_updated_after_bank_transfer,balance_not_updated_after_bank_transfer,True
2708,මගේ transfer එක available වෙන්නේ කවදද,balance_not_updated_after_bank_transfer,transfer_timing,False
2709,මම balance transfer එකක් කළා කියලා නොපෙන්නෙන්නේ ඇයි?,balance_not_updated_after_bank_transfer,balance_not_updated_after_bank_transfer,True
2710,"පැය කීපයකට කලින් මම local bank account එකෙන් bank transfer එකක් කළා. එය තාම පේන්නේ නෑ, ඒක go through වුනාද කියලා check කරන්නද?",balance_not_updated_after_bank_transfer,balance_not_updated_after_bank_transfer,True
2711,මගේ transfer එක pending.,balance_not_updated_after_bank_transfer,pending_transfer,False
2712,"හෙයි, පැය කීපයකට කලින් local bank account එකෙන් bank transfer එකක් කරන්න try කළා, ඒත් තාම පේන්නේ නෑ. ඔක්කොම හරිද කියලා check කරන්නද?",balance_not_updated_after_bank_transfer,balance_not_updated_after_bank_transfer,True
2713,[country] එකෙන් මගේ transfer එක කොහෙද?,balance_not_updated_after_bank_transfer,country_support,False
2714,"මම bank transfer එකක් කළා, මගේ account balance එකේ ඒක පේන්නේ නෑ.",balance_not_updated_after_bank_transfer,balance_not_updated_after_bank_transfer,True
2715,මගේ සල්ලි කොහෙද? මම transfer කළා ඒක account එකේ නෑ.,balance_not_updated_after_bank_transfer,balance_not_updated_after_bank_transfer,True
2716,local bank account එකකින් typical transfer time frame එක දැනගන්න ඕනේ. මම දැන් transfer එකක් කළා ඒක නොපෙන්නෙනවා. ඔක්කොම හරිද කියලා confirm කරගන්න ඕනේ.,balance_not_updated_after_bank_transfer,balance_not_updated_after_bank_transfer,True
2717,මගේ balance එකේ transfer එක reflect නොවෙන්නේ ඇයි,balance_not_updated_after_bank_transfer,balance_not_updated_after_bank_transfer,True
2718,මම දැන් සල්ලි transfer කළත් මගේ account balance එක වැඩි වුනේ නෑ,balance_not_updated_after_bank_transfer,topping_up_by_card,False
2719,bank transfer එකකට පස්සේ මගේ අලුත් balance එක පේන්නේ කවදද?,balance_not_updated_after_bank_transfer,balance_not_updated_after_bank_transfer,True
2720,කවුරු හරි මගේ කාඩ් එකෙන් සල්ලි ගන්නවා කියලා මම හිතනවා. මම මොකද කරන්නේ?,cash_withdrawal_not_recognised,compromised_card,False
2721,මගේ නොවන withdrawal එකක් ඇප් එකේ තියෙනවා.,cash_withdrawal_not_recognised,cash_withdrawal_not_recognised,True
2722,"මම දැන් තමයි wallet එක නැති කළේ, ඔයාලා දැනටමත් මගේ account එකෙන් සල්ලි withdraw කරගෙන යනවා. මේක නවත්තන්නේ කොහොමද?",cash_withdrawal_not_recognised,cash_withdrawal_not_recognised,True
2723,"මට ATM එකකින් cash ලැබුනේ නෑ, ඒත් ඇප් එකේ ලැබුනා කියලා තියෙනවා",cash_withdrawal_not_recognised,cash_withdrawal_not_recognised,True
2724,මගේ ඇප් එකේ මට ලැබුනේ නැති cash එකක් තියෙනවා.,cash_withdrawal_not_recognised,cash_withdrawal_not_recognised,True
2725,ඇප් එකේ අහම්බෙන් withdrawal එකක් තියෙන්නේ ඇයි?,cash_withdrawal_not_recognised,cash_withdrawal_not_recognised,True
2726,account එකේ suspicious cash withdraw එකක් තියෙනවා.,cash_withdrawal_not_recognised,cash_withdrawal_not_recognised,True
2727,"මට ATM එකකින් cash ලැබුනේ නෑ, ඒත් ඇප් එකට අනුව මම නොකළ ට්‍රැන්සැක්ෂන් එකක් වුනා.",cash_withdrawal_not_recognised,cash_withdrawal_not_recognised,True
2728,"ATM එකකින් cash withdraw කළා කියලා ඇප් එකේ තියෙනවා, මම කළේ නෑ",cash_withdrawal_not_recognised,cash_withdrawal_not_recognised,True
2729,"ATM එකකින් cash ලැබුනා කියලා ඇප් එකේ තියෙනවා, මට ලැබුනේ නෑ.",cash_withdrawal_not_recognised,cash_withdrawal_not_recognised,True
2730,අමතක withdrawal එකක් තියෙන නිසා මගේ bank card එක freeze කරන්නේ කොහොමද?,cash_withdrawal_not_recognised,cash_withdrawal_not_recognised,True
2731,මම නොකළ cash withdrawal එකක් මම දකිනවා.,cash_withdrawal_not_recognised,cash_withdrawal_not_recognised,True
2732,මම ඇප් එක check කළා මම authorize නොකළ අමතර cash withdrawal එකක් දැක්කා,cash_withdrawal_not_recognised,cash_withdrawal_not_recognised,True
2733,මගේ statement එකේ අමතක cash withdrawal එකක් තියෙනවා,cash_withdrawal_not_recognised,cash_withdrawal_not_recognised,True
2734,මම නොකළ cash withdraw එකක් මගේ statement එකේ තියෙනවා.,cash_withdrawal_not_recognised,cash_withdrawal_not_recognised,True
2735,මම හිතන්නේ කවුරු හරි මගේ කාඩ් එකෙන් සල්ලි withdraw කරනවා. කවුරු හරි මගේ wallet එක හොරකම් කළා. මම මොකද කරන්නේ? මේක urgent.,cash_withdrawal_not_recognised,cash_withdrawal_not_recognised,True
2736,ඇප් එකේ මගේ නොවන cash withdrawal එකක් මම දකිනවා,cash_withdrawal_not_recognised,cash_withdrawal_not_recognised,True
2737,මගේ account එකේ අමතක withdrawal එකක් තියෙනවා.,cash_withdrawal_not_recognised,cash_withdrawal_not_recognised,True
2738,මගේ statement එකේ withdrawl එකක් ගැන මට හරියටම දන්නේ නෑ.,cash_withdrawal_not_recognised,cash_withdrawal_not_recognised,True
2739,"වෙන කවුරු හරි මගේ account එකෙන් cash withdraw කළා වගේ, උදව් කරන්නද?",cash_withdrawal_not_recognised,cash_withdrawal_not_recognised,True
2740,මම නොකළ withdraw එකක් පේනවා කියලා මම හිතනවා.,cash_withdrawal_not_recognised,cash_withdrawal_not_recognised,True
2741,මට ලැබුනේ නැති cash එකක් මගේ ඇප් එකේ පේනවා.,cash_withdrawal_not_recognised,cash_withdrawal_not_recognised,True
2742,"මගේ account එකෙන් Rs 500,000ක unauthorized cash withdrawal එකක් තියෙනවා. මම මේ withdrawal එක ස්ථිරවම කළේ නෑ. මට ඔයාලගේ උදව් ඕනේ.",cash_withdrawal_not_recognised,cash_withdrawal_not_recognised,True
2743,මම නොකළ ATM withdrawl එකක් ඇප් එකේ තියෙනවා.,cash_withdrawal_not_recognised,cash_withdrawal_not_recognised,True
2744,මගේ account එකේ odd withdrawal එකක් තියෙනවා.,cash_withdrawal_not_recognised,cash_withdrawal_not_recognised,True
2745,"ටික කාලයකට කලින් හොරකම් වුන මගේ කාඩ් එක cancel කරගන්න ඕනේ. දැනටමත් කවුරු හරි ටිකක් සල්ලි ගත්තා, තව ගන්න ඕනේ නෑ. ප්ලීස් ඒක කරන්නද?",cash_withdrawal_not_recognised,lost_or_stolen_card,False
2746,මගේ කාඩ් එක cancel කරන්නේ කොහොමද? මම නොකළ charges මගේ account එකේ තියෙනවා.,cash_withdrawal_not_recognised,compromised_card,False
2747,"error එකක් තියෙනවා, ඇප් එකේ මම ATM withdrawal එකක් කළා කියලා තියෙනවා, මම කළේ නෑ.",cash_withdrawal_not_recognised,cash_withdrawal_not_recognised,True
2748,"කවුරුවත්ට උදව් කරන්න පුළුවන්ද, මම wallet එක නැති කළා, ඒගොල්ලෝ මගේ account එකෙන් withdraw කරන්න පටන් අරන්.",cash_withdrawal_not_recognised,cash_withdrawal_not_recognised,True
2749,මගේ statement එකේ අමතක withdrawl එකක් දැක්කොත් මම මොකද කරන්නේ?,cash_withdrawal_not_recognised,cash_withdrawal_not_recognised,True
2750,cash withdrawal එකක් මම හඳුනන්නේ නෑ,cash_withdrawal_not_recognised,pending_cash_withdrawal,False
2751,"උදව්! මගේ wallet එක හොරකම් වුනා, කවුරු හරි සල්ලි ගන්නවා. මට මේ සල්ලි ඕනේ! මම මොකද කරන්නේ?",cash_withdrawal_not_recognised,cash_withdrawal_not_recognised,True
2752,මම හරියටම දන්නේ නැති cash withdrawal transaction එකක් තියෙනවා.,cash_withdrawal_not_recognised,cash_withdrawal_not_recognised,True
2753,මම ATM එකකින් සල්ලි ගත්තේ නෑ ඒත් මගේ ඇප් statement එකේ මම ගත්තා කියලා තියෙනවා. මේක fix කරන්නේ කොහොමද?,cash_withdrawal_not_recognised,cash_withdrawal_not_recognised,True
2754,"කවුරු හරි මගේ කාඩ් එක හොරකම් කළා. මගේ ළඟ කාඩ් එක තියෙද්දිත්, කවුරු හරි Rs 500,000ක cash withdrawal එකක් කළා. ප්ලීස් ඉක්මනට උදව් කරන්න.",cash_withdrawal_not_recognised,cash_withdrawal_not_recognised,True
2755,මට ලැබුනේ නැති cash එකක් ඇප් එකේ පේනවා.,cash_withdrawal_not_recognised,cash_withdrawal_not_recognised,True
2756,මගේ කාඩ් එකට ප්‍රොබ්ලමයක් තියෙනවා. මම ගිහින් නැති town එකක කවුරු හරි මගේ account එකෙන් සල්ලි අරගෙන. ප්ලීස් මගේ account එක දැන්ම freeze කරන්නද?,cash_withdrawal_not_recognised,cash_withdrawal_not_recognised,True
2757,ඇප් එකේ මම හඳුනන්නේ නැති ATM withdrawl එකක් තියෙනවා.,cash_withdrawal_not_recognised,cash_withdrawal_not_recognised,True
2758,මම නොකළ cash withdrawal එකක් පේනවා.,cash_withdrawal_not_recognised,cash_withdrawal_not_recognised,True
2759,"ඇප් එකේ error එකක් වුනා, මම cash withdrawal එකක් කළා කියලා කිව්වා.",cash_withdrawal_not_recognised,cash_withdrawal_not_recognised,True
2760,exchange fee එකක් තියෙනවද?,exchange_charge,exchange_charge,True
2761,ඔයාලගේ exchange rate එක මොකක්ද,exchange_charge,wrong_exchange_rate_for_cash_withdrawal,False
2762,ඔයාලගේ currency exchange fees මොනවද?,exchange_charge,exchange_charge,True
2763,exchange rate එක හොයාගන්නේ කොහෙද?,exchange_charge,wrong_exchange_rate_for_cash_withdrawal,False
2764,cross-currency exchanges වලට base amount එක මොකක්ද?,exchange_charge,exchange_charge,True
2765,"මගේ වැඩ නිසා මට ලෝකෙ පුරාම යන්න වෙනවා, exchange කරන්න ඕනේ සල්ලි ගානට discount එකක් ලැබෙයිද?",exchange_charge,exchange_charge,True
2766,currencies exchange කරන්න මට කීයක් වැඩිපුර ගෙවන්න ඕනේද?,exchange_charge,exchange_charge,True
2767,currencies exchange කරන්න ෆී එකක් තියෙනවද?,exchange_charge,exchange_charge,True
2768,currencies exchange කරන්න කීයක් යනවද?,exchange_charge,exchange_charge,True
2769,exchange charge එක මොකක්ද,exchange_charge,exchange_charge,True
2770,නිතරම currencies exchange කරන කෙනෙක්ට discount එකක් තියෙනවද?,exchange_charge,exchange_charge,True
2771,විදේශ සල්ලි exchange කරන්න ෆී එකක් තියෙනවද?,exchange_charge,exchange_charge,True
2772,currencies exchange කරන්න ගෙවන්න ඕනේද?,exchange_charge,exchange_via_app,False
2773,currencies exchange කරන්න අමතර cost එකක් යනවද?,exchange_charge,exchange_charge,True
2774,විදේශ currencies exchange කරන්න ෆී එකක් තියෙනවද?,exchange_charge,exchange_charge,True
2775,විදේශ currencies exchange කරන්න ෆී එකක් charge කරයිද?,exchange_charge,exchange_charge,True
2776,"cross currency exchange එකකට කීයක් යනවද, discounts තියෙනවද කියලා check කරන්න පුළුවන්ද?",exchange_charge,exchange_charge,True
2777,multiple currency exchanges වලට discount එකක් ඔයාලා offer කරනවද?,exchange_charge,exchange_charge,True
2778,exchange fee එකට මම කීයක් ගෙවන්න ඕනේද?,exchange_charge,exchange_charge,True
2779,"මට currency exchange කරන්න ඕනේ නම්, extras තියෙනවද?",exchange_charge,exchange_charge,True
2780,මට currency exchange කරන්න ඕනේ නම් අමතර fee එකක් තියෙනවද?,exchange_charge,exchange_charge,True
2781,frequent currency exchanges වලට discounts offer කරනවද කියලා මම හිතුවා?,exchange_charge,exchange_charge,True
2782,currencies exchange කරන්න මට charge කරයිද?,exchange_charge,exchange_charge,True
2783,exchange fee එක මොකක්ද?,exchange_charge,exchange_charge,True
2784,මේ කාඩ් එකෙන් currencies exchange කරන්න cost එකක් යනවද?,exchange_charge,exchange_charge,True
2785,exhcange එකකට ඔයාලා කීයක් charge කරනවද,exchange_charge,top_up_by_bank_transfer_charge,False
2786,currencies exchange කරන්න hidden fees මොනවහරි තියෙනවද?,exchange_charge,exchange_charge,True
2787,"මම ට්‍රැවල් කරද්දි, මගේ currency එක switch කරන්න cost එක මොකක්ද?",exchange_charge,automatic_top_up,False
2788,විදේශ currency exchange කරන්න මම කීයක් ගෙවන්න ඕනේද?,exchange_charge,exchange_charge,True
2789,currency exchange services වලට cost එකක් යනවද?,exchange_charge,exchange_charge,True
2790,currency exchange කරන්න අමතර charges තියෙනවද?,exchange_charge,exchange_charge,True
2791,"මට currencies නිතරම exchange කරන්න ඕනේ, discount එකක් ලැබෙයිද?",exchange_charge,exchange_charge,True
2792,විදේශ currency exchange එකකට charge එකක් තියෙනවද?,exchange_charge,exchange_charge,True
2793,නිතරම currencies exchange කරන එකට discount එකක් තියෙනවද?,exchange_charge,exchange_charge,True
2794,exchange fee එකට cost එක මොකක්ද?,exchange_charge,exchange_charge,True
2795,මගේ currency එක exchange කරන්න ඕනේ නම් වැඩි සල්ලි යනවද?,exchange_charge,exchange_charge,True
2796,"මට currencies exchange කරගන්න ඕනේ, ඒත් අමතර charge එකක් තියෙනවද?",exchange_charge,exchange_via_app,False
2797,exchanges වලට කිසි එකක් cost කරයිද?,exchange_charge,exchange_charge,True
2798,විදේශයෙන් අමතර costs නැතුව සල්ලි exchange කරන්න පුළුවන්ද?,exchange_charge,exchange_via_app,False
2799,currencies exchange කරන්න cost එකක් යනවද?,exchange_charge,exchange_charge,True
2800,top up කරන්න විදේශ bank card එකක් පාවිච්චි කරන්න ෆී එකක් තියෙනවද?,top_up_by_card_charge,topping_up_by_card,False
2801,international card එකකින් සල්ලි add කරන්න fees තියෙනවද?,top_up_by_card_charge,top_up_by_card_charge,True
2802,"US card එකකින් පාවිච්චි කළම මට charge කළා. ඇයි, සල්ලි add කරන්න free cards මොනවද?",top_up_by_card_charge,top_up_by_card_charge,True
2803,සල්ලි add කළොත් international card එකට hidden fees තියෙනවද?,top_up_by_card_charge,top_up_by_card_charge,True
2804,මගේ කාඩ් එක top off කරන්න මට charge කරයිද?,top_up_by_card_charge,top_up_by_bank_transfer_charge,False
2805,US cards top up කරන්න charges තියෙනවද?,top_up_by_card_charge,top_up_by_card_charge,True
2806,top ups වලට fees තියෙනවද?,top_up_by_card_charge,top_up_by_card_charge,True
2807,top up එකක් සමග US cards වලට charges මොනවද.,top_up_by_card_charge,top_up_by_card_charge,True
2808,විදේශ කාඩ් එකකින් top up කරන්න අමතර charge එකක් තියෙනවද?,top_up_by_card_charge,top_up_by_card_charge,True
2809,top ups වලට fees ගන්නවද?,top_up_by_card_charge,top_up_by_card_charge,True
2810,"මම දැන් තමයි කාඩ් එක top off කළේ, මට charge කරයිද?",top_up_by_card_charge,top_up_by_bank_transfer_charge,False
2811,කාඩ් එකකින් top up කරන්න කීයක් යනවද?,top_up_by_card_charge,top_up_by_card_charge,True
2812,top up එකකට විදේශ bank card එකක් පාවිච්චි කළොත් fees තියෙනවද?,top_up_by_card_charge,top_up_by_card_charge,True
2813,top-up fees මොනවද?,top_up_by_card_charge,top_up_by_card_charge,True
2814,මගේ කාඩ් එක top up කරන්න charge එක කීයද?,top_up_by_card_charge,top_up_by_card_charge,True
2815,US card එකක් top up කරන්න මම කීයක් ගෙවනවා කියලා බලාපොරොත්තු වෙන්නද?,top_up_by_card_charge,top_up_by_card_charge,True
2816,කාඩ් එකකින් top up කළොත් fee එකක් include වෙනවද?,top_up_by_card_charge,top_up_by_card_charge,True
2817,"විදේශ bank card එකක් top up එකකට පාවිච්චි කළොත්, මට charge කරයිද?",top_up_by_card_charge,top_up_by_bank_transfer_charge,False
2818,top up එකකට විදේශ bank card එකකට අමතර fees තියෙනවද?,top_up_by_card_charge,top_up_by_card_charge,True
2819,top up එකකට විදේශ bank card එකක් පාවිච්චි කළොත් මට charge කරයිද?,top_up_by_card_charge,top_up_by_bank_transfer_charge,False
2820,top up එකකට විදේශ bank card එකක් පාවිච්චි කරන්න ඕනේ. ගෙවන්න ඕනේද?,top_up_by_card_charge,supported_cards_and_currencies,False
2821,කාඩ් එකකින් top up කරන්න මට charge කරයිද?,top_up_by_card_charge,top_up_by_bank_transfer_charge,False
2822,top up කරන්න ෆී එකක් තියෙනවද,top_up_by_card_charge,extra_charge_on_statement,False
2823,top ups වලට ඔයාලා කීයක් charge කරනවද?,top_up_by_card_charge,top_up_by_card_charge,True
2824,US card එකක් top up කරන්න මොකක් හරි cost කරයිද?,top_up_by_card_charge,top_up_by_card_charge,True
2825,මගේ කාඩ් එක top up කිරීමට fee එකක් තියෙනවද?,top_up_by_card_charge,card_payment_fee_charged,False
2826,international card එකක් පාවිච්චි කරලා සල්ලි add කරන්න fees තියෙනවද,top_up_by_card_charge,top_up_by_card_charge,True
2827,"US card එකක් පාවිච්චි කරද්දි, top up/off එකකට cost එක මොකක්ද?",top_up_by_card_charge,supported_cards_and_currencies,False
2828,"top up එකකට විදේශ card එකක් පාවිච්චි කරන්න ඕනේ, charge එක මොකක්ද?",top_up_by_card_charge,supported_cards_and_currencies,False
2829,top up කරන්න bank card එකක් පාවිච්චි කරන එක හරිද,top_up_by_card_charge,supported_cards_and_currencies,False
2830,top up කරන්න fee එකක් තියෙනවද?,top_up_by_card_charge,top_up_by_card_charge,True
2831,top ups වලට කිසි fees එකක් තියෙනවද?,top_up_by_card_charge,top_up_by_card_charge,True
2832,international card එකකින් සල්ලි add කරන්න fees මොනවද?,top_up_by_card_charge,top_up_by_card_charge,True
2833,top up එකකට විදේශ bank එකක් පාවිච්චි කළොත් charge එකක් හෝ discount එකක් තියෙනවද?,top_up_by_card_charge,top_up_by_bank_transfer_charge,False
2834,top ups වලට fee එකක් තියෙනවද?,top_up_by_card_charge,top_up_by_card_charge,True
2835,international card එකකින් top up කරන්න පුළුවන්ද,top_up_by_card_charge,top_up_by_card_charge,True
2836,international card එකකින් සල්ලි add කරන්න ඕනේ නම් මොකද වෙන්නේ? fees වලට run into වේවිද?,top_up_by_card_charge,top_up_by_card_charge,True
2837,international card එකට සල්ලි add කරන්න අමතර fees තියෙනවද?,top_up_by_card_charge,top_up_by_card_charge,True
2838,top ups වලට fees මොනවද?,top_up_by_card_charge,top_up_by_card_charge,True
2839,US cards වලට top up charges මොනවද?,top_up_by_card_charge,top_up_by_card_charge,True
2840,ප්ලීස් මගේ කාඩ් එක activate කරන්නද,activate_my_card,activate_my_card,True
2841,"මගේ කාඩ් එක activate කරන්න ඕනේ, දැන් ඒක කරන්න පුළුවන්ද?",activate_my_card,activate_my_card,True
2842,මගේ අලුත් කාඩ් එක activate කරන්න මම මොකද කරන්න ඕනේ?,activate_my_card,activate_my_card,True
2843,මගේ අලුත් කාඩ් එක activate කරන්නේ කොහොමද කියලා කියන්නද?,activate_my_card,activate_my_card,True
2844,මට පාවිච්චි කරන්න පටන් ගන්න මගේ කාඩ් එක activate කරන්නේ කොහොමද?,activate_my_card,activate_my_card,True
2845,මගේ අලුත් කාඩ් එක activate වෙන්න කොච්චර වෙලා යනවද?,activate_my_card,activate_my_card,True
2846,මගේ කාඩ් එක activate කරන්න හරි විදිය මොකක්ද?,activate_my_card,activate_my_card,True
2847,"මට අලුත් කාඩ් එක ලැබුනා, ඒක activate කරන්නේ කොහොමද?",activate_my_card,activate_my_card,True
2848,මගේ අලුත් කාඩ් එක renew කරන්න විදියක් තියෙනවද?,activate_my_card,activate_my_card,True
2849,මට ලැබුන කාඩ් එකක් activate කරන්නේ කොහොමද?,activate_my_card,activate_my_card,True
2850,මට මගේ කාඩ් එක activate කරගන්න බැරි ඇයි?,activate_my_card,activate_my_card,True
2851,කාඩ් activation process එක මොකක්ද?,activate_my_card,activate_my_card,True
2852,කාඩ් එක MISSING වුනාට පස්සේ මම මොකද කරන්නේ,activate_my_card,card_swallowed,False
2853,"මට අලුත් කාඩ් එක ලැබුනා, ඒක activate කරන්න කොහෙට යන්න ඕනේද?",activate_my_card,activate_my_card,True
2854,"මගේ කාඩ් එක පාවිච්චි කරන්න ඕනේ, ඒක මුලින්ම activate කරන්න ඕනේ. මේකට උදව් කරන්නද?",activate_my_card,activate_my_card,True
2855,මගේ අලුත් කාඩ් එක activate කරන්න මට උදව් ඕනේ.,activate_my_card,activate_my_card,True
2856,කාඩ් එක activate කරන්නේ කොහොමද?,activate_my_card,activate_my_card,True
2857,"ප්ලීස්, මගේ කාඩ් එක activate කරන්න",activate_my_card,activate_my_card,True
2858,මගේ කාඩ් එක activate කරන්න try කළා වැඩ කළේ නෑ,activate_my_card,activate_my_card,True
2859,"මට දැන් තමයි කාඩ් එක ලැබුනේ, ඒක පාවිච්චි කරන්න ඕනේ, මගේ කාඩ් එක activate කරන්නේ කොහොමද?",activate_my_card,activate_my_card,True
2860,"මට අලුත් කාඩ් එකක් තියෙනවා, ඒක activate කරගන්න ඕනේ",activate_my_card,activate_my_card,True
2861,කාඩ් activation එකට ප්ලීස් මට උදව් කරන්න.,activate_my_card,activate_my_card,True
2862,මගේ කාඩ් එක activate කරන්න මට උදව් ඕනේ,activate_my_card,activate_my_card,True
2863,මගේ කාඩ් එක පාවිච්චි කරන්න පටන් ගන්නේ කොහොමද?,activate_my_card,activate_my_card,True
2864,මගේ කාඩ් එක activate කිරීම,activate_my_card,activate_my_card,True
2865,මගේ කාඩ් එක activate වෙන්නේ කවදද?,activate_my_card,activate_my_card,True
2866,මගේ කාඩ් එක activate කරන්නේ කොහොමද?,activate_my_card,activate_my_card,True
2867,මගේ අලුත් කාඩ් එක activate කරන්න steps මොනවද?,activate_my_card,activate_my_card,True
2868,මගේ අලුත් කාඩ් එක activate කරන්නේ කොහොමද?,activate_my_card,activate_my_card,True
2869,මගේ අලුත් කාඩ් එකේ activation process එක මොකක්ද?,activate_my_card,activate_my_card,True
2870,මගේ කාඩ් එක activate කරන්න කවුරු හරි උදව් කරන්නද.,activate_my_card,activate_my_card,True
2871,මගේ කාඩ් එක activate කරන process එක මොකක්ද?,activate_my_card,activate_my_card,True
2872,මගේ අලුත් කාඩ් එක පාවිච්චි කරන්නේ කොහොමද?,activate_my_card,activate_my_card,True
2873,"මට අලුත් කාඩ් එක ලැබුනා, ඒක activate කරන්න ඕනේද, කොහොමද කියලා ස්ථිර නෑ.",activate_my_card,activate_my_card,True
2874,අලුත් කාඩ් එකක් activate කරන steps මොනවද?,activate_my_card,activate_my_card,True
2875,"දැන් පාවිච්චි කරන්න මගේ කාඩ් එක activate කරගන්න ඕනේ, උදව් කරන්නද?",activate_my_card,activate_my_card,True
2876,අලුත් කාඩ් එකක් activate කරන්නේ කොහොමද?,activate_my_card,activate_my_card,True
2877,"මට මේ කාඩ් එක දැන් තමයි ලැබුනේ, ඒක activate කරන්නේ කොහොමද කියලා දන්නේ නෑ.",activate_my_card,activate_my_card,True
2878,මට අලුත් කාඩ් එක ලැබුනා. ඒක activate කරන්නේ කොහොමද?,activate_my_card,activate_my_card,True
2879,මගේ කාඩ් එක activate කරන්න මම මොකද කරන්න ඕනේ?,activate_my_card,activate_my_card,True
2880,cash withdraw එකකට fees මම දකිනවා.,cash_withdrawal_charge,cash_withdrawal_charge,True
2881,මම cash withdraw කළම මට අමතර charge කළේ ඇයි?,cash_withdrawal_charge,cash_withdrawal_charge,True
2882,cash withdraw කරද්දි මට charge කරන්නේ ඇයි?,cash_withdrawal_charge,cash_withdrawal_charge,True
2883,cash withdrawal එකකට මගේ account එකේ මේ charge එක මොකක්ද?,cash_withdrawal_charge,cash_withdrawal_charge,True
2884,cash withdrawals වලට fees charge කරන්නේ ඇයි? අද shopping කරලා ටිකකට කලින් සල්ලි withdraw කරන්න ගියා. කලින් නැති ෆී එකක් තියෙනවා.,cash_withdrawal_charge,cash_withdrawal_charge,True
2885,"cash withdrawals වලට ඔයාලා charge කරන්නේ ඇයි? අද groceries ගත්තට පස්සේ cash withdraw කළා, අලුත් fee එකක් වගේ තියෙනවා",cash_withdrawal_charge,cash_withdrawal_charge,True
2886,"ATM එකට ගිය එකට withdrawal fee එකක් charge කළා වගේ. ඒක ඇයි, මොකද කලින් මේකට charge කරලා නෑ?",cash_withdrawal_charge,cash_withdrawal_charge,True
2887,"ATM cash withdrawals වලට දැන් charge එකක් තියෙනවද? කලින් free තිබුනා, ඒත් එකපාරටම ATM withdrawals වලට pay කරන්න ඕනේ?",cash_withdrawal_charge,cash_withdrawal_charge,True
2888,withdraw කරපු සල්ලි වලට අමතර charge එකක් තියෙන්නේ ඇයි?,cash_withdrawal_charge,cash_withdrawal_charge,True
2889,cash withdraw කරන්න මට ෆී එකක් අයකළේ ඇයි?,cash_withdrawal_charge,declined_cash_withdrawal,False
2890,මට ෆී එකක් ලැබුනේ ඇයි?,cash_withdrawal_charge,extra_charge_on_statement,False
2891,තියෙන්න බැරි ෆී එකක් මගේ cash එකට charge කළේ ඇයි.,cash_withdrawal_charge,extra_charge_on_statement,False
2892,මම cash ගත්තම ෆී එකක් ගෙවන්න ඕනේ වුනේ ඇයි?,cash_withdrawal_charge,extra_charge_on_statement,False
2893,"හලෝ, මගේ account එකේ මෑතක වුන transaction එකක් ගැන call කරන්නේ. මෑතක ATM එකට ගිහින්, account එකෙන් withdraw කරන්න try කළා. transaction slip එක check කරද්දි withdrawal එකට ෆී එකක් දැක්කා. මේක resolve කරන්නේ කොහොමද, මේ වගේ action එකකට fees charge කරනවා කියලා දන්නේ නෑ.",cash_withdrawal_charge,cash_withdrawal_charge,True
2894,මගේ මෑත withdrawal එකට ෆී එකක් charge කළා.,cash_withdrawal_charge,cash_withdrawal_charge,True
2895,ATM withdrawal එකකට මට ෆී එකක් ලැබුනා.,cash_withdrawal_charge,cash_withdrawal_charge,True
2896,simple cash withdrawal එකකට පස්සේ මට ලැබුන මේ ෆී එකේ හේතුව මොකක්ද?,cash_withdrawal_charge,cash_withdrawal_charge,True
2897,"cash withdrawals වලට charge කරන්න පටන් ගත්තද? මම හිතුවේ දැනට free කියලා, ඒත් එකපාරටම ෆී එකක් තියෙනවා දැක්කා. මම කීයක් ගෙවන්න ඕනේද?",cash_withdrawal_charge,cash_withdrawal_charge,True
2898,cash withdraw කරන්න ෆී එකක් තියෙනවද?,cash_withdrawal_charge,declined_cash_withdrawal,False
2899,"cash withdraw කරද්දි මට charge කළා, ඇයි කියලා පැහැදිලි කරන්නද?",cash_withdrawal_charge,cash_withdrawal_charge,True
2900,ATM එකක් පාවිච්චි කළම මගේ account එකට charge කළේ ඇයි?,cash_withdrawal_charge,cash_withdrawal_charge,True
2901,cash ගන්න එකට මගේ account එකේ charge එකක් තියෙන්නේ ඇයි?,cash_withdrawal_charge,cash_withdrawal_charge,True
2902,ATM ෆී එකක් මගේ මෑත withdrawal එකට attach කළා.,cash_withdrawal_charge,atm_support,False
2903,cash withdrawals වලට fee එකක් නෑ කියලා මම හිතුවා,cash_withdrawal_charge,cash_withdrawal_charge,True
2904,cash ගන්න try කළම මට ෆී එකක් charge කළේ ඇයි?,cash_withdrawal_charge,cash_withdrawal_charge,True
2905,"grocery store එකේ checkout කරද්දි, cash ඕනේ වුනා ඉල්ලුවා. ඒත් ට්‍රැන්සැක්ෂන් එකට ෆී එකක් තියෙනවා දැක්කා. ෆී එකක් charge කළේ ඇයි?",cash_withdrawal_charge,cash_withdrawal_charge,True
2906,ATM එකක් පාවිච්චි කිරීම නිසා මට අමතර ෆී එකක් ලැබුනා. ඇයි?,cash_withdrawal_charge,extra_charge_on_statement,False
2907,withdrawal එකකට මට වැඩිපුර charge කළා,cash_withdrawal_charge,cash_withdrawal_charge,True
2908,charge නොවෙන්නම withdraw කරන්න පුළුවන් amount එකට limit එකක් තියෙනවද?,cash_withdrawal_charge,atm_support,False
2909,cash withdrawals free කියලා මම හිතුවා? ෆී එකක් charge කළේ ඇයි? මේ ෆී එක කීයද?,cash_withdrawal_charge,cash_withdrawal_charge,True
2910,"තව fees, මේ පාර මගේම cash එක withdraw කරන එකට. ඔයාලා මාව robbery කරන්නේ ඇයි?",cash_withdrawal_charge,cash_withdrawal_charge,True
2911,cash withdrawal එකකට කලින් කවදාවත් ෆී එකක් charge කරලා නෑ. ඒක වෙනස් වුනේ කවදද?,cash_withdrawal_charge,cash_withdrawal_charge,True
2912,cash withdrawal එකකට මට charge කළා.,cash_withdrawal_charge,cash_withdrawal_charge,True
2913,cash withdrawal එකකට මට charge කළේ ඇයි?,cash_withdrawal_charge,cash_withdrawal_charge,True
2914,මම cash ගත්තා ෆී එකක් charge කළා,cash_withdrawal_charge,cash_withdrawal_charge,True
2915,මාසේ මුල් දවසේම කුඩා withdrawal එකකට ATM fee එකක් charge කළා. මාසෙකට 200ක් allowed කියලා මම හිතුවේ?,cash_withdrawal_charge,cash_withdrawal_charge,True
2916,මේ ATM එකේ මට වැරදි ෆී එකක් charge කළා.,cash_withdrawal_charge,wrong_amount_of_cash_received,False
2917,"මම cash ගත්තකොට, glitch එකක් නිසා overcharge කළා කියලා මම ස්ථිරයි.",cash_withdrawal_charge,wrong_exchange_rate_for_cash_withdrawal,False
2918,"cash ගත්ත එකට මගේ account එකට charge කළා, මේක වුනේ ඇයි?",cash_withdrawal_charge,cash_withdrawal_charge,True
2919,withdraw කරන එකට ෆී එකක් තියෙන්නේ ඇයි?,cash_withdrawal_charge,extra_charge_on_statement,False
2920,China එකට යවන්න අලුත් කාඩ් එකක් ඕඩර් කරන්න පුළුවන්ද?,card_about_to_expire,card_about_to_expire,True
2921,China එකට අලුත් කාඩ් එක එවන්න ඔයාලට පුළුවන්ද?,card_about_to_expire,card_about_to_expire,True
2922,මගේ කාඩ් එක expire වුනාම මගේ account එකට මොකද වෙන්නේ?,card_about_to_expire,card_about_to_expire,True
2923,මගේ කාඩ් එක expire වුනාම මම මොකද කරන්නේ?,card_about_to_expire,card_about_to_expire,True
2924,මගේ කාඩ් එකේ expiration date එක ළඟයි,card_about_to_expire,card_about_to_expire,True
2925,"මගේ කාඩ් එක expire වෙනවා, දැන් මොකද වෙන්නේ?",card_about_to_expire,card_about_to_expire,True
2926,මගේ කාඩ් එක expire වෙන්න ළඟයි. මම මොකද කරන්න ඕනේ?,card_about_to_expire,card_about_to_expire,True
2927,අලුත් කාඩ් එකකට කොච්චර වෙලාවක් සහ කීයක් යනවද,card_about_to_expire,contactless_not_working,False
2928,අලුත් කාඩ් එකක් ලබාගන්න කීයක් යනවද? මගේ එක almost expire වෙලා. කොච්චර ඉක්මනටද එන්නේ?,card_about_to_expire,card_about_to_expire,True
2929,"මගේ කාඩ් එක expire වෙන්න ළඟයි, අලුත් එකක් ලබාගන්න මම මොකද කරන්නේ?",card_about_to_expire,card_about_to_expire,True
2930,"මගේ කාඩ් එක expire වෙන්න ළඟයි, කීයක් යනවද කොච්චර වෙලාවක් යනවද කියලා දැනගන්න ඕනේ.",card_about_to_expire,card_about_to_expire,True
2931,මගේ කාඩ් එක expire වුනාම ඔයාලා අලුත් කාඩ් එකක් එවනවද?,card_about_to_expire,card_about_to_expire,True
2932,මගේ කාඩ් එක expire වෙන්න ළඟ නම් ඊළඟ step එක මොකක්ද.,card_about_to_expire,card_about_to_expire,True
2933,මගේ කාඩ් එක expire වුනාම මම මොකද කරන්න ඕනේ?,card_about_to_expire,card_about_to_expire,True
2934,"මට අලුත් කාඩ් එකක් ඕනේ, මගේ දැන් තියෙන කාඩ් එක almost expire වෙලා.",card_about_to_expire,card_about_to_expire,True
2935,"මගේ කාඩ් එක ලබන මාසේ expire වෙනවා වගේ, අලුත් එකක් ඕඩර් කරන්න පුළුවන්ද?",card_about_to_expire,card_about_to_expire,True
2936,"මගේ කාඩ් එක expire වෙන්න ළඟයි. අලුත් එකක් ඕඩර් කරන්න කීයක් යනවද, කොච්චර ඉක්මනට ලැබෙයිද?",card_about_to_expire,card_about_to_expire,True
2937,මගේ කාඩ් එක expire වෙනකොට මම මොකද කරන්නේ?,card_about_to_expire,card_about_to_expire,True
2938,"ඉක්මනටම මට අලුත් කාඩ් එකක් ඕනේ වේවි, ඕඩර් කරන්නේ කොහොමද?",card_about_to_expire,card_arrival,False
2939,"අලුත් කාඩ් එකක් ඕනේ, fees සහ කොච්චර වෙලාවක් යනවද",card_about_to_expire,card_delivery_estimate,False
2940,ලබන මාසේ මගේ එක expire වෙන නිසා අලුත් කාඩ් එකක් ඕඩර් කරන්න ඕනේද?,card_about_to_expire,card_about_to_expire,True
2941,"මගේ කාඩ් එක expire වුනාම, mail එකෙන් අලුත් එකක් ලැබෙයිද?",card_about_to_expire,card_about_to_expire,True
2942,current කාඩ් එක expire වෙනකලින් අලුත් එකක් ඕඩර් කරන්න ඕනේද?,card_about_to_expire,card_about_to_expire,True
2943,"මගේ කාඩ් එක expire වෙන්න ළඟ නිසා, මට අලුත් එකක් ඕනේ.",card_about_to_expire,card_about_to_expire,True
2944,"මගේ කාඩ් එක expire වෙන්න ගොඩක් ළඟයි. අලුත් එකක් ඕඩර් කරන්නේ කවදද, කරන්නේ කොහොමද?",card_about_to_expire,card_about_to_expire,True
2945,"මට අලුත් කාඩ් එකක් ඕඩර් කරන්න ඕනේ, මගේ එක expire වෙන්න ළඟයි, කීයක් යනවද, කොච්චර ලැබෙන්න යනවද කියලා දැනගන්න ඕනේ.",card_about_to_expire,card_about_to_expire,True
2946,expire වෙනකලින් අලුත් කාඩ් එකක් ඕඩර් කරන්නේ කොහොමද?,card_about_to_expire,card_about_to_expire,True
2947,මම China එකේ ඉන්නකොට අලුත් කාඩ් එකක් ලබාගන්න පුළුවන්ද?,card_about_to_expire,card_about_to_expire,True
2948,"ලබන මාසේ මගේ කාඩ් එක expire වෙනවා, අලුත් එකක් ඕඩර් කරන්න ඕනේද?",card_about_to_expire,card_about_to_expire,True
2949,මගේ කාඩ් එකේ expiration date එක ළඟින් එනවා.,card_about_to_expire,card_about_to_expire,True
2950,expire වෙන්න ළඟ පරණ කාඩ් එකක් replace කරන්න අලුත් එකක් ASAP ලබාගන්නේ කොහොමද?,card_about_to_expire,card_about_to_expire,True
2951,මගේ පරණ කාඩ් එක expire වෙන්න ළඟ නිසා අලුත් එකක් ඕනේ.,card_about_to_expire,card_about_to_expire,True
2952,මගේ කාඩ් එක expire වෙන්න ළඟයි.,card_about_to_expire,card_about_to_expire,True
2953,"මගේ කාඩ් එක ඉක්මනට expire වෙනවා. replacement එකකට කීයක් යනවද, කොච්චර ඉක්මනට ලැබෙයිද?",card_about_to_expire,card_about_to_expire,True
2954,"expire වුන කාඩ් එකක replacement එකකට price එක මොකක්ද, ලැබෙන්න කොච්චර වෙලා යනවද?",card_about_to_expire,card_about_to_expire,True
2955,"China එකේ, අලුත් කාඩ් එකක් ඕනේ",card_about_to_expire,card_about_to_expire,True
2956,"මගේ කාඩ් එක expire වෙන්න ළඟ නම්, අලුත් එකක් ඕඩර් කරන්න ඕනේද?",card_about_to_expire,card_about_to_expire,True
2957,මගේ කාඩ් එක expire වෙන්න ළඟයි. අලුත් එකක් ලබාගන්නේ කොහොමද?,card_about_to_expire,card_about_to_expire,True
2958,පරණ කාඩ් එකක් replace කරන්න cost එක සහ අලුත් කාඩ් එකක් ලැබෙන්නේ කවදද කියලා දැනගන්න ඕනේ.,card_about_to_expire,card_about_to_expire,True
2959,ලබන මාසේ මගේ කාඩ් එක expire වෙනවා,card_about_to_expire,card_about_to_expire,True
2960,Apple Watch එකේ top up feature එක available ද?,apple_pay_or_google_pay,apple_pay_or_google_pay,True
2961,top-ups වලට system Google Pay එක පාවිච්චි කරන්න පුළුවන්ද?,apple_pay_or_google_pay,apple_pay_or_google_pay,True
2962,මගේ Google Pay top-up එක වැඩ කරන්නේ නෑ,apple_pay_or_google_pay,apple_pay_or_google_pay,True
2963,Apple Pay එකෙන් සල්ලි add කරන්න පුළුවන්ද?,apple_pay_or_google_pay,apple_pay_or_google_pay,True
2964,top up කරන්න මගේ Apple Watch එක පාවිච්චි කරන්න පුළුවන්ද?,apple_pay_or_google_pay,apple_pay_or_google_pay,True
2965,Apple Pay එකෙන් top up කරන option එකක් තියෙනවද?,apple_pay_or_google_pay,apple_pay_or_google_pay,True
2966,මගේ Google Pay top up එක වැඩ කරන්නේ නෑ.,apple_pay_or_google_pay,apple_pay_or_google_pay,True
2967,Apple Pay එකෙන් top up කරන්න පුළුවන්ද?,apple_pay_or_google_pay,apple_pay_or_google_pay,True
2968,Apple Pay පාවිච්චි කරන්න setup කරන්න ඕනේද,apple_pay_or_google_pay,apple_pay_or_google_pay,True
2969,top up කරන්න Apple Pay පාවිච්චි කරන්න පුළුවන්ද?,apple_pay_or_google_pay,apple_pay_or_google_pay,True
2970,මගේ Google Pay top up කරන්නේ කොහොමද?,apple_pay_or_google_pay,apple_pay_or_google_pay,True
2971,Google Play වල top up කරන්න ඇප් එකක් තියෙනවද?,apple_pay_or_google_pay,apple_pay_or_google_pay,True
2972,"මට American Express card එක ලැබුනා, ඒත් Apple pay එක්ක වැඩ කරවගන්න ප්‍රොබ්ලමයක් තියෙනවා. උදව් කරන්නද?",apple_pay_or_google_pay,apple_pay_or_google_pay,True
2973,top up එකට apple pay eligible ද,apple_pay_or_google_pay,apple_pay_or_google_pay,True
2974,top up කරන්න Apple Pay එකේ American Express එක පාවිච්චි කරන්න බැරි ඇයි?,apple_pay_or_google_pay,apple_pay_or_google_pay,True
2975,මගේ apple watch එකෙන් සල්ලි add කරන්නේ කොහොමද,apple_pay_or_google_pay,apple_pay_or_google_pay,True
2976,"top up කරන්න ඕනේ නම්, Apple Pay පාවිච්චි කරන්න පුළුවන්ද?",apple_pay_or_google_pay,apple_pay_or_google_pay,True
2977,apple pay එකෙන් top up කරන්න පුළුවන්ද,apple_pay_or_google_pay,apple_pay_or_google_pay,True
2978,"මගේ American express එක apple pay එකේ top up එකට ප්‍රොබ්ලමයක් තියෙනවා, fix කරන්නද?",apple_pay_or_google_pay,apple_pay_or_google_pay,True
2979,මගේ top up එක Apple Pay එකේ වැඩ කරන්නේ නෑ.,apple_pay_or_google_pay,apple_pay_or_google_pay,True
2980,Apple Pay එකෙන් top up කරන්න පුළුවන් option එකක්ද?,apple_pay_or_google_pay,apple_pay_or_google_pay,True
2981,මගේ Google pay එකෙන් top up කරන්නේ කොහොමද කියලා දන්නේ නෑ.,apple_pay_or_google_pay,apple_pay_or_google_pay,True
2982,මගේ Apple Watch එකෙන් top up කරන්න පුළුවන්ද?,apple_pay_or_google_pay,apple_pay_or_google_pay,True
2983,Apple Pay එකේ save කරපු මගේ American Express එකෙන් top up කරන්න පුළුවන්ද?,apple_pay_or_google_pay,apple_pay_or_google_pay,True
2984,apple pay costly ද?,apple_pay_or_google_pay,apple_pay_or_google_pay,True
2985,Google Pay එකෙන් top up කරන්නේ කොහොමද?,apple_pay_or_google_pay,apple_pay_or_google_pay,True
2986,Apple Pay එකේ American Express එකෙන් account එක top up කරන්න බෑ.,apple_pay_or_google_pay,apple_pay_or_google_pay,True
2987,"මට Apple Pay එකේ American Express ලැබුනා, top up වැඩ නොකරන්නේ ඇයි?",apple_pay_or_google_pay,apple_pay_or_google_pay,True
2988,මට Apple Bay එකේ American Express ලැබුනා ඒත් top up වැඩ කරන්නේ නෑ,apple_pay_or_google_pay,apple_pay_or_google_pay,True
2989,top up කරන්නේ කොහොමද? මගේ apple watch එක පාවිච්චි කරන්න පුළුවන්ද?,apple_pay_or_google_pay,apple_pay_or_google_pay,True
2990,Apple Pay එකෙන් account එකට සල්ලි දාන්න පුළුවන්ද?,apple_pay_or_google_pay,apple_pay_or_google_pay,True
2991,"මගේ American Express එක Apple Pay එකේ, top up එක fail වෙනවා, ඇයි?",apple_pay_or_google_pay,apple_pay_or_google_pay,True
2992,මගේ Apple Watch එකෙන් account එක top-ff කරන්නේ කොහොමද?,apple_pay_or_google_pay,apple_pay_or_google_pay,True
2993,top-up එකක් කරන්න google pay පාවිච්චි කරන්න පුළුවන්ද,apple_pay_or_google_pay,apple_pay_or_google_pay,True
2994,මගේ apple watch එකේ Top Up feature එක වැඩ කරවගන්නේ කොහොමද?,apple_pay_or_google_pay,apple_pay_or_google_pay,True
2995,Google pay top up එක troubleshoot කරන්නේ කොහොමද?,apple_pay_or_google_pay,apple_pay_or_google_pay,True
2996,Apple Pay එකෙන් top up කරන්නේ කොහොමද?,apple_pay_or_google_pay,apple_pay_or_google_pay,True
2997,ApplePay එකේ save කරපු American Express එකෙන් top up එක වැඩ නොකරන්නේ ඇයි?,apple_pay_or_google_pay,supported_cards_and_currencies,False
2998,මගේ apple watch එකේ top up app එක පාවිච්චි කරන්නේ කොහොමද?,apple_pay_or_google_pay,apple_pay_or_google_pay,True
2999,"Google pay එකයි top up එකයි, මට ඕනේ, ලබාගන්න පුළුවන්ද?",apple_pay_or_google_pay,apple_pay_or_google_pay,True
3000,මගේ identity එක verify කරන්න මට පාවිච්චි කරන්න පුළුවන් මොකක්ද?,verify_my_identity,verify_my_identity,True
3001,මගේ identity එක verify කරන්න ඔයාලට ඕනේ මොකක්ද?,verify_my_identity,verify_my_identity,True
3002,"මගේ identity එක verify කරන්න ඕනේ, ඒත් ඒක කරන්නේ කොහොමද?",verify_my_identity,verify_my_identity,True
3003,මගේ identity එක verify කරන්නේ කොහොමද?,verify_my_identity,verify_my_identity,True
3004,මගේ identity එක prove කරන්න ඕනේ මොකක්ද?,verify_my_identity,verify_my_identity,True
3005,මගේ identity check එකට ඔයාලට ඕනේ මොකක්ද?,verify_my_identity,why_verify_identity,False
3006,identity එකක් verify කරන්නේ කොහොමද?,verify_my_identity,verify_my_identity,True
3007,identity verification එකට ඔයාලට ඕනේ specific type එකක් තියෙනවද?,verify_my_identity,why_verify_identity,False
3008,මගේ identity එක verify කරන්න ඕනේ කියලා message එකක් ලැබුනා; මම මොකද කරන්නේ?,verify_my_identity,verify_my_identity,True
3009,identity check එකට documents ඕනේද?,verify_my_identity,verify_my_identity,True
3010,මගේ identity එක verify කරන්න මම ගන්න ඕනේ steps මොනවද?,verify_my_identity,verify_my_identity,True
3011,මගේ identity එක verify කරන්න මට ඕනේ මොකක්ද,verify_my_identity,verify_my_identity,True
3012,මගේ identity එක verify කරගන්න ඕනේ,verify_my_identity,unable_to_verify_identity,False
3013,identity verification එකට මට උදව් ටිකක් ඕනේ.,verify_my_identity,verify_my_identity,True
3014,ID verification එකට process එක මොකක්ද?,verify_my_identity,verify_my_identity,True
3015,මගේ Identity එක verify කරන්නේ කොහොමද කියලා දැනගන්න ඕනේ.,verify_my_identity,verify_my_identity,True
3016,identity check එකට මට මොන documents ඕනේද?,verify_my_identity,verify_my_identity,True
3017,identity checks වලට steps මොනවද කියලා කියන්නද,verify_my_identity,verify_my_identity,True
3018,මගේ identity එක verify කරන්න මම මොකද කරන්න ඕනේ?,verify_my_identity,verify_my_identity,True
3019,මගේ identity එක verify කරන්න steps මොනවද?,verify_my_identity,verify_my_identity,True
3020,මගේ identity එක verify වෙන්නේ කොහොමද?,verify_my_identity,verify_my_identity,True
3021,මගේ identity එක verify කරන්න මට ඕනේ දේවල් මොනවද?,verify_my_identity,verify_my_identity,True
3022,මගේ identity එක verify කරන්න මම ගන්න steps මොනවද?,verify_my_identity,verify_my_identity,True
3023,online මගේ identity එක verify කරන්න පුළුවන්ද?,verify_my_identity,verify_my_identity,True
3024,මගේ profile එකේ details මගේ documents එක්ක match වෙන්න ඕනේද,verify_my_identity,edit_personal_details,False
3025,මගේ identity එක verify කරන්නේ කොහෙද?,verify_my_identity,verify_my_identity,True
3026,"මගේ ID එක check කරද්දි, involved steps මොනවද?",verify_my_identity,verify_my_identity,True
3027,identity check එකට මට මොකක් හරි ඕනේද?,verify_my_identity,why_verify_identity,False
3028,identity check එකට මොන documentation ඕනේද?,verify_my_identity,verify_my_identity,True
3029,මගේ identity එක verify කරගන්නේ කොහොමද?,verify_my_identity,verify_my_identity,True
3030,මගේ identity එක verify කරන්න මට මොකද කරන්න පුළුවන්?,verify_my_identity,verify_my_identity,True
3031,මගේ identity එක verify කරගන්න ඔයාලට ඕනේ මොකක්ද?,verify_my_identity,unable_to_verify_identity,False
3032,මම කවුද කියලා පෙන්නන්න මට මොකද ඕනේ?,verify_my_identity,verify_my_identity,True
3033,identity check එකට මොන වගේ documentation ඕනේද?,verify_my_identity,verify_my_identity,True
3034,identity verification එකට මට මොකද ඕනේ?,verify_my_identity,verify_my_identity,True
3035,මම කවුද කියලා verify කරන්න විදියක් තියෙනවද?,verify_my_identity,why_verify_identity,False
3036,identity check එකට documentation ඕනේද?,verify_my_identity,verify_my_identity,True
3037,identity check එකට මට පෙන්නන්න ඕනේ ඔක්කොම මොකක්ද?,verify_my_identity,verify_my_identity,True
3038,identity check එකට මම මොකද කරන්නේ?,verify_my_identity,verify_my_identity,True
3039,මගේ identity එක verify කරන්න මොකද කරන්න ඕන කරන්නේ?,verify_my_identity,verify_my_identity,True
3040,මම ඉන්නේ US එකේ ඒත් කාඩ් එකක් ගන්න ඕනේ,country_support,country_support,True
3041,ඔයාලගේ cards Sri Lanka එකේ available ද?,country_support,country_support,True
3042,මම EU එකෙන් නම් ඔයාලගේ ඇප් එක පාවිච්චි කරන්න පුළුවන්ද?,country_support,country_support,True
3043,support වෙන countries මොනවද?,country_support,country_support,True
3044,"මම ඉන්නේ US එකේ, තාම කාඩ් එකක් ලබාගන්න පුළුවන්ද?",country_support,country_support,True
3045,Sri Lanka එකෙන් එළියේ කාඩ් එකක් ලබාගන්න පුළුවන්ද?,country_support,country_support,True
3046,"මම Sri Lanka එකේ නෑ, තාම කාඩ් එකක් ලබාගන්න පුළුවන්ද?",country_support,country_support,True
3047,"මම Sri Lanka එකේ නෑ, තාම කාඩ් එකක් ලබාගන්න මට පුළුවන්ද?",country_support,country_support,True
3048,"දැන් මම US එකේ ඉන්නවා, කාඩ් එකක් ලබාගන්නේ කොහොමද?",country_support,country_support,True
3049,EU එකේ ඔයාලගේ cards වලින් එකක් ලබාගන්න පුළුවන්ද,country_support,country_support,True
3050,මම Sri Lanka එකේ නැති වුනත් කාඩ් එකක් ලබාගන්න පුළුවන්ද?,country_support,country_support,True
3051,support ලබාගන්න මම ජීවත් වෙන්න ඕනේ කොහෙද?,country_support,country_support,True
3052,ඔයාලා EU එකට support කරනවද?,country_support,country_support,True
3053,මම USA එකේ ඉන්නවනම් කාඩ් එකක් ලබාගන්නේ කොහොමද,country_support,country_support,True
3054,"ප්ලීස් මට අලුත් කාඩ් එකක් ලබාගන්න උදව් කරන්න, මම ඉන්නේ United States එකේ.",country_support,country_support,True
3055,මම Sri Lanka එකේ නෑ නම් කාඩ් එකක් ලබාගන්න පුළුවන්ද?,country_support,country_support,True
3056,මගේ රට support වෙනවද,country_support,country_support,True
3057,මොන countries වලින්ද මට මේ product එක පාවිච්චි කරන්න පුළුවන්?,country_support,country_support,True
3058,ඔයාලගේ locations හොයාගන්නේ කොහෙද?,country_support,country_support,True
3059,මම Sri Lanka එකෙන් එළියේ ජීවත් වුනත් කාඩ් එකක් ලබාගන්න පුළුවන්ද?,country_support,country_support,True
3060,"මම EU එකේ ඉඳන්, sign up වෙන්න පුළුවන්ද?",country_support,country_support,True
3061,"මට Sri Lanka එකේ කාඩ් එක ලබාගෙන පාවිච්චි කරගන්න ඕනේ, ඒක පුළුවන්ද?",country_support,country_support,True
3062,ඔයාලා support කරන countries මොනවද?,country_support,country_support,True
3063,දැන් ඔයාලා ඉන්නේ මොන countries වලද?,country_support,country_support,True
3064,ඔයාලා ඉන්නේ මොන locations වලද?,country_support,country_support,True
3065,ඔයාලා operate කරන countries මොනවද කියලා කියන්නද?,country_support,country_support,True
3066,"මට කාඩ් එකක් ඕනේ, ඒත් මම දැන් US එකේ ඉන්නේ.",country_support,country_support,True
3067,මොන countries වලද මගේ කාඩ් එක support කරන්නේ?,country_support,country_support,True
3068,ඔයාලා operate කරන countries ලිස්ට් එකක් තියෙනවද?,country_support,country_support,True
3069,මොන countries වලද ඔයාලා business කරන්නේ?,country_support,country_support,True
3070,මම Sri Lanka එකේ ජීවත් වෙන්නේ නෑ. තාම කාඩ් එකක් ලබාගන්න පුළුවන්ද?,country_support,country_support,True
3071,ඔයාලා support කරන්නේ කොහෙද?,country_support,country_support,True
3072,EU එකේ මට කාඩ් එකක් ලබාගන්න පුළුවන්ද?,country_support,country_support,True
3073,දැන් ඔයාලා business කරන countries මොනවද?,country_support,country_support,True
3074,"මම Sri Lanka එකේ නෑ, කාඩ් එකක් ලබාගන්න පුළුවන්ද?",country_support,country_support,True
3075,"මම Sri Lanka එකේ නැත්තම්, තාම කාඩ් එකක් ලබාගන්න පුළුවන්ද?",country_support,country_support,True
3076,ඔයාලා support කරන countries කීයක්ද?,country_support,country_support,True
3077,ඔයාලා business කරන countries මොනවද?,country_support,country_support,True
3078,ඔයාලා operate කරන countries මොනවද.,country_support,country_support,True
3079,කාඩ් එක mail කරලා Sri Lanka එකේ පාවිච්චි කරන්න පුළුවන්ද?,country_support,country_support,True
