id,text,true_label,predicted_label,correct
0,mage card eka koheda kiyala danaganne kohomada?,card_arrival,card_arrival,True
1,"mama order karala satiyakatat vada venava, thama mage alut card eka hambune naa.",card_arrival,card_arrival,True
2,mama card ekak order kala et thama ave naa. plis udav karannako!,card_arrival,card_arrival,True
3,mage card eka enne kavadada kiyala danaganna vidiyak tiyenavada?,card_arrival,card_arrival,True
4,mage card eka thama ave naa.,card_arrival,card_arrival,True
5,mama card eka labaganne kavadada?,card_arrival,card_delivery_estimate,False
6,oyala evapu alut card ekata tracking nambarayak tiyenavada kiyala dannavada?,card_arrival,card_arrival,True
7,mata mage card eka labune naa,card_arrival,card_arrival,True
8,thama e card eka balagena innava,card_arrival,card_arrival,True
9,alut card ekak sandaha satiyakatat vada inna one kiyanne nomal ekakda?,card_arrival,card_arrival,True
10,mage card eka track karanne kohomada?,card_arrival,card_arrival,True
11,card ekak delivery venna kochchara vela yanavada?,card_arrival,card_delivery_estimate,False
12,sati 2k giyat mata thama card eka naa. mama mokada karanna one?,card_arrival,card_arrival,True
13,thama mage alut card eka balagena innava,card_arrival,card_arrival,True
14,satiyak giyat thama mama card eka balagena innava. meka harida?,card_arrival,card_arrival,True
15,"mama hituvata vada vadi kalayak mage banku card eka balagena innava, eka enne kavadada kiyala mata kiyannako?",card_arrival,card_delivery_estimate,False
16,mama hituvata vada vadi kalayak mage card eka balagena innava.,card_arrival,card_arrival,True
17,mage card eka dilivar vune natte ayi?,card_arrival,card_arrival,True
18,mage alut card eka koheda? mama satiyak indala balagena innava!,card_arrival,card_arrival,True
19,sati 2k giyat mage card eka thama ave naa. eka nati velada?,card_arrival,card_arrival,True
20,"mata thama card eka labune naa, eka nati velada?",card_arrival,card_arrival,True
21,mama order karapu card eke status eka mokakda?,card_arrival,card_arrival,True
22,mage alut card eka enna kochchara vela yanavada?,card_arrival,card_delivery_estimate,False
23,"mama card eka order karala sati 2k vuna, thama eke naa? mama mokada karanna one?",card_arrival,card_arrival,True
24,"mage card eka thama ave naa, eka koheda?",card_arrival,card_arrival,True
25,evapu mage card eke tracking nambaraya mokakda?,card_arrival,card_arrival,True
26,"mata thama card eka labune nati nisa, delivery eke mokak hari varaddak vela ati kiyala mata hitenava.",card_arrival,card_arrival,True
27,"mama thama mage alut card eke delivery eka balagena innava, ayi me taram vela yanne?",card_arrival,card_arrival,True
28,"mama card ekak order karala satiyak vuna, thama eke naa. mama mokada karanna one?",card_arrival,card_arrival,True
29,oyala evapu card eka track karanna mata one,card_arrival,card_arrival,True
30,mage card eka thama labila naa.,card_arrival,card_arrival,True
31,"mama mage alut card eka balagena hitiya, thama labune natte ayi kiyala hitenava?",card_arrival,card_arrival,True
32,mage card eka enne kavadada kiyala danaganne kohomada?,card_arrival,card_delivery_estimate,False
33,mama thama mage card eka dilivar venakan balagena innava.,card_arrival,card_arrival,True
34,oyala evapu card eka track karanna vidiyak tiyenavada?,card_arrival,card_arrival,True
35,"mama card ekak order kala, thama labune naa. sati 2k vuna. mama mokada karanna puluvan?",card_arrival,card_arrival,True
36,"mage card eka thama ave nati nisa, eka nati velada kiyala mata hitenna patan aran. udav karannako?",card_arrival,card_arrival,True
37,tracking toraturu tiyenavada?,card_arrival,card_arrival,True
38,oyala evapu card eke tracking nambaraya mokakda?,card_arrival,card_arrival,True
39,oyala mata evapu card eke tracking nambaraya koheda?,card_arrival,card_arrival,True
40,mage card eka app eke penne natte ayi?,card_linking,card_linking,True
41,mata mage card eka reactivate karaganna one.,card_linking,activate_my_card,False
42,alut card eka link karanne koheda?,card_linking,card_linking,True
43,"mata card eka labuna, eka app ekata danna udav karannako?",card_linking,card_linking,True
44,danatamat mage langa tiyena card ekak link karanne kohomada?,card_linking,card_linking,True
45,"mata alut card eka labuna, et app eke kohevat penne naa. mama mokada karanna one?",card_linking,card_linking,True
46,card ekak ayet app ekata danne kohomada?,card_linking,card_linking,True
47,card eka mage account ekata danne kohomada?,card_linking,card_linking,True
48,mage parana card eka ayet sistam ekata danna puluvanda? mama eka dan tamayi hambune.,card_linking,card_linking,True
49,"mata danatamat oyalage card ekak tiyenava, eka link karanne kohomada?",card_linking,card_linking,True
50,alut card ekak link karanne kohomada?,card_linking,card_linking,True
51,danatamat tiyena card ekak link karanna puluvanda?,card_linking,card_linking,True
52,mata danatamat oyalage card ekak tiyenava nam eka link karanne kohomada?,card_linking,card_linking,True
53,card ekak app ekata danne kohomada?,card_linking,card_linking,True
54,mage alut card eka link karanna puluvanda?,card_linking,card_linking,True
55,"halo, mata nati vuna card eka hambuna, eka reactivate karaganna one, eka karanne kohomada?",card_linking,card_linking,True
56,mata danatamat tiyena oyalage card ekak link karanne kohomada kiyala kiyannako?,card_linking,card_linking,True
57,mata labuna card eka app eke balanne kohomada?,card_linking,card_linking,True
58,mage card eka link karanna vebsayit eke koheta yanna oneda?,card_linking,card_linking,True
59,"mage card eka hambuna, eka app ekata danna puluvanda?",card_linking,card_linking,True
60,mage credit card eka oyala ekka link karanne kohomada?,card_linking,card_linking,True
61,"mata card eka labuna, dan eka app ekata sync karanne kohomada kiyala danaganna one.",card_linking,card_linking,True
62,"mage card eka hambuna, eka reactivate karaganna one.",card_linking,card_linking,True
63,me alut card eka link karanne kohomada?,card_linking,card_linking,True
64,ada ude mage jacket eke pokat ekedi hambuna nati vuna card eka reactivate karaganna puluvanda?,card_linking,card_linking,True
65,danatamat tiyena card ekak link karanne kohomada?,card_linking,card_linking,True
66,mata labuna card eka app eke penne naa.,card_linking,card_linking,True
67,mata danatamat tiyena card ekak link karanne kohomada?,card_linking,card_linking,True
68,mage card eka link karaganna one. eka karanne kohomada?,card_linking,card_linking,True
69,mage card eka link karanna tana koheda kiyala pennannako?,card_linking,card_linking,True
70,mage alut card eka link karanna one nam koheta yanna oneda?,card_linking,card_linking,True
71,mage parana card eka app eke pavichchi karanna vidiyak tiyenavada?,card_linking,card_linking,True
72,mama nati vuna kiyala hituvu card ekak reactivate karaganna puluvanda?,card_linking,lost_or_stolen_card,False
73,mage card eka link karanne kohomada,card_linking,card_linking,True
74,mage card vistara danna app eke koheta yanna oneda?,card_linking,card_linking,True
75,mata nati vuna/horakam karapu card eka hambuna. eka mage app eka haraha account ekata ayet link karanna vidiyak tiyenavada?,card_linking,card_linking,True
76,"mage card eka reactivate karaganna udav karannako? eka kalin nati vuna, et ada ude mage jacket ekedi hambuna.",card_linking,card_linking,True
77,"mata danatamat oyalage card ekak tiyenava, eva link karanne kohomada?",card_linking,card_linking,True
78,mage replacement card eka link karanne kohomada?,card_linking,card_linking,True
79,mage account ekata tava card ekak link karanna puluvanda?,card_linking,getting_spare_card,False
80,oyalage exchange rate eka mokakda kiyala danaganna one.,exchange_rate,exchange_rate,True
81,oyala dena exchange rate monavada?,exchange_rate,exchange_rate,True
82,oyalage exchange rate hadagatte kohomada?,exchange_rate,exchange_rate,True
83,oyalage exchange rate eka ganne kohenda?,exchange_rate,exchange_rate,True
84,exchange rate eka hoyaganne kohomada?,exchange_rate,exchange_rate,True
85,oyalage intarnashanal exchange rate monavada?,exchange_rate,exchange_rate,True
86,oyalage exchange rate kochchara tayim ganak venas venavada,exchange_rate,exchange_rate,True
87,exchange rate eka mokakda kiyala kiyannako,exchange_rate,exchange_rate,True
88,exchange rate calculate karanne kohomada?,exchange_rate,exchange_rate,True
89,exchange rate base venne mokak udada,exchange_rate,exchange_rate,True
90,exchange rate kiyanne mokakda,exchange_rate,exchange_rate,True
91,dan tiyena exchange rate monavada?,exchange_rate,exchange_rate,True
92,oyalage exchange rate policy eka mata pahadili karannako?,exchange_rate,exchange_rate,True
93,dan exchange karanna honda velavakda?,exchange_rate,exchange_charge,False
94,me app eke exchange rate eka kohomada?,exchange_rate,exchange_rate,True
95,oyala langa exchange rate list ekak tiyenavada?,exchange_rate,exchange_rate,True
96,oyalage exchange rate ganne kohenda kiyala kiyannako?,exchange_rate,exchange_rate,True
97,mata hari videsha exchange rate ekak labeyida?,exchange_rate,exchange_rate,True
98,exchange rate eka calculate karanne mona karansi valinda?,exchange_rate,exchange_rate,True
99,oyalage exchange rate ganne kohenda?,exchange_rate,exchange_rate,True
100,exchange rate vala base eka mokakda?,exchange_rate,exchange_rate,True
101,oyala pavichchi karanne mona exchange rate ekada?,exchange_rate,exchange_rate,True
102,exchange rate monavada?,exchange_rate,exchange_rate,True
103,oyalage exchange rate base karanne mokak udada?,exchange_rate,exchange_rate,True
104,oyala pavichchi karanne mona videsha exchange rate ekada?,exchange_rate,exchange_rate,True
105,exchange rate eken mata kiyak labeyida?,exchange_rate,exchange_rate,True
106,exchange rate eka venne?,exchange_rate,exchange_rate,True
107,exchange rate eka kohomada?,exchange_rate,exchange_rate,True
108,oyalage exchange rate vada karanne kohomada?,exchange_rate,exchange_rate,True
109,exchange rate eka mokakda?,exchange_rate,exchange_rate,True
110,oyalage exchange rate ave kohenda?,exchange_rate,exchange_rate,True
111,oyala exchange rate tiranaya karanne kohomada?,exchange_rate,exchange_rate,True
112,mama dan tiyena exchange rate eka hoyaganna hadanava.,exchange_rate,exchange_rate,True
113,oyalage exchange rate labaganne kohenda?,exchange_rate,exchange_rate,True
114,videsha exchange rate eka mata kiyannako?,exchange_rate,exchange_rate,True
115,oyalage exchange rate venas venne ayi,exchange_rate,exchange_rate,True
116,mama mage salli exchange karaddi mona vage videsha exchange rate ekak labeyida?,exchange_rate,exchange_rate,True
117,mage videsha exchange rate eka mokakda?,exchange_rate,exchange_rate,True
118,rate eka tiranaya venne kavadada,exchange_rate,exchange_rate,True
119,mata dan tiyena exchange rate eka mokakda?,exchange_rate,exchange_rate,True
120,mama videsha karansiyakin deyak gatta et apply karapu rate eka varadiyi,card_payment_wrong_exchange_rate,card_payment_wrong_exchange_rate,True
121,"mama karansi exchange ekak kala, mata onavata vada ayakarala ati kiyala hitenava.",card_payment_wrong_exchange_rate,card_payment_wrong_exchange_rate,True
122,card pemant eke exchange rate eka varadiyi,card_payment_wrong_exchange_rate,card_payment_wrong_exchange_rate,True
123,mama pitarataka deyak gattama exchange rate eka varadiyi tibuna.,card_payment_wrong_exchange_rate,card_payment_wrong_exchange_rate,True
124,mama gatta eke exchange rate eka varadiyi.,card_payment_wrong_exchange_rate,card_payment_wrong_exchange_rate,True
125,me rate eka harima aduyi. oyala hari exchange rate ekada pavichchi karanne kiyala vishvasada?,card_payment_wrong_exchange_rate,exchange_rate,False
126,"mama deyak gatta, et exchange rate eka varadi vage penava.",card_payment_wrong_exchange_rate,card_payment_wrong_exchange_rate,True
127,mage videsha purchase ekata apply karapu rate eka varadiyi,card_payment_wrong_exchange_rate,card_payment_wrong_exchange_rate,True
128,mama videsha karansiyakin deyak gatta et apply karapu rate eka varadiyi!,card_payment_wrong_exchange_rate,card_payment_wrong_exchange_rate,True
129,"mage exchange eke mokak hari varaddak vuna. mama LKR eka USD ekata maru kala, mata vadipura ayakarala.",card_payment_wrong_exchange_rate,card_payment_wrong_exchange_rate,True
130,mama gatta ekakata oyala hari exchange rate eka apply karala naa.,card_payment_wrong_exchange_rate,card_payment_wrong_exchange_rate,True
131,mage card pemant eke exchange rate eka varadiyi,card_payment_wrong_exchange_rate,card_payment_wrong_exchange_rate,True
132,mama deyak gattama karansi exchange rate eka varadiyi tibuna.,card_payment_wrong_exchange_rate,card_payment_wrong_exchange_rate,True
133,mama pitarata deyak gattama exchange rate eka varadi venne ayi?,card_payment_wrong_exchange_rate,card_payment_wrong_exchange_rate,True
134,"mama baduvak gatta, exchange rate eka hari nati bava mata penava.",card_payment_wrong_exchange_rate,card_payment_wrong_exchange_rate,True
135,"mama pitarata deyak gatta, mage statement eke tiyenne varadi exchange rate eka.",card_payment_wrong_exchange_rate,card_payment_wrong_exchange_rate,True
136,"pahugiya senasurada mage transakshan eke exchange rate eka varadi vage penava, mata vadipura ayakarala. plis fix karannako.",card_payment_wrong_exchange_rate,card_payment_wrong_exchange_rate,True
137,mage card pemant eke oyalage exchange rate eka varadi ayi,card_payment_wrong_exchange_rate,card_payment_wrong_exchange_rate,True
138,mata vadipura ayakaranne ayi?,card_payment_wrong_exchange_rate,extra_charge_on_statement,False
139,"mama baduvak gatta, mata dunna exchange rate eka varadiyi.",card_payment_wrong_exchange_rate,card_payment_wrong_exchange_rate,True
140,mage card pemant eke exchange rate eka hari kiyala mama hitanne naa.,card_payment_wrong_exchange_rate,card_payment_wrong_exchange_rate,True
141,pahugiya senasurada mama deyak gattama mata vadipura ayakarala. mata hari exchange rate eka labunada?,card_payment_wrong_exchange_rate,card_payment_wrong_exchange_rate,True
142,gatta ekakata karansi exchange ekakata mata varadiyata ayakala.,card_payment_wrong_exchange_rate,card_payment_wrong_exchange_rate,True
143,mage card pemant eke exchange rate eka varadiyi kiyala mama hitanava.,card_payment_wrong_exchange_rate,card_payment_wrong_exchange_rate,True
144,"halo, pahugiya senasurada mage pemant ekata vadipura ayakarala. exchange rate eka varadi ati kiyala mama hitanne.",card_payment_wrong_exchange_rate,card_payment_wrong_exchange_rate,True
145,me transakshan eke exchange rate eka varadi vage penava,card_payment_wrong_exchange_rate,card_payment_wrong_exchange_rate,True
146,mama baduvak gattata passe mata dunna exchange rate eka hari naa,card_payment_wrong_exchange_rate,card_payment_wrong_exchange_rate,True
147,"halo, oyalage exchange rate eka hari kiyala mama hitanne naa. nila interbank exchange rate eka check karannako.",card_payment_wrong_exchange_rate,card_payment_wrong_exchange_rate,True
148,"mage exchange eke mokak hari varaddak vela ati kiyala mama hitanne. mama LKR eka USD ekata maru kala, mata harima vadipura ayakarala!",card_payment_wrong_exchange_rate,card_payment_wrong_exchange_rate,True
149,mama gatta baduvakata hari exchange rate eka apply karala naa,card_payment_wrong_exchange_rate,card_payment_wrong_exchange_rate,True
150,mage card pemant vala conversion value eka varadiyi.,card_payment_wrong_exchange_rate,card_payment_wrong_exchange_rate,True
151,mama videsha karansiyakin deyak gattama varadi exchange rate eka pavichchi karala.,card_payment_wrong_exchange_rate,card_payment_wrong_exchange_rate,True
152,"mama videsha karansiyakin ganak gevva, et exchange rate eka varadi bava mata penava.",card_payment_wrong_exchange_rate,card_payment_wrong_exchange_rate,True
153,mage videsha purchase eke varadi rate eka pavichchi karala,card_payment_wrong_exchange_rate,card_payment_wrong_exchange_rate,True
154,mama metaka gatta baduvakata exchange rate eka varadi vune ayi?,card_payment_wrong_exchange_rate,card_payment_wrong_exchange_rate,True
155,mama gatta baduvakata mage exchange rate eka varadi ayi?,card_payment_wrong_exchange_rate,card_payment_wrong_exchange_rate,True
156,mage transakshan ekata apply karapu exchange rate eka check karanne kohomada?,card_payment_wrong_exchange_rate,exchange_rate,False
157,mage card pemant ekata oyalage exchange rate eka sampurnayenma varadiyi,card_payment_wrong_exchange_rate,card_payment_wrong_exchange_rate,True
158,mage eken venas karansiyakin mama gatta baduvakata varadi rate ekak apply karala. meka venas karanna puluvanda?,card_payment_wrong_exchange_rate,card_payment_wrong_exchange_rate,True
159,mama pitarataka gatta ekakata varadi exchange rate ekak apply karala.,card_payment_wrong_exchange_rate,card_payment_wrong_exchange_rate,True
160,mage statement eke mata ayakarapu Rs 10k penava.,extra_charge_on_statement,extra_charge_on_statement,True
161,mage statement eke amatara Rs 10ka fee ekak tiyenne ayi?,extra_charge_on_statement,extra_charge_on_statement,True
162,mage statement eke me fee eka mata hari yanne naa.,extra_charge_on_statement,extra_charge_on_statement,True
163,mage account ekata amatara Rs 10k ayakarala tiyenne ayi?,extra_charge_on_statement,extra_charge_on_statement,True
164,mage statement eke mama danne nati fee ekak tiyenava.,extra_charge_on_statement,card_payment_not_recognised,False
165,mata ayakarapu amatara Rs 10 ekata rifand ekak one.,extra_charge_on_statement,extra_charge_on_statement,True
166,me ahamben tiyena Rs 10 charge eka mokakda kiyala pahadili karannako?,extra_charge_on_statement,extra_charge_on_statement,True
167,mage statement eke me Rs 10 charge eka mokakda?,extra_charge_on_statement,extra_charge_on_statement,True
168,mage statement eke me amatara charges tiyenne ayi?,extra_charge_on_statement,extra_charge_on_statement,True
169,"mata Rs 10kata mokak hari gatta kiyala mataka naa, et eka mage statement eke tiyenava. eka mokakda kiyala kiyannako?",extra_charge_on_statement,extra_charge_on_statement,True
170,mage app eke amatara Rs 10ka charge ekak penava. ayi mata vadipura ayakale?,extra_charge_on_statement,extra_charge_on_statement,True
171,mage statement eke Rs 10 charge ekak tiyenne ayi kiyala kiyannako?,extra_charge_on_statement,extra_charge_on_statement,True
172,Rs 10 transakshan eka mata credit venne kavadada?,extra_charge_on_statement,card_delivery_estimate,False
173,me fee eka ave kohenda?,extra_charge_on_statement,verify_source_of_funds,False
174,"mage statement eke amatara Rs 10ka charge ekak mata penava, eka ayi kiyala kiyannako?",extra_charge_on_statement,extra_charge_on_statement,True
175,amatara Rs 10ka charge ekak tiyenava,extra_charge_on_statement,extra_charge_on_statement,True
176,mage statement eke tiyena amatara €1 fee eka gana danaganna one.,extra_charge_on_statement,extra_charge_on_statement,True
177,mage card eke amatara Rs 10 charge ekak tiyenne ayi?,extra_charge_on_statement,extra_charge_on_statement,True
178,mage statement eke me taram fee tiyenne ayi?,extra_charge_on_statement,extra_charge_on_statement,True
179,mage statement eke amatara fee ekak tiyenna hetuva mokakda?,extra_charge_on_statement,extra_charge_on_statement,True
180,me Rs 10 fee eka ave kohenda?,extra_charge_on_statement,verify_source_of_funds,False
181,mage statement eke amatara €1 fee ekak ava,extra_charge_on_statement,extra_charge_on_statement,True
182,mage statement eke Rs 10 fee ekak tiyenava.,extra_charge_on_statement,extra_charge_on_statement,True
183,mata Rs 10k vadipura ayakale ayi!?,extra_charge_on_statement,extra_charge_on_statement,True
184,"mokak hari varaddak vela, mata amatara Rs 10k ayakarala?",extra_charge_on_statement,card_payment_wrong_exchange_rate,False
185,mage statement eke amatara fee eka ave kohenda?,extra_charge_on_statement,extra_charge_on_statement,True
186,mage app eke mata kisima danumdimak natuva amatara charge ekak tiyenava!,extra_charge_on_statement,card_payment_not_recognised,False
187,"mage statement eke amatara fee ekak penava, eka mokatada?",extra_charge_on_statement,extra_charge_on_statement,True
188,mage statement eke me €1 fee eka mokakda?,extra_charge_on_statement,extra_charge_on_statement,True
189,"mama alut customer kenek, mage app eka baluvama mama danne nati charge ekak tiyenava. amatara charge eka tiyenne ayi kiyala kiyannako?",extra_charge_on_statement,card_payment_not_recognised,False
190,mokak hari hetuvak nisa mage account ekata amatara Rs 10k ayakarala.,extra_charge_on_statement,extra_charge_on_statement,True
191,"Rs 10ka transakshan ekak tiyenava, eka ayi ayakale kiyala mama danne naa.",extra_charge_on_statement,extra_charge_on_statement,True
192,"amataka charge ekakata udav karannako? eka Rs 10ka charge ekak, mama pavichchi karana app eke statement eken kavadavat ivat venne naa. ""Pending"" kiyala vitarayi tiyenne, e status eka pasugiya davas 2ma venas vela naa.",extra_charge_on_statement,card_payment_not_recognised,False
193,mage statement eke pena amatara fee eke paramarthaya mokakda?,extra_charge_on_statement,extra_charge_on_statement,True
194,"mage statement eke Rs 10k amatarava ayakarala, eka ayi?",extra_charge_on_statement,extra_charge_on_statement,True
195,mage statement eke amatara €1 fee eka mokakda,extra_charge_on_statement,extra_charge_on_statement,True
196,"sati 2k vuna, Rs 10 transakshan eka reverse vela natte ayi?",extra_charge_on_statement,reverted_card_payment?,False
197,€1 fee eka mokatada?,extra_charge_on_statement,card_payment_fee_charged,False
198,"mokada venne kiyala mata hariyatama terenne naa. mage app eke statement eke amataka Rs 10ka charge ekak tiyenava, eka pending vidiyata vitarayi tiyenne, davas kipayaka indala ivat venne naa.",extra_charge_on_statement,extra_charge_on_statement,True
199,mata mage statement eke me amatara fee eka tiyenne ayi kiyala check karannako.,extra_charge_on_statement,extra_charge_on_statement,True
200,mage withdrawal eka thama pending. ayi?,pending_cash_withdrawal,pending_cash_withdrawal,True
201,"ada mage card eka ATM ekedi decline vuna et transakshan eka pending. plis eka cancel karannako, mata salli labune naa.",pending_cash_withdrawal,declined_cash_withdrawal,False
202,mage cash withdrawal eke transakshan eka thama pending vidiyata penava.,pending_cash_withdrawal,pending_cash_withdrawal,True
203,"halo mama mulin salli tikak ganna haduva et machine eka vada kale naa. dan baluvama transakshan eka thama in progress! mokada venne kiyala check karannako, mokak hari kadila vage, mata nolabuna salli valata ayakaranna epa!",pending_cash_withdrawal,pending_cash_withdrawal,True
204,cash withdrawal ekak pending inne kochchara velavakda?,pending_cash_withdrawal,pending_cash_withdrawal,True
205,mage cash withdrawal eka pending natuva penna me taram vela yanne ayi?,pending_cash_withdrawal,pending_cash_withdrawal,True
206,"mama ATM eken salli ganna haduva et salli ave naa, transakshan eka thama pending? meka venne kohomada?",pending_cash_withdrawal,pending_cash_withdrawal,True
207,"mama ATM eken salli gatta et app eke pending vidiyata penava. mata salli labila ivarayi, thama pending venne kohomada?",pending_cash_withdrawal,pending_cash_withdrawal,True
208,mage withdrawal eka thama pending ayi?,pending_cash_withdrawal,pending_cash_withdrawal,True
209,withdrawal eka penne kavadada kiyala oyalata vishvasada?,pending_cash_withdrawal,pending_cash_withdrawal,True
210,"halo! oyalata mata udav karanna puluvanda kiyala hituva. mama city centre ATM eken salli ganna haduva, et machine ekedi card eka decline vuna. mage account eke transakshan eka thama pending. mata salli labune naa, e nisa plis e transakshan eka cancel karannako.",pending_cash_withdrawal,pending_cash_withdrawal,True
211,mama ATM eken cash gattata passe transakshan eka pending vidiyata penne ayi?,pending_cash_withdrawal,pending_cash_withdrawal,True
212,ATM eke mage cash eka thama pending,pending_cash_withdrawal,pending_cash_withdrawal,True
213,mage ATM cash out eka thama pending,pending_cash_withdrawal,pending_cash_withdrawal,True
214,mama thama cash withdrawal eka penakan balagena innava,pending_cash_withdrawal,pending_cash_withdrawal,True
215,mage pending cash withdrawal eka process velada?,pending_cash_withdrawal,pending_cash_withdrawal,True
216,mage cash out eka yanna kochchara vela yanavada?,pending_cash_withdrawal,card_delivery_estimate,False
217,mage ATM cash withdrawal eka pending transakshan ekak vidiyata penne ayi?,pending_cash_withdrawal,pending_cash_withdrawal,True
218,"halo, mama salli ganna haduva et machine eka vada kale naa. transakshan eka thama in progress vage penava! mokada venne kiyala check karannako. mata nolabuna salli valata ayakaranna epa.",pending_cash_withdrawal,pending_cash_withdrawal,True
219,"heyi, city centre theatre eke ATM ekedi mage card eka decline vuna. et mage account eke transakshan eka pending kiyala tiyenava. mata salli labune naa, etakota eke teruma mokakda?",pending_cash_withdrawal,pending_cash_withdrawal,True
220,mata pending cash withdrawal ekak tiyenne ayi?,pending_cash_withdrawal,pending_cash_withdrawal,True
221,mata pending cash withdrawal ekak tiyenava,pending_cash_withdrawal,pending_cash_withdrawal,True
222,mama account eken withdrawal ekak kala et eka post vela naa?,pending_cash_withdrawal,cash_withdrawal_not_recognised,False
223,mage cash withdrawal eka pending da?,pending_cash_withdrawal,pending_cash_withdrawal,True
224,mage cash withdrawal eka pending vidiyata penne ayi kiyala mata hariyatama terenne naa.,pending_cash_withdrawal,pending_cash_withdrawal,True
225,mama cash withdrawal ekak kala et pending status eka yanakanma yanava.,pending_cash_withdrawal,pending_cash_withdrawal,True
226,mage cash withdrawal eka thama pending vidiyata penava.,pending_cash_withdrawal,pending_cash_withdrawal,True
227,"mata mage card eken salli ganna bari ayi, et statement eke transakshan eka thama pending kiyala tiyenava?",pending_cash_withdrawal,pending_cash_withdrawal,True
228,mage account eke pending cash withdrawal ekak tiyenne ayi?,pending_cash_withdrawal,pending_cash_withdrawal,True
229,mage app eke pending transakshan ekak tiyenava. mama ATM eken kalin cash gattata passe eka thama pending venne kohomada?,pending_cash_withdrawal,pending_cash_withdrawal,True
230,Cash withdrawal eka thama pending da?,pending_cash_withdrawal,pending_cash_withdrawal,True
231,"mama kalin ATM eken cash gatta, et app eke pending vidiyata penava. mata cash eka labila ivarayi. thama pending venne kohomada?",pending_cash_withdrawal,pending_cash_withdrawal,True
232,"mama mage card eken salli ganna haduva, et vada kale naa. passe transakshan eka thama in progress kiyala dakka. mokada venne?",pending_cash_withdrawal,pending_cash_withdrawal,True
233,mage statement eke pending cash withdrawal kiyala tiyenne ayi?,pending_cash_withdrawal,pending_cash_withdrawal,True
234,mage cash withdrawal eka pending inne kochchara kalayakda?,pending_cash_withdrawal,pending_cash_withdrawal,True
235,mage cash withdrawal eke ganan koheda?,pending_cash_withdrawal,pending_cash_withdrawal,True
236,decline vuna withdrawal ekakata mage account ekata ayakarala.,pending_cash_withdrawal,declined_cash_withdrawal,False
237,ATM withdrawal ekak post venna kochchara vela yanavada,pending_cash_withdrawal,pending_cash_withdrawal,True
238,ATM eken karapu mage cash withdrawal eka mage account eke thama confirm vidiyata penne natte ayi?,pending_cash_withdrawal,pending_cash_withdrawal,True
239,"pending transakshan ekak kiyanne mokakda? mage card eka ATM ekedi decline vuna, et mage account eke thama pending kiyala tiyenava. mata e pemant eka cancel karanna puluvanda?",pending_cash_withdrawal,pending_cash_withdrawal,True
240,"mama mage fund eka hold karanna illuvot, oyala pavichchi karanne mona karansida?",fiat_currency_support,fiat_currency_support,True
241,mage salli tiyenna puluvan venas karansi kiyakda kiyala danaganna one,fiat_currency_support,fiat_currency_support,True
242,oyala hama fiat karansiyakma support karanavada?,fiat_currency_support,fiat_currency_support,True
243,oyalage sistam eka karansi kipayak support karanavada.,fiat_currency_support,fiat_currency_support,True
244,mata mona karansivalin salli tiyaganna puluvanda?,fiat_currency_support,fiat_currency_support,True
245,oyala onama karansiyak support karanavada?,fiat_currency_support,fiat_currency_support,True
246,"mage account ekata ena pemant ekak tiyenava, et eka deactivate vela. eva process vevida?",fiat_currency_support,terminate_account,False
247,oyala mona karansi valata exchange karanavada?,fiat_currency_support,fiat_currency_support,True
248,"hold karana eke saha exchange karana ekedi, oyala pavichchi karana fiat karansi monavada.",fiat_currency_support,fiat_currency_support,True
249,holding transakshan sandaha pavichchi karana fiat karansi monavada?,fiat_currency_support,fiat_currency_support,True
250,mage salli EUR valata exchange karanne koheda?,fiat_currency_support,fiat_currency_support,True
251,karansi kipayakin salli tiyaganna puluvanda?,fiat_currency_support,fiat_currency_support,True
252,mata EUR valata exchange karanna puluvanda?,fiat_currency_support,fiat_currency_support,True
253,oyala support karana fiat karansi monavada kiyala vistara denna kavuru hari udav karannada?,fiat_currency_support,fiat_currency_support,True
254,oyala amatara karansi options denavada?,fiat_currency_support,fiat_currency_support,True
255,karansi euros valata maru karanne kohomada?,fiat_currency_support,fiat_currency_support,True
256,holding saha exchange sandaha support karana fiat karansi monavada?,fiat_currency_support,fiat_currency_support,True
257,"karansi holdings saha exchanges gana hitaddi, support karana fiat karansi monavada?",fiat_currency_support,fiat_currency_support,True
258,oyala EUR handle karanavada?,fiat_currency_support,fiat_currency_support,True
259,mata venat karansi valin salli tiyaganna puluvanda?,fiat_currency_support,fiat_currency_support,True
260,karansi tiyaganna mata monavada options tiyenne?,fiat_currency_support,fiat_currency_support,True
261,oyala EUR exchanges karanavada?,fiat_currency_support,fiat_currency_support,True
262,oyala EUR valata exchanges accept karanavada?,fiat_currency_support,fiat_currency_support,True
263,mata tiyaganna puluvan karansiya mokakda kiyala kiyannako?,fiat_currency_support,fiat_currency_support,True
264,mata karansi exchange karanna puluvanda?,fiat_currency_support,fiat_currency_support,True
265,oyalage exchange eke pavichchi karana karansi monavada?,fiat_currency_support,exchange_rate,False
266,oyala support karana fiat karansi monavada?,fiat_currency_support,fiat_currency_support,True
267,oyala support karanne mona rate karansiyada?,fiat_currency_support,fiat_currency_support,True
268,mata EU valata karansi exchange ekak karanna one.,fiat_currency_support,card_payment_wrong_exchange_rate,False
269,mata hama fiat karansiyakma exchange karala tiyaganna puluvanda?,fiat_currency_support,fiat_currency_support,True
270,mata mona vage karansiyakin salli tiyaganna puluvanda?,fiat_currency_support,fiat_currency_support,True
271,mata karansi exchange karaganna puluvanda?,fiat_currency_support,exchange_via_app,False
272,oyala hama fiat karansiyak ekkama vada karanavada?,fiat_currency_support,fiat_currency_support,True
273,mata karansi kipayakin salli tiyaganna puluvanda?,fiat_currency_support,fiat_currency_support,True
274,mata karansi kiyak tiyaganna puluvanda?,fiat_currency_support,fiat_currency_support,True
275,USD harunama mata tiyaganna puluvan venat karansi monavada?,fiat_currency_support,fiat_currency_support,True
276,EU valata exchanges accept karanne kohomada?,fiat_currency_support,exchange_charge,False
277,holding saha exchange sandaha mata pavichchi karanna puluvan mona vage fiat karansiyakda?,fiat_currency_support,fiat_currency_support,True
278,mage karansiyen EUR valata exchange eka support karanavada.,fiat_currency_support,fiat_currency_support,True
279,mata mona ratavalata gihin egollange karansi access karanna puluvanda?,fiat_currency_support,fiat_currency_support,True
280,mata card eka danma one!,card_delivery_estimate,card_delivery_estimate,True
281,"mage card eka ayet mail eke tibune naa, kiyannako?",card_delivery_estimate,card_linking,False
282,mata card eka ikmanata one,card_delivery_estimate,card_delivery_estimate,True
283,eka mata labenna kochchara vela yanavada?,card_delivery_estimate,card_delivery_estimate,True
284,mage card eka mehe enne kavadada kiyala hitenava.,card_delivery_estimate,card_delivery_estimate,True
285,mata card eka ikmanata genna puluvanda?,card_delivery_estimate,card_delivery_estimate,True
286,US ekata deyak dilivar karanna kochchara vela yanavada?,card_delivery_estimate,transfer_timing,False
287,"mama inne US eke, delivery ekata kochchara vela yanavada?",card_delivery_estimate,card_delivery_estimate,True
288,mage card eka US ekata dilivar venne kavadada kiyala balaporottu vennada?,card_delivery_estimate,card_delivery_estimate,True
289,mata card eka ikmaninma one,card_delivery_estimate,card_delivery_estimate,True
290,US ekata delivery ekata vela yanavada?,card_delivery_estimate,card_delivery_estimate,True
291,eka enna kochchara vela yanavada?,card_delivery_estimate,card_delivery_estimate,True
292,mage card eka nishchita davasakata dilivar karaganna puluvanda?,card_delivery_estimate,card_delivery_estimate,True
293,standard saha express delivery atara venasa mokakda?,card_delivery_estimate,card_delivery_estimate,True
294,eka nishchita dinayakata dilivar karanna puluvanda?,card_delivery_estimate,card_delivery_estimate,True
295,eka dilivar vena velava mata toraganna puluvanda?,card_delivery_estimate,visa_or_mastercard,False
296,mata eka nishchita dinayakata dilivar karanna one.,card_delivery_estimate,card_delivery_estimate,True
297,mage card eka kavadada balaporottu venne?,card_delivery_estimate,card_delivery_estimate,True
298,mage card eka labenna kochchara vela yanavada? eka labena velava mata toraganna puluvanda?,card_delivery_estimate,card_delivery_estimate,True
299,card eka enna kochchara vela yanavada?,card_delivery_estimate,card_delivery_estimate,True
300,oyalata kochchara ikmanata dilivar karanna puluvanda?,card_delivery_estimate,card_delivery_estimate,True
301,"tikakata kalin order kala, US eke ETA eka mokakda?",card_delivery_estimate,request_refund,False
302,card eka enna kochchara vela yanava kiyala balaporottu vennada?,card_delivery_estimate,card_delivery_estimate,True
303,United States ekata delivery kalaya mokakda?,card_delivery_estimate,card_delivery_estimate,True
304,card eka enne kavadada?,card_delivery_estimate,card_delivery_estimate,True
305,puluvan taram ikmanata mage card eka evannako.,card_delivery_estimate,card_delivery_estimate,True
306,card dilivar karanne kavadada?,card_delivery_estimate,card_arrival,False
307,US destination ekakata shipping ekata kochchara vela yanavada?,card_delivery_estimate,card_delivery_estimate,True
308,mage card eka expedite karanna puluvanda?,card_delivery_estimate,card_delivery_estimate,True
309,mage card eka dilivar venna kochchara vela yanavada?,card_delivery_estimate,card_delivery_estimate,True
310,mata card eka puluvan taram ikmanata one.,card_delivery_estimate,card_delivery_estimate,True
311,mage alut card eka labenne kavadada kiyala balaporottu vennada?,card_delivery_estimate,card_arrival,False
312,mama mage card eka enakan balagena innava.,card_delivery_estimate,card_arrival,False
313,mata card eka ikmanatama one.,card_delivery_estimate,card_delivery_estimate,True
314,mata eka senasuradata kalin one.,card_delivery_estimate,card_delivery_estimate,True
315,U.S. delivery kalaya mokakda?,card_delivery_estimate,card_delivery_estimate,True
316,mage card eka enne kavadada?,card_delivery_estimate,card_delivery_estimate,True
317,delivery ekata dinayak toraganna puluvanda?,card_delivery_estimate,card_delivery_estimate,True
318,mage card eka nishchita davasakata dilivar vena bava confirm karaganna puluvanda?,card_delivery_estimate,card_delivery_estimate,True
319,eka nishchita velavakata dilivar karaganna puluvanda?,card_delivery_estimate,card_delivery_estimate,True
320,"travel karaddi, nishchita velavalata mage card eka auto top-up karanna puluvanda?",automatic_top_up,automatic_top_up,True
321,auto top-up pavichchi karaddi limit ekak tiyenavada?,automatic_top_up,automatic_top_up,True
322,salli tikak ituru innakota eka auto top-up venavada nattam mata eka manually karanna oneda?,automatic_top_up,automatic_top_up,True
323,"mage salli ivara venava, mata auto top up karanna puluvanda?",automatic_top_up,automatic_top_up,True
324,auto top up pavichchi karanne kohomada?,automatic_top_up,automatic_top_up,True
325,salli tikak ituru innakota eka automatic va top-up karanavada?,automatic_top_up,automatic_top_up,True
326,salli tikak ituru innakota eka automatic va top-up karanna puluvanda?,automatic_top_up,automatic_top_up,True
327,"mama auto-top up function eka gana kiyevva, et app eke eka hoyaganna baa.",automatic_top_up,automatic_top_up,True
328,mama travel karaddi nishchita velavalata salli add karanna puluvanda?,automatic_top_up,automatic_top_up,True
329,"mama tika kalayak gihin innava, nishchita intervals valata automatic va salli add karaganna puluvanda?",automatic_top_up,automatic_top_up,True
330,"""auto-top"" feature eka hoyaganne koheda?",automatic_top_up,automatic_top_up,True
331,"mama dan auto top-up activate kala, et enable karaganna denne naa. ayi?",automatic_top_up,automatic_top_up,True
332,auto top-up kiyala option ekak tiyenavada?,automatic_top_up,automatic_top_up,True
333,auto-top option eka koheda?,automatic_top_up,automatic_top_up,True
334,auto top-up ekata limits tiyenavada?,automatic_top_up,automatic_top_up,True
335,auto top up ekata udav karannako?,automatic_top_up,automatic_top_up,True
336,auto top-up ekata limit ekak tiyenavada?,automatic_top_up,automatic_top_up,True
337,auto top-up ekata limits tiyenne ayi?,automatic_top_up,automatic_top_up,True
338,automatic va top up karanne kohomada?,automatic_top_up,automatic_top_up,True
339,travel karaddi mage card eke salli ivara novena bava confirm karaganne kohomada?,automatic_top_up,automatic_top_up,True
340,automatic top-up eke limit eka mokakda?,automatic_top_up,top_up_limits,False
341,"mama travel karaddi, nishchita davasvalata mage card eka auto top-up karanna vidiyak tiyenavada?",automatic_top_up,automatic_top_up,True
342,auto top-up option eka koheda?,automatic_top_up,automatic_top_up,True
343,mage account eke salli aduvela innakota auto top-up ekak labaganna puluvanda?,automatic_top_up,automatic_top_up,True
344,oyala langa auto top-up option ekak tiyenavada?,automatic_top_up,automatic_top_up,True
345,mage travel valadi salli transfer vena kalaya space out karaganna puluvanda?,automatic_top_up,receiving_money,False
346,salli tikak ituru innakota eka automatic va top-up venavada?,automatic_top_up,automatic_top_up,True
347,nishchita intervals valata automatic va salli add karaganna puluvanda?,automatic_top_up,automatic_top_up,True
348,travel sandaha automatic top-up ekak set karaganna puluvanda.,automatic_top_up,automatic_top_up,True
349,"mama oyalage vebsayit eke auto-top up option eka hoyanna haduva, et hoyaganna baa vage. udav karannako?",automatic_top_up,automatic_top_up,True
350,mage salli automatic va top up karanne kohomada,automatic_top_up,topping_up_by_card,False
351,mama nishchita balance ekakata yanakota top up venna puluvanda?,automatic_top_up,pending_top_up,False
352,salli tika ituru venakota eka automatic va top-up venavada?,automatic_top_up,automatic_top_up,True
353,Auto top-up karanna vidiyak tiyenavada?,automatic_top_up,automatic_top_up,True
354,auto-top option eka hoyaganne kohenda kiyala pahadili karannako?,automatic_top_up,automatic_top_up,True
355,"auto top up function eka mokakda, eka hoyaganne kohenda?",automatic_top_up,automatic_top_up,True
356,automatic va top-up karanna vidiyak tiyenavada?,automatic_top_up,automatic_top_up,True
357,salli tikak ituru innakota top-up feature ekak tiyenavada?,automatic_top_up,automatic_top_up,True
358,Auto Top eke lokuma limit eka mokakda?,automatic_top_up,automatic_top_up,True
359,auto-top up enable karanne kohomada?,automatic_top_up,automatic_top_up,True
360,"mama mage card eka kipa vatavakma try kala, et kavadavat vada kale naa.",card_not_working,declined_card_payment,False
361,mage card eka vada karaganna baa.,card_not_working,card_not_working,True
362,"mage card eka kadila vage, eka fix karanne kohomada?",card_not_working,card_not_working,True
363,mage card eka vada nokaranne ayi kiyala danaganne kohomada?,card_not_working,card_not_working,True
364,mage card eka kaduna.,card_not_working,card_not_working,True
365,mage card eka vada karanne naa.,card_not_working,card_not_working,True
366,mage card eka vada karanne natte ayi?,card_not_working,card_not_working,True
367,mage banku card eke problam eka identify karannako?,card_not_working,unable_to_verify_identity,False
368,app eka pavichchi karala mage card eka unblock karanne kohomada?,card_not_working,pin_blocked,False
369,mage card eka vada karanne naa,card_not_working,card_not_working,True
370,mage physical card eka vada karavaganne kohomada?,card_not_working,card_not_working,True
371,mage card eka vada nokaranne ayi kiyala pahadili karala kavuru hari udav karannada?,card_not_working,card_not_working,True
372,mata udav karanna. mage card eka vada karanne naa.,card_not_working,card_not_working,True
373,card ekak vada kirima navattanna puluvanda?,card_not_working,getting_spare_card,False
374,mage card eka kadila kiyala mata hitenava,card_not_working,card_not_working,True
375,mage card eka ayi vada karanne natte?,card_not_working,card_not_working,True
376,mage card eka tava vada karanne naa.,card_not_working,card_not_working,True
377,"ada kanna giya velave mage card eka decline vuna, mokada varadila tiyenne kiyala danaganna one.",card_not_working,card_not_working,True
378,mage card eka vada venne naa.,card_not_working,card_not_working,True
379,mage card eka kisiset go through novena problam eka resolve karanne kohomada?,card_not_working,card_not_working,True
380,mage actual card eka vada karanne naa.,card_not_working,card_not_working,True
381,mage card eka kadilada?,card_not_working,card_not_working,True
382,mama mage card eka kaduva,card_not_working,card_not_working,True
383,mage card eka vada kirima navattuva,card_not_working,card_not_working,True
384,"mage card eka kadila, mama mokada karanna one?",card_not_working,card_not_working,True
385,"mama ada mage card eka pavichchi karanna haduva, vada karanne naa, udav karannako?",card_not_working,card_not_working,True
386,mama pavichchi karaddi mage card eka vada kirima navattuva,card_not_working,card_not_working,True
387,mata mage card eka pavichchi karanna baa.,card_not_working,card_not_working,True
388,mage card ekata udav one. eka vada karanne naa.,card_not_working,card_not_working,True
389,mata mage card eka pavichchi karaganna baa.,card_not_working,card_not_working,True
390,mage langa tiyena card eka kadila vage.,card_not_working,card_not_working,True
391,mage card eka vada venne naa,card_not_working,card_not_working,True
392,mage card eka ekaparatama vada kirima navattuva.,card_not_working,card_not_working,True
393,"mama mage card eka kipa vatavakma pavichchi karanna haduva, vada karanne naa.",card_not_working,card_not_working,True
394,mage langa tiyena card eka vada karanne naa.,card_not_working,card_not_working,True
395,mage card eka kisima transakshan ekak accept karanne naa. mokada varadila tiyenne??,card_not_working,card_not_working,True
396,mage card eka vada karanavada kiyala check karanne kohomada?,card_not_working,card_not_working,True
397,mage card eken mokavat go through venne naa.,card_not_working,declined_card_payment,False
398,mage card eka vada nokaranne ayi kiyala hoyaganne kohomada?,card_not_working,card_not_working,True
399,"mama mage card eka deactivate karala ati, eka nisada vada karanne naa?",card_not_working,card_not_working,True
400,mata meken karansi exchange karanna puluvanda?,exchange_via_app,fiat_currency_support,False
401,mata venas karansi atara exchange karanne kohomada kiyala kiyannako.,exchange_via_app,exchange_rate,False
402,mata eka karansiyakin tava karansiyakata maru venna puluvanda?,exchange_via_app,getting_spare_card,False
403,LKR eka USD ekata maru karanne kohomada?,exchange_via_app,exchange_via_app,True
404,me app eka karansi exchange karanavada?,exchange_via_app,card_payment_wrong_exchange_rate,False
405,app eken karansi convert karanne kohomada?,exchange_via_app,exchange_via_app,True
406,karansi exchange karanne kohomada?,exchange_via_app,exchange_rate,False
407,mata me app eken karansi exchange karanna puluvanda?,exchange_via_app,exchange_via_app,True
408,eka karansiyakin tava karansiyakata exchange ekak karanne kohomada?,exchange_via_app,exchange_rate,False
409,USD saha LKR atara maru karaganne kohomada?,exchange_via_app,exchange_via_app,True
410,mona karansida exchange karanna puluvan?,exchange_via_app,fiat_currency_support,False
411,oyalage app eka pavichchi karala USD saha LKR atara karansi exchange karanna hondama vidiya mokakda?,exchange_via_app,exchange_via_app,True
412,LKR eken USD ekata maru karanna one nam kriyavaliya mokakda?,exchange_via_app,exchange_via_app,True
413,mata salli tikak exchange karaganna puluvanda?,exchange_via_app,exchange_via_app,True
414,venat karansiyakata maru venna puluvanda?,exchange_via_app,exchange_via_app,True
415,mage LKR eka USD ekata exchange karanne kohomada?,exchange_via_app,exchange_via_app,True
416,mata venat rataka mage salli pavichchi karanne kohomada?,exchange_via_app,topping_up_by_card,False
417,"mata videsha karansi labunot, eva app eken exchange karaganna puluvanda?",exchange_via_app,exchange_via_app,True
418,mata venat karansiyakata maru venna puluvanda?,exchange_via_app,fiat_currency_support,False
419,"mata one USD, LKR neveyi, eka maru karanne kohomada?",exchange_via_app,exchange_via_app,True
420,karansi exchange karanna hondama vidiya mokakda?,exchange_via_app,exchange_rate,False
421,mata USD venuvata LKR one nam mama mokada karanna one?,exchange_via_app,exchange_via_app,True
422,me app eken karansi exchange karanna puluvanda kiyala hituva.,exchange_via_app,exchange_via_app,True
423,"mata LKR venuvata USD one veyi, eka maru karanne kohomada?",exchange_via_app,exchange_via_app,True
424,karansi exchange kriyavaliya haraha yanne kohomada?,exchange_via_app,exchange_rate,False
425,karansiya maru karanna,exchange_via_app,edit_personal_details,False
426,mata karansi exchange karagannath puluvanda?,exchange_via_app,fiat_currency_support,False
427,LKR maru karanna koheta yanna oneda?,exchange_via_app,change_pin,False
428,mata mona karansi valata exchange karanna puluvanda?,exchange_via_app,fiat_currency_support,False
429,me app eka mona karansi exchange karayida?,exchange_via_app,fiat_currency_support,False
430,me app ekata mata karansi exchange karanna udav karanna puluvanda?,exchange_via_app,fiat_currency_support,False
431,mata karansi tikak exchange karaganna one.,exchange_via_app,exchange_via_app,True
432,app eken LKR saha USD atara exchange karaganna puluvanda?,exchange_via_app,exchange_via_app,True
433,me app eke karansi exchange ekak tiyenavada?,exchange_via_app,card_payment_wrong_exchange_rate,False
434,mage karansiya USD eken EUR ekata maru karanna puluvanda?,exchange_via_app,fiat_currency_support,False
435,"mata one USD kiyala hitenava, LKR neveyi, udav karannako?",exchange_via_app,exchange_via_app,True
436,karansi exchange karaganne kohomada?,exchange_via_app,exchange_via_app,True
437,mata me app eka pavichchi karala USD eka euros valata maru karaganna puluvanda?,exchange_via_app,exchange_via_app,True
438,mage account eken karansi exchange karaganna puluvanda?,exchange_via_app,exchange_via_app,True
439,mata karansi exchange karaganna one,exchange_via_app,card_payment_wrong_exchange_rate,False
440,"ada mage lokar eken gym bag ekama, wallet ekat ekka, horakam karagena giya. wallet eke tibuna hama dema naa - card eka pavichchi karanna bari vidiyata block karanne kohomada?",lost_or_stolen_card,topping_up_by_card,False
441,"mata mage card eka hoyaganna baa, eka horakam karala ati kiyala hitenava.",lost_or_stolen_card,lost_or_stolen_card,True
442,"kavuru hari mage card eka horakam kala. eka horakam kala kiyala report karanna one. polisiyata danatamat report kala, et oyala langa report karanne kohomada?",lost_or_stolen_card,lost_or_stolen_card,True
443,"mata mage card eka hoyaganna baa, eka naa.",lost_or_stolen_card,lost_or_stolen_card,True
444,mage card eka nati vuna! mama mokada karanna puluvan?,lost_or_stolen_card,lost_or_stolen_card,True
445,mama mage card eka nati kala,lost_or_stolen_card,lost_or_stolen_card,True
446,ane! mama mage card eka nati kala! udav!,lost_or_stolen_card,lost_or_stolen_card,True
447,"mage card eka horakam karala ati kiyala mama hitanava, mekata mama mokada karanna puluvan? meka urgent.",lost_or_stolen_card,lost_or_stolen_card,True
448,udav! kavuru hari mage card eka horakam kala!,lost_or_stolen_card,lost_or_stolen_card,True
449,udav. mage card eka horakam karala!,lost_or_stolen_card,lost_or_stolen_card,True
450,"card eka nati vuna, udav karannako",lost_or_stolen_card,lost_or_stolen_card,True
451,mage card eka horakam vuna kiyala report karanne kohomada?,lost_or_stolen_card,lost_or_stolen_card,True
452,"mage card eka naa, eka horakam karala ati kiyala mama hitanne",lost_or_stolen_card,lost_or_stolen_card,True
453,report process eka complete karanna polis reportye copy ekak oneda?,lost_or_stolen_card,request_refund,False
454,ada mage credit cards okkoma ekka wallet eka nati kala. plis card eka block karala replacement ekak evannako?,lost_or_stolen_card,lost_or_stolen_card,True
455,horakam karapu card ekakata karanne mokakda?,lost_or_stolen_card,order_physical_card,False
456,"mage card eka freeze karannako, eka horakam karala",lost_or_stolen_card,lost_or_stolen_card,True
457,udav! mata mage card eka hoyaganna baa.,lost_or_stolen_card,lost_or_stolen_card,True
458,mage card eka nati kalot mama mokada karanna one?,lost_or_stolen_card,lost_or_stolen_card,True
459,nati vuna card ekakata mata udav one,lost_or_stolen_card,lost_or_stolen_card,True
460,mage card eka horakam karala ati kiyala mama hitanava.,lost_or_stolen_card,lost_or_stolen_card,True
461,"ada kavuru hari mage wallet eka horakam kala, hariyatama kavadada kiyala danne naa, Piccadilly circus eke venna ati. card eka pavichchi karanna try karala tiyenavada kiyala check karala eka block karannako?",lost_or_stolen_card,compromised_card,False
462,mama hitanne mage card eka nati vela. kochchara kalayak nati vela innavada kiyala danne naa. vena kavuru hari eka pavichchi karala tiyenavada kiyala balanna puluvanda?,lost_or_stolen_card,lost_or_stolen_card,True
463,horakam karapu card ekak freeze karanne kohomada?,lost_or_stolen_card,lost_or_stolen_card,True
464,mage card eka nati vela nam mama mokada karanna one?,lost_or_stolen_card,lost_or_stolen_card,True
465,mage beg horakam kala. mata alut card ekak one et horakam karapu eka cancel karanna one.,lost_or_stolen_card,lost_or_stolen_card,True
466,mokada hari mage card eka nati vela. mama mokada karanna one?,lost_or_stolen_card,lost_or_stolen_card,True
467,mage card eka magen aran,lost_or_stolen_card,lost_or_stolen_card,True
468,mage card eka nati vuna.,lost_or_stolen_card,lost_or_stolen_card,True
469,kavuru hari gonek mage card eka horakam kala.,lost_or_stolen_card,lost_or_stolen_card,True
470,mage card eka nati vuna/horakam vuna kiyala report karanne kohomada?,lost_or_stolen_card,lost_or_stolen_card,True
471,mage card eka nati vuna! dan mama mokada karanne?,lost_or_stolen_card,lost_or_stolen_card,True
472,"mama Spain eke inne, mage deval horakam karala. et ekka mage card ekat tibuna, mata alut ekak evanna one, parana eka freeze karanna one.",lost_or_stolen_card,lost_or_stolen_card,True
473,mage credit card eka horakam karala ati kiyala mama hitanava.,lost_or_stolen_card,lost_or_stolen_card,True
474,horakam karapu card ekak report karanne kohomada?,lost_or_stolen_card,lost_or_stolen_card,True
475,"kavuru hari mage card eka horakam kala, plis mata udav one.",lost_or_stolen_card,lost_or_stolen_card,True
476,mata mage credit card eka hoyaganna baa.,lost_or_stolen_card,topping_up_by_card,False
477,oyalata mage card eka locate karanna puluvanda?,lost_or_stolen_card,lost_or_stolen_card,True
478,mage card eka horakam vuna!,lost_or_stolen_card,lost_or_stolen_card,True
479,plis mata udav karanna! mage card eka horakam vuna!,lost_or_stolen_card,lost_or_stolen_card,True
480,mata account ekak ganna kochchara vayasak inna oneda,age_limit,age_limit,True
481,mage account ekak open karanna mata inna puluvan aduma vayasa kiyada?,age_limit,age_limit,True
482,mata kochchara vayasak inna oneda?,age_limit,age_limit,True
483,lamayekta account ekak open karanna puluvanda?,age_limit,age_limit,True
484,apita kochchara vayasak inna oneda?,age_limit,age_limit,True
485,mage duvata account ekak set karanne kohomada?,age_limit,age_limit,True
486,aduma vayasa limit ekak tiyenavada?,age_limit,age_limit,True
487,account ekak tiyaganna puluvan aduma vayasa mokakda?,age_limit,age_limit,True
488,mage vayasa kiyak inna oneda?,age_limit,age_limit,True
489,mage duvata account ekak open karanna puluvanda?,age_limit,age_limit,True
490,account ekak open karanna aduma vayasa mokakda?,age_limit,age_limit,True
491,aduma vayasa mokakda?,age_limit,age_limit,True
492,mata vayasa 17 vitarayi. mata account ekak hadaganna puluvanda?,age_limit,age_limit,True
493,mage lamayinta account ekak open karanna puluvanda?,age_limit,age_limit,True
494,account ekak open karanna vayasa mokakda?,age_limit,age_limit,True
495,mage lamayata account ekak open karanne kohomada?,age_limit,age_limit,True
496,mage aluta upan babata banku account ekak open karanna puluvanda?,age_limit,age_limit,True
497,account ekak open karanna mata kochchara vayasak inna oneda?,age_limit,age_limit,True
498,lamayinta salli save karana atdakimak labadena services oyala langa tiyenavada?,age_limit,age_limit,True
499,mage lamayinta oyalage service eka pavichchi karanna one nam egollanta kochchara vayasak inna oneda?,age_limit,age_limit,True
500,mage vayasa 19 duvata bankuve savings account ekak open karanna puluvanda?,age_limit,age_limit,True
501,account ekak ganna kochchara vayasak inna oneda?,age_limit,age_limit,True
502,account ekak open karanna ona aduma vayasa kiyada?,age_limit,age_limit,True
503,"mage lamayinta account ekak one, eka karanne kohomada?",age_limit,age_limit,True
504,mage lamayinta tamangema account ekak tiyaganna puluvanda?,age_limit,age_limit,True
505,mage lamayinta account ekak open karaganna puluvanda?,age_limit,age_limit,True
506,me service eka pavichchi karanna mage lamayinta nishchita vayasak inna oneda?,age_limit,age_limit,True
507,account ekak open karanna puluvan venna kochchara vayasak inna oneda?,age_limit,age_limit,True
508,vayasa limit ekak tiyenavada?,age_limit,age_limit,True
509,account ekak open karanna vayasa requirements monavada?,age_limit,age_limit,True
510,mata mage duvata account ekak open karanna puluvanda,age_limit,age_limit,True
511,account ekak open karanna mata inna ona vayasa kiyada?,age_limit,age_limit,True
512,services valata sign up karanna puluvan vayasa mokakda?,age_limit,age_limit,True
513,oyalage service eka pavichchi karanna mage lamayinta kochchara vayasak inna oneda?,age_limit,age_limit,True
514,oyalage service eka pavichchi karanna mage lamayinta one vayasa mokakda?,age_limit,age_limit,True
515,account ekak open karanna mage lamayinta kochchara vayasak inna oneda?,age_limit,age_limit,True
516,account ekak open karanna mage lamayinta inna ona vayasa kiyada?,age_limit,age_limit,True
517,account ekak open karanna puluvan aduma vayasa kiyada?,age_limit,age_limit,True
518,account ekak open karanna puluvan aduma vayasa mokakda?,age_limit,age_limit,True
519,bankuve account ekak tiyaganna kochchara vayasak inna oneda?,age_limit,age_limit,True
520,mage PIN eka unlock karaganne kohomada?,pin_blocked,pin_blocked,True
521,mage PIN eka balanne koheda?,pin_blocked,get_physical_card,False
522,oyala mage PIN eka reinstate karanavada?,pin_blocked,get_physical_card,False
523,mama ahamben mage PIN eka block kala. eka reset karanne kohomada?,pin_blocked,pin_blocked,True
524,varadiyata godak vatavak dapu passe mage pin eka unblock karanne kohomada?,pin_blocked,pin_blocked,True
525,"mama varadi pin eka godak vatavak damma, dan account eka block vela. unblock karanne kohomada?",pin_blocked,pin_blocked,True
526,"mama bila innakota card eka block kala, udav one?",pin_blocked,pin_blocked,True
527,"mage PIN eka reset karanne kohomada, mata card eka pavichchi karanna baa vage?",pin_blocked,pin_blocked,True
528,"mama varadi pin eka godak vatavak dammama block vuna, e nisa mage pin eka unblock karanna udav karannada",pin_blocked,pin_blocked,True
529,"mage pin eka block vuna, eka ayet pavichchi karanna puluvan venne kohomada?",pin_blocked,pin_blocked,True
530,block venna kalin mata pin eka danna puluvan vatavan kiyada?,pin_blocked,pin_blocked,True
531,mama PIN eka godak vatavak danna try kalot mama mokada karanna one?,pin_blocked,pin_blocked,True
532,mata PIN eka try karanna puluvan vatavan ganana ikmavala,pin_blocked,get_physical_card,False
533,mage account eke block vuna pin number ekak unblock karanne kohomada?,pin_blocked,pin_blocked,True
534,bank machine eka mage PIN attempts accept nokalot mama mokada karanna one?,pin_blocked,pin_blocked,True
535,mage pin eka unlock karannako? mama varadi pin eka godak vatavak damma vage.,pin_blocked,pin_blocked,True
536,block vuna PIN ekakata karanne mokakda?,pin_blocked,pin_blocked,True
537,"mama bila innakota card eka pavichchi karanna try kala, PIN eka varaduna, machine eka mage card eka tiyagatta. eka apahu labenne kavadada?",pin_blocked,card_swallowed,False
538,app eka pavichchi karala mage card eka unblock karanna puluvanda?,pin_blocked,pin_blocked,True
539,mata PIN eka try karanna puluvan vatavan okkoma ivara vela,pin_blocked,pin_blocked,True
540,godak vatavak try karala locked vuna mage pin eka unlock karanne kohomada?,pin_blocked,pin_blocked,True
541,"udav! mata mage PIN eka amataka vela, card eka pavichchi karanna bari vela.",pin_blocked,pin_blocked,True
542,"mage account eka block vela, dan log in karanne kohomada",pin_blocked,pin_blocked,True
543,mama block vune ayi?,pin_blocked,pin_blocked,True
544,oyalata mage pin eka unblock karanna puluvanda?,pin_blocked,pin_blocked,True
545,mage PIN eka unblock karanna udav karannako? mama eka varadiyata godak vatavak damma.,pin_blocked,pin_blocked,True
546,"mama varadi pin eka godak vatavak damma, dan block vela. unblock karanna udav karanna!",pin_blocked,pin_blocked,True
547,"mage pin eka block vela vage, plis eka unblock karannako",pin_blocked,pin_blocked,True
548,godak varadi pin attempts valin passe mage pin eka unblock karannako?,pin_blocked,pin_blocked,True
549,mage pin eka unblock karanna oyalata mokada karanna puluvan?,pin_blocked,pin_blocked,True
550,"mage PIN eka block vela, mama mokada karanna one?",pin_blocked,pin_blocked,True
551,mage PIN eka reactivate karaganna puluvanda?,pin_blocked,change_pin,False
552,mage PIN eka reset karanne kohomada?,pin_blocked,pin_blocked,True
553,mage pin eka unblock karaganna puluvanda?,pin_blocked,pin_blocked,True
554,mage PIN eka unblock karanne kohomada?,pin_blocked,pin_blocked,True
555,"mage card eka freeze vela, mama mokada karanna puluvan?",pin_blocked,lost_or_stolen_card,False
556,pin eka unlock karanne kohomada?,pin_blocked,pin_blocked,True
557,"mage pin eka block vela nisa, eka unblock karanna udav karannada?",pin_blocked,pin_blocked,True
558,"mage PIN eka vada karanne naa, mata udav one.",pin_blocked,pin_blocked,True
559,mage PIN eka unblock karaganne kohenda?,pin_blocked,pin_blocked,True
560,mage alut card eke contactless payments enable vela tiyenavada?,contactless_not_working,contactless_not_working,True
561,mage contactless eka vada kirima navattuva,contactless_not_working,contactless_not_working,True
562,alut card ekak process ekata one documents monavada?,contactless_not_working,verify_my_identity,False
563,"mokada varadila tiyenne kiyala danne naa, mage contactless eka vada kirima navattuva. ada tan kipayakadima try kala, kohevat vada kale naa.",contactless_not_working,contactless_not_working,True
564,mage card eke contactless feature eka vada karanne kohomada?,contactless_not_working,contactless_not_working,True
565,"ada bas ekedi contactless payment ekak karanna try kala, vada kale naa. ayi kiyala adahasak tiyenavada?",contactless_not_working,contactless_not_working,True
566,mata satiyakatat vada mage card eken contactless pay karanna bari vela. meka fix karanna vidiyak tiyenavada?,contactless_not_working,contactless_not_working,True
567,mage contactless eka vada nokaranne ayi kiyala oyala dannavada?,contactless_not_working,contactless_not_working,True
568,mage contactless payments successfully complete vela naa.,contactless_not_working,contactless_not_working,True
569,ada kadedi contactless pay karanna try karala vada nokalot mama card eka replace karanna oneda?,contactless_not_working,contactless_not_working,True
570,mokada hari hetuvak nisa mage contactless eka vada kirima navattuva. problam eka mokakda kiyala danne naa. mama mokada karanna puluvan?,contactless_not_working,contactless_not_working,True
571,"ada ude mata contactless eka pavichchi karanna bari vuna, eka accept vune naa.",contactless_not_working,contactless_not_working,True
572,Contactless eka mata vada karanne naa,contactless_not_working,contactless_not_working,True
573,ada bas ekedi pay karanna try kalama contactless payment eka vada nokale ayi?,contactless_not_working,contactless_not_working,True
574,contactless pay allow karanna mage security settings check karanne kohomada?,contactless_not_working,contactless_not_working,True
575,contactless vada nokalot mama mokada karanna puluvan?,contactless_not_working,contactless_not_working,True
576,mage contactless eka fix karanna,contactless_not_working,contactless_not_working,True
577,metro ekata mage contactless eka vada karavaganne kohomada?,contactless_not_working,contactless_not_working,True
578,mage contactless eka vada karanne naa,contactless_not_working,contactless_not_working,True
579,mage contactless eka fix karanna udav karannada?,contactless_not_working,contactless_not_working,True
580,mokada hari hetuvak nisa mage contactless eka mata vada karanne naa.,contactless_not_working,contactless_not_working,True
581,mata purchases valata contactless payments pavichchi karanna baa.,contactless_not_working,contactless_not_working,True
582,"mage bas ganata pay karanna try kalama, contactless payment eka vada kale naa. metan ehata meka valakvaganne kohomada?",contactless_not_working,contactless_not_working,True
583,ada bas ekedi NFC payment eka vada kale naa. udav?,contactless_not_working,declined_card_payment,False
584,"mata mage card eka contactless vidiyata pavichchi karanna one vuna et vada karanne naa vage, problam eka mokakda venna puluvan?",contactless_not_working,contactless_not_working,True
585,contactless eka vada karavaganne kohomada,contactless_not_working,contactless_not_working,True
586,alut card ekakata charges monavada?,contactless_not_working,contactless_not_working,True
587,mage langa tiyena contactless eka vada karanne naa.,contactless_not_working,contactless_not_working,True
588,mage contactless eka vada nokaranne ayi?,contactless_not_working,contactless_not_working,True
589,ada metro ekedi mata contactless eka pavichchi karanna one vuna et eka accept kale naa!,contactless_not_working,contactless_not_working,True
590,ada bas ekedi contactless pay karanna try kalama vada kale naa. ayi?,contactless_not_working,contactless_not_working,True
591,mata contactless karanna baa.,contactless_not_working,contactless_not_working,True
592,contactless payments pavichchi karanne kohomada?,contactless_not_working,contactless_not_working,True
593,vada nokarana mage contactless ekata udav karanna.,contactless_not_working,contactless_not_working,True
594,contactless vada nokarana problam eka fix karanne kohomada?,contactless_not_working,contactless_not_working,True
595,contactless pay pavichchi karanne kohomada?,contactless_not_working,contactless_not_working,True
596,contactless pay enable karanne kohomada?,contactless_not_working,contactless_not_working,True
597,contactless payment ekakata kalin regular payment ekak karanna oneda?,contactless_not_working,contactless_not_working,True
598,mage contactless eka vada karanne koheda kiyala danaganne kohomada?,contactless_not_working,contactless_not_working,True
599,mama payment app eka reinstall karanna oneda?,contactless_not_working,contactless_not_working,True
600,transfers accept karanna oyala kiyak ayakaranavada,top_up_by_bank_transfer_charge,top_up_by_bank_transfer_charge,True
601,mata transfer ekak karanna one. ekata kiyak yanavada?,top_up_by_bank_transfer_charge,top_up_by_bank_transfer_charge,True
602,"mata transfer ekak karanna one, fee eka kiyakda?",top_up_by_bank_transfer_charge,top_up_by_bank_transfer_charge,True
603,mama top-up ekak kalot charges apply venavada?,top_up_by_bank_transfer_charge,top_up_by_bank_transfer_charge,True
604,mata SWIFT eken transfer karannat puluvanda?,top_up_by_bank_transfer_charge,top_up_by_bank_transfer_charge,True
605,SWIFT transfers accept karanavada?,top_up_by_bank_transfer_charge,top_up_by_bank_transfer_charge,True
606,mata SWIFT pavichchi karala mage account eka refill karaganna one.,top_up_by_bank_transfer_charge,terminate_account,False
607,transfer eken top up karanna mata gevanna oneda?,top_up_by_bank_transfer_charge,top_up_by_bank_transfer_charge,True
608,transfer top up ekakata fees vage deyak tiyenavada?,top_up_by_bank_transfer_charge,top_up_by_bank_transfer_charge,True
609,SWIFT eken transfer ekak ganna puluvanda?,top_up_by_bank_transfer_charge,top_up_by_bank_transfer_charge,True
610,salli receive karanna mata fees gevanna oneda?,top_up_by_bank_transfer_charge,top_up_by_bank_transfer_charge,True
611,salli receive karanna mata kiyak ayakaranavada?,top_up_by_bank_transfer_charge,top_up_by_bank_transfer_charge,True
612,oyala SWIFT transfers handle karanavada?,top_up_by_bank_transfer_charge,top_up_by_bank_transfer_charge,True
613,labena salli valata charges tiyenavada?,top_up_by_bank_transfer_charge,top_up_by_card_charge,False
614,transfer ekakata fee ekak yanavada?,top_up_by_bank_transfer_charge,transfer_fee_charged,False
615,SEPA transfer ekak receive karanna charges tiyenavada?,top_up_by_bank_transfer_charge,top_up_by_bank_transfer_charge,True
616,mama mage bankuven salli transfer karala account eka top-up kalot mata charge karanavada?,top_up_by_bank_transfer_charge,top_up_by_bank_transfer_charge,True
617,kavuru hari mata salli evanava nam mata charge karanavada?,top_up_by_bank_transfer_charge,top_up_by_bank_transfer_charge,True
618,top-ups valata fees monavada?,top_up_by_bank_transfer_charge,top_up_by_card_charge,False
619,transfer eken top up kirima mage account ekata charge ekakata hetu venavada?,top_up_by_bank_transfer_charge,top_up_by_bank_transfer_charge,True
620,salli receive karanna charges monavada?,top_up_by_bank_transfer_charge,top_up_by_bank_transfer_charge,True
621,salli receive karanna fee eka mokakda?,top_up_by_bank_transfer_charge,top_up_by_bank_transfer_charge,True
622,SEPA transfer ekakata mata kiyak ayakaranavada?,top_up_by_bank_transfer_charge,top_up_by_bank_transfer_charge,True
623,SEPA transfer eke fee eka kiyada?,top_up_by_bank_transfer_charge,top_up_by_bank_transfer_charge,True
624,SEPA transfer ekakata mata kiyak charge karayida?,top_up_by_bank_transfer_charge,top_up_by_bank_transfer_charge,True
625,transfer eken top up karanna charge ekak tiyenavada?,top_up_by_bank_transfer_charge,top_up_by_bank_transfer_charge,True
626,oyala SWIFT transfers karanavada?,top_up_by_bank_transfer_charge,top_up_by_bank_transfer_charge,True
627,transfer eken top up karanna charge karayi kiyala balaporottu vennada?,top_up_by_bank_transfer_charge,top_up_by_bank_transfer_charge,True
628,SEPA transfer ekakata mata charge karayida?,top_up_by_bank_transfer_charge,top_up_by_bank_transfer_charge,True
629,transfer ekakata fee ekak tiyenavada? tiyenavanam kiyada?,top_up_by_bank_transfer_charge,top_up_by_bank_transfer_charge,True
630,me bankuve SWIFT transfers gana kiyannako.,top_up_by_bank_transfer_charge,top_up_by_bank_transfer_charge,True
631,transfer top-up ekakata fee ekak tiyenavada?,top_up_by_bank_transfer_charge,top_up_by_bank_transfer_charge,True
632,transfer policy eka mokakda kiyala kiyannako?,top_up_by_bank_transfer_charge,pending_transfer,False
633,SWIFT transfer ekak harida?,top_up_by_bank_transfer_charge,top_up_by_bank_transfer_charge,True
634,mama SEPA transfer ekak receive kalot fee ekak charge karayida,top_up_by_bank_transfer_charge,top_up_by_bank_transfer_charge,True
635,"transfer eken top up karaddi, mata charge karayida?",top_up_by_bank_transfer_charge,top_up_by_bank_transfer_charge,True
636,mage bankuven salli transfer karanna fee eka mokakda?,top_up_by_bank_transfer_charge,top_up_by_bank_transfer_charge,True
637,mata salli labenakota charge karanavada?,top_up_by_bank_transfer_charge,top_up_by_bank_transfer_charge,True
638,transfer ekaka sampurna cost eka mokakda kiyala kiyannako?,top_up_by_bank_transfer_charge,top_up_by_bank_transfer_charge,True
639,mata swift eken transfer ekak karanna puluvanda,top_up_by_bank_transfer_charge,top_up_by_bank_transfer_charge,True
640,"alut customer kenek, ada gas fill karanava, eka vada karanne naa, payaka bagayak indala pending kiyala penava!",pending_top_up,pending_top_up,True
641,ada ude mage card eka top kala et salli penne naa. eka complete vune natte ayi?,pending_top_up,pending_top_up,True
642,mage top up eka thama pending venna hetuva mokakda?,pending_top_up,pending_top_up,True
643,mage top-up eke delay ekak tiyenava,pending_top_up,pending_top_up,True
644,mage top up eka go through vela nati hetuvak tiyenavada,pending_top_up,pending_top_up,True
645,top-up eka pending.,pending_top_up,pending_top_up,True
646,mage top-up eka thama go through vela natte ayi kiyala pahadili karannako?,pending_top_up,pending_top_up,True
647,"mama danatamat top up kala, et salli available vidiyata penne naa. mokada vune?",pending_top_up,top_up_reverted,False
648,mokada venne? mage top-up eka thama pending. mama oyalage sistam eka hamavelema pavichchi karanava et dan eka pending vidiyata vitarayi penne.,pending_top_up,pending_top_up,True
649,top-up ekak process vuna kiyala mata penne naa.,pending_top_up,top_up_failed,False
650,mama top up kala et complete vune naa,pending_top_up,pending_top_up,True
651,"mama alut customer kenek, ada mul vatavata top up karanna try kala. payaka bagayak indala pending, vada karanne naa vage. plis meka fix karanna one.",pending_top_up,pending_top_up,True
652,mage top up eka pending.,pending_top_up,pending_top_up,True
653,"plis mage top up eka balannako. mama eka kale paya 3katat kalin, et thama pending.",pending_top_up,pending_top_up,True
654,"plis mage top up eka puluvan taram ikmanata go through karannako. mata attatama salli one, danatamat payak pending.",pending_top_up,pending_top_up,True
655,"top-up ekata mokada venne? pending, pending, pending kiyala vitarayi kiyanne! mama oyalage service eka satiyakata kipa vatavak pavichchi karanava, kavadavat problamayak vune naa! metana mokada venne?",pending_top_up,pending_top_up,True
656,mage top up eka thama go through vela natte ayi,pending_top_up,pending_top_up,True
657,top-up eka process venna lesi,pending_top_up,top_up_failed,False
658,"oyalage vebsayit eke mokak hari varaddak tiyenavada? mama account eka top up karanna try kala, paya 2kata langin indala thama ""pending"". mama dan tamayi oyala ekka join vune, meka mul try eka, e nisa mama varadi vennat puluvan, et meka instant viya yutu neda?",pending_top_up,pending_top_up,True
659,"mama tikakata kalin card eken top up kala, thama pending, danata vela ivara venna one neda?",pending_top_up,pending_top_up,True
660,mage top-up eka complete vela natte ayi?,pending_top_up,pending_top_up,True
661,top up eka complete vune naa,pending_top_up,pending_top_up,True
662,"mama dan tamayi top-up eka card ekata damme, eka venas vela naa.",pending_top_up,pending_top_up,True
663,mage top up eka thama pending ayi?,pending_top_up,pending_top_up,True
664,"oyalage top-up function eka vada karanne naa, mage card eka vada karanava kiyala dannat thama pending kiyala tiyenava.",pending_top_up,pending_top_up,True
665,"halo mama alut customer kenek, ada mul vatavata top up karanna try kala, vada karanne naa vage, danatamat payaka bagayak indala pending kiyala penava! plis fix karannako!",pending_top_up,pending_top_up,True
666,"ane! mama card eka load karanna try karanava et top up venne naa! mata attatama salli one card eke nattam bankuve, eka koheda?",pending_top_up,pending_top_up,True
667,mama mage account eka top-up karanna try karanava et payak indala pending.,pending_top_up,pending_top_up,True
668,mage top-up eka thama outstanding ayi?,pending_top_up,pending_top_up,True
669,mage top up eka thama pending kiyala kiyaddi eke teruma mokakda?,pending_top_up,pending_top_up,True
670,"mage top up eka vada kale naa, pasugiya paya kipayak indala pending eke stuck vela",pending_top_up,pending_top_up,True
671,top-up eka complete vuna vage penne naa.,pending_top_up,pending_top_up,True
672,mama card eken kalat mage top up eka thama pending kiyala kiyanne ayi.,pending_top_up,pending_top_up,True
673,mama top off karapu salli koheda?,pending_top_up,top_up_reverted,False
674,"halo. mama oyalage sistam ekata alut customer kenek, mokak hari hariyata vada karanne naa kiyala mama hitanne - nattam hari vennat puluvan. oyalata confirm karanna puluvan veyi. mama ada top up karanna try kala (mage mulma vatava) payakatat vada ""pending"" eke stuck vela. meka venna oneda nattam sistam eke mokak hari varadilada?",pending_top_up,pending_top_up,True
675,mage top-up eka thama pending ayi?,pending_top_up,pending_top_up,True
676,mage card eka top up kirima vada karanne naa mokada top up eka pending kiyala mama hitanne,pending_top_up,pending_top_up,True
677,mage top-up eka process venne kavadada?,pending_top_up,pending_top_up,True
678,"top-up ekata niyama problamayak tiyenava! mama nitarama oyalage service eka pavichchi karanava, kalin problamayak vune naa, et dan top-up eka pending kiyala vitarayi penne. eka pending kiyala continuous va penne ayi kiyala kiyannako.",pending_top_up,pending_top_up,True
679,"mama top up karanna try kala et mage funds pending vage. mata danma mokak hari ganna one, mama mokada karanna one?",pending_top_up,pending_top_up,True
680,"mama ada ude transakshan ekak kala, eka revert karaganna one.",cancel_transfer,cancel_transfer,True
681,mata charge ekak cancel karanna puluvanda?,cancel_transfer,cancel_transfer,True
682,mata mage transakshan eka cancel karanna puluvanda?,cancel_transfer,cancel_transfer,True
683,mama transakshan ekak kala et varadi account ekata kala.,cancel_transfer,cancel_transfer,True
684,transfer ekak cancel karanne kohomada kiyala kiyannako.,cancel_transfer,cancel_transfer,True
685,"mama karapu transfer ekak cancel karanna one. eka varadi account number ekak, app eken transakshan eka stop karanna denne naa. plis eka stop karannako!",cancel_transfer,cancel_transfer,True
686,"mata mage meta transfer eka danma cancel karanna one, mama varaddak kala, plis eka go through venakalin ikmanata udav karannako",cancel_transfer,cancel_transfer,True
687,mama ada ude karapu transakshan ekak revert karaganna one,cancel_transfer,cancel_transfer,True
688,mama transakshan ekak kalot eka cancel karanna puluvanda?,cancel_transfer,cancel_transfer,True
689,transfer ekak cancel karanne kohomada?,cancel_transfer,cancel_transfer,True
690,transfer ekak cancel karanna vidiyak tiyenavada?,cancel_transfer,cancel_transfer,True
691,mama ahamben varadi account ekakata transakshan ekak kala.,cancel_transfer,cancel_transfer,True
692,mata danma transfer ekak cancel karanna one! udav karannada?,cancel_transfer,cancel_transfer,True
693,mage transakshan eka cancel karanna udav karanna,cancel_transfer,cancel_transfer,True
694,"meka URGENT, mama karanna one payment ekakata varadi payment information type karala send click kala, mata transakshan eka danma reverse karanna one.",cancel_transfer,cancel_transfer,True
695,mata transfer ekak cancel karanna puluvanda,cancel_transfer,cancel_transfer,True
696,mata kalin karapu mage transakshan eka reverse karaganna one,cancel_transfer,cancel_transfer,True
697,ada ude karapu mage transakshan eka revert karaganna vidiyak tiyenavada?,cancel_transfer,cancel_transfer,True
698,mata transfer ekak cancel karaganna one,cancel_transfer,cancel_transfer,True
699,danatamat process vuna transfer ekak cancel karanna puluvanda?,cancel_transfer,cancel_transfer,True
700,"mama varadi ganak transfer kala, transakshan eka cancel karaganna one.",cancel_transfer,cancel_transfer,True
701,"mama transfer ekak karaddi varaddak kala, dan eka fix karanna mokada karanna puluvan?",cancel_transfer,cancel_transfer,True
702,mata varadi transakshan ekak cancel karanna one.,cancel_transfer,cancel_transfer,True
703,mage transfer eka cancel karanne kohomada?,cancel_transfer,cancel_transfer,True
704,mama transakshan ekaka varaddak kala!,cancel_transfer,cancel_transfer,True
705,mama varadi account ekakata transakshan ekak submit kala.,cancel_transfer,cancel_transfer,True
706,mama dan tamayi karapu transfer eka danma cancel karanna one. eka mage varaddak. plis eka go through venakalin cancel karanna udav karannako!,cancel_transfer,cancel_transfer,True
707,mata ada ude karapu de back karaganna one,cancel_transfer,cancel_transfer,True
708,transakshan ekak cancel karanna puluvanda?,cancel_transfer,cancel_transfer,True
709,mage transakshan eka cancel karanne kohomada?,cancel_transfer,cancel_transfer,True
710,mage transakshan eka cancel karanna one.,cancel_transfer,cancel_transfer,True
711,mata transfer ekakata related danma cancellation ekak karanna one. meka varaddak. plis meka go through novenna ikmanata udav karannako.,cancel_transfer,cancel_transfer,True
712,"mama varaddak kala, transakshan ekak cancel karanna one",cancel_transfer,cancel_transfer,True
713,"iye mama payment ekaka varaddak kala, heta mage kuliyata one nisa ikmanata fix karanna one.",cancel_transfer,cancel_transfer,True
714,mage antima transfer eka cancel karanna,cancel_transfer,cancel_transfer,True
715,"mage meta transfer eka danma cancel karanna one; eka varaddak, plis eka go through venakalin cancel karannada?",cancel_transfer,cancel_transfer,True
716,transakshan ekak cancel karanna mata udav one.,cancel_transfer,cancel_transfer,True
717,dan transakshan eka go through vena eka mata one naa,cancel_transfer,pending_top_up,False
718,mama karapu payment eke ganak venas karanna puluvanda payment eka hari venna.,cancel_transfer,reverted_card_payment?,False
719,plis mata udav karanna! mata transakshan ekak cancel karanna one.,cancel_transfer,cancel_transfer,True
720,mage top up ekata limit ekak danna puluvanda?,top_up_limits,top_up_limits,True
721,mata one taram top-up karanna puluvanda?,top_up_limits,top_up_limits,True
722,mage account ekata top up limit ekak tiyenavada?,top_up_limits,top_up_limits,True
723,top up ekata limit eka mokakda?,top_up_limits,top_up_limits,True
724,mata kiyak top up karanna puluvanda?,top_up_limits,top_up_limits,True
725,top-offs valata restrictions monavada?,top_up_limits,disposable_card_limits,False
726,top-ups limited da?,top_up_limits,top_up_limits,True
727,top up limit eka mokakda,top_up_limits,top_up_limits,True
728,top-ups valata limit eka mokakda kiyala danaganna one.,top_up_limits,top_up_limits,True
729,top ups valata limit ekak tiyenavada?,top_up_limits,top_up_limits,True
730,maximum top up eka mokakda?,top_up_limits,top_up_limits,True
731,top-ups valata limit eka mokakda kiyala danaganne kohomada?,top_up_limits,top_up_limits,True
732,top-up amounts valata limit ekak tiyenavada?,top_up_limits,top_up_limits,True
733,ekaparakata card ekata add karanna puluvan amount ekata limit ekak tiyenavada?,top_up_limits,top_up_limits,True
734,mata top up karanna puluvan maximum ekak tiyenavada kiyala danaganna one.,top_up_limits,top_up_limits,True
735,top-up ekakata limit eka mokakda?,top_up_limits,top_up_limits,True
736,top-up limits tiyenavada kiyala kiyannako?,top_up_limits,top_up_limits,True
737,mage limit eka top-up karanne kohomada?,top_up_limits,top_up_limits,True
738,top-ups valata limit ekak tiyenavada?,top_up_limits,top_up_limits,True
739,mata ona ganakata top-up karanna puluvanda?,top_up_limits,top_up_limits,True
740,top ups valata limits monavada kiyala kiyannako?,top_up_limits,top_up_limits,True
741,mama top up karaddi amount limits monavada.,top_up_limits,top_up_limits,True
742,top-ups karanna limit ekak tiyenavada?,top_up_limits,top_up_limits,True
743,top-ups limit eka mokakda?,top_up_limits,top_up_limits,True
744,top-ups valata limits tiyenavada?,top_up_limits,top_up_limits,True
745,top-ups valata maximum amount ekak tiyenavada?,top_up_limits,top_up_limits,True
746,oyala langa top-up limit ekak tiyenavada?,top_up_limits,top_up_limits,True
747,top up limit eka mokakda?,top_up_limits,top_up_limits,True
748,top-up ekata limit eka mokakda?,top_up_limits,top_up_limits,True
749,ekaparakata mage card ekata kiyak top-up karanna puluvanda?,top_up_limits,top_up_limits,True
750,mata top up karanna puluvan uparima gana kiyada?,top_up_limits,top_up_limits,True
751,mata top up karanna puluvan vadima gana kiyada?,top_up_limits,top_up_limits,True
752,mata top-up karanna puluvan lokuma amount ekata limit ekak tiyenavada?,top_up_limits,top_up_limits,True
753,mage top-up ekata amount limit ekak tiyenavada?,top_up_limits,top_up_limits,True
754,top-ups valata limit ekak tiyenavada kiyala danaganna one,top_up_limits,top_up_limits,True
755,mata top up karanna puluvan maximum ekak tiyenavada?,top_up_limits,top_up_limits,True
756,top-up limit ekak tiyenavada kiyala danaganne kohomada?,top_up_limits,top_up_limits,True
757,mage top-up ekata restrictions tiyenavada?,top_up_limits,pending_top_up,False
758,limits valata top ups include venavada?,top_up_limits,top_up_limits,True
759,top-up limits monavada?,top_up_limits,top_up_limits,True
760,"meka ATM eke problamayakda mage account eke problamayakda kiyala danne naa, et mama dan inna ATM eken Rs 30,000 withdraw karanna try kala, labune Rs 10,000 vitarayi. meka glitch ekakda mokada hariyatama venne?",wrong_amount_of_cash_received,wrong_amount_of_cash_received,True
761,ATM ekedi mama request karapu cash eka okkoma labune naa,wrong_amount_of_cash_received,wrong_amount_of_cash_received,True
762,mama illuvata vada aduven ATM eken cash labune ayi?,wrong_amount_of_cash_received,wrong_amount_of_cash_received,True
763,withdraw kalata passe mage cash eka labune natte ayi?,wrong_amount_of_cash_received,wrong_amount_of_cash_received,True
764,mama ATM eke specify karapu ekata vada aduven cash labuna,wrong_amount_of_cash_received,wrong_amount_of_cash_received,True
765,mata labuna cash amount eka varadiyi,wrong_amount_of_cash_received,wrong_amount_of_cash_received,True
766,"mama ATM eke indan Rs 30,000 withdraw kala, labune Rs 10,000 vitarayi. mama mokada karanna one?",wrong_amount_of_cash_received,wrong_amount_of_cash_received,True
767,ada withdraw karanna giyama ATM eken varadi cash amount ekak labuna. app eke tiyenne vadipurak.,wrong_amount_of_cash_received,wrong_amount_of_cash_received,True
768,mata labuna cash amount eka mama request karapu ekata vada venas.,wrong_amount_of_cash_received,wrong_amount_of_cash_received,True
769,"halo. mama dan tamayi ATM ekakin cash withdraw kale, varadi amount ekak labuna. et mage app eke mama withdraw karapu hari amount eka tiyenava. ituru cash eka labaganne kohomada?",wrong_amount_of_cash_received,cash_withdrawal_not_recognised,False
770,"ada withdraw karanna giyama ATM eken varadi cash amount ekak ava. app eka baluvama, eka godak vadipura pennuva.",wrong_amount_of_cash_received,declined_cash_withdrawal,False
771,ATM ekedi mama request karapu taram cash labune naa.,wrong_amount_of_cash_received,wrong_amount_of_cash_received,True
772,"cash back eka request karanne kohomada? ATM eken varadi amount ekak damma, et app eke tiyenne attatama charge vuna amount eka...",wrong_amount_of_cash_received,wrong_amount_of_cash_received,True
773,"mama gatta salli koheda, eka mage mobile app eke withdraw vuna kiyala tiyenava.",wrong_amount_of_cash_received,cash_withdrawal_not_recognised,False
774,mama illuva cash eka okkoma labune natte ayi?,wrong_amount_of_cash_received,wrong_amount_of_cash_received,True
775,mage cash withdrawal eka ardha vashayen decline vuna,wrong_amount_of_cash_received,declined_cash_withdrawal,False
776,"mama Rs 100,000 ganna try karala Rs 20,000 vitarak labune ayi",wrong_amount_of_cash_received,wrong_amount_of_cash_received,True
777,"mama ATM eken cash withdraw kala et varadi amount ekak labuna. mata cash back one, mokada app eke tiyenne mata labuna actual amount eka. plis mekata udav karannako.",wrong_amount_of_cash_received,wrong_amount_of_cash_received,True
778,"ada mama cash tikak withdraw karanna giya, et ATM eken varadi cash amount ekak labuna vage! app eke pena amount eka godak vadiyi",wrong_amount_of_cash_received,wrong_amount_of_cash_received,True
779,"mama Rs 100,000 ganna try kala et labune Rs 20,000 vitarayi",wrong_amount_of_cash_received,wrong_amount_of_cash_received,True
780,mata labenna one cash amount eka labune naa.,wrong_amount_of_cash_received,wrong_amount_of_cash_received,True
781,"mama Rs 100,000 cash illuva et labune Rs 20,000 vitarayi?",wrong_amount_of_cash_received,wrong_amount_of_cash_received,True
782,mama illuva salli koheda? mama labunata vada illuva!,wrong_amount_of_cash_received,wrong_amount_of_cash_received,True
783,mama salli withdraw kala et sampurna amount eka dispense vune naa.,wrong_amount_of_cash_received,cash_withdrawal_not_recognised,False
784,mage withdrawal eke mokak hari varaddak vuna. salli amount eka hari naa.,wrong_amount_of_cash_received,declined_cash_withdrawal,False
785,"mata ATM ekakin varadi amount ekak labuna. plis cash back ganna process eka kiyannako, app eke tiyenne mata attatama labuna amount eka.",wrong_amount_of_cash_received,wrong_amount_of_cash_received,True
786,"mama Rs 100,000 illuva et labune Rs 20,000 vitarayi.",wrong_amount_of_cash_received,wrong_amount_of_cash_received,True
787,mata hari cash back amount eka labune naa,wrong_amount_of_cash_received,wrong_amount_of_cash_received,True
788,mama request karapu ekata vada aduven ATM eken cash labuna,wrong_amount_of_cash_received,wrong_amount_of_cash_received,True
789,"ATM eken mama illuva taram cash labune naa, ayi?",wrong_amount_of_cash_received,wrong_amount_of_cash_received,True
790,"ATM eken mama withdraw karapu hari amount eka labune nattam mama mokada karanna one? mama Rs 30,000 gatta ATM eken labune Rs 10,000.",wrong_amount_of_cash_received,wrong_amount_of_cash_received,True
791,"mama cash ganna try kala et amount eka hari naa, etakota mama mokada karanna one?",wrong_amount_of_cash_received,declined_cash_withdrawal,False
792,mama illuva cash eka okkoma labune naa,wrong_amount_of_cash_received,wrong_amount_of_cash_received,True
793,"mama Rs 100,000 ganna try kala labune Rs 20,000 vitarayi",wrong_amount_of_cash_received,wrong_amount_of_cash_received,True
794,mata hari cash amount eka evala naa.,wrong_amount_of_cash_received,wrong_amount_of_cash_received,True
795,ATM eken mama request karapu withdraw amount eka labune naa.,wrong_amount_of_cash_received,wrong_amount_of_cash_received,True
796,mama illuvata vada aduven salli labune ayi?,wrong_amount_of_cash_received,wrong_amount_of_cash_received,True
797,ATM ekedi mata hari amount eka labune naa.,wrong_amount_of_cash_received,wrong_amount_of_cash_received,True
798,withdrawal ekedi hari cash eka labune naa,wrong_amount_of_cash_received,wrong_amount_of_cash_received,True
799,decline vuna funds mama withdraw karanna try karapu eva mata apahu labeyida?,wrong_amount_of_cash_received,declined_cash_withdrawal,False
800,"mama card eken pay kala, amatara fee ekak ayakala",card_payment_fee_charged,card_payment_fee_charged,True
801,"mama card eka pavichchi kalata passe fee ekak ayakala, e venna one naa.",card_payment_fee_charged,card_payment_fee_charged,True
802,mama card eka payment vidiyata pavichchi karala fee ekak ayakaranna hetuvak tiyenavada? mama kavadavat kalin amatara fee ekak gevve naa.,card_payment_fee_charged,card_payment_fee_charged,True
803,"mama card eka pavichchi kala velave tava charge ekak penava, ayi?",card_payment_fee_charged,card_payment_fee_charged,True
804,"samahara payments valata amatara fees ayakaranne ayi, anit evata naa?",card_payment_fee_charged,card_payment_fee_charged,True
805,"mama purchase ekakata card eka pavichchi kala, fee ekak ayakala",card_payment_fee_charged,card_payment_fee_charged,True
806,card payment ekakata mata ayakale ayi?,card_payment_fee_charged,card_payment_fee_charged,True
807,unauthorized fee ekak tiyenava.,card_payment_fee_charged,transfer_fee_charged,False
808,"payments valata amatara charge ekak tiyenakota kavuru hari mata kiyanava nam hondayi. mama kalin app eka check karaddi, mage payments ekakata kavuruvat kalin danum denne nati amatara charge ekak dakka.",card_payment_fee_charged,card_payment_not_recognised,False
809,mama card eken pay karaddi amatara fee ekak ayakale ayi?,card_payment_fee_charged,card_payment_fee_charged,True
810,mama card eken pay kala nisa amatara gevanna one vune ayi?,card_payment_fee_charged,card_payment_fee_charged,True
811,card pavichchiyata fees tiyenne ayi?,card_payment_fee_charged,card_payment_fee_charged,True
812,me charge eka mokatada kiyala mata hariyatama danne naa,card_payment_fee_charged,card_payment_fee_charged,True
813,me card payment ekata ayakala fee eka mokakda?,card_payment_fee_charged,card_payment_fee_charged,True
814,transakshan ekakata mage card ekata amatara fee ekak ayavenne kavadada?,card_payment_fee_charged,card_payment_fee_charged,True
815,mama card eken karaddi vadipura gevanna one vune ayi?,card_payment_fee_charged,card_payment_fee_charged,True
816,"mama card payment ekak kala, fee ekak penava?",card_payment_fee_charged,card_payment_fee_charged,True
817,mama card eken pay kalata fee ekak ayakala,card_payment_fee_charged,card_payment_fee_charged,True
818,mage card payment eke fee eka mokakda?,card_payment_fee_charged,card_payment_fee_charged,True
819,card payment ekakata mata fee ekak ayavenne ayi?,card_payment_fee_charged,card_payment_fee_charged,True
820,mage card eka pavichchi karaddi hamavelema fee ekak ayaveyida?,card_payment_fee_charged,card_payment_fee_charged,True
821,"mage payment ekata fee ekak tiyeyida nadda kiyala kohen hari check karanna puluvanda? samahara cases valata charge karanava vage penava, pattern eka mokakda?",card_payment_fee_charged,card_payment_fee_charged,True
822,card eken pay karaddi fee ekak ava,card_payment_fee_charged,card_payment_fee_charged,True
823,"mama card eken pay kala, fee ekak apply vuna kiyala mama hitanava.",card_payment_fee_charged,card_payment_fee_charged,True
824,etakota attatama amatara fees ekka ena items monavada,card_payment_fee_charged,card_payment_fee_charged,True
825,mage card ekata fee ekak ayavena eka avoyid karanne kohomada?,card_payment_fee_charged,card_payment_fee_charged,True
826,card eken pay karaddi fee ekak tiyenavada?,card_payment_fee_charged,card_payment_fee_charged,True
827,mama mage card eken pay kalata fee ekak ayakala.,card_payment_fee_charged,card_payment_fee_charged,True
828,mul vatavata mage account ekata fee ekak ava. oyala me fees charge karanne kavadada kiyala danaganne kohomada?,card_payment_fee_charged,card_payment_fee_charged,True
829,"payments valata amatara charges tiyenakota kavuru hari mata danum denna one. mama kalin app eka baladdi, kavuruvat kalin kisiset danum denne nati amatara charge ekak payment ekakata tiyenava dakka.",card_payment_fee_charged,card_payment_not_recognised,False
830,mage card eka pavichchi kirima free da?,card_payment_fee_charged,compromised_card,False
831,card ekak pavichchi karaddi mata amatara fee ekak ayakale ayi?,card_payment_fee_charged,card_payment_fee_charged,True
832,card ekak pavichchi karaddi apply vena fees monavada?,card_payment_fee_charged,card_payment_fee_charged,True
833,payments valata oyala charge karanne ayi? oyalage charges agreement eke pahadiliva natte ayi?,card_payment_fee_charged,card_payment_fee_charged,True
834,mama card eken pay kalama mata fee ekak ayakale ayi?,card_payment_fee_charged,card_payment_fee_charged,True
835,mage account eke fee ekak tiyenava. ayi?,card_payment_fee_charged,card_payment_fee_charged,True
836,card payments valata oyala fees ayakaranne ayi?,card_payment_fee_charged,card_payment_fee_charged,True
837,card payment ekakata mata fee ekak ayakala. ayi?,card_payment_fee_charged,card_payment_fee_charged,True
838,card eka pavichchi kirimata fee ekak ayakale ayi?,card_payment_fee_charged,card_payment_fee_charged,True
839,mama card eken pay kalata mata ayakala.,card_payment_fee_charged,card_payment_fee_charged,True
840,"davas kipayakata kalin mama rata atule transfer ekak kala, transakshan eka complete vunata passe account information eka kipa vatavakma check kala, et thama funds available naa. problam eka mokakda?",transfer_not_received_by_recipient,transfer_not_received_by_recipient,True
841,mage money transfer eka ave naa.,transfer_not_received_by_recipient,pending_transfer,False
842,mama thama transakshan ekak complete venakan balagena innava,transfer_not_received_by_recipient,transfer_not_received_by_recipient,True
843,mama money transaction ekak kala et recipient ta eka balaganna baa,transfer_not_received_by_recipient,transfer_not_received_by_recipient,True
844,mama kavuruvatta salli evanna try kala et egollanta labune naa.,transfer_not_received_by_recipient,wrong_amount_of_cash_received,False
845,transfer ekak recipient ta yanna kochchara vela yanavada?,transfer_not_received_by_recipient,transfer_timing,False
846,recipient ta mage money transaction eka balanne kohomada?,transfer_not_received_by_recipient,transfer_not_received_by_recipient,True
847,mama salli transfer kala et recipient kiyanne ave naha kiyala. meka venne ayi?,transfer_not_received_by_recipient,transfer_not_received_by_recipient,True
848,mama karapu transfer eka ave naa,transfer_not_received_by_recipient,balance_not_updated_after_bank_transfer,False
849,money transfers yanna kochchara vela yanavada?,transfer_not_received_by_recipient,transfer_timing,False
850,mama salli tikak transfer kala eka ave naa,transfer_not_received_by_recipient,transfer_not_received_by_recipient,True
851,mama patan gatta transfer eka koheda?,transfer_not_received_by_recipient,transfer_not_received_by_recipient,True
852,transakshan eka fail vunada?,transfer_not_received_by_recipient,failed_transfer,False
853,"mama dan tamayi salli evala ivara kale, et eka recipient side eke log venne naa.",transfer_not_received_by_recipient,transfer_not_received_by_recipient,True
854,mama money transaction ekak complete kala et recipient ta labune naa,transfer_not_received_by_recipient,transfer_not_received_by_recipient,True
855,recipient ta mage money transfer eka penne naa.,transfer_not_received_by_recipient,pending_transfer,False
856,"davas kipayakata kalin mama mage alut tanata kuli payment eka transfer kala et landlord kiyanne thama naa kiyala, mage side eke done kiyala penavat. mama evapu account number eka check kala, eka hari. transakshan eka attatama go through vunada kiyala verify karannako?",transfer_not_received_by_recipient,transfer_not_received_by_recipient,True
857,mage transfer eka etanata labune natte ayi kiyala danaganna one.,transfer_not_received_by_recipient,failed_transfer,False
858,"mama dan tamayi Durham eke indan Walton-On-The-Naze ekata address maru kale. mage alut gedara landlord kenek innava, egollanta mage payment eka labila naa et mama eka velavata evuva dannava, egollanta labunada kiyala check karannako?",transfer_not_received_by_recipient,transfer_not_received_by_recipient,True
859,mama salli evva. egollanta labune naa.,transfer_not_received_by_recipient,wrong_amount_of_cash_received,False
860,"heyi, mage transfer eka thama complete novana hetuva hoyaganna mata udav one. mage landlord ta thama salli labila naa. danatamat labenna one.",transfer_not_received_by_recipient,transfer_not_received_by_recipient,True
861,"pereda mama me rata atule transfer ekak kala. eka thama go through vela naa. eka check karannako? account number eka hari, mama kipa vatavak check kala.",transfer_not_received_by_recipient,transfer_not_received_by_recipient,True
862,"mata money transfer ekaka problamayak tiyenava. paya kipayakata kalin yaluvekta salli tikak evva, thama labila naa. egollanta labenne natte ayi? transfers go through venna kochchara vela yanavada?",transfer_not_received_by_recipient,transfer_not_received_by_recipient,True
863,mama salli tikak transfer kala et receiver ta mokada hari hetuvak nisa eka pick up karaganna baa.,transfer_not_received_by_recipient,transfer_not_received_by_recipient,True
864,mama yaluvekta karapu transakshan eka koheda?,transfer_not_received_by_recipient,transfer_not_received_by_recipient,True
865,mama karapu transakshan eka mage yaluvata thama labila naa.,transfer_not_received_by_recipient,transfer_not_received_by_recipient,True
866,mama mage transakshan eka go through venakan balagena innava.,transfer_not_received_by_recipient,pending_top_up,False
867,"mama transakshan ekak kala, go through venna godak vela yanava.",transfer_not_received_by_recipient,transfer_not_received_by_recipient,True
868,mage transakshan ekata me taram vela yanna hetuvak tiyenavada?,transfer_not_received_by_recipient,transfer_not_received_by_recipient,True
869,mage transakshan eka complete venna kochchara vela yanavada?,transfer_not_received_by_recipient,transfer_not_received_by_recipient,True
870,"mama salli tikak evva, receiver ta eka access karaganna baa.",transfer_not_received_by_recipient,transfer_not_received_by_recipient,True
871,paya kipayakata kalin mage yaluvata salli tikak evva et thama labila naa. ekata attatama one. mekata kochchara vela yanavada?,transfer_not_received_by_recipient,transfer_not_received_by_recipient,True
872,mama salli evapu kenata thama labila naa!,transfer_not_received_by_recipient,transfer_not_received_by_recipient,True
873,mage funds transfer venne kavadada?,transfer_not_received_by_recipient,verify_source_of_funds,False
874,"transfers ivara venna kochchara vela yanavada? mama mage yaluvata funds evva, et kisima deyak labila naa kiyala kiyanava.",transfer_not_received_by_recipient,transfer_not_received_by_recipient,True
875,"transfers enna kochchara vela yanavada? mama yaluvakuta salli tikak evva, ekata urgent va one, et paya kipayakata passet thama naa vage.",transfer_not_received_by_recipient,transfer_not_received_by_recipient,True
876,mage transakshan eka mage yaluvata labenne kavadada?,transfer_not_received_by_recipient,transfer_not_received_by_recipient,True
877,mage recipient ta egollange salli labila natte ayi?,transfer_not_received_by_recipient,transfer_not_received_by_recipient,True
878,mama thama transakshan eka complete venakan balagena innava.,transfer_not_received_by_recipient,transfer_not_received_by_recipient,True
879,mama salli tikak transfer kala et recipient ta withdraw karaganna problamayak tiyenava.,transfer_not_received_by_recipient,transfer_not_received_by_recipient,True
880,"mage account ekata salli add karanna, mata mona karansi pavichchi karanna puluvanda?",supported_cards_and_currencies,supported_cards_and_currencies,True
881,"mata support options one, mage card eka top karanna one",supported_cards_and_currencies,supported_cards_and_currencies,True
882,mata tava US card ekak tiyenava. eka ganna puluvanda?,supported_cards_and_currencies,getting_spare_card,False
883,support vena cards saha currencies monavada?,supported_cards_and_currencies,supported_cards_and_currencies,True
884,salli add karanna accept karana currencies monavada?,supported_cards_and_currencies,supported_cards_and_currencies,True
885,salli add karanna mata mona vage currencies pavichchi karanna puluvanda?,supported_cards_and_currencies,supported_cards_and_currencies,True
886,mata tiyenne USA eke tava credit card ekayi. eka accept karayida?,supported_cards_and_currencies,supported_cards_and_currencies,True
887,"mata tiyenne tava US card ekak vitarayi nam, eka ganna puluvanda?",supported_cards_and_currencies,getting_spare_card,False
888,mage account ekata salli add karanna American Express eka pavichchi karanna puluvanda?,supported_cards_and_currencies,supported_cards_and_currencies,True
889,oyala ganne mona cards saha currencies da kiyala kiyannako?,supported_cards_and_currencies,supported_cards_and_currencies,True
890,mage account ekata salli add karanna American Express pavichchi karanna puluvanda?,supported_cards_and_currencies,supported_cards_and_currencies,True
891,U.S. eke mage tava card eka oyala accept karanavada?,supported_cards_and_currencies,supported_cards_and_currencies,True
892,cards saha currencies gana accept karanne monavada?,supported_cards_and_currencies,supported_cards_and_currencies,True
893,mage tava card eka oyala accept karanavada?,supported_cards_and_currencies,getting_spare_card,False
894,mata mage American Express haraha account ekata salli add karaganna one.,supported_cards_and_currencies,supported_cards_and_currencies,True
895,oyala support karanne mona cards da? mata credit card eken top up karaganna one.,supported_cards_and_currencies,supported_cards_and_currencies,True
896,support vena credit cards monavada?,supported_cards_and_currencies,supported_cards_and_currencies,True
897,oyala support karana cards saha currencies monavada?,supported_cards_and_currencies,supported_cards_and_currencies,True
898,mage American Express eken account ekata funds transfer karanne kohomada?,supported_cards_and_currencies,supported_cards_and_currencies,True
899,account ekata salli add karanna American Express pavichchi karanne kohomada?,supported_cards_and_currencies,supported_cards_and_currencies,True
900,"salli add karaddi, oyala ganna currencies monavada?",supported_cards_and_currencies,supported_cards_and_currencies,True
901,accept vena currency forms monavada?,supported_cards_and_currencies,supported_cards_and_currencies,True
902,US credit cards accept karanavada?,supported_cards_and_currencies,supported_cards_and_currencies,True
903,"mata salli add karanna one et oyala accept karana currencies mokakda kiyala danne naa, kiyannako?",supported_cards_and_currencies,supported_cards_and_currencies,True
904,"oyala american express support nokaranne ayi? mama adareyi ekata, boho pavichchi karanava, vena ekak ganna one naa",supported_cards_and_currencies,supported_cards_and_currencies,True
905,support vena cards saha currency monavada kiyala kiyannako.,supported_cards_and_currencies,supported_cards_and_currencies,True
906,oyala hama cards saha currencies support karanavada?,supported_cards_and_currencies,supported_cards_and_currencies,True
907,top up karanna mata mona credit ho debit cards pavichchi karanna puluvanda?,supported_cards_and_currencies,supported_cards_and_currencies,True
908,payment ekata mata tiyena options monavada?,supported_cards_and_currencies,supported_cards_and_currencies,True
909,mata tiyenne US eke tava card ekak vitarayi. eka harida?,supported_cards_and_currencies,getting_spare_card,False
910,meka pavichchi karanna support vena currencies saha cards monavada?,supported_cards_and_currencies,supported_cards_and_currencies,True
911,top up karanna oyala support karana cards monavada.,supported_cards_and_currencies,supported_cards_and_currencies,True
912,US Dollars harunama venat currencies accept karanavada?,supported_cards_and_currencies,supported_cards_and_currencies,True
913,salli add karanna mata onama karansiyak pavichchi karanna puluvanda?,supported_cards_and_currencies,supported_cards_and_currencies,True
914,mage karansiya salli add karanna harida?,supported_cards_and_currencies,top_up_by_card_charge,False
915,mona cards saha currencies pramanavatda?,supported_cards_and_currencies,supported_cards_and_currencies,True
916,account ekata funds add karanna American Express pavichchi karanne kohomada?,supported_cards_and_currencies,supported_cards_and_currencies,True
917,support vena cards saha currencies layistuva mokakda?,supported_cards_and_currencies,supported_cards_and_currencies,True
918,top up karanna oyala support karana currencies ho cards monavada?,supported_cards_and_currencies,supported_cards_and_currencies,True
919,oyala support karana cards saha currencies monavada kiyala danaganna one,supported_cards_and_currencies,supported_cards_and_currencies,True
920,mage virtual card eka labaganne kohenda?,getting_virtual_card,getting_virtual_card,True
921,virtual card ekak labaganne kohomada?,getting_virtual_card,getting_virtual_card,True
922,virtual card ekak hoyaganne koheda?,getting_virtual_card,getting_virtual_card,True
923,virtual card ekak tiyaganna option ekak tiyenavada?,getting_virtual_card,getting_virtual_card,True
924,mata physical card ekak one nattam virtual version ekak ganna puluvanda?,getting_virtual_card,order_physical_card,False
925,mama virtual card ekak request kala et eka penne naa. ayi?,getting_virtual_card,getting_virtual_card,True
926,virtual card ekak order karanne kohomada kiyala kiyannako?,getting_virtual_card,getting_virtual_card,True
927,virtual card eka koheda?,getting_virtual_card,getting_virtual_card,True
928,virtual card eka kiyanne mokakda,getting_virtual_card,getting_virtual_card,True
929,virtual card ekak ganne kohomada?,getting_virtual_card,getting_virtual_card,True
930,virtual card ekak order karanne kohenda?,getting_virtual_card,getting_virtual_card,True
931,mata thama virtual card ekak labune natte ayi?,getting_virtual_card,getting_virtual_card,True
932,virtual cards order karanne kohomada?,getting_virtual_card,getting_virtual_card,True
933,virtual card ekak order karanne kohenda kiyala kiyannako?,getting_virtual_card,getting_virtual_card,True
934,mata virtual card ekak labaganna puluvanda?,getting_virtual_card,getting_virtual_card,True
935,mekenda virtual card ekak order karanne?,getting_virtual_card,getting_virtual_card,True
936,virtual card ekak labaganna steps monavada?,getting_virtual_card,getting_virtual_card,True
937,virtual card ekak labaganna mata udav karanna,getting_virtual_card,getting_virtual_card,True
938,virtual card eka tiyenne koheda?,getting_virtual_card,getting_virtual_card,True
939,virtual card ekak order karanne koheda?,getting_virtual_card,getting_virtual_card,True
940,mage virtual card eka ganne kohenda?,getting_virtual_card,getting_virtual_card,True
941,mata virtual card ekak one!,getting_virtual_card,getting_virtual_card,True
942,mata e virtual cards valin ekak one!,getting_virtual_card,getting_virtual_card,True
943,virtual cards labaganna available da?,getting_virtual_card,getting_virtual_card,True
944,virtual card ekakata sign up venna mata udav karannada?,getting_virtual_card,getting_virtual_card,True
945,mata email eken card eke copy ekak labaganna puluvanda?,getting_virtual_card,country_support,False
946,virtual card eka hoyaganne kohenda?,getting_virtual_card,getting_virtual_card,True
947,mata virtual card ekak natte ayi,getting_virtual_card,getting_virtual_card,True
948,virtual card ekak order karanne kohomada?,getting_virtual_card,getting_virtual_card,True
949,"mata virtual card ekak labenava kiyala hituva et thama labune naa, meka resolve karanne kohomada?",getting_virtual_card,getting_virtual_card,True
950,plis virtual card ekak labaganna mata udav karannako.,getting_virtual_card,getting_virtual_card,True
951,mata virtual card ekak order karanna puluvanda?,getting_virtual_card,getting_virtual_card,True
952,virtual card ekak ganna mama koheta yanna oneda?,getting_virtual_card,getting_virtual_card,True
953,virtual cards tiyenne koheda?,getting_virtual_card,getting_virtual_card,True
954,mata virtual card ekak one - ekak purchase karanne kohenda?,getting_virtual_card,getting_virtual_card,True
955,mage virtual card eka labenne kavadada?,getting_virtual_card,getting_virtual_card,True
956,mage virtual card eka reorder karaganna one!,getting_virtual_card,getting_virtual_card,True
957,virtual card ekak labaganne kohenda?,getting_virtual_card,getting_virtual_card,True
958,virtual card ekak labaganna vidiyak tiyenavada?,getting_virtual_card,getting_virtual_card,True
959,mata e virtual cards valin ekak labaganna puluvanda?,getting_virtual_card,getting_virtual_card,True
960,mage card eka loke purama accept karayida?,card_acceptance,card_acceptance,True
961,me card eka accept karanne kavuda?,card_acceptance,card_acceptance,True
962,mata loke purama payment valata mage card eka pavichchi karanna puluvanda?,card_acceptance,card_acceptance,True
963,Mastercard accept karana onama tanaka pavichchi karanna hari.,card_acceptance,card_acceptance,True
964,card eka pavichchi karanna puluvan koheda?,card_acceptance,card_acceptance,True
965,mage card eka hama tanakama pavichchi karanna puluvanda?,card_acceptance,card_acceptance,True
966,mage card eka pavichchi karanna puluvan tan valata limits tiyenavada?,card_acceptance,card_acceptance,True
967,mata mage card eka pavichchi karanna puluvan stores monavada?,card_acceptance,card_acceptance,True
968,mata one tanaka mage card eka pavichchi karanna puluvanda?,card_acceptance,card_acceptance,True
969,mage card eka accept nokarana tanak tiyenavada?,card_acceptance,card_acceptance,True
970,mage card eka pavichchi karanna puluvan tan gana rules monavada?,card_acceptance,card_acceptance,True
971,mage card eka accept venne koheda kiyala oyala dannavada?,card_acceptance,card_acceptance,True
972,mata mage card eka pavichchi karanna puluvan tan monavada?,card_acceptance,card_acceptance,True
973,mage card eka hama tanakama accept karanavada?,card_acceptance,card_acceptance,True
974,payment ekakata mage card eka accept karana tan monavada?,card_acceptance,card_acceptance,True
975,me card eka hama tanakama vada karanavada?,card_acceptance,card_acceptance,True
976,me card eka accept karana businesses monavada?,card_acceptance,card_acceptance,True
977,mage card eka pavichchi karanne koheda?,card_acceptance,card_acceptance,True
978,mage card eka accept karana outlets monavada?,card_acceptance,card_acceptance,True
979,"mama Germany ekata travel karanava, etana mage card eka pavichchi karanna puluvanda?",card_acceptance,card_acceptance,True
980,payment vidiyata mage credit card eka ganna stores monavada?,card_acceptance,supported_cards_and_currencies,False
981,mata mage card eka pavichchi karanna bari tanak tiyenavada?,card_acceptance,card_acceptance,True
982,mata onama tanaka mage card eka pavichchi karanna puluvanda?,card_acceptance,card_acceptance,True
983,mage card eka ona tanaka pavichchi karanna puluvanda?,card_acceptance,card_acceptance,True
984,onama tanaka mage card eka pavichchi karanna harida?,card_acceptance,card_acceptance,True
985,mata hama tanakama mage card eka pavichchi karanna puluvanda?,card_acceptance,card_acceptance,True
986,mage card eka accept venne koheda?,card_acceptance,card_acceptance,True
987,mage debit ho credit card eken pay karanne koheda?,card_acceptance,card_acceptance,True
988,mage card eka vada karanna one koheda?,card_acceptance,card_not_working,False
989,card eka accept vena areas,card_acceptance,card_acceptance,True
990,mata card eka pavichchi karanna puluvan tan,card_acceptance,card_acceptance,True
991,mata mage card eken online purchases karanna puluvanda?,card_acceptance,card_acceptance,True
992,hama business tanakama me card eka accept karanavada?,card_acceptance,card_acceptance,True
993,mage card eka accept karana tan monavada?,card_acceptance,card_acceptance,True
994,mage card eka onama tanaka pavichchi karanna puluvanda?,card_acceptance,card_acceptance,True
995,onama business ekak me card eka gannavada?,card_acceptance,card_acceptance,True
996,filling stations mage card eka accept karanavada?,card_acceptance,card_acceptance,True
997,mata card eka pavichchi karanna puluvan koheda?,card_acceptance,card_acceptance,True
998,mage card eken pay karanna puluvan monavatada?,card_acceptance,card_acceptance,True
999,mage card eka accept karanne kavuda?,card_acceptance,card_acceptance,True
1000,mage top-up eka cancel vuna; mata refund ekak labeyida?,top_up_reverted,top_up_reverted,True
1001,revert vuna top up ekak fix karanne kohomada?,top_up_reverted,top_up_reverted,True
1002,mage top up eka revert velada kiyala danaganna puluvanda?,top_up_reverted,top_up_reverted,True
1003,"mage top-up eka complete kiyala penuna, et dan naa! metana mokada venne?",top_up_reverted,pending_top_up,False
1004,"halo, mokada venne kiyala danne naa, mama ahamben top up ekata deparak gevva, refund ekak ganna mata udav karannako.",top_up_reverted,Refund_not_showing_up,False
1005,mage top up eka revert vela vage?,top_up_reverted,top_up_reverted,True
1006,app eka mage top up eka accept kale naa.,top_up_reverted,top_up_failed,False
1007,"mama account eka top up kala, mulin confirm vunat, dan salli naa! meka vune ayi, mage salli giye koheda?",top_up_reverted,top_up_reverted,True
1008,"mage money mage top up eken go through vune naa kiyala mama hitanava, oyalage end eke problamayak tibunada?",top_up_reverted,pending_top_up,False
1009,"mage top-up eka revert vuna, meka vune ayi?",top_up_reverted,top_up_reverted,True
1010,mama minimum balance ekata account ekata salli damma et application eka accept kale naa.,top_up_reverted,balance_not_updated_after_cheque_or_cash_deposit,False
1011,mage top-up eka cancel velada kiyala kiyannako?,top_up_reverted,top_up_reverted,True
1012,mata top up vuna et application eka eka revert kala.,top_up_reverted,top_up_reverted,True
1013,mage top up eka cancel venne ayi?,top_up_reverted,top_up_reverted,True
1014,mage top up eke reversion ekak vela tiyenava vage,top_up_reverted,top_up_reverted,True
1015,application eka mage top-up eka revert kala.,top_up_reverted,top_up_reverted,True
1016,mage top-up eka cancel vuna kiyala mama hitanava.,top_up_reverted,top_up_reverted,True
1017,"oyala offer karapu deyakin crypto top up ekak karavi kiyala mama hituva. meka vada karanne naa vage. et salli mage account eken aragena, etakota mokada venne?",top_up_reverted,top_up_reverted,True
1018,mama top up kala et app eka eka revert kala,top_up_reverted,top_up_reverted,True
1019,"mama top up karanna giya, eka dan naa. eka apahu evvada?",top_up_reverted,top_up_reverted,True
1020,mage top-up ekata mokada vune?,top_up_reverted,top_up_reverted,True
1021,mage top up eka revert vune ayi kiyala kiyannako?,top_up_reverted,top_up_reverted,True
1022,top up ekak revert vela mage account ekata apahu enne mona hetuvatada?,top_up_reverted,top_up_reverted,True
1023,"mama top up karaddi, app eka mage funds revert kala.",top_up_reverted,top_up_reverted,True
1024,mage top-up eka cancel vunata mokada vune?,top_up_reverted,top_up_reverted,True
1025,mama cryptocurrency eken top-up ekak karanna try kala et payment eka revert vuna.,top_up_reverted,top_up_reverted,True
1026,app eka mage top off eka revert kala.,top_up_reverted,top_up_reverted,True
1027,mama top up karaddi app eka mage action eka revert kala.,top_up_reverted,top_up_reverted,True
1028,mage top up eka reverse vunada?,top_up_reverted,top_up_reverted,True
1029,"mage top-up eka cancel vuna kiyala penava, et ayi?",top_up_reverted,top_up_reverted,True
1030,mage top-up eka cancel velada kiyala oyala dannavada?,top_up_reverted,top_up_reverted,True
1031,mage top-up eka cancel velada,top_up_reverted,top_up_reverted,True
1032,mage top-up eka revoke vuna.,top_up_reverted,top_up_reverted,True
1033,top-up cancellation ekata hetu,top_up_reverted,top_up_reverted,True
1034,mama top up karapu eka app eka revert kala.,top_up_reverted,top_up_reverted,True
1035,mage top up eka revert velada?,top_up_reverted,top_up_reverted,True
1036,"mage top-up eka cancel vuna nisa mama harima apirisiduyi, ayi kiyala mata kisima adahasak naa.",top_up_reverted,top_up_reverted,True
1037,mage top-up eka cancel vela.,top_up_reverted,top_up_reverted,True
1038,mage antima transakshan ekedi mage top-up eka successful vune naa vage.,top_up_reverted,top_up_failed,False
1039,mage top-up eka cancel vune ayi kiyala danaganna one.,top_up_reverted,top_up_reverted,True
1040,iye mama cheque ekakin mage balance eka update karanna try kala et vada vuna vage penne naa. meka vegavat process ekak venna one neda? plis mage account eka check karannako mokak hari varadila.,balance_not_updated_after_cheque_or_cash_deposit,balance_not_updated_after_cheque_or_cash_deposit,True
1041,mage account eke thama mage deposit eka natte ayi?,balance_not_updated_after_cheque_or_cash_deposit,balance_not_updated_after_cheque_or_cash_deposit,True
1042,mama check ekakin account eka balance kala nisa account eka update novenna hetuvak tiyenavada?,balance_not_updated_after_cheque_or_cash_deposit,balance_not_updated_after_cheque_or_cash_deposit,True
1043,"satiyakata kalin mama karapu deposit eka thama penne natte ayi kiyala danne naa, mata dan attatama salli one.",balance_not_updated_after_cheque_or_cash_deposit,balance_not_updated_after_cheque_or_cash_deposit,True
1044,"satiyakata langin kalin mama cash deposit ekak kala et thama naa!! plis meka ikmanata sort karannako, mata salli one",balance_not_updated_after_cheque_or_cash_deposit,balance_not_updated_after_cheque_or_cash_deposit,True
1045,mage cash deposit eka koheda?,balance_not_updated_after_cheque_or_cash_deposit,balance_not_updated_after_cheque_or_cash_deposit,True
1046,cash deposit eka mage account eke penne kohomada?,balance_not_updated_after_cheque_or_cash_deposit,balance_not_updated_after_cheque_or_cash_deposit,True
1047,ada ude mama deposit karapu cash eka available vidiyata penne kavadada?,balance_not_updated_after_cheque_or_cash_deposit,balance_not_updated_after_cheque_or_cash_deposit,True
1048,ada ude cash eka deposit vela naa,balance_not_updated_after_cheque_or_cash_deposit,balance_not_updated_after_cheque_or_cash_deposit,True
1049,mama metaka deposit karapu cheque eke cash eka koheda?,balance_not_updated_after_cheque_or_cash_deposit,balance_not_updated_after_cheque_or_cash_deposit,True
1050,mage account ekata cash deposit ekak et eka penne naa.,balance_not_updated_after_cheque_or_cash_deposit,balance_not_updated_after_cheque_or_cash_deposit,True
1051,"mama cheques saha cash deposit karaddi, mage balance eka update venne naa.",balance_not_updated_after_cheque_or_cash_deposit,balance_not_updated_after_cheque_or_cash_deposit,True
1052,ada ude mama deposit ekak kala et thama pending?,balance_not_updated_after_cheque_or_cash_deposit,balance_not_updated_after_cheque_or_cash_deposit,True
1053,mage account eke cash deposit ekakata red flag ekak penava.,balance_not_updated_after_cheque_or_cash_deposit,balance_not_updated_after_cheque_or_cash_deposit,True
1054,mama account ekata salli gevva et eka penne naa.,balance_not_updated_after_cheque_or_cash_deposit,balance_not_updated_after_cheque_or_cash_deposit,True
1055,mama deposit ekak kalata passe mage account eke balance eka update vune naa.,balance_not_updated_after_cheque_or_cash_deposit,balance_not_updated_after_cheque_or_cash_deposit,True
1056,mage account ekata cheques accept karanavada? mage eka vada kale naa vage.,balance_not_updated_after_cheque_or_cash_deposit,top_up_by_cash_or_cheque,False
1057,mama check ekak deposit kala et mage balance eka thama ekama.,balance_not_updated_after_cheque_or_cash_deposit,balance_not_updated_after_cheque_or_cash_deposit,True
1058,mama thama cash deposit ekakin account eka update venakan balagena innava?,balance_not_updated_after_cheque_or_cash_deposit,balance_not_updated_after_cheque_or_cash_deposit,True
1059,"davas kipayakata kalin mama cheque ekak submit kala, mage account ekata thama mokut vune naa. problam eka mokakda kiyala check karannako?",balance_not_updated_after_cheque_or_cash_deposit,balance_not_updated_after_cheque_or_cash_deposit,True
1060,mage deposit eka koheda?,balance_not_updated_after_cheque_or_cash_deposit,balance_not_updated_after_cheque_or_cash_deposit,True
1061,mage bank statement eke mama metaka karapu cash deposit eka penne naa.,balance_not_updated_after_cheque_or_cash_deposit,balance_not_updated_after_cheque_or_cash_deposit,True
1062,satiyakata kalin mage cash deposit eka thama penne naa. mata salli one - meka kochchara ikmanata sort karanna puluvanda?,balance_not_updated_after_cheque_or_cash_deposit,balance_not_updated_after_cheque_or_cash_deposit,True
1063,mage cash ho checque deposit ekata passe balance eka update novune ayi?,balance_not_updated_after_cheque_or_cash_deposit,balance_not_updated_after_cheque_or_cash_deposit,True
1064,mage account eke cash deposit eka nopennenne ayi?,balance_not_updated_after_cheque_or_cash_deposit,balance_not_updated_after_cheque_or_cash_deposit,True
1065,mama mage balance ekata add novuna cash saha check deposit ekak kala.,balance_not_updated_after_cheque_or_cash_deposit,balance_not_updated_after_cheque_or_cash_deposit,True
1066,check ekak deposit kalata passe mage balance eka vadi novune ayi?,balance_not_updated_after_cheque_or_cash_deposit,balance_not_updated_after_cheque_or_cash_deposit,True
1067,mage account eka cash deposits accept nokaranne ayi?,balance_not_updated_after_cheque_or_cash_deposit,balance_not_updated_after_cheque_or_cash_deposit,True
1068,mama account ekata deposit karanna try karapu cash ekata mokada vune? eka naa!,balance_not_updated_after_cheque_or_cash_deposit,balance_not_updated_after_cheque_or_cash_deposit,True
1069,"mama cheque ekak deposit kala, et thama cash eka dakke naa.",balance_not_updated_after_cheque_or_cash_deposit,balance_not_updated_after_cheque_or_cash_deposit,True
1070,"cheque deposit ekak mage account ekata post vela naa, mage balance eka update venne kavadada?",balance_not_updated_after_cheque_or_cash_deposit,balance_not_updated_after_cheque_or_cash_deposit,True
1071,mama account ekata cash deposit ekak submit kala et thama post vela naa.,balance_not_updated_after_cheque_or_cash_deposit,balance_not_updated_after_cheque_or_cash_deposit,True
1072,"davas kipayakata kalin mama cheque ekak evva, mage account ekata thama mokut vune naa. plis meka check karannako?",balance_not_updated_after_cheque_or_cash_deposit,balance_not_updated_after_cheque_or_cash_deposit,True
1073,"mama deposit karapu check eka clear velada, cash eka ganna puluvanda?",balance_not_updated_after_cheque_or_cash_deposit,balance_not_updated_after_cheque_or_cash_deposit,True
1074,cheque deposits process venna kochchara vela yanavada?,balance_not_updated_after_cheque_or_cash_deposit,balance_not_updated_after_cheque_or_cash_deposit,True
1075,mage cash deposit eka nopennenne ayi. meka hari venna baa. mokak hari varaddak tiyenna one. mage cash eka giye koheda. mata me salli ikmanata one nisa eka nati karanna epa.,balance_not_updated_after_cheque_or_cash_deposit,balance_not_updated_after_cheque_or_cash_deposit,True
1076,"ada ude mama cash deposit kala, mama thama balagena innava",balance_not_updated_after_cheque_or_cash_deposit,balance_not_updated_after_cheque_or_cash_deposit,True
1077,cheque ho cash deposit ekakata passe balance eka update vela naa,balance_not_updated_after_cheque_or_cash_deposit,balance_not_updated_after_cheque_or_cash_deposit,True
1078,mama account ekata cash tikak deposit karanna try kala et eka naa,balance_not_updated_after_cheque_or_cash_deposit,balance_not_updated_after_cheque_or_cash_deposit,True
1079,"davas kipayakata kalin mama oyalata cheque ekak evva, mage account ekata thama mokut vune naa! meka unacceptable, mage salli koheda??",balance_not_updated_after_cheque_or_cash_deposit,balance_not_updated_after_cheque_or_cash_deposit,True
1080,mage statement eke amataka payment ekak tiyenava,card_payment_not_recognised,card_payment_not_recognised,True
1081,mama nokala charge ekak mage card eke tiyenava,card_payment_not_recognised,card_payment_not_recognised,True
1082,mama nokala payment ekak mama dakka,card_payment_not_recognised,card_payment_not_recognised,True
1083,app eke mage novana payment ekak tiyenava. plis advise karannako.,card_payment_not_recognised,card_payment_not_recognised,True
1084,unauthorized payment ekak mage app eke tiyenava,card_payment_not_recognised,card_payment_not_recognised,True
1085,mama me card payment eka kale naa.,card_payment_not_recognised,card_payment_not_recognised,True
1086,mama nokala payment ekak dakkot mama mokada karanna one?,card_payment_not_recognised,card_payment_not_recognised,True
1087,mama unauthorized card payment ekak hambuna,card_payment_not_recognised,card_payment_not_recognised,True
1088,mama nokala transakshan ekak mage account eke tiyenava,card_payment_not_recognised,card_payment_not_recognised,True
1089,mama e payment eka kala kiyala mata mataka naa?,card_payment_not_recognised,card_payment_not_recognised,True
1090,"mage card eken kohenda enava kiyala mama danne nati payments kipayak tiyenava. ada tamayi check kale, davas kipayakin indan vela tiyenava! mama mokada karanna one? meka retrospectively revert karanna puluvanda? mage card ekat danma freeze karanna one!",card_payment_not_recognised,card_payment_not_recognised,True
1091,"kavuru hari mage card ekata access velada, mama nokala payments app eke penava.",card_payment_not_recognised,card_payment_not_recognised,True
1092,"davas kipayakata kalin indan mama nokala amataka charges kipayak mage card eke tiyenava. mage card eka horakam velada, ehenam eka cancel karanna oneda? charges refund vevida?",card_payment_not_recognised,card_payment_not_recognised,True
1093,mama handunanne nati payment ekak mage account eke tiyenne ayi?,card_payment_not_recognised,card_payment_not_recognised,True
1094,mama nokala payment ekak mata tiyenava,card_payment_not_recognised,card_payment_not_recognised,True
1095,mage novana payment ekak tiyenava.,card_payment_not_recognised,card_payment_not_recognised,True
1096,mage account eka freeze karannako? mama dan tamayi mama handunanne nati transactions mage account eke tiyenava dakke. meka fix karanne kohomada?,card_payment_not_recognised,card_payment_not_recognised,True
1097,mama handunanne nati card payment ekak tiyenava.,card_payment_not_recognised,card_payment_not_recognised,True
1098,mama card payment ekak handunanne naa,card_payment_not_recognised,card_payment_not_recognised,True
1099,mama nokala payment eka,card_payment_not_recognised,card_payment_not_recognised,True
1100,"plis mage card ekata freeze ekak dannako, eke payments kipayak vela tiyenava, eva mokatada kiyala mama danne naa, mata karadarayi.",card_payment_not_recognised,card_payment_not_recognised,True
1101,mage statement eke fraudulent charge ekak tiyenava kiyala mama hitanava,card_payment_not_recognised,card_payment_not_recognised,True
1102,"mage card eke metaka vuna payment ekak gana mata karadarayi. transakshan eka giya nama mama handunanne naa, mata udav karannada?",card_payment_not_recognised,card_payment_not_recognised,True
1103,"mama nokala transactions mage account eken ayin karaganna mama mokada karanna one? mage card eka compromise vela ati, ikmanata freeze karanna one!",card_payment_not_recognised,compromised_card,False
1104,mata error ekakin payment ekak listed vela tiyenava.,card_payment_not_recognised,card_payment_not_recognised,True
1105,mama nokala payments kipayakata mama mokada karanna puluvan? plis api meka figure out karagannakan mage card ekata freeze ekak dannako.,card_payment_not_recognised,card_payment_not_recognised,True
1106,mata card payment ekak gana danne naa.,card_payment_not_recognised,card_payment_not_recognised,True
1107,mage statement eke unauthorized transakshan ekak tiyenava,card_payment_not_recognised,cash_withdrawal_not_recognised,False
1108,app eke mage novana payment ekak tiyenava.,card_payment_not_recognised,card_payment_not_recognised,True
1109,me transakshan eka ave kohenda kiyala mama danne naa?,card_payment_not_recognised,card_payment_not_recognised,True
1110,mama kala kiyala mataka nati charge ekak mage account eke mama dakinava. mage account eka compromise vela ati kiyala mata hitenava.,card_payment_not_recognised,cash_withdrawal_not_recognised,False
1111,"mage card eke pena me payment eka mama kale naa kiyala mama dannava, me kenava mataka naa.",card_payment_not_recognised,card_payment_not_recognised,True
1112,kavuru hari purchase ekak karanna mage card eka pavichchi kala,card_payment_not_recognised,compromised_card,False
1113,"mage card eke meta charge ekak tiyenava, mama eka kale naa kiyala dannava mokada mama kavadavat e nama dakke naa. meka investigate karanna puluvanda?",card_payment_not_recognised,card_payment_not_recognised,True
1114,mage samahara card payments mama products purchase karapu tanata vada venas vage penava. ayi eka?,card_payment_not_recognised,reverted_card_payment?,False
1115,mage statement eke amataka payment ekak tiyenava. mama mokada karanna one?,card_payment_not_recognised,card_payment_not_recognised,True
1116,mama nokala purchase ekak vela tiyenava kiyala mama hitanava.,card_payment_not_recognised,card_payment_not_recognised,True
1117,mage statement eke fraudulent charge ekak tiyenava.,card_payment_not_recognised,card_payment_not_recognised,True
1118,mama nokala payment eka mage account eke mokakda?,card_payment_not_recognised,card_payment_not_recognised,True
1119,mage statement eke mama handunanne nati payment ekak tiyenava,card_payment_not_recognised,card_payment_not_recognised,True
1120,"mama dan file eke tiyena address eke inne naa, eka venas karanne kohomada?",edit_personal_details,edit_personal_details,True
1121,mage address eka venas karanne kohomada.,edit_personal_details,edit_personal_details,True
1122,mage details update karanne kohomada?,edit_personal_details,edit_personal_details,True
1123,mage address eka revise karanna one.,edit_personal_details,edit_personal_details,True
1124,"manali vuna, account name eka venas karanna one",edit_personal_details,terminate_account,False
1125,mage address eka venas vela.,edit_personal_details,edit_personal_details,True
1126,"manali vuna, name eka venas karanna one",edit_personal_details,edit_personal_details,True
1127,mata mage personal details venas karaganna one.,edit_personal_details,edit_personal_details,True
1128,mama move vuna. mage details update karaganna one.,edit_personal_details,edit_personal_details,True
1129,mage account eke personal details section eka edit karaganna one,edit_personal_details,edit_personal_details,True
1130,mama move vunata passe mage personal information venas karanne koheda?,edit_personal_details,edit_personal_details,True
1131,mage detail modify karanna mama koheta yanna oneda?,edit_personal_details,edit_personal_details,True
1132,mage information venas karanne kohomada?,edit_personal_details,edit_personal_details,True
1133,mage account details venas karaganna one,edit_personal_details,edit_personal_details,True
1134,mama move vuna. mage details update karanne koheda?,edit_personal_details,edit_personal_details,True
1135,"mama relocate vuna, mage personal details venas karaganna one.",edit_personal_details,edit_personal_details,True
1136,mage personal details update karaganna one,edit_personal_details,edit_personal_details,True
1137,mage address eka venas vela. eka report karanne kohomada?,edit_personal_details,edit_personal_details,True
1138,mage info update karaganna one.,edit_personal_details,edit_personal_details,True
1139,mage details modify karanne kohomada?,edit_personal_details,edit_personal_details,True
1140,mage name eka venas karanna mama mokada karanna one?,edit_personal_details,edit_personal_details,True
1141,"mage address eka update vela, eka venas karaganna one.",edit_personal_details,edit_personal_details,True
1142,mage personal profile eka update karanna mama koheta yanna oneda?,edit_personal_details,edit_personal_details,True
1143,app eke mage personal details edit karanna puluvanda?,edit_personal_details,edit_personal_details,True
1144,mage details venas karanne kohomada,edit_personal_details,edit_personal_details,True
1145,mage account eke last name eka venas karanna mata udav one.,edit_personal_details,terminate_account,False
1146,mage dan inna residence details update karanne kohomada?,edit_personal_details,edit_personal_details,True
1147,name eka venas karanne kohomada?,edit_personal_details,edit_personal_details,True
1148,mama manali vuna nisa name eka venas karaganna one,edit_personal_details,edit_personal_details,True
1149,mata mage address eka venas karaganna one.,edit_personal_details,edit_personal_details,True
1150,name eka venas karanne kohomada,edit_personal_details,edit_personal_details,True
1151,mata mage information venas karaganna puluvanda?,edit_personal_details,edit_personal_details,True
1152,mage dan inna address eka update karaganna one,edit_personal_details,edit_personal_details,True
1153,mama move vela. mage details update karanne koheda?,edit_personal_details,edit_personal_details,True
1154,mata mage name eka venas karaganna one.,edit_personal_details,edit_personal_details,True
1155,post office eken address maru karana form ekak evanakan mama balagena inna oneda?,edit_personal_details,edit_personal_details,True
1156,"mage name eka venas karaganna one, mama mokada karanne?",edit_personal_details,edit_personal_details,True
1157,mage personal details edit karanne kohomada?,edit_personal_details,edit_personal_details,True
1158,mage address eka venas karanne kohomada?,edit_personal_details,edit_personal_details,True
1159,mage account eke address eka venas karanna mama mokada karanna one?,edit_personal_details,edit_personal_details,True
1160,mage identity gana oyala me taram details illanne ayi?,why_verify_identity,why_verify_identity,True
1161,mata identity eka verify karanna one naa.,why_verify_identity,verify_my_identity,False
1162,mama log in vena hama vatavakama mage identity eka verify karanna oneda?,why_verify_identity,unable_to_verify_identity,False
1163,mata identity eka verify karanna one venne ayi?,why_verify_identity,verify_my_identity,False
1164,identity verification ekata kalin transfers karanna puluvanda?,why_verify_identity,why_verify_identity,True
1165,identity eka verify karanna one ayi?,why_verify_identity,verify_my_identity,False
1166,identity check eka karanna oneda?,why_verify_identity,why_verify_identity,True
1167,identity eka verify nokara account eka pavichchi karanna puluvanda?,why_verify_identity,why_verify_identity,True
1168,identity verification eka mandatory ayi?,why_verify_identity,why_verify_identity,True
1169,identity check ekak karanna oneda?,why_verify_identity,why_verify_identity,True
1170,mata identity verification eka karanna one naa.,why_verify_identity,why_verify_identity,True
1171,identity verification eka thama pass vela natat mata account eka pavichchi karanna puluvanda?,why_verify_identity,why_verify_identity,True
1172,mage identity details okkoma oyala illanne ayi?,why_verify_identity,why_verify_identity,True
1173,mage identity eka verify karanna oyalata me taram information one ayi?,why_verify_identity,why_verify_identity,True
1174,identity check eke paramarthaya mokakda,why_verify_identity,why_verify_identity,True
1175,mage identity gana me taram information fill karanna one eka mata kammaliyi.,why_verify_identity,why_verify_identity,True
1176,identity check eke poyint eka mokakda?,why_verify_identity,why_verify_identity,True
1177,oyalata mage identity eka danaganna one ayi?,why_verify_identity,why_verify_identity,True
1178,identity verification eka thama go through vela natat mata dan account eka pavichchi karanna puluvanda?,why_verify_identity,why_verify_identity,True
1179,account eka pavichchi karanna mage identity eka verify karanna oneda?,why_verify_identity,why_verify_identity,True
1180,mata identity check ekak karanna one venne ayi?,why_verify_identity,why_verify_identity,True
1181,magen identity check ekak illanne ayi,why_verify_identity,why_verify_identity,True
1182,identity verification eka complete venna kalin transactions karanna puluvanda?,why_verify_identity,why_verify_identity,True
1183,mata attatama identity eka verify karanna oneda?,why_verify_identity,verify_my_identity,False
1184,mage identification details okkoma oyalata denna one ayi?,why_verify_identity,why_verify_identity,True
1185,me taram identity details oyala illanne ayi?,why_verify_identity,why_verify_identity,True
1186,"mage id verify vela nati nisa, mata account eka pavichchi karanna puluvan kavadada?",why_verify_identity,why_verify_identity,True
1187,mama identity eka verify karanne naa.,why_verify_identity,verify_my_identity,False
1188,mata identity verification eka skip karanna one.,why_verify_identity,why_verify_identity,True
1189,mata identity eka verify karanna ona karanne naa.,why_verify_identity,verify_my_identity,False
1190,mata identity eka verify karanna one ayi?,why_verify_identity,verify_my_identity,False
1191,identity check eka kiyanne mokakda?,why_verify_identity,why_verify_identity,True
1192,mage identity eka verify karanna venat methods monavada?,why_verify_identity,verify_my_identity,False
1193,mata identity eka verify karanna oneda?,why_verify_identity,verify_my_identity,False
1194,mata account eka pavichchi karanna one hama vatavakama identity eka verify karanna oneda?,why_verify_identity,why_verify_identity,True
1195,identity verification eka complete novunot mata account eka pavichchi karanna puluvanda?,why_verify_identity,why_verify_identity,True
1196,magen identity eka verify karanna ahanne ayi,why_verify_identity,why_verify_identity,True
1197,mata identity eka verify karanna ona karanavada?,why_verify_identity,verify_my_identity,False
1198,ma gana oyalata me taram danaganna one ayi,why_verify_identity,wrong_amount_of_cash_received,False
1199,mata identity eka verify karanna one vune ayi?,why_verify_identity,verify_my_identity,False
1200,mata mage identity eka verify karanna baa,unable_to_verify_identity,unable_to_verify_identity,True
1201,identity eka prove karanna one deval mage langa naa,unable_to_verify_identity,unable_to_verify_identity,True
1202,mama kiyana kena mamayi kiyala app eka vishvasa nokaranne ayi?,unable_to_verify_identity,unable_to_verify_identity,True
1203,mage identity eka verify karanna problamayak tiyenava.,unable_to_verify_identity,unable_to_verify_identity,True
1204,mage verification eka fail vunot mama mokada karanne,unable_to_verify_identity,unable_to_verify_identity,True
1205,mage identity eka verify karanna baa,unable_to_verify_identity,verify_my_identity,False
1206,app ekata mama kiyala danne naa.,unable_to_verify_identity,unable_to_verify_identity,True
1207,mage ID eka verify karanna problamayak tiyenava.,unable_to_verify_identity,unable_to_verify_identity,True
1208,app ekata mava handunaganna baa,unable_to_verify_identity,unable_to_verify_identity,True
1209,mage id eka verify karanna udav karanna.,unable_to_verify_identity,unable_to_verify_identity,True
1210,app ekata mage identity eka verify karanna bari vuna.,unable_to_verify_identity,unable_to_verify_identity,True
1211,mage ID eka verify karanna baa.,unable_to_verify_identity,unable_to_verify_identity,True
1212,mage identity eka prove karanna baa.,unable_to_verify_identity,unable_to_verify_identity,True
1213,app ekata mava handunaganna baa.,unable_to_verify_identity,unable_to_verify_identity,True
1214,mage ID eka verify novenne ayi?,unable_to_verify_identity,unable_to_verify_identity,True
1215,app eka mava account ekata enna denne naa.,unable_to_verify_identity,unable_to_verify_identity,True
1216,mage identity eka prove karanna problamayak tiyenava.,unable_to_verify_identity,unable_to_verify_identity,True
1217,mata magema identity eka prove karanna baa.,unable_to_verify_identity,unable_to_verify_identity,True
1218,mage ID eka verify venne naa!,unable_to_verify_identity,unable_to_verify_identity,True
1219,mava mama kiyala app ekata danaganna karanna baa.,unable_to_verify_identity,unable_to_verify_identity,True
1220,mage identity eka verify karanna baa.,unable_to_verify_identity,unable_to_verify_identity,True
1221,app ekata mava handunaganne naa.,unable_to_verify_identity,unable_to_verify_identity,True
1222,mage identity eka verify karanna mata apahasuta tiyenava.,unable_to_verify_identity,unable_to_verify_identity,True
1223,app ekata mama mama kiyala vishvasa venne naa,unable_to_verify_identity,unable_to_verify_identity,True
1224,mage Id eka verify novena eke problam eka mokakda?,unable_to_verify_identity,unable_to_verify_identity,True
1225,mage id eka verify karanna mata one mokakda?,unable_to_verify_identity,verify_my_identity,False
1226,"mama ID eka verify karanna try kala, et ida denne naa.",unable_to_verify_identity,unable_to_verify_identity,True
1227,meka attatama mage identity eka kiyala me moda sistam ekata pennanne kohomada?,unable_to_verify_identity,verify_my_identity,False
1228,mage identity eka provide karanna mata apahasuta tiyenava.,unable_to_verify_identity,unable_to_verify_identity,True
1229,mage identity eka prove karanna mata problamayak tiyenava,unable_to_verify_identity,unable_to_verify_identity,True
1230,mage ID eka verify venna kochchara vela yanavada?,unable_to_verify_identity,unable_to_verify_identity,True
1231,mage id eka verify karanna bari venne ayi?,unable_to_verify_identity,unable_to_verify_identity,True
1232,mage identity eka verify karanna ida denne naa.,unable_to_verify_identity,unable_to_verify_identity,True
1233,app ekata hitenne naa mama kiyala,unable_to_verify_identity,unable_to_verify_identity,True
1234,mage id eka verify karanna problamayak tiyenne ayi?,unable_to_verify_identity,unable_to_verify_identity,True
1235,identity verification eke issues tiyenava,unable_to_verify_identity,why_verify_identity,False
1236,app eka mava mama vidiyata log in venna denne naa.,unable_to_verify_identity,unable_to_verify_identity,True
1237,mage identity eka verify karaganna bari ayi?,unable_to_verify_identity,unable_to_verify_identity,True
1238,mage id eka verify karaganna bari ayi?,unable_to_verify_identity,unable_to_verify_identity,True
1239,mokada hari hetuvak nisa mage identity eka verify kirime problamayak tiyenava.,unable_to_verify_identity,unable_to_verify_identity,True
1240,mage card PIN ekata mama mokada karanne?,get_physical_card,get_physical_card,True
1241,PIN eka venama dilivar venavada?,get_physical_card,get_physical_card,True
1242,mage pin eka mage langa naa,get_physical_card,get_physical_card,True
1243,PIN venama da?,get_physical_card,get_physical_card,True
1244,mata mage PIN eka hoyaganna baa. eka koheda?,get_physical_card,get_physical_card,True
1245,alut card ekata mage PIN eka set-up karanne kohomada?,get_physical_card,get_physical_card,True
1246,mage card PIN eka hoyaganne kohomada?,get_physical_card,get_physical_card,True
1247,mage card PIN eka app eke save vela tiyenavada,get_physical_card,get_physical_card,True
1248,mage PIN eka hoyanna kohe balannada kiyala danne naa.,get_physical_card,get_physical_card,True
1249,app eke mage alut pin eka gana kohen danagannada,get_physical_card,get_physical_card,True
1250,app eke mage PIN eka tiyenne koheda?,get_physical_card,get_physical_card,True
1251,"mata dan tamayi alut card eka labune, et PIN eka check karanne kohomada kiyala danne naa.",get_physical_card,get_physical_card,True
1252,pin ekak oneda,get_physical_card,get_physical_card,True
1253,"mage card ekata PIN ekak one nam, eka tiyenne koheda?",get_physical_card,get_physical_card,True
1254,mage card PIN eka mokakda,get_physical_card,get_physical_card,True
1255,Card eke PIN eka gana kohomada?,get_physical_card,get_physical_card,True
1256,me card PIN eka gana?,get_physical_card,get_physical_card,True
1257,mata card eka labuna et PIN eka labune naa.,get_physical_card,get_physical_card,True
1258,mage PIN eka balanna bari ayi?,get_physical_card,get_physical_card,True
1259,pin ekak set karana process eka mokakda,get_physical_card,get_physical_card,True
1260,mage PIN eka card ekat ekka enavada?,get_physical_card,get_physical_card,True
1261,card PIN eka hoyaganne koheda?,get_physical_card,get_physical_card,True
1262,mage PIN eka thama available natte ayi?,get_physical_card,get_physical_card,True
1263,mage PIN eka mage account eke kohen hari tiyenavada?,get_physical_card,get_physical_card,True
1264,"mage card PIN eka hoyanna udav karannako, stutiyi!",get_physical_card,get_physical_card,True
1265,mage PIN number eka tiyenne koheda?,get_physical_card,get_physical_card,True
1266,mata thama pin eka naa.,get_physical_card,get_physical_card,True
1267,etakota card PIN eka gana?,get_physical_card,get_physical_card,True
1268,mata card PIN eka locate karaganna baa.,get_physical_card,get_physical_card,True
1269,mata mage PIN eka one,get_physical_card,get_physical_card,True
1270,mage PIN eka hoyaganne koheda?,get_physical_card,get_physical_card,True
1271,mage PIN eka labenne kavadada,get_physical_card,get_physical_card,True
1272,mage card pin eka hoyanna udav karanna!,get_physical_card,get_physical_card,True
1273,PIN eka venama evanavada?,get_physical_card,get_physical_card,True
1274,mata mage card pin eka hoyaganna baa.,get_physical_card,get_physical_card,True
1275,PIN ekakata mama mokada karanna one?,get_physical_card,pin_blocked,False
1276,mage PIN eka hoyaganna bari ayi?,get_physical_card,get_physical_card,True
1277,card PIN eka tiyenne koheda?,get_physical_card,get_physical_card,True
1278,mage card eke PIN eka mokakda?,get_physical_card,get_physical_card,True
1279,pin eka user ta hoyaganne kohenda?,get_physical_card,get_physical_card,True
1280,mata Visa ekata vada Mastercard ekayi adare.,visa_or_mastercard,visa_or_mastercard,True
1281,mata visa card ekakata qualify venavada?,visa_or_mastercard,visa_or_mastercard,True
1282,visa card ekak labaganne kohomada?,visa_or_mastercard,visa_or_mastercard,True
1283,oyala Visa ho Mastercard accept karanavada?,visa_or_mastercard,visa_or_mastercard,True
1284,Visa saha Mastercard dekama accept karanavada?,visa_or_mastercard,visa_or_mastercard,True
1285,oyala mastercard ho visa accept karanavada?,visa_or_mastercard,visa_or_mastercard,True
1286,Visa saha Mastercard dekama offer karanavada?,visa_or_mastercard,visa_or_mastercard,True
1287,mata visa ekak denna puluvanda?,visa_or_mastercard,visa_or_mastercard,True
1288,Visa ekakda Mastercard ekakda ganne kiyala tiranaya karanne kohomada?,visa_or_mastercard,visa_or_mastercard,True
1289,mastercard ekak ganna puluvanda?,visa_or_mastercard,visa_or_mastercard,True
1290,Visa credit card ekak labaganna mama mona steps follow karanna oneda?,visa_or_mastercard,visa_or_mastercard,True
1291,mata Mastercard ekak gannava asayi,visa_or_mastercard,visa_or_mastercard,True
1292,Visa saha Mastercard atara mata choice ekak tiyenavada?,visa_or_mastercard,visa_or_mastercard,True
1293,Visa credit card ekak labaganna mama mokada karanna one?,visa_or_mastercard,visa_or_mastercard,True
1294,mata visa card ekak asayi,visa_or_mastercard,visa_or_mastercard,True
1295,Visa ekakda Mastercard ekakda kiyala toraganna puluvanda?,visa_or_mastercard,visa_or_mastercard,True
1296,payment ekak karanna mata onama card ekak pavichchi karanna puluvanda?,visa_or_mastercard,supported_cards_and_currencies,False
1297,available cards monavada?,visa_or_mastercard,country_support,False
1298,mata Visa saha Mastercard dekama ganna one,visa_or_mastercard,visa_or_mastercard,True
1299,mage card eka toraganna mata puluvanda?,visa_or_mastercard,visa_or_mastercard,True
1300,visa saha mastercard dekama mata available da?,visa_or_mastercard,visa_or_mastercard,True
1301,oyala Visa ho Mastercard karanavada?,visa_or_mastercard,visa_or_mastercard,True
1302,Visa ekakata vada Mastercard ekak toraganne kohomada?,visa_or_mastercard,visa_or_mastercard,True
1303,mata visa card ekakata apply karaganna one.,visa_or_mastercard,visa_or_mastercard,True
1304,Visa saha Mastercard atara mata toraganna labeyida?,visa_or_mastercard,visa_or_mastercard,True
1305,apita visa ekakut Mastercard ekakut dekama one.,visa_or_mastercard,visa_or_mastercard,True
1306,halo. oyala Visa ho Mastercard pavichchi karanavada kiyala kiyannako?,visa_or_mastercard,visa_or_mastercard,True
1307,Visa ekakda Mastercard ekakda toraganima gana mata tava vistara one.,visa_or_mastercard,visa_or_mastercard,True
1308,oyala langa Visa ho Matercard tiyenavada?,visa_or_mastercard,visa_or_mastercard,True
1309,oyalagen Visa ekakut Mastercard ekakut dekama labaganna puluvanda?,visa_or_mastercard,visa_or_mastercard,True
1310,mata Mastercard ekayi vada asa.,visa_or_mastercard,visa_or_mastercard,True
1311,oyala Visa ho Mastercard offer karanavada?,visa_or_mastercard,visa_or_mastercard,True
1312,mata Mastercard ekama vada kamati.,visa_or_mastercard,visa_or_mastercard,True
1313,plis mata visa ekakut master card ekakut dekama dennako.,visa_or_mastercard,visa_or_mastercard,True
1314,Visa ekakut MasterCard ekakut labaganna puluvanda?,visa_or_mastercard,visa_or_mastercard,True
1315,accept vena pradhana card payments monavada?,visa_or_mastercard,card_acceptance,False
1316,Visa ho Mastercard available da?,visa_or_mastercard,visa_or_mastercard,True
1317,Visa eka card scheme assignments vala tiyenavada kiyala kiyannada?,visa_or_mastercard,visa_or_mastercard,True
1318,oyala Mastercard ho Visa pavichchi karanavada?,visa_or_mastercard,visa_or_mastercard,True
1319,metanin Visa ekak labaganna puluvanda?,visa_or_mastercard,visa_or_mastercard,True
1320,card ekakin mage account eka top up karanne kohomada?,topping_up_by_card,topping_up_by_card,True
1321,"mage salli koheda, mama card eka pavichchi karaddi eka nati vuna",topping_up_by_card,card_payment_fee_charged,False
1322,card eken top up karanne kohomada?,topping_up_by_card,topping_up_by_card,True
1323,salli transfer karanna mage credit card eka pavichchi karana process eka mokakda?,topping_up_by_card,topping_up_by_card,True
1324,oyalage app eken mage card eka top up karanne kohomada? mama mekata alut.,topping_up_by_card,topping_up_by_card,True
1325,yaluvanta mage account ekata add karanna puluvanda,topping_up_by_card,topping_up_by_card,True
1326,mage car eken top up karanna puluvanda?,topping_up_by_card,topping_up_by_card,True
1327,mage topup eka wallet eke tava penne natte ayi?,topping_up_by_card,topping_up_by_card,True
1328,salli transfer karanna credit card ekak pavichchi karanna,topping_up_by_card,topping_up_by_card,True
1329,mage yaluvo mage account eka top up karanne kohomada,topping_up_by_card,topping_up_by_card,True
1330,"mama mage card eken salli transfer karanna instructions follow kala, et salli nati vuna, mokada vune kiyala danne naa.",topping_up_by_card,topping_up_by_card,True
1331,mage card ekata charge vuna salli koheda? mage account balance eke penne naa,topping_up_by_card,balance_not_updated_after_cheque_or_cash_deposit,False
1332,top up karanne kohomada?,topping_up_by_card,topping_up_by_card,True
1333,"mage account eken salli tikak naa - mama eva credit card number eken transfer karanna try kala, eka nati vuna.",topping_up_by_card,topping_up_by_card,True
1334,"mage account eka top-up karanna asa yaluvo innava, eka puluvanda?",topping_up_by_card,topping_up_by_card,True
1335,credit card eken salli transfer karanne kohomada?,topping_up_by_card,topping_up_by_card,True
1336,mage yaluvanta mata venuven account eka top up karanna mage account ekata access denna puluvanda?,topping_up_by_card,topping_up_by_card,True
1337,"mama top-up ekak kala, et thama wallet eke naa.",topping_up_by_card,pending_top_up,False
1338,"mama hari info ekak damma kiyala dannava, et mage top up eka balance eke naa",topping_up_by_card,top_up_reverted,False
1339,mage yaluvata mage account eka top off karanna puluvanda?,topping_up_by_card,topping_up_by_card,True
1340,mage card eken kelinma funds transfer karanna vidiyak tiyenavada?,topping_up_by_card,verify_source_of_funds,False
1341,mage top up eka wallet eke penne natte ayi?,topping_up_by_card,topping_up_by_card,True
1342,"mama mage card eken top up karanna try kala, et dan salli nati vuna!",topping_up_by_card,topping_up_by_card,True
1343,mage credit card ekata salli transfer karanna udav karanna.,topping_up_by_card,topping_up_by_card,True
1344,mama top up karanna mage card eka pavichchi karanna try kala et salli okkoma nati vuna.,topping_up_by_card,topping_up_by_card,True
1345,salli transfer karanna mage credit card eka pavichchi karanna puluvanda?,topping_up_by_card,topping_up_by_card,True
1346,kavuru hari mage account ekata salli add karanne kohomada?,topping_up_by_card,transfer_into_account,False
1347,mage top up ekata access karaganna baa.,topping_up_by_card,top_up_failed,False
1348,mage yaluvanta mage account ekata funds add karanna puluvanda?,topping_up_by_card,topping_up_by_card,True
1349,mage credit card ekata salli transfer karanna puluvanda?,topping_up_by_card,topping_up_by_card,True
1350,mage accounts top up karanna puluvan vena kavuda,topping_up_by_card,topping_up_by_card,True
1351,mama top up karanna try karapu gamanma mage salli nati vune ayi,topping_up_by_card,top_up_reverted,False
1352,mage credit card eken salli transfer karanne kohomada?,topping_up_by_card,topping_up_by_card,True
1353,mage yaluvo mage account eka top up karanna asayi,topping_up_by_card,topping_up_by_card,True
1354,mage account eka top up karanna puluvan vena kavuda,topping_up_by_card,topping_up_by_card,True
1355,mage card eken top up karanne kohomada kiyala pennanna,topping_up_by_card,topping_up_by_card,True
1356,mama mage card eka top up kala et salli nati vuna.,topping_up_by_card,topping_up_by_card,True
1357,mage top up eka wallet eke ayi nopennenne?,topping_up_by_card,topping_up_by_card,True
1358,mama dan account ekata add karapu top-up amount eka ayi nopennenne?,topping_up_by_card,pending_top_up,False
1359,mage yaluvanta mage account eka top up karanna puluvanda?,topping_up_by_card,topping_up_by_card,True
1360,mata disposable cards kipayak labaganne kohomada.,disposable_card_limits,disposable_card_limits,True
1361,eka davasakata disposable cards godak hadanna puluvanda?,disposable_card_limits,disposable_card_limits,True
1362,"mata davasakata kipa vatavakma disposable card eka pavichchi karanna one, cutoff limit ekak tiyenavada?",disposable_card_limits,disposable_card_limits,True
1363,eka davasaka disposable card ekakata vada hadanne kohomada?,disposable_card_limits,disposable_card_limits,True
1364,mata disposable card ekakata vada tiyaganna puluvanda?,disposable_card_limits,disposable_card_limits,True
1365,disposable cards limit eka mokakda?,disposable_card_limits,disposable_card_limits,True
1366,mata tiyaganna puluvan vadima disposable cards gana kiyada?,disposable_card_limits,disposable_card_limits,True
1367,me virtual cards valata caps tiyenavada?,disposable_card_limits,getting_virtual_card,False
1368,mata disposable cards kiyak tiyaganna puluvanda?,disposable_card_limits,disposable_card_limits,True
1369,mata hama davasakama tiyaganna puluvan disposable cards gana kiyada?,disposable_card_limits,disposable_card_limits,True
1370,davasakata disposable cards kiyak tiyaganna mata ida denavada?,disposable_card_limits,disposable_card_limits,True
1371,disposable card ekakata mata kiyak card payments pavichchi karanna puluvanda?,disposable_card_limits,disposable_card_limits,True
1372,mata disposable cards kipayak one nam mokada venne?,disposable_card_limits,disposable_card_limits,True
1373,"mata disposable cards ekakata vada tiyenavanam, ekakata payments 5k karanna puluvanda?",disposable_card_limits,disposable_card_limits,True
1374,disposable cards vala restrictions pahadili karanna puluvanda?,disposable_card_limits,disposable_card_limits,True
1375,eka card ekakin mata karanna puluvan transactions gana kiyada?,disposable_card_limits,disposable_card_limits,True
1376,disposable card ekakin mata karanna puluvan transactions ganata limit eka mokakda?,disposable_card_limits,disposable_card_limits,True
1377,disposable cards ganata limit eka kiyada?,disposable_card_limits,disposable_card_limits,True
1378,disposable card ekakin mata karanna puluvan transactions gana kiyannako.,disposable_card_limits,disposable_card_limits,True
1379,mata davasakata disposable cards kipayak tiyenna one.,disposable_card_limits,disposable_card_limits,True
1380,disposable cards valata restrictions monavada kiyala danaganna one.,disposable_card_limits,disposable_card_limits,True
1381,davasakata temporary cards godak hadanne kohomada?,disposable_card_limits,disposable_card_limits,True
1382,davasakata disposable cards kipayak hadanna puluvanda?,disposable_card_limits,disposable_card_limits,True
1383,eka davasakata disposable cards kiyak hadanna puluvanda?,disposable_card_limits,disposable_card_limits,True
1384,eka disposable card ekakin mata karanna puluvan transactions ganata limit ekak tiyenavada?,disposable_card_limits,disposable_card_limits,True
1385,pavichchi karanna puluvan disposable cards ganata limits tiyenavada?,disposable_card_limits,disposable_card_limits,True
1386,virtual cards limit eka pahadili karanna puluvanda?,disposable_card_limits,disposable_card_limits,True
1387,mata disposable virtual cards kiyak tiyaganna puluvanda?,disposable_card_limits,disposable_card_limits,True
1388,mata davasakata disposable cards kipayak hadanna one.,disposable_card_limits,disposable_card_limits,True
1389,disposable virtual card ekak pavichchi karanna hindrances tiyenavada?,disposable_card_limits,get_disposable_virtual_card,False
1390,mata disposable cards kiyak labaganna puluvanda?,disposable_card_limits,disposable_card_limits,True
1391,mata virtual cards kiyak labenavada?,disposable_card_limits,getting_virtual_card,False
1392,tiyaganna puluvan disposable cards ganata limit eka mokakda?,disposable_card_limits,disposable_card_limits,True
1393,disposable card ekak kipa vatavak pavichchi karanna puluvanda?,disposable_card_limits,disposable_card_limits,True
1394,virtual disposable card ekak mokatada pavichchi karanna puluvan?,disposable_card_limits,get_disposable_virtual_card,False
1395,disposable cards vala restriction eka mokakda kiyala oyala dannavada?,disposable_card_limits,disposable_card_limits,True
1396,disposable virtual cards valata limits monavada?,disposable_card_limits,disposable_card_limits,True
1397,disposable virtual cards pavichchi karanna limits monavada?,disposable_card_limits,disposable_card_limits,True
1398,eka disposable card ekakin mata karanna puluvan transactions kiyada?,disposable_card_limits,disposable_card_limits,True
1399,mage langa tiyena disposable virtual card eka kipa vatavak pavichchi karanna puluvanda?,disposable_card_limits,disposable_card_limits,True
1400,kavuru hari mage card eken mata mataka nati transactions karanava kiyala mama hitanava.,compromised_card,compromised_card,True
1401,kavuru hari mage account eka pavichchi karanava,compromised_card,compromised_card,True
1402,mama danne nati kavuru hari mage card eka permission natuva pavichchi kala.,compromised_card,compromised_card,True
1403,mage card eka mage permission natuva pavichchi kala.,compromised_card,compromised_card,True
1404,mata danma mage card eka freeze karanna puluvanda?,compromised_card,lost_or_stolen_card,False
1405,"mage account eka freeze karanna, eka hack vela.",compromised_card,compromised_card,True
1406,"mama nokala transactions tiyenava, kavuru hari mage card eka pavichchi karala ati.",compromised_card,compromised_card,True
1407,"mama eta tanaka innakota kavuru hari mage card eka pavichchi kala, mage card eka freeze karannako. mama me purchases kale naa.",compromised_card,compromised_card,True
1408,kavuru hari online shopping karanna mage account eka pavichchi karanava! plis ikmanata freeze karannako,compromised_card,compromised_card,True
1409,kavuru hari mage card eka pavichchi karanava ati. mama handunanne nati transactions tiyenava.,compromised_card,compromised_card,True
1410,"mage card eke unauthorized transactions navattanna mama mokada karanna one? mage bill eke tiyena transactions karapu tana mama kavadavat hitiye naa, mama eva kalema naa. udav karannako!",compromised_card,compromised_card,True
1411,mage card eka varadiyata pavichchi vela kiyala hitunot mama mokada karanne?,compromised_card,compromised_card,True
1412,mage account eke fraud eka danma navattanne kohomada?,compromised_card,compromised_card,True
1413,"mage identity eka horakam vela ati kiyala mama hitanava, unauthorized charges check karannada?",compromised_card,verify_my_identity,False
1414,kavuru hari mage card eka pavichchi karanava kiyala mama hitanava. mama nokala transactions tiyenava.,compromised_card,compromised_card,True
1415,"mage card eke samahara transactions mama handunanne naa, kavuru hari mage card info labagena pavichchi karala ati kiyala mama hitanava.",compromised_card,compromised_card,True
1416,account eka freeze karala fraud ekata dispute karanna app eka pavichchi karanna puluvanda?,compromised_card,compromised_card,True
1417,mage card eka online purchases godak karanna pavichchi venava! kavuru hari fraudulent va eka pavichchi karanava. eka freeze karanna udav karannada?,compromised_card,compromised_card,True
1418,"kavuru harita mage card number eka tiyenava, mage account eka freeze karanna.",compromised_card,compromised_card,True
1419,"mage account eke ahamben purchases penava, eka hack vunada?",compromised_card,compromised_card,True
1420,kavuru hari mage card eka pavichchi kala vage! mama kisiset nokala transactions kipayak kohen hari kuda gamakin tiyenava! plis eva danma navattannako!,compromised_card,compromised_card,True
1421,app eken mage card eka freeze karanne kohomada?,compromised_card,card_linking,False
1422,mage card eka compromise vela,compromised_card,compromised_card,True
1423,kavuru hari mage card eka pavichchi karanava kiyala hitunot mama mokada karanne.,compromised_card,compromised_card,True
1424,"pena transactions amatakayi, mage card eka mama nodanama pavichchi vela ati kiyala mama hitanava.",compromised_card,compromised_card,True
1425,mage account eka freeze karanne kohomada?,compromised_card,terminate_account,False
1426,"mata hariyatama vishvasa naa, et kavuru hari mage card eka pavichchi karanava ati.",compromised_card,compromised_card,True
1427,mage card eka freeze karanne kohomada? kavuru hari eka online transactions godak karanna pavichchi karanava kiyala mama hitanava.,compromised_card,compromised_card,True
1428,mama handunanne nati transactions tiyena nisa kavuru hari mage card details labagena pavichchi kala kiyala mama hitanava. dan mama mokada karanne?,compromised_card,compromised_card,True
1429,kavuru hari mage card eka pavichchi kala!,compromised_card,compromised_card,True
1430,mage ekangatavak natuva kavuru hari mage card eka pavichchi karanava kiyala mama vishvasa karanava!,compromised_card,compromised_card,True
1431,"kavuru harita mage card information tiyenava kiyala mata hitunot, mata alut card ekak labaganna puluvanda?",compromised_card,lost_or_stolen_card,False
1432,"mama handunanne nati transactions kipayak tiyenava, kavuru hari mage card details labagena pavichchi karala ati kiyala mama hitanava.",compromised_card,compromised_card,True
1433,vena kavuruvat labaganna bari vidiyata mage card numbers kavuru hari access karala ati kiyala mama hitanava.,compromised_card,compromised_card,True
1434,mama gedara nati velavaka mage lamaya mage card eka pavichchi kala ati kiyala mama hitanava.,compromised_card,compromised_card,True
1435,kavuru hari mage card information labagena ati kiyala hitunot mama mokada karanne?,compromised_card,compromised_card,True
1436,kavuru hari mage card eke numbers copy karala pavichchi karanava kiyala mama hitanava.,compromised_card,compromised_card,True
1437,kavuru hari mage card eka pavichchi karanava vage hitunot mokada karanna one.,compromised_card,compromised_card,True
1438,mage card eka freeze karala fraud ekata dispute karanna app eka pavichchi karanna puluvanda?,compromised_card,compromised_card,True
1439,"kavuru hari mage card eka pavichchi karanava, eka freeze karanna.",compromised_card,compromised_card,True
1440,hama ATM ekakama me card eka gannavada?,atm_support,atm_support,True
1441,mona ATMs da me card eka accept karanne?,atm_support,atm_support,True
1442,langama Mastercard ATM eka koheda?,atm_support,atm_support,True
1443,ATM machines list ekak tiyenavada?,atm_support,atm_support,True
1444,me card eka pavichchi karanna puluvan nishchita ATMs tiyenavada?,atm_support,atm_support,True
1445,mona ATMs da me card eka accept karanne kiyala danaganne kohomada?,atm_support,atm_support,True
1446,mona ATM's da mage card eka accept karanne?,atm_support,card_acceptance,False
1447,langin ATM's tiyenavada?,atm_support,atm_support,True
1448,me card eka accept karana ATMs locations monavada?,atm_support,atm_support,True
1449,mona ATMs da me placard eka accept karanne?,atm_support,atm_support,True
1450,langama ATM eka hoyaganna mata udav karannako.,atm_support,atm_support,True
1451,mona ATMs da me card eka pavichchi karanna hari?,atm_support,atm_support,True
1452,langama ATM eka hoyaganne kohomada?,atm_support,atm_support,True
1453,mata mona vage ATM's pavichchi karanna puluvanda?,atm_support,atm_support,True
1454,salli withdraw karanne kohomada?,atm_support,atm_support,True
1455,ATM eka kochchara durada?,atm_support,card_swallowed,False
1456,mata kohen withdraw karanna puluvanda?,atm_support,atm_support,True
1457,mona ATM's da mage card eka accept karanna puluvan?,atm_support,card_acceptance,False
1458,mona ATMS valada mata card eka pavichchi karanna puluvan?,atm_support,atm_support,True
1459,mata onama ATM ekakadi mage card eka pavichchi karanna puluvanda?,atm_support,atm_support,True
1460,me card eken onama tanaka cash ganna puluvanda?,atm_support,card_acceptance,False
1462,langama ATM eka hoyaganna kavuru hari udav karannada?,atm_support,atm_support,True
1463,mage langin ATM machines tiyenavada?,atm_support,atm_support,True
1464,langama bank machine eka koheda?,atm_support,atm_support,True
1465,mona vage ATMs da me card eka accept karanne?,atm_support,atm_support,True
1466,me card eka ATM ekakadi pavichchi karanne koheda?,atm_support,atm_support,True
1467,"mata me card eka tiyenavanam, mona ATMs valata yanna puluvanda?",atm_support,atm_support,True
1468,mona ATMs valin mata salli withdraw karanna puluvanda?,atm_support,atm_support,True
1469,"mata salli withdraw karanna one, koheta yanna oneda?",atm_support,atm_support,True
1470,mata mage salli withdraw karanne koheda?,atm_support,atm_support,True
1471,me card eka accept karana ATMs monavada?,atm_support,atm_support,True
1472,mona ATMs da me vage card eka accept karanne?,atm_support,atm_support,True
1473,me card eka pavichchi karanna ATM ekak hoyaganne koheda?,atm_support,atm_support,True
1474,mona ATMs valadi mata me card eka pavichchi karanna puluvanda?,atm_support,atm_support,True
1475,mata me card eka pavichchi karanna puluvan nishchita ATMs tiyenavada?,atm_support,atm_support,True
1476,langama ATM eka oyala dannavada?,atm_support,atm_support,True
1477,ATM ekakadi me card eka pavichchi karanna puluvanda?,atm_support,atm_support,True
1478,mata salli withdraw karanna bari tan tiyenavada?,atm_support,declined_cash_withdrawal,False
1479,salli withdraw karanna locations,atm_support,atm_support,True
1480,mata udav karanna. mama nokala Direct Debit ekak tiyenava.,direct_debit_payment_not_recognised,direct_debit_payment_not_recognised,True
1481,mage novana direct debit ekak tiyenava.,direct_debit_payment_not_recognised,direct_debit_payment_not_recognised,True
1482,mage statement eke amataka direct debit ekak tiyenava,direct_debit_payment_not_recognised,direct_debit_payment_not_recognised,True
1483,"me debit eka ave kohenda kiyala terenne naa, eka ayin karaganna one.",direct_debit_payment_not_recognised,direct_debit_payment_not_recognised,True
1484,mage account eke me charge eka mokakda,direct_debit_payment_not_recognised,card_payment_not_recognised,False
1485,"mata dan harima kentiyi. mage ex boyfriend karapu charges kipayak tiyenava kiyala mama hitanava. website eke companys mage salli refund kale naa, bankuvata contact karanna kivva. plis mokak hari karanna.",direct_debit_payment_not_recognised,Refund_not_showing_up,False
1486,kavuru hari mage salli horakam kala,direct_debit_payment_not_recognised,lost_or_stolen_card,False
1487,mama nokala Direct Debit payment ekak mage account eke tiyenava,direct_debit_payment_not_recognised,direct_debit_payment_not_recognised,True
1488,mama nokala debit ekak mage account eke tiyenava.,direct_debit_payment_not_recognised,direct_debit_payment_not_recognised,True
1489,mage debit statement eke fraud charge ekak tiyenna puluvan.,direct_debit_payment_not_recognised,direct_debit_payment_not_recognised,True
1490,mage app eke magen novana direct debit payment ekak tiyenne ayi?,direct_debit_payment_not_recognised,direct_debit_payment_not_recognised,True
1491,amataka charges mage debit account eke enava.,direct_debit_payment_not_recognised,direct_debit_payment_not_recognised,True
1492,"parakku vunat, charge ekak dispute karanna mata one vuna. mama karapu pasugiya masa kipayaka transakshans baluvama, mama complete nokala loku amount ekak dakka. mata thama meka karanna puluvanda?",direct_debit_payment_not_recognised,direct_debit_payment_not_recognised,True
1493,"sati 2kata kalin mama danne nati business ekakin transaction ekak tibuna. mama hariyatama hitanne mama eka kale naa kiyala, et confirm karanna trace karanna option ekak tiyenavada?",direct_debit_payment_not_recognised,direct_debit_payment_not_recognised,True
1494,mama dakina me direct debit eka mokakda?,direct_debit_payment_not_recognised,direct_debit_payment_not_recognised,True
1495,mama handunanne nati Direct Debit ekak tiyenava.,direct_debit_payment_not_recognised,direct_debit_payment_not_recognised,True
1496,nodanna direct deposit,direct_debit_payment_not_recognised,direct_debit_payment_not_recognised,True
1497,saka sahita direct debit payment ekak tiyenava.,direct_debit_payment_not_recognised,direct_debit_payment_not_recognised,True
1498,"mama handunanne nati transaction ekak mage account eke tiyenava, eka trace back karala eka mama karapu ekakda nadda kiyala confirm karanna puluvanda?",direct_debit_payment_not_recognised,direct_debit_payment_not_recognised,True
1499,"sati kipayakata kalin mama mataka nati seller kenek mage account eken salli deduct kala. mama eka kale naa kiyala hariyatama hitanne, et confirm karaganna e kena trace back karanna puluvanda?",direct_debit_payment_not_recognised,direct_debit_payment_not_recognised,True
1500,mama nokala direct debit ekakata charge ekak mama hambuna.,direct_debit_payment_not_recognised,direct_debit_payment_not_recognised,True
1501,"mama nokala kiyala danna amataka payment ekak penava, eka cancel karaganne kohomada?",direct_debit_payment_not_recognised,card_payment_not_recognised,False
1502,me Direct Debit payment eka hari novenna puluvan.,direct_debit_payment_not_recognised,direct_debit_payment_not_recognised,True
1503,mama authorize nokala direct debit payment ekak app eke penne ayi,direct_debit_payment_not_recognised,direct_debit_payment_not_recognised,True
1504,payment ekak karala sati kipayakata passe dakkat eka dispute karanna puluvanda?,direct_debit_payment_not_recognised,direct_debit_payment_not_recognised,True
1505,mama nokala direct debit payment ekak varadiyata app eke list vela tiyenava vage,direct_debit_payment_not_recognised,direct_debit_payment_not_recognised,True
1506,mage debit statement eke me charge eka mama kala kiyala mata hitenne naa.,direct_debit_payment_not_recognised,direct_debit_payment_not_recognised,True
1507,mama handunanne nati direct debit charge ekak tiyenava,direct_debit_payment_not_recognised,direct_debit_payment_not_recognised,True
1508,mama me direct debit transaction eka kale naa,direct_debit_payment_not_recognised,direct_debit_payment_not_recognised,True
1509,mama authorize nokala direct debit ekak mage account eke tiyenava,direct_debit_payment_not_recognised,direct_debit_payment_not_recognised,True
1510,"meka godak parakkuyi kiyala mama dannava. pasugiya masa kipayaka transactions baluvama, mama kale naa kiyala vishvasa loku charge ekak dakka. mata thama meka dispute karanna puluvanda?",direct_debit_payment_not_recognised,direct_debit_payment_not_recognised,True
1511,"karapu debit payment ekak mama handunanne naa, e payment gana danaganna one.",direct_debit_payment_not_recognised,direct_debit_payment_not_recognised,True
1512,"mage account eke security gana mata karadarayi, dispute ekak karaganna one.",direct_debit_payment_not_recognised,terminate_account,False
1513,mama nokala direct debit ekak app eke penne ayi?,direct_debit_payment_not_recognised,direct_debit_payment_not_recognised,True
1514,mage statement eke mama handunanne nati direct debit ekak tiyenava,direct_debit_payment_not_recognised,direct_debit_payment_not_recognised,True
1515,"mama set up karala nati direct debit transaction ekak tiyenava, eka one.",direct_debit_payment_not_recognised,direct_debit_payment_not_recognised,True
1516,"kavuru hari mage salli aragena, kavuda kiyala danne naa",direct_debit_payment_not_recognised,compromised_card,False
1517,tiyenna bari charge ekak mage account ekata vuna.,direct_debit_payment_not_recognised,transaction_charged_twice,False
1518,dispute karanna one direct debit ekak tiyenava,direct_debit_payment_not_recognised,direct_debit_payment_not_recognised,True
1519,mama approve nokala seller kenekgen mage account eka deduct vune ayi?,direct_debit_payment_not_recognised,direct_debit_payment_not_recognised,True
1520,mata passcode eka amataka vunot mama mokada karanne? mokada mata amataka vuna.,passcode_forgotten,passcode_forgotten,True
1521,mata mage password eka hoyaganna baa,passcode_forgotten,passcode_forgotten,True
1522,mage passcode eka retrieve karanne kohomada?,passcode_forgotten,passcode_forgotten,True
1523,mage passcode eka vada karanne naa vage,passcode_forgotten,passcode_forgotten,True
1524,mage password eka nati kala,passcode_forgotten,passcode_forgotten,True
1525,"mage password eka accept venne naa, eka reset karanna one.",passcode_forgotten,passcode_forgotten,True
1526,mage password eke mokak hari varadila tiyenava.,passcode_forgotten,passcode_forgotten,True
1527,mage passcode eke mokak hari varadila tiyenava,passcode_forgotten,passcode_forgotten,True
1528,"amataka vuna passcode ekak reset karanne kohomada, plis?",passcode_forgotten,passcode_forgotten,True
1529,"mage passcode eka mataka naa, eka reset karanna one.",passcode_forgotten,passcode_forgotten,True
1530,mata alut passcode ekak denna puluvanda?,passcode_forgotten,passcode_forgotten,True
1531,mata mage passcode eka danne naa.,passcode_forgotten,passcode_forgotten,True
1532,app ekata enna mage code eka mataka naa.,passcode_forgotten,passcode_forgotten,True
1533,mata tava mage passcode eka naa.,passcode_forgotten,passcode_forgotten,True
1534,mage passcode eka vada nokaranne ayi?,passcode_forgotten,passcode_forgotten,True
1535,mata mage passcode eka resend karaganna puluvanda?,passcode_forgotten,passcode_forgotten,True
1536,mata mage passcode eka reset karaganna one. eka karanne kohomada?,passcode_forgotten,passcode_forgotten,True
1537,plis mage passcode eka reset karanne kohomada kiyala pennannako.,passcode_forgotten,passcode_forgotten,True
1538,passcode eka reset karanna mata udav karanna.,passcode_forgotten,passcode_forgotten,True
1539,app ekata enter venna mage passcode eka amataka vela,passcode_forgotten,passcode_forgotten,True
1540,passcode eka vada nokalot mama mokada karanne?,passcode_forgotten,passcode_forgotten,True
1541,"mata code eka mataka naa, mama mokada karanne?",passcode_forgotten,passcode_forgotten,True
1542,passcode eka reset karanne koheda?,passcode_forgotten,passcode_forgotten,True
1543,app ekata enter venna mage passcode eka reset karaganna mata udav one.,passcode_forgotten,passcode_forgotten,True
1544,tava passcode ekak labaganna mama mona steps ganna oneda?,passcode_forgotten,passcode_forgotten,True
1545,mata mage password eka amataka vuna,passcode_forgotten,passcode_forgotten,True
1546,app ekata enna mage code eka amataka vuna.,passcode_forgotten,passcode_forgotten,True
1547,mata mage password eka amataka vela.,passcode_forgotten,passcode_forgotten,True
1548,app ekata access venna code eka amataka vuna.,passcode_forgotten,passcode_forgotten,True
1549,mage passcode eka reset karaganna vidiyak tiyenavada?,passcode_forgotten,passcode_forgotten,True
1550,mage password eka reset karaganna mata udav karannada?,passcode_forgotten,passcode_forgotten,True
1551,mata password eka reset karaganna puluvanda? eka mokakda kiyala danne naa.,passcode_forgotten,passcode_forgotten,True
1552,passcode eka reset karanne kohomada?,passcode_forgotten,passcode_forgotten,True
1553,mage passcode eka amataka vunot mama mokada karanne?,passcode_forgotten,passcode_forgotten,True
1554,mage passcode eka vada karanne naa,passcode_forgotten,passcode_forgotten,True
1555,passcode eka reset karanne kohomada kiyala kiyannako.,passcode_forgotten,passcode_forgotten,True
1556,mata alut passcode ekak one.,passcode_forgotten,passcode_forgotten,True
1557,app ekata mage access code eka mage langa naa.,passcode_forgotten,passcode_forgotten,True
1558,mage passcode eka reset karanna mokada karanna one kiyala kiyannada?,passcode_forgotten,passcode_forgotten,True
1559,app ekata enna mata one code eka mokakda?,passcode_forgotten,passcode_forgotten,True
1560,magema salli money machine eken ganna ida nodenne ayi kiyala kiyannako? mama hari PIN ekayi damme kiyala dannava.,declined_cash_withdrawal,declined_cash_withdrawal,True
1561,mage withdrawal eka cancel vuna.,declined_cash_withdrawal,declined_cash_withdrawal,True
1562,"meka harima karadarayi. mama try karapu kisima ATM ekaka mage card eka vada karanne naa, mama 3k try kala. mokada venne? plis meka danma fix karannako?",declined_cash_withdrawal,card_not_working,False
1563,ATM eka mata withdraw karanna ida dunne naa,declined_cash_withdrawal,declined_cash_withdrawal,True
1564,mage ATM transaction eka cancel vune ayi?,declined_cash_withdrawal,declined_cash_withdrawal,True
1565,ATM eka mage card eka decline karagena yanava. mama ATMs kipayakadi try kala. mage account eke problamayak tiyenavada kiyala kiyannada?,declined_cash_withdrawal,declined_cash_withdrawal,True
1566,mama ATM ekedi withdraw karanna try kala decline vuna.,declined_cash_withdrawal,declined_cash_withdrawal,True
1567,ATM eken mata cash ganna ida dunne naa,declined_cash_withdrawal,declined_cash_withdrawal,True
1568,mata funds withdraw karaganna bari vune ayi kiyala danaganna one.,declined_cash_withdrawal,declined_cash_withdrawal,True
1569,"mage account eka check karanna mata oyalage udav one, plis! mage card eka ATM ekedi decline venava, eka venas ATMs 2kadi try kala!",declined_cash_withdrawal,declined_cash_withdrawal,True
1570,"halo, ada ude mage card withdrawal eka decline vuna. iye venakan hariyata vada kala. plis check karala mata kiyannako.",declined_cash_withdrawal,declined_cash_withdrawal,True
1571,"halo, mama mage card eka pavichchi karanna try kala et ATM eken decline vuna. ATMs 2kin cross check kala et ekama problam ekayi. plis mage account eka check karannada.",declined_cash_withdrawal,declined_cash_withdrawal,True
1572,mama cash withdrawal ekak karanna try kala decline vuna. meka vune ayi?,declined_cash_withdrawal,declined_cash_withdrawal,True
1573,mata ATM eken salli ganna baa,declined_cash_withdrawal,declined_cash_withdrawal,True
1574,ATM eka mage card eka decline karanava. ATMs 2kin try kala. mage account eke mokak hari varadila tiyenavada kiyala kiyannada?,declined_cash_withdrawal,declined_cash_withdrawal,True
1575,"withdrawal eka decline vuna, meka vune ayi kiyala mata terenne naa?",declined_cash_withdrawal,declined_cash_withdrawal,True
1576,cash ganna try kalama mama decline vuna.,declined_cash_withdrawal,declined_cash_withdrawal,True
1577,ada ATM ekedi withdraw karanna try karaddi mama decline vune ayi?,declined_cash_withdrawal,declined_cash_withdrawal,True
1578,ATM machines mage card eka decline karanna hetu monavada? mata meka kipa vatavakma vuna!,declined_cash_withdrawal,declined_cash_withdrawal,True
1579,ATM machine ekata mata cash withdrawal ekak denna bari vune ayi?,declined_cash_withdrawal,declined_cash_withdrawal,True
1580,mage ATM transaction eka unsuccessful vuna.,declined_cash_withdrawal,declined_cash_withdrawal,True
1581,mama cash ganna try kala decline vuna.,declined_cash_withdrawal,declined_cash_withdrawal,True
1582,mama salli withdraw karanna try kala et decline vuna!,declined_cash_withdrawal,declined_cash_withdrawal,True
1583,ATM eken mata salli ganna bari ayi?,declined_cash_withdrawal,declined_cash_withdrawal,True
1584,ATM eka mage card eka decline karagena yanava. ATMs 2kin try kala. mage account eke issue ekak tiyenavada kiyala kiyannada?,declined_cash_withdrawal,declined_cash_withdrawal,True
1585,mage cash withdrawal eka decline vune ayi?,declined_cash_withdrawal,declined_cash_withdrawal,True
1586,cash ganna bari vune ayi?,declined_cash_withdrawal,declined_cash_withdrawal,True
1587,ATM ekedi cash ganna bari vune ayi?,declined_cash_withdrawal,declined_cash_withdrawal,True
1588,cash ganna bari ayi?,declined_cash_withdrawal,declined_cash_withdrawal,True
1589,ATM eka mata salli dunne natte ayi?,declined_cash_withdrawal,declined_cash_withdrawal,True
1590,"mama ATM ekakin salli withdraw karanna try kala, mage yaluvo issaraha decline vuna. meka vune ayi?",declined_cash_withdrawal,declined_cash_withdrawal,True
1591,ATM eken salli denne naa.,declined_cash_withdrawal,declined_cash_withdrawal,True
1592,cash ganna decline vune ayi?,declined_cash_withdrawal,declined_cash_withdrawal,True
1593,ATM ekedi cash ganna bari vuna,declined_cash_withdrawal,declined_cash_withdrawal,True
1594,"ane, mage card eka ATM ekedi deparak decline vuna! ATMs 2k try kala, et hama ekakama decline vuna! mage account ekata mokada venne kiyala kiyannada?",declined_cash_withdrawal,declined_cash_withdrawal,True
1595,ATM ekedi cash eka toraganna bari vune ayi?,declined_cash_withdrawal,declined_cash_withdrawal,True
1596,mage cash withdrawal eka ayi decline vune?,declined_cash_withdrawal,declined_cash_withdrawal,True
1597,ATM eka mage transakshan eka decline karanna hetuvak tiyenavada?,declined_cash_withdrawal,declined_cash_withdrawal,True
1598,mama ATM eken ganna try karapu cash eka approve vune naa.,declined_cash_withdrawal,declined_cash_withdrawal,True
1599,atm eken mata cash dunne naa,declined_cash_withdrawal,declined_cash_withdrawal,True
1600,"mage card payment eka thama hold eke, ayi eka?",pending_card_payment,declined_card_payment,False
1601,mage payment eka pending ayi?,pending_card_payment,pending_card_payment,True
1602,mage card payment eka thama pending.,pending_card_payment,pending_card_payment,True
1603,card payment ekak finalize karanne kohomada,pending_card_payment,card_payment_not_recognised,False
1604,mage card payment eka pending vidiyata penne ayi?,pending_card_payment,pending_card_payment,True
1605,mage payment eka go through novune ayi?,pending_card_payment,pending_card_payment,True
1606,tika kalayak indan pending nisa mage card payment eke status eka danaganna mata udav karannako.,pending_card_payment,pending_card_payment,True
1607,"mama metaka payment ekak kala, eka account eke ""pending"" vidiyata tiyenava. eke teruma mokakda?",pending_card_payment,pending_card_payment,True
1608,pending payment ekak kiyanne mokakda?,pending_card_payment,pending_card_payment,True
1609,mage card payment eka pending eken ivara venne kavadada?,pending_card_payment,pending_card_payment,True
1610,"mama me payment eka davas ganakata kalin kala, etakota eka thama go through vune natte ayi?",pending_card_payment,pending_card_payment,True
1611,mama karapu card payment eken pending kiyala penava.,pending_card_payment,pending_card_payment,True
1612,mage card payment eka pending vidiyata penava.,pending_card_payment,pending_card_payment,True
1613,ada ude mama mokak hari gatta et payment eka pending vidiyata penava,pending_card_payment,pending_card_payment,True
1614,mama payment ekak go through venakan balagena innava.,pending_card_payment,pending_card_payment,True
1615,mama gatta item ekak pending vidiyata penne kochchara velavakda?,pending_card_payment,pending_transfer,False
1616,pending payment ekak kiyanne mokakda kiyala danaganna one,pending_card_payment,pending_card_payment,True
1617,ada ude mage purchases thama pending ayi kiyala danaganna one.,pending_card_payment,pending_card_payment,True
1618,mage card eke pending transakshan ekak tiyenne ayi?,pending_card_payment,pending_card_payment,True
1619,mage card payment eka pending.,pending_card_payment,pending_card_payment,True
1620,mage card eke payment ekak pending vidiyata penne ayi?,pending_card_payment,pending_card_payment,True
1621,"mama mokak hari gatta, eka pending kiyala tiyenava. eke teruma mokakda?",pending_card_payment,pending_card_payment,True
1622,card transactions clear venna kochchara vela yanavada?,pending_card_payment,transfer_not_received_by_recipient,False
1623,pending kiyanne mokakda?,pending_card_payment,pending_card_payment,True
1624,me card payment eka pending inne kochchara kalayakda?,pending_card_payment,pending_card_payment,True
1625,mage payment eka thama process vela naa!,pending_card_payment,pending_card_payment,True
1626,"mata deparak charge kala, deveni charge eka ""pending"" vidiyata tiyenava. deveni charge eka refund vunata passe mage salli apahu labenne kochchara velavakinda?",pending_card_payment,transaction_charged_twice,False
1627,"mama davas 15k innava, et mage payment eka thama clear vela naa.",pending_card_payment,pending_card_payment,True
1628,mata pending payment ekak tiyenne ayi?,pending_card_payment,pending_card_payment,True
1629,pending payment eke teruma pahadili karannako?,pending_card_payment,pending_card_payment,True
1630,mage payments pending vidiyata penne ayi?,pending_card_payment,pending_card_payment,True
1631,"mage card eka thama pending, mama tika kalayak indala balagena innava.",pending_card_payment,pending_transfer,False
1632,"payment ekak go through venna kochchara vela yanavada? mama davas kipayakata kalin ekak kala, eka thama clear vela naa.",pending_card_payment,pending_card_payment,True
1633,ada ude mama mokak hari gatta et payment eka pending kiyala penava,pending_card_payment,pending_card_payment,True
1634,payment ekak authorise karanna kochchara vela yanavada?,pending_card_payment,pending_card_payment,True
1635,"mama karapu payment ekakata kalayak vela, eka go through venne kavadada kiyala danaganna one.",pending_card_payment,pending_card_payment,True
1636,pending transakshan ekak kiyanne mokakda?,pending_card_payment,pending_card_payment,True
1637,"mama mage card eken gevva et payment eka pending vidiyata enava. mokak hari issue ekak tiyenava kiyala mama hitanava, plis check karala status eka complete venne kavadada kiyala kiyannako.",pending_card_payment,pending_card_payment,True
1638,"mama tika kalayakata kalin gevva pending payment ekak tiyenava, eka thama go through vela naa. me taram velavak pending kiyala penne ayi?",pending_card_payment,pending_card_payment,True
1639,ada ude mama gatta deval valata pending payment ekak tiyenava.,pending_card_payment,pending_card_payment,True
1640,mage phone eka horakam vuna,lost_or_stolen_phone,lost_or_stolen_phone,True
1641,iye mage phone eka horakam vuna. mama mokada karanna one?,lost_or_stolen_phone,lost_or_stolen_phone,True
1642,"mage phone eka nati vunot, kavuruvatta app eka pavichchi karanna block karanna puluvanda?",lost_or_stolen_phone,lost_or_stolen_phone,True
1643,mage phone eka nati vela nattam horakam vela ati kiyala mama hitanava.,lost_or_stolen_phone,lost_or_stolen_phone,True
1644,"mama magamaga okkoma nati kalot, mage account ekata saha app ekata access venne kohomada?",lost_or_stolen_phone,lost_or_stolen_phone,True
1645,mata mage phone eka hoyaganna baa.,lost_or_stolen_phone,lost_or_stolen_phone,True
1646,mage phone eke track eka nati vela nattam kavuru hari eka horakam kala.,lost_or_stolen_phone,lost_or_stolen_card,False
1647,"mage phone eka koheda kiyala danne naa, kavuru hari eka horakam kala nattam nati vela kiyala mama hitanava.",lost_or_stolen_phone,lost_or_stolen_card,False
1648,mage phone eka horakam vunat mata mage card eka pavichchi karanna puluvanda?,lost_or_stolen_phone,lost_or_stolen_phone,True
1649,"mage phone eka horakam vuna, mama mokada karanne?",lost_or_stolen_phone,lost_or_stolen_phone,True
1650,"mage phone eka nati kala, vena kavuruvat eka pavichchi karanna epa.",lost_or_stolen_phone,lost_or_stolen_phone,True
1651,"mama mage phone eka nati kala, eka secure karaganna mata udav one.",lost_or_stolen_phone,lost_or_stolen_phone,True
1652,"mage phone eka horakam vuna, e nisa mata app ekata access naa.",lost_or_stolen_phone,lost_or_stolen_phone,True
1653,"phone eka hotel eke ituru kala, app ekata access venne kohomada",lost_or_stolen_phone,lost_or_stolen_phone,True
1654,mage phone eka mage langa naa. app eka pavichchi karanne kohomada?,lost_or_stolen_phone,lost_or_stolen_phone,True
1655,mage phone eka naa,lost_or_stolen_phone,lost_or_stolen_phone,True
1656,"mage phone eka dan mage langa naa, e nisa mata app ekata access venna baa.",lost_or_stolen_phone,lost_or_stolen_phone,True
1657,mage phone eka aragena giya! kavuruvat pavichchi nokaranna mage account eka cancel karanna puluvanda,lost_or_stolen_phone,lost_or_stolen_phone,True
1658,"mama mage phone eka nati kala, mage accounts freeze karaganna one.",lost_or_stolen_phone,lost_or_stolen_phone,True
1659,"phone eka nati kala, thama account ekata access venna puluvanda?",lost_or_stolen_phone,lost_or_stolen_phone,True
1660,hotel eken call karala mage phone eka room eke ituru vuna kiyala kivva.,lost_or_stolen_phone,lost_or_stolen_phone,True
1661,iye kavuru hari mage phone eka horakam kala :( mokak hari karanna oneda?,lost_or_stolen_phone,lost_or_stolen_phone,True
1662,"phone eka nati kala, account ekata vena kavuruvat access venna epa",lost_or_stolen_phone,lost_or_stolen_phone,True
1663,mata attack karala okkoma aragena giya. mage account eka protect karaganna mama mokada karanne?,lost_or_stolen_phone,terminate_account,False
1664,mama hitapu hotel eke mage smartphone eka ituru kala kiyala mama hitanava.,lost_or_stolen_phone,lost_or_stolen_phone,True
1665,"iye kavuru hari mata attack karala mage deval aragena giya, e nisa mata app eka pavichchi karanna baa. mata udav one.",lost_or_stolen_phone,lost_or_stolen_phone,True
1666,mama phones maru kalat app eka tava pavichchi karanna puluvanda?,lost_or_stolen_phone,lost_or_stolen_phone,True
1667,iye mata attack karala okkoma aragena giya. mata app ekata access venna baa. mage ilanga steps monavada?,lost_or_stolen_phone,lost_or_stolen_phone,True
1668,iye mata attack karala app ekata access eka nati vuna. eka apahu ganna one.,lost_or_stolen_phone,lost_or_stolen_phone,True
1669,"mage phone eka nati kalot, kavuru hari mage account eka pavichchi karanna puluvanda?",lost_or_stolen_phone,lost_or_stolen_phone,True
1670,mama hitapu hotel eke phone eka amataka kala nisa app eka pavichchi karanna baa.,lost_or_stolen_phone,lost_or_stolen_phone,True
1671,kavuru hari mage phone eka horakam kala.,lost_or_stolen_phone,lost_or_stolen_phone,True
1672,kavuru hari mage cards horakam kala!,lost_or_stolen_phone,lost_or_stolen_card,False
1673,mage phone eka nati vela. kavuruvat app eka pavichchi karana eka valakvanna mama mokada karanne?,lost_or_stolen_phone,lost_or_stolen_phone,True
1674,mage phone eka horakam vuna nisa mama mokak hari karanna oneda?,lost_or_stolen_phone,lost_or_stolen_phone,True
1675,mama mage phone eka nati kala!,lost_or_stolen_phone,lost_or_stolen_phone,True
1676,"mata mage phone eka hoyaganna baa, et eke mage credit card information okkoma tiyenava.",lost_or_stolen_phone,lost_or_stolen_phone,True
1677,phone eka mage langa nati nam app eka pavichchi karanne kohomada?,lost_or_stolen_phone,lost_or_stolen_phone,True
1678,iye mata attack karala app eka pavichchi karanna baa.,lost_or_stolen_phone,lost_or_stolen_phone,True
1679,"iye mage deval horakam karala, mata kisima app ekak ho deyak pavichchi karanna baa, e nisa mata udav one.",lost_or_stolen_phone,lost_or_stolen_phone,True
1680,"halo- me product ekata refund ekak labaganna urgent. merchant eken udav vune naa, meka ASAP resolve karaganna mama dan mokada karanne?",request_refund,request_refund,True
1681,mage item ekata refund ekak labaganna puluvanda?,request_refund,request_refund,True
1682,item refund ekak ganna,request_refund,request_refund,True
1683,mama gatta deyakata refund ekak labaganna puluvanda?,request_refund,request_refund,True
1684,mata refund ekak karanna one,request_refund,Refund_not_showing_up,False
1685,mata labune nati item ekakata refund ekak one. payment eka simple va cancel karaganna puluvanda? eka karanne kohomada kiyala danne naa.,request_refund,request_refund,True
1686,mama gatta deyakata refund ekak one,request_refund,request_refund,True
1687,mata item ekak return karaganna one.,request_refund,request_refund,True
1688,mata refund ekak labaganna puluvanda?,request_refund,request_refund,True
1689,"mama purchase karapu item ekakata hari amount eka charge kale naa, meka fix karanne kohomada?",request_refund,request_refund,True
1690,halo! mama metaka karapu order ekak cancel karala refund ekak process karaganna one. plis mata udav karala ikmanata refund eka set karagannada? meka harima urgent.,request_refund,request_refund,True
1691,mage purchase eka stop karanna.,request_refund,request_refund,True
1692,mage package eka enna godak vela gihin nisa refund ekak one. eka karanne kohomada?,request_refund,request_refund,True
1693,refund ekakata apply karanne kohomada?,request_refund,Refund_not_showing_up,False
1694,item ekakata refund labaganna puluvanda?,request_refund,request_refund,True
1695,"mama godak kalin online deyak order kala et eka ennama naa. dan ati! mage salli apahu denna, mama me ayata gevanne naa.",request_refund,request_refund,True
1696,refund ekak labaganna mama mokada karanna one?,request_refund,request_refund,True
1697,mata refund ekak one?,request_refund,Refund_not_showing_up,False
1698,"mama gatta ekata happy naa, order eka cancel karanne kohomada?",request_refund,request_refund,True
1699,mama mokak hari gatta et dan refund ekak one. eka karanne kohomada?,request_refund,request_refund,True
1700,refund labaganne kohomada?,request_refund,request_refund,True
1701,mage purchase eka cancel karanna puluvanda?,request_refund,request_refund,True
1702,kalin purchase ekak cancel karanne kohomada,request_refund,request_refund,True
1703,item ekakata refund ekak labaganna mata puluvan nam appreciate karanava,request_refund,request_refund,True
1704,refund ekak claim karanne kohomada?,request_refund,request_refund,True
1705,"mata e item eka one naa, mama eka ahamben gatta, refund ekak labaganna puluvanda?",request_refund,request_refund,True
1706,"halo mama hita maru karagatta, mama metaka gatta deyakata refund ekak attatama one. plis transakshan eka cancel karala mage salli apahu dennada. plis meka urgent.",request_refund,request_refund,True
1707,mata sell karapu oyalage products valin ekakata refund ekak one,request_refund,request_refund,True
1708,"mama me product ekata happy naa, refund ekak labaganna puluvanda?",request_refund,request_refund,True
1709,mata me amount eka mage account eken reverse karaganna one.,request_refund,terminate_account,False
1710,"halo! mama metaka purchase ekak kala, order eka cancel karala ikmanata refund ekak process karaganna one.",request_refund,request_refund,True
1711,mata purchase ekak reverse karaganna one. cancel karanna puluvanda?,request_refund,request_refund,True
1712,"mama godak kalin order ekak gana kata karanne. mata thama labune naa, mama godak apirisiduyi! mata mage salli okkoma apahu one! mama nolabuna deyakata gevana eka accept karanna baa.",request_refund,wrong_amount_of_cash_received,False
1713,"mama me item eka gatta, varadi amount ekakata charge kala, refund ekak labaganna puluvanda?",request_refund,request_refund,True
1714,mata payment ekak cancel karaganna one. mama davas kipayakata kalin mokak hari gatta thama labune naa.,request_refund,cancel_transfer,False
1715,refund process eka mokakda?,request_refund,request_refund,True
1716,mage purchase ekata refund ekak one,request_refund,request_refund,True
1717,mama purchase karapu deyakata refund ekak process karanne kohomada?,request_refund,request_refund,True
1718,mata item ekakata refund ekak labaganna one,request_refund,request_refund,True
1719,mama karapu purchase ekak cancel karaganna one.,request_refund,request_refund,True
1720,mama transfer ekak karanna try kala decline vuna. ayi?,declined_transfer,declined_transfer,True
1721,suba udesanak. mama iye re saha ada udet mage credit card eken purchase ekak karanna try kala. deparama decline vuna. investigate karannada?,declined_transfer,top_up_failed,False
1722,"mage transfers okkoma continuous va fail venava. recipient details tika ayet ayet check kala, okkoma hari.",declined_transfer,declined_transfer,True
1723,mage transfer eka decline vune ayi,declined_transfer,declined_transfer,True
1724,transfer ekakadi decline message ekak penne mokada karaddida?,declined_transfer,declined_transfer,True
1725,mage transfers oyala decline karanne ayi? meka danata hondata vada kala et dan mokak hari ganna try kalama card eka decline vuna. kipa vatavakma try kala et ekama de.,declined_transfer,declined_transfer,True
1726,"mage card eka fix karanne kohomada, eka deparak decline vuna.",declined_transfer,transaction_charged_twice,False
1727,transfer ekak decline vune ayi?,declined_transfer,declined_transfer,True
1728,mage transfers decline venava. kalin hamavelema vada kala et dan mage card eka decline karanava. kipa vatavakma try kala.,declined_transfer,declined_transfer,True
1729,mage transfer eka ayi decline vune,declined_transfer,declined_transfer,True
1730,iye online deyak ganna try karaddi card eka deparak decline vuna.,declined_transfer,declined_transfer,True
1731,"transfer details okkoma review karala confirm karala tiyenavanam, mage transfer eka decline venna vena mona hetuvakda tiyenne?",declined_transfer,declined_transfer,True
1732,mage transfer eka decline vune ayi?,declined_transfer,declined_transfer,True
1733,mage transfer eka ayi decline vune?,declined_transfer,declined_transfer,True
1734,transfer ekak gana customer support ekata contact karanne kohomada?,declined_transfer,transfer_fee_charged,False
1735,"oyala ayi mage transfers decline karanne? meka danata hondata vada kala, et dan mokak hari ganna try karaddi card eka decline vuna. kipa vatavakma try kala.",declined_transfer,declined_transfer,True
1736,mata transfer ekak karanna bari vune ayi?,declined_transfer,failed_transfer,False
1737,"transaction transfer karanna problamayak, udav one contact",declined_transfer,cancel_transfer,False
1738,mage transfer eka decline venna puluvanda?,declined_transfer,declined_transfer,True
1739,mama mage card eken mokak hari ganna try karaddi eka decline venava.,declined_transfer,declined_card_payment,False
1740,"mata transfer ekak karanna bari vuna, decline vuna",declined_transfer,declined_transfer,True
1741,mama transfer ekak submit karaddi decline venava. mama damma information eka review karala.,declined_transfer,declined_transfer,True
1742,transfer eka decline vune ayi?,declined_transfer,declined_transfer,True
1743,mage transfer eka decline venna hetuva mokakda?,declined_transfer,declined_transfer,True
1744,mage transfer eka decline vuna.,declined_transfer,declined_transfer,True
1745,mage transfer eka decline vuna,declined_transfer,declined_transfer,True
1746,"mama mage salli move karanna try kala, et transfer eka decline vuna.",declined_transfer,declined_transfer,True
1747,mage transfer eka decline vune ayi kiyala danaganna one.,declined_transfer,declined_transfer,True
1748,"mama transfer ekak karanna try kala, et decline vuna. ayi kiyala kiyannada?",declined_transfer,declined_transfer,True
1749,mage transfer eka decline vune mona hetuvatada?,declined_transfer,declined_transfer,True
1750,"mage transfer eka decline vuna, eka go through viya yutuyi kiyala mama dannava.",declined_transfer,declined_transfer,True
1751,oyalage funds decline venna puluvan double check karanna,declined_transfer,declined_cash_withdrawal,False
1752,mata mage account eken salli transfer karanna baa.,declined_transfer,transfer_into_account,False
1753,"mage transfer eka decline venne ayi? mama hari details okkoma dala tiyenava check kala, et thama decline.",declined_transfer,declined_transfer,True
1754,iye online deyak ganna try kala et decline kiyala penuna. ada ayet try kala ekama de vuna. mokada kadila tiyenne?,declined_transfer,declined_transfer,True
1755,iye online deyak ganna try karama decline kiyala penuna. ada ayet try kalat ekama de vuna. mokada me kadila tiyenne?,declined_transfer,declined_transfer,True
1756,mage card eka online decline venava. account eke mokada kadila/varadila tiyenne kiyala kiyannada?,declined_transfer,card_not_working,False
1757,mage transfer eka decline venna restrictions tiyenavada?,declined_transfer,declined_transfer,True
1758,"iye mama eBay eken golf club ekak ganna try kala, et credit card eka decline vuna. kipa vatavakma try kala, ada udet ayet. mage card eka check karannada?",declined_transfer,declined_cash_withdrawal,False
1759,"mage transfer eka decline vuna kiyala mama hitanava, et ayi?",declined_transfer,declined_transfer,True
1760,refund eka mage account eke penne naa.,Refund_not_showing_up,Refund_not_showing_up,True
1761,mage statement eke mage refund eka naa.,Refund_not_showing_up,Refund_not_showing_up,True
1762,"mama refund ekak request kala, kavadavat labune naa. mama mokada karanne?",Refund_not_showing_up,Refund_not_showing_up,True
1763,mata purchase ekakata refund labenna one et mage account eke salli penne naa,Refund_not_showing_up,Refund_not_showing_up,True
1764,mage statement eke refund ekak naa,Refund_not_showing_up,Refund_not_showing_up,True
1765,"mata udav one. tika kalayakata kalin merchant kenekugen refund ekak illuva, et thama salli labune naa. mama account eka check karamin innava, mokut penne naa. dan mama mokada karanne?",Refund_not_showing_up,Refund_not_showing_up,True
1766,mama refund ekak balagena innava,Refund_not_showing_up,Refund_not_showing_up,True
1767,refund ekakata kochchara vela yanavada?,Refund_not_showing_up,Refund_not_showing_up,True
1768,"udav! mama account eka check karamin innava, et refund eka penne naa. tika kalayakata kalin seller kenekugen refund ekak illuva, et account eke salli naa. mata karanna puluvan mokakda?",Refund_not_showing_up,Refund_not_showing_up,True
1769,mage refund eka statement eke natte ayi kiyala kiyannada?,Refund_not_showing_up,Refund_not_showing_up,True
1770,"satiyakata kalin refund ekak illuva et thama mokut vune naa, udav karannada?",Refund_not_showing_up,Refund_not_showing_up,True
1771,mage refund eka statement eken natte ayi?,Refund_not_showing_up,Refund_not_showing_up,True
1772,thama refund ekak balagena innava.,Refund_not_showing_up,Refund_not_showing_up,True
1773,"mama refund ekak illuva, eka naa.",Refund_not_showing_up,Refund_not_showing_up,True
1774,"halo, oyala suggest karapu vidiyata, seller ta refund eka initiate karanna kivva, satiyak vuna, thama mage salli labune naa. plis advise karannako.",Refund_not_showing_up,Refund_not_showing_up,True
1775,"mama mokak hari gatta return kala, et e return eke salli mage account eke naa.",Refund_not_showing_up,top_up_reverted,False
1776,mage refund eka labenne kavadada kiyala oyalata adahasak tiyenavada? mage statement eka labuna et etana naha.,Refund_not_showing_up,Refund_not_showing_up,True
1777,meta refund ekak mage statement eke natte ayi?,Refund_not_showing_up,Refund_not_showing_up,True
1778,mage account eke refund eka balanne koheda,Refund_not_showing_up,Refund_not_showing_up,True
1779,"mata refund ekak labenna one vuna et mage balance eka venas vune naa, ayi?",Refund_not_showing_up,Refund_not_showing_up,True
1780,davas ganakata kalin merchant kenekugen refund ekak illuva et mage account eke eka naa.,Refund_not_showing_up,Refund_not_showing_up,True
1781,refund eka mage account eke penne naa,Refund_not_showing_up,Refund_not_showing_up,True
1782,mage refund eka go through vunada? eka statement eke naa.,Refund_not_showing_up,Refund_not_showing_up,True
1783,mage statement eke refund ekak process vuna kiyala penne naa,Refund_not_showing_up,Refund_not_showing_up,True
1784,mama store ekakin refund ekak illuva et labune naa.,Refund_not_showing_up,Refund_not_showing_up,True
1785,mata thama refund ekak mage account eke penne naa,Refund_not_showing_up,Refund_not_showing_up,True
1786,mata refund ekak naa.,Refund_not_showing_up,Refund_not_showing_up,True
1787,mage refund eka statement eke penne naa vage.,Refund_not_showing_up,Refund_not_showing_up,True
1788,mage statement eke refund ekak mama dakinne naa.,Refund_not_showing_up,Refund_not_showing_up,True
1789,meta refund ekak mage statement eke balaganna bari ayi?,Refund_not_showing_up,Refund_not_showing_up,True
1790,"mama oyala kalin kivva vidiyata seller ta kelinma contact kala refund ekakata, et mokut venne naa! satiyak vuna thama mata kisima deyak labune naa. plis mage salli apahu denna",Refund_not_showing_up,Refund_not_showing_up,True
1791,mage refund eka koheda? mama davas purama account eka check karamin innava.,Refund_not_showing_up,Refund_not_showing_up,True
1792,"satiyak vuna, mata kiyapu okkoma mama kala et thama mokut vune naa. seller ta contact kala, response ekak labune naa. plis mage frustration eka terumgena salli apahu account ekata dannako.",Refund_not_showing_up,Refund_not_showing_up,True
1793,mage refund eka naa,Refund_not_showing_up,Refund_not_showing_up,True
1794,mama karapu purchase ekakin return ekak account eke penne natte ayi?,Refund_not_showing_up,Refund_not_showing_up,True
1795,mama bank statements check karamin innava et seller kenekugen illapu refund ekak penne naa. seller gen refund eka labena bava confirm karanna puluvanda?,Refund_not_showing_up,Refund_not_showing_up,True
1796,"satiyak indala seller apahu response karanneko balagena innava, response ekak naa, mage salli apahu ganna tava udav karannada. stutiyi.",Refund_not_showing_up,reverted_card_payment?,False
1797,"seller kenekugen refund ekak labaganna mata udav one. thama statement eke penne naa, godak kalin illuve. ayi apahu labenne natte kiyala danne naa. me salli labaganna udav karannada?",Refund_not_showing_up,Refund_not_showing_up,True
1798,mage refund ekata kochchara vela yanavada,Refund_not_showing_up,Refund_not_showing_up,True
1799,mata refund ekak labenna one vuna et statement eke penne naa,Refund_not_showing_up,Refund_not_showing_up,True
1800,mage credit card eka decline vuna.,declined_card_payment,declined_card_payment,True
1801,iye mata evapu alut card eka restaurant ekedi dinner ekata pay karanna try karaddi kipa vatavakma decline vuna. mage yaluvage birthday dinner ekata pay karanna try karaddi card eka denied vuna nisa mama godak disappointed saha embarrassed.,declined_card_payment,declined_card_payment,True
1802,mage card payment eka decline vune ayi?,declined_card_payment,declined_card_payment,True
1803,ada store ekedi mokak hari ganna try karaddi mage card eka decline vuna. meka vune ayi?,declined_card_payment,declined_card_payment,True
1804,"mage payment eka decline vuna, mama hituve me issue eka fix vuna kiyala!",declined_card_payment,declined_card_payment,True
1805,shop ekakadi mage card eka decline vuna,declined_card_payment,declined_card_payment,True
1806,mage payment eka decline kale ayi?,declined_card_payment,declined_card_payment,True
1807,mage card eka decline vuna,declined_card_payment,declined_card_payment,True
1808,mage account eka balala mage card eka decline vune ayi kiyala balannada,declined_card_payment,declined_card_payment,True
1809,"ada mama mage alut card eken pay karanna balaporottuven giya, payment eka decline vuna gamanma. meka godak duk, mokada venne?",declined_card_payment,declined_card_payment,True
1810,mage card eke transakshan ekak decline vune ayi?,declined_card_payment,declined_card_payment,True
1811,mage alut card eka decline venava. ada mul vatavata eka pavichchi karanna godak excited vuna. meka venne ayi?,declined_card_payment,declined_card_payment,True
1812,"mage antima payment eka decline vuna, okkoma back to working order kiyala kivva. mokada vune?",declined_card_payment,declined_card_payment,True
1813,mage account eke enough funds tiyenava kiyala dannava et mage card payment eka vada kale naa. mama mokada karanne?,declined_card_payment,declined_card_payment,True
1814,card payment eka vada nokaranne ayi,declined_card_payment,declined_card_payment,True
1815,mama harima stuck vela. mokada kiyala danne naa et mage card payment eka go through vune naa.,declined_card_payment,declined_card_payment,True
1816,"mata decline vuna card payment ekak tiyenava, et ayi?",declined_card_payment,declined_card_payment,True
1817,mage card payment eka vada nokale ayi kiyala oyala dannavada?,declined_card_payment,declined_card_payment,True
1818,"mage payment account eke mokak hari varadila, eka decline vuna",declined_card_payment,declined_card_payment,True
1819,oyala mage payment eka decline karanne ayi? okkoma hari tibuna.,declined_card_payment,declined_card_payment,True
1820,mage payment eka vada nokale ayi kiyala danne naa.,declined_card_payment,declined_card_payment,True
1821,mage card payment eka vada kale naa.,declined_card_payment,declined_card_payment,True
1822,mage langa salli tiyeddi debit card eka decline venne ayi?,declined_card_payment,declined_card_payment,True
1823,mage card eka accept kale naa.,declined_card_payment,card_acceptance,False
1824,mage card payment eka vada nokale ayi kiyala mata kisima adahasak naa.,declined_card_payment,declined_card_payment,True
1825,"mage card payment eka vada kale naa, udav karannada?",declined_card_payment,declined_card_payment,True
1826,"store ekedi mage card eka rejected vuna, eka check karannada?",declined_card_payment,declined_card_payment,True
1827,mage card eka decline vune ayi kiyala pahadili karannako?,declined_card_payment,declined_card_payment,True
1828,"halo, mage alut card eke payments ayet ayet decline vena issue ekak tiyenava. plis mekata udav karannada.",declined_card_payment,declined_card_payment,True
1829,mage card payment eka decline vune ayi kiyala oyala dannavada?,declined_card_payment,declined_card_payment,True
1830,mage Payment eka decline vune ayi,declined_card_payment,declined_card_payment,True
1831,egollo mage card payment eka decline kala.,declined_card_payment,declined_card_payment,True
1832,mage card payment eka ayi decline vune?,declined_card_payment,declined_card_payment,True
1833,"antimata mata alut card eka labuna, ada eka pavichchi karanna godak excited vuna. et payment eka decline vuna. mokada venne?",declined_card_payment,declined_card_payment,True
1834,mage card payment eka complete vune naa.,declined_card_payment,declined_card_payment,True
1835,shop ekakadi mage card eka vada kale naa.,declined_card_payment,declined_card_payment,True
1836,card payment eka decline?,declined_card_payment,declined_card_payment,True
1837,"mama mage card eka pavichchi karanna try kala eka decline venava, ayi?",declined_card_payment,declined_card_payment,True
1838,mage card payment eka oyala fix karanne kohomada?,declined_card_payment,declined_card_payment,True
1839,"oyala mage payment eka decline karanne ayi? mama me card eken kipa vatavakma try kala, vada karanne naa",declined_card_payment,declined_card_payment,True
1840,"mama transfer kala, ayi eka pending",pending_transfer,pending_transfer,True
1841,money transfer ekak penna kochchara velavakda?,pending_transfer,pending_transfer,True
1842,mage transfer eka thama done novune ayi?,pending_transfer,failed_transfer,False
1843,mata pending transfer ekak tiyenava,pending_transfer,pending_transfer,True
1844,pending money transfer ekak process venakan mama balagena innava.,pending_transfer,pending_transfer,True
1845,mama transfer kala et thama pending,pending_transfer,pending_transfer,True
1846,"mata pending transfer ekak tiyenava, process venna kochchara vela yanavada kiyala danaganna one?",pending_transfer,pending_transfer,True
1847,etakota transfer eka antimata vada kala et dan godak kalayak pending. kochchara velavak balaporottu vennada? harima urgent.,pending_transfer,pending_transfer,True
1848,mama transfer ekak kala et thama pending.,pending_transfer,pending_transfer,True
1849,"mama transfer eka submit kala et godak velavak pending, mokada me taram vela yanne? complete novune ayi",pending_transfer,pending_transfer,True
1850,transfer ekak speed up karanne kohomada? mage eka pending.,pending_transfer,pending_transfer,True
1851,EU transfer ekakata kochchara vela yanavada?,pending_transfer,transfer_timing,False
1852,mage transfer eka thama pending vidiyata enava.,pending_transfer,pending_transfer,True
1853,"mama vena ratakata salli transfer karanna try karanava. eka pending, yavanne naa. mage account details hari. udav karannako.",pending_transfer,pending_transfer,True
1854,"mage transfer eka thama pending, account numbers hari kiyala dannava. udav karannako.",pending_transfer,pending_transfer,True
1855,"iye mama salli transfer kala, et thama available naa?",pending_transfer,transfer_not_received_by_recipient,False
1856,transfer ekak pending inne kochchara velavakda?,pending_transfer,pending_transfer,True
1857,transfer pending inne kochchara velavakatada?,pending_transfer,pending_transfer,True
1858,mage transfer eka thama go through vune natte ayi?,pending_transfer,failed_transfer,False
1859,transfer eka go through venne kavadada?,pending_transfer,pending_transfer,True
1860,transfers pending vidiyata penne ayi kiyala pahadili karannako?,pending_transfer,pending_transfer,True
1861,"mage account details hari kiyala double check kala, eka sthirayi. transfer eka godak kalayak pending. dan mokada karanne?",pending_transfer,pending_transfer,True
1862,mage transfer eka go through venne kavadada?,pending_transfer,failed_transfer,False
1863,transfer eka pending vidiyata pena hetuva mokakda?,pending_transfer,pending_transfer,True
1864,transfer eka complete venne kavadada?,pending_transfer,transfer_not_received_by_recipient,False
1865,Pending transfer ekak?,pending_transfer,pending_transfer,True
1866,"mage payment eka thama pending venne ayi kiyala danaganna one, udav karannada?",pending_transfer,pending_card_payment,False
1867,"kavuru hari mata salli transfer kala, eka penne naa",pending_transfer,balance_not_updated_after_bank_transfer,False
1868,transfer ekak confirm venna kochchara vela yanavada?,pending_transfer,pending_transfer,True
1869,mama paya 12kata kalin transfer ekak kala. ayi eka thama pending kiyala tiyenne?,pending_transfer,pending_transfer,True
1870,"mage transfer eka ""pending"" kiyala kiyanne ayi?",pending_transfer,pending_transfer,True
1871,transfer ekak pending innava kiyala balaporottu venne kochchara velavakda?,pending_transfer,pending_transfer,True
1872,mage transfer eka kochchara kalayak pending vevida?,pending_transfer,pending_transfer,True
1873,2018 eke venat ratakata salli transfer karanna me taram vela yanna baa. mage transfer eka godak kalayak pending. account details hari kiyala verify kala.,pending_transfer,pending_transfer,True
1874,money transfer ekak nopennenne ayi?,pending_transfer,pending_transfer,True
1875,"transfer eka pending kiyala penava, payment eka ada due. mata fee ekak charge karayida?",pending_transfer,pending_transfer,True
1876,mama thama money transfer ekak pennakan balagena innava,pending_transfer,pending_transfer,True
1877,mage transfer eka thama go through vune naa.,pending_transfer,failed_transfer,False
1878,mage transfer eka thama pending venna puluvan ayi kiyala mata confused.,pending_transfer,pending_transfer,True
1879,money transfer ekak penna kochchara vela yanavada?,pending_transfer,pending_transfer,True
1880,plis mage account eka remove karanna puluvanda?,terminate_account,terminate_account,True
1881,"mata account ekak close karaganna one et anagataye alut ekak set karana eka gana sthira naa, oyala recommend karanne mokakda",terminate_account,terminate_account,True
1882,mage account eka delete karanna one.,terminate_account,terminate_account,True
1883,plis mage account eka delete karanna one.,terminate_account,terminate_account,True
1884,mage account eka close karanna mama mona steps ganna oneda?,terminate_account,terminate_account,True
1885,mata tibuna problam okkoma nisa mama kammaliyi. mata me account eken yanna one!,terminate_account,wrong_amount_of_cash_received,False
1886,plis mage account eka danma delete karanna!,terminate_account,terminate_account,True
1887,mata mage account eka close karaganna one,terminate_account,terminate_account,True
1888,"oyala gana happy naa, account eka delete karanne kohomada",terminate_account,terminate_account,True
1889,mata mage account eka delete karaganna one.,terminate_account,terminate_account,True
1890,"mama me company eka gana godak unsatisfied, mage account eka delete karaganna one!",terminate_account,terminate_account,True
1891,mata oyalage company eka gana asa naa. mage account eka delete karanna.,terminate_account,terminate_account,True
1892,mata mage account eka close karaganna one.,terminate_account,terminate_account,True
1893,me company eka narakayi! mage account eka delete karanna puluvanda?,terminate_account,terminate_account,True
1894,"me company eka narakayi, plis mage account eka delete karanna.",terminate_account,terminate_account,True
1895,"plis mage account eka delete karanna, oyalage services hari naa.",terminate_account,terminate_account,True
1896,mage account eka delete karanna mata oyalage udav one.,terminate_account,terminate_account,True
1897,"me company eke service eka narakayi, mage account eka terminate karaganna one.",terminate_account,terminate_account,True
1898,me account eka delete karanna!,terminate_account,terminate_account,True
1899,mage account eka ASAP ivat karaganne kohomada?,terminate_account,terminate_account,True
1900,"me company eka honda naa, mage account eka delete karaganna one.",terminate_account,terminate_account,True
1901,plis mage account eka delete karanna puluvanda?,terminate_account,terminate_account,True
1902,"mama oyalage company eka gana satisfied naa, mage accounts delete karaganna one!",terminate_account,terminate_account,True
1903,plis mage account eka delete karanna. mama oyalage company eke service eka gana happy naa.,terminate_account,terminate_account,True
1904,plis mage account eka terminate karanna.,terminate_account,terminate_account,True
1905,"mama me company eka gana kammaliyi, account eka close karaganna one.",terminate_account,terminate_account,True
1906,plis mage account eka close karanna. mama oyalage service eka gana unsatisfied.,terminate_account,terminate_account,True
1907,plis mage account eka delete karanna.,terminate_account,terminate_account,True
1908,"oyalage service eka narakayi. mage account eka delete karanna,",terminate_account,terminate_account,True
1909,mata mage account eka delete karaganna one!,terminate_account,terminate_account,True
1910,"mama me app eka gana godak unhappy, mage account eken yanna one?",terminate_account,terminate_account,True
1911,mage account eka delete karanne kohomada?,terminate_account,terminate_account,True
1912,me company eka narakama narakayi! mage account eka delete karaganna puluvanda?,terminate_account,terminate_account,True
1913,mata mage account eka close karaganna one. oyala dena service eka mata asa naa.,terminate_account,terminate_account,True
1914,mage account eken yanna mata udav karannada?,terminate_account,terminate_account,True
1915,"oyalage services mata prayojanavat naa, mage account eka delete karanne kohomada?",terminate_account,terminate_account,True
1916,"plis mage account eka delete karanna, me company eka mata vada karanne naa!",terminate_account,terminate_account,True
1917,mata mage account eka delete karaganna one. oyala dena service eka gana mama unhappy.,terminate_account,terminate_account,True
1918,mage account eka close karanne kohomada kiyala kiyannada?,terminate_account,terminate_account,True
1919,me company eka narakayi! mage account eka terminate karanna puluvanda?,terminate_account,terminate_account,True
1920,"ATM eka mage card eka ""steal"" kalot mama mokada karanne?",card_swallowed,card_swallowed,True
1921,mage card eka machine eken retrieve karaganne kohomada?,card_swallowed,card_swallowed,True
1922,"mama salli gannava hitiya, mage card eka remove vune naa.",card_swallowed,card_arrival,False
1923,machine eka mage card eka swallow kala nisa mama mokada karanne. mata ekak one.,card_swallowed,card_swallowed,True
1924,ATM eka adagattata passe mage card eka apahu ganne kohomada?,card_swallowed,card_swallowed,True
1925,Atm eka mage card eka gatta,card_swallowed,card_swallowed,True
1926,mage ATM card eka machine eken apahu ganna vidiyak tiyenavada?,card_swallowed,card_swallowed,True
1927,atm eka mage card eka keva kiyala mama hitanava.,card_swallowed,card_swallowed,True
1928,ATM eka mata card eka apahu dunne naa!,card_swallowed,card_swallowed,True
1929,mage card eka ATM eken apahu ganne kohomada?,card_swallowed,card_swallowed,True
1930,atm eka mage card eka apahu denne naa!,card_swallowed,card_swallowed,True
1931,mage card eka apahu ganne kohomada?,card_swallowed,card_swallowed,True
1932,ATM machine eka mage card eka steal kala.,card_swallowed,card_swallowed,True
1933,High St. Kensington eke Metro bank ATM eka mage card eka swallow kala. eka apahu ganne kohomada?,card_swallowed,card_swallowed,True
1934,"mage ATM eka stuck vuna, mama mokada karannada kiyala danne naa.",card_swallowed,card_swallowed,True
1935,ATM eka mage card eka keva.,card_swallowed,card_swallowed,True
1936,ATM eka mage card eka apahu denne naa.,card_swallowed,card_swallowed,True
1937,mage card eka ATM eken confiscate kala. eka apahu ganne kohomada?,card_swallowed,card_swallowed,True
1938,ATM eka mage card eka kevot mama mokada karanne?,card_swallowed,card_swallowed,True
1939,ATM eke thama mage card eka tiyenava,card_swallowed,card_swallowed,True
1940,ATM ekak mage card eka kevot mama mokada karanne?,card_swallowed,card_swallowed,True
1941,ATM eka mage card eka apahu nodunnot mokada venne?,card_swallowed,card_swallowed,True
1942,mata ATM eken card eka adaganna baa. udav karanna.,card_swallowed,declined_cash_withdrawal,False
1943,mata problamayak tiyenava! ATM eka mage card eka steal kala!,card_swallowed,card_swallowed,True
1944,ATM ekak mage card eka swallow karanne ayi?,card_swallowed,card_swallowed,True
1945,ATM eka mage card eka aragatta.,card_swallowed,card_swallowed,True
1946,udav! atm eka mata card eka apahu denne naa.,card_swallowed,card_swallowed,True
1947,moda machine eka mage card eka swallow kala!! mata ASAP alut ekak one,card_swallowed,card_swallowed,True
1948,ATM ekakin stuck vuna card ekak retrieve karanne kohomada?,card_swallowed,card_swallowed,True
1949,"mage card eka ATM eke stuck vela, mama mokada karanne?",card_swallowed,card_swallowed,True
1950,"mama cash gannava hitiya, mage card eka apahu ganna bari vuna.",card_swallowed,card_swallowed,True
1951,"mage card eka ATM eke trapped vela nam, mama mokada karanne?",card_swallowed,card_swallowed,True
1952,mage card eka ATM eken swallow vuna,card_swallowed,card_swallowed,True
1953,"mama funds gannava hitiya, mage card eka apahu ganna bari vuna.",card_swallowed,card_swallowed,True
1954,stuck vuna mage atm ekata mama mokada karanne?,card_swallowed,card_swallowed,True
1955,High St. Kensington eke Metro bank ATM eka mage card eka return kale naa. bank eka close vela dan mama mokada karanne?,card_swallowed,card_swallowed,True
1956,ATM eka mage card eka apahu denne naa,card_swallowed,card_swallowed,True
1957,mama ATM ekaka indagena eka mage card eka swallow kala.,card_swallowed,card_swallowed,True
1958,"WTF??? mama High St. Kensington eke Metro bank ekakin salli withdraw karanna try kala, notice ekak natuva machine eke disappear vuna. bank eka danatamat close vela tibuna nisa mata mokut karanna bari vuna. eka apahu ganne kohomada?",card_swallowed,declined_cash_withdrawal,False
1959,mage card eka ATM eke stuck vunot mokada venne?,card_swallowed,card_swallowed,True
1960,"payment ekakata mata deparak charge kala, eka fix karanne kohomada?",transaction_charged_twice,transaction_charged_twice,True
1961,"mama USA eke saha Canada eke eating holiday ekakin apahu ava, mage account eke pending saha duplicated transactions godak tiyenava. mokak hari varadila kiyala mama hitanava, check karannada?",transaction_charged_twice,transaction_charged_twice,True
1962,restaurant ekakata mata deparak charge karanne ayi?,transaction_charged_twice,transaction_charged_twice,True
1963,mama gatta ekakata deparak charge kale ayi kiyala danaganna one.,transaction_charged_twice,transaction_charged_twice,True
1964,mama meka deparak gatte naa,transaction_charged_twice,transaction_charged_twice,True
1965,ekama deyakata mata deparak charge kale ayi?,transaction_charged_twice,transaction_charged_twice,True
1966,"mage card eke ekakata vada charge ekak tiyenne ayi, mama gevve ekakata vitarayi deparakata neveyi, meka fix karanne kohomada?",transaction_charged_twice,transaction_charged_twice,True
1967,app eke duplicate payment ekak penava. deparakata charge vena eka navattanne kohomada?,transaction_charged_twice,transaction_charged_twice,True
1968,ekama transakshan ekata ekakata vada charge venne ayi?,transaction_charged_twice,transaction_charged_twice,True
1969,ekama item ekakata davas 7k atulata ekakata vada charges dekak labenne kohomada kiyala mama hituva. meka ASAP fix karaganna puluvanda.,transaction_charged_twice,transaction_charged_twice,True
1970,mata deparak charge kalada kiyala check karannada?,transaction_charged_twice,transaction_charged_twice,True
1971,mata deparak charge karala,transaction_charged_twice,transaction_charged_twice,True
1972,pasugiya satiye mama gatta items kipayakata mata double charge karala tiyenava. review karala correct karannada.,transaction_charged_twice,transaction_charged_twice,True
1973,me satiye deval kipayakata double charge kala vage penava. eka check karala double charged items mage card ekata apahu denna puluvanda?,transaction_charged_twice,transaction_charged_twice,True
1974,mage transactions baluvama me satiye restaurant visit ekakata deparak charge karala dakka. evayin ekak remove karala anavashya salli apahu denna puluvanda?,transaction_charged_twice,transaction_charged_twice,True
1975,charge ekak deparak penna mokak hari vela ati kiyala mama hitanava.,transaction_charged_twice,transaction_charged_twice,True
1976,transakshan ekak kipa vatavak penne ayi?,transaction_charged_twice,transaction_charged_twice,True
1977,account eke duplicate charges vage mama dakinava.,transaction_charged_twice,transaction_charged_twice,True
1978,ekama deyakata mata kipa vatavakma charge karala tiyenne ayi?,transaction_charged_twice,transaction_charged_twice,True
1979,mata duplicate card ekak tibuna deparak charge kala. meka resolve karanne kohomada?,transaction_charged_twice,transaction_charged_twice,True
1980,halo. mama mage transactions check kala restaurant visit ekakata card eken double charge vela dakka. mage salli apahu labaganna one.,transaction_charged_twice,transaction_charged_twice,True
1981,mata deparak charge karanne ayi?,transaction_charged_twice,transaction_charged_twice,True
1982,mage card eke transactions harima vichitrayi. me satiye deval kipayakata double charge vela! plis meka check karala double charged eva apahu dennada.,transaction_charged_twice,transaction_charged_twice,True
1983,"mage card eke payments check karannada. duplicate ekak tiyenava, mama ekak vitarayi gatte.",transaction_charged_twice,transaction_charged_twice,True
1984,"me satiye ekakata vada, ekama transakshan ekakata ekakata vada charge karala. issue eka correct karala duplicate charges refund karannada.",transaction_charged_twice,transaction_charged_twice,True
1985,transakshan ekak mage account eke kipa vatavak repeat venava.,transaction_charged_twice,transaction_charged_twice,True
1986,ekama transakshan ekakata ekakata vada charge karala,transaction_charged_twice,transaction_charged_twice,True
1987,ekama transakshan ekakata mage card ekata venama velaval dekakata charge karala.,transaction_charged_twice,transaction_charged_twice,True
1988,payment ekak deparak pena eka pahadili karannada?,transaction_charged_twice,transaction_charged_twice,True
1989,ekama transakshan ekakata mata deparak charge kale ayi?,transaction_charged_twice,transaction_charged_twice,True
1990,ekama transakshan ekakata mata kipa vatavakma charge karala tiyenava.,transaction_charged_twice,transaction_charged_twice,True
1991,mata deparak charge kala,transaction_charged_twice,transaction_charged_twice,True
1992,ekama transakshan ekakata mata charges kipayak tiyenava.,transaction_charged_twice,transaction_charged_twice,True
1993,"mage card payment eka duplicate vuna vage. mama kalin store eke pay karanna giya, ekapara decline vuna, deveni para vada kala. app eke eka payment ekak thama pending. evayin ekak remove karannada mokada eka varadiyi, decline vunama pahadiliyi?",transaction_charged_twice,transaction_charged_twice,True
1994,mata transakshan ekak kipa vatavak penava,transaction_charged_twice,transaction_charged_twice,True
1995,"mama me satiye restaurant ekakin deparak charge vuna, evayin ekak account eken remove karaganna one.",transaction_charged_twice,transaction_charged_twice,True
1996,mage account eke ekama transakshan ekakata vada tiyenava.,transaction_charged_twice,transaction_charged_twice,True
1997,duplicate payment ekak penava,transaction_charged_twice,transaction_charged_twice,True
1998,"mama payment ekak kala, eka ekakata venuvata deparak charge vuna.",transaction_charged_twice,transaction_charged_twice,True
1999,ekama expense ekakata deparak charge kala kiyala hitunot mage remedies monavada?,transaction_charged_twice,transaction_charged_twice,True
2000,mage funds vala source eka verify karanna puluvanda?,verify_source_of_funds,verify_source_of_funds,True
2001,mage funds vala source eka gana information one.,verify_source_of_funds,verify_source_of_funds,True
2002,mage funds source venne kohenda?,verify_source_of_funds,verify_source_of_funds,True
2003,mage salli vala source eka verify karaganna one,verify_source_of_funds,verify_source_of_funds,True
2004,funds enne kohenda,verify_source_of_funds,verify_source_of_funds,True
2005,mage funds vala source eka mokakda.,verify_source_of_funds,verify_source_of_funds,True
2006,mage funds source eka verify karaganna one,verify_source_of_funds,verify_source_of_funds,True
2007,mage salli vala source eka balaganna one.,verify_source_of_funds,verify_source_of_funds,True
2008,mage Source of Funds gana me taram information oyalata one ayi?,verify_source_of_funds,verify_source_of_funds,True
2009,funds source eka check karanne kohomada?,verify_source_of_funds,verify_source_of_funds,True
2010,mage funds ave kohenda kiyala kiyanne kohomada?,verify_source_of_funds,verify_source_of_funds,True
2011,mage available funds vala source eka mokakda?,verify_source_of_funds,verify_source_of_funds,True
2012,mage funds vala origination eka hoyaganna puluvanda?,verify_source_of_funds,verify_source_of_funds,True
2013,mage funds source eka verify karanna one.,verify_source_of_funds,verify_source_of_funds,True
2014,mage Source of Funds verify karanna oyalata one information mokakda?,verify_source_of_funds,verify_source_of_funds,True
2015,mage funds source eka verify karanna one. meka karanne kohomada?,verify_source_of_funds,verify_source_of_funds,True
2016,mage funds verify karaganna one.,verify_source_of_funds,verify_source_of_funds,True
2017,funds ave kohenda kiyala check karanna mata udav karanna.,verify_source_of_funds,verify_source_of_funds,True
2018,funds enne kohenda kiyala danaganna one.,verify_source_of_funds,verify_source_of_funds,True
2019,mage salli vala source eka mokakda?,verify_source_of_funds,verify_source_of_funds,True
2020,mage available money vala source eka hoyaganne koheda?,verify_source_of_funds,verify_source_of_funds,True
2021,funds ave kohenda kiyala lookup karanne kohomada?,verify_source_of_funds,verify_source_of_funds,True
2022,mage funds vala history ekayi eva apu tanayi balanna puluvanda?,verify_source_of_funds,verify_source_of_funds,True
2023,mage funds vala source eka verify karanna one,verify_source_of_funds,verify_source_of_funds,True
2024,mage available funds vala source eka balanne kohomada?,verify_source_of_funds,verify_source_of_funds,True
2025,mage salli enne ayi?,verify_source_of_funds,verify_source_of_funds,True
2026,mage funds vala source eka validate karaganna one.,verify_source_of_funds,verify_source_of_funds,True
2027,mage funds ave kohenda? mata danaganna one.,verify_source_of_funds,verify_source_of_funds,True
2028,mage available money ave kohenda?,verify_source_of_funds,verify_source_of_funds,True
2029,mage salli enne kohenda kiyala oyalata danaganna one ayi?,verify_source_of_funds,verify_source_of_funds,True
2030,mage salli enne kohenda kiyala balanne kohomada?,verify_source_of_funds,verify_source_of_funds,True
2031,mage funds vala source eka check karanne kohomada?,verify_source_of_funds,verify_source_of_funds,True
2032,mage salli vala source eka balanne koheda?,verify_source_of_funds,verify_source_of_funds,True
2033,"mage funds vala source eka mokakda, verify karanna one",verify_source_of_funds,verify_source_of_funds,True
2034,mage funds enne kohenda?,verify_source_of_funds,verify_source_of_funds,True
2035,mage fund eke source eka check karanne kohomada?,verify_source_of_funds,verify_source_of_funds,True
2036,mage funds source eka balanne kohomada?,verify_source_of_funds,verify_source_of_funds,True
2037,mage funds enne kohenda kiyala danaganne kohomada?,verify_source_of_funds,verify_source_of_funds,True
2038,me salli okkoma enne kohenda?,verify_source_of_funds,verify_source_of_funds,True
2039,mage funds vala source eka verify karanna mama mokada karanna one?,verify_source_of_funds,verify_source_of_funds,True
2040,videsha transfer ekakata mama balagena inna one davas gana kiyada?,transfer_timing,pending_transfer,False
2041,US eken transfer ekakata wait time eka mokakda?,transfer_timing,transfer_timing,True
2042,China eken fast transfer ekak one? kochchara fast da venne?,transfer_timing,transfer_timing,True
2043,transfer eka mage account eke penne kochchara ikmanatada?,transfer_timing,transfer_timing,True
2044,funds account eke enna davas kiyak yanavada?,transfer_timing,transfer_timing,True
2045,mage transfer eka go through venna kochchara vela yanavada?,transfer_timing,transfer_timing,True
2046,videshayen transfers valata vadi velavak yanavada?,transfer_timing,transfer_timing,True
2047,mata transfer ekak karanna puluvan vegavatma vidiya mokakda?,transfer_timing,top_up_by_bank_transfer_charge,False
2048,transfers mage balance eke reflect venna kochchara vela yanavada,transfer_timing,balance_not_updated_after_bank_transfer,False
2049,"mama videshayen Bank transfer eka patan gattot, process eka complete venna kochchara vela yanavada?",transfer_timing,transfer_not_received_by_recipient,False
2050,salli mage account eke enna kochchara vela yanavada?,transfer_timing,transfer_timing,True
2051,transfer ekak mage account ekata labenne kavadada?,transfer_timing,transfer_timing,True
2052,mage transfer eka account ekata labenava kiyala balaporottu venne kavadada?,transfer_timing,transfer_timing,True
2053,mage transfer eka ekaparatama account eke peyida?,transfer_timing,transfer_timing,True
2054,"mata China eken ikman transfer ekak karanna one nam, transfer ekata kochchara velavak yanava kiyala balaporottu vennada?",transfer_timing,transfer_timing,True
2055,salli mage account ekata transfer venne kavadada,transfer_timing,transfer_timing,True
2056,transfer ekak account ekata labenna mama kochchara vela balagena inna oneda?,transfer_timing,transfer_timing,True
2057,funds US eka haraha mage account ekata enna kochchara vela yanavada?,transfer_timing,transfer_timing,True
2058,mage videsha transfer eke wait eka kochchara da?,transfer_timing,transfer_timing,True
2059,US eken transfer ekakata davas kiyak yanavada?,transfer_timing,transfer_timing,True
2060,US eken transfer ekakata mama kochchara vela balagena inna oneda?,transfer_timing,transfer_timing,True
2061,US transfer ekakata wait eka kochchara da?,transfer_timing,transfer_timing,True
2062,salli account eke enna davas kiyak yanavada?,transfer_timing,transfer_timing,True
2063,transfer ekakata kochchara vela yanavada?,transfer_timing,transfer_timing,True
2064,US eken transfer ekakata time frame eka mokakda?,transfer_timing,transfer_timing,True
2065,US transfer ekak labenne kavadada,transfer_timing,transfer_timing,True
2066,China eken urgent transfer ekakata approximately kochchara vela yanavada?,transfer_timing,transfer_timing,True
2067,"mama videshayen Bank transfer ekak initiate kala, mekata kochchara vela yanavada?",transfer_timing,balance_not_updated_after_bank_transfer,False
2068,videshayen transfers process karanna kochchara vela yanavada?,transfer_timing,transfer_timing,True
2069,eka bank ekakin tava bank ekakata funds transfer ekakata kochchara vela yanavada?,transfer_timing,balance_not_updated_after_bank_transfer,False
2070,mama urgent va China ekata deyak transfer kalot approximate delivery date eka mokakda?,transfer_timing,transfer_timing,True
2071,mata China ekata deyak puluvan taram ikmanata transfer karanna one. China ekata enna kochchara vela yanavada?,transfer_timing,transfer_timing,True
2072,transfer ekak account ekata labenna kochchara vela balagena inna ona veyida?,transfer_timing,transfer_timing,True
2073,mage funds account eke penna kochchara vela yanavada?,transfer_timing,transfer_timing,True
2074,transfer ekak yavapu velave indan mage account ekata labenakan kochchara vela yanavada?,transfer_timing,transfer_timing,True
2075,transfer eka mage account ekata labenna kochchara vela yanavada?,transfer_timing,transfer_timing,True
2076,mage transfer eka videshayen nam kochchara vela yanavada?,transfer_timing,transfer_timing,True
2077,China eken transfer karanna one vadagat deyak tiyenava. mekata approximately kochchara vela yanavada?,transfer_timing,transfer_timing,True
2078,China eken transfer ekakata kochchara vela yanavada?,transfer_timing,transfer_timing,True
2079,salli mage account eke available venne kavadada?,transfer_timing,transfer_timing,True
2080,mage card payment eka stop karala ati kiyala mama hitanava,reverted_card_payment?,declined_card_payment,False
2081,mage card payment eka revert vuna. ayi?,reverted_card_payment?,reverted_card_payment?,True
2082,app eka mage payment eka revert kala,reverted_card_payment?,reverted_card_payment?,True
2083,mage card payment eka cancel vuna.,reverted_card_payment?,reverted_card_payment?,True
2084,mage payment eka cancel vune ayi?,reverted_card_payment?,reverted_card_payment?,True
2085,mama payment ekak kala et app eka payment eka revert kala.,reverted_card_payment?,reverted_card_payment?,True
2086,mage payment eka app eken revert vuna,reverted_card_payment?,reverted_card_payment?,True
2087,"halo, mage purchase ekata salli go through vuna et seller gen contact vuna egollanta labune naa kiyala. passe salli mage account ekata apahu ava, ayi vune kiyala danne naa. meka resolve karannada.",reverted_card_payment?,reverted_card_payment?,True
2088,mage card payment eka revert vena circumstances monavada kiyala pahadili karannako?,reverted_card_payment?,reverted_card_payment?,True
2089,mage card payment eka cancel vune ayi?,reverted_card_payment?,reverted_card_payment?,True
2090,mage card payment eka cancel vuna kiyala kivvot mama mokada karanne?,reverted_card_payment?,reverted_card_payment?,True
2091,sati 2kata kalin labuna item ekakata payment ekak refund vela tiyenne ayi kiyala danne naa. mokada venne kiyala kiyannada?,reverted_card_payment?,reverted_card_payment?,True
2092,purchase ekakata mage card eka decline venava. kalin items gatta card eka vada kala. problam eka mokakda kiyala oyala dannavada?,reverted_card_payment?,declined_card_payment,False
2093,mage card payment eka revert vune ayi kiyala kiyannada.,reverted_card_payment?,reverted_card_payment?,True
2094,approved payment ekak karanna app eka refuse kale ayi,reverted_card_payment?,declined_card_payment,False
2095,mage card payment eka revert vune ayi kiyala oyala dannavada?,reverted_card_payment?,reverted_card_payment?,True
2096,purchase ekakata mage credit card eka payment ekak cancel kala.,reverted_card_payment?,reverted_card_payment?,True
2097,mage payment eka reverse vune ayi?,reverted_card_payment?,reverted_card_payment?,True
2098,cancelled kiyala list vechcha payment ekak tiyenava.,reverted_card_payment?,card_payment_not_recognised,False
2099,mage card payment eka return vela ati kiyala mama hitanava,reverted_card_payment?,reverted_card_payment?,True
2100,"seller kenek contact vuna mage salli labune naa kiyala message ekak ekka. mama 100% sthirayi eka mage account eken gatta kiyala, e nisa mata meka ikmanata sort karanna one.",reverted_card_payment?,reverted_card_payment?,True
2101,merchant kenek payment eka refuse kalot funds valata mokada venne,reverted_card_payment?,reverted_card_payment?,True
2102,"mama online purchase ekak karanna try karanava, et mage card eka vada karanne naa. available funds tiyenava kiyala dannava, meka bank end eke issue ekakda?",reverted_card_payment?,failed_transfer,False
2103,mage card payment eka ayi cancel vune?,reverted_card_payment?,reverted_card_payment?,True
2104,mage card payment eka revert vune ayi?,reverted_card_payment?,reverted_card_payment?,True
2105,"issue ekak tiyenna one, mage card eka cancel vune ayi?",reverted_card_payment?,getting_spare_card,False
2106,"mama mokak hari gatta, salli apahu account ekata ava? ayi?",reverted_card_payment?,reverted_card_payment?,True
2107,mage account eke card payment eka cancelled kiyala tiyenava.,reverted_card_payment?,reverted_card_payment?,True
2108,"mage card payment eka cancel vune ayi kiyala danne naa, eka hoyagannada?",reverted_card_payment?,reverted_card_payment?,True
2109,mage card payment eka cancel venna hetuva mokakda?,reverted_card_payment?,reverted_card_payment?,True
2110,"halo, inquiry ekakata claim ekak file karaganna one. mama me company eke nitara customer kenek, purchases, payments, kisi ekakavat problamayak vune naa. et sati kipayakata kalin gatta item ekakata deduct karapu gana mage checking account ekata apahu ava. mage payment ekata issue ekak tibunada? item eka danatamat labila tiyenava.",reverted_card_payment?,reverted_card_payment?,True
2111,mage card payment eka ayi revert vune?,reverted_card_payment?,reverted_card_payment?,True
2112,app eka payment ekak revert karanne ayi?,reverted_card_payment?,reverted_card_payment?,True
2113,mama payment ekak kala et app eka eka revert kala,reverted_card_payment?,reverted_card_payment?,True
2114,merchant kenek payment ekak accept nokalot mokada venne?,reverted_card_payment?,reverted_card_payment?,True
2115,mage card ekata cancel vuna payment ekak tibuna.,reverted_card_payment?,reverted_card_payment?,True
2116,item ekakata pay karanna mage transakshan eka account ekata apahu ava.,reverted_card_payment?,reverted_card_payment?,True
2117,kavuru hari mage payment eka navattuva,reverted_card_payment?,compromised_card,False
2118,mage card payment eka cancel vunot mama mokada karanna one?,reverted_card_payment?,reverted_card_payment?,True
2119,payment eka return vune ayi?,reverted_card_payment?,reverted_card_payment?,True
2120,mona cash machines valinda mage PIN eka venas karaganna puluvan?,change_pin,change_pin,True
2121,mage PIN eka venas karanne koheda?,change_pin,get_physical_card,False
2122,mage PIN eka venas karanna puluvan tana bank eka vitarada?,change_pin,get_physical_card,False
2123,"mama videshaye innava nam, mage pin eka venas karanne kohomada?",change_pin,get_physical_card,False
2124,ATM ekedi mage PIN eka venas karaganna puluvanda?,change_pin,change_pin,True
2125,mage PIN eka venas karaganne kohomada?,change_pin,get_physical_card,False
2126,mata mage PIN eka venas karaganna one et mama dan rata atule naa.,change_pin,get_physical_card,False
2127,mage card PIN eka venas karaganna one.,change_pin,get_physical_card,False
2128,mata alut PIN ekak set karaganna one,change_pin,change_pin,True
2129,"mata PIN eka ikmanata venas karaganna one, et mama dan videshaye vacation eke inne. meka karanne kohomada?",change_pin,get_physical_card,False
2130,"mata alut Pin ekak one, eka karanne kohomada?",change_pin,get_physical_card,False
2131,mage PIN eka venas karaganna langin location ekak tiyenavada?,change_pin,get_physical_card,False
2132,mona ATM ekenda mage pin eka venas karaganna puluvan?,change_pin,change_pin,True
2133,mata alut PIN ekak toraganna one.,change_pin,change_pin,True
2134,alut pin ekak set karanne kohomada?,change_pin,change_pin,True
2135,mage PIN eka alut number ekakata update karanne kohomada?,change_pin,get_physical_card,False
2136,mage pin eka venas karanne kohomada?,change_pin,get_physical_card,False
2137,mage alut pin eka set karanna one.,change_pin,change_pin,True
2138,mata venas PIN ekak toraganna one.,change_pin,change_pin,True
2139,mata mage pin eka venas karaganna one.,change_pin,change_pin,True
2140,onama cash machines ekakin mage PIN eka venas karaganna puluvanda?,change_pin,change_pin,True
2141,mama tava sati 2k travel karanava et mage PIN eka ASAP venas karaganna attatama one. mama mokada karanne?,change_pin,change_pin,True
2142,mage PIN eka venas karaganna one. cash machine ekakadi eka karanna puluvanda?,change_pin,change_pin,True
2143,cash machines mage pin eka venas karaganna ida denavada?,change_pin,change_pin,True
2144,mage PIN eka venas karanne kohomada?,change_pin,get_physical_card,False
2145,mata mage PIN eka venas karaganna one.,change_pin,change_pin,True
2146,mata venas card pin ekak labaganna puluvanda,change_pin,get_physical_card,False
2147,mage PIN eka venas karanna mama mokada karanna one?,change_pin,pin_blocked,False
2148,alut PIN ekak set karaganna mata udav karannada?,change_pin,change_pin,True
2149,mage PIN eka venas karaganna ida dena cash machines monavada?,change_pin,change_pin,True
2150,"mama dan Austria eke inne. mage PIN eka ASAP venas karaganna one, etakota mata metanin tavama eka karanna puluvanda?",change_pin,change_pin,True
2151,mage PIN eka venas karanna instructions hoyaganne koheda?,change_pin,get_physical_card,False
2152,mage pin eka venas karaganna one et mama road eke inne.,change_pin,change_pin,True
2153,mage account eke PIN eka update karanne kohomada?,change_pin,get_physical_card,False
2154,mata alut PIN ekak one.,change_pin,change_pin,True
2155,mage pin eka venas karanne kohomada kiyala pennannada?,change_pin,get_physical_card,False
2156,mage pin eka venas karaganna ida dena cash machines monavada kiyala kiyannako.,change_pin,change_pin,True
2157,mage card PIN eka venas karanna mama mona steps ganna oneda?,change_pin,get_physical_card,False
2158,mage card eke PIN eka venas karanne kohomada?,change_pin,get_physical_card,False
2159,PIN eka venas karanne kohomada? attatama bank ekakata yanna oneda?,change_pin,get_physical_card,False
2160,mama funds transfer ekak submit karanna kipa vatavakma try kala. eka go through venne natte ayi?,beneficiary_not_allowed,failed_transfer,False
2161,"mama kalin problamayak natuva salli transfer kala, et dan eka possible naa kiyala error ekak enava. ayi eka?",beneficiary_not_allowed,beneficiary_not_allowed,True
2162,mata account ekakata transfer ekak karanna baa,beneficiary_not_allowed,beneficiary_not_allowed,True
2163,mata venat account ekakata transfer ekak karanna bari vuna.,beneficiary_not_allowed,beneficiary_not_allowed,True
2164,mage transfer ekak block vuna,beneficiary_not_allowed,pin_blocked,False
2165,"me exchange ekata udav karannada? mama crypto ganna try karanava, app eka ida denne naa.",beneficiary_not_allowed,beneficiary_not_allowed,True
2166,account ekakata successful va transfer ekak karanne kohomada?,beneficiary_not_allowed,transfer_into_account,False
2167,mage transfer eka possible naa kiyala message ekak labune ayi? mama meka kalin problamayak natuva kala. plis fix karannako.,beneficiary_not_allowed,beneficiary_not_allowed,True
2168,"heyi mata crypto tikak ganna one et app eken ida denne naa! issue eka mokakda, mata attatama meka exchange karanna one",beneficiary_not_allowed,beneficiary_not_allowed,True
2169,"mama salli transfer karanna try kala et possible naa kiyala kivva? mama meka kalin kala vada kala, dan vada nokaranne ayi?",beneficiary_not_allowed,beneficiary_not_allowed,True
2170,beneficiary kenekuta transfer karanna bari ayi?,beneficiary_not_allowed,beneficiary_not_allowed,True
2171,beneficiary kenekuta transfer karanna mata problam tiyenava.,beneficiary_not_allowed,beneficiary_not_allowed,True
2172,oyalage app eke cryptocurrency nati eke deal eka mokakda?,beneficiary_not_allowed,cash_withdrawal_not_recognised,False
2173,mage transfer eka go through novenne ayi? mata error message ekak hamavelema enava.,beneficiary_not_allowed,beneficiary_not_allowed,True
2174,beneficiary kenekuta transfer karanna rules monavada?,beneficiary_not_allowed,beneficiary_not_allowed,True
2175,beneficiary kenekuta salli transfer karanna puluvanda?,beneficiary_not_allowed,beneficiary_not_allowed,True
2176,"mama kipa vatavakma salli transfer karanna try kala. error message ekak vitarayi labenne. mokada venne, meka fix karanne kohomada kiyala kiyannada?",beneficiary_not_allowed,beneficiary_not_allowed,True
2177,go through novena cryptocurrency exchange ekak tiyenava. eka process karanna mata udav karannada.,beneficiary_not_allowed,beneficiary_not_allowed,True
2178,venat account ekakata transfer karanna bari vune ayi?,beneficiary_not_allowed,beneficiary_not_allowed,True
2179,beneficiary kenekuta salli transfer vune naa.,beneficiary_not_allowed,beneficiary_not_allowed,True
2180,dan mata funds transfer karanna ida nodenne ayi? error message ekak vitarayi labenne.,beneficiary_not_allowed,beneficiary_not_allowed,True
2181,mata account ekakata transfer ekak karanna bari vuna,beneficiary_not_allowed,beneficiary_not_allowed,True
2182,account ekakata transfer ekak allow kale naa,beneficiary_not_allowed,beneficiary_not_allowed,True
2183,mage transfer eka possible naa kiyala error message ekak labune ayi?,beneficiary_not_allowed,beneficiary_not_allowed,True
2184,beneficiary kenekuta transfer karanna bari ayi kiyala pahadili karannada.,beneficiary_not_allowed,beneficiary_not_allowed,True
2185,beneficiary kenekuta mage transfer eka go through vune naa,beneficiary_not_allowed,beneficiary_not_allowed,True
2186,mage transfer eka go through venne natte ayi? possible naa kiyala message ekak labenava. kalin problamayak vune naa.,beneficiary_not_allowed,beneficiary_not_allowed,True
2187,beneficiary kenekuta transfer ekak karanna bari vuna!,beneficiary_not_allowed,beneficiary_not_allowed,True
2188,"mage beneficiary eka denied vela, meka normal da?",beneficiary_not_allowed,beneficiary_not_allowed,True
2189,"mama crypto exchange karanna try karanava, vada karanne naa. meka fix karanne kohomada kiyala kiyannada.",beneficiary_not_allowed,beneficiary_not_allowed,True
2190,mama try karapu account transfer eka fail vuna.,beneficiary_not_allowed,failed_transfer,False
2191,"mage beneficiary ekata ida denne naa, plis ayi kiyala kiyannada?",beneficiary_not_allowed,beneficiary_not_allowed,True
2192,beneficiary kenekuta transfer karanna bari vune ayi?,beneficiary_not_allowed,beneficiary_not_allowed,True
2193,beneficiary kenekuta transfer karanna mata bari venne ayi?,beneficiary_not_allowed,beneficiary_not_allowed,True
2194,mata beneficiary kenekuta salli transfer karanna one. bari ayi?,beneficiary_not_allowed,beneficiary_not_allowed,True
2195,account ekakata transfer ekakata udav karannada,beneficiary_not_allowed,beneficiary_not_allowed,True
2196,mage account eka transfers allow karanne natte ayi,beneficiary_not_allowed,terminate_account,False
2197,"mata cryptocurrency ganna one, et oyalage app eken ida denne naa. ayi?",beneficiary_not_allowed,beneficiary_not_allowed,True
2198,mama beneficiary kenekuta transfer ekak karanna try kala go through vune naa,beneficiary_not_allowed,beneficiary_not_allowed,True
2199,account ekakata transfer ekak allow nokale ayi?,beneficiary_not_allowed,beneficiary_not_allowed,True
2200,"mama transfer ekak karaddi, fee ekak tibuna. ayi?",transfer_fee_charged,transfer_fee_charged,True
2201,mage transfer ekata fee ekak ayakala.,transfer_fee_charged,transfer_fee_charged,True
2202,transfer karanna fee ekak ayakaranna hetuvak tiyenavada?,transfer_fee_charged,transfer_fee_charged,True
2203,transfer karana ekata vitarak charge kale ayi?,transfer_fee_charged,transfer_fee_charged,True
2204,transfer ekak karanna mata gevanna one vuna,transfer_fee_charged,top_up_by_bank_transfer_charge,False
2205,transfer fee charge eka mokakda?,transfer_fee_charged,transfer_fee_charged,True
2206,salli transfer karanna mata amatara charge kale ayi?,transfer_fee_charged,transfer_fee_charged,True
2207,mama me transfer fee eka gevanne naa,transfer_fee_charged,transfer_fee_charged,True
2208,"mata transfer fee ekak charge karanava, eva free neveyida?",transfer_fee_charged,transfer_fee_charged,True
2209,fees valata kalin mata transfer karanna puluvan maximum eka mokakda?,transfer_fee_charged,top_up_limits,False
2210,"mata transfer fees 2k labuna, mama hituve transfers free kiyala.",transfer_fee_charged,transfer_fee_charged,True
2211,salli transfer karanna mata fee ekak charge karanne ayi?,transfer_fee_charged,transfer_fee_charged,True
2212,transfers valata fees charge karanavada?,transfer_fee_charged,top_up_by_bank_transfer_charge,False
2213,"mama metaka videshaye innakota alut tanak gatta, payments manage karanna me account eka pavichchi karanava, et fees vadi venava. me amatara fees ave kohenda?",transfer_fee_charged,card_payment_fee_charged,False
2214,"halo, mata udav karannako, mama amount ekak transfer kala et receiver ta ekama amount eka labune naa. tikak aduven labuna. e nisa ayet difference eka transfer karanna one. beneficiary ge account ekata aduven credit vela. dan mata difference eke gana transfer karanna one. mokak hari issue ekak tiyenava kiyala mama hitanava, check karannada.",transfer_fee_charged,transfer_fee_charged,True
2215,"online mama gatta deyakata mata charge kale ayi? international ekak vunat, cover venava kiyala mama hituve.",transfer_fee_charged,card_payment_fee_charged,False
2216,transfer karaddi amatara charges tibune ayi?,transfer_fee_charged,transfer_fee_charged,True
2217,mama transfer karaddi vadipura charge kala!,transfer_fee_charged,transfer_fee_charged,True
2218,transfer fee ekak tiyenavada?,transfer_fee_charged,transfer_fee_charged,True
2219,funds transfer karanna mata amatara fee ekak ayakale ayi kiyala danne naa.,transfer_fee_charged,transfer_fee_charged,True
2220,"transfers free kiyala mama hituve, fee ekak ayakale ayi?",transfer_fee_charged,transfer_fee_charged,True
2221,"mage receipt eke transfer ekata amatara charge ekak tiyenava, ayi meka?",transfer_fee_charged,transfer_fee_charged,True
2222,"mama me transfer eka karaddi fee ekak ayakala, eka venna one naa kiyala mama hitanava!",transfer_fee_charged,card_payment_fee_charged,False
2223,"mama salli evva, transfer karanna amatara charge kala. ayi?",transfer_fee_charged,transfer_fee_charged,True
2224,transfer fee ekak mata ayi penne?,transfer_fee_charged,transfer_fee_charged,True
2225,mama transfer ekak karaddi amatara charge ekak tibuna.,transfer_fee_charged,transfer_fee_charged,True
2226,mokada venne kiyala kavuru hari mata alert karanna one. mama amount ekak transfer kala et receiver kiyanne amount eka mama evvata vada tikak aduyi kiyala. dan mata difference ekata tava transfer ekak karanna one.,transfer_fee_charged,transfer_fee_charged,True
2227,"mage transfer ekata fee ekak charge kala, ayi?",transfer_fee_charged,transfer_fee_charged,True
2228,mage transfer ekata fee ekak tibune ayi?,transfer_fee_charged,transfer_fee_charged,True
2229,mage transfer ekata fees charge kale ayi?,transfer_fee_charged,transfer_fee_charged,True
2230,mama karapu transfer ekakata fee ekak tiyenna oneda?,transfer_fee_charged,transfer_fee_charged,True
2231,pasugiya mase mage alut holiday villa eke payments manage karanna mama nitarama me account eka pavichchi kala. dan ekaparatama oyalage fees godak vadi vela! frequent users lata rewards programme ekak nadda?,transfer_fee_charged,card_payment_fee_charged,False
2232,transfer ekakata mata fee ekak ayakale ayi?,transfer_fee_charged,card_payment_fee_charged,False
2233,mona amatara charges da tiyenne?,transfer_fee_charged,transaction_charged_twice,False
2234,"mata transfers free va karanna puluvan kiyala dannava. eka mata vatina deyak vuna. videshayen online deyak gattata passe mata fee ekak charge karala dakka? meka mokakda, eka ivat karaganna puluvanda?",transfer_fee_charged,transfer_fee_charged,True
2235,"mama salli transfer kala charge kala, ayi kiyala danaganna one.",transfer_fee_charged,transfer_fee_charged,True
2236,mama balaporottu novuna deyakata charge kala,transfer_fee_charged,transaction_charged_twice,False
2237,"mama China eke site ekakin makeup tikak gatta, transfers karaddi fee ekak naa kiyala mama hituva. dan me fee eka mata ayi penne? mama mekata godak asatutuyi.",transfer_fee_charged,transfer_fee_charged,True
2238,"salli transfer karaddi mata amatara fee ekak charge kala, ayi mata charge kale?",transfer_fee_charged,transfer_fee_charged,True
2239,transfer fee eka mata pahadili karannada?,transfer_fee_charged,transfer_fee_charged,True
2240,meken salary eka labenavada?,receiving_money,receiving_money,True
2241,venas karansiyakin pay karaganne kohomada?,receiving_money,exchange_via_app,False
2242,deposit vuna karansiyen venas karansiyakin mage salary eka labaganna puluvanda?,receiving_money,receiving_money,True
2243,mage salary eka meken labaganna puluvanda?,receiving_money,receiving_money,True
2244,kavuru hari mata salli evanne kohomada?,receiving_money,receiving_money,True
2245,mage salary eka USD valin labaganna problamayak tiyenavada?,receiving_money,receiving_money,True
2246,mage salary eka hariyata deposit venna LKR toraganna oneda?,receiving_money,receiving_money,True
2247,"mata salary eka labenne LKR valin. meka configure karanna oneda, tiyenavanam koheda?",receiving_money,receiving_money,True
2248,mata venas karansiyakin salli ganna puluvanda?,receiving_money,receiving_money,True
2249,mage salary eka labaganna meka pavichchi karanna puluvanda?,receiving_money,receiving_money,True
2250,mage salary eka LKR vidiyata labenava. meka configure karanna mokak hari specific ekak karanna oneda?,receiving_money,receiving_money,True
2251,anit aya mata salli evanne kohomada?,receiving_money,receiving_money,True
2252,LKR eka support vena karansiyakda?,receiving_money,country_support,False
2253,transfer ekakata kalin mata LKR valin pay karanava kiyala establish karanna oneda?,receiving_money,receiving_money,True
2254,"LKR valin salary ekak labila, eka vena tanaka configure karanna oneda?",receiving_money,receiving_money,True
2255,mage salary eka account ekata labaganne kohomada?,receiving_money,receiving_money,True
2256,anit ayata mata salli transfer karanna puluvan vidi monavada?,receiving_money,receiving_money,True
2257,kavuru hari mata salli evanna puluvan venas vidi monavada?,receiving_money,receiving_money,True
2258,mage paycheck eka account ekata transfer karanna mama mokada karanna one?,receiving_money,transfer_into_account,False
2259,mage yaluvata mata salli evanne kohomada?,receiving_money,receiving_money,True
2260,mage salary eka kelinma metanata transfer karanna puluvanda?,receiving_money,receiving_money,True
2261,mage salary eka labaganna meken puluvanda?,receiving_money,receiving_money,True
2262,LKR valin salli deposit karanna puluvanda?,receiving_money,receiving_money,True
2263,mata LKR valin salary eka labuna. meka mage karansiyata venas karanne kohomada?,receiving_money,receiving_money,True
2264,mage yaluvata mata salli transfer karanne kohomada?,receiving_money,receiving_money,True
2265,mage yaluvota mata salli evanna puluvanda?,receiving_money,receiving_money,True
2266,mage paycheck eka me account ekata deposit karanne kohomada?,receiving_money,balance_not_updated_after_cheque_or_cash_deposit,False
2267,mage salary eka labaganna me account eka pavichchi karanna puluvanda?,receiving_money,receiving_money,True
2268,mage salary eka me account ekata deposit karanna puluvanda?,receiving_money,receiving_money,True
2269,mage salary eka me account eken labaganne kohomada?,receiving_money,receiving_money,True
2270,mata salary eka venas karansiyakin one nam mokada venne?,receiving_money,receiving_money,True
2271,mata LKR valin salary eka labenava. meka kohen hari configure karanna oneda?,receiving_money,receiving_money,True
2272,mage salary ekata meka pavichchi karanna puluvanda kiyala oyala dannavada?,receiving_money,receiving_money,True
2273,mage paycheck eka meken labaganne kohomada?,receiving_money,receiving_money,True
2274,mage salary eka venas karansiyakin nam transfer karanna puluvanda?,receiving_money,receiving_money,True
2275,mata venas karansiyakin pay karaganna puluvanda?,receiving_money,receiving_money,True
2276,mage salary ekata meka eligible da?,receiving_money,receiving_money,True
2277,mage salary eka LKR valin; app eke meka note karanne kohomada?,receiving_money,receiving_money,True
2278,mata vena karansiyakin pay karaganna puluvanda?,receiving_money,receiving_money,True
2279,mage paycheck eka metanin labaganna puluvanda?,receiving_money,receiving_money,True
2280,transfer eka fail vune ayi kiyala terenne naa,failed_transfer,failed_transfer,True
2281,"plis transfer ekak karanna mata udav karannako. mata error ekak hamavelema enava, mama ganna flat ekakata initial mortgage payment eka karanna try karanne. metana deal eka mokakda?",failed_transfer,failed_transfer,True
2282,mage transfer eka vada kale naa,failed_transfer,failed_transfer,True
2283,"oyalage system eka fix karanna. mata transfers karanna baa, danatamat 5 vatavak try kala.",failed_transfer,failed_transfer,True
2284,mage transfer eka fail vune ayi kiyala kiyannako!,failed_transfer,failed_transfer,True
2285,mage transfer eka go through vune naa.,failed_transfer,failed_transfer,True
2286,transfer ekak complete karanna mata bari vune ayi?,failed_transfer,failed_transfer,True
2287,mokada venne kiyala hoyaganna mata udav karannada? mama yaluvekta salli transfer karanna try karanava et apahu enava. mama mokada varadiyata karanne kiyala danne naa.,failed_transfer,failed_transfer,True
2288,mage transfer eka go through novune ayi?,failed_transfer,failed_transfer,True
2289,mage transfer eka go through vune naha.,failed_transfer,failed_transfer,True
2290,"mage transfer eka hariyata venna bari vuna, ayi kiyala hituva?",failed_transfer,failed_transfer,True
2291,mage transfer eka vada nokale ayi,failed_transfer,failed_transfer,True
2292,"mama funds transfer kala, eka go through novune ayi?",failed_transfer,failed_transfer,True
2293,mage transfer eka fail vune ayi?,failed_transfer,failed_transfer,True
2294,mage transfer eka ayi fail vune?,failed_transfer,failed_transfer,True
2295,mage transfer eka ayi karala natte?,failed_transfer,failed_transfer,True
2296,mage transfer eka go through venne naa.,failed_transfer,failed_transfer,True
2297,"mage transfer eka fail venava, mata salli transfer karanna vitarayi one, plis eka vada karavannada?",failed_transfer,failed_transfer,True
2298,"transfer eka fail venava, ada ude mama yaluvanta salli tikak transfer karanna try kala et mokada hari hetuvak nisa reject venava. plis issue eka check karannada?",failed_transfer,failed_transfer,True
2299,transfer ekak fail venne ayi?,failed_transfer,failed_transfer,True
2300,card transfers sandaha oyalage policies monavada?,failed_transfer,top_up_by_bank_transfer_charge,False
2301,system eka down da? mama transfer ekak karanna try karamin fail venava?,failed_transfer,failed_transfer,True
2302,mama transfer ekak karanna try kala et fail vuna,failed_transfer,failed_transfer,True
2303,transfer ekak complete karaganna mata bari vune ayi?,failed_transfer,failed_transfer,True
2304,mage transfer eka vada kale naa vage.,failed_transfer,failed_transfer,True
2305,mage salli transfer vima navattanne mokakda?,failed_transfer,top_up_by_bank_transfer_charge,False
2306,"halo, mama flat ekak gannava, mage mortgage eka go through karanna try karanava. hama vatavakma check karaddi error message ekak vitarayi labenne. me salli transfer karaganna mata udav karanna puluvanda? stutiyi!",failed_transfer,failed_transfer,True
2307,mage transfer attempt eka fail vuna.,failed_transfer,failed_transfer,True
2308,"mata successful va transfer ekak karanna baa vage, mama mokada varadiyata karanne kiyala kiyannada?",failed_transfer,beneficiary_not_allowed,False
2309,"mage transactions okkoma fail venava, yaluvanta salli transfer karanna issue ekak continuous va face karanava, udav karannada.",failed_transfer,failed_transfer,True
2310,"mama transfer ekak karanna try karanava unsuccessful, plis ayi kiyala kiyannada?",failed_transfer,failed_transfer,True
2311,mage transfer eka vada vuna vage naa.,failed_transfer,failed_transfer,True
2312,"mama dan standard transfer ekak 5 vatavakma try karamin innava. mokada venne, oyalage system eka kadilada?!",failed_transfer,failed_transfer,True
2313,mage transfer ekata udav karanna,failed_transfer,failed_transfer,True
2314,mage transfer eka complete karanna baa kiyala kiyanava?,failed_transfer,failed_transfer,True
2315,mage transfer eka fail vune ayi kiyala kiyannada?,failed_transfer,failed_transfer,True
2316,mage transfer eka go through vune naa?,failed_transfer,failed_transfer,True
2317,mama harima standard transfer ekak try kala 5 vatavak danata. issue eka mokakda kiyannada? system eka down da?,failed_transfer,failed_transfer,True
2318,mage transfer eka vada nokale ayi kiyala reason ekak denna puluvanda?,failed_transfer,failed_transfer,True
2319,mama salli transfer karanna try kala eka vada kale naa.,failed_transfer,failed_transfer,True
2320,mata salli ivara nisa account ekata amatara salli danna bank transfer ekak karanna puluvanda?,transfer_into_account,transfer_into_account,True
2321,"mage salli ivara, mage bank eken salli add karanna puluvanda?",transfer_into_account,topping_up_by_card,False
2322,mage account ekata salli transfer karanne kohomada?,transfer_into_account,transfer_into_account,True
2323,"mage account eka top up karanne kohomada kiyala terenne naa, process eka pahadili karannada?",transfer_into_account,topping_up_by_card,False
2324,money transfer process eka terenne naa.,transfer_into_account,pending_transfer,False
2325,"mata mage account ekata salli transfer karanna one, eka karanne kohomada?",transfer_into_account,transfer_into_account,True
2326,mage account ekata salli transfer karanna mama mokada karanna one?,transfer_into_account,transfer_into_account,True
2327,mama mokada karanne kiyala danne naa. funds transfer karanna oneda. mage account eke salli naa.,transfer_into_account,transfer_into_account,True
2328,mage bank account eken kelinma card ekata funds add karanna puluvanda?,transfer_into_account,transfer_into_account,True
2329,mage account ekata salli transfer karana eka vada karanne kohomada?,transfer_into_account,transfer_into_account,True
2330,mata BANK ACCOUNT ekata salli TRANSFER karanne kohomada kiyala danaganna one. plis udav karanna,transfer_into_account,transfer_into_account,True
2331,mata venat bank account ekakin salli mekata transfer karaganna one.,transfer_into_account,transfer_into_account,True
2332,"mata account ekata salli transfer karanna one nam, eka karanne kohomada?",transfer_into_account,transfer_into_account,True
2333,mata account ekata funds transfer karanna one. eka karanne kohomada?,transfer_into_account,transfer_into_account,True
2334,mage account ekata salli transfer karanna mama follow karanna one steps monavada?,transfer_into_account,transfer_into_account,True
2335,mage bank eken mage top up account ekata funds transfer karanne kohomada?,transfer_into_account,transfer_into_account,True
2336,bank transfer ekak pavichchi karala account eka top karaganna one. eka vada karanne kohomada?,transfer_into_account,transfer_into_account,True
2337,mage funds account ekata transfer karanne kohomada?,transfer_into_account,transfer_into_account,True
2338,mage card eka top up karanne kohomada?,transfer_into_account,topping_up_by_card,False
2339,pitata bank ekakin salli transfer karanne kohomada?,transfer_into_account,transfer_into_account,True
2340,mage bank account eken top-up account ekata fund karanne kohomada?,transfer_into_account,transfer_into_account,True
2341,account ekata salli add karanna mata pavichchi karanna puluvan methods monavada?,transfer_into_account,supported_cards_and_currencies,False
2342,"mata bank transfer feature eka pavichchi karanna one, et hoyaganna baa. plis details dennada?",transfer_into_account,edit_personal_details,False
2343,eka account ekakin tava account ekakata dual money transfer ekak karanne kohomada?,transfer_into_account,transfer_into_account,True
2344,MY ACCOUNT ekata salli TRANSFER karanne kohomada kiyala pahadili karannada?,transfer_into_account,transfer_into_account,True
2345,"venat account ekakin mekata bank account transfer ekak karanna one, lesima vidiya mokakda, mata one information mokakda?",transfer_into_account,transfer_into_account,True
2346,mage account ekata salli transfer karaganne kohomada?,transfer_into_account,transfer_into_account,True
2347,mage account ekata transfer haraha salli yavanne kohomada?,transfer_into_account,receiving_money,False
2348,international transfer ekak karanne kohomada?,transfer_into_account,balance_not_updated_after_bank_transfer,False
2349,mage account ekata salli transfer karanna vidi tiyenavada?,transfer_into_account,transfer_into_account,True
2350,Top up karanna mata accounts valin transfer karanna one. one steps monavada.,transfer_into_account,transfer_into_account,True
2351,transfer ekak vada karanne kohomada?,transfer_into_account,transfer_into_account,True
2352,"mata bank transfer eka pavichchi karanna one, et process eka terenne naa, plis pahadili karannada, topping up?",transfer_into_account,balance_not_updated_after_bank_transfer,False
2353,mage account eka top up karanna bank transfer ekak pavichchi karaganna one. eka handle karanne kohomada?,transfer_into_account,transfer_into_account,True
2354,"ada mama account eka check kala, salli ivara kiyala tibuna. account ekata salli transfer karanne kohomada?",transfer_into_account,transfer_into_account,True
2355,mage account ekata salli transfer karanna puluvan kohomada?,transfer_into_account,transfer_into_account,True
2356,eka account ekakin tava account ekakata funds transfer karaganna one.,transfer_into_account,transfer_into_account,True
2357,mama account ekata salli transfer karanna try karanava.,transfer_into_account,transfer_into_account,True
2358,venat bank account ekakin salli mekata transfer karaganna one.,transfer_into_account,transfer_into_account,True
2359,account eka refill karanna bank transfer ekak pavichchi karanna puluvanda?,transfer_into_account,transfer_into_account,True
2360,top-up card eka verify karanna one okkoma mokakda?,verify_top_up,verify_top_up,True
2361,top up eka verify karanna one kiyala kiyanava. ayi?,verify_top_up,verify_top_up,True
2362,top-up verification code eka hoyaganne koheda?,verify_top_up,verify_top_up,True
2363,mama patan gatta top-up eka verify karanna one ayi?,verify_top_up,verify_top_up,True
2364,verification code eka gana information dennada?,verify_top_up,verify_top_up,True
2365,top-up eka verify kirime benefits monavada?,verify_top_up,verify_top_up,True
2366,top up eke verification eka ayi,verify_top_up,verify_top_up,True
2367,top up ekak verify karanna puluvanda?,verify_top_up,verify_top_up,True
2368,top up verify karanna one hetuva,verify_top_up,verify_top_up,True
2369,mage top up ekata code verification ekak oyalata one ayi?,verify_top_up,verify_top_up,True
2370,top-up card eke verification code eka hoyaganne koheda?,verify_top_up,verify_top_up,True
2371,mage top-up verification code eka labaganne kohomada?,verify_top_up,verify_top_up,True
2372,top up ekak verify karaganna puluvanda?,verify_top_up,verify_top_up,True
2373,mage top-up eka verify karanna one eka normal da nattam mokak hari varadilada?,verify_top_up,verify_top_up,True
2374,top-up ekata verification one ayi?,verify_top_up,verify_top_up,True
2375,top-up ekata verifying one ayi?,verify_top_up,verify_top_up,True
2376,mage top up eka verify karanna oneda?,verify_top_up,verify_top_up,True
2377,top-ups verify karanna mama mokada one?,verify_top_up,verify_top_up,True
2378,top-up card ekata verification code eka koheda?,verify_top_up,verify_top_up,True
2379,mage top-up card ekata verification code eka hoyaganne kohomada?,verify_top_up,verify_top_up,True
2380,top-up card ekak verify karanna vadagat ayi?,verify_top_up,verify_top_up,True
2381,top-up eka verify karanna one ayi?,verify_top_up,verify_top_up,True
2382,top-up ekaka verification code eka mokakda?,verify_top_up,verify_top_up,True
2383,mata top-up verification code eka hoyaganna baa.,verify_top_up,verify_top_up,True
2384,mage top-up card eka verify karanne kohomada?,verify_top_up,verify_top_up,True
2385,top-up verification code eka hoyaganne kohenda?,verify_top_up,verify_top_up,True
2386,top-up card eka verify karanne kohomada?,verify_top_up,verify_top_up,True
2387,top-up card ekata verification code ekak tiyenavada?,verify_top_up,verify_top_up,True
2388,top-up eka verify kirime vadagatkama mokakda?,verify_top_up,verify_top_up,True
2389,top-up card eke verification code eka hoyanna udav karannada?,verify_top_up,verify_top_up,True
2390,top-up eka verify karanna one kiyala kiyanne ayi kiyala terenne naa.,verify_top_up,verify_top_up,True
2391,"top-up ekak verify karanna puluvanda, pavichchi karana card eka mokakda?",verify_top_up,verify_top_up,True
2392,top up card eka verify karanna code eka ganna koheta yanna oneda?,verify_top_up,verify_top_up,True
2393,top-up verification code eka naa,verify_top_up,verify_top_up,True
2394,top-up ekak verify karanne kohomada?,verify_top_up,verify_top_up,True
2395,mage top-up card eke verification code eka locate karaganna baa. udav karannada.,verify_top_up,verify_top_up,True
2396,top-up verification code eka hoyaganne kohomada?,verify_top_up,verify_top_up,True
2397,mage top-up card eke verification code eka hoyanna mata udav one.,verify_top_up,verify_top_up,True
2398,top-ups valata verification code ekak tiyenavada?,verify_top_up,verify_top_up,True
2399,top up eka verify kirime necessity eka mokakda?,verify_top_up,verify_top_up,True
2400,tava card ekak labaganna puluvan vevida?,getting_spare_card,getting_spare_card,True
2401,eka account ekakata mata card kiyak tiyaganna puluvanda?,getting_spare_card,fiat_currency_support,False
2402,mata tava card ekak order karaganna one,getting_spare_card,getting_spare_card,True
2403,amatara cards labaganne kohomada?,getting_spare_card,getting_virtual_card,False
2404,amatara cards valata fee ekak tiyenavada?,getting_spare_card,card_payment_fee_charged,False
2405,mata spare physical cards tikak one.,getting_spare_card,getting_spare_card,True
2406,mata tavat physical cards tikak labaganna one.,getting_spare_card,getting_spare_card,True
2407,mage mul ekata passe tava card ekak labaganna puluvanda?,getting_spare_card,getting_spare_card,True
2408,deveni card ekak labaganne kohomada?,getting_spare_card,order_physical_card,False
2409,mata tava card ekak one,getting_spare_card,getting_spare_card,True
2410,"mata tavat cards one nam, fees tiyenavada?",getting_spare_card,getting_spare_card,True
2411,ekama account ekakata cards kipayak oyala offer karanavada?,getting_spare_card,disposable_card_limits,False
2412,vena kenekta pavichchi karanna spare card ekak labaganna puluvanda?,getting_spare_card,getting_spare_card,True
2413,mata tavat physical cards tikak ganna one.,getting_spare_card,getting_spare_card,True
2414,"mage account ekata tava card ekak labaganna puluvanda, mage duvata ekak denna?",getting_spare_card,getting_spare_card,True
2415,tava card ekak labaganna procedure eka mokakda?,getting_spare_card,getting_spare_card,True
2416,mata deveni card ekak tiyaganna puluvanda?,getting_spare_card,fiat_currency_support,False
2417,"mage duvata card ekak one, eka karaganne kohomada?",getting_spare_card,getting_spare_card,True
2418,deveni card ekak mage duvata denna puluvanda?,getting_spare_card,getting_spare_card,True
2419,mata tava card ekak tiyaganna puluvanda?,getting_spare_card,getting_spare_card,True
2420,ekakata vada cards evanna fee ekak tiyenavada?,getting_spare_card,card_payment_fee_charged,False
2421,amatara cards order karanna puluvanda?,getting_spare_card,order_physical_card,False
2422,deveni card ekak labaganne kohenda?,getting_spare_card,order_physical_card,False
2423,ada mama tava card ekak ganna balagena hitiya.,getting_spare_card,getting_spare_card,True
2424,mata tava physical cards tikak one.,getting_spare_card,getting_spare_card,True
2425,me account ekata deveni physical card ekak labaganna puluvanda?,getting_spare_card,order_physical_card,False
2426,amatara non-virtual cards purchase karanna puluvanda?,getting_spare_card,getting_virtual_card,False
2427,mage duvata mage cards valin ekak pavichchi karanna denna ida tiyenavada?,getting_spare_card,age_limit,False
2428,mata deveni card ekak labaganna puluvanda?,getting_spare_card,visa_or_mastercard,False
2429,mage duvata card ekak tiyaganna puluvanda?,getting_spare_card,getting_spare_card,True
2430,amatara cards order karanna restrictions tiyenavada?,getting_spare_card,disposable_card_limits,False
2431,mage duvata deveni card ekak labaganne kohomada?,getting_spare_card,getting_spare_card,True
2432,tava card ekak request karanne koheda?,getting_spare_card,getting_spare_card,True
2433,mata deveni card ekak labaganna puluvan veyida?,getting_spare_card,visa_or_mastercard,False
2434,"oyala mata tava cards evvot, charges tiyenavada?",getting_spare_card,top_up_by_bank_transfer_charge,False
2435,"ekakata vada card ekak labaganna try karaddi, gevanna one amatara amount ekak tiyenavada?",getting_spare_card,getting_spare_card,True
2436,me account ekata deveni card ekak mage duvata denna puluvanda?,getting_spare_card,getting_spare_card,True
2437,mage duvata card ekak one. mage account ekata linked mage cards valin ekak denna puluvanda?,getting_spare_card,getting_spare_card,True
2438,"mage lamayata card ekak one, dan tiyena account ekata egollanva add karanne kohomada?",getting_spare_card,getting_spare_card,True
2439,"mage duvata card ekak one, egollanva add karanne kohomada?",getting_spare_card,getting_spare_card,True
2440,cheque ekakin top up karanna puluvanda?,top_up_by_cash_or_cheque,top_up_by_cash_or_cheque,True
2441,cash ekakin top-up karanne kohomada?,top_up_by_cash_or_cheque,top_up_by_cash_or_cheque,True
2442,cheque ekakin top up karaganna puluvanda?,top_up_by_cash_or_cheque,top_up_by_cash_or_cheque,True
2443,cash ekakin top up karanna puluvanda? ehenam eka karanne kohomada?,top_up_by_cash_or_cheque,top_up_by_cash_or_cheque,True
2444,cash deposit ekakin top up karana eka hoyaganna mata udav karannada?,top_up_by_cash_or_cheque,top_up_by_cash_or_cheque,True
2445,cheque ekakin top up karanna option ekak tiyenavada?,top_up_by_cash_or_cheque,top_up_by_cash_or_cheque,True
2446,mage account ekata cheque ekak deposit karanna one,top_up_by_cash_or_cheque,balance_not_updated_after_cheque_or_cash_deposit,False
2447,cash deposit top up option eka hoyanava et hoyaganna baa. udav karannada?,top_up_by_cash_or_cheque,top_up_by_cash_or_cheque,True
2448,cash payment ekakin account eka top up karanne kohomada?,top_up_by_cash_or_cheque,top_up_by_cash_or_cheque,True
2449,cash ekakin top up karanna one. e option eka hoyaganne kohomada?,top_up_by_cash_or_cheque,top_up_by_cash_or_cheque,True
2450,cash eken top up karana eka locate karanne koheda.,top_up_by_cash_or_cheque,top_up_by_cash_or_cheque,True
2451,check ekakin pay karanne kohomada?,top_up_by_cash_or_cheque,top_up_by_cash_or_cheque,True
2452,cheque ekakin mage account balance ekata add karanna puluvanda?,top_up_by_cash_or_cheque,top_up_by_cash_or_cheque,True
2453,mage account ekata oyala accept karana deposit types monavada?,top_up_by_cash_or_cheque,supported_cards_and_currencies,False
2454,cheque ekak pavichchi karala top up karanna puluvanda?,top_up_by_cash_or_cheque,top_up_by_cash_or_cheque,True
2455,cheque ekakin card ekak top-up karanna puluvanda?,top_up_by_cash_or_cheque,top_up_by_cash_or_cheque,True
2456,"cash top up karanna one, eka karanne kohomada?",top_up_by_cash_or_cheque,top_up_by_cash_or_cheque,True
2457,cheque ekakin top up karana option eka hoyanava.,top_up_by_cash_or_cheque,top_up_by_cash_or_cheque,True
2458,cash eken top up karanna puluvan locations monavada?,top_up_by_cash_or_cheque,top_up_by_cash_or_cheque,True
2459,"cash eken top up karanna one, kohedi eka karannada?",top_up_by_cash_or_cheque,top_up_by_cash_or_cheque,True
2460,cash deposit ekakin top up karanna vidiyak tiyenavada,top_up_by_cash_or_cheque,top_up_by_cash_or_cheque,True
2461,mage account ekata cheque ekakin top up karana options koheda?,top_up_by_cash_or_cheque,top_up_by_cash_or_cheque,True
2462,mage account eka top up karanna cash pavichchi karanna puluvanda?,top_up_by_cash_or_cheque,topping_up_by_card,False
2463,cash eken top up karanne kohomada?,top_up_by_cash_or_cheque,top_up_by_cash_or_cheque,True
2464,mage account eka top up karanna cheque ekak accept karanavada?,top_up_by_cash_or_cheque,top_up_by_cash_or_cheque,True
2465,mata labuna me cheque eken top up karanne kohomada?,top_up_by_cash_or_cheque,top_up_by_cash_or_cheque,True
2466,mage account eka top up karanna mata pavichchi karanna puluvan methods monavada?,top_up_by_cash_or_cheque,supported_cards_and_currencies,False
2467,cash eken top up karana eka hondada?,top_up_by_cash_or_cheque,top_up_by_cash_or_cheque,True
2468,cash eken load karanna tanak hoyaganna bari ayi,top_up_by_cash_or_cheque,declined_cash_withdrawal,False
2469,mata gevanna puluvan mokenda? cash vada karanavada?,top_up_by_cash_or_cheque,top_up_by_cash_or_cheque,True
2470,mage account ekata cash deposit karanne kohomada?,top_up_by_cash_or_cheque,balance_not_updated_after_cheque_or_cash_deposit,False
2471,cheque ekakin top up karanna bari ayi?,top_up_by_cash_or_cheque,top_up_by_cash_or_cheque,True
2472,top ups karanna cheque ekak yavanna puluvanda?,top_up_by_cash_or_cheque,top_up_by_cash_or_cheque,True
2473,cheque ekakin mage account eka top up karanna puluvanda?,top_up_by_cash_or_cheque,top_up_by_cash_or_cheque,True
2474,mata cash top-up ekak karaganna one,top_up_by_cash_or_cheque,top_up_limits,False
2475,"mage langa cheque ekak tiyenava, eken account eka top off karanna puluvanda?",top_up_by_cash_or_cheque,top_up_by_cash_or_cheque,True
2476,cash eken top-up karaganna one,top_up_by_cash_or_cheque,top_up_by_cash_or_cheque,True
2477,mage card eka top-up karanne kohomada?,top_up_by_cash_or_cheque,topping_up_by_card,False
2478,check ekak ho cash payment ekak submit karanna puluvanda?,top_up_by_cash_or_cheque,top_up_by_cash_or_cheque,True
2479,oyala checks accept karanavada?,top_up_by_cash_or_cheque,top_up_by_cash_or_cheque,True
2480,mage physical card eka labaganne kohomada,order_physical_card,order_physical_card,True
2481,mata card ekak one. procedure eka mokakda?,order_physical_card,getting_spare_card,False
2482,physical cards valata oyala kiyak charge karanavada?,order_physical_card,order_physical_card,True
2483,mage card eka labaganne kohenda?,order_physical_card,verify_source_of_funds,False
2484,physical card eke price eka,order_physical_card,order_physical_card,True
2485,"plis, card ekak order karanne kohomada?",order_physical_card,order_physical_card,True
2486,mata physical card ekak evanna,order_physical_card,order_physical_card,True
2487,mata card ekak order karaganna one. oyala dilivar karanne kohetada?,order_physical_card,order_physical_card,True
2488,physical card ekak request karanna puluvanda?,order_physical_card,order_physical_card,True
2489,physical cards valata charge ekak tiyenavada,order_physical_card,order_physical_card,True
2490,physical cards valata charge karanavada,order_physical_card,order_physical_card,True
2491,mama inna tanata cards ship karanavada?,order_physical_card,card_delivery_estimate,False
2492,physical cards valata charge karanavada?,order_physical_card,order_physical_card,True
2493,in person transactions valata pavichchi karanna actual card ekak labaganna one. eka karanne kohomada?,order_physical_card,order_physical_card,True
2494,mata real card ekak labeyida?,order_physical_card,order_physical_card,True
2495,cards dilivar karanne kohetada?,order_physical_card,order_physical_card,True
2496,cards dilivar venne kohetada?,order_physical_card,order_physical_card,True
2497,physical card ekak labaganne kohomada kiyala kiyannako.,order_physical_card,order_physical_card,True
2498,physical card ekakata charge eka mokakda?,order_physical_card,order_physical_card,True
2499,non-electronic card ekakut available da,order_physical_card,country_support,False
2500,oyalage card eka pavichchi karanna fees valata kiyak yanavada?,order_physical_card,card_payment_fee_charged,False
2501,physical card ekak labaganne kohomada,order_physical_card,order_physical_card,True
2502,me app eka haraha physical card ekak labaganna puluvanda?,order_physical_card,order_physical_card,True
2503,mata non virtual card ekak labaganna puluvanda?,order_physical_card,getting_virtual_card,False
2504,physical card ekak labaganne kohomada?,order_physical_card,order_physical_card,True
2505,physical card ekakata fees monavada?,order_physical_card,order_physical_card,True
2506,mage card eka dilivar karanne kohetada?,order_physical_card,order_physical_card,True
2507,physical card ekakata mata charge karanne monavada?,order_physical_card,order_physical_card,True
2508,mage card eka order karanne koheda?,order_physical_card,order_physical_card,True
2509,card ekak dilivar karanna puluvan locations monavada?,order_physical_card,order_physical_card,True
2510,mage card eka labaganne koheda?,order_physical_card,card_acceptance,False
2511,cards mail eken dilivar karanne kohetada?,order_physical_card,order_physical_card,True
2512,magema real-life card ekak labaganne kohomada?,order_physical_card,order_physical_card,True
2513,mage card eka hoyaganne koheda?,order_physical_card,lost_or_stolen_card,False
2514,"mata physical card ekak one nam, mokak hari gevanna oneda?",order_physical_card,order_physical_card,True
2515,cards dilivar karanna puluvan koheda?,order_physical_card,atm_support,False
2516,mata physical card ekak one.,order_physical_card,order_physical_card,True
2517,physical card ekakata tiyena fees monavada?,order_physical_card,order_physical_card,True
2518,actual card ekak labaganne kohomada?,order_physical_card,order_physical_card,True
2519,mata real card ekak labaganna puluvanda?,order_physical_card,order_physical_card,True
2520,mage disposable virtual card eka denied venne ayi?,virtual_card_not_working,virtual_card_not_working,True
2521,mage disposable virtual card eka vada karanne naa vage,virtual_card_not_working,virtual_card_not_working,True
2522,mage disposable virtual card eka kadila.,virtual_card_not_working,virtual_card_not_working,True
2523,mage non-physical card eka vada karanne naa,virtual_card_not_working,card_not_working,False
2524,gym subscription ekakata pay karanna pavichchi karapu disposable virtual card eka denied vune ayi?,virtual_card_not_working,virtual_card_not_working,True
2525,mage virtual card eka decline venne ayi?,virtual_card_not_working,getting_virtual_card,False
2526,"mage disposable card ekata restrictions tiyenavada, eka vada karanne naa vage nisa?",virtual_card_not_working,disposable_card_limits,False
2527,mage virtual card eka vada karavaganna baa.,virtual_card_not_working,virtual_card_not_working,True
2528,"mama store eke hitiya, mage virtual card eka vada kale naa. mekata solution eka mokakda?",virtual_card_not_working,virtual_card_not_working,True
2529,mage disposable virtual card eka vada karanne naa,virtual_card_not_working,virtual_card_not_working,True
2530,mata mage disposable virtual card eka pavichchi karanna baa.,virtual_card_not_working,virtual_card_not_working,True
2531,mage virtual card eken multiple online transactions karanna puluvanda?,virtual_card_not_working,virtual_card_not_working,True
2532,automatic billing set karaddi mage virtual card eka decline vune ayi?,virtual_card_not_working,virtual_card_not_working,True
2533,mage disposable virtual card eka vada nokaranne ayi?,virtual_card_not_working,virtual_card_not_working,True
2534,subscription services valata mage virtual card eka pavichchi karanna bari ayi?,virtual_card_not_working,virtual_card_not_working,True
2535,mage virtual card eka vada nokaranne ayi?,virtual_card_not_working,virtual_card_not_working,True
2536,mage virtual card eken transactions karanna baa.,virtual_card_not_working,virtual_card_not_working,True
2537,mokada hari hetuvak nisa virtual card eka mata vada karanne naa.,virtual_card_not_working,virtual_card_not_working,True
2538,ada mage disposable virtual card eka merchant kenekugen reject vuna. mama mokada karanne?,virtual_card_not_working,virtual_card_not_working,True
2539,mage virtual card eka reject vena problam eka fix karanne kohomada?,virtual_card_not_working,virtual_card_not_working,True
2540,mage virtual card eka vada karanne naa. mama mokada karanne?,virtual_card_not_working,virtual_card_not_working,True
2541,mage virtual card eka vada nokalot mama mokada karanne.,virtual_card_not_working,virtual_card_not_working,True
2542,disposable virtual card eka vada karavaganna trick ekak tiyenavada?,virtual_card_not_working,virtual_card_not_working,True
2543,mage virtual card eka vada karavaganna bari ayi?,virtual_card_not_working,virtual_card_not_working,True
2544,mage card eka dan vada karanne naa.,virtual_card_not_working,card_not_working,False
2545,"mage disposable card eka vada karanne naa vage, mama mokak hari varadiyata karanavada?",virtual_card_not_working,virtual_card_not_working,True
2546,mage virtual card eken payments continuous va reject venava.,virtual_card_not_working,virtual_card_not_working,True
2547,point of sale transaction ekakata mage disposable virtual card eka pavichchi karanna try karaddi vada karanne naa. dan mama mokada karanne?,virtual_card_not_working,virtual_card_not_working,True
2548,mage disposable virtual card eka pavichchi karaddi transakshan eka decline vuna. mama mokada karanne?,virtual_card_not_working,virtual_card_not_working,True
2549,mage disposable virtual card eka vada venne naa,virtual_card_not_working,virtual_card_not_working,True
2550,mage disposable virtual card eka vada karavaganne kohomada?,virtual_card_not_working,virtual_card_not_working,True
2551,gym subscription ekakata pay karanna pavichchi karapu mage disposable virtual card eka reject vune ayi?,virtual_card_not_working,virtual_card_not_working,True
2552,mage disposable virtual card eken payments vada karanne naa,virtual_card_not_working,virtual_card_not_working,True
2553,"mage disposable virtual card eka merchant kenekugen reject vuna, udav karannada?",virtual_card_not_working,virtual_card_not_working,True
2554,mage virtual card eka vada karanne naa.,virtual_card_not_working,virtual_card_not_working,True
2555,mage virtual disposable card eka vada nokaranne ayi kiyala kiyannada.,virtual_card_not_working,virtual_card_not_working,True
2556,virtual card eka vada karavaganna mata udav one.,virtual_card_not_working,virtual_card_not_working,True
2557,mama merchant kenekta mage virtual card eka pavichchi karanna try kala reject vuna. meka fix karanne kohomada?,virtual_card_not_working,virtual_card_not_working,True
2558,mage virtual card eka vada karavaganne kohomada?,virtual_card_not_working,virtual_card_not_working,True
2559,virtual card eka mata vada karanne naa,virtual_card_not_working,virtual_card_not_working,True
2560,venat rataka karansiyak pavichchi karaddi mata hari amount eke salli labune naa.,wrong_exchange_rate_for_cash_withdrawal,wrong_amount_of_cash_received,False
2561,"mama transaction machine ekakin salli gatta, eka venas karansiyakin varadi dollar value amount ekak exchange kala!",wrong_exchange_rate_for_cash_withdrawal,card_payment_wrong_exchange_rate,False
2562,"pasugiya holiday ekedi mama ATM ekakin withdraw kala, godak charge kala vage. me charges gana kalin danagena hitiyanam withdraw karanne naa.",wrong_exchange_rate_for_cash_withdrawal,wrong_exchange_rate_for_cash_withdrawal,True
2563,exchange rate eka hari kiyala confirm karannada,wrong_exchange_rate_for_cash_withdrawal,exchange_rate,False
2564,mage cash withdrawal ekata exchange rate eka varadiyi,wrong_exchange_rate_for_cash_withdrawal,wrong_exchange_rate_for_cash_withdrawal,True
2565,"halo. mama holiday ekaka inne, cash genave naa. mage home currency eka oyalage machines valin ekakin withdraw karaganna one. eka karanna machine ekak tiyenavada, charge ekak tiyenavada?",wrong_exchange_rate_for_cash_withdrawal,wrong_exchange_rate_for_cash_withdrawal,True
2566,mama cash gattama exchange rate eka varadi vune ayi,wrong_exchange_rate_for_cash_withdrawal,card_payment_wrong_exchange_rate,False
2567,mama ATM ekakadi videsha karansiyak pavichchi karala salli ganna try kala et rate eka godak varadiyi!,wrong_exchange_rate_for_cash_withdrawal,declined_cash_withdrawal,False
2568,mage international withdrawal ekata exchange rate eka varadi ayi?,wrong_exchange_rate_for_cash_withdrawal,wrong_exchange_rate_for_cash_withdrawal,True
2569,videshaye karapu transakshan ekakata varadi exchange rate ekak apply vuna.,wrong_exchange_rate_for_cash_withdrawal,card_payment_wrong_exchange_rate,False
2570,oyala mata mage cash withdrawal ekata dunna exchange rate eka varadiyi,wrong_exchange_rate_for_cash_withdrawal,wrong_exchange_rate_for_cash_withdrawal,True
2571,cash exchange karanna fee ekak tiyenavada?,wrong_exchange_rate_for_cash_withdrawal,exchange_charge,False
2572,exchange rate eka me taram vadi ayi? eka apply venna godak vadi cash amount ekak venna one.,wrong_exchange_rate_for_cash_withdrawal,wrong_exchange_rate_for_cash_withdrawal,True
2573,mama cash withdraw karaddi exchange rate eka venas vune ayi?,wrong_exchange_rate_for_cash_withdrawal,wrong_exchange_rate_for_cash_withdrawal,True
2574,"mama cash gattama, mage exchange rate eka varadiyi tibuna.",wrong_exchange_rate_for_cash_withdrawal,card_payment_wrong_exchange_rate,False
2575,local ATM ekakin US dollars withdraw kalot amatara costs tiyenavada? gedara yana journey ekata comfortable inna cash tikak one,wrong_exchange_rate_for_cash_withdrawal,declined_cash_withdrawal,False
2576,vacation ekedi ATM ekak pavichchi karaddi mata overcharge kala vage. oyalage fees kalin danagena hitiyanam venat tanakata gihin tiyenava.,wrong_exchange_rate_for_cash_withdrawal,card_payment_fee_charged,False
2577,mama cash withdraw karaddi exchange rate eka check kala. et oyala apply karapu actual rate eka venas.,wrong_exchange_rate_for_cash_withdrawal,wrong_exchange_rate_for_cash_withdrawal,True
2578,"cash labagannakota, mage transakshan ekata varadi exchange rate ekak pavichchi kala.",wrong_exchange_rate_for_cash_withdrawal,card_payment_wrong_exchange_rate,False
2579,mama ratin eliye innakota fees natuva ATM ekakin withdraw karanna puluvanda?,wrong_exchange_rate_for_cash_withdrawal,wrong_exchange_rate_for_cash_withdrawal,True
2580,"mama videsha karansiyak gatta, exchange rate eka varadiyi.",wrong_exchange_rate_for_cash_withdrawal,card_payment_wrong_exchange_rate,False
2581,mage currency exchange ekedi godak salli gatta vage mata hitenava.,wrong_exchange_rate_for_cash_withdrawal,wrong_exchange_rate_for_cash_withdrawal,True
2582,mage cash withdrawal ekata exchange rate eke error ekak tibuna,wrong_exchange_rate_for_cash_withdrawal,wrong_exchange_rate_for_cash_withdrawal,True
2583,"mama videshayata yaddi, ATMs valadi hari videsha salli, hari rate eke one.",wrong_exchange_rate_for_cash_withdrawal,exchange_rate,False
2584,videsha karansiyak samaga pavichchi karapu ATM eke conversion rate eka varadiyi.,wrong_exchange_rate_for_cash_withdrawal,card_payment_wrong_exchange_rate,False
2585,videsha ATM ekakata exchange rate eka venas ayi,wrong_exchange_rate_for_cash_withdrawal,exchange_rate,False
2586,mage cash withdrawal ekata varadi exchange rate eka charge kala,wrong_exchange_rate_for_cash_withdrawal,wrong_exchange_rate_for_cash_withdrawal,True
2587,holiday ekedi mama ATM eken cash tikak withdraw kala. godak fees charge kala vage. me godak vadi charges gana danagena hitiyanam eka karanne naa!,wrong_exchange_rate_for_cash_withdrawal,wrong_exchange_rate_for_cash_withdrawal,True
2588,"mage withdrawal ekata exchange rate eka hari naa, actual exchange rate ekata match vennet naa.",wrong_exchange_rate_for_cash_withdrawal,wrong_exchange_rate_for_cash_withdrawal,True
2589,oyalage exchange rate policy eka pahadili karannada? mage ATM transakshan ekedi mata hari cash amount eka labuna kiyala mama hitanne naa.,wrong_exchange_rate_for_cash_withdrawal,wrong_exchange_rate_for_cash_withdrawal,True
2590,cash transakshan ekakata mage exchange rate eka varadiyi tibuna.,wrong_exchange_rate_for_cash_withdrawal,card_payment_wrong_exchange_rate,False
2591,mama salli withdraw karaddi vadi exchange rate ekak balaporottu vuna. dan tiyena exchange rates monavada kiyala kiyannada?,wrong_exchange_rate_for_cash_withdrawal,wrong_exchange_rate_for_cash_withdrawal,True
2592,ATM ekedi mage transakshan ekata apply karapu rate eka varadiyi.,wrong_exchange_rate_for_cash_withdrawal,card_payment_wrong_exchange_rate,False
2593,mage cash withdrawal ekata exchange rate eka hari naa.,wrong_exchange_rate_for_cash_withdrawal,wrong_exchange_rate_for_cash_withdrawal,True
2594,"mama videshayedi cash gatta, exchange rate eka hari naa.",wrong_exchange_rate_for_cash_withdrawal,card_payment_wrong_exchange_rate,False
2595,mama videsha karansiyakin ATM ekak pavichchi kala et apply karapu rate eka varadiyi!,wrong_exchange_rate_for_cash_withdrawal,card_payment_wrong_exchange_rate,False
2596,"mama cash gattakota oyalage ekak off vuna, exchange rates determine karanne kohomada",wrong_exchange_rate_for_cash_withdrawal,wrong_exchange_rate_for_cash_withdrawal,True
2597,"Holiday shopping ekata salli ganna ATM machine ekak pavichchi kala, godak charges dakka. ayi eka? mama danagena hitiyanam ATM eka pavichchi karanne naa!",wrong_exchange_rate_for_cash_withdrawal,wrong_exchange_rate_for_cash_withdrawal,True
2598,cash withdrawal exchange rate eka hari naa.,wrong_exchange_rate_for_cash_withdrawal,wrong_exchange_rate_for_cash_withdrawal,True
2599,"US dollars dena local ATM ekak tiyenavada, mage gedara journey ekata salli naa, Sri Lanka ekata enakan balagena inna comfortable naa. withdrawal ekakata extra charges tiyenavada?",wrong_exchange_rate_for_cash_withdrawal,cash_withdrawal_charge,False
2600,disposable virtual card ekak pavichchi karanne kohomada kiyala description ekak labaganna puluvanda,get_disposable_virtual_card,get_disposable_virtual_card,True
2601,disposable virtual card ekak hadaganna puluvanda?,get_disposable_virtual_card,get_disposable_virtual_card,True
2602,virtual disposable card ekak labaganima gana kiyannada?,get_disposable_virtual_card,get_disposable_virtual_card,True
2603,disposable virtual card ekak order karaganna one. eka karanne kohomada?,get_disposable_virtual_card,get_disposable_virtual_card,True
2604,VR cards vada karanne kohomada,get_disposable_virtual_card,card_not_working,False
2605,disposable virtual card ekak kiyanne mokakda?,get_disposable_virtual_card,get_disposable_virtual_card,True
2606,mata temporary virtual card ekak one,get_disposable_virtual_card,getting_virtual_card,False
2607,disposable cards vada karanne kohomada?,get_disposable_virtual_card,disposable_card_limits,False
2608,disposable virtual card ekak pavichchi karanne kohomada?,get_disposable_virtual_card,get_disposable_virtual_card,True
2609,disposable virtual card ekak labaganna hondama tana koheda?,get_disposable_virtual_card,get_disposable_virtual_card,True
2610,disposable cards mata pahadili karannada?,get_disposable_virtual_card,disposable_card_limits,False
2611,mata disposable virtual card ekak labaganna vidiyak tiyenavada?,get_disposable_virtual_card,get_disposable_virtual_card,True
2612,mama dan tamayi disposable virtual card ekak purchase kale. online purchases valata ekaparatama pavichchi karanna puluvanda?,get_disposable_virtual_card,get_disposable_virtual_card,True
2613,disposable virtual card ekak kochchara secure da,get_disposable_virtual_card,get_disposable_virtual_card,True
2614,disposable virtual card ekak labaganna mama mokada karanne?,get_disposable_virtual_card,get_disposable_virtual_card,True
2615,mata disposable virtual card ekak labaganna one.,get_disposable_virtual_card,get_disposable_virtual_card,True
2616,disposable cards pahadili karannada?,get_disposable_virtual_card,disposable_card_limits,False
2617,eka vatavak pavichchi karana virtual card ekak labaganne kohomada,get_disposable_virtual_card,getting_virtual_card,False
2618,matat disposable virtual card ekak labaganna puluvanda?,get_disposable_virtual_card,get_disposable_virtual_card,True
2619,single use virtual card ekak labaganna puluvanda,get_disposable_virtual_card,getting_virtual_card,False
2620,disposable virtual card ekak hadaganna one. eka karanne kohomada?,get_disposable_virtual_card,get_disposable_virtual_card,True
2621,"mage langa disposable virtual card ekak tiyenava, eken mokada karanne kiyala kiyannada?",get_disposable_virtual_card,get_disposable_virtual_card,True
2622,virtual card ekak vada karanne kohomada,get_disposable_virtual_card,getting_virtual_card,False
2623,disposable virtual card ekak labaganna process eka mokakda,get_disposable_virtual_card,get_disposable_virtual_card,True
2624,disposable virtual card ekakin venne mokakda?,get_disposable_virtual_card,get_disposable_virtual_card,True
2625,disposable virtual card ekak order karanne kavadada?,get_disposable_virtual_card,get_disposable_virtual_card,True
2626,matat disposable virtual card ekak ganna puluvanda?,get_disposable_virtual_card,get_disposable_virtual_card,True
2627,disposable virtual card ekak labaganne kohomada?,get_disposable_virtual_card,get_disposable_virtual_card,True
2628,disposable card ekak pavichchi karanne kohomada?,get_disposable_virtual_card,get_disposable_virtual_card,True
2629,"mata disposable virtual card ekak one, labaganne kohomada?",get_disposable_virtual_card,get_disposable_virtual_card,True
2630,disposable cards vada venne kohomada?,get_disposable_virtual_card,disposable_card_limits,False
2631,order karaganna puluvan disposable virtual card ekak tiyenavada?,get_disposable_virtual_card,get_disposable_virtual_card,True
2632,disposable virtual card ekak labaganne kohenda?,get_disposable_virtual_card,get_disposable_virtual_card,True
2633,matat disposable virtual card ekak labaganna puluvan veyida?,get_disposable_virtual_card,get_disposable_virtual_card,True
2634,halo! disposable virtual card ekak order karaganna one. eka kohedi karannada?,get_disposable_virtual_card,get_disposable_virtual_card,True
2635,disposable virtual card ekak request karanne koheda?,get_disposable_virtual_card,get_disposable_virtual_card,True
2636,throw away card ekak labaganna puluvanda,get_disposable_virtual_card,country_support,False
2637,disposable card ekakin transactions kiyak karanna puluvanda,get_disposable_virtual_card,disposable_card_limits,False
2638,disposable cards kiyanne monavada?,get_disposable_virtual_card,disposable_card_limits,False
2639,disposable virtual card ekak labaganna process eka mokakda?,get_disposable_virtual_card,get_disposable_virtual_card,True
2640,app eka mage top up eka denied kala.,top_up_failed,top_up_failed,True
2641,"heyi ada mama mage card eken top up karanna try kala fail vuna! davas kipayakata kalin labune, et antima vatave vada kala. mokada venne, double check karannada?",top_up_failed,top_up_failed,True
2642,mage top up eka go through vune naa. ayi?,top_up_failed,pending_top_up,False
2643,"etakota, mama adata card eka top up karanna try kala. et fail vuna. davas kipayakata kalin pavichchi kala hondata vada kala. double check karala mokada venne kiyala kiyannada?",top_up_failed,top_up_failed,True
2644,app eka mage top up eka denied kale ayi?,top_up_failed,top_up_failed,True
2645,mage top-up eka fail vune ayi kiyala kiyannada.,top_up_failed,top_up_failed,True
2646,mage top-up eka vada karanne naa.,top_up_failed,top_up_failed,True
2647,mama top up karanna try kala app eka denied kala.,top_up_failed,top_up_failed,True
2648,mage top-up eka fail vune mona reason ekatada?,top_up_failed,top_up_failed,True
2649,mage topup eka go through vune natte ayi?,top_up_failed,top_up_failed,True
2650,mage top-up eka vada kalada kiyala check karanne kohomada?,top_up_failed,top_up_failed,True
2651,mage top up eka vada kale naa.,top_up_failed,top_up_failed,True
2652,mage top up eka fail vuna.,top_up_failed,top_up_failed,True
2653,mage topup eka go through novenne ayi?,top_up_failed,top_up_failed,True
2654,mage top up eka vada nokale mokada kiyala?,top_up_failed,top_up_failed,True
2655,mage top up eka vada nokale ayi?,top_up_failed,top_up_failed,True
2656,mage top-up eka unsuccessful vune ayi?,top_up_failed,top_up_reverted,False
2657,mage card ekata funding eka go through vune naa.,top_up_failed,pending_top_up,False
2658,"top up ekata mage credit card eka decline vune ayi kiyala danaganna one? metana deal eka mokakda, go through novune ayi?",top_up_failed,top_up_failed,True
2659,mama top up kala app eka accept kale naa.,top_up_failed,top_up_reverted,False
2660,app eka mage top-up eka denied kala,top_up_failed,top_up_failed,True
2661,mage top up eka vada kale naa kiyala mama hitanava,top_up_failed,top_up_failed,True
2662,mage top up eka app ekedi denied vuna.,top_up_failed,top_up_reverted,False
2663,mage pop-up eka go through vunada kiyala kiyannada?,top_up_failed,pending_top_up,False
2664,mata top up karanna bari vune ayi kiyala check karannada?,top_up_failed,top_up_by_cash_or_cheque,False
2665,mage top-up eka fail vune kohomada?,top_up_failed,top_up_failed,True
2666,"mage top-up eka fail vuna, ayi?",top_up_failed,top_up_failed,True
2667,mama top up karanna try kala. eka denied vune ayi?,top_up_failed,top_up_failed,True
2668,deal eka mokakda? mage card eka top up ekata denied vuna. go through novenne ayi?,top_up_failed,top_up_failed,True
2669,mage top up eka hariyata vada karanava kiyala mama hitanne naa,top_up_failed,pending_top_up,False
2670,app eken account eka top up karanna ida denne naa,top_up_failed,topping_up_by_card,False
2671,mage top up request eka denied vune ayi kiyala danne naa,top_up_failed,top_up_reverted,False
2672,mata top up karanna bari ayi?,top_up_failed,topping_up_by_card,False
2673,mage top-up eka fail vela.,top_up_failed,top_up_failed,True
2674,top up eke problam,top_up_failed,top_up_failed,True
2675,"ada mata mage card eken salli attatama one, et mage card eka decline venava. plis udav karanna!!",top_up_failed,declined_card_payment,False
2676,mage top up eka unsuccessful vunada kiyala danaganne kohomada?,top_up_failed,top_up_reverted,False
2677,mage top up eka fail vuna kiyala sthirayi. meka fix karanne kohomada?,top_up_failed,top_up_failed,True
2678,top up vada novenne ayi,top_up_failed,top_up_failed,True
2679,mage top up eka vada nokale ayi kiyala kiyannada?,top_up_failed,top_up_failed,True
2680,paya kipayakata kalin local bank account ekakin transfer ekak kala. thama transfer eka penne naa. plis meka check karannada.,balance_not_updated_after_bank_transfer,balance_not_updated_after_bank_transfer,True
2681,mama salli transfer kalama account eke balance eka venas vune naa,balance_not_updated_after_bank_transfer,balance_not_updated_after_bank_transfer,True
2682,mage transfer karapu salli penna kochchara vela yanavada?,balance_not_updated_after_bank_transfer,balance_not_updated_after_bank_transfer,True
2683,mama salli tikak transfer kalata passe mage balance eka venas novune ayi?,balance_not_updated_after_bank_transfer,balance_not_updated_after_bank_transfer,True
2684,transfer ekakata passe mage balance eka update venne kavadada?,balance_not_updated_after_bank_transfer,balance_not_updated_after_bank_transfer,True
2685,mgekata international transfer ekak enna kochchara vela yanavada?,balance_not_updated_after_bank_transfer,transfer_timing,False
2686,"local bank account ekakin transfers samanyayen ganna velava mokakda? mama dan transfer ekak complete kala, eka kohevat pennema naa. okkoma harida kiyala dan mata hitenava.",balance_not_updated_after_bank_transfer,balance_not_updated_after_bank_transfer,True
2687,mage transfer eka account eke available venne kavadada.,balance_not_updated_after_bank_transfer,transfer_timing,False
2688,mama transfer karapu salli labune naa,balance_not_updated_after_bank_transfer,balance_not_updated_after_bank_transfer,True
2689,mama dan tamayi bank transfer ekak complete kale balance eka update vune naa,balance_not_updated_after_bank_transfer,balance_not_updated_after_bank_transfer,True
2690,mama salli tikak transfer kala et eka kohen hari nati vela ati kiyala mama hitanava.,balance_not_updated_after_bank_transfer,transfer_not_received_by_recipient,False
2691,local bank transfer ekakata kochchara vela yanavada?,balance_not_updated_after_bank_transfer,balance_not_updated_after_bank_transfer,True
2692,halo mama paya kipayakata kalin mage local bank account eken bank transfer ekak kala et thama penne naa. okkoma harida kiyala check karannada?,balance_not_updated_after_bank_transfer,balance_not_updated_after_bank_transfer,True
2693,mama transfer ekak kala thama balagena innava.,balance_not_updated_after_bank_transfer,pending_transfer,False
2694,mama ratin pitata transfer ekak kala thama go through vune naa.,balance_not_updated_after_bank_transfer,balance_not_updated_after_bank_transfer,True
2695,"transfer ekata passe, balance eka update vune naa.",balance_not_updated_after_bank_transfer,balance_not_updated_after_bank_transfer,True
2696,"paya kipayakata kalin mama local bank account eken karapu transfer ekak check karannada, thama penne naa.",balance_not_updated_after_bank_transfer,balance_not_updated_after_bank_transfer,True
2697,mata cash transfer kala et balance eka venas vune naa.,balance_not_updated_after_bank_transfer,balance_not_updated_after_bank_transfer,True
2698,mage antima bank transfer eka balaganna baa,balance_not_updated_after_bank_transfer,balance_not_updated_after_bank_transfer,True
2699,mage bank transfer eka thama mage account eke penne naa.,balance_not_updated_after_bank_transfer,balance_not_updated_after_bank_transfer,True
2700,mama transfer ekak kala eka mage account eke penne naa.,balance_not_updated_after_bank_transfer,balance_not_updated_after_bank_transfer,True
2701,mama salli tikak transfer kala thama labenne naa.,balance_not_updated_after_bank_transfer,transfer_not_received_by_recipient,False
2702,mage balance eka ekama ayi? mama transfer ekak process kala.,balance_not_updated_after_bank_transfer,balance_not_updated_after_bank_transfer,True
2703,mage transfer eka mata natte ayi?,balance_not_updated_after_bank_transfer,failed_transfer,False
2704,mage account eke transfer eka nopennenne ayi?,balance_not_updated_after_bank_transfer,balance_not_updated_after_bank_transfer,True
2705,mama transfer karapu salli balance eke penne naa.,balance_not_updated_after_bank_transfer,balance_not_updated_after_bank_transfer,True
2706,mama transfer ekak complete kala et eka penne naa.,balance_not_updated_after_bank_transfer,transfer_not_received_by_recipient,False
2707,mama account ekata transfer ekak kala et penne naa,balance_not_updated_after_bank_transfer,balance_not_updated_after_bank_transfer,True
2708,mage transfer eka available venne kavadada,balance_not_updated_after_bank_transfer,transfer_timing,False
2709,mama balance transfer ekak kala kiyala nopennenne ayi?,balance_not_updated_after_bank_transfer,balance_not_updated_after_bank_transfer,True
2710,"paya kipayakata kalin mama local bank account eken bank transfer ekak kala. eya thama penne naa, eka go through vunada kiyala check karannada?",balance_not_updated_after_bank_transfer,balance_not_updated_after_bank_transfer,True
2711,mage transfer eka pending.,balance_not_updated_after_bank_transfer,pending_transfer,False
2712,"heyi, paya kipayakata kalin local bank account eken bank transfer ekak karanna try kala, et thama penne naa. okkoma harida kiyala check karannada?",balance_not_updated_after_bank_transfer,balance_not_updated_after_bank_transfer,True
2713,[country] eken mage transfer eka koheda?,balance_not_updated_after_bank_transfer,transfer_timing,False
2714,"mama bank transfer ekak kala, mage account balance eke eka penne naa.",balance_not_updated_after_bank_transfer,balance_not_updated_after_bank_transfer,True
2715,mage salli koheda? mama transfer kala eka account eke naa.,balance_not_updated_after_bank_transfer,balance_not_updated_after_bank_transfer,True
2716,local bank account ekakin typical transfer time frame eka danaganna one. mama dan transfer ekak kala eka nopennenava. okkoma harida kiyala confirm karaganna one.,balance_not_updated_after_bank_transfer,balance_not_updated_after_bank_transfer,True
2717,mage balance eke transfer eka reflect novenne ayi,balance_not_updated_after_bank_transfer,balance_not_updated_after_bank_transfer,True
2718,mama dan salli transfer kalat mage account balance eka vadi vune naa,balance_not_updated_after_bank_transfer,balance_not_updated_after_bank_transfer,True
2719,bank transfer ekakata passe mage alut balance eka penne kavadada?,balance_not_updated_after_bank_transfer,balance_not_updated_after_bank_transfer,True
2720,kavuru hari mage card eken salli gannava kiyala mama hitanava. mama mokada karanne?,cash_withdrawal_not_recognised,compromised_card,False
2721,mage novana withdrawal ekak app eke tiyenava.,cash_withdrawal_not_recognised,cash_withdrawal_not_recognised,True
2722,"mama dan tamayi wallet eka nati kale, oyala danatamat mage account eken salli withdraw karagena yanava. meka navattanne kohomada?",cash_withdrawal_not_recognised,cash_withdrawal_not_recognised,True
2723,"mata ATM ekakin cash labune naa, et app eke labuna kiyala tiyenava",cash_withdrawal_not_recognised,wrong_amount_of_cash_received,False
2724,mage app eke mata labune nati cash ekak tiyenava.,cash_withdrawal_not_recognised,cash_withdrawal_not_recognised,True
2725,app eke ahamben withdrawal ekak tiyenne ayi?,cash_withdrawal_not_recognised,cash_withdrawal_not_recognised,True
2726,account eke suspicious cash withdraw ekak tiyenava.,cash_withdrawal_not_recognised,cash_withdrawal_not_recognised,True
2727,"mata ATM ekakin cash labune naa, et app ekata anuva mama nokala transakshan ekak vuna.",cash_withdrawal_not_recognised,wrong_amount_of_cash_received,False
2728,"ATM ekakin cash withdraw kala kiyala app eke tiyenava, mama kale naa",cash_withdrawal_not_recognised,cash_withdrawal_not_recognised,True
2729,"ATM ekakin cash labuna kiyala app eke tiyenava, mata labune naa.",cash_withdrawal_not_recognised,wrong_amount_of_cash_received,False
2730,amataka withdrawal ekak tiyena nisa mage bank card eka freeze karanne kohomada?,cash_withdrawal_not_recognised,cash_withdrawal_not_recognised,True
2731,mama nokala cash withdrawal ekak mama dakinava.,cash_withdrawal_not_recognised,cash_withdrawal_not_recognised,True
2732,mama app eka check kala mama authorize nokala amatara cash withdrawal ekak dakka,cash_withdrawal_not_recognised,cash_withdrawal_not_recognised,True
2733,mage statement eke amataka cash withdrawal ekak tiyenava,cash_withdrawal_not_recognised,cash_withdrawal_not_recognised,True
2734,mama nokala cash withdraw ekak mage statement eke tiyenava.,cash_withdrawal_not_recognised,cash_withdrawal_not_recognised,True
2735,mama hitanne kavuru hari mage card eken salli withdraw karanava. kavuru hari mage wallet eka horakam kala. mama mokada karanne? meka urgent.,cash_withdrawal_not_recognised,cash_withdrawal_not_recognised,True
2736,app eke mage novana cash withdrawal ekak mama dakinava,cash_withdrawal_not_recognised,cash_withdrawal_not_recognised,True
2737,mage account eke amataka withdrawal ekak tiyenava.,cash_withdrawal_not_recognised,cash_withdrawal_not_recognised,True
2738,mage statement eke withdrawl ekak gana mata hariyatama danne naa.,cash_withdrawal_not_recognised,cash_withdrawal_not_recognised,True
2739,"vena kavuru hari mage account eken cash withdraw kala vage, udav karannada?",cash_withdrawal_not_recognised,cash_withdrawal_not_recognised,True
2740,mama nokala withdraw ekak penava kiyala mama hitanava.,cash_withdrawal_not_recognised,cash_withdrawal_not_recognised,True
2741,mata labune nati cash ekak mage app eke penava.,cash_withdrawal_not_recognised,cash_withdrawal_not_recognised,True
2742,"mage account eken Rs 500,000ka unauthorized cash withdrawal ekak tiyenava. mama me withdrawal eka sthiravama kale naa. mata oyalage udav one.",cash_withdrawal_not_recognised,cash_withdrawal_not_recognised,True
2743,mama nokala ATM withdrawl ekak app eke tiyenava.,cash_withdrawal_not_recognised,cash_withdrawal_not_recognised,True
2744,mage account eke odd withdrawal ekak tiyenava.,cash_withdrawal_not_recognised,cash_withdrawal_not_recognised,True
2745,"tika kalayakata kalin horakam vuna mage card eka cancel karaganna one. danatamat kavuru hari tikak salli gatta, tava ganna one naa. plis eka karannada?",cash_withdrawal_not_recognised,lost_or_stolen_card,False
2746,mage card eka cancel karanne kohomada? mama nokala charges mage account eke tiyenava.,cash_withdrawal_not_recognised,compromised_card,False
2747,"error ekak tiyenava, app eke mama ATM withdrawal ekak kala kiyala tiyenava, mama kale naa.",cash_withdrawal_not_recognised,cash_withdrawal_not_recognised,True
2748,"kavuruvatta udav karanna puluvanda, mama wallet eka nati kala, egollo mage account eken withdraw karanna patan aran.",cash_withdrawal_not_recognised,cash_withdrawal_not_recognised,True
2749,mage statement eke amataka withdrawl ekak dakkot mama mokada karanne?,cash_withdrawal_not_recognised,cash_withdrawal_not_recognised,True
2750,cash withdrawal ekak mama handunanne naa,cash_withdrawal_not_recognised,cash_withdrawal_not_recognised,True
2751,"udav! mage wallet eka horakam vuna, kavuru hari salli gannava. mata me salli one! mama mokada karanne?",cash_withdrawal_not_recognised,lost_or_stolen_card,False
2752,mama hariyatama danne nati cash withdrawal transaction ekak tiyenava.,cash_withdrawal_not_recognised,cash_withdrawal_not_recognised,True
2753,mama ATM ekakin salli gatte naa et mage app statement eke mama gatta kiyala tiyenava. meka fix karanne kohomada?,cash_withdrawal_not_recognised,cash_withdrawal_not_recognised,True
2754,"kavuru hari mage card eka horakam kala. mage langa card eka tiyeddit, kavuru hari Rs 500,000ka cash withdrawal ekak kala. plis ikmanata udav karanna.",cash_withdrawal_not_recognised,cash_withdrawal_not_recognised,True
2755,mata labune nati cash ekak app eke penava.,cash_withdrawal_not_recognised,cash_withdrawal_not_recognised,True
2756,mage card ekata problamayak tiyenava. mama gihin nati town ekaka kavuru hari mage account eken salli aragena. plis mage account eka danma freeze karannada?,cash_withdrawal_not_recognised,compromised_card,False
2757,app eke mama handunanne nati ATM withdrawl ekak tiyenava.,cash_withdrawal_not_recognised,cash_withdrawal_not_recognised,True
2758,mama nokala cash withdrawal ekak penava.,cash_withdrawal_not_recognised,cash_withdrawal_not_recognised,True
2759,"app eke error ekak vuna, mama cash withdrawal ekak kala kiyala kivva.",cash_withdrawal_not_recognised,cash_withdrawal_not_recognised,True
2760,exchange fee ekak tiyenavada?,exchange_charge,exchange_charge,True
2761,oyalage exchange rate eka mokakda,exchange_charge,exchange_rate,False
2762,oyalage currency exchange fees monavada?,exchange_charge,exchange_charge,True
2763,exchange rate eka hoyaganne koheda?,exchange_charge,exchange_rate,False
2764,cross-currency exchanges valata base amount eka mokakda?,exchange_charge,exchange_charge,True
2765,"mage vada nisa mata loke purama yanna venava, exchange karanna one salli ganata discount ekak labeyida?",exchange_charge,exchange_charge,True
2766,currencies exchange karanna mata kiyak vadipura gevanna oneda?,exchange_charge,exchange_charge,True
2767,currencies exchange karanna fee ekak tiyenavada?,exchange_charge,exchange_charge,True
2768,currencies exchange karanna kiyak yanavada?,exchange_charge,exchange_charge,True
2769,exchange charge eka mokakda,exchange_charge,exchange_charge,True
2770,nitarama currencies exchange karana kenekta discount ekak tiyenavada?,exchange_charge,exchange_charge,True
2771,videsha salli exchange karanna fee ekak tiyenavada?,exchange_charge,exchange_charge,True
2772,currencies exchange karanna gevanna oneda?,exchange_charge,exchange_charge,True
2773,currencies exchange karanna amatara cost ekak yanavada?,exchange_charge,exchange_charge,True
2774,videsha currencies exchange karanna fee ekak tiyenavada?,exchange_charge,exchange_charge,True
2775,videsha currencies exchange karanna fee ekak charge karayida?,exchange_charge,exchange_charge,True
2776,"cross currency exchange ekakata kiyak yanavada, discounts tiyenavada kiyala check karanna puluvanda?",exchange_charge,exchange_charge,True
2777,multiple currency exchanges valata discount ekak oyala offer karanavada?,exchange_charge,exchange_charge,True
2778,exchange fee ekata mama kiyak gevanna oneda?,exchange_charge,exchange_charge,True
2779,"mata currency exchange karanna one nam, extras tiyenavada?",exchange_charge,exchange_charge,True
2780,mata currency exchange karanna one nam amatara fee ekak tiyenavada?,exchange_charge,exchange_charge,True
2781,frequent currency exchanges valata discounts offer karanavada kiyala mama hituva?,exchange_charge,exchange_charge,True
2782,currencies exchange karanna mata charge karayida?,exchange_charge,exchange_charge,True
2783,exchange fee eka mokakda?,exchange_charge,exchange_charge,True
2784,me card eken currencies exchange karanna cost ekak yanavada?,exchange_charge,exchange_charge,True
2785,exhcange ekakata oyala kiyak charge karanavada,exchange_charge,top_up_by_bank_transfer_charge,False
2786,currencies exchange karanna hidden fees monavahari tiyenavada?,exchange_charge,exchange_charge,True
2787,"mama travel karaddi, mage currency eka switch karanna cost eka mokakda?",exchange_charge,exchange_charge,True
2788,videsha currency exchange karanna mama kiyak gevanna oneda?,exchange_charge,exchange_charge,True
2789,currency exchange services valata cost ekak yanavada?,exchange_charge,exchange_charge,True
2790,currency exchange karanna amatara charges tiyenavada?,exchange_charge,exchange_charge,True
2791,"mata currencies nitarama exchange karanna one, discount ekak labeyida?",exchange_charge,exchange_charge,True
2792,videsha currency exchange ekakata charge ekak tiyenavada?,exchange_charge,exchange_charge,True
2793,nitarama currencies exchange karana ekata discount ekak tiyenavada?,exchange_charge,exchange_charge,True
2794,exchange fee ekata cost eka mokakda?,exchange_charge,exchange_charge,True
2795,mage currency eka exchange karanna one nam vadi salli yanavada?,exchange_charge,exchange_charge,True
2796,"mata currencies exchange karaganna one, et amatara charge ekak tiyenavada?",exchange_charge,exchange_via_app,False
2797,exchanges valata kisi ekak cost karayida?,exchange_charge,exchange_charge,True
2798,videshayen amatara costs natuva salli exchange karanna puluvanda?,exchange_charge,exchange_charge,True
2799,currencies exchange karanna cost ekak yanavada?,exchange_charge,exchange_charge,True
2800,top up karanna videsha bank card ekak pavichchi karanna fee ekak tiyenavada?,top_up_by_card_charge,top_up_by_card_charge,True
2801,international card ekakin salli add karanna fees tiyenavada?,top_up_by_card_charge,top_up_by_card_charge,True
2802,"US card ekakin pavichchi kalama mata charge kala. ayi, salli add karanna free cards monavada?",top_up_by_card_charge,top_up_by_card_charge,True
2803,salli add kalot international card ekata hidden fees tiyenavada?,top_up_by_card_charge,top_up_by_card_charge,True
2804,mage card eka top off karanna mata charge karayida?,top_up_by_card_charge,top_up_by_bank_transfer_charge,False
2805,US cards top up karanna charges tiyenavada?,top_up_by_card_charge,top_up_by_card_charge,True
2806,top ups valata fees tiyenavada?,top_up_by_card_charge,top_up_by_card_charge,True
2807,top up ekak samaga US cards valata charges monavada.,top_up_by_card_charge,top_up_by_card_charge,True
2808,videsha card ekakin top up karanna amatara charge ekak tiyenavada?,top_up_by_card_charge,top_up_by_card_charge,True
2809,top ups valata fees gannavada?,top_up_by_card_charge,top_up_by_card_charge,True
2810,"mama dan tamayi card eka top off kale, mata charge karayida?",top_up_by_card_charge,top_up_by_bank_transfer_charge,False
2811,card ekakin top up karanna kiyak yanavada?,top_up_by_card_charge,top_up_by_card_charge,True
2812,top up ekakata videsha bank card ekak pavichchi kalot fees tiyenavada?,top_up_by_card_charge,top_up_by_card_charge,True
2813,top-up fees monavada?,top_up_by_card_charge,top_up_by_card_charge,True
2814,mage card eka top up karanna charge eka kiyada?,top_up_by_card_charge,top_up_by_card_charge,True
2815,US card ekak top up karanna mama kiyak gevanava kiyala balaporottu vennada?,top_up_by_card_charge,top_up_by_card_charge,True
2816,card ekakin top up kalot fee ekak include venavada?,top_up_by_card_charge,top_up_by_card_charge,True
2817,"videsha bank card ekak top up ekakata pavichchi kalot, mata charge karayida?",top_up_by_card_charge,top_up_by_bank_transfer_charge,False
2818,top up ekakata videsha bank card ekakata amatara fees tiyenavada?,top_up_by_card_charge,top_up_by_card_charge,True
2819,top up ekakata videsha bank card ekak pavichchi kalot mata charge karayida?,top_up_by_card_charge,top_up_by_bank_transfer_charge,False
2820,top up ekakata videsha bank card ekak pavichchi karanna one. gevanna oneda?,top_up_by_card_charge,top_up_by_card_charge,True
2821,card ekakin top up karanna mata charge karayida?,top_up_by_card_charge,top_up_by_bank_transfer_charge,False
2822,top up karanna fee ekak tiyenavada,top_up_by_card_charge,top_up_by_card_charge,True
2823,top ups valata oyala kiyak charge karanavada?,top_up_by_card_charge,top_up_by_card_charge,True
2824,US card ekak top up karanna mokak hari cost karayida?,top_up_by_card_charge,top_up_by_card_charge,True
2825,mage card eka top up kirimata fee ekak tiyenavada?,top_up_by_card_charge,top_up_by_card_charge,True
2826,international card ekak pavichchi karala salli add karanna fees tiyenavada,top_up_by_card_charge,top_up_by_card_charge,True
2827,"US card ekak pavichchi karaddi, top up/off ekakata cost eka mokakda?",top_up_by_card_charge,top_up_by_card_charge,True
2828,"top up ekakata videsha card ekak pavichchi karanna one, charge eka mokakda?",top_up_by_card_charge,top_up_by_card_charge,True
2829,top up karanna bank card ekak pavichchi karana eka harida,top_up_by_card_charge,top_up_by_card_charge,True
2830,top up karanna fee ekak tiyenavada?,top_up_by_card_charge,top_up_by_card_charge,True
2831,top ups valata kisi fees ekak tiyenavada?,top_up_by_card_charge,top_up_by_card_charge,True
2832,international card ekakin salli add karanna fees monavada?,top_up_by_card_charge,top_up_by_card_charge,True
2833,top up ekakata videsha bank ekak pavichchi kalot charge ekak ho discount ekak tiyenavada?,top_up_by_card_charge,top_up_by_bank_transfer_charge,False
2834,top ups valata fee ekak tiyenavada?,top_up_by_card_charge,top_up_by_card_charge,True
2835,international card ekakin top up karanna puluvanda,top_up_by_card_charge,top_up_by_card_charge,True
2836,international card ekakin salli add karanna one nam mokada venne? fees valata run into vevida?,top_up_by_card_charge,top_up_by_card_charge,True
2837,international card ekata salli add karanna amatara fees tiyenavada?,top_up_by_card_charge,top_up_by_card_charge,True
2838,top ups valata fees monavada?,top_up_by_card_charge,top_up_by_card_charge,True
2839,US cards valata top up charges monavada?,top_up_by_card_charge,top_up_by_card_charge,True
2840,plis mage card eka activate karannada,activate_my_card,activate_my_card,True
2841,"mage card eka activate karanna one, dan eka karanna puluvanda?",activate_my_card,activate_my_card,True
2842,mage alut card eka activate karanna mama mokada karanna one?,activate_my_card,activate_my_card,True
2843,mage alut card eka activate karanne kohomada kiyala kiyannada?,activate_my_card,activate_my_card,True
2844,mata pavichchi karanna patan ganna mage card eka activate karanne kohomada?,activate_my_card,activate_my_card,True
2845,mage alut card eka activate venna kochchara vela yanavada?,activate_my_card,activate_my_card,True
2846,mage card eka activate karanna hari vidiya mokakda?,activate_my_card,activate_my_card,True
2847,"mata alut card eka labuna, eka activate karanne kohomada?",activate_my_card,activate_my_card,True
2848,mage alut card eka renew karanna vidiyak tiyenavada?,activate_my_card,card_arrival,False
2849,mata labuna card ekak activate karanne kohomada?,activate_my_card,activate_my_card,True
2850,mata mage card eka activate karaganna bari ayi?,activate_my_card,activate_my_card,True
2851,card activation process eka mokakda?,activate_my_card,activate_my_card,True
2852,card eka MISSING vunata passe mama mokada karanne,activate_my_card,card_not_working,False
2853,"mata alut card eka labuna, eka activate karanna koheta yanna oneda?",activate_my_card,activate_my_card,True
2854,"mage card eka pavichchi karanna one, eka mulinma activate karanna one. mekata udav karannada?",activate_my_card,activate_my_card,True
2855,mage alut card eka activate karanna mata udav one.,activate_my_card,activate_my_card,True
2856,card eka activate karanne kohomada?,activate_my_card,activate_my_card,True
2857,"plis, mage card eka activate karanna",activate_my_card,activate_my_card,True
2858,mage card eka activate karanna try kala vada kale naa,activate_my_card,activate_my_card,True
2859,"mata dan tamayi card eka labune, eka pavichchi karanna one, mage card eka activate karanne kohomada?",activate_my_card,activate_my_card,True
2860,"mata alut card ekak tiyenava, eka activate karaganna one",activate_my_card,activate_my_card,True
2861,card activation ekata plis mata udav karanna.,activate_my_card,activate_my_card,True
2862,mage card eka activate karanna mata udav one,activate_my_card,activate_my_card,True
2863,mage card eka pavichchi karanna patan ganne kohomada?,activate_my_card,card_acceptance,False
2864,mage card eka activate kirima,activate_my_card,activate_my_card,True
2865,mage card eka activate venne kavadada?,activate_my_card,activate_my_card,True
2866,mage card eka activate karanne kohomada?,activate_my_card,activate_my_card,True
2867,mage alut card eka activate karanna steps monavada?,activate_my_card,activate_my_card,True
2868,mage alut card eka activate karanne kohomada?,activate_my_card,activate_my_card,True
2869,mage alut card eke activation process eka mokakda?,activate_my_card,activate_my_card,True
2870,mage card eka activate karanna kavuru hari udav karannada.,activate_my_card,activate_my_card,True
2871,mage card eka activate karana process eka mokakda?,activate_my_card,activate_my_card,True
2872,mage alut card eka pavichchi karanne kohomada?,activate_my_card,card_linking,False
2873,"mata alut card eka labuna, eka activate karanna oneda, kohomada kiyala sthira naa.",activate_my_card,activate_my_card,True
2874,alut card ekak activate karana steps monavada?,activate_my_card,activate_my_card,True
2875,"dan pavichchi karanna mage card eka activate karaganna one, udav karannada?",activate_my_card,activate_my_card,True
2876,alut card ekak activate karanne kohomada?,activate_my_card,activate_my_card,True
2877,"mata me card eka dan tamayi labune, eka activate karanne kohomada kiyala danne naa.",activate_my_card,activate_my_card,True
2878,mata alut card eka labuna. eka activate karanne kohomada?,activate_my_card,activate_my_card,True
2879,mage card eka activate karanna mama mokada karanna one?,activate_my_card,activate_my_card,True
2880,cash withdraw ekakata fees mama dakinava.,cash_withdrawal_charge,cash_withdrawal_charge,True
2881,mama cash withdraw kalama mata amatara charge kale ayi?,cash_withdrawal_charge,cash_withdrawal_charge,True
2882,cash withdraw karaddi mata charge karanne ayi?,cash_withdrawal_charge,cash_withdrawal_charge,True
2883,cash withdrawal ekakata mage account eke me charge eka mokakda?,cash_withdrawal_charge,cash_withdrawal_charge,True
2884,cash withdrawals valata fees charge karanne ayi? ada shopping karala tikakata kalin salli withdraw karanna giya. kalin nati fee ekak tiyenava.,cash_withdrawal_charge,cash_withdrawal_charge,True
2885,"cash withdrawals valata oyala charge karanne ayi? ada groceries gattata passe cash withdraw kala, alut fee ekak vage tiyenava",cash_withdrawal_charge,cash_withdrawal_charge,True
2886,"ATM ekata giya ekata withdrawal fee ekak charge kala vage. eka ayi, mokada kalin mekata charge karala naa?",cash_withdrawal_charge,cash_withdrawal_charge,True
2887,"ATM cash withdrawals valata dan charge ekak tiyenavada? kalin free tibuna, et ekaparatama ATM withdrawals valata pay karanna one?",cash_withdrawal_charge,cash_withdrawal_charge,True
2888,withdraw karapu salli valata amatara charge ekak tiyenne ayi?,cash_withdrawal_charge,cash_withdrawal_charge,True
2889,cash withdraw karanna mata fee ekak ayakale ayi?,cash_withdrawal_charge,cash_withdrawal_charge,True
2890,mata fee ekak labune ayi?,cash_withdrawal_charge,card_payment_fee_charged,False
2891,tiyenna bari fee ekak mage cash ekata charge kale ayi.,cash_withdrawal_charge,cash_withdrawal_charge,True
2892,mama cash gattama fee ekak gevanna one vune ayi?,cash_withdrawal_charge,cash_withdrawal_charge,True
2893,"halo, mage account eke metaka vuna transaction ekak gana call karanne. metaka ATM ekata gihin, account eken withdraw karanna try kala. transaction slip eka check karaddi withdrawal ekata fee ekak dakka. meka resolve karanne kohomada, me vage action ekakata fees charge karanava kiyala danne naa.",cash_withdrawal_charge,cash_withdrawal_charge,True
2894,mage meta withdrawal ekata fee ekak charge kala.,cash_withdrawal_charge,cash_withdrawal_charge,True
2895,ATM withdrawal ekakata mata fee ekak labuna.,cash_withdrawal_charge,cash_withdrawal_charge,True
2896,simple cash withdrawal ekakata passe mata labuna me fee eke hetuva mokakda?,cash_withdrawal_charge,cash_withdrawal_charge,True
2897,"cash withdrawals valata charge karanna patan gattada? mama hituve danata free kiyala, et ekaparatama fee ekak tiyenava dakka. mama kiyak gevanna oneda?",cash_withdrawal_charge,cash_withdrawal_charge,True
2898,cash withdraw karanna fee ekak tiyenavada?,cash_withdrawal_charge,cash_withdrawal_charge,True
2899,"cash withdraw karaddi mata charge kala, ayi kiyala pahadili karannada?",cash_withdrawal_charge,cash_withdrawal_charge,True
2900,ATM ekak pavichchi kalama mage account ekata charge kale ayi?,cash_withdrawal_charge,card_payment_fee_charged,False
2901,cash ganna ekata mage account eke charge ekak tiyenne ayi?,cash_withdrawal_charge,cash_withdrawal_charge,True
2902,ATM fee ekak mage meta withdrawal ekata attach kala.,cash_withdrawal_charge,cash_withdrawal_charge,True
2903,cash withdrawals valata fee ekak naa kiyala mama hituva,cash_withdrawal_charge,cash_withdrawal_charge,True
2904,cash ganna try kalama mata fee ekak charge kale ayi?,cash_withdrawal_charge,cash_withdrawal_charge,True
2905,"grocery store eke checkout karaddi, cash one vuna illuva. et transakshan ekata fee ekak tiyenava dakka. fee ekak charge kale ayi?",cash_withdrawal_charge,transfer_fee_charged,False
2906,ATM ekak pavichchi kirima nisa mata amatara fee ekak labuna. ayi?,cash_withdrawal_charge,card_payment_fee_charged,False
2907,withdrawal ekakata mata vadipura charge kala,cash_withdrawal_charge,cash_withdrawal_charge,True
2908,charge novennama withdraw karanna puluvan amount ekata limit ekak tiyenavada?,cash_withdrawal_charge,cash_withdrawal_charge,True
2909,cash withdrawals free kiyala mama hituva? fee ekak charge kale ayi? me fee eka kiyada?,cash_withdrawal_charge,cash_withdrawal_charge,True
2910,"tava fees, me para magema cash eka withdraw karana ekata. oyala mava robbery karanne ayi?",cash_withdrawal_charge,cash_withdrawal_charge,True
2911,cash withdrawal ekakata kalin kavadavat fee ekak charge karala naa. eka venas vune kavadada?,cash_withdrawal_charge,cash_withdrawal_charge,True
2912,cash withdrawal ekakata mata charge kala.,cash_withdrawal_charge,cash_withdrawal_charge,True
2913,cash withdrawal ekakata mata charge kale ayi?,cash_withdrawal_charge,cash_withdrawal_charge,True
2914,mama cash gatta fee ekak charge kala,cash_withdrawal_charge,cash_withdrawal_charge,True
2915,mase mul davasema kuda withdrawal ekakata ATM fee ekak charge kala. masekata 200k allowed kiyala mama hituve?,cash_withdrawal_charge,cash_withdrawal_charge,True
2916,me ATM eke mata varadi fee ekak charge kala.,cash_withdrawal_charge,cash_withdrawal_charge,True
2917,"mama cash gattakota, glitch ekak nisa overcharge kala kiyala mama sthirayi.",cash_withdrawal_charge,wrong_exchange_rate_for_cash_withdrawal,False
2918,"cash gatta ekata mage account ekata charge kala, meka vune ayi?",cash_withdrawal_charge,cash_withdrawal_charge,True
2919,withdraw karana ekata fee ekak tiyenne ayi?,cash_withdrawal_charge,cash_withdrawal_charge,True
2920,China ekata yavanna alut card ekak order karanna puluvanda?,card_about_to_expire,card_about_to_expire,True
2921,China ekata alut card eka evanna oyalata puluvanda?,card_about_to_expire,card_about_to_expire,True
2922,mage card eka expire vunama mage account ekata mokada venne?,card_about_to_expire,card_about_to_expire,True
2923,mage card eka expire vunama mama mokada karanne?,card_about_to_expire,card_about_to_expire,True
2924,mage card eke expiration date eka langayi,card_about_to_expire,card_about_to_expire,True
2925,"mage card eka expire venava, dan mokada venne?",card_about_to_expire,card_about_to_expire,True
2926,mage card eka expire venna langayi. mama mokada karanna one?,card_about_to_expire,card_about_to_expire,True
2927,alut card ekakata kochchara velavak saha kiyak yanavada,card_about_to_expire,card_delivery_estimate,False
2928,alut card ekak labaganna kiyak yanavada? mage eka almost expire vela. kochchara ikmanatada enne?,card_about_to_expire,card_about_to_expire,True
2929,"mage card eka expire venna langayi, alut ekak labaganna mama mokada karanne?",card_about_to_expire,card_about_to_expire,True
2930,"mage card eka expire venna langayi, kiyak yanavada kochchara velavak yanavada kiyala danaganna one.",card_about_to_expire,card_about_to_expire,True
2931,mage card eka expire vunama oyala alut card ekak evanavada?,card_about_to_expire,card_about_to_expire,True
2932,mage card eka expire venna langa nam ilanga step eka mokakda.,card_about_to_expire,card_about_to_expire,True
2933,mage card eka expire vunama mama mokada karanna one?,card_about_to_expire,card_about_to_expire,True
2934,"mata alut card ekak one, mage dan tiyena card eka almost expire vela.",card_about_to_expire,card_about_to_expire,True
2935,"mage card eka labana mase expire venava vage, alut ekak order karanna puluvanda?",card_about_to_expire,card_about_to_expire,True
2936,"mage card eka expire venna langayi. alut ekak order karanna kiyak yanavada, kochchara ikmanata labeyida?",card_about_to_expire,card_about_to_expire,True
2937,mage card eka expire venakota mama mokada karanne?,card_about_to_expire,card_about_to_expire,True
2938,"ikmanatama mata alut card ekak one vevi, order karanne kohomada?",card_about_to_expire,card_about_to_expire,True
2939,"alut card ekak one, fees saha kochchara velavak yanavada",card_about_to_expire,card_delivery_estimate,False
2940,labana mase mage eka expire vena nisa alut card ekak order karanna oneda?,card_about_to_expire,card_about_to_expire,True
2941,"mage card eka expire vunama, mail eken alut ekak labeyida?",card_about_to_expire,card_about_to_expire,True
2942,current card eka expire venakalin alut ekak order karanna oneda?,card_about_to_expire,card_about_to_expire,True
2943,"mage card eka expire venna langa nisa, mata alut ekak one.",card_about_to_expire,card_about_to_expire,True
2944,"mage card eka expire venna godak langayi. alut ekak order karanne kavadada, karanne kohomada?",card_about_to_expire,card_about_to_expire,True
2945,"mata alut card ekak order karanna one, mage eka expire venna langayi, kiyak yanavada, kochchara labenna yanavada kiyala danaganna one.",card_about_to_expire,card_about_to_expire,True
2946,expire venakalin alut card ekak order karanne kohomada?,card_about_to_expire,card_about_to_expire,True
2947,mama China eke innakota alut card ekak labaganna puluvanda?,card_about_to_expire,card_about_to_expire,True
2948,"labana mase mage card eka expire venava, alut ekak order karanna oneda?",card_about_to_expire,card_about_to_expire,True
2949,mage card eke expiration date eka langin enava.,card_about_to_expire,card_about_to_expire,True
2950,expire venna langa parana card ekak replace karanna alut ekak ASAP labaganne kohomada?,card_about_to_expire,card_about_to_expire,True
2951,mage parana card eka expire venna langa nisa alut ekak one.,card_about_to_expire,card_about_to_expire,True
2952,mage card eka expire venna langayi.,card_about_to_expire,card_about_to_expire,True
2953,"mage card eka ikmanata expire venava. replacement ekakata kiyak yanavada, kochchara ikmanata labeyida?",card_about_to_expire,card_about_to_expire,True
2954,"expire vuna card ekaka replacement ekakata price eka mokakda, labenna kochchara vela yanavada?",card_about_to_expire,card_about_to_expire,True
2955,"China eke, alut card ekak one",card_about_to_expire,card_about_to_expire,True
2956,"mage card eka expire venna langa nam, alut ekak order karanna oneda?",card_about_to_expire,card_about_to_expire,True
2957,mage card eka expire venna langayi. alut ekak labaganne kohomada?,card_about_to_expire,card_about_to_expire,True
2958,parana card ekak replace karanna cost eka saha alut card ekak labenne kavadada kiyala danaganna one.,card_about_to_expire,card_about_to_expire,True
2959,labana mase mage card eka expire venava,card_about_to_expire,card_about_to_expire,True
2960,Apple Watch eke top up feature eka available da?,apple_pay_or_google_pay,apple_pay_or_google_pay,True
2961,top-ups valata system Google Pay eka pavichchi karanna puluvanda?,apple_pay_or_google_pay,apple_pay_or_google_pay,True
2962,mage Google Pay top-up eka vada karanne naa,apple_pay_or_google_pay,apple_pay_or_google_pay,True
2963,Apple Pay eken salli add karanna puluvanda?,apple_pay_or_google_pay,apple_pay_or_google_pay,True
2964,top up karanna mage Apple Watch eka pavichchi karanna puluvanda?,apple_pay_or_google_pay,apple_pay_or_google_pay,True
2965,Apple Pay eken top up karana option ekak tiyenavada?,apple_pay_or_google_pay,apple_pay_or_google_pay,True
2966,mage Google Pay top up eka vada karanne naa.,apple_pay_or_google_pay,apple_pay_or_google_pay,True
2967,Apple Pay eken top up karanna puluvanda?,apple_pay_or_google_pay,apple_pay_or_google_pay,True
2968,Apple Pay pavichchi karanna setup karanna oneda,apple_pay_or_google_pay,apple_pay_or_google_pay,True
2969,top up karanna Apple Pay pavichchi karanna puluvanda?,apple_pay_or_google_pay,apple_pay_or_google_pay,True
2970,mage Google Pay top up karanne kohomada?,apple_pay_or_google_pay,apple_pay_or_google_pay,True
2971,Google Play vala top up karanna app ekak tiyenavada?,apple_pay_or_google_pay,apple_pay_or_google_pay,True
2972,"mata American Express card eka labuna, et Apple pay ekka vada karavaganna problamayak tiyenava. udav karannada?",apple_pay_or_google_pay,apple_pay_or_google_pay,True
2973,top up ekata apple pay eligible da,apple_pay_or_google_pay,apple_pay_or_google_pay,True
2974,top up karanna Apple Pay eke American Express eka pavichchi karanna bari ayi?,apple_pay_or_google_pay,apple_pay_or_google_pay,True
2975,mage apple watch eken salli add karanne kohomada,apple_pay_or_google_pay,apple_pay_or_google_pay,True
2976,"top up karanna one nam, Apple Pay pavichchi karanna puluvanda?",apple_pay_or_google_pay,apple_pay_or_google_pay,True
2977,apple pay eken top up karanna puluvanda,apple_pay_or_google_pay,apple_pay_or_google_pay,True
2978,"mage American express eka apple pay eke top up ekata problamayak tiyenava, fix karannada?",apple_pay_or_google_pay,apple_pay_or_google_pay,True
2979,mage top up eka Apple Pay eke vada karanne naa.,apple_pay_or_google_pay,apple_pay_or_google_pay,True
2980,Apple Pay eken top up karanna puluvan option ekakda?,apple_pay_or_google_pay,apple_pay_or_google_pay,True
2981,mage Google pay eken top up karanne kohomada kiyala danne naa.,apple_pay_or_google_pay,apple_pay_or_google_pay,True
2982,mage Apple Watch eken top up karanna puluvanda?,apple_pay_or_google_pay,apple_pay_or_google_pay,True
2983,Apple Pay eke save karapu mage American Express eken top up karanna puluvanda?,apple_pay_or_google_pay,apple_pay_or_google_pay,True
2984,apple pay costly da?,apple_pay_or_google_pay,apple_pay_or_google_pay,True
2985,Google Pay eken top up karanne kohomada?,apple_pay_or_google_pay,apple_pay_or_google_pay,True
2986,Apple Pay eke American Express eken account eka top up karanna baa.,apple_pay_or_google_pay,apple_pay_or_google_pay,True
2987,"mata Apple Pay eke American Express labuna, top up vada nokaranne ayi?",apple_pay_or_google_pay,apple_pay_or_google_pay,True
2988,mata Apple Bay eke American Express labuna et top up vada karanne naa,apple_pay_or_google_pay,apple_pay_or_google_pay,True
2989,top up karanne kohomada? mage apple watch eka pavichchi karanna puluvanda?,apple_pay_or_google_pay,apple_pay_or_google_pay,True
2990,Apple Pay eken account ekata salli danna puluvanda?,apple_pay_or_google_pay,apple_pay_or_google_pay,True
2991,"mage American Express eka Apple Pay eke, top up eka fail venava, ayi?",apple_pay_or_google_pay,apple_pay_or_google_pay,True
2992,mage Apple Watch eken account eka top-ff karanne kohomada?,apple_pay_or_google_pay,apple_pay_or_google_pay,True
2993,top-up ekak karanna google pay pavichchi karanna puluvanda,apple_pay_or_google_pay,apple_pay_or_google_pay,True
2994,mage apple watch eke Top Up feature eka vada karavaganne kohomada?,apple_pay_or_google_pay,apple_pay_or_google_pay,True
2995,Google pay top up eka troubleshoot karanne kohomada?,apple_pay_or_google_pay,apple_pay_or_google_pay,True
2996,Apple Pay eken top up karanne kohomada?,apple_pay_or_google_pay,apple_pay_or_google_pay,True
2997,ApplePay eke save karapu American Express eken top up eka vada nokaranne ayi?,apple_pay_or_google_pay,apple_pay_or_google_pay,True
2998,mage apple watch eke top up app eka pavichchi karanne kohomada?,apple_pay_or_google_pay,apple_pay_or_google_pay,True
2999,"Google pay ekayi top up ekayi, mata one, labaganna puluvanda?",apple_pay_or_google_pay,apple_pay_or_google_pay,True
3000,mage identity eka verify karanna mata pavichchi karanna puluvan mokakda?,verify_my_identity,verify_my_identity,True
3001,mage identity eka verify karanna oyalata one mokakda?,verify_my_identity,verify_my_identity,True
3002,"mage identity eka verify karanna one, et eka karanne kohomada?",verify_my_identity,verify_my_identity,True
3003,mage identity eka verify karanne kohomada?,verify_my_identity,verify_my_identity,True
3004,mage identity eka prove karanna one mokakda?,verify_my_identity,verify_my_identity,True
3005,mage identity check ekata oyalata one mokakda?,verify_my_identity,verify_my_identity,True
3006,identity ekak verify karanne kohomada?,verify_my_identity,verify_my_identity,True
3007,identity verification ekata oyalata one specific type ekak tiyenavada?,verify_my_identity,verify_my_identity,True
3008,mage identity eka verify karanna one kiyala message ekak labuna; mama mokada karanne?,verify_my_identity,verify_my_identity,True
3009,identity check ekata documents oneda?,verify_my_identity,verify_my_identity,True
3010,mage identity eka verify karanna mama ganna one steps monavada?,verify_my_identity,verify_my_identity,True
3011,mage identity eka verify karanna mata one mokakda,verify_my_identity,verify_my_identity,True
3012,mage identity eka verify karaganna one,verify_my_identity,unable_to_verify_identity,False
3013,identity verification ekata mata udav tikak one.,verify_my_identity,verify_my_identity,True
3014,ID verification ekata process eka mokakda?,verify_my_identity,verify_my_identity,True
3015,mage Identity eka verify karanne kohomada kiyala danaganna one.,verify_my_identity,verify_my_identity,True
3016,identity check ekata mata mona documents oneda?,verify_my_identity,verify_my_identity,True
3017,identity checks valata steps monavada kiyala kiyannada,verify_my_identity,verify_my_identity,True
3018,mage identity eka verify karanna mama mokada karanna one?,verify_my_identity,verify_my_identity,True
3019,mage identity eka verify karanna steps monavada?,verify_my_identity,verify_my_identity,True
3020,mage identity eka verify venne kohomada?,verify_my_identity,verify_my_identity,True
3021,mage identity eka verify karanna mata one deval monavada?,verify_my_identity,verify_my_identity,True
3022,mage identity eka verify karanna mama ganna steps monavada?,verify_my_identity,verify_my_identity,True
3023,online mage identity eka verify karanna puluvanda?,verify_my_identity,verify_my_identity,True
3024,mage profile eke details mage documents ekka match venna oneda,verify_my_identity,edit_personal_details,False
3025,mage identity eka verify karanne koheda?,verify_my_identity,verify_my_identity,True
3026,"mage ID eka check karaddi, involved steps monavada?",verify_my_identity,verify_my_identity,True
3027,identity check ekata mata mokak hari oneda?,verify_my_identity,why_verify_identity,False
3028,identity check ekata mona documentation oneda?,verify_my_identity,verify_my_identity,True
3029,mage identity eka verify karaganne kohomada?,verify_my_identity,verify_my_identity,True
3030,mage identity eka verify karanna mata mokada karanna puluvan?,verify_my_identity,verify_my_identity,True
3031,mage identity eka verify karaganna oyalata one mokakda?,verify_my_identity,unable_to_verify_identity,False
3032,mama kavuda kiyala pennanna mata mokada one?,verify_my_identity,verify_my_identity,True
3033,identity check ekata mona vage documentation oneda?,verify_my_identity,verify_my_identity,True
3034,identity verification ekata mata mokada one?,verify_my_identity,verify_my_identity,True
3035,mama kavuda kiyala verify karanna vidiyak tiyenavada?,verify_my_identity,unable_to_verify_identity,False
3036,identity check ekata documentation oneda?,verify_my_identity,verify_my_identity,True
3037,identity check ekata mata pennanna one okkoma mokakda?,verify_my_identity,verify_my_identity,True
3038,identity check ekata mama mokada karanne?,verify_my_identity,verify_my_identity,True
3039,mage identity eka verify karanna mokada karanna ona karanne?,verify_my_identity,verify_my_identity,True
3040,mama inne US eke et card ekak ganna one,country_support,country_support,True
3041,oyalage cards Sri Lanka eke available da?,country_support,country_support,True
3042,mama EU eken nam oyalage app eka pavichchi karanna puluvanda?,country_support,country_support,True
3043,support vena countries monavada?,country_support,country_support,True
3044,"mama inne US eke, thama card ekak labaganna puluvanda?",country_support,country_support,True
3045,Sri Lanka eken eliye card ekak labaganna puluvanda?,country_support,country_support,True
3046,"mama Sri Lanka eke naa, thama card ekak labaganna puluvanda?",country_support,country_support,True
3047,"mama Sri Lanka eke naa, thama card ekak labaganna mata puluvanda?",country_support,country_support,True
3048,"dan mama US eke innava, card ekak labaganne kohomada?",country_support,country_support,True
3049,EU eke oyalage cards valin ekak labaganna puluvanda,country_support,country_support,True
3050,mama Sri Lanka eke nati vunat card ekak labaganna puluvanda?,country_support,country_support,True
3051,support labaganna mama jivat venna one koheda?,country_support,country_support,True
3052,oyala EU ekata support karanavada?,country_support,country_support,True
3053,mama USA eke innavanam card ekak labaganne kohomada,country_support,country_support,True
3054,"plis mata alut card ekak labaganna udav karanna, mama inne United States eke.",country_support,country_support,True
3055,mama Sri Lanka eke naa nam card ekak labaganna puluvanda?,country_support,country_support,True
3056,mage rata support venavada,country_support,country_support,True
3057,mona countries valinda mata me product eka pavichchi karanna puluvan?,country_support,country_support,True
3058,oyalage locations hoyaganne koheda?,country_support,atm_support,False
3059,mama Sri Lanka eken eliye jivat vunat card ekak labaganna puluvanda?,country_support,country_support,True
3060,"mama EU eke indan, sign up venna puluvanda?",country_support,country_support,True
3061,"mata Sri Lanka eke card eka labagena pavichchi karaganna one, eka puluvanda?",country_support,country_support,True
3062,oyala support karana countries monavada?,country_support,country_support,True
3063,dan oyala inne mona countries valada?,country_support,country_support,True
3064,oyala inne mona locations valada?,country_support,country_support,True
3065,oyala operate karana countries monavada kiyala kiyannada?,country_support,country_support,True
3066,"mata card ekak one, et mama dan US eke inne.",country_support,country_support,True
3067,mona countries valada mage card eka support karanne?,country_support,country_support,True
3068,oyala operate karana countries list ekak tiyenavada?,country_support,country_support,True
3069,mona countries valada oyala business karanne?,country_support,country_support,True
3070,mama Sri Lanka eke jivat venne naa. thama card ekak labaganna puluvanda?,country_support,country_support,True
3071,oyala support karanne koheda?,country_support,country_support,True
3072,EU eke mata card ekak labaganna puluvanda?,country_support,country_support,True
3073,dan oyala business karana countries monavada?,country_support,country_support,True
3074,"mama Sri Lanka eke naa, card ekak labaganna puluvanda?",country_support,country_support,True
3075,"mama Sri Lanka eke nattam, thama card ekak labaganna puluvanda?",country_support,country_support,True
3076,oyala support karana countries kiyakda?,country_support,country_support,True
3077,oyala business karana countries monavada?,country_support,country_support,True
3078,oyala operate karana countries monavada.,country_support,country_support,True
3079,card eka mail karala Sri Lanka eke pavichchi karanna puluvanda?,country_support,country_support,True
