# 400 test tickets, seed 42. For each label model: the full priority posterior, the c-mu index it implies, and the rank that index gives the ticket at t=0. Sorted by the binary-relevance rank so that disagreements between models are adjacent and readable.
id,language,gold_priority,pred_priority,pred_intent,p_negative,marginal__pLow,marginal__pMedium,marginal__pHigh,marginal__cmu_index,marginal__rank,chain-intent__pLow,chain-intent__pMedium,chain-intent__pHigh,chain-intent__cmu_index,chain-intent__rank,chain-full__pLow,chain-full__pMedium,chain-full__pHigh,chain-full__cmu_index,chain-full__rank,logpool__pLow,logpool__pMedium,logpool__pHigh,logpool__cmu_index,logpool__rank,stacked__pLow,stacked__pMedium,stacked__pHigh,stacked__cmu_index,stacked__rank
1418,english,High,High,compromised_card,0.0122660463675856,0.0001157581427833,0.0001462882064515,0.9997380375862122,0.0333260614840583,1,0.016303507193845095,0.0031699861684719973,0.9805265780831832,0.03274460146083055,5,0.016778607925727256,0.004356246195680475,0.9788652173240925,0.03270009806227902,4,0.0013846599561665983,0.0006863729803595486,0.9979289670634739,0.03327290338519414,2,0.00845995072124669,0.000583523953713673,0.9909565253250396,0.03305437177445154,5
1415,english,High,High,compromised_card,0.0003531078691594,0.0002080607664538,5.527602479560301e-05,0.9997366070747375,0.03332544766262799,2,0.013467373255115541,0.0012779802757015468,0.9852545968619831,0.032880526758645105,2,0.013686108506971474,0.0012861644349855448,0.9850276774508432,0.03287348667804251,3,0.0016833388403566449,0.00026727939446565896,0.9980493817651778,0.03327404700971055,1,0.008520279700902918,0.0005768820855258055,0.9909028382135714,0.033052652540541974,6
1415,sinhala,High,High,compromised_card,0.0002751256106421,0.0002241063484689,5.341604264685884e-05,0.9997225403785706,0.033324996701200385,3,0.013481247706501954,0.0012680333763881177,0.9852507658739097,0.032880345073322104,3,0.013699087803004922,0.001268067300084945,0.9850328918537103,0.03287353672221398,2,0.0017478548857416305,0.00026170646398328723,0.997990438650275,0.033272170206554326,3,0.00852254003488078,0.0005769690973680313,0.9909004908677512,0.03305257972980911,7
479,english,High,High,lost_or_stolen_card,0.0163633693009614,0.0002470769104547,5.246452201390639e-05,0.9997005462646484,0.03332430349006851,4,0.05079528978712863,0.0015825971579625747,0.9476220513048089,0.03170641354019984,16,0.05333192495925476,0.0019671243839023173,0.9447008889067432,0.031617530510422404,14,0.0036255116449464297,0.00029488966803737667,0.9960795986870162,0.03321266385272782,10,0.009325883563158912,0.0006695226369168576,0.9900045937999242,0.033025161406061695,16
1090,sinhala,High,High,card_payment_not_recognised,0.9994235038757324,0.0002464530989527,6.140678306110203e-05,0.99969220161438,0.03332409855429432,5,0.014470968076499967,0.003847121278873461,0.9816818846041266,0.03278493668095421,4,0.006539173581353309,0.040868125597674006,0.9525926747804729,0.03210728015095753,8,0.0019017685167270026,0.0004894607075854588,0.9976087707756875,0.03326166654949598,4,0.002876677120289292,0.00019166933643592973,0.9969316535432748,0.0332386454399134,1
1672,tamilish,High,High,lost_or_stolen_card,0.0871824771165847,0.0002715687151066,5.380084621720016e-05,0.999674677848816,0.03332350337016882,6,0.05133035020817623,0.0018573132773167691,0.9468124270910068,0.031682830076611566,17,0.050568388867798006,0.003852246556438045,0.9455794551522638,0.03165676803652036,13,0.0038217443546878045,0.0003235726372991326,0.995854683008013,0.033205814506316864,11,0.008650123448095582,0.0006211227075022772,0.9907287538444021,0.03304748890789278,11
2720,english,High,High,cash_withdrawal_not_recognised,0.0002039297833107,0.0002906238660216,4.539233850664459e-05,0.9996639490127563,0.033323115369633644,7,0.020009509592783598,0.013585485642760095,0.9664049978389561,0.032368398786639836,10,0.02219214352862834,0.014995099461977199,0.9628127500838949,0.032264951130664285,7,0.0024454965392821525,0.000796364806027759,0.9967581386546901,0.03323700244633007,6,0.008570124333549416,0.0006428393564628859,0.9907870363099877,0.033049445963998336,9
1489,english,High,High,direct_debit_payment_not_recognised,0.0002309581323061,0.0002662724873516,0.0001464348752051,0.9995872378349304,0.033321349619473035,8,0.08370298764194263,0.017538973847063852,0.8987579039367931,0.03027913613753935,25,0.08511313994699914,0.012306166482828129,0.9025805589959727,0.03036588906211224,25,0.004947822195084911,0.0016795959108014957,0.9933725818941136,0.03313672399196689,16,0.01025583982243951,0.0008736721303826111,0.9888704880471778,0.03299099653562253,20
452,tamil,High,High,lost_or_stolen_card,0.0002231443068012,0.0003606897371355,4.915747922495939e-05,0.9995900988578796,0.0333208310445419,9,0.05077587012090661,0.0014064602206511393,0.9478176078157423,0.031711423825115395,13,0.05405999052488015,0.0014289674898444397,0.9445109801425754,0.03160823238076139,15,0.0043762303569872055,0.0002688828652443814,0.9953548867777685,0.03318985406304637,12,0.009500893145795553,0.0006812642734551969,0.9898178425807493,0.03301939881569085,17
1407,singlish,High,High,card_payment_not_recognised,0.0009661065996624,0.0003464299661573,7.609360181959346e-05,0.9995774626731871,0.03332060459821756,10,0.015204935711719294,0.005869478613835933,0.9789255939344448,0.03271144240232954,6,0.015664943065062165,0.0058432476068160846,0.9784918175881213,0.03269772294771306,5,0.002313224883770082,0.0006735838578036136,0.9970131912584264,0.033244205459270426,5,0.008524743390276333,0.0005987628882998227,0.9908764937214241,0.03305196603017971,8
1481,sinhala,High,High,direct_debit_payment_not_recognised,0.0002072806091746,0.0004123393737245,6.182896322570741e-05,0.999525785446167,0.03331890046326104,11,0.08338815286728592,0.0172392044022354,0.8993725495206786,0.03029647033918143,22,0.08479294304646519,0.011997575413184613,0.90320938833055,0.03038361137080834,22,0.00613995729530456,0.0010810365174935609,0.9927790061872019,0.033114433754917724,17,0.010258118192982182,0.0008709462118499165,0.9888709355951677,0.03299099348450638,21
1671,tamil,High,High,lost_or_stolen_phone,0.0004623031709343,0.0004348491202108,5.568022243096493e-05,0.9995094537734984,0.03331835172997064,12,0.18282597727183628,0.02574539437788453,0.7914287734999791,0.026976391522464664,29,0.1858505701847153,0.026154369415013253,0.7879952055499715,0.026871648618008982,27,0.009912387328037382,0.0013310374434265938,0.988756575228536,0.0329902952932465,22,0.013520412841038535,0.0014245841078230762,0.9850550030511385,0.032875205829355304,27
2743,tamil,High,High,cash_withdrawal_not_recognised,0.0003051339299418,0.0004520738439168,4.811135659110733e-05,0.9994997978210448,0.03331800267584791,13,0.019782038037545524,0.013483628778619451,0.966734232970355,0.03237805058474521,9,0.021960834787220947,0.014895796888589686,0.9631432681107097,0.03227465898356861,6,0.0030305499698102035,0.0008162222737694584,0.9961532277564203,0.03321822308993253,9,0.008576900250491844,0.0006422251439220714,0.9907808746055861,0.03304924957190741,10
462,tamil,High,High,lost_or_stolen_card,0.000345493259374,0.0005701199988834,5.9703117585740983e-05,0.9993701577186584,0.033314023866599506,14,0.052696547630315525,0.0018929386750739735,0.945410461525411,0.031639241014035806,18,0.05597245305269381,0.001917138068617347,0.9421103567094892,0.031536263984747896,18,0.005605435951202926,0.0003437968992721942,0.9940507671495249,0.03314956853737644,15,0.009565414909454513,0.0006898701899194687,0.989744714900626,0.03301716736266489,19
1916,sinhala,High,High,terminate_account,0.9996132254600524,0.0003597678442019,0.0003327690938021,0.9993075132369996,0.03331377303335709,15,0.019993243013898217,0.0010476976793240337,0.9789589114257776,0.03268234711779924,8,0.042521168130025794,0.002997376626835841,0.9544813073621384,0.031929607484232465,12,0.002702629258528127,0.0005950084906201048,0.9967023622508517,0.03323400095673883,7,0.0029397607827196842,0.00019334586708223044,0.9968668933501981,0.033236632162196286,2
1649,tamil,High,High,lost_or_stolen_phone,0.000203986550332,0.0008532271021977,6.422239675885066e-05,0.9990825653076172,0.03330506492002314,16,0.1828610943758339,0.025712725777423003,0.791426159295543,0.02697610530461295,30,0.18592906753945157,0.026114244632471834,0.7879566672768766,0.026870193171873676,30,0.013832811887252928,0.001423098003972957,0.9847440901087741,0.032865480511757354,25,0.013576505895516715,0.001427909768305548,0.9849955843361775,0.03287336977989079,28
773,sinhala,Medium,High,cash_withdrawal_not_recognised,0.0002220555034,0.000887467933353,6.985376967350021e-05,0.9990425705909728,0.03330385002597419,17,0.025067901023635358,0.01709883053893036,0.9578331134018345,0.032122485495018144,11,0.02728398170772583,0.01846823464810943,0.9542476286085648,0.03201899787091083,9,0.004793213726578383,0.0011106305227196647,0.994096155750702,0.033155779641309766,14,0.008708643375859308,0.0006743972377445977,0.9906169593863962,0.03304432829689412,12
1641,singlish,High,High,lost_or_stolen_phone,0.0003811113128904,0.0009028899949043,0.0001235496165463,0.9989736080169678,0.03330203086819286,18,0.18282577888764434,0.025744084102580337,0.7914301950248752,0.0269764275743666,28,0.1858640463537359,0.02615071363882921,0.7879852980225349,0.026871315977645024,28,0.014215579206056535,0.0019732760657070036,0.9838111447282365,0.032839764581501396,26,0.013582921266052754,0.0014285977988229277,0.9849884809351243,0.03287315209879861,29
1495,tamil,High,High,direct_debit_payment_not_recognised,0.0004422764177434,0.0009771334007382,0.0001077736596926,0.9989150762557985,0.03330010301694226,19,0.08345625371987973,0.017239418304777474,0.899304273854943,0.03029433814295433,23,0.0848422031334417,0.012079574015502272,0.9030781687306566,0.03038002333101241,23,0.009424368820394258,0.0014225368405514842,0.9891530943390542,0.03300325838668223,20,0.010311599098204702,0.000873665757754891,0.9888147351440404,0.03298925421757057,22
1068,tamilish,Medium,High,cash_withdrawal_not_recognised,0.002826064126566,0.0002520722046028,0.0010533564491197,0.9986945986747742,0.03329912307666139,20,0.033665920105211605,0.03516647639548924,0.9311675000632992,0.03140210797229157,19,0.035588143356974446,0.03628483304767264,0.9281269201593528,0.031314079579369394,19,0.0029929078734902016,0.006252989952996177,0.9907541021735136,0.03308348021346186,19,0.008726657669385527,0.0007868277909115748,0.9904865145397027,0.033040954586392245,13
1913,tamilish,High,High,terminate_account,0.99968683719635,0.0009648713748902,0.0001770594826666,0.9988580942153932,0.033298755451566346,21,0.019950487693885292,0.0010316618339685556,0.979017801678746,0.03268408742060353,7,0.042506480666157434,0.00297291312576021,0.9545205574146824,0.03193068135792524,11,0.004415245497283604,0.000430102201672536,0.9951546523010438,0.033184604356501404,13,0.002952188241149168,0.00019365560070477668,0.9968541561581461,0.03323623606077981,3
468,singlish,High,High,lost_or_stolen_card,0.001539411721751,0.0010087704285979,0.0001502876548329,0.9988409876823424,0.0332980535915946,22,0.050782702564401525,0.0015259581744330286,0.9476913579349656,0.03170822554629497,15,0.05400542795312825,0.001577674054700198,0.9444169166659715,0.03160622248089057,17,0.007299230612854787,0.0004883778729815974,0.9922123915141636,0.03309302292985708,18,0.00954658557956632,0.0006834352759597918,0.9897699791444738,0.03301791665207289,18
1519,tamil,High,High,direct_debit_payment_not_recognised,0.000510707788635,0.0004782314645126,0.0009526250069029,0.998569130897522,0.03329457255385933,23,0.09720986456825889,0.02134415765048467,0.8814459440522567,0.029761920000013136,26,0.09963602599048746,0.015625281979521885,0.8847386583009904,0.029829074347342544,26,0.007180837866662003,0.004748991338318938,0.988070170795019,0.03299020736654217,23,0.010686473358977407,0.0009559266068675042,0.9883576000341552,0.03297548287569361,24
1093,tamilish,High,High,card_payment_not_recognised,0.0003218155761715,0.0012661780929192,7.602271944051608e-05,0.9986577033996582,0.03329186150701086,24,0.008017998542862916,0.0011740498004328807,0.9908079422397044,0.03305341931995805,1,0.008400542217722719,0.0011509244369921749,0.9904485239282851,0.03304204296420469,1,0.0031919672701869834,0.0002992905526804929,0.9965087421771325,0.03322610209232297,8,0.008468364311786157,0.0005658367904309694,0.990965798897783,0.033054551028829246,4
1506,sinhala,High,High,direct_debit_payment_not_recognised,0.00022473820718,0.0016044072108343,0.0002388707944191,0.998156726360321,0.03327722398365343,25,0.08350737331530064,0.01744759339266788,0.8990451468093315,0.03028754186632349,24,0.08491545038741521,0.012211351265847723,0.9028733118640372,0.03037444551099042,24,0.012045685884274087,0.0021245214152721447,0.9858297927004538,0.032903792614067964,24,0.010378639777791809,0.0008787048589406547,0.9887426553632674,0.03298703321880382,23
2737,singlish,High,High,cash_withdrawal_not_recognised,0.0002263467613374,0.0019750942010432,8.546539174858481e-05,0.9979395270347596,0.03326947789234207,26,0.044314167549042084,0.02386462603936881,0.931821057346389,0.03135189497760155,20,0.04636178933104726,0.025523398915317744,0.928114662688435,0.031246437475015165,20,0.009594386563320952,0.001464618348912264,0.9889409950877668,0.03299689329450675,21,0.009224730051589447,0.0007708956536040985,0.9900043742948064,0.03302578812788106,15
1434,english,Low,High,age_limit,0.0002084102015942,0.0022599522490054,0.0025796967092901,0.9951604008674622,0.03319821906867825,27,0.5823883315759704,0.0850838615069398,0.33252781238708984,0.013006601616244099,35,0.5831633180874212,0.08481297969987586,0.33202370768270284,0.012989155332937855,39,0.05792142945483293,0.02365327211989538,0.9184252984252718,0.03093195685987242,30,0.040236176270166686,0.012135438020503979,0.9476283857093294,0.03177256687437802,31
1114,tamilish,High,High,card_payment_not_recognised,0.0026075567584484,0.0071546877734363,0.0037469866219908,0.9890984296798706,0.03301607814404027,28,0.020572496568733074,0.027744999317720134,0.9516826366465467,0.03199682225038409,12,0.02122084731439522,0.027526305837004987,0.9512529793815999,0.03198202862660003,10,0.012223385340343423,0.010272735146775128,0.9775038795128814,0.03269453416277822,27,0.009158987863614049,0.0007460404974596395,0.9900949716389263,0.033028463950158904,14
470,english,High,High,lost_or_stolen_card,0.000228142918786,0.0253814999014139,0.0001449403061997,0.974473476409912,0.032536535174343344,29,0.05078738763892843,0.001420475145950465,0.9477921146110211,0.03171071483749806,14,0.0540710214705809,0.0014430232612095088,0.9444859326641097,0.03160753757737745,16,0.03599716780534666,0.00045492851822177507,0.9635479036764316,0.03219704862646071,28,0.011850072945428912,0.0007709257544438396,0.9873790013001272,0.03294374540992758,26
461,singlish,High,High,lost_or_stolen_card,0.0302197989076375,0.0030790076125413,0.0289903338998556,0.9679306745529176,0.032512356533455515,30,0.06418373691050192,0.029216528520776906,0.9065996480517211,0.030597175457960722,21,0.06582366873075804,0.030117365926169315,0.9040588788260726,0.03052340665344291,21,0.01434581779394889,0.02969944574222293,0.9559547364638282,0.032142540383716854,29,0.011341628274849214,0.0010252150248343736,0.9876331567003164,0.03295327707412343,25
289,tamil,Low,High,card_delivery_estimate,0.0029896504711359,0.032288271933794,0.0007688307086937,0.9669429063796996,0.03230510436842451,31,0.8917427788453598,0.0011990168556906332,0.10705806224664921,0.005436391337946895,187,0.9219663364996468,0.0012754466455006327,0.07675807480255278,0.0044899944165051955,190,0.34461518472409114,0.0019499353543206948,0.6534348799215882,0.02251536042684747,32,0.1253298732902742,0.02864207159748547,0.8460280551122402,0.028700723003075124,33
1676,tamil,High,High,lost_or_stolen_phone,0.0001750186493154,0.1209663152694702,0.0005148437921889,0.87851881980896,0.02954026418204497,32,0.18531323082546552,0.0294604652978336,0.785226254958701,0.026805781606991697,31,0.1884674889995311,0.029762908749754884,0.7817695533327143,0.02669964995275412,31,0.15212858477203015,0.003957153771238414,0.8439142614567314,0.02848038621492643,31,0.03872715901654846,0.002634481105712204,0.9586383598777395,0.03205724758642339,30
1485,tamil,High,High,transaction_charged_twice,0.9996753931045532,0.0005019770469516,0.4245473146438598,0.5749506950378418,0.022703963242141374,33,0.09865756217105928,0.5407545022918149,0.3605880019171258,0.016731424170859023,32,0.03614370859589751,0.6334520037736365,0.3304043540104663,0.0163675445580373,34,0.007474560208312786,0.5089107743864277,0.4836146654052595,0.020376983967162865,33,0.02405843811146843,0.12645758752199351,0.849483974366538,0.029420067454300106,32
871,singlish,Medium,Medium,transfer_not_received_by_recipient,0.9876476526260376,0.0217380132526159,0.6848374605178833,0.2934245765209198,0.015533085582622636,34,0.04924751727601322,0.8047015070911645,0.1460510398416223,0.011676812881472142,36,0.0030766019418431816,0.7974884132301496,0.1994350490368073,0.01329998133219033,36,0.03331591935032146,0.755893948168974,0.21079013248070455,0.013394862149411439,34,0.021351400615918656,0.7891879288923603,0.1894606704917209,0.012936403841776863,34
2226,singlish,Medium,Medium,transfer_fee_charged,0.0035490535665303,0.0012958949664607,0.7537103295326233,0.2449938058853149,0.01445007939012915,35,0.07090240019120773,0.9288746101296259,0.0002229949290662895,0.007895768249114109,142,0.08202424636603156,0.9177420341923443,0.0002337246915241541,0.007826524954582907,144,0.011228223696368849,0.9801137134776774,0.008658062825953812,0.008479608505879872,50,0.00859001834389986,0.9694710203849081,0.0219389612711922,0.008828119750463765,38
2117,english,Low,Low,reverted_card_payment?,0.0004056861216668,0.62101811170578,0.0042030327022075,0.3747789263725281,0.01382144388432304,36,0.8732023972480565,0.08863847265320085,0.03815904814024282,0.0038297938710515522,208,0.9417325725991439,0.04338229844110277,0.014885047001253114,0.00281963024663251,222,0.8413206256444203,0.022051821068560337,0.1366275532870193,0.006490768255231189,168,0.9225103457288187,0.040037117434369746,0.03745253683681141,0.003503957093448501,185
1855,tamilish,Low,Medium,transfer_not_received_by_recipient,0.0012389625189825,0.1037962213158607,0.7133693695068359,0.1828344166278839,0.012255467427894472,37,0.0522609670209974,0.8044087608230275,0.1433303269818751,0.011589960920881475,42,0.05862754949799334,0.8049766768567377,0.13639582847116913,0.011376807317632603,44,0.074166183221343,0.7628199841520097,0.16301383262664737,0.011945140503866124,36,0.032806883500478085,0.9276396664715639,0.039553450027957876,0.009117126562154292,36
862,sinhala,Medium,Medium,transfer_not_received_by_recipient,0.0006146312807686,0.0005365618271753,0.8934628963470459,0.1060005128383636,0.010979992401310784,38,0.049141367343913535,0.8048901796497592,0.1459685398095273,0.011675414006032055,37,0.055536555736712,0.8056005520015643,0.1388629790649236,0.011457805059961973,40,0.005252869379983682,0.8675003768150973,0.127246753804919,0.01148167174483141,37,0.020897419944027752,0.9583459756080478,0.02075660444792437,0.00872163956988127,39
1770,tamilish,Medium,Medium,request_refund,0.605887234210968,0.0801666527986526,0.8274407982826233,0.0923925638198852,0.010142105973015228,39,0.19247155498155508,0.42672085128756676,0.380807552484878,0.016650574583103896,33,0.10621324695013089,0.5221357109044477,0.3716510008994217,0.016960775218663893,33,0.1371044616533775,0.6558610388714501,0.20703449947517252,0.012652292934879038,35,0.255687205228646,0.5875152946274925,0.15679750014386143,0.010655225804250832,35
1925,english,Medium,Medium,card_swallowed,0.0099235037341713,0.0007573970360681,0.9348048567771912,0.0644377395510673,0.009939543035337312,40,0.003393687211986135,0.9796796085229073,0.016926833946706483,0.00873529471760608,67,0.003664030132909878,0.9924893495446797,0.003846750004010223,0.0084066029757829,83,0.0016168041323314597,0.9650775608089138,0.033305635058754765,0.00915586918397513,39,0.006076463644569741,0.9873721548278263,0.006551381527604014,0.008459139973744872,54
2690,english,Medium,Medium,balance_not_updated_after_bank_transfer,0.0002032959018833,0.0077455076389014,0.97344309091568,0.0188113469630479,0.00875520713064664,41,0.11882920841515007,0.8319889478245168,0.04918185331933308,0.008820197193380305,59,0.12584812874605608,0.8270246305506166,0.047127250262326635,0.008724963864886977,62,0.031579167680931476,0.9367596939358434,0.03166113838322509,0.008927491994908138,40,0.015484304626529211,0.9771437597302539,0.007371935643216859,0.008420854820497946,59
164,singlish,Medium,Medium,extra_charge_on_statement,0.0008778446353971,0.0003002451558131,0.9922757744789124,0.0074239498935639,0.008517055294517678,42,0.008984148134755468,0.9836480389677716,0.007367976114672589,0.008461383170501257,83,0.009311902193989583,0.9892135953993165,0.0014746656238935393,0.008312001945361568,99,0.001647347842061636,0.9909344190785743,0.007418233079364023,0.008508493236304548,49,0.005699039710201999,0.9900810479978777,0.004219912291920381,0.00840321214244258,72
1489,tamilish,High,Medium,extra_charge_on_statement,0.0009577765595167,0.0005955785163678,0.992240071296692,0.0071643404662609,0.008508719398256896,43,0.015373011974682016,0.9750763652609012,0.009550723026416593,0.008476020919668653,75,0.015783341039037994,0.9804794355388962,0.0037373236840659756,0.008328121379457662,95,0.0030413154052735835,0.9886445184207283,0.0083141661739982,0.008522179266400328,47,0.006024690341290602,0.9896489330242964,0.004326376634413104,0.008403838434560596,69
790,singlish,Medium,Medium,wrong_amount_of_cash_received,0.0005183617467992,0.0003996248415205,0.9961984753608704,0.0034019267186522,0.00841588407038216,44,0.012228513065172173,0.9707442616013249,0.017027415556962952,0.008682592100795581,72,0.012799082793856153,0.9866174176467699,0.0005836897828338374,0.008267932895638078,104,0.0022257262293134935,0.9901113320334323,0.007662941737254115,0.008510996087831476,48,0.006236654217312613,0.9893697013265877,0.004393644456099647,0.008404195355877622,66
850,tamil,Medium,Medium,transfer_not_received_by_recipient,0.000157255330123,0.0022814008407294,0.9938845038414,0.0038340212777256,0.008414924493020705,45,0.04953809372303984,0.8046417830839696,0.1458201533562905,0.01166922433283243,40,0.05596067512013389,0.8053474323355688,0.13869192270759717,0.011450877432883259,43,0.011448974277136386,0.9630867006120131,0.02546432511085046,0.008898385371872491,41,0.020344327376526677,0.969035064219384,0.010620608404089288,0.008471696497332273,51
1560,sinhala,Medium,Medium,declined_cash_withdrawal,0.0010921405628323,0.0014283076161518,0.9958322644233704,0.0027394972275942,0.00839289441864821,46,0.010166816398751907,0.9829051802348165,0.006927894575431605,0.008442987188635257,90,0.010508512421957043,0.982240189443563,0.00725118934347994,0.008448933957691432,81,0.0038201817648112297,0.9918124809987565,0.0043673372364323474,0.008418640628214073,56,0.005737070329331998,0.9901661362254437,0.00409679344522424,0.008399896479905614,81
1543,tamil,Medium,Medium,passcode_forgotten,0.0011638426221907,0.0002780773502308,0.9980928301811218,0.0016290760831907,0.008372322115428685,47,0.0015148731709098372,0.9791676555552946,0.019317595114695357,0.008806806285890029,60,0.0016096223778129999,0.9788885155995348,0.019501985863551886,0.008810823872068297,60,0.000652403152899722,0.9937087237789076,0.005638873068192717,0.008470227640332529,51,0.005944035795489694,0.9897377009785461,0.00431826322596421,0.008404139690260628,67
2292,english,Medium,Medium,beneficiary_not_allowed,0.0001643944560782,0.0120511353015899,0.9833903908729552,0.0045584854669868,0.008371975971385833,48,0.33637253540201856,0.6625039564352643,0.0011235376497169924,0.006259093674038641,168,0.3607526289655873,0.6385043135774683,0.0007430869439446457,0.00609720682162203,176,0.07292336372764721,0.9244845673201101,0.00259206895224269,0.007942364033841605,148,0.03933695614029603,0.9532470680957539,0.0074159757639500785,0.008272876751555235,153
1535,singlish,Medium,Medium,passcode_forgotten,0.000253046862781,0.000505972362589,0.9979396462440492,0.0015543536283075,0.008369029615399386,49,0.0014743735592685733,0.9792351538122172,0.019290461606514132,0.008806379946900757,62,0.0015407700704219555,0.9789981924092847,0.019461026498293163,0.008810229091000522,61,0.0008681510733506812,0.9936279003550459,0.005503948571603417,0.008465506103414976,52,0.005946891771271763,0.9897408682783947,0.004312239950333488,0.008403971258521223,68
2694,singlish,Medium,Medium,transfer_not_received_by_recipient,0.0007389308884739,0.0071685821749269,0.9896342754364014,0.0031971095595508,0.008368457160152802,50,0.049277759973245634,0.8048302203765072,0.14589214543754703,0.011672652017666721,38,0.05566501024928426,0.8055419657379955,0.13879314980002,0.011455256812503305,41,0.020147846386358526,0.9567005417386485,0.023151611874993,0.00878619959029342,42,0.020745443166420196,0.9685903324545327,0.010664224379046964,0.00847027992301938,52
1705,singlish,Medium,Medium,request_refund,0.0013052107533439,0.0030405046418309,0.9950685501098632,0.0018909490900114,0.008361603938586388,51,0.23741126355233963,0.7033525502866101,0.059236027091050365,0.008330412287824137,101,0.26883495809064395,0.6839630899004825,0.047201792938873714,0.00783315834315532,139,0.030739118819353792,0.9571520897583189,0.012108791422327448,0.008443933626270559,54,0.032492205130580334,0.9588725380370897,0.008635256832329878,0.008346138472075453,145
707,tamil,Medium,Medium,cancel_transfer,0.0019383213948458,0.0035009754355996,0.9945123195648192,0.0019867399241775,0.008361121026003577,52,0.13011224009883973,0.7428954098278197,0.1269923429803402,0.010694940348115753,50,0.13895455058151276,0.777137680218605,0.08390776210688185,0.009562561385762587,53,0.02379969183192734,0.9584879248445604,0.017712383323512246,0.008627394842471593,45,0.02852678035171056,0.9606332764041937,0.010839943244095696,0.008426039537237534,58
1537,singlish,Medium,Medium,passcode_forgotten,0.0087040001526474,0.0005533349467441,0.9982642531394958,0.0011823868844658,0.008359434453450377,53,0.0014398211649534762,0.9792712809124058,0.019288863580040658,0.008806555754365057,61,0.001759221035276752,0.9786505495797189,0.01959019504240433,0.008812092791734628,59,0.0008976176910166744,0.9942997847115354,0.004802597597447976,0.008447788162700679,53,0.005947464841574253,0.9897098612085755,0.004342673949850137,0.008404728526819746,63
767,singlish,Medium,Medium,wrong_amount_of_cash_received,0.0060337022878229,0.0002934911462944,0.9986200332641602,0.0010865019867196,0.008358661783313435,54,0.012263659112230612,0.9704388638778687,0.017297654092700575,0.008689128291889406,69,0.012791381119418528,0.9843067476464099,0.0029020483169716915,0.008325939884951263,96,0.0019150604128074758,0.9937088741511295,0.0043760654360629776,0.00843076584165486,55,0.006242623928925102,0.9893970256494021,0.004360350421672717,0.008403325694319369,70
2696,tamil,Medium,Medium,balance_not_updated_after_bank_transfer,0.0004719448043033,0.0002370338042965,0.9988413453102112,0.0009215979953296,0.008354891631188363,55,0.13588312907865083,0.8580005896156987,0.00611627718115092,0.007636970671749709,151,0.14332800464291331,0.8502452625645733,0.0064267286680134315,0.007598201486644628,156,0.006077653656716497,0.9913798380741569,0.0025425082691266296,0.00835891070470702,71,0.0119745256893147,0.9829251085206674,0.005100365790017878,0.008386001692525562,132
2597,tamil,Medium,Medium,wrong_exchange_rate_for_cash_withdrawal,0.9996718168258668,0.000308923976263,0.9987812638282776,0.0009097657748498,0.008354146316014522,56,0.14807059886633647,0.8516708782015568,0.00025852191993670787,0.007414355129982398,158,0.0035288933878124917,0.9927954856228612,0.003675619977156305,0.008403168240653664,88,0.007275944462346385,0.9922023293516926,0.0005217261859610928,0.008300901835092696,104,0.012651239822500744,0.9719583510977553,0.015390409079743872,0.0086390233114363,41
182,tamilish,Medium,Medium,extra_charge_on_statement,0.0017111476045101,0.0002556462713982,0.9991051554679872,0.0006391614442691,0.008347714273440943,57,0.007337668605457298,0.986352791527299,0.006309526819343908,0.008445210966300326,88,0.007622916835626819,0.9918353039289715,0.0005417661875017292,0.008299234149065709,100,0.0013749971988593192,0.9966089276597685,0.00201607514137216,0.008375141479374768,63,0.005581759123964679,0.9904208757252575,0.0039973651507777645,0.008398381467577999,84
2707,tamil,Medium,Medium,balance_not_updated_after_bank_transfer,0.0001859399344539,0.0024650897830724,0.9963811039924622,0.0011538931867107,0.008346774576542275,58,0.13586210817401045,0.8580219046725016,0.006115847708887933,0.007637090187929633,150,0.14334591416805753,0.8502255007250603,0.006428445662282687,0.007598131349301712,157,0.019353963425591925,0.9778366241003054,0.0028094124741026533,0.00828260637377595,116,0.012089124688293644,0.9827860289904027,0.005124846321303722,0.008385897462064092,133
1590,sinhala,Medium,Medium,declined_cash_withdrawal,0.0164256896823644,0.0002245442738058,0.9991936087608336,0.0005818222998641,0.008346475283572847,59,0.0017883549340494298,0.9921643755337429,0.0060474578527072356,0.008473344130650703,82,0.0019097380131901408,0.9917140075329081,0.006376442774401472,0.00848081010944843,76,0.0006348454408865459,0.9974859599407649,0.0018791946183486215,0.008376345414786508,62,0.005391071411436184,0.9905963009700341,0.004012627618529604,0.008399954827475097,80
765,tamil,Medium,Medium,wrong_amount_of_cash_received,0.0001415575970895,0.0001320850860793,0.999309539794922,0.0005583361489698,0.008346465880519342,60,0.012207498092131171,0.9708513161819221,0.016941240655646707,0.008680567944396181,73,0.012780992018973704,0.9868600832344491,0.00035897967627722714,0.00826242708286918,105,0.001283518458329174,0.9956077560648718,0.003108725476799072,0.008403029479888755,58,0.006217066621810063,0.9894779224730502,0.0043050109051395915,0.008402101939575508,75
770,singlish,Medium,Medium,wrong_amount_of_cash_received,0.0090489434078335,0.0003321205149404,0.9990829229354858,0.0005849673761986,0.008345881854741794,61,0.012208827166469071,0.9706993031354049,0.017091866988225984,0.00868432481566605,71,0.012712196419185877,0.9834780417151775,0.0038097591557367592,0.008349126062024342,91,0.0020340667568733805,0.994771888813995,0.003194044429131528,0.008400471526831163,60,0.006231318477447559,0.9894139512906185,0.0043547302319339905,0.008403255848647637,71
1957,tamilish,Medium,Medium,card_swallowed,0.0004932677838951,0.0009828838519752,0.9984058737754822,0.0006113098934292,0.008342473619268273,62,0.004286505406180942,0.9788691602999187,0.016844281070600705,0.008727649257782221,68,0.004464956708320146,0.9948287282071848,0.0007062618611947657,0.0083230834569087,97,0.002065292728419241,0.9947059471531406,0.0032287601184400384,0.008401144256741714,59,0.005947962431706186,0.9898053500012212,0.004246687567072699,0.008402325757311988,73
1980,sinhala,Medium,Medium,transaction_charged_twice,0.0006404002779163,0.0002075999218504,0.9994819760322572,0.0003104895295109,0.008339798617756362,63,0.012622971507067728,0.9814311494641781,0.005945868127554183,0.008403086373759682,91,0.01286454944319248,0.9810978918406265,0.006037547814980962,0.008403868503844572,84,0.0016295710973405464,0.9970026684728157,0.001367760429843741,0.008357342524721048,72,0.005742756056254098,0.9902423908824248,0.004014853061321148,0.008397812434514774,93
140,singlish,Medium,Medium,card_payment_wrong_exchange_rate,0.0009666797704994,0.0003283312253188,0.9993808269500732,0.0002907999441958,0.008338550912776549,64,0.01349521212175457,0.9862225446433234,0.00028215028422225527,0.008256041240088758,110,0.014944789408400907,0.984772200467535,0.0002829171733639959,0.00824700055427576,106,0.0021151837912660432,0.9975969838844223,0.00028783232431167476,0.008327309242745714,91,0.005536540813498671,0.9905819192790535,0.003881539907447958,0.008395768450935167,103
817,tamil,Medium,Medium,card_payment_fee_charged,0.0001409532269462,0.0005639947485178,0.9990941286087036,0.0003419279528316,0.008338356992559663,65,0.09301804481095505,0.9066725758881238,0.0003093399596213508,0.007759703724411233,148,0.10273096806459182,0.8969600423292547,0.000308950264853602,0.007698988211706809,151,0.007550103482459765,0.9921108829439899,0.00033901357355048124,0.008294620525906722,110,0.008902522118180047,0.9865793801371784,0.0045180977446415485,0.008390645013710748,128
2590,tamil,Medium,Medium,wrong_exchange_rate_for_cash_withdrawal,0.0001476249017287,0.0001377050357405,0.999640941619873,0.0002213823318015,0.008338007476716784,66,0.1474495526862372,0.8522696764509399,0.00028080249002301996,0.007418793954854928,157,0.15910092851825097,0.8406220068007169,0.00027709630823226876,0.007345880201360072,162,0.004856846401596399,0.9948744152248166,0.00026873837358703476,0.008309696502663033,99,0.012272170866904276,0.982728954275343,0.0049988748577526635,0.008381604136858999,138
1569,singlish,Medium,Medium,declined_cash_withdrawal,0.9995177984237672,0.0006226797122508,0.9990468621253968,0.0003304949495941,0.008337704265431964,67,0.0011793669514565351,0.9928622777520832,0.005958296272860128,0.008474919204844899,80,0.003700663692566209,0.9923847175742622,0.003914559709571595,0.00840806768613075,82,0.0008584893649746247,0.9977357170874842,0.0014057935475412329,0.008363112613490774,69,0.005528705018836685,0.982417340925292,0.012053954055871237,0.008600127778362384,46
149,english,Medium,Medium,card_payment_wrong_exchange_rate,0.0004095378390047,0.0001853283465607,0.9996457099914552,0.0001689264463493,0.008336397898862438,68,0.013551047864683195,0.9861689943733439,0.0002799920315730469,0.008255639370548391,111,0.015008126621729609,0.9847151108819536,0.00027679676591623045,0.008246452746675424,107,0.0015932027701228292,0.9981881543458079,0.00021864288406928364,0.008328841888121798,90,0.005534481962364986,0.9905901120853843,0.003875405952250838,0.008395627969874822,106
2895,tamil,Medium,Medium,cash_withdrawal_charge,0.0002024036948569,0.0002579626161605,0.9995589852333068,0.0001830062974477,0.008336295842309481,69,0.06321070902289892,0.930927283171615,0.005861950467785924,0.008084814685820696,118,0.06818712778725496,0.9255087027545792,0.006304112120465192,0.008064766109860446,116,0.004164216410907576,0.9947676792878618,0.0010681043012306754,0.008334009588295927,89,0.007759750235475349,0.9878255041508234,0.004414745613701351,0.008395203534704148,108
1565,tamilish,Medium,Medium,card_swallowed,0.989756405353546,0.00082609889796,0.998866081237793,0.0003078904701396,0.008335868065357011,70,0.007543966892021147,0.9766984972269543,0.015757597099424592,0.00868012397789715,74,0.014043877715870156,0.7198171266279964,0.26613905687453354,0.014899036029625817,35,0.002515479442920199,0.9952650571757894,0.0022194633812905053,0.008373098171347347,64,0.006178631628799499,0.9809846170973697,0.012836751273830686,0.008615635667499105,43
194,sinhala,Medium,Medium,extra_charge_on_statement,0.0001138782390626,0.0002274550643051,0.9996200799942015,0.0001524222461739,0.008335721939541445,71,0.007281256767996683,0.9864588937959341,0.006259755913068975,0.008444318597001742,89,0.00756763314024582,0.9922087149921549,0.0002235583445996941,0.00829162380546346,101,0.0012930195576701569,0.997725555719627,0.0009814247227028442,0.008349787579165465,76,0.005575680146800883,0.9904489158143708,0.003975404038828432,0.00839787043338654,90
2223,sinhala,Medium,Medium,transfer_fee_charged,0.0002747177786659,0.0006914675468578,0.9990596175193788,0.0002489405451342,0.008335235388221918,72,0.07079241080374156,0.9290016907221549,0.000205859712153533,0.007896026935597537,141,0.08217855611969391,0.9176094850014004,0.00021192011695569048,0.007825015037492888,146,0.007208276009622918,0.9925584933224841,0.00023323066789289847,0.008294112374970512,111,0.00779785121966759,0.9878750210647971,0.004327127715535274,0.008392774956098793,122
1793,english,Medium,Medium,Refund_not_showing_up,0.000849119387567,0.0006451506633311,0.9991217255592346,0.0002331123250769,0.008335128854378126,73,0.031976298348763144,0.9553925732206054,0.012631099606031005,0.008449258718599336,86,0.0397194509743011,0.9446232733334589,0.015657246867640265,0.008476517696229958,79,0.0046192522900830365,0.9936356079485271,0.0017451397613897103,0.008348091500555056,78,0.006787499303760391,0.9888640815075953,0.0043484191886441976,0.008399621942400936,82
123,tamil,Medium,Medium,card_payment_wrong_exchange_rate,0.0001306147605646,0.000230288846069,0.9996459484100342,0.0001237823453266,0.008334988750023815,74,0.013427807671885592,0.9863250447204535,0.00024706489236127745,0.008255585468398916,112,0.014888665722209392,0.9848648559226544,0.0002463956398358144,0.008246438374271251,108,0.0017675068099338692,0.9980567182487626,0.00017577494130345469,0.008326680789303834,92,0.005529973408774566,0.9905984381644003,0.0038715884268252,0.008395560710199122,107
563,english,Medium,Medium,contactless_not_working,0.788069486618042,0.0004729515349026,0.9993448853492736,0.0001821804471546,0.008334932041846812,75,0.20241715388759923,0.7968367888203535,0.0007460123007468965,0.0070868760541270065,166,0.06920093076104583,0.9030989912471593,0.027700033000494766,0.008593327966161666,64,0.010841172184844303,0.9887503503122227,0.00040847750293304685,0.008275787944751383,120,0.017420654398126255,0.9691584019672637,0.013420943634610162,0.008559977834210298,49
809,tamil,Medium,Medium,card_payment_fee_charged,8.966651512309909e-05,0.0003792232309933,0.9994751811027528,0.0001455594465369,0.008334601872472073,76,0.09202104468017475,0.9077702179359113,0.0002088958026141976,0.007763425519303431,147,0.1017510608449917,0.8980398169437185,0.00020928062998998984,0.00770262253895772,150,0.006162443937982342,0.9936556500757778,0.00018190598623994144,0.008299365708376943,105,0.00883549997724982,0.9866653076500097,0.004499192372740385,0.00839059126779403,129
1750,english,Medium,Medium,declined_transfer,0.0003859233984258,0.0007467974792234,0.9990211725234984,0.0002319687628187,0.008334464557871492,77,0.03165409432454462,0.9606034557986165,0.007742389975438715,0.008329054494012562,105,0.042237339854323756,0.9574751904914554,0.00028740975282095317,0.008076534703886,115,0.004931920035290908,0.9937086653527523,0.0013594146119568354,0.008336494198411686,84,0.006534684610050037,0.9892534153959887,0.0042118999939612985,0.008397789054369553,94
1776,tamil,Medium,Medium,Refund_not_showing_up,0.0001471810537623,0.0035180442500859,0.9955607652664183,0.0009211299475282,0.008334373300992105,78,0.032191981065441126,0.9551031901346875,0.012704716020470786,0.008449750412357758,85,0.03995603318785238,0.9443054513314715,0.015738402701275894,0.008477067253612816,78,0.01075838103782968,0.9857832975501922,0.0034583214119781134,0.00835255148714635,73,0.006886670289133832,0.9887238946963619,0.004389435014504342,0.008400027519388854,79
1971,english,Medium,Medium,transaction_charged_twice,0.0001605769066372,0.0003874127869494,0.999474823474884,0.0001377294247504,0.008334354953088525,79,0.012520269031252283,0.9815647308458799,0.005914905787667857,0.008402953510453035,92,0.012762151911419961,0.9812341365244945,0.006003617228885552,0.00840365952848243,85,0.002216609041513603,0.9968749795535583,0.00090841140492819,0.008342189811947077,82,0.00574186203628679,0.9902504520748823,0.0040076858888309815,0.008397638842827316,98
1991,english,Medium,Medium,transaction_charged_twice,0.0001644812873564,0.0003530649701133,0.9995187520980836,0.0001281395525438,0.008334329804589893,80,0.012536168555769684,0.9815468151112235,0.0059170456096067255,0.008402908664071607,93,0.01277822774585494,0.9812159300142326,0.006005871516512353,0.008403616441806214,86,0.002117661087976928,0.9970058613733748,0.0008764775386482478,0.008342009889999683,83,0.005741620238839896,0.9902509837907417,0.0040073959704185,0.00839763310610105,99
1744,english,Medium,Medium,declined_transfer,0.0001952246529981,0.0004785255296155,0.9993699193000792,0.0001515595940873,0.00833413157549027,81,0.03142230275286549,0.96086475439135,0.007712968851284297,0.008329768379039195,103,0.04201695662107185,0.9577325198524475,0.00025054952198067903,0.008076991309130319,113,0.003937178582274756,0.9949650395333979,0.0010977818843274166,0.008336170514302303,85,0.006516410873418989,0.9892793526063228,0.004204236520258308,0.008397711678380921,95
1735,singlish,Medium,Medium,declined_transfer,0.999502658843994,0.0010376847349107,0.9986805319786072,0.00028177848435,0.008333892225831124,82,0.03167342054312486,0.9605954970021976,0.0077311878582774435,0.008328655029759073,108,0.001634573167701427,0.967701391583606,0.030664140652292615,0.009089721645705848,56,0.005810477917082122,0.9926936009914342,0.0014959210914837233,0.008334415873638664,88,0.006727528801875107,0.9803523400682747,0.012920131129850255,0.00861428955656787,44
802,tamilish,Medium,Medium,card_payment_fee_charged,0.1047248467803001,0.0005743256187997,0.9992673993110656,0.0001583120174473,0.008333701906546288,83,0.0925512849037571,0.9044869524801011,0.002961819465142007,0.00782893376305507,144,0.09132288736496906,0.905443269125749,0.0032339003582818504,0.007843413270000989,137,0.007605016713351602,0.9916807072400278,0.0007142760466207029,0.008303658880040404,101,0.009083873581274599,0.9857593666336929,0.005156759785032617,0.008405478118076183,62
1575,sinhala,Medium,Medium,declined_cash_withdrawal,0.000147725600982,0.0005636177957057,0.9993065595626832,0.0001298044662689,0.008333055682305709,84,0.0012253169375662934,0.9927753304332227,0.005999347607710794,0.00847565875082048,76,0.0013066062936402834,0.9923130857667347,0.006380302918125066,0.008484674575105376,71,0.0008329045399138125,0.9982826409631123,0.0008844544969739432,0.00835023904238322,75,0.005375083460300701,0.9907002177076877,0.0039246988320114804,0.00839785653250674,91
1942,singlish,Medium,Medium,card_swallowed,0.000431896536611,0.0007906327373348,0.9990246295928956,0.0001847700332291,0.008333011399251215,85,0.002439105990783133,0.9807849476502151,0.016775845102801966,0.008737484204659321,64,0.0026159724674888,0.9967973882776467,0.0005865379986643006,0.008331646111576468,92,0.0013984540960236902,0.9968285674602038,0.001772978443772522,0.008368917456327497,66,0.005873818494894931,0.9899099609541598,0.004216220550945238,0.008402027481513872,78
2582,english,Medium,Medium,wrong_exchange_rate_for_cash_withdrawal,0.0001738545106491,0.0004487073456402,0.9994576573371888,9.362817945657298e-05,0.008332869557428544,86,0.1481003573579367,0.8516456635653952,0.0002540016767380822,0.007414056330098597,159,0.1598120812992912,0.8399378338204734,0.0002501074803053576,0.007340760700554313,163,0.008757003411249402,0.9910773366639388,0.00016565992481178777,0.008282743560133319,115,0.012332934465563206,0.9826645070962672,0.005002558438169508,0.0083813164538778,139
1964,sinhala,Medium,Medium,transaction_charged_twice,0.0005280653131194,0.0023923290427774,0.9970371723175048,0.0005705429939553,0.008332645221283503,87,0.012729919206934361,0.9813122515978536,0.005957759754012108,0.00840271475346363,94,0.012974041743089517,0.9809787363112822,0.006047152504428545,0.008403423806373073,87,0.0055378795387223895,0.9926119748641381,0.0018501455971394088,0.008344975226144802,81,0.005802073311459097,0.9901609848295077,0.004036941859033254,0.008397993921612544,87
1566,english,Medium,Medium,declined_cash_withdrawal,0.0001401173067279,0.0005816484335809,0.9993109703063964,0.0001073716630344,0.00833238224222441,88,0.0013069225306225672,0.9927313625421311,0.0059618414204160915,0.008474212157137092,81,0.001381813903867225,0.9922758830215467,0.006342429567756094,0.008483258789737814,75,0.0008738976858673344,0.9983241649720797,0.0008019373420530056,0.008347919906347989,79,0.0053765583445676635,0.990699565091294,0.0039238765641384215,0.008397826757783246,92
1979,tamil,Medium,Medium,transaction_charged_twice,0.0002805416588671,0.0006178641924634,0.9992662072181702,0.000115918002848,0.00833236954398065,89,0.01354039026265243,0.9804791527653126,0.005980472126734747,0.008398217823649289,96,0.013784051944538987,0.980148927406285,0.00606703580387609,0.008398859030066035,90,0.002911193022884459,0.9962507914235359,0.0008380155535795719,0.008336088765779794,86,0.005785465277591165,0.9901958472032382,0.004018687519170649,0.008397641363327655,97
394,tamilish,Medium,Medium,card_not_working,0.00115746865049,0.0007934776949696,0.9990574717521667,0.0001490744762122,0.008332101159006317,90,0.06693887688277324,0.9320615410906605,0.0009996022647664248,0.00793995557808683,137,0.07184825374261725,0.9271722652329126,0.0009795012626698705,0.007908769447660387,135,0.007492883385155008,0.9921102380308923,0.0003968785839527205,0.008296424776774933,107,0.0076694557379573675,0.9880113507099053,0.004319193552137344,0.008393379073774535,117
1968,tamil,Medium,Medium,transaction_charged_twice,0.0001016087117022,0.0006264341063797,0.9992724061012268,0.0001011889617075,0.008331948087288764,91,0.012686797364803989,0.9813867667959477,0.005926369243248374,0.008402199525917852,95,0.012929559087032234,0.9810573101192943,0.006013064197673655,0.00840284963901456,89,0.002836472380874367,0.9963843691690235,0.0007791584501021336,0.008335084342205423,87,0.005753899703903337,0.9902365060045947,0.004009594291501971,0.008397611317471486,100
838,tamil,Medium,Medium,card_payment_fee_charged,0.0001136496648541,0.0008920091786421,0.99896240234375,0.0001456105237593,0.00833139872277873,92,0.09188927056756586,0.9078987052043189,0.00021200041621527332,0.007764325204258929,146,0.10161795513893188,0.8981692599338117,0.00021276111535657282,0.007703539943166424,149,0.009415324308634718,0.990401957006283,0.0001827186850821961,0.00827905552353142,119,0.008848318523026314,0.9866496318542475,0.0045020496227262535,0.008390582583132576,130
2535,sinhala,Medium,Medium,virtual_card_not_working,0.0002650273381732,0.0008607726194895,0.999015212059021,0.0001239527191501,0.008331051800754115,93,0.052004196073613236,0.9473896690137229,0.000606149845863885,0.00802346097846318,121,0.05338892028529262,0.9460255795251586,0.0005855151227488636,0.00801429058406231,120,0.006828338087078922,0.9928919122119683,0.00027974970095287504,0.008297649962812913,106,0.0069979399516025675,0.9888190989537647,0.004182961094632651,0.008394170236001633,112
2538,english,Medium,Medium,virtual_card_not_working,0.0005077534005977,0.0009364456054754,0.9989373087882996,0.0001262083969777,0.008330635448146492,94,0.05233494256710721,0.9470123327276505,0.000652754478542165,0.0080225590523633,125,0.05371429981303581,0.9456458901624731,0.0006398397977911608,0.008013615202557473,123,0.007144112635240286,0.9925629800641883,0.0002929073005713536,0.008296005311877366,108,0.007016531831469452,0.9887949028993025,0.004188565269227939,0.008394194141117348,111
2585,tamilish,Medium,Medium,wrong_exchange_rate_for_cash_withdrawal,0.0005481097614392,0.0007812803960405,0.9991323351860046,8.641526073915884e-05,0.008330610969399762,95,0.14815165523098697,0.8516020782567464,0.00024623277426659386,0.00741354102634633,160,0.1598027430172962,0.8399526246909538,0.00024459855375006924,0.007340680872168983,164,0.011527175754160937,0.9883165331083841,0.00015629113745509952,0.008265195763306206,122,0.012353697650834081,0.9826389476525006,0.005007354696665269,0.00838130659043225,140
2543,sinhala,Medium,Medium,virtual_card_not_working,0.0002392517053522,0.0009523808257654,0.9989222288131714,0.0001254739472642,0.00833051849840558,96,0.05198046027398179,0.9474195480951422,0.0006001374220760132,0.008023460107099515,122,0.053365543478223226,0.9460558368429342,0.0005787654700425646,0.00801426903827217,121,0.007178555057937314,0.9925414734640114,0.00027997147805121375,0.008295466651172504,109,0.0069993968559930115,0.9888174435040528,0.00418315963995416,0.00839416609398223,113
1759,tamil,Medium,Medium,declined_transfer,0.0002118292177328,0.0010081883519887,0.9988586902618408,0.0001330704981228,0.00833035849451941,97,0.031554676241975325,0.9607265584753424,0.007718795318682301,0.008329086740088044,104,0.042138454155678164,0.9575978595170712,0.0002637163632507178,0.008076561154241614,114,0.005718878783656875,0.9932535218105372,0.001027599405805948,0.008323280326080627,95,0.00653672310942213,0.989254594630938,0.004208682259639918,0.008397695870390442,96
2904,english,Medium,Medium,cash_withdrawal_charge,0.0001212158458656,0.0009225225658155,0.998990833759308,8.663189510116354e-05,0.008329733266509721,98,0.06320034189610418,0.9309534028135477,0.005846310387947944,0.008084489415328047,119,0.06818208868905991,0.9255292466318413,0.006288719776698825,0.008064413732590847,117,0.00784983491016076,0.9914185339960625,0.0007316310937767551,0.008302562642489247,103,0.007780289708165396,0.9878039169314906,0.004415793360344004,0.0083951013566659,109
2716,sinhala,Medium,Medium,balance_not_updated_after_bank_transfer,0.0003136562590952,0.002464494202286,0.9970709085464478,0.0004645330482162,0.008329543035749034,99,0.13568215198423283,0.8582573697278816,0.006060456980585173,0.00763683113038567,152,0.14314963065062752,0.85047510119773,0.006375246844342527,0.007598029135314641,158,0.019349979145410152,0.9788745390156677,0.0017754818389222903,0.008256783009647578,127,0.012067818384355016,0.9828335428117316,0.005098638803913414,0.008385375438528951,134
1725,tamil,Medium,Medium,declined_transfer,0.99895977973938,0.0011756310705095,0.9987138509750366,0.0001105241317418,0.008328748793913592,100,0.03161810904080186,0.9606496710988125,0.007732307266585445,0.008329028561877956,106,0.001629910502215375,0.9677339476775195,0.030636229226465524,0.00908905285174113,57,0.006180141167581644,0.9928827758936937,0.000937082938724682,0.008318134524504065,97,0.006728862019782447,0.980371775501773,0.012899362478444512,0.008613762007670805,45
1831,tamilish,Medium,Medium,declined_card_payment,0.0121713522821664,0.0011369310086593,0.9987791180610656,8.399901707889512e-05,0.00832832789067955,101,0.015266168189191073,0.984416542234792,0.0003173256736167851,0.00824585322480464,115,0.01921096415134532,0.9804564305008932,0.0003326414453613955,0.008221581144334793,111,0.0041832692311836684,0.9956527951027491,0.00016393566606725843,0.008311286292290117,98,0.005617948886578366,0.9904371626299355,0.003944888483486217,0.008396843364879376,101
569,english,Medium,Medium,contactless_not_working,0.0006947648362256,0.0017396031180396,0.9980335831642152,0.0002268602984258,0.008328132709478568,102,0.20245640232423015,0.7967755870896711,0.0007680085890984239,0.007087181016892687,162,0.2083691416609139,0.7908719095277286,0.0007589468143570882,0.007049999851669879,165,0.020601853719394575,0.9789399223755938,0.00045822390501163416,0.00821602734521241,137,0.01716574048919828,0.9772611279986412,0.005573131512160427,0.008365375743079854,141
2543,english,Medium,Medium,virtual_card_not_working,0.0001867031533038,0.0012947926297783,0.9985907673835754,0.0001144088746514,0.00832810084199688,103,0.051999630818641895,0.9474045738769382,0.0005956658428198056,0.008023226207940649,123,0.05338594858625179,0.9460417062290724,0.0005722157230756391,0.008013975468899481,122,0.008363244585316404,0.9913706793760383,0.00026607603864528756,0.00828771495564124,113,0.007010279850509593,0.9888047236255005,0.004184996523989849,0.008394143997367393,114
2528,english,Medium,Medium,virtual_card_not_working,0.0015202530194073,0.0015456242254003,0.9982865452766418,0.0001678019179962,0.00832786799170814,104,0.052123847444239195,0.9472592759938111,0.0006168605944495639,0.008022980668605576,124,0.053482468123301874,0.9458793724461633,0.0006381434630348786,0.008015021361076069,118,0.009142723572889328,0.9905295606315063,0.00032771579560442334,0.008284384205892887,114,0.0070246331010980125,0.9887793121772326,0.004196054721669441,0.008394330744493207,110
598,sinhala,Low,Medium,contactless_not_working,0.0001400057808496,0.0016634505009278,0.9981583952903748,0.0001780954480636,0.008327388664232176,105,0.20242747719968548,0.796808928181719,0.0007635328716955997,0.007087249408070189,161,0.20843769382102512,0.7908256721235777,0.0007365723084970165,0.00704901154010685,166,0.020153084957665716,0.9794419270526545,0.00040498798967963457,0.008217501252089912,136,0.017156046248650646,0.9772772249572776,0.00556672879407168,0.008365276264131059,142
1936,english,Medium,Medium,card_swallowed,0.1027132198214531,0.0016042370116338,0.9982473850250244,0.0001483853411627,0.00832701654702153,106,0.00246560631524844,0.9807497693485467,0.01678459561360466,0.008737537944848146,63,0.00361494715256031,0.9625624144098519,0.033822609714987836,0.009156304917149527,54,0.0020027886779617463,0.9964079696765862,0.0015892416454521543,0.008360546945232377,70,0.0059147898149499705,0.9893492041546524,0.004736006030397623,0.008414766047749836,61
538,sinhala,Medium,Medium,pin_blocked,0.0002102913422277,0.0014732737326994,0.9984220266342164,0.0001047201658366,0.008326743547756149,107,0.09818988776174249,0.892595239043189,0.00921495910336835,0.007950021228309151,129,0.09908066255428248,0.8916381469259635,0.009281276428054009,0.00794611181897292,125,0.012567430940787033,0.9864061297602483,0.001026439298964556,0.008280447872427528,118,0.009846375896493748,0.985327709516045,0.004825914587461144,0.008392441348666775,125
2224,singlish,Medium,Medium,transfer_fee_charged,0.0002274348953505,0.0021734666079282,0.9975850582122804,0.0002414495393168,0.00832578519184608,108,0.0707672017273116,0.9290273901942028,0.00020544304148548953,0.007896174689933106,140,0.08215705368253237,0.9176314657592544,0.00021151552121357857,0.007825139927206182,145,0.012715837771817829,0.9870558067728256,0.00022835545535664637,0.00825956823364339,126,0.00784660188393199,0.9878164163873894,0.004336981728678777,0.008392716614775728,123
1038,singlish,Low,Medium,pending_top_up,0.0005591028020717,0.0020498987287282,0.9977735877037048,0.0001764989137882,0.008324933817008663,109,0.5797922435706456,0.3719452630866077,0.048262416813746954,0.005916191593618808,181,0.6034541305447311,0.3891684946424245,0.007377298283844137,0.004746176836783198,189,0.05331816830106279,0.9421679687347074,0.0045138629642299455,0.008112941355557441,143,0.19285697395594983,0.7942763946163623,0.01286663142768783,0.007449643031800842,165
1756,sinhala,Medium,Medium,declined_card_payment,0.9796496629714966,0.0018623420037329,0.9980142116546632,0.0001234332012245,0.008324779416337453,110,0.02558710736648706,0.9722073047005997,0.0022056155869131736,0.008228554532415618,117,0.006203046535630467,0.9861134639894961,0.00768351712887377,0.008486652451157489,70,0.006955545825248204,0.9925187132190124,0.0005257409557393966,0.008303004695819016,102,0.006247254130545593,0.981682770093249,0.012069975776205286,0.008596037389422556,47
390,sinhala,Medium,Medium,card_not_working,0.000173066262505,0.001788986264728,0.998110055923462,0.0001009569168672,0.008324676084642607,111,0.0651627308676129,0.9340783470164544,0.0007589221181325251,0.007945039318382398,134,0.07014487160072025,0.9291060113031057,0.0007491170983739432,0.007913655813306513,131,0.011055281530064364,0.9886612966305799,0.00028342183935567227,0.008271323369754321,121,0.0076073844202671605,0.9880936838337571,0.004298931745975651,0.008393260474356054,119
1827,tamil,Medium,Medium,declined_card_payment,0.0002033315831795,0.0019260499393567,0.9979726672172546,0.0001012401553452,0.008323826169362288,112,0.015626107910856245,0.9838039023401032,0.000570073152740404,0.008249922682739825,114,0.019690977404648653,0.9797315100557511,0.0005775959432997639,0.008224705318167602,110,0.005504818286427739,0.9942541215181111,0.00024106019546121977,0.008304954723929692,100,0.005657797583345532,0.990435635486453,0.003906566930201635,0.008395636271692465,105
1563,tamil,Medium,Medium,declined_cash_withdrawal,0.0005194960394874,0.0021450729109346,0.997711420059204,0.0001435463491361,0.008323515614029019,113,0.0010922913288776287,0.9929544600388991,0.005953304682123172,0.008475339596663425,78,0.0011701092571850481,0.9924957181724958,0.006334228620219164,0.008484376333063906,73,0.0015340983439508327,0.9975394173636241,0.0009264842924250388,0.008346907325994265,80,0.0054058995133307265,0.9906592959611439,0.0039348045255254,0.008397916574513152,89
1563,sinhala,Medium,Medium,declined_cash_withdrawal,0.0003708741860464,0.0025991122238337,0.9971684813499452,0.0002324051311006,0.008322898999419218,114,0.001107929533614838,0.9929401448358722,0.005951992529712962,0.008475209144484396,79,0.0011853881322986446,0.9924811770047385,0.006333501762162772,0.00848426275905387,74,0.0017004764486366702,0.9971209516536558,0.0011785718977075745,0.008352169652972042,74,0.005417154219032463,0.990643334667094,0.003939511113873545,0.008397963897311218,88
557,singlish,Medium,Medium,pin_blocked,0.0002157008420908,0.0023050184827297,0.9975601434707642,0.0001348323421552,0.008322297728833894,115,0.09788312444844577,0.8930114253703796,0.00910524437927459,0.007949193199996579,130,0.09877255686021143,0.8920539208702986,0.009173316467590198,0.007945336049630936,126,0.015647117641301174,0.9831986690597103,0.0011542132989884825,0.008264394180549913,124,0.009855786684664114,0.9853168952191517,0.004827318096184109,0.008392417618958785,126
585,sinhala,Low,Medium,contactless_not_working,0.0002066302113234,0.0026760199107229,0.9971126317977904,0.0002113455557264,0.008321891824986473,116,0.20243415709183113,0.7968116093645555,0.0007542423074138822,0.007086975982226407,164,0.20843277317636927,0.7908377240299161,0.0007295115575146931,0.00704886636295056,167,0.025436210826247408,0.9741274563800607,0.00043633279369192967,0.008185265335511586,138,0.017230131881808077,0.977192744331816,0.0055771237863758896,0.00836507310373143,143
1929,sinhala,Medium,Medium,card_swallowed,0.000388342217775,0.002914817770943,0.9968671202659608,0.0002180248120566,0.008320566032974356,117,0.002442663125868292,0.9807865799488007,0.016770757585530975,0.008737335633936598,65,0.002618948918770686,0.9968162211691958,0.0005648305722338717,0.008331085672398533,93,0.002686113841790172,0.9953889504705803,0.001924935687629426,0.00836466851401288,68,0.00592794944208075,0.9898404302555363,0.004231620302382928,0.0084020741568799,77
2533,singlish,Medium,Medium,virtual_card_not_working,0.0001161934633273,0.0026225785259157,0.9972967505455016,8.071380580076948e-05,0.00831896042000153,118,0.05188346222559864,0.9475225821345665,0.0005939893357345634,0.00802391170861587,120,0.053270594311362295,0.9461606041232484,0.0005688352612892397,0.008014613281218717,119,0.011854812420481706,0.9879226623789359,0.0002225252005824021,0.008264803885719882,123,0.0070454777893611325,0.9887626406494936,0.00419188156114519,0.008394096136178456,115
1053,sinhala,Medium,Medium,balance_not_updated_after_cheque_or_cash_deposit,0.0002580448053777,0.0028076581656932,0.9970933198928832,9.898971620714292e-05,0.008318259944159459,119,0.10097630080913533,0.8744180187564652,0.02460568591369951,0.008317373646779558,109,0.1096470391071358,0.8766195725807375,0.01373339379142659,0.007991374229360231,124,0.017683992839116876,0.9806768852101879,0.0016391219506951867,0.008263786426856231,125,0.01128682512876088,0.9833569492201901,0.005356225651048943,0.0083966963175548,102
698,tamilish,Medium,Medium,cancel_transfer,0.0038676084950566,0.0038463715463876,0.995815932750702,0.0003377168322913,0.008317736608053869,120,0.12246488672130988,0.7501707913220202,0.12736439201896976,0.01075203817565189,48,0.13113428515070075,0.784102889212888,0.08476289569871151,0.009632817027461743,50,0.02431577246186991,0.9683364325741038,0.007347794964026192,0.008365054629547302,67,0.027383125751647582,0.9619860058857119,0.01063086836264049,0.008427960506451549,57
386,singlish,Medium,Medium,card_not_working,0.0013925093226134,0.0038638520054519,0.9958835244178772,0.0002526113821659,0.008315499441232532,121,0.06468492044921804,0.9346728639431024,0.000642253387879647,0.007945109230057711,133,0.069589066240473,0.9297705227922661,0.0006404487474609766,0.007914413202851902,130,0.016115380758115055,0.9834740291493795,0.0004105900925054912,0.008242876955907752,129,0.007648098162672426,0.9880351569084076,0.004316744928919971,0.008393451343039631,116
1684,sinhala,Medium,Medium,request_refund,0.0013244256842881,0.0039104823954403,0.9958710074424744,0.0002184905752073,0.00831435491951803,122,0.23735664596506642,0.7033965239378596,0.059246780441774276,0.00833102339330186,100,0.2687687471355028,0.6840145270959849,0.047216676113212126,0.007833945152772574,138,0.03497749559488066,0.9608918241632186,0.004130680241900738,0.008217990991912848,134,0.03258228272485488,0.9588662370803301,0.008551480194815046,0.008343481071173367,146
1042,english,Medium,Medium,balance_not_updated_after_cheque_or_cash_deposit,0.0003029257641173,0.003430453594774,0.9964807629585266,8.877195068635046e-05,0.008314112201333046,123,0.10052278167381344,0.8881405205187807,0.011336798632805806,0.00798848675390381,127,0.10929091030324914,0.8903660666114344,0.00034312391071675844,0.007658844081917614,152,0.019337023684302772,0.9796183409944365,0.001044635321260857,0.008238592818337963,130,0.010228065041026461,0.9848438292154982,0.004928105743475369,0.008392610570413801,124
1595,singlish,Medium,Medium,declined_cash_withdrawal,0.0004824644711334,0.0041030505672097,0.9956654906272888,0.0002315260644536,0.00831347797939088,124,0.0010831313895733532,0.9929595526490638,0.005957338131662921,0.008475497400192574,77,0.0011591380795200415,0.9925018087532698,0.006339075337509775,0.008484565788526573,72,0.0021131976340926168,0.9967095429274305,0.0011772594384769194,0.008349557334082179,77,0.00545191829578409,0.990598366145768,0.003949715558447972,0.008398001732945881,86
564,tamilish,Low,Medium,contactless_not_working,0.0001571688189869,0.0046408008784055,0.9951098561286926,0.0002493122010491,0.008310560876270752,125,0.2023977179262171,0.796857763510867,0.0007445813834156897,0.0070869626543840335,165,0.20840531673165852,0.7908772869475711,0.0007174591412700609,0.007048737105796383,168,0.033256351685802286,0.9662761250941785,0.0004675232200191648,0.008137169215797548,142,0.01737052405974987,0.9770344574414879,0.0055950184987623814,0.008364643020428957,144
157,tamilish,Medium,Medium,card_payment_wrong_exchange_rate,0.1944545060396194,0.0044191977940499,0.995425283908844,0.0001555452763568,0.00830960220385653,126,0.013443598099720133,0.9863191551729286,0.0002372137315508991,0.008255240913533851,113,0.012524168575304119,0.9867677911621189,0.0007080072667769027,0.008272757186442103,102,0.007717339950175532,0.9920903347228748,0.00019232532694964122,0.008289908091818477,112,0.005666004303925952,0.9894821244451201,0.004851871250953909,0.008419217587707643,60
1050,singlish,Medium,Medium,balance_not_updated_after_cheque_or_cash_deposit,0.0012083208421245,0.0058407038450241,0.9936636686325072,0.000495616113767,0.008309219242073593,127,0.10063754074176315,0.8880816596997342,0.011281035160602736,0.007986376546063215,128,0.10936545276821341,0.8902965105538888,0.00033827227999805006,0.007658258023882786,153,0.025097802830269505,0.9724544289698903,0.0024477681998402176,0.008237666270640156,131,0.010339438205801712,0.9846953038757111,0.004965257918487034,0.008392843292509248,121
391,singlish,Medium,Medium,card_not_working,0.0015343554550781,0.0049815392121672,0.9949197173118592,9.870687790680675e-05,0.008304666080221068,128,0.06477164308958991,0.9347417214516108,0.00048669499339925557,0.007940678434980045,136,0.06966593372040684,0.929851304410827,0.00048282140336618635,0.007909992278786613,134,0.018281948545522182,0.9814949767130388,0.00022307474143912654,0.008224648023459798,133,0.007679647233430468,0.9880029603233169,0.004317392443252505,0.008393270349205704,118
1813,sinhala,Medium,Medium,declined_card_payment,0.0003609332779888,0.0057184076867997,0.9940937161445618,0.0001878343755379,0.008302288796403445,129,0.016245115679538805,0.9832807510333044,0.00047394767385681037,0.008243648505405134,116,0.020409385742925956,0.9791590470716166,0.0004313815721574281,0.00821655766496648,112,0.009651691854555559,0.9900495242234253,0.00029878392201920594,0.008280479857292843,117,0.005768681706433445,0.9902950057071164,0.003936312586450179,0.00839568688732938,104
2718,english,Medium,Medium,balance_not_updated_after_bank_transfer,0.0004745050100609,0.0056984489783644,0.9941290616989136,0.0001725055335555,0.008302030800647722,130,0.13703077024812532,0.8568893517837453,0.0060798908984291385,0.007628888399495775,154,0.14446026768973377,0.8491538540799137,0.006385891160652595,0.007590104047041313,160,0.029355022011653045,0.9695691460365551,0.0010758319517917777,0.008176760244555296,140,0.012334970658948723,0.9825350601135778,0.005129969227473366,0.008384488997401737,136
398,tamilish,Low,Medium,card_not_working,0.00019540937501,0.0057849939912557,0.9940717816352844,0.0001432611752534,0.008300758956950932,131,0.06474360199469292,0.9346612527372956,0.0005950237091111785,0.007943560400603447,135,0.0697184623808788,0.9297002960728382,0.0005811199873830658,0.007912119930146585,133,0.019676674529894852,0.9800264780975918,0.00029684737251336443,0.008217775301834325,135,0.007711062390211411,0.9879683555856669,0.004320582024121634,0.008393153743997551,120
2280,english,Medium,Medium,failed_transfer,0.0006622374639846,0.0070125334896147,0.9925538897514344,0.000433557172073,0.008300343765101083,132,0.0016329952626980518,0.9762145130400922,0.022152602954609354,0.008876943113951702,56,0.0019549460017543176,0.9878881517177042,0.010157013537941517,0.008575041186415906,68,0.0034153034801152594,0.9934569256276872,0.00312777089219747,0.00839018195888755,61,0.006251444909239835,0.9893398368528378,0.004408718237922507,0.008404479758598649,64
2681,english,Medium,Medium,balance_not_updated_after_bank_transfer,0.0001782555045792,0.0070144105702638,0.9927244782447816,0.00026117960806,0.00829602332766323,133,0.13610648301125866,0.857837460527949,0.006055899351392522,0.007634063989052781,153,0.14358853968876048,0.8500424743252406,0.006368828876599026,0.0075951243729485566,159,0.032355094715990275,0.966327963320875,0.0013169419631347942,0.008164037540436764,141,0.012335244523969417,0.9825322175842728,0.0051325378917579,0.008384551502352473,135
2652,english,Medium,Medium,top_up_failed,0.0001517534983577,0.0065660243853926,0.9933428764343262,9.10406160983257e-05,0.00829457120829223,134,0.023649639070575715,0.8939498711592925,0.08240032430603177,0.01024552981792553,53,0.026305161478957496,0.9573764812286828,0.016318191828259825,0.008576879490928845,67,0.013013912995021614,0.9841256890982034,0.002860397906775074,0.008323506324783824,94,0.011130977435267822,0.9821723833080328,0.006696639256699318,0.008431180705780392,56
2301,english,Medium,Medium,failed_transfer,0.9933735132217408,0.0100030750036239,0.989189863204956,0.0008070498588494,0.00829099026159383,135,0.0022805671674362912,0.975438533332651,0.02228106404561283,0.008876107760891344,58,0.001966777104102277,0.9400072667984413,0.05802612064315634,0.009771695363725769,48,0.004818147197650884,0.9909041558526879,0.004277696949661207,0.008410162337089546,57,0.006539513337865487,0.9799222413575155,0.013538245304619114,0.008630917507587151,42
2292,singlish,Medium,Medium,beneficiary_not_allowed,0.0002985248574987,0.0207651518285274,0.9758533239364624,0.0033814988564699,0.008288088394328947,136,0.34624320409958187,0.6534658473298636,0.00029088293425506584,0.006176584834098161,175,0.37139126073178735,0.6283368873239695,0.0002717863079427478,0.006018932064489061,178,0.09588268882083074,0.9029958202522687,0.0011214909269005452,0.0077621038013756544,153,0.042893663120493704,0.9495626909799044,0.007543645899601802,0.00825383908632029,157
2318,english,Medium,Medium,failed_transfer,0.0002582943998277,0.0083171082660555,0.991415798664093,0.000267132447334,0.008288030045999525,137,0.001559778128468014,0.9763269021467345,0.02211318407409753,0.008876413191460347,57,0.0018861830784508173,0.9880130773413515,0.01010060392949752,0.008574058656907952,69,0.0036386256731476053,0.9939060506512157,0.002455323675636648,0.008371975014767077,65,0.006281655088239715,0.9893087665804018,0.004409578331358612,0.008404312447315803,65
529,english,Medium,Medium,pin_blocked,0.0001377138542011,0.0085583832114934,0.9912005066871644,0.0002411872992524,0.008285873764058727,138,0.09809084797725678,0.8927902900502027,0.009118825452940573,0.007948235865468993,132,0.0989873283136265,0.891828262978314,0.009184372188459595,0.007944271531754657,128,0.02983433758579536,0.9686386134585043,0.0015270489557003626,0.008185044947314622,139,0.010138446750841561,0.984979475880602,0.004882077368556469,0.008392019975354485,127
2169,sinhala,Medium,Medium,beneficiary_not_allowed,0.0259395334869623,0.01073644682765,0.9885729551315308,0.0006905762129463,0.008283494764085237,139,0.34576451095708827,0.6539040251651075,0.00033145831910383545,0.006180591551506623,174,0.36457978834489474,0.6350581662452768,0.0003620398511284436,0.006063760606133452,177,0.07040365149904546,0.9290435142294471,0.0005528342715074171,0.007907131368251984,150,0.04102610366283821,0.9514644846025545,0.007509411734607207,0.008264655478805774,154
2165,tamil,Medium,Medium,beneficiary_not_allowed,0.0005950944614596,0.0133315864950418,0.9853391647338868,0.0013292338699102,0.008283241640310733,140,0.3468826985963656,0.6527202029196003,0.00039717045113385176,0.006175246328110225,176,0.3719464430632901,0.6276636711926901,0.00038995771111986495,0.0060184176066916005,179,0.07810254007133137,0.9210629681034178,0.0008344918252507867,0.007866054753518781,152,0.04174034022284117,0.9508842633313215,0.007375396445837244,0.008256841118086505,155
855,singlish,Medium,Medium,transfer_not_received_by_recipient,0.0007517124176956,0.02442342415452,0.9715393781661988,0.0040372028015553,0.008281617045092084,141,0.049579662528903085,0.8045862456862088,0.14583405429538787,0.011669311487499884,39,0.055963971301187104,0.8052964644665674,0.13873952674274548,0.01145204636885705,42,0.03689388396063025,0.9373803049457579,0.025725811093611942,0.008745891835919692,43,0.022357710743990324,0.9666223904781311,0.01101989877787841,0.008469095110630353,53
2678,tamil,Medium,Medium,top_up_failed,0.0004570884630084,0.0092769796028733,0.9905934929847716,0.0001295199763262,0.008278590148256621,142,0.02282515904713004,0.8947697871421523,0.08240502208091728,0.0102508013768967,52,0.02543977455156055,0.9581037370260782,0.01645645669256109,0.008585745895285105,65,0.015169245583131354,0.9814251124004095,0.0034056420164592523,0.008323666598850244,93,0.011207044784873627,0.9820730481064381,0.006719907108688138,0.008431286981145076,55
2709,tamil,Medium,Medium,balance_not_updated_after_bank_transfer,0.0002869832096621,0.0178702697157859,0.980674922466278,0.0014548522885888,0.008258015825413165,143,0.13690886518362103,0.8551956046313505,0.007895574135728287,0.00767504264558474,149,0.14435602759673932,0.8474941681085795,0.008149848245381215,0.007634854733244076,154,0.051064430322462356,0.9454366138398083,0.003498955837729446,0.00810165453976118,144,0.013169439509419668,0.9814958145867255,0.005334745903854731,0.008384392983995828,137
866,singlish,Medium,Medium,transfer_not_received_by_recipient,0.996826708316803,0.0317784920334816,0.9642177820205688,0.0040036747232079,0.00823480919934809,144,0.05370765398806532,0.801140677463464,0.1451516220895704,0.011626450660989681,41,0.007444261146696665,0.7935185346843228,0.1990371577100807,0.013262735256760999,37,0.043748521755437204,0.930723349045015,0.02552812919954777,0.008698108302350545,44,0.02381440001501798,0.9425356411959409,0.033649958789041076,0.009025742302965498,37
1711,tamil,Medium,Medium,request_refund,0.000113943402539,0.0169480200856924,0.982885241508484,0.0001667599863139,0.008231577387293023,145,0.2376279317383978,0.7031384861610962,0.0592336101986058,0.008328999249084324,107,0.2693465273982195,0.6835772607740073,0.047076239925873085,0.00782682376939212,143,0.07067490958952717,0.925824937152759,0.0035001532577137243,0.007979118979841632,146,0.03446204833607603,0.9568267391439111,0.008711212520012737,0.008335725844233177,147
2659,tamilish,Medium,Medium,topping_up_by_card,0.0001815385330701,0.019860565662384,0.9798871278762816,0.0002523023576941,0.008215512322688785,146,0.5053052252612109,0.4819630782386562,0.01273175732513268,0.00549347011545408,186,0.5233441545578412,0.4665648508998674,0.010091055367291525,0.005314709258404115,187,0.12693801360364348,0.8707909513940639,0.002271035002292635,0.007596746623367878,155,0.11258109190908608,0.8773388607120368,0.010080047378877046,0.00788170269337347,161
1799,tamil,Medium,Medium,Refund_not_showing_up,0.0002405220002401,0.0215370152145624,0.9780502915382384,0.0004127515130676,0.008209046261617912,147,0.03225550224029267,0.9549816949098453,0.012762703716862417,0.008450803211144733,84,0.04001678036128343,0.944189822165953,0.015793298339763298,0.008478060088461059,77,0.026486724733023964,0.9712067974737997,0.00230647779317636,0.008225453248581342,132,0.007447897325029634,0.9880435160869505,0.004508586588020004,0.0083994986397524,83
207,singlish,Low,Medium,pending_cash_withdrawal,0.0073174531571567,0.0281919371336698,0.9711685180664062,0.0006395015516318,0.008173120904636257,148,0.7267076030218982,0.2660799490031742,0.007212352279427588,0.003971718823969659,201,0.7247600085144398,0.27438190937443085,0.0008579864156295973,0.003825032143046326,208,0.21898618341024623,0.7777280729892911,0.0032857436004626005,0.007046813277030858,162,0.32185379754284804,0.6664522126158948,0.011693989841257054,0.006614096844721959,169
1951,tamil,Medium,Medium,card_swallowed,0.0001350767270196,0.031047448515892,0.9687677025794984,0.0001847944367909,0.008143906187130292,149,0.002532180599688952,0.9806762960768228,0.016791531009988574,0.008737295543889162,66,0.0027063387684610573,0.9967890047272119,0.000504664190826585,0.00832903538485528,94,0.008998657173763698,0.9892135919251372,0.0017877509010990676,0.008321785498524787,96,0.0066982059266946364,0.988870611140241,0.0044311829330643294,0.0084022491196181,74
1036,singlish,Low,Medium,top_up_reverted,0.9730827808380128,0.0372618027031421,0.9613141417503356,0.0014240785967558,0.00813604922344287,150,0.3962830543542124,0.5894283892033674,0.014288549558220323,0.006213777925206681,169,0.4191905441007256,0.5724126001868541,0.008396848828220276,0.005923313596040972,183,0.13827959442532353,0.8565872495176695,0.00513315605700698,0.007597414769600236,154,0.06829556153643551,0.9052701437775692,0.02643429468599534,0.008567343440880495,48
763,singlish,Medium,Medium,wrong_amount_of_cash_received,0.0002979653072543,0.0501950643956661,0.9492298364639282,0.0005751327844336,0.008033992780838162,151,0.01255763083340526,0.9702069687752175,0.01723538659317715,0.008685732690468979,70,0.013130835708355965,0.9861399831553032,0.000729167338140869,0.008269494678624631,103,0.02541349415495057,0.9713995606526007,0.003186945192448632,0.008254172624676108,128,0.0077495757758342335,0.9875633628673299,0.004687061356835919,0.008402075018655268,76
1794,english,Medium,Medium,Refund_not_showing_up,0.0002010574680753,0.0563583858311176,0.9434900879859924,0.0001515962940175,0.007984883913498681,152,0.03272171602303887,0.9546128010129803,0.012665463974180169,0.008445459049295506,87,0.04052263965007565,0.9437930198839573,0.015684321476166916,0.008472174714176198,80,0.04323035126630358,0.9553747383683905,0.0013949103653059405,0.008098016397051584,145,0.008670875230576811,0.986563241587187,0.004765883182236226,0.008398287442698134,85
1076,tamilish,Medium,Medium,balance_not_updated_after_bank_transfer,0.0103962598368525,0.0845682173967361,0.9132574796676636,0.0021742456592619,0.00785913763878246,153,0.5173804343070196,0.46653104423862024,0.01608851640036044,0.005501918486806808,185,0.5163747868003875,0.4704679199427391,0.013157288202873648,0.005434923078786088,185,0.24103328133940605,0.7521514853296065,0.006815233330987425,0.006997256158236731,165,0.15629495847038027,0.8322765968827297,0.01142844464689005,0.007642200959065708,163
396,sinhala,Low,Medium,card_not_working,0.0001357680885121,0.0786089226603508,0.921197235584259,0.0001938592467922,0.007846874193637629,154,0.06945599893113803,0.9295406120644708,0.0010032565698909536,0.007924313650640159,139,0.0744133858319879,0.9246271426360524,0.0009593390974594676,0.00789223204569906,136,0.07391368329136289,0.9256451697294021,0.00044114697923504506,0.007882401487243193,151,0.010883710065476643,0.9841927499071077,0.004923540027415585,0.008388398646109494,131
1703,sinhala,Medium,Medium,request_refund,0.0004328987852204,0.0835838541388511,0.9161598682403564,0.0002563246525824,0.007817342753211658,155,0.23747713991313218,0.7032934028132505,0.059229549407417176,0.008329840711843351,102,0.26912718640943917,0.6837665353633727,0.04710637036098839,0.007828948445080718,142,0.14869616564882177,0.8471914653932349,0.004112368957943413,0.007506791521976783,157,0.045447059795095675,0.9449249204216388,0.009628019783265513,0.008289989704195623,152
2471,tamil,Low,Medium,top_up_by_cash_or_cheque,0.0006100336904637,0.1144468560814857,0.8853804469108582,0.0001726396440062,0.007622355995893786,156,0.7454527923905468,0.2503717258320356,0.004175411004417503,0.003778638066227853,212,0.7537066138720553,0.2450227522317939,0.001270563123150703,0.0036544304849367546,212,0.38243336696385627,0.6164549943465136,0.0011116386896301133,0.005970915757049984,173,0.4296436658308551,0.5589442817018321,0.011412052467312856,0.0059333617335733104,172
2693,tamilish,Medium,Medium,balance_not_updated_after_bank_transfer,0.9972130656242372,0.1325235664844513,0.8642868399620056,0.00318957073614,0.007584800121063987,157,0.16956422369976765,0.8224751753782263,0.00796065376550529,0.007472573719709911,156,0.04781675661262521,0.9439321404037936,0.008251155827080948,0.008240757940543946,109,0.15019478641585282,0.8447564890689508,0.005048724515196313,0.007520834031114161,156,0.02660877018900436,0.9524951470439058,0.020896082767089888,0.008689430588829303,40
1697,sinhala,Medium,Medium,request_refund,0.0006929777446202,0.1242648661136627,0.875350832939148,0.0003842573205474,0.007566283989581277,158,0.2373349461217862,0.703422639663361,0.059242565927852806,0.00833105533254349,99,0.26891755500552844,0.6839355061257132,0.047147090581758526,0.007831277143367746,140,0.1786663367036572,0.8163698468277422,0.004963816468600709,0.0073407641406504935,159,0.0537070877787205,0.9360707303045943,0.01022218191668522,0.00825321858263346,158
2180,tamilish,Medium,Medium,beneficiary_not_allowed,0.9983293414115906,0.2213742285966873,0.7740734815597534,0.0045523070730268,0.007063552225008604,159,0.3469799862051627,0.6527230139373504,0.00029711855238719027,0.006172137372484916,178,0.12681239715991355,0.8701835656810741,0.0030041558539126633,0.00761586073655586,155,0.2801971687777409,0.7186270442056499,0.001175787016609084,0.006611495703887679,166,0.09829709804204102,0.8714646525581382,0.030238249399820706,0.008474932705566094,50
2189,english,Medium,Medium,beneficiary_not_allowed,0.0748902857303619,0.2206633538007736,0.7778386473655701,0.0014980017440393,0.006991637439932671,160,0.3469416159236866,0.6527820775083686,0.00027648154294500034,0.006171861730508919,179,0.3537695694394947,0.6457617351712563,0.0004688703642491025,0.006133996741567721,175,0.27951138494732436,0.7198384922050377,0.0006501228476378253,0.006602640248603501,167,0.09682949012508385,0.8924995375269174,0.010670972347998924,0.007994923328751532,160
1864,singlish,Low,Medium,transfer_not_received_by_recipient,0.0001863248908193,0.2358932048082351,0.7604813575744629,0.0036254371516406,0.006949636728192367,161,0.09011811183458747,0.7699540225770551,0.13992773201835737,0.011268287321742763,43,0.09580719563550327,0.7712384464471385,0.13295422434735835,0.011058392856212063,45,0.1561838806587604,0.8196890517866157,0.024127067554623943,0.00796036076808168,147,0.06513485418413856,0.919330362761657,0.015534783054204318,0.008314610071037575,150
0,tamilish,Low,Low,card_delivery_estimate,0.0003121405316051,0.8520049452781677,0.0018598391907289,0.1461352407932281,0.006661683655693194,162,0.9072726121175604,0.021921051075954667,0.07080638148648495,0.004433039417094038,191,0.9251322103620565,0.021726801700639106,0.053141032617304074,0.0038797832063364127,206,0.8905038246823596,0.006467169079379465,0.10302900623826097,0.00534340958502511,178,0.9845874676633154,0.01105938180874462,0.0043531505279399895,0.002288490423636112,204
2239,tamil,Medium,Medium,transfer_fee_charged,0.0001272523077204,0.2792769968509674,0.7199370265007019,0.0007860320620238,0.006607503366346158,163,0.08837331846805127,0.9110946557303407,0.000532123412208194,0.007794303991634885,145,0.09953556779244188,0.8999420439061299,0.0005224859120283693,0.007724298995852949,148,0.16235400696184682,0.836977631942882,0.000668361095271166,0.007335329817203569,160,0.028530198260729642,0.9644488027489054,0.007020998990364886,0.008330544568962896,148
2190,tamilish,Medium,Low,cancel_transfer,0.0005724382936023,0.8076379299163818,0.0628417357802391,0.129520297050476,0.006523603387176988,164,0.1234583579792586,0.7452022749628568,0.13133959785988478,0.01084521046581009,45,0.13247831676966376,0.7804536075433134,0.08706830648902304,0.009682053439098512,49,0.47656164310067617,0.32659659678011205,0.19684176011921176,0.0102758670669344,38,0.4841230723410295,0.4674442706801368,0.048432656978833734,0.006518380555672742,170
2987,english,Medium,Medium,apple_pay_or_google_pay,0.0004282010486349,0.3030884265899658,0.6957187652587891,0.0011928753228858,0.006468853109981864,165,0.7455232956525779,0.2542113059259697,0.00026537349755202785,0.0036804468652443523,214,0.7435880735501911,0.25614548462272113,0.00026641690318770627,0.003692568088525164,211,0.5302537103188883,0.4691186726320613,0.0006276170490503382,0.0050349380700665395,179,0.6230231044509276,0.3668794047665904,0.010097490782481981,0.004691876200077085,182
1838,tamilish,Medium,Medium,declined_card_payment,0.0001939289504662,0.3382588922977447,0.6613548994064331,0.0003862648154608,0.0062288723478559375,166,0.07640059678866419,0.9169320356775619,0.006667386751773837,0.008022514432348528,126,0.08483697507693974,0.910068421213318,0.005094622927742375,0.00793046797244602,129,0.17082102936413973,0.8274737179289463,0.0017052527069139286,0.007308333217480308,161,0.035646226571805405,0.9565626188444912,0.0077911545837033285,0.008305323281852134,151
2676,tamilish,Medium,Medium,top_up_failed,0.0002414868649793,0.3519832491874695,0.6475774049758911,0.0004392685077618,0.006144419094198381,167,0.01886619950397154,0.8985095875072431,0.08262419712628506,0.010281024382403135,51,0.02134154620804843,0.9622866215873098,0.01637181634214162,0.00860924394589907,63,0.09583560123520818,0.8970793584867384,0.007085040278053486,0.00791148683256462,149,0.04674221277163334,0.9418481790934017,0.011409608134965048,0.008326434706884753,149
1022,tamil,Low,Medium,top_up_reverted,0.0003072236431762,0.3648262917995453,0.6348851323127747,0.0002885666617657,0.006060383099247698,168,0.3987749876091423,0.5870542624515337,0.01417066022272417,0.006195255418705967,173,0.3974384187365387,0.5878048532288657,0.01475663831799595,0.006218258426541535,174,0.38374603572561555,0.6142194768797161,0.0020344873946683884,0.005985782794914947,171,0.2319537825790879,0.755352703218622,0.012693514202289948,0.007200960047271281,166
1015,english,Medium,Medium,top_up_reverted,0.0006832373328506,0.3689515590667724,0.6307008862495422,0.0003475293342489,0.006036074111276924,169,0.39723149595833723,0.5886134234445317,0.014155007470731252,0.006204511060975342,170,0.3957795686933837,0.5895444799869333,0.01467587819328285,0.006226607374445088,171,0.38500875244207217,0.6127606825961225,0.0022305649618054443,0.005982792754615518,172,0.23347714404103947,0.7537967925206903,0.012726063438270211,0.007192252769033592,167
1750,tamilish,Medium,Low,cancel_transfer,0.9020533561706544,0.7155458331108093,0.2049309164285659,0.0795231759548187,0.005849250654379525,170,0.14248951835583812,0.7583923377485573,0.09911817367860411,0.00992072843376611,55,0.053611652221630245,0.4556159500124146,0.4907724275489554,0.020267571443863697,32,0.3979807457006178,0.49136314977068346,0.11065610452869866,0.008612356285921937,46,0.34920039360684013,0.5665991829164508,0.08420042347670904,0.008255841460208309,156
655,singlish,Medium,Medium,pending_top_up,0.9993597865104676,0.4359050989151001,0.5560225248336792,0.0080723157152533,0.005810733853528895,171,0.9114613920924028,0.05484530814968778,0.03369312734480941,0.0034790263796002177,222,0.7034766440215854,0.08841059605350943,0.2081125875118052,0.009139417559217721,55,0.7673364222737745,0.21258696549544964,0.020076612230775805,0.004039395999891638,184,0.9021879232719339,0.08212347484349176,0.01568860188457429,0.003086873859998103,186
682,singlish,Low,Medium,cancel_transfer,0.0001172856063931,0.4457603096961975,0.5532547831535339,0.0009849710622802,0.005571956206889201,172,0.12190135875187083,0.750712883547484,0.127385611547145,0.01075608891186693,46,0.13105759404957565,0.7865830667581823,0.0823591930387418,0.009573201978546195,52,0.26227921959648015,0.7251175801914653,0.012603200212054548,0.007009168216156696,164,0.15959331815179825,0.8213534347943687,0.01905324705383292,0.007812206271230417,162
628,singlish,Medium,Medium,top_up_by_bank_transfer_charge,0.0003072810650337,0.4683114886283874,0.5297402739524841,0.0019482052884995,0.005455091393863158,173,0.8548536226407956,0.14484568080676571,0.0003007590854385782,0.002998017690072658,229,0.8548014160485975,0.1448847157108628,0.00031393077353975246,0.0029986732734764267,220,0.6949246227470576,0.30423465768991315,0.0008407195630293321,0.0040110724302399575,186,0.8655372966347654,0.12864225834636697,0.005820445018867611,0.0030692363548377394,187
156,tamilish,Low,Medium,card_payment_wrong_exchange_rate,0.0003273639013059,0.4937570989131927,0.505685031414032,0.00055781082483,0.005261296245347085,174,0.06931291194178435,0.9294488936046107,0.001238058284605203,0.007931077956070646,138,0.07226357450838684,0.9265163305458062,0.001219958776806684,0.007912183827334413,132,0.21229833509680582,0.786747997684442,0.0009536672187522141,0.007030310419447103,163,0.06260768400653678,0.9280310625382201,0.009361253455243138,0.008176066644673557,159
1002,singlish,Low,Low,top_up_reverted,0.0001751300005707,0.5076103806495667,0.491903692483902,0.0004858532629441,0.005172914172483918,175,0.397749987023312,0.5882099645991758,0.014040080647912042,0.006198398199555433,172,0.3962551363032425,0.5890560462853502,0.014688849681807309,0.00622396024240325,173,0.45394137875257484,0.543420062297776,0.00263855894964909,0.005562163689870967,177,0.35727470723213506,0.62930564483932,0.013419647928544774,0.006435857611346108,171
904,singlish,Low,Low,supported_cards_and_currencies,0.0029538501985371,0.5978648066520691,0.4004992544651031,0.001635905355215,0.004637575646241504,176,0.9875757100899004,0.011303964116058952,0.0011204650760405482,0.0021889979328558024,270,0.9863001413417907,0.012331393218697102,0.0013686047215123252,0.0022031737286682842,265,0.9179982131571754,0.08038432743270119,0.0016174594101233436,0.00263628098635407,201,0.9609476584284384,0.03638138484827262,0.002670956723288878,0.0023941843862378145,198
2694,tamil,Medium,Low,transfer_timing,0.0004358527658041,0.661875307559967,0.3373834490776062,0.000741200405173,0.00421514231323575,177,0.6987960166031596,0.23235011418194354,0.06885388772489699,0.005687205576936012,184,0.7008011397388744,0.22925736397762014,0.06994151479350565,0.0057018642340530105,184,0.7031389190294488,0.28947507091042035,0.007386010060130818,0.004123365340902549,183,0.905410998008263,0.08832082982095588,0.006268172170781186,0.0028312189000512192,189
664,singlish,Low,Low,pending_top_up,0.0024780014064162,0.6781971454620361,0.3214649558067322,0.0003379091212991,0.00410304898881198,178,0.9106065687758513,0.055651301695528205,0.03374230440252055,0.0034856013458297768,219,0.949009639460778,0.050210663354219705,0.0007798720589022166,0.0024215213454585253,236,0.8514280245481781,0.14491356945482983,0.0036584059969920727,0.003103368329832022,193,0.9651697471466494,0.03200668731856834,0.0028235655347824355,0.002371611552036337,201
1021,tamil,Low,Low,top_up_reverted,0.0002032335178228,0.7559219598770142,0.2438449710607528,0.0002330615971004,0.003614647561820066,179,0.39765774335339216,0.5882779133596044,0.014064470421203528,0.0061995852573563884,171,0.39617195396399807,0.589133524426918,0.014694648743283889,0.00622462589909211,172,0.5902816946888393,0.40776907496163983,0.001949230349520842,0.004692803500266109,180,0.6183609666220755,0.3696947749258524,0.011944258452071968,0.0047671837532471594,181
2202,singlish,Medium,Low,transfer_fee_charged,0.0001597797672729,0.7606041431427002,0.2390017360448837,0.000394114642404,0.0035894102533347897,180,0.07104716405208973,0.9287351286134814,0.00021772181442885466,0.00789473172403516,143,0.08243909696590992,0.917336952872272,0.000223964641818135,0.007823688214008516,147,0.3302531628128293,0.6693306808352725,0.00041615635189829413,0.006279654974550609,170,0.17545552902495398,0.811780578149339,0.012763892825706877,0.007555833597570042,164
2301,tamilish,Medium,Low,cancel_transfer,0.0037373835220932,0.7814227342605591,0.2144732624292373,0.0041039907373487,0.003552040907864766,181,0.1990251094951119,0.6817425081546871,0.11923243447720092,0.010070237695310572,54,0.20676033042061626,0.7120138865639866,0.08122583514239724,0.00907172758115608,58,0.49365446573275296,0.47865530797192823,0.027690226295318705,0.005940248579886595,174,0.54520473305499,0.434731956286315,0.020063310658694936,0.005427386518207018,175
2518,tamilish,Low,Low,order_physical_card,0.0001323437609244,0.954972803592682,0.0037896495778113,0.0412375926971435,0.0033956935105379647,182,0.9973808435274576,0.0021663638816834026,0.0004527540041590804,0.002111021589834868,314,0.9973798662715687,0.0021794137062537402,0.0004406814354772183,0.002110725883467123,316,0.9926905050537982,0.002914426350481011,0.004395068595720852,0.002238894391640116,222,0.9913192854881555,0.007379081379989996,0.0013016331318546498,0.002170128627328729,223
536,singlish,Medium,Low,pin_blocked,0.0004825301584787,0.8243886828422546,0.1743535101413726,0.0012577734887599,0.0032123481233914653,183,0.09797826107746632,0.892920888650661,0.00910076493407296,0.007948487613802662,131,0.09885057230676239,0.8919738102617845,0.009175532093653327,0.007944904847609069,127,0.41662693519380367,0.5784133507738589,0.004959714032337397,0.005853407839180495,175,0.26028863668812124,0.7254554904041715,0.014255872907707294,0.0070629261767252574,168
703,tamil,Medium,Low,cancel_transfer,0.0001722846645861,0.8341293931007385,0.1653514057397842,0.0005192825337871,0.0031330073679176436,184,0.12192948109421892,0.7507072898824714,0.12736302159795992,0.010755347887898881,47,0.13107835890723066,0.7865475462463474,0.08237388742107199,0.009573439047145357,51,0.46942597067360264,0.5186033286214192,0.011970700704978065,0.005698688534247767,176,0.5021826722447693,0.4766517951412654,0.02116553261396532,0.005723829947152658,174
2834,singlish,Medium,Low,top_up_by_card_charge,9.562359628034756e-05,0.8447637557983398,0.1549983620643615,0.0002378661592956,0.003059506380426074,185,0.8412969044226211,0.15841767696884704,0.00028545376203168544,0.0030823643176885753,223,0.8413110667172944,0.15841040940499718,0.00027855903120857246,0.0030821034350762924,215,0.8430388186653047,0.15670060227755464,0.00026057905714072763,0.003070855193103698,194,0.9672015240754114,0.030314102227825875,0.0024843736967627215,0.00235043315028108,202
866,tamilish,Medium,Low,cancel_transfer,0.0343617834150791,0.8996859788894653,0.0911476463079452,0.0091664092615246,0.0029394564839700828,186,0.12569635335617582,0.7465874926073568,0.12771628106246702,0.010740639209968907,49,0.13040786846309926,0.7649468483079722,0.10464541025492854,0.010134420470362176,47,0.5326322594255295,0.41317471415586854,0.05419302641860192,0.006359207372388822,169,0.577963908596762,0.399986830349474,0.022049261053763994,0.005272290430947671,176
673,tamilish,Low,Low,topping_up_by_card,0.0001670608617132,0.8751412630081177,0.1241113170981407,0.0007473934674635,0.002882385056000201,187,0.6534229077720816,0.3400067952689144,0.006570423160004026,0.004413701790432925,192,0.690862776886222,0.3064717431113746,0.002665606203403155,0.004082082184554523,200,0.7845705363960345,0.21313031493127355,0.0022991486726919672,0.0034872461976754167,188,0.9208083032208778,0.07454486954333166,0.00464682723579055,0.0026944521190976106,191
1638,english,Low,Low,pending_card_payment,0.700939416885376,0.8780396580696106,0.1217092052102088,0.0002511652419343,0.002851864839127905,188,0.9982894834266481,0.0014166446130344644,0.00029380064661742436,0.002101368483801385,335,0.9921692057789577,0.005871485233244813,0.001959237674097536,0.0021812561447864536,269,0.9858867574052586,0.013827188701082745,0.0002860538936586795,0.0021786924468919344,231,0.9871994671246491,0.010156220471186889,0.0026443124041638727,0.002229444473908372,209
2072,sinhala,Low,Low,transfer_timing,0.0001568236184539,0.892715573310852,0.1039033308625221,0.0033811065368354,0.0028383887528131394,189,0.8660258678558083,0.016945767959973,0.11702835504391887,0.0058463804591633375,183,0.868759150997047,0.009506136306343475,0.12173470355630946,0.005946956152340358,182,0.9342776184389769,0.044586082981340924,0.02113629857968215,0.0030225056825817814,195,0.9892081125811776,0.008985071299293232,0.001806816119529164,0.002195953032689202,216
1491,tamilish,High,Low,lost_or_stolen_phone,0.0008525284356437,0.8942497372627258,0.1020789816975593,0.0036712621804326,0.0028360538727914266,190,0.478713117148707,0.29380354256658264,0.2274832208947103,0.011028455878605004,44,0.484311100425388,0.2911032146130588,0.2245855655715531,0.010921027100046818,46,0.7640271930550567,0.20222666520282143,0.033746141742121843,0.004401816920292275,182,0.9542611266679494,0.03837578818469665,0.007363085147353988,0.0025532784203424995,192
1208,tamilish,Low,Low,unable_to_verify_identity,0.0014763816725462,0.9780696630477904,0.0025810601655393,0.0193493273109197,0.0027041315430930473,191,0.9979165866303648,0.00137997363205973,0.0007034528261752925,0.002113941096619601,305,0.9978785231583446,0.0014183416013221156,0.0007031483289330766,0.002114171380888672,310,0.9943870006273483,0.001899581283411096,0.0037134180892406973,0.0022112500316434245,224,0.9922205960741374,0.006711814517117901,0.0010675894087448987,0.0021586443430885983,231
2184,tamil,Medium,Low,beneficiary_not_allowed,0.0003398738626856,0.9232559204101562,0.0759835392236709,0.0007605120772495,0.002581996396960066,192,0.34669500257179725,0.6530760669183613,0.0002289564610418257,0.006172213695045649,177,0.3718793209346209,0.627892177013584,0.0002285280029953972,0.006014800993826839,180,0.7171157213014495,0.2823553660988434,0.000528912599707013,0.003864582890191948,187,0.6894807338201697,0.2998523196043115,0.010666946575518928,0.004290752411345247,184
2962,tamil,Medium,Low,apple_pay_or_google_pay,0.0001692831865511,0.9451088905334472,0.0547168850898742,0.0001741254673106,0.00243075507993732,193,0.7454809114987195,0.2542324061717216,0.0002867553774588505,0.0036812471296353076,213,0.743514884835046,0.2562066323053527,0.0002785559075014266,0.0036933298095343323,210,0.8765937035586197,0.12317293661460291,0.0002333598267775113,0.002860456681761399,197,0.9625521445694324,0.03466235893310961,0.0027854964974582046,0.0023870198422108377,199
296,english,Low,Low,card_delivery_estimate,0.0006784542347304,0.9889445900917052,0.0006678059580735,0.0103875556960701,0.002412118135544002,194,0.8917044882782215,0.0012618158527359143,0.10703374904754268,0.005436024450937183,188,0.9240362131773162,0.001272406001478124,0.07469143399970495,0.0044253932941218915,191,0.9647992388057132,0.0009431127827134843,0.03425764841157338,0.0031597793010869606,192,0.9931979913522927,0.005465635017958178,0.0013363736297490616,0.0021592552281252298,230
2129,sinhala,Low,Low,change_pin,0.0005250430549494,0.990918517112732,0.000216168933548,0.0088652502745389,0.0023617233275823883,195,0.9409210101847938,0.0011590935197172021,0.05791989044948906,0.0039005742321989324,205,0.9407513273322633,0.001322616389639218,0.057926050432097365,0.0039017887495924543,205,0.976576107703216,0.0005062516128922834,0.022917640683891714,0.002802673677285526,198,0.9930190981094825,0.005840571359519143,0.0011403305309983073,0.002155472233424025,247
671,sinhala,Low,Low,pending_top_up,0.0001931061851792,0.9566543102264404,0.043218296021223,0.000127412189613,0.002357429352802376,196,0.908321106190967,0.05784018871222951,0.033838852133703634,0.0035022989482898816,217,0.9471571624500937,0.052413086795098346,0.0004298977917077284,0.002424349738120439,235,0.9470926731014202,0.05079768588338841,0.0021096410151914477,0.002466745151829244,204,0.9887336578995624,0.009885044762083134,0.0013812973383545769,0.0021882804049199334,219
1363,singlish,Low,Low,disposable_card_limits,0.0001146480135503,0.9576157927513124,0.0422982834279537,8.592481026425958e-05,0.0023503827571403238,197,0.9796151266250575,0.019398135220609528,0.0009866526853329614,0.0022354043968183814,259,0.9796397747004886,0.01940503919061854,0.0009551006398927778,0.0022344615452109316,260,0.9709914759500963,0.028716624469317227,0.00029189958058643893,0.0022719340981598923,218,0.9906943740709273,0.008232291115262101,0.0010733348138107026,0.002168326865735306,225
2682,tamil,Medium,Low,balance_not_updated_after_bank_transfer,0.0001306383055634,0.9762250185012816,0.0195520147681236,0.0042229583486914,0.0023375008565684136,198,0.13829681763845106,0.855521256530105,0.006181979457543749,0.007623528156415774,155,0.14573892223919668,0.8477791208901603,0.00648201049674337,0.007584515778641107,161,0.7321204497146587,0.2576989436876489,0.010180606597692342,0.004012095687559025,185,0.45772219409107356,0.527780891883518,0.01449691402540847,0.005834992470899336,173
32,singlish,Low,Low,card_delivery_estimate,0.0001870484702521,0.9918827414512634,0.0009072626708075,0.0072099948301911,0.0023143160612865642,199,0.8917552915822029,0.001254051318808907,0.10699066756538787,0.00543462953729926,189,0.9245195067593087,0.0012499730527473845,0.07423053065434407,0.0044108497696662575,192,0.9702466291412428,0.001100406898535192,0.028652963960221996,0.0029856160002061155,196,0.9932960924324167,0.005404759511055344,0.0012991480565279197,0.002157711457043927,233
212,tamilish,Low,Low,pending_cash_withdrawal,0.0003865571052301,0.9648627042770386,0.0349760614335536,0.0001612474152352,0.002306972726364617,200,0.7266035011261622,0.26620047693145527,0.007196190269882776,0.003971967610771058,200,0.7245467230383268,0.275201100034289,0.00025234525488449183,0.003811226348445072,209,0.8956337065797798,0.103214043656248,0.0011522497639721075,0.0027644289113090115,199,0.9633220234797856,0.03384551589415039,0.002832460626063943,0.0023833822022362714,200
4,singlish,Low,Low,card_arrival,0.0629168376326561,0.992434024810791,0.0005411392194218,0.0070248385891318,0.0023062416648220565,201,0.9986619263240432,0.000966969789739898,0.0003711027076170412,0.002100973851676824,337,0.9979818439202576,0.0014751728602756325,0.0005429820408668332,0.002109521350031728,322,0.997657063649677,0.0007249067968297664,0.001618029553493243,0.0021384274243601833,241,0.9926680379963684,0.00631666077694842,0.0010153012266831993,0.002154540626523111,250
1931,tamilish,Medium,Low,card_swallowed,0.0007676752866245,0.9904638528823853,0.0049679791554808,0.0045681376941502,0.0022571374429389826,202,0.025590661274790802,0.7610713152113023,0.21333800809190684,0.013506841774146894,34,0.02648662140400911,0.7732429677450988,0.2002703954288925,0.013174551706763925,38,0.6319867938552489,0.24409028425873505,0.12392292188601604,0.007481488918888429,158,0.673032237051256,0.30129034874914506,0.025677414199598892,0.004768817206752955,180
2381,tamilish,Low,Low,verify_top_up,0.0002348866401007,0.9801848530769348,0.0195201598107814,0.0002950755879282,0.0022145556285977325,203,0.9987609997796778,0.0009752577264167047,0.00026370931330544473,0.002097669541037983,373,0.9987757274826042,0.0009746964354040543,0.0002495429013915417,0.0020972233325968442,386,0.9953302004463082,0.004389183975773382,0.0002806155779183787,0.002119534969991866,260,0.9923631501611249,0.006698018668053444,0.000938831170821592,0.002154534424096842,251
112,english,Low,Low,exchange_rate,0.0010798055445775,0.980826497077942,0.0189763773232698,0.0001971845922525,0.0022080978330147106,204,0.9986765446345323,0.0010632787371472284,0.0002601039229204677,0.002098106921562185,371,0.9982165701627498,0.0014326089925152613,0.00035074813933495895,0.0021032478674211878,338,0.9952551987458511,0.004517063058008635,0.00022773819614030255,0.002118681796075272,264,0.9923790406689564,0.006683103791659081,0.0009378555393845501,0.00215441071763697,252
1134,singlish,Low,Low,edit_personal_details,0.0003350082261022,0.9952558875083924,0.0009461906738579,0.0037979092448949,0.002207931662754463,205,0.9988192364411417,0.0009339908325408597,0.0002467902353176278,0.002096883007367473,383,0.9987070168388402,0.0010299647318848366,0.0002630359382747464,0.0020979905224557823,375,0.9980897763813746,0.0009410645616255409,0.0009691590569998001,0.0021195012073747365,261,0.9928139736020378,0.006264049999582577,0.0009219763983796989,0.00215129540828009,292
1683,tamilish,Medium,Low,request_refund,0.0003136194427497,0.9826648831367492,0.0170543808490037,0.0002808311837725,0.0021986993864023413,206,0.2377552929664704,0.702835674310883,0.059409074503246576,0.008332589963045724,98,0.26934547947340665,0.6834383652258412,0.047216197081352045,0.007830329361830009,141,0.8097460411676276,0.1834112182159204,0.0068427406164519354,0.003443489091446959,189,0.6979005215725156,0.2887525050267179,0.013346973400766505,0.004305129408524273,183
75,singlish,High,Low,card_linking,0.0005837464705109,0.9964861869812012,8.369563147425652e-05,0.0034300650004297,0.0021910458531541116,207,0.9982896342034105,0.0009564306688584911,0.0007540608640306728,0.0021128756889652817,308,0.9980553948504431,0.0011511949057579466,0.0007935359800991096,0.002115326562823043,308,0.9981074524128798,0.00028313367164332014,0.001609413915476877,0.0021353971036397563,245,0.9928535885906159,0.006227840638294265,0.0009185707710897657,0.0021509626739192275,298
671,english,Low,Low,pending_top_up,0.0002164206380257,0.9836280345916748,0.0162759274244308,9.598759788786992e-05,0.0021880573871991744,208,0.9100624195902278,0.05615401042164744,0.033783693824124716,0.003490036588464194,218,0.9489905402295685,0.050639355085986236,0.00037022852044470703,0.0024113992018763098,242,0.9672523604006074,0.030906656129675553,0.0018409834697171517,0.0023340306675724664,210,0.9900090070213154,0.008713314266839304,0.0012776787118450985,0.002177719007246238,221
994,singlish,Low,Low,card_acceptance,0.0001770366216078,0.996522068977356,0.0002792497107293,0.0031986765097826,0.0021850372749516555,209,0.9977652174038355,0.0016875450291122423,0.00054720316735227,0.0021109805170790013,315,0.9977675625068588,0.0016982470086748006,0.0005341560847661442,0.0021106396831204505,318,0.9979888236059233,0.0006870559246202751,0.0013241204694563007,0.0021290061975327195,252,0.9928242812006426,0.00625683134843634,0.0009188874509210812,0.002151153762102344,295
1843,english,Low,Low,pending_transfer,0.0001313722168561,0.9867244362831116,0.0128747690469026,0.0004008665855508,0.002176327870499031,210,0.8480317430669211,0.13154973281430668,0.020418435492372232,0.003543595087921049,216,0.8380283359837448,0.14591824010946394,0.016053335280391073,0.00349698887689137,214,0.9540919355630538,0.04292407426131583,0.0029839901756303117,0.002444858490455004,206,0.9846276485811596,0.013724726744284203,0.0016476246745562207,0.002220601146564992,213
605,singlish,Medium,Low,top_up_by_bank_transfer_charge,0.0001979723019758,0.9873944520950316,0.0121421301737427,0.0004633792850654,0.0021737021694813513,211,0.8548494529307122,0.14483225843870615,0.0003182312991814552,0.00299847955723425,228,0.8548331313852976,0.14484703611185298,0.0003197751714494625,0.0029986201636997938,221,0.9559657056143605,0.04363472527509781,0.0003995691105418302,0.002368536901007127,207,0.9831052667889745,0.01525972571374379,0.0016350074972817593,0.002229800603334287,208
675,english,Low,Low,pending_top_up,0.0001858169271145,0.9868528246879578,0.013073842972517,7.335171540034935e-05,0.002167337133384232,212,0.9114727801339121,0.054823797960503885,0.033703368726784345,0.0034792122325093275,220,0.9504831410751284,0.04923084595957388,0.00028595978649755785,0.002399962253119552,245,0.9709809085115085,0.027409356288003832,0.0016097352004876165,0.0023049460351485954,213,0.9902139805894241,0.008526363449766691,0.001259655960809057,0.002175987353669658,222
2129,english,Low,Low,change_pin,0.0015782244736328,0.9973267316818236,0.0003498170699458,0.0023235126864165,0.002158129589467231,213,0.9408730853767918,0.0012105260547382861,0.05791625139887022,0.0039007816916201425,204,0.9402719133535272,0.0017620365414201436,0.057965912935452356,0.003905780555180095,202,0.9875108204212486,0.000663384287555779,0.011825795291195545,0.002457035587980417,205,0.993222482745157,0.00569965894611165,0.001077858308731467,0.00215263927389439,272
597,singlish,Low,Low,contactless_not_working,0.0001653106737649,0.9889060258865356,0.0108964992687106,0.0001974202168639,0.002157605721731668,214,0.20245463463605595,0.7967937569643677,0.0007517196741756269,0.007086785786000702,167,0.2084607249407694,0.790814324329983,0.0007250620038474376,0.007048581279838042,170,0.8270572098537714,0.17223072791490038,0.0007120622313281513,0.003182027327530465,191,0.5562649555609765,0.4308450348882827,0.012890009550740643,0.005178927599845745,177
630,english,Low,Low,top_up_by_bank_transfer_charge,0.0006204498349688,0.9918447136878968,0.0074148350395262,0.0007404023781418,0.002152813524783897,215,0.8548557441918652,0.14482408902812471,0.00032006897210997445,0.002998485841371091,227,0.8547026304201224,0.14493416512399018,0.0003631066479873912,0.0030005187443414194,217,0.9651423245621548,0.03434743039555986,0.0005102450422854,0.002313949930877001,212,0.9834116385905105,0.014968691841577498,0.0016196695679120338,0.002227502331340444,210
1312,singlish,Low,Low,card_payment_wrong_exchange_rate,0.0009059380390681,0.9900105595588684,0.0098304701969027,0.0001589560706634,0.002149741119743945,216,0.17744784873196326,0.7776047077363917,0.04494741792164468,0.00834796951338301,97,0.17970106888483803,0.7761733096009741,0.04412559590418787,0.008313341336991124,98,0.8230616331177134,0.17168947037842228,0.005248896503864257,0.0033204205389442305,190,0.6001124006615853,0.3852870353626118,0.014600563975802993,0.0049476449285935,179
2080,singlish,Low,Low,reverted_card_payment?,0.0005685973446816,0.9934347867965698,0.0055603352375328,0.0010048416443169,0.0021494866542828574,217,0.4723068110978896,0.5061546502132137,0.02153852297189671,0.005919878707293941,180,0.5103583501098657,0.48040292089087117,0.00923871328226308,0.00537456134622825,186,0.9223053097895213,0.07143071984016236,0.006263970370316245,0.0027255244064067308,200,0.880422701390539,0.11293661726376225,0.006640681345698787,0.0029967084832849345,188
2480,singlish,Low,Low,order_physical_card,0.000735227658879,0.99228036403656,0.0070179752074182,0.0007017275784164,0.0021491248044185314,218,0.9982201276665196,0.0013947973180279695,0.0003850583890525295,0.0021040838565905664,327,0.9979288870426787,0.0016356758252807,0.00043542050564035457,0.002107163163404265,330,0.9963474656032058,0.0031321454917113156,0.0005203889050829299,0.0021191713959403703,263,0.992715771924105,0.006370267542846316,0.0009139605330485976,0.002151708772133891,289
2807,english,Low,Low,top_up_by_card_charge,0.0001202272396767,0.9901666641235352,0.0097764069214463,5.6931781728053465e-05,0.0021462150006603528,219,0.8413648466207663,0.15836419730943807,0.00027101393689537076,0.003081578872601759,224,0.841370977518566,0.15836231201806963,0.0002667683304647395,0.0030814344143297507,216,0.9585471740565032,0.041322377060599325,0.00013044888289738787,0.002345674717552622,208,0.9819536599520623,0.016338759409889384,0.0017075806380481586,0.0022388124745841465,206
1669,sinhala,Low,Low,lost_or_stolen_phone,0.0001494292082497,0.9980508089065552,0.0001717442501103,0.001777360914275,0.0021399490844487426,220,0.18284216696887431,0.025716166409819014,0.7914415858098562,0.026976608761595522,27,0.18591910201124018,0.026116135060807198,0.7879646821165026,0.026870455325246897,29,0.9151498512374475,0.004502170377084153,0.08034797838546844,0.0046223462227359974,181,0.987896914928802,0.0021355655651272816,0.009967519506070754,0.00240816560268009,197
626,singlish,Low,Low,top_up_by_bank_transfer_charge,0.0003353846550453,0.9950969815254213,0.0041288812644779,0.0007741168956272,0.00213332995190285,221,0.8548466824536278,0.14483188654575177,0.00032151364262025014,0.002998580097746998,226,0.8547853838427298,0.14487750915857184,0.00033718964069837066,0.002999355114017065,219,0.9736579939517054,0.02581534331204162,0.0005266627362530134,0.0022611374395415,220,0.9836319562331641,0.014762142309058252,0.001605901457777539,0.0022257811433204957,212
2791,tamilish,Low,Low,exchange_rate,0.0014282634947448,0.993595540523529,0.0060965693555772,0.0003079737361986,0.0021310612452604487,222,0.5626936772694444,0.43251622549951163,0.0047900420970444,0.0049362484433754196,190,0.5632267571763845,0.43215324903933844,0.004619938650277019,0.004928664107787856,188,0.9343174131822037,0.06416490715230123,0.001517679665495133,0.002531791492581939,202,0.9175777804317444,0.07754844241416894,0.004873777154086641,0.0027203166344870965,190
551,sinhala,Medium,Low,change_pin,0.0009385434677824,0.9932657480239868,0.0065525132231414,0.0001817076117731,0.0021299648389685876,223,0.9024446850308333,0.04164424558130022,0.05591106909586648,0.004090830776853955,199,0.9022477396348266,0.04184367570947328,0.055908584363700074,0.004091999567274835,199,0.9796100853360438,0.017091952401092857,0.003297962262863394,0.0022932193565546447,214,0.9913317051113619,0.007412599482967113,0.001255695405671019,0.0021689025615290974,224
609,tamil,Medium,Low,top_up_by_bank_transfer_charge,0.0002891120675485,0.9941022992134094,0.0055804247967898,0.0003172707511112,0.002128125688371558,224,0.854788457404693,0.14485308547176734,0.00035833255353973244,0.0029998627503091623,225,0.8547426730615276,0.14488850593568256,0.00036869643278984016,0.0030004079994351983,218,0.9697360014891827,0.029909293921711492,0.0003547045891059001,0.0022813509387535898,217,0.9835649008304332,0.014829378843814668,0.0016057203257520943,0.0022261957112869276,211
2136,english,Low,Low,change_pin,0.0003009573847521,0.9947035908699036,0.00490596704185,0.0003904360055457,0.002126196739845906,225,0.9305905485760873,0.012951321459683168,0.056458268243229144,0.003928600263138513,202,0.9307936344823543,0.012857898682530369,0.05634860511411522,0.003924589397996499,201,0.9870061321550121,0.0081773586158975,0.004816509229090402,0.0022849577380917676,216,0.9926796375324354,0.006202665340550421,0.0011176971270141747,0.0021570280269309666,234
21,sinhala,Low,Low,card_arrival,0.0001379547611577,0.9958511590957642,0.0034832484088838,0.0006656153127551,0.0021259041619487106,226,0.922948839493683,0.006811868284741354,0.07023929499257674,0.004320885484403909,198,0.9232334830499096,0.006841724156633039,0.06992479556445735,0.004311243976474499,193,0.9879344006429893,0.005019580485416876,0.0070460188715937375,0.002334893801104493,209,0.9930406492792646,0.005825736173480452,0.0011336145472549675,0.0021551696390193042,248
72,singlish,Low,Low,card_linking,0.0001512509188614,0.9967129230499268,0.00246640923433,0.0008206543279811,0.002124393810906134,227,0.9985923152315972,0.0008991995217908986,0.000508551462811639,0.002104845701507806,326,0.9985594317175777,0.0009330519090863781,0.0005075825895355851,0.002105027001638526,333,0.9978642976123862,0.0014895426154930963,0.0006461597721207868,0.00211283546755894,272,0.992868540312603,0.006229519925448534,0.0009019397619484133,0.002150453450428274,304
506,singlish,Low,Low,age_limit,0.0054030953906476,0.9982237219810486,0.0007411320111714,0.0010352120734751,0.002120315923336116,228,0.9985993515350213,0.0010142941631113046,0.0003863032763679271,0.0021017445429361526,332,0.9961218848805309,0.002972838830793109,0.0009052252631765517,0.0021302017591969336,306,0.998500464088449,0.0008670985053684263,0.000632437406182668,0.0021085163679350947,277,0.992902655314388,0.006192528619645268,0.0009048160659667307,0.0021503121392675768,309
2352,tamil,Low,Low,transfer_into_account,0.0002141491568181,0.9946013689041138,0.0052997772581875,9.890574438031764e-05,0.0021195478538478104,229,0.9891373066625008,0.010475698983036703,0.00038710354926281944,0.0021609036653809427,281,0.989091216796387,0.010526040133856314,0.00038285226455644336,0.0021610854449264907,277,0.9923495004849914,0.007454734007166778,0.00019576550784185416,0.0021360430929981836,243,0.9924023546484618,0.006659692007963765,0.0009379533435743682,0.0021542674503698058,253
2517,tamil,Low,Low,order_physical_card,0.0001720904401736,0.9949592351913452,0.0049907411448657,5.002090983907692e-05,0.002116088613183819,230,0.9975309235794951,0.002063095612957361,0.0004060321620476448,0.0021089162929668476,321,0.9975084656902597,0.0020933266412852427,0.0003982590229549676,0.00210886232629725,326,0.9966473338581647,0.0032100949770096556,0.00014257116482563554,0.002107851775840445,279,0.992770342498078,0.006323901614915217,0.0009057558870065924,0.002151162589895509,294
503,tamil,Low,Low,age_limit,0.0001367283111903,0.9988542795181274,0.0001387492520734,0.001006961450912,0.0021156680411271106,231,0.9986541799809255,0.0009508469211233334,0.00039492151015144107,0.0021016173163080037,333,0.9986350966166186,0.0009709772226708513,0.00039387457291047324,0.002101710413903895,342,0.9990059174152606,0.00036331226613504084,0.0006307703186043593,0.002105315607453064,286,0.992927686647926,0.006174550563697919,0.0008977627883759104,0.002149979361493192,323
1617,english,Low,Low,pending_card_payment,0.0028544971719384,0.9956533908843994,0.0042919539846479,5.455485370475799e-05,0.002111862676004723,232,0.9979795701963822,0.0015843509689544891,0.0004360903896634737,0.0021068633756391995,323,0.9979388271090943,0.001633919298388608,0.000427265147517063,0.002106897388881087,331,0.997236916807146,0.0026087752102006037,0.00015430798265333596,0.0021044603028550035,288,0.9928088517809436,0.006286031511433569,0.0009051167076229594,0.0021509059273930107,301
1466,singlish,Low,Low,atm_support,0.0002749352715909,0.9964025020599364,0.0034754704684019,0.0001220205522258,0.00210886815160241,233,0.9868240320572658,0.0012781102063193159,0.011897919670314469,0.0024631316408491137,241,0.9867566173176804,0.0013421415846504143,0.011901303031569119,0.0024636375670028915,231,0.9966705509452327,0.0021183870642885877,0.0012110619904786735,0.002134418939687596,247,0.9929227186907038,0.006146582726445248,0.00093069858285072,0.0021508338060877005,302
1464,english,Low,Low,atm_support,0.0001665938325459,0.9990363121032716,0.0001887864927994,0.0007749507785774,0.0021087305636077244,234,0.9836550409263122,0.003526780308662359,0.01281832452952507,0.0025059486554861723,235,0.9836617830393617,0.003554257331821866,0.012784105393316496,0.0025050510388744023,227,0.9960134701878622,0.0008198375918724546,0.003166692220265272,0.002187416450165826,227,0.9929125550445984,0.006148631110213809,0.0009388138451878408,0.0021511002104342898,296
26,singlish,Low,Low,card_arrival,0.0013843126362189,0.9989548921585084,0.0003434657119214,0.0007016821182332,0.0021074076435373445,235,0.9987030828637892,0.001028319362411069,0.0002684775466002841,0.0020981500022063293,370,0.9986742310991278,0.0010651266685277664,0.00026052200514452913,0.002098131437199065,372,0.9989715188500558,0.0005943847710796776,0.0004340963788645359,0.0021006137499920982,299,0.9929265257372585,0.006176486168859489,0.0008969880938820127,0.002149967249822518,325
3014,tamilish,Low,Low,verify_my_identity,0.0011038107331842,0.9980530738830566,0.0015003783628344,0.0004464627127163,0.0021066624807038643,236,0.9888396890526778,0.0012923247287376291,0.009868005682084529,0.002399785581002043,244,0.9883869811209115,0.001665632519669524,0.009947405822918996,0.0024046000090964447,243,0.9964977918916995,0.0013967632556784598,0.002105444852622056,0.002157858255325763,236,0.9929549246445898,0.006121154995325222,0.000923920360084938,0.0021504630633067704,303
2085,tamilish,Low,Low,reverted_card_payment?,0.0003669710131362,0.9982031583786012,0.0013412495609372,0.0004556461353786,0.002105955197475849,237,0.8746494903193323,0.08772293120634493,0.037627630532822906,0.003807465215978914,209,0.9435901894949902,0.042194316920857795,0.01421554564265217,0.0027912837238767835,224,0.9842130915115921,0.011425468255267298,0.004361440233140574,0.0022910375172143964,215,0.9887725790105013,0.009813723189491823,0.0014136978000067624,0.0021888471595178684,217
2811,tamilish,Low,Low,top_up_limits,0.0001755981793394,0.998327910900116,0.0012050548102706,0.0004670248017646,0.0021054594311863167,238,0.7446194779859724,0.22736407498012517,0.028016456183902357,0.004379873076768564,197,0.7521226194818296,0.22198081885922008,0.025896570808950185,0.004279981308045651,194,0.977141155995975,0.018759351696309556,0.004099492307715506,0.0023286884160513776,211,0.9749062084976802,0.02270976455987907,0.002384026942440821,0.002299770203783853,203
3071,english,Low,Low,country_support,0.0007146158604882,0.9988242983818054,0.0005860503879375,0.0005896438960917,0.0021054225047312967,239,0.9984420897660679,0.0012512401764935464,0.0003066328441391907,0.0021007357832880606,341,0.9981536328987929,0.0014871057940231375,0.00035922409388412026,0.0021038534199521483,336,0.9987183565180946,0.0008563964580206713,0.00042524702388474646,0.0021019747806923605,293,0.9929147673427529,0.006188316094742814,0.0008969165625044016,0.0021500389515037386,316
2404,tamilish,Low,Low,getting_spare_card,0.0001373127306578,0.9990028738975524,0.0003714681079145,0.0006256768247112,0.0021052074490095613,240,0.9909430331123197,0.0010069152253168842,0.008050153829963562,0.0023411940735270924,251,0.9909197806730285,0.0010328365765846445,0.008047484917986772,0.0023412726784732404,251,0.9971378964999077,0.0006129213231548754,0.002249182176937312,0.002157451034632342,237,0.9929820090691548,0.006102261046618574,0.0009157298842267181,0.0021500890237567847,314
2273,tamilish,Low,Low,receiving_money,0.003830898553133,0.9980996251106262,0.0015228652628138,0.0003775882360059,0.0021046510373707826,241,0.9875958977407638,0.011977324785555802,0.00042684073838021813,0.0021715305181188973,273,0.9859058872770867,0.013310739105778695,0.0007834368818346216,0.0021910079871032403,267,0.9953160450469958,0.004281491378386042,0.0004024635746181035,0.0021226696411550615,257,0.9924430033062137,0.006616626909389156,0.0009403697843970228,0.002154073807279422,255
2138,english,Low,Low,change_pin,0.0003970149555243,0.9975258708000184,0.0022759784478694,0.0001981236127903,0.00210374950499196,242,0.9398367394114581,0.002335591016213224,0.05782771217822898,0.0039050468715166138,203,0.9397323265705092,0.002443921991332988,0.057823794044057644,0.003905601498418257,203,0.9941573365367972,0.002367278204747737,0.0034753852584552126,0.0022067346114397323,226,0.993193938363998,0.005739783106095987,0.00106627852990601,0.002152528181805996,277
3024,tamilish,Low,Low,exchange_rate,0.0009748887387104,0.997749388217926,0.0020026785787194,0.0002478924579918,0.0021035966288764007,243,0.9474124631333002,0.045684663251067216,0.006902903495632513,0.002584578275141019,234,0.9474135927883014,0.04589095394231923,0.006695483149379335,0.002579385706140932,226,0.9889401543164613,0.009729277029577968,0.0013305686539607454,0.002185721585204469,228,0.9908835144217017,0.008023132567354395,0.0010933530109438199,0.002167645193471293,227
2604,tamilish,Low,Low,getting_virtual_card,0.0001560537639306,0.99729722738266,0.0026579364202916,4.476620961213485e-05,0.0021013442342033765,244,0.9825910663051592,0.01674613125952492,0.0006628377703160134,0.002208710407642323,263,0.982445748767222,0.016921118939204494,0.0006331676285735878,0.0022088768887108695,264,0.993133907903977,0.0066932745278766295,0.00017281756814623334,0.002130566848137132,249,0.9922139442554924,0.006830698756743387,0.0009553569877643851,0.0021558801064306167,244
898,singlish,Low,Low,supported_cards_and_currencies,0.0001622119889361,0.9976842403411864,0.0021874441299587,0.0001283361634705,0.002101015407242811,245,0.9909689588808231,0.008761289128809833,0.00026996600986687577,0.0021465282740706928,300,0.9909376273169199,0.008792905356902699,0.00026968134567710193,0.0021467169797403426,299,0.9954310038910769,0.004382652863864823,0.0001863432450584375,0.0021165481401405647,267,0.9925704570755604,0.006505762897002895,0.00092378002743685,0.0021528624772970033,268
2082,tamil,Low,Low,reverted_card_payment?,0.0010792274260893,0.9990420937538148,0.0005002220277674,0.0004576903884299,0.002100762558499506,246,0.8747439771661041,0.08766003622828342,0.03759600139391253,0.0038060836341288298,210,0.9431737567356782,0.042468849309084615,0.014357408743537248,0.0027974326955596098,223,0.9886103303923705,0.007002852834716022,0.004386816772913496,0.0022641891877038553,219,0.9888139147509512,0.009774867928116797,0.0014112173209321188,0.0021885267991631923,218
1156,sinhala,Low,Low,edit_personal_details,0.0002359856880502,0.9992626309394836,0.0002301606000401,0.0005072177737019,0.0021006224119143216,247,0.9987888827029539,0.0009428544918632473,0.0002681385943826571,0.002097605246209436,374,0.9987228207350606,0.0010021907894889159,0.00027486426465027976,0.00209818627526546,370,0.9991652542075588,0.0004659061883389569,0.000368839604102235,0.0020977714846386465,317,0.9929403071172211,0.00616594862534788,0.0008937442574309991,0.0021498000202864764,343
504,singlish,Low,Low,age_limit,0.0002220834721811,0.9993112087249756,0.000180162009201,0.0005086697638034,0.0021003553603804875,248,0.9987076887488349,0.0009181673839749393,0.0003741443356899855,0.0021007638909495297,340,0.9986499797657475,0.0009698093230947627,0.0003802113796572576,0.0021012762481930057,344,0.9991569062154515,0.00040677725274753,0.00043631653180103064,0.0020995105827817874,303,0.9929434381700162,0.00616274985578808,0.0008938119741957218,0.0021497821441256253,347
3015,tamilish,Low,Low,verify_my_identity,0.0037276558578014,0.9985560774803162,0.0011449707671999,0.0002989048662129,0.002099830080017754,249,0.9888782633963912,0.0012601436686483544,0.009861588586360626,0.002399383865526572,245,0.9872238709998509,0.0026003414538225576,0.01017578319772652,0.0024175786832890947,238,0.9970720560554898,0.0012052471978627648,0.0017226967466474868,0.0021447004016527096,239,0.9929690908071448,0.006106554751989712,0.0009243544408654606,0.0021503853768103146,307
728,tamilish,Low,Low,top_up_limits,0.0005700635374523,0.9989482760429382,0.0006604688242077,0.0003913081018254,0.002099689752018699,250,0.9972274629745252,0.002277877415967763,0.0004944144901070219,0.0021130200093335597,307,0.9970352104091813,0.0024631011479749423,0.0005014433234437917,0.0021143973087003787,309,0.9983331722259863,0.0012268690821544885,0.00043995869185922204,0.0021047499742173994,287,0.9928786074461738,0.006221834266999225,0.0008995582868268377,0.002150330993965417,308
2622,sinhala,Low,Low,get_disposable_virtual_card,0.0002131150249624,0.9977418184280396,0.0021844536531716,7.376571011263877e-05,0.0020992914258386,251,0.9519763314437284,0.04608659767193287,0.0019369382653389423,0.0024319036132851727,242,0.9520576620969966,0.04606540562715528,0.0018767996568480655,0.0024298918314899724,234,0.9894298303645116,0.010186419984880674,0.0003837496506076812,0.0021589906348203273,235,0.9908183246049926,0.008104392278467648,0.0010772831165395708,0.002167650882465617,226
1280,tamil,Low,Low,visa_or_mastercard,0.0005274188006296,0.99825781583786,0.0015486220363527,0.0001935566251631,0.0020990608541372508,252,0.9987602005392023,0.0009832531285403694,0.0002564923889573803,0.002097493940159754,376,0.998726156942642,0.0010143451521805447,0.00025944396187735293,0.002097780501961254,378,0.9985431645125475,0.0012340144800561384,0.00022282100739627215,0.0020980090803148174,314,0.992910001909871,0.006195226111302902,0.0008947719788260158,0.0021500151208672896,319
2334,singlish,Low,Low,transfer_into_account,0.0002891746698878,0.9990819692611694,0.0005219605518504,0.000396058690967,0.0020989723969250893,253,0.9898981529285746,0.009855812800746473,0.00024608962563905874,0.002152622579462053,286,0.9898129718854848,0.0099286267349837,0.00025845673449152316,0.0021534641387026747,285,0.9974120806076368,0.0022748034108889185,0.0003131159814743085,0.0021073357290724614,282,0.9925656366412926,0.006508339175534636,0.0009260241831727414,0.002152948708904573,266
2487,sinhala,Low,Low,order_physical_card,0.0001173885393654,0.9994474053382874,6.956252036616206e-05,0.0004830493417102,0.002098863426848157,254,0.9978197660571891,0.0016047833615471685,0.0005753853514638694,0.002111343885680833,312,0.9978803394436849,0.0016138650902028369,0.0005057302363126385,0.002109223924136455,325,0.9991382498357063,0.00033428387330946245,0.0005274662909842514,0.002101905929134776,295,0.9929211524453226,0.006182614602522107,0.0008962329521551365,0.0021499819543539444,321
502,singlish,Low,Low,age_limit,0.0004583173140417,0.999281108379364,0.0002817898930516,0.0004370617680251,0.0020987526171666084,255,0.998757399675558,0.0008894335768284833,0.0003531913682433467,0.002099929574739095,351,0.9985883650991453,0.0010281326172896586,0.0003835269041954968,0.002101744429240483,341,0.9991063940841048,0.0005006766781950466,0.0003929292377001504,0.002098741601250182,309,0.9929436032166956,0.006162839167912896,0.0008935576153914388,0.0021497747536137713,349
1425,tamilish,Low,Low,verify_source_of_funds,0.0010896200546994,0.9984906911849976,0.0013026493834331,0.0002066682354779,0.0020979332926799508,256,0.9877034334792771,0.009733111086944055,0.002563436591778934,0.0022242726318656585,261,0.9877304194073179,0.009788154851328902,0.002481406899353101,0.0022220532275047562,262,0.9957001004626197,0.0035701204473438356,0.0007297790900364041,0.00212845218269287,253,0.9925693138194867,0.006497657566245877,0.000933028614267356,0.0021531008373182245,265
659,tamil,Medium,Low,pending_top_up,0.9163955450057985,0.998538851737976,0.001279063639231,0.000182133182534,0.0020970192441988416,257,0.9115139072326066,0.05477488576321363,0.03371138497297953,0.0034791575205273613,221,0.7240075003048103,0.0851063319249935,0.19088634573899588,0.008580446582976497,66,0.988757065266178,0.00867485618323552,0.0025680785505864567,0.002217803639184382,223,0.9888575121696176,0.007821011372477822,0.0033214764579045947,0.0022360107937208383,207
741,tamilish,Low,Low,top_up_limits,0.0001421267515979,0.9980632662773132,0.0018911078805103,4.551516758510843e-05,0.002096574876001492,258,0.9985548243335478,0.0011350745065333522,0.0003100849229187975,0.0021001176690132956,349,0.9985448746767662,0.001154533689702978,0.0003005753965308679,0.002099942116208483,359,0.998415919495804,0.0014652672453934461,0.0001188132588025278,0.0020962041679546215,324,0.9928992195508681,0.00620606555516301,0.0008947148939689427,0.0021500810834896317,315
1257,singlish,Low,Low,get_physical_card,0.00115398154594,0.99870502948761,0.0010986069682985,0.000196313849301,0.0020963343311450416,259,0.9847205732072318,0.014781771899139024,0.000497621103428922,0.002191269996788856,269,0.993689905711723,0.005820808560053079,0.0004892519380236873,0.0021350024395006546,305,0.995640331863216,0.004045868654655725,0.0003137994821283341,0.0021184262462414422,266,0.9923430126278826,0.00671116473009924,0.0009458226420180518,0.002154835070459518,249
1625,english,Low,Low,pending_card_payment,0.9972015619277954,0.998647391796112,0.0011773507576435,0.0001751997042447,0.0020961666460304193,260,0.9984979744637053,0.0011973268677437665,0.0003046374118510448,0.002100336417758952,348,0.9897999491072873,0.007546088364903319,0.0026539012711091414,0.002213430672718014,263,0.9985816657935944,0.0011873074861676854,0.00023102672023790426,0.002097973590129316,316,0.9913842142472672,0.005959900964482826,0.0026558847882499495,0.0022035791139941615,214
2126,english,Low,Low,change_pin,0.0007374009001068,0.9988927245140076,0.0008712749695405,0.0002360304351896,0.0020961548153233403,261,0.9409829930465521,0.0011087686017652867,0.057908086947282326,0.0038998905387711046,206,0.9407268621577161,0.0013502111253656923,0.05792277531251827,0.0039018585659572314,204,0.9951960791657274,0.0010089192839737833,0.0037950015502988864,0.0022082328773050095,225,0.9932784439450246,0.0056634474047673146,0.0010581086502081199,0.002151795774932133,288
2424,tamil,Low,Low,getting_spare_card,0.0002789400750771,0.9987568855285645,0.0010488260304555,0.0001942823437275,0.0020959598065625556,262,0.9875797446497394,0.00369656418600115,0.008723625520259704,0.0023790500202456235,247,0.9875155315563475,0.0037759724918973083,0.008708430307755302,0.0023790714717667116,247,0.9967173736417374,0.0019760908309440963,0.0013065355273185633,0.0021365131362554393,242,0.9928718288122926,0.006202440169331979,0.0009257310183755536,0.002151027678715895,297
2489,singlish,Low,Low,order_physical_card,0.0002004804991884,0.9982833862304688,0.0016516764881089,6.502523319795728e-05,0.002095688533154316,263,0.9972574733248618,0.002344354803906089,0.0003982766047324463,0.0021104319129504273,318,0.9972226685176241,0.0023841215617034185,0.00039331465417223783,0.002110525394231653,319,0.9978710871008156,0.0019679679956428994,0.00016094490354140407,0.00210066266154177,298,0.9928569084483393,0.006244156963809021,0.0008989345878516087,0.0021504510202275022,305
1332,sinhala,Low,Low,transfer_into_account,0.0002484173746779,0.9989016056060792,0.0008851115126162,0.0002133025118382,0.0020955310246790733,264,0.9755370895383275,0.023172223845310428,0.0012905692903620708,0.0022684897782611715,256,0.9764186767380343,0.022320476773474512,0.0012607291624908994,0.0022622338550662225,256,0.99490682212323,0.004564382304851876,0.0005287955719180985,0.002128385584361098,254,0.991979796488244,0.007041186032471225,0.0009790174792848353,0.0021579350422639295,232
997,tamilish,Low,Low,card_acceptance,0.0004548983415588,0.9995399713516236,0.0001009402694762,0.0003591152781154,0.0020951866184986978,265,0.9910145708166317,0.006416966698817544,0.002568456118550895,0.002203703615643159,268,0.9909803865316107,0.006507969792572499,0.002511637309817161,0.0022024967972061986,266,0.9982295287685224,0.0008072116746756661,0.0009632595568018457,0.002118480267450114,265,0.992740382751702,0.006341199918529366,0.0009184173297686376,0.0021516663743794116,290
514,tamilish,Low,Low,age_limit,0.0009756232611835,0.9991950392723083,0.0005490658804774,0.0002559026761446,0.0020947619700261073,266,0.9987378223080947,0.0009236424060455849,0.0003384787640595511,0.0020996834419942287,357,0.9983282643278365,0.0012526530587948237,0.0004190260915689303,0.00210425686255858,335,0.9989935259555486,0.0007121573350560167,0.0002943167093953604,0.002096981713846038,321,0.992939732400673,0.006166925657578831,0.0008933419417481667,0.002149793554372831,345
596,tamilish,Low,Low,contactless_not_working,9.260427759727464e-05,0.9986867308616638,0.0012012370862066,0.0001119853914133,0.0020943405113939646,267,0.20255401840577542,0.7966584580044072,0.0007876199605172161,0.007087062020399331,163,0.20857228093554292,0.7906695736354683,0.000758241799689096,0.007048713425567587,169,0.9350680975793557,0.06431445893371336,0.0006174434869308955,0.0025045938106356322,203,0.5668345416795116,0.42038301462921196,0.012782443691276315,0.005110178540118293,178
3058,english,Low,Low,country_support,0.0003244884428568,0.9995762705802916,0.0001097706626751,0.00031398262945,0.002093831406879567,268,0.9942802946110063,0.004467099879906703,0.0012527137860870738,0.002150400238975055,295,0.9942184331622358,0.004549362169261205,0.0012323129455035324,0.0021502768520152856,296,0.9986702606849173,0.0007014806710773519,0.0006282586440053666,0.0021073506701527345,281,0.9928131129563162,0.006279582524401958,0.000907304519281781,0.0021509339903384014,300
2265,tamilish,Low,Low,receiving_money,0.0003565196529962,0.9993404746055604,0.0004369935777503,0.0002225146745331,0.002093018091060607,269,0.9880272433503909,0.01165727894586414,0.00031553847954511843,0.0021660520308470197,275,0.9879212393624184,0.01174686907444307,0.00033195233893863193,0.002167124902256685,270,0.9974683547415852,0.0022656564141552787,0.0002659888442593828,0.0021058058373049095,284,0.9924975351367814,0.006571122950437528,0.0009313419127810369,0.0021535072865479753,259
2031,tamilish,Low,Low,verify_source_of_funds,0.0015984192723408,0.999189555644989,0.0006291103200055,0.0001812348200473,0.0020929286542620165,270,0.9981197249730029,0.0014384336864645948,0.00044176028273249884,0.002106128383838711,325,0.9979478346161218,0.0015770778445060693,0.0004750064815721403,0.002108033853540209,328,0.9987656298311715,0.0009513857769664596,0.0002829843918619968,0.002098122756685061,313,0.9929191956727312,0.006185141773732245,0.0008956625535364515,0.002149979924217174,322
1600,sinhala,Low,Low,pending_card_payment,0.0073115499690175,0.99868243932724,0.0012702968670055,4.729513966594823e-05,0.0020927507271456605,271,0.9799344716060688,0.01921077470825022,0.0008548752980810844,0.002230115781684098,260,0.9802169244292966,0.019026232871418917,0.0007569643116844057,0.002225902676879006,261,0.994830020308896,0.0049677726366165065,0.000202207054487478,0.00212070088276492,259,0.992144002213923,0.006886590576983881,0.0009694072090930138,0.0021566684997236392,235
2073,singlish,Low,Low,transfer_timing,0.0002029891038546,0.9990487694740297,0.0008181509329006,0.0001330536761088,0.0020926046500486933,272,0.8640613754132217,0.019319610469469096,0.11661913258460922,0.005848429038843429,182,0.8668062412069799,0.011922187562693106,0.12127168969762696,0.005947587555457883,181,0.9915532013313239,0.0042429340218976186,0.004203864646778523,0.002241222441182022,221,0.9928808229466203,0.005770362723436646,0.0013488143299430603,0.0021615485481655326,229
981,english,Low,Low,card_acceptance,8.918717503547668e-05,0.9996144771575928,0.0001117882711696,0.0002737701870501,0.0020925874025730686,273,0.997761544824162,0.001707435327920528,0.000531020673817272,0.0021105992019102514,316,0.9978036859278695,0.0016857692503780995,0.0005105456476520217,0.0021098239443579467,321,0.9991814230977853,0.00043710417532900875,0.0003814727268857598,0.0020979862571443198,315,0.9929221511319715,0.00618295439974068,0.0008948944682877767,0.0021499422504657056,328
1202,english,Low,Low,unable_to_verify_identity,0.0007240712293423,0.999081015586853,0.0007841775077395,0.0001348035875707,0.00209244704795613,274,0.9978168318909189,0.0015233987039613285,0.0006598743747198246,0.002113475868129753,306,0.9978082707893617,0.0015438273969345811,0.0006480067833038702,0.002113232685229087,311,0.9986085422398296,0.0010931593975689428,0.00029829836260147625,0.0020994874033994355,304,0.9929148552469081,0.006189464793637078,0.0008956799594547443,0.0021500074870265257,320
1332,english,Low,Low,transfer_into_account,0.000165435107192,0.9992571473121644,0.0005714715225622,0.0001713752571959,0.0020922604948282243,275,0.9807767820271016,0.017748579870020764,0.0014746016888774558,0.0022403431844358838,258,0.9809542460534616,0.01762772247355347,0.0014179950589846319,0.0022378188685238114,258,0.9962889966698927,0.003205093592355522,0.0005059097377518078,0.0021191748475902993,262,0.9922378210505318,0.006804903167610115,0.0009572757818581405,0.0021557788463139635,246
2034,singlish,Low,Low,verify_source_of_funds,0.0003164679801557,0.9991299510002136,0.0007352697430178,0.0001348018413409,0.0020921413738202903,276,0.9986537289117282,0.0010247161447262852,0.0003214524474457662,0.0020997829846870117,354,0.9986508118160378,0.0010333865433816971,0.0003156991444804928,0.0020996573839609425,363,0.9989237904145783,0.0008680386056165581,0.0002081709798050626,0.0020952639177373453,327,0.9929344627242285,0.0061730409382171735,0.0008924963375543011,0.002149805349745762,342
2634,singlish,Low,Low,get_disposable_virtual_card,0.0001342414761893,0.998860478401184,0.0010797006543725,5.978522676741704e-05,0.0020919496763478177,277,0.9985084084789656,0.0011541814928180704,0.00033750680981664615,0.0021010942570985503,336,0.9985001713147627,0.001169008165284575,0.00033091730155289985,0.0021009810016682237,347,0.9987415589248634,0.0011163839379329308,0.0001420571372036836,0.002094750018483029,333,0.9929218407219812,0.006185117118383864,0.0008930421596349094,0.0021498978828118236,333
1279,english,Low,Low,get_physical_card,0.0002501373819541,0.9996711015701294,7.505004032282159e-05,0.0002537874388508,0.00209173312656882,278,0.9875851126961668,0.012028994239929874,0.0003859540232037807,0.002170575737556556,274,0.9969079668777842,0.0027227861650665616,0.00036930791644946474,0.0021118917462525874,313,0.9987303748135962,0.0009550421706938483,0.00031458301570996274,0.0020991330661411065,307,0.9924922888135707,0.006575531523458831,0.0009321796629704096,0.002153561019822776,258
2505,sinhala,Low,Low,order_physical_card,0.0001261781144421,0.9988657236099244,0.001087999320589,4.631223055184819e-05,0.002091580659543979,279,0.9985013028058008,0.0012156167129670143,0.00028293392663264477,0.0020997723176745652,355,0.9984896540028867,0.0012326070044076057,0.0002775924381054735,0.002099711585479593,361,0.998735425396129,0.0011500989982709377,0.00011447560560000376,0.002094098814747527,341,0.9929191734785728,0.006187801640316232,0.0008930248811107917,0.0021499141211200217,330
27,tamil,Low,Low,card_arrival,0.9971396923065186,0.9993537068367004,0.0004887380637228,0.0001575868227519,0.002091312600532546,280,0.9987766953102312,0.0009744997942607778,0.0002488212129081714,0.002097199653945427,378,0.9882138875699279,0.008626485622303337,0.003159643125168898,0.002235987750128841,259,0.9991118140843154,0.0006901591320465738,0.00019802678363808597,0.0020938351648973146,342,0.9914179033217755,0.005934423122944897,0.0026476735552795755,0.002203163276454226,215
1313,tamilish,Low,Low,visa_or_mastercard,0.0006749578169547,0.9991300702095032,0.0007811341201886,8.88761569513008e-05,0.0020909929691697465,281,0.9988162584369596,0.0009435353002266634,0.00024022538121377279,0.0020967375119526808,386,0.9987611631041887,0.0009896733073141055,0.0002491827068970635,0.0020973057909245796,385,0.9989953570934251,0.0008585222093077357,0.0001461206972672035,0.0020932653689311066,346,0.9929370550268617,0.0061708569417854,0.0008920880313529129,0.00214977894019927,348
1388,tamilish,Low,Low,disposable_card_limits,0.0008223785553127,0.9996616840362548,0.0001192408162751,0.0002190068335039,0.002090922409661287,282,0.9895208697182238,0.010050598295746106,0.00042854051902970353,0.0021595414816785075,283,0.9891926285713928,0.010321334452640222,0.00048604550896685916,0.002163030613594632,276,0.9985932556827551,0.0010991527631053182,0.00030759155413948155,0.0020998152741696003,302,0.9925764648955975,0.006498195027548639,0.0009253400768539571,0.002152863929657198,267
508,singlish,Low,Low,age_limit,0.0001736259146127,0.9994416832923888,0.0004067628760822,0.0001516011252533,0.002090613235001605,283,0.9986865906104568,0.0009610854185385837,0.0003524713262045121,0.0021003551531330903,347,0.9986527360477147,0.0009946493031112382,0.0003527620043741198,0.0021005740111044702,351,0.9991435246133153,0.0006252967755189069,0.00023117861116576306,0.002094465769779256,335,0.9929463545294276,0.006162077460970255,0.0008915680096021805,0.0021497078177644654,357
1250,english,Low,Low,get_physical_card,0.0007201405242085,0.999669075012207,0.0001335902197752,0.0001972874888451,0.002090333407735061,284,0.9856865551622812,0.01385878208870156,0.00045455780011719805,0.0021841554339978387,272,0.9948203850384765,0.0047353333380792915,0.0004441766745445128,0.002126809469132304,307,0.9983303808300595,0.0013684426755630368,0.00030117649437744225,0.002101297865504897,297,0.9924135074403498,0.006647113057312108,0.0009393795023382529,0.0021542333993896053,254
1479,singlish,Low,Low,atm_support,0.0006445757462643,0.9995002746582032,0.0003510776441544,0.0001485868851887,0.0020901707820788333,285,0.986659346359717,0.0014282138669928185,0.011912523712790394,0.002464526210900697,238,0.9864241303085522,0.0016288278878331445,0.011947125743114713,0.002466861361978584,230,0.9979514208229763,0.0007115944235454152,0.001336984753478211,0.0021295615720266863,251,0.9930058384287233,0.0060699349139240084,0.0009242266573528079,0.002150152509587634,312
888,english,Low,Low,supported_cards_and_currencies,9.380473784403875e-05,0.9990990161895752,0.0008543443982489,4.663527579396032e-05,0.002090130329573488,286,0.9910840870144759,0.008666883923354947,0.0002490232397692948,0.0021452833219670923,302,0.9910831681617738,0.008673972199302207,0.00024285381652376387,0.0021451348292153396,302,0.9971651953208694,0.002726814362592335,0.00010799031653830647,0.0021037506204913577,291,0.992617683153853,0.006462924616927755,0.0009193922292190084,0.0021524576193522253,283
3074,singlish,Low,Low,country_support,0.0003143540525343,0.9995964169502258,0.0002346032561035,0.0001689696800895,0.0020900798851168165,287,0.9989072227282935,0.0008714640324120714,0.0002214486563940276,0.0020957005361671795,400,0.9988012679505354,0.0009612089683511325,0.00023765849821323834,0.0020967679995736494,389,0.9993543365209494,0.00045220601197518725,0.00019345746707544564,0.002092205166754286,356,0.9929534164007128,0.006155807742069712,0.0008907758572175863,0.0021496438772593187,376
2509,tamil,Low,Low,order_physical_card,0.0001101946036214,0.9997255206108092,7.560889207525179e-05,0.0001988779258681,0.0020900208395687498,288,0.998547866401298,0.0011707670650523375,0.0002812713385501391,0.0020994401584964783,361,0.9985444098756431,0.0011817653869898351,0.00027372954226709826,0.0020992732168747417,366,0.9994657866702545,0.00029762183310699423,0.0002365914966384122,0.0020925869540602024,350,0.9929455612522319,0.0061627749086616505,0.0008916638391064692,0.002149715171484546,355
2137,singlish,Low,Low,change_pin,0.0038269881624728,0.9995519518852234,0.0002948228211607,0.0001532039023004,0.0020899635533472346,289,0.940340288426169,0.003609034239259989,0.05605073933957064,0.003857475530867373,207,0.9391528596993748,0.0046704139587125555,0.056176788346912365,0.0038680481855933807,207,0.9959300605921906,0.0010596432700748263,0.0030102961377345312,0.002184027858075505,230,0.9931878087072463,0.0057480182806236195,0.001064173012130042,0.002152513854216295,279
2615,singlish,Low,Low,get_disposable_virtual_card,0.0001949757424881,0.999249279499054,0.0006746287108398,7.609016756759956e-05,0.0020899275771322804,290,0.9984117126927708,0.0012108832320173251,0.00037746126241163837,0.0021026971371238047,329,0.9983765033489481,0.0012477454932773005,0.0003758083449746011,0.002102875872586773,339,0.9989266003348822,0.0009039103634572507,0.00016948930166054465,0.002094279313781833,339,0.9929310367420066,0.0061763819565731765,0.0008925813014203584,0.0021498288862313018,339
972,tamil,Low,Low,card_acceptance,0.0001232605281984,0.9997207522392272,8.889121090760455e-05,0.0001903345109894,0.0020898368109556,291,0.9978191144571305,0.001660106275355504,0.0005207089589136423,0.0021099810060441057,319,0.9978460201174103,0.001650620512487979,0.000503289061501721,0.002109377348232062,323,0.9993006657029779,0.0003843512279165674,0.00031498306910555365,0.0020955787494173605,325,0.9929272897168083,0.006178695037396567,0.0008940152457950718,0.0021498881537481574,334
1139,sinhala,Low,Low,edit_personal_details,0.0003121318877674,0.9996609687805176,0.0001664263254497,0.0001725665206322,0.0020897661216925656,292,0.9988598959644674,0.0009051501568396814,0.00023501638969261187,0.0020963349142227245,392,0.9987581352811897,0.0009921168401392521,0.00024981038967100135,0.0020973407684926723,384,0.9994104016300884,0.0003881830234320141,0.00020141534647952035,0.0020920537068072685,359,0.9929540119657613,0.006155190707153729,0.0008907973270848648,0.002149640691724446,377
484,sinhala,Low,Low,age_limit,0.0001965725095942,0.9995906949043274,0.0002575062680989,0.0001518089120509,0.0020896867970198693,293,0.9987525249517015,0.0009020279433698383,0.00034553692412854893,0.0020997692239817455,356,0.9987064618534625,0.0009443456151121133,0.00034928235062561824,0.0021001507540081687,356,0.9992889324862476,0.00048200875791087986,0.00022905875584156336,0.0020935039741903252,344,0.9929529909379547,0.006155997528770973,0.0008910115332743425,0.0021496524283029753,371
2824,tamilish,Medium,Low,supported_cards_and_currencies,0.0001389724493492,0.99919456243515,0.0007553285686299,5.010594759369269e-05,0.0020896199413982684,294,0.9904065772779819,0.00927606496323053,0.0003174091636878009,0.00215122788281231,290,0.9903919562407298,0.00929991991954274,0.0003081752446273602,0.0021510884163186217,290,0.997220141680513,0.002653438947614009,0.00012641937187297868,0.0021038679321269513,289,0.9925952655872607,0.006483079796098633,0.000921654616640609,0.002152654288828969,271
927,tamil,Low,Low,getting_virtual_card,0.0003019822761416,0.9997114539146424,0.0001107565622078,0.0001777976576704,0.00208958175559625,295,0.9881250038534339,0.011537402964631087,0.00033761096463505555,0.0021659924815544147,276,0.9879313231829632,0.011742567855306486,0.00032612674443008847,0.0021669158802397302,271,0.9986180525768344,0.0011357817879538335,0.00024616563521171267,0.0020981246456084107,312,0.9925144372224046,0.00655583424538734,0.000929728532207953,0.002153361313998503,261
81,tamilish,Low,Low,exchange_rate,0.0009146912489086,0.9992714524269104,0.0006612438592128,6.731760367983952e-05,0.002089569811505498,296,0.9984936487493734,0.0011920376515649244,0.0003144080555616558,0.002100609017176291,343,0.9981130715413631,0.001499931065102258,0.0003870918500347945,0.002104804719588185,334,0.9989666085143964,0.0008878965963319041,0.00014549488927170873,0.002093429402350149,345,0.9929315045400645,0.0061755452105594095,0.0008929502493760455,0.002149835186192331,338
1129,singlish,Low,Low,edit_personal_details,0.0002903880376834,0.9996904134750366,0.000142031116411,0.0001675245875958,0.0020894561069629445,297,0.9987507238538397,0.0009682704861582951,0.0002809019304020804,0.0020981629930935546,369,0.9986594004264044,0.0010479219263588714,0.0002925739176365273,0.002099025564195884,367,0.999412115734973,0.00037091414189842917,0.000216970123128513,0.0020924318630679644,354,0.9929526590235935,0.006156317085392056,0.0008910238910144483,0.002149654811711235,370
1127,sinhala,Low,Low,edit_personal_details,0.0002515654778108,0.9996483325958252,0.0001964254479389,0.0001552452013129,0.002089412411684557,298,0.9988146668503088,0.0009353678591539129,0.0002499068388377096,0.00209698884939235,381,0.9987413065745103,0.0010006012486006588,0.0002580337251888499,0.0020976505232748635,380,0.9993743039718763,0.00042869873198938093,0.00019699729613426744,0.0020921688659124625,358,0.9929526187422136,0.00615656240917395,0.0008908188486124258,0.002149649937409809,373
345,english,Low,Low,automatic_top_up,9.011739894049242e-05,0.99959796667099,0.0002620291779749,0.0001400189066771,0.0020893466372702563,299,0.9596366659655939,0.03413357802959812,0.006229722774808418,0.002491346963501919,236,0.9600328206841883,0.03388789640206161,0.006079249683750083,0.0024851091692342417,228,0.9960088909221645,0.0030413251424832857,0.0009497839353522385,0.0021320223634536117,248,0.9915265134629826,0.007438277941459197,0.0010352085955581721,0.002162172839078646,228
3073,tamil,Low,Low,country_support,0.00081564032007,0.9997091889381408,0.0001240187266375,0.0001666956668486,0.0020893174885713924,300,0.9988994162417607,0.0008717373126337068,0.00022887875110570236,0.002095934219812472,396,0.9985594418136685,0.001146168894268634,0.0002944215975630057,0.0020996976311494814,362,0.9994757783257682,0.0003288599645821387,0.00019536170964965543,0.002091493761538523,362,0.9929563559912238,0.006152637877209006,0.0008910061315671612,0.0021496312616773633,381
320,tamil,Low,Low,automatic_top_up,0.0001139367741416,0.999583661556244,0.0002824812254402,0.0001338560541626,0.002089281840259597,301,0.9988412034832783,0.0009062555229845064,0.0002525865867368608,0.0020968908561729296,382,0.9988295121131257,0.0009211687703689618,0.0002493647095054878,0.002096883380305603,388,0.9993100923125434,0.0005060140817495147,0.00018389360570709111,0.0020922425965226145,355,0.9929520977314246,0.006157280851703817,0.0008906214168715275,0.0021496482579337175,374
2371,tamil,Low,Low,verify_top_up,0.0019789491780102,0.9994437098503112,0.0004584155103657,9.78183452389203e-05,0.002089255136282493,302,0.9986723983931302,0.0010108939379994695,0.0003167103022703797,0.0020995486228780292,360,0.9985579900705612,0.0011034664805113295,0.0003385460823274357,0.0021008095693955116,350,0.9991431735091414,0.0006807998964822243,0.00017602659437645143,0.0020930891637606116,347,0.9929429648547153,0.006163925495388228,0.0008931096498964072,0.0021497675442387724,351
2444,tamil,Low,Low,top_up_by_cash_or_cheque,0.0001256874820683,0.9993152618408204,0.0006290216697379,5.57997336727567e-05,0.0020890086338719504,303,0.981215731943838,0.018478699529430723,0.0003056070808312597,0.0022083755069892937,264,0.9898024930090632,0.009902251516203279,0.00029529402883330145,0.0021544504240316857,282,0.9964378746343047,0.0034307195794193186,0.00013140578627597883,0.002108881761525828,275,0.9921986653207971,0.006845407778464614,0.0009559269007382098,0.002155989847596806,240
1391,tamilish,Low,Low,getting_spare_card,0.0002241672482341,0.9997552037239076,8.377031917916611e-05,0.000161033385666,0.0020888892066068337,304,0.9864686644772754,0.004846216159037291,0.008685142491687111,0.002385032935375872,246,0.9864672397311316,0.004889863553097823,0.00864291984377028,0.0023839862738413487,246,0.998170908655135,0.0006404170753864045,0.0011886742694785816,0.002124482010975704,256,0.9928540910004096,0.006218707789711224,0.0009272012098793487,0.0021511752948277585,293
2936,tamil,Low,Low,card_about_to_expire,0.0001888311380753,0.99976247549057,7.641664706170559e-05,0.0001611227198736,0.0020888460533266553,305,0.998799791189437,0.0009485515303042328,0.0002517770076584945,0.0020971300613191455,380,0.998753435780598,0.0009918079392462389,0.0002548760075554087,0.0020974972576218117,382,0.999529239964578,0.00026929750052113625,0.00020146253490088944,0.0020913121469272435,365,0.9929554396413581,0.00615398726368082,0.0008905730949611726,0.0021496261629488753,384
2089,tamilish,Low,Low,reverted_card_payment?,9.432714432477952e-05,0.9994775652885436,0.0004357685102149,8.679702295921743e-05,0.002088769566034897,306,0.8748814884119548,0.08764071001690243,0.03747777934574264,0.0038022683291905135,211,0.9440521778412276,0.0419591626826475,0.013988637250724769,0.002782722967882112,225,0.9915347559564891,0.006552811411604718,0.0019124326319061972,0.0021840519244029316,229,0.9888365338492261,0.009759220008128462,0.001404246142645282,0.002188211150341801,220
2947,english,Low,Low,card_about_to_expire,0.0001202763160108,0.9997425675392152,0.000105333951069,0.0001520334044471,0.00208874257878051,307,0.9988578800985711,0.0009081585964921406,0.00023402995453674966,0.0020963229036606826,393,0.9988428720726812,0.0009262685856485891,0.00023092799127018371,0.00209633915474083,393,0.9995019824208068,0.0003093518777858836,0.0001886657014072697,0.002091162585738472,369,0.9929564460320259,0.006153241171549493,0.0008903127964246149,0.002149613365543787,389
326,english,Low,Low,automatic_top_up,9.83129211817868e-05,0.9995384216308594,0.000366430991562,9.526080248178914e-05,0.0020886006634100334,308,0.9988863688209919,0.0008713644925503899,0.00024217411735781555,0.0020963471097269135,391,0.9988809250184589,0.0008818981621520473,0.00023708425028912304,0.0020962538868160275,395,0.999283000264164,0.0005651018625435557,0.00015189787329256612,0.002091612028514623,361,0.9929522364578183,0.006157416280344027,0.000890347261837602,0.0021496405370179084,378
1379,sinhala,Low,Low,disposable_card_limits,0.0001708286290522,0.9996628761291504,0.0002124078746419,0.00012481136946,0.002088561436539746,309,0.9903098716958141,0.00937274396397342,0.0003174595161124058,0.002151833749603138,288,0.9902740294163296,0.009407726297683808,0.0003183194618861986,0.0021520792624942584,288,0.9983844564869884,0.0014158073391287605,0.00019973617388289048,0.0020984238846367283,310,0.9926051970713253,0.006473471184961204,0.0009213317437135575,0.00215258414523039,273
2851,english,Low,Low,activate_my_card,0.0001332497777184,0.9997597336769104,9.203790250467137e-05,0.0001482955558458,0.0020885429462092955,310,0.9676168162045043,0.019621268231840107,0.012761930358056088,0.0026047766142932548,233,0.9736376163425964,0.01973170831280919,0.0066306901389940704,0.0024138656079536218,241,0.9972426259730075,0.0013625366896859493,0.001394837337306545,0.0021354378544347,244,0.9922550340465581,0.006749654065185241,0.000995311888256516,0.002156622167748757,237
1158,tamil,Low,Low,edit_personal_details,0.0004959499347023,0.999691605567932,0.0001813808776205,0.0001270351349376,0.002088436856744616,311,0.9988387902494409,0.0009175776945050775,0.00024369730395436048,0.0020966838706056893,387,0.9986513766007291,0.0010721079488131104,0.0002765806983576382,0.0020986772907702162,368,0.9994160030112906,0.00040802122117998335,0.00017597576752933177,0.002091382708701,364,0.9929544441761115,0.006154837523746601,0.0008907183001419878,0.002149636014736187,380
488,sinhala,Low,Low,age_limit,0.0001542756799608,0.9996724128723145,0.0002069828915409,0.0001206094893859,0.002088396033893026,312,0.9987473981883392,0.0009026507453569517,0.0003499688135039767,0.002099911462887147,352,0.9987209472285588,0.0009294751102987468,0.00034959540834206217,0.0021000674462567227,358,0.9993622109428371,0.0004323080652177279,0.0002054809919451666,0.0020924565397392307,352,0.9929554784727113,0.006153902845424032,0.0008906186818647755,0.002149627059925508,383
980,english,Low,Low,card_acceptance,0.0001311086671194,0.9997475743293762,0.0001138077350333,0.0001385665673296,0.0020883747298891314,313,0.997693999106092,0.0017338190748531317,0.0005721659364545446,0.0021120498549766194,310,0.997718683273353,0.0017263394834678254,0.0005549613605787864,0.0021114654645343436,315,0.9992738157908926,0.000444455647049979,0.0002817285620574379,0.002094915198691691,330,0.9929255728445312,0.006180357596523189,0.0008940695589456726,0.002149900242028656,332
2851,sinhala,Low,Low,activate_my_card,0.0001597708032932,0.9997645020484924,9.516048157820478e-05,0.0001404522918164,0.002088317459674724,314,0.9675877585402861,0.0196401243042913,0.012772077459022514,0.0026052114481287737,231,0.9735835466731182,0.019752474554087605,0.006663939076393935,0.0024150343127328573,239,0.9972558163595393,0.0013861587573555012,0.0013580248831052064,0.0021344351031638426,246,0.9922544271409641,0.006750188591274518,0.0009953842677615145,0.0021566277703963465,236
422,tamilish,Low,Low,exchange_via_app,0.0005275981384329,0.9995220899581908,0.000401280762162,7.657683454453945e-05,0.002088234254915732,315,0.9964227038942418,0.002429337073867778,0.0011479955468906772,0.0021343916269582577,304,0.9962436466491063,0.0025805278445257167,0.0011758620213676218,0.002136207396602273,304,0.9987152038706123,0.0009880791047069154,0.0002967170246807586,0.0020987812347590252,308,0.9928945869173007,0.006206761659691505,0.0008986514230078938,0.002150208450675402,311
1209,english,Low,Low,unable_to_verify_identity,0.0004303010646253,0.999761998653412,0.0001027541002258,0.000135213471367,0.00208820089707539,316,0.9978883816799731,0.0015509523012485526,0.0005606399593781473,0.002110546729656287,317,0.9978905016238209,0.0015608045092026868,0.0005486678075762737,0.0021102341762121914,320,0.999325125447533,0.0003994075908407398,0.00027546696162624823,0.0020944379733269084,336,0.99293309554205,0.006173280478017725,0.0008936239799323044,0.0021498420856938282,337
2509,sinhala,Low,Low,order_physical_card,9.81844641501084e-05,0.9997933506965636,6.376782403094694e-05,0.0001428450777893,0.002088195715077742,317,0.9986338134881637,0.001090890032314025,0.0002753029875223697,0.0020987546279537038,364,0.9986355086988046,0.0010976164838030495,0.0002668813253922674,0.002098533491333944,369,0.9995377936890288,0.0002638349062153254,0.0001983714047558412,0.002091181407895799,367,0.992950872074947,0.006158247656853024,0.0008908802681998793,0.0021496623895699107,368
2264,tamil,Low,Low,receiving_money,0.0002106389147229,0.9996598958969116,0.0002327708061784,0.0001073711537173,0.002088143578293963,318,0.9881054331647229,0.0115914725293032,0.0003030704286737439,0.0021652509377931574,278,0.9880624630598777,0.011632054527898452,0.000305458534923999,0.002165579203604699,274,0.998169108898152,0.0016497187420638174,0.00018117235978410006,0.0020993057117144856,306,0.9925105467133967,0.006559991130965101,0.0009294621556381469,0.0021533789702655568,260
2474,singlish,Low,Low,top_up_by_cash_or_cheque,0.0001312664098804,0.9996945858001708,0.0001943987299455,0.0001110503144445,0.0020880187203147185,319,0.9809794624536646,0.01864701834291487,0.00037348044942053397,0.0022115483812834426,262,0.9895564181058275,0.010082878363813934,0.000360664776358709,0.0021576220166308804,279,0.9978762742106404,0.0019185118277389973,0.0002052139616206128,0.002101736968557346,296,0.9922036831027683,0.006840179054414068,0.0009561378428176601,0.0021559637600114733,241
345,tamil,Low,Low,automatic_top_up,0.0001049216953106,0.9996088147163392,0.0003069992526434,8.419941877946258e-05,0.002087883338390384,320,0.9925636834498215,0.006243063413705952,0.0011934649564724997,0.0021596487008504273,282,0.9926074670591359,0.006248445632760408,0.0011442991281035834,0.00215814590758299,278,0.998294797873424,0.0013874971891259394,0.00031770493745014055,0.0021019334700606873,294,0.9927411007652526,0.006346879327967847,0.0009120199067795681,0.0021515019512199935,291
328,tamilish,Low,Low,automatic_top_up,0.0002212827821495,0.9997528195381165,0.0001321246527368,0.0001149938179878,0.0020877525400768092,321,0.9985645759250046,0.0011443633566142848,0.00029132884828121273,0.002099590189424919,358,0.9985044819594666,0.001198713378684139,0.00029707279174889545,0.00210010937529622,357,0.9994279702909495,0.00038894751918651144,0.00018308218986387955,0.0020914855737614955,363,0.9929476365374813,0.006161190360555191,0.0008911731019635303,0.0021496899325231635,362
2473,singlish,Low,Low,top_up_by_cash_or_cheque,0.0001283139572478,0.9995718598365784,0.0003646343539003,6.351240881485865e-05,0.002087597074569203,322,0.9813109297631722,0.018416449451085178,0.0002726665859428244,0.002206957068630413,267,0.9898973357714523,0.009839929918161513,0.0002627801105861924,0.002153044869194744,286,0.9972581618206228,0.0026093300486974,0.00013250813067985343,0.0021037825252214373,290,0.9922094012273692,0.006835600670358207,0.0009549981022726637,0.0021558995282190928,242
2796,tamil,Low,Low,exchange_charge,0.0001130027885665,0.9994831085205078,0.0004769979277625,3.996451050625183e-05,0.002087563609165954,323,0.9979896162303725,0.0017633619727576851,0.0002468935966695494,0.0021020695034752418,330,0.9979821318955316,0.0017748318665739599,0.0002429080376944877,0.0021020166415936232,340,0.9989832897726595,0.0009173529570051641,9.935727033534152e-05,0.002092171704012595,357,0.9929147451550298,0.006191870099041043,0.0008933847459291016,0.002149950794762624,326
2853,tamil,Low,Low,activate_my_card,0.0001516639604233,0.9997971653938292,8.438700751867145e-05,0.000118423733511,0.0020875614440835,324,0.9676295681723547,0.019580876348322743,0.012789504595322545,0.0026053857231058465,230,0.9736318470105934,0.01969289910671738,0.006675202998689191,0.0024150139404510206,240,0.9974483984751051,0.0013035682665852371,0.0012480332583096178,0.0021304816743216667,250,0.9922582899856817,0.006746742099924549,0.000994967914393818,0.0021565932187826687,239
935,singlish,Low,Low,getting_virtual_card,0.0001333673426415,0.999612271785736,0.0003160105261486,7.168379670474678e-05,0.00208754844716168,325,0.9882711963754487,0.011419861835804814,0.0003089828741465254,0.0021643632702187756,280,0.9880873594364933,0.011617736104937947,0.00029494554396868186,0.0021651613178328,275,0.9979432106033096,0.0019073621903099238,0.00014942720638046777,0.0020999239472221597,301,0.9925166334195208,0.00655469489803429,0.0009286716824448869,0.00215332116652245,262
2020,tamil,Low,Low,verify_source_of_funds,0.0002064608706859,0.999706208705902,0.0002006584109039,9.30684691411443e-05,0.0020874957038661997,326,0.9987449869179593,0.0009711409523597076,0.0002839306535811821,0.0020982759191347853,366,0.9987554307607602,0.0009692450400583752,0.00027538272308143095,0.0020979969468547847,374,0.9993959012254753,0.0004415133937583679,0.00016258538076641672,0.0020911735851932736,368,0.9929532880363078,0.006156202246672029,0.0008905097170201164,0.002149638026031912,379
2772,tamilish,Low,Low,exchange_via_app,0.0001712249068077,0.9995610117912292,0.0003851227520499,5.3914347518002614e-05,0.00208742527574941,327,0.9985228439952843,0.0011434762203152025,0.00033348332000062466,0.0021009010041594897,338,0.9984872832602443,0.0011788897027805725,0.0003336305725750779,0.00210112694006785,346,0.9992021737893783,0.0006637168927835583,0.00013410931783816644,0.002091672480095673,360,0.9929425900056426,0.006166065242419469,0.0008913447519381019,0.002149725764596521,354
1381,tamilish,Low,Low,getting_spare_card,0.0001391496189171,0.9997181296348572,0.0001897683250717,9.216634498443456e-05,0.002087399717614365,328,0.9890450824118674,0.0026286563149151977,0.008326302802217508,0.0023599594843896005,248,0.9890401233871751,0.0026550175068058447,0.00830490063501864,0.0023594554241139513,248,0.9984112654456023,0.0007091553963453015,0.0008795791580524318,0.00211525240324963,269,0.9929408442128574,0.006141507771660453,0.0009176480154820759,0.002150394257390026,306
2600,sinhala,Low,Low,get_disposable_virtual_card,0.0001017373579088,0.9995079040527344,0.0004546457203105,3.7413799873320386e-05,0.002087343974441562,329,0.9985321023124565,0.0011474028749506606,0.0003204341973930934,0.0021005180436886426,344,0.9985393492078893,0.001150171432085874,0.00031041874482508276,0.0021002223642779877,355,0.9991681222432681,0.0007223687644167318,0.00010950899231517083,0.0020912702941207873,366,0.9929409003092509,0.006167809190302167,0.0008912905004469818,0.00214973496891169,353
1460,sinhala,Low,Low,atm_support,0.0001714258396532,0.9997660517692566,0.0001331955718342,0.0001007200844469,0.0020873132404327995,330,0.9861885453051926,0.001855983284986148,0.011955640873320874,0.0024685473592047317,237,0.9861773663524457,0.0018769364616446683,0.011945866649409628,0.0024683728720616216,229,0.998396710727454,0.00049992619935878,0.0011033630731872382,0.0021209379681164267,258,0.9929971722922982,0.006078303471778646,0.0009245242359231651,0.002150214112404549,310
332,english,Low,Low,automatic_top_up,8.955312659963965e-05,0.9997612833976746,0.0001425640948582,9.618809417588636e-05,0.00208723031100817,331,0.9988958591807094,0.0008677507273017759,0.00023642210078866566,0.002096145032713615,394,0.99889411915945,0.0008753169936651846,0.00023059585568466751,0.0020960102517188863,397,0.9994973894313718,0.0003517839135390241,0.00015082665508915047,0.002090245315764488,385,0.9929588047866956,0.006151403865282961,0.0008897913480213686,0.0021495855871170194,395
953,sinhala,Low,Low,getting_virtual_card,0.0002357273042434,0.9997743964195251,0.0001270232460228,9.85062069958076e-05,0.002087205393157394,332,0.9881834394350609,0.011474608013118457,0.0003419503560205492,0.0021657355774663827,277,0.9879936894715845,0.011676943281562576,0.00032936505105357524,0.0021666068821139415,272,0.9986026867882319,0.0012129236761502151,0.00018438953561789268,0.0020966762792973314,322,0.992519365867046,0.006551808109484494,0.0009288260234693241,0.0021533079472510278,263
279,sinhala,Low,Low,fiat_currency_support,0.0001130850359913,0.9998148083686828,7.708247721893713e-05,0.0001081232694559,0.0020871939803934433,333,0.984229167409651,0.012700947321900706,0.003069819751448089,0.002258645984834215,257,0.9843818562665475,0.012678731469317075,0.0029393467471352233,0.0022544298543707903,257,0.9984242687756345,0.0009958710847410132,0.0005798601396246264,0.0021076781569762345,280,0.992487856257026,0.0065714478814337,0.0009406958615403307,0.002153801628265429,257
1322,tamilish,Low,Low,topping_up_by_card,0.0001652588252909,0.9997005462646484,0.0002223563787993,7.71321210777387e-05,0.002087133511910603,334,0.631030591079616,0.36862768842988114,0.0003417306620029253,0.004397935490398307,193,0.6698300945299823,0.32983982179693133,0.0003300938445863563,0.004155147673398103,195,0.9885298950772533,0.011268040780853658,0.00020206414189301674,0.0021600730926478254,234,0.9430170022425824,0.05323758749988905,0.0037454102575283543,0.0025331123257554006,195
2781,singlish,Low,Low,exchange_charge,0.0003444385656621,0.9995914101600648,0.000360675738193,4.791341780219227e-05,0.0020870848495784834,335,0.998727319473291,0.0010511311579542396,0.00022181498305501478,0.002096835174654142,384,0.9986092985574426,0.0011492677136389767,0.00024169934321847405,0.0020980699143822792,373,0.9992810953929243,0.0006158002617054455,0.00010310434537027315,0.0020904040957618135,383,0.9929463360939743,0.006162876722649749,0.0008907871833760073,0.0021496884123303945,363
2777,tamil,Low,Low,exchange_charge,0.0001183276253868,0.9995985627174376,0.0003521935141179,4.915869067190215e-05,0.0020870705746347073,336,0.9987202579878304,0.0010465912235936813,0.00023316483777552685,0.0020971609589304444,379,0.998707803460344,0.0010617962897229837,0.00023041429913284723,0.00209717003626117,387,0.9992857220027104,0.0006072033558464895,0.00010707464144313908,0.002090474436852472,381,0.9929469654711339,0.006162463343916288,0.0008905711849496809,0.0021496790787624877,365
1367,english,Low,Low,disposable_card_limits,0.00014239452139,0.9995433688163756,0.0004225371812935,3.4122294891858473e-05,0.002087040571374624,337,0.9898551800976672,0.009803422968860914,0.0003414349113719735,0.002155274646989713,284,0.9898379622956534,0.00982602325025039,0.0003360524319967233,0.0021552476962679217,281,0.997849981485786,0.0020417376563289136,0.00010828085788504191,0.0020994779704942962,305,0.9925837523961245,0.006493519123555217,0.0009227284803202771,0.0021527530928655623,270
344,english,Low,Low,automatic_top_up,9.898099233396351e-05,0.9997723698616028,0.0001365582138532,9.10176313482225e-05,0.002087031010038723,338,0.9989017633684311,0.0008631845269218422,0.00023499122124665786,0.0020960715854501356,395,0.9988956702734837,0.0008741187317504684,0.0002301501113655907,0.002095988639546531,398,0.9995103383235757,0.00034338875931021505,0.00014627291711408774,0.0020900505417388374,389,0.9929593065951186,0.0061509673221226795,0.0008897260827587842,0.002149580819182812,396
2012,sinhala,Low,Low,verify_source_of_funds,0.0001410433178534,0.999750554561615,0.000164115728694,8.530280319973826e-05,0.0020870247131824725,339,0.9987756600094266,0.0009294476193657053,0.0002948053976076052,0.002098354868434606,365,0.9987951347743503,0.0009206013411862194,0.0002841769108634452,0.00209796743898523,376,0.9994507566417,0.0003906332106518196,0.00015861014764822763,0.0020907313580139143,376,0.9929563938404593,0.006153427733241798,0.0008901784262987412,0.00214961033248793,390
897,tamilish,Low,Low,fiat_currency_support,0.0002694074646569,0.9995768666267396,0.0003816987155005,4.144100603298284e-05,0.002087013994969311,340,0.9979102823904722,0.0016705290407397482,0.0004192612503886125,0.0021068762053326018,322,0.9978327207858158,0.0017461501703669642,0.00042120172541734946,0.002107409477237419,329,0.9990693605455678,0.0007987836336647378,0.00013185582076739077,0.0020924462254427187,353,0.9929222908339213,0.006184267891214146,0.0008934412748646546,0.002149905047492942,331
1210,sinhala,Low,Low,unable_to_verify_identity,0.0012127271620556,0.999550998210907,0.0004145177372265,3.439418287598528e-05,0.00208699870017881,341,0.9977746911679853,0.0016501783414428063,0.0005748840982717736,0.002111611562721052,311,0.997748790202047,0.0016833377397723575,0.0005676256658806809,0.00211159198294839,314,0.9990319666543267,0.000827365992079272,0.00014066735359412823,0.0020929002255836455,349,0.9929227328883821,0.006182548176059685,0.0008947189355581829,0.0021499342261698993,329
2422,sinhala,Low,Low,getting_spare_card,0.0001838348980527,0.9996907711029052,0.0002402040408924,6.904535985086113e-05,0.0020869923188001844,342,0.9910443850233437,0.0009310294169348086,0.00802454968292162,0.0023399193700371435,253,0.9909991537077345,0.0009742236510685121,0.008026586764396599,0.0023402529927965708,253,0.9987785636764356,0.00047452781697198597,0.0007469085065924759,0.002109640023020423,274,0.9930062288679292,0.00608316756513999,0.0009106035669306823,0.002149809492082042,340
2455,english,Low,Low,top_up_by_cash_or_cheque,8.58278654050082e-05,0.9995973706245422,0.0003575998416636,4.508220081334002e-05,0.0020869772608421043,343,0.9812875846254208,0.018438114590348494,0.0002742618504309309,0.0022071421512368954,266,0.9899161006700726,0.009821327373151407,0.00026253302297584477,0.002152920705271441,287,0.9973023603085187,0.00258566976233095,0.00011196992915038673,0.0021029928296338513,292,0.9922093487397924,0.00683578404755188,0.000954867212655691,0.002155896584026023,243
2860,tamilish,Low,Low,activate_my_card,0.0003366543678566,0.999718964099884,0.0002077535318676,7.326924242079258e-05,0.0020869214293876815,344,0.9676258561052096,0.019598589860263894,0.012775633385326186,0.002605063228565592,232,0.9734551560075979,0.019725918018280997,0.006819005324921524,0.0024197144026655544,237,0.9969738867947759,0.0020453974338634257,0.0009807157713606649,0.0021267644351500004,255,0.9922549055333273,0.00674996986654466,0.0009951246001281542,0.0021566182887532426,238
2773,tamil,Low,Low,exchange_charge,0.0001079822977771,0.9996219873428344,0.000329209753545,4.876983803114854e-05,0.0020869148828448186,345,0.9986307452944653,0.0011355278482617342,0.00023374594737282086,0.0020977349830114114,372,0.9986228132073004,0.001147051364206605,0.0002301545185929738,0.0020976947728366963,379,0.9992817048221595,0.0006115089423249394,0.00010678623551558744,0.0020904923340827265,380,0.9929440685538403,0.006165108817114897,0.0008908226290446666,0.002149703470597947,358
1322,singlish,Low,Low,topping_up_by_card,0.0001297898998018,0.9996927976608276,0.000241586138145,6.56703268759884e-05,0.002086895557173799,346,0.631035126990012,0.368636420404693,0.0003286026169948852,0.004397580105168129,195,0.669859160044893,0.329822000498344,0.0003189894684632017,0.004154689569861833,197,0.9880773092827384,0.011739943413252456,0.00018274730400908644,0.0021624188329164447,233,0.9430116762728599,0.053243282048310275,0.00374504167883006,0.0025331363985987123,194
2433,english,Low,Low,getting_spare_card,0.0001138050574809,0.9996106028556824,0.0003451117372605,4.430366971064359e-05,0.0020868748094168637,347,0.9910878150459351,0.0008820371019152979,0.00803017993944979,0.002339789255176652,255,0.9910743133686842,0.0008994395520827845,0.008026279166533144,0.0023397761213365537,255,0.9988477662652105,0.0005536701371992015,0.0005985635975902483,0.0021054988841155238,285,0.9930060468650397,0.006083530439422644,0.0009104226955374619,0.00214980610781527,341
757,singlish,Low,Low,top_up_limits,9.55816576606594e-05,0.99965500831604,0.0002897285157814,5.5286058341152966e-05,0.002086871873567967,348,0.9985923534753508,0.001100173870461068,0.00030733485788799885,0.00209981334725709,353,0.9986013793800801,0.0011043784607928648,0.0002941043628269779,0.0020994261729760065,365,0.9993049419847264,0.0005646835402025259,0.00013037447507094197,0.002090936807805566,372,0.992946940624423,0.00616222488621066,0.0008908344893663369,0.0021496858166648483,364
959,sinhala,Low,Low,getting_virtual_card,0.0001823229686124,0.999750792980194,0.000170387836988,7.879183249315247e-05,0.002086860445100076,349,0.9882397871633176,0.011432796340847833,0.0003273569673344951,0.0021650180916751266,279,0.9880532660609579,0.01163287333386218,0.00031380107667976204,0.002165844951298506,273,0.9984367065437528,0.001401970975672911,0.0001613224805742765,0.002097136979449235,319,0.9925204177090411,0.006551061566434803,0.0009285207245241426,0.0021532937407649304,264
2477,english,Low,Low,topping_up_by_card,0.0001242481084773,0.9996864795684814,0.0002514362276997,6.212986045284197e-05,0.002086846463013595,350,0.6311179483248754,0.3685313178643614,0.0003506386089634258,0.004397611328178616,194,0.6699330361836423,0.3297275738439839,0.00033929477057400973,0.0041547334331015874,196,0.9878448251557167,0.011971613337133825,0.00018356150714952179,0.0021638922137888423,232,0.9430448844276987,0.053211334210625044,0.003743781361676153,0.0025328973397021194,196
2431,sinhala,Low,Low,getting_spare_card,0.0001501107035437,0.9996412992477416,0.0003105091163888,4.8127065383596346e-05,0.0020867778515821548,351,0.9911040487395137,0.0008607369432693984,0.00803522191061702,0.002339813639755133,254,0.9910739567692245,0.0008913857004628975,0.008034665123712696,0.0023399877948968315,254,0.9988571629193315,0.0005187929532455575,0.0006240441274229188,0.002106077168273084,283,0.9930077739655533,0.0060818835956210635,0.0009103424388257536,0.00214979330701927,346
433,tamilish,Low,Low,exchange_via_app,0.0001769619993865,0.999763548374176,0.0001578977535245,7.858309982111678e-05,0.0020867759770529415,352,0.9986898946082204,0.0009508978524690241,0.0003593124425107295,0.0021005051772880587,345,0.9986502588200865,0.000988150770801408,0.0003616953123118552,0.0021008124727089207,349,0.9994443585395285,0.0003875694659917742,0.00016807199447960947,0.0020910078923232693,371,0.9929563354547587,0.006153275259635515,0.0008903892856057946,0.002149615968881236,387
2948,tamil,Low,Low,card_about_to_expire,0.0001041416107909,0.9997970461845398,0.0001160373358288,8.682841871632263e-05,0.0020867717713069084,353,0.9986650150482465,0.0010193497962498995,0.00031548618940354094,0.0020995629026327144,359,0.9986600861248002,0.0010292912133166943,0.00031047369578253816,0.0020994683960637245,364,0.9994904364266363,0.0003440117662887711,0.00016555180707489853,0.0020906569008437284,377,0.992954280778794,0.006155302989949795,0.0008904162312562148,0.002149629484247276,382
1445,tamil,Low,Low,atm_support,0.0001650975609663,0.9997040629386902,0.0002350217691855,6.088520240155049e-05,0.0020867048192788687,354,0.9868007556929815,0.0012898750632611346,0.011909226196257098,0.002463558073096124,239,0.9867833782332303,0.0013135879864227462,0.011902890732846989,0.0024635082956343188,232,0.9985903201326659,0.0005535600714264599,0.0008561197959075763,0.00211354682740186,270,0.9930178089840135,0.006059970038085543,0.0009222209779009213,0.002150027551630772,317
2411,sinhala,Low,Low,getting_spare_card,9.510089148534462e-05,0.9998095631599426,0.0001037309993989,8.679514576215297e-05,0.0020866941864369428,355,0.9906921306813303,0.00114912569373637,0.008158749128533378,0.0023454762906516867,250,0.9906914566055245,0.001158418202594239,0.008150130695481185,0.002345265042799167,250,0.9988089807775923,0.00034649142392922,0.0008445277984784064,0.002111890398435341,273,0.9930018267672798,0.006086690360883251,0.0009114828718369376,0.0021498589878337572,335
2377,singlish,Low,Low,verify_top_up,0.0002569189819041,0.999805510044098,0.0001096167106879,8.491770859109238e-05,0.00208667220880064,356,0.9989317948207156,0.0008076589499985398,0.00026057498838587024,0.002096524230072674,388,0.9989417526995641,0.0008054382660174866,0.0002528377935184349,0.0020962685634581856,394,0.9995536196171199,0.00029759991664970987,0.00014878046623045295,0.0020898427223820957,390,0.9929625740164566,0.0061477899175870435,0.0008896360659563659,0.002149558147379389,399
886,sinhala,Low,Low,supported_cards_and_currencies,0.0001119654771173,0.9996175765991212,0.0003445463662501,3.784590444411151e-05,0.0020866693677817237,357,0.991068155325836,0.008699659888370459,0.00023218490639374982,0.0021449619862117042,303,0.9910581917797374,0.00871436815323547,0.00022744018762721097,0.0021449056404056555,303,0.9981697489064016,0.001736243671393887,9.400742220458994e-05,0.0020971225882234386,320,0.9926319227387425,0.006449900841320308,0.0009181764199373598,0.0021523382267146277,286
1449,english,Low,Low,atm_support,0.0001854321599239,0.9997543692588806,0.0001743532629916,7.132456812541932e-05,0.0020866520320851115,358,0.9867982234548962,0.0012982129077998335,0.011903434504104124,0.0024634292232328363,240,0.986771864390778,0.0013290752552038198,0.011898931220818304,0.0024634813853014297,233,0.9985953121916326,0.00047831796279528325,0.0009263698455722927,0.002115271878274938,268,0.9930188326922949,0.006058973479267015,0.0009221938284380397,0.002150020474717441,318
420,tamilish,Low,Low,exchange_charge,0.0001727404887787,0.999733865261078,0.0002006873110076,6.547391967615113e-05,0.002086633744208181,359,0.9940631527656975,0.004719022692745791,0.001217872801556636,0.0021508858507533054,291,0.9940644988253344,0.004737597858512789,0.0011979515761526502,0.0021503794072454748,294,0.9987421282784991,0.0009749675707529368,0.0002829041507479217,0.0020982676353614115,311,0.992807970240701,0.006285833932710765,0.0009061958265881681,0.0021509384149936556,299
405,tamil,Low,Low,exchange_via_app,0.0018323524855077,0.999804675579071,0.0001132613761001,8.215012348955497e-05,0.0020866085897068842,360,0.998748255019314,0.0009309453401374969,0.00032087638734826853,0.002099179288702992,363,0.9979338210231666,0.0015783620985457838,0.00048789362508729376,0.0021084449321223885,327,0.9995128114992654,0.0003247923391355775,0.00016239616159902193,0.0020904381655029,382,0.9929568313597192,0.006151416166531565,0.000891752473749284,0.0021496469491788205,375
2628,sinhala,Low,Low,get_disposable_virtual_card,9.711781603982672e-05,0.9996951818466188,0.0002504056028556,5.446933937491849e-05,0.00208660065351675,361,0.9984544491766606,0.0012023658040498102,0.00034320780218958933,0.0021015734108914444,334,0.9984644170050695,0.0012029796185599197,0.0003326261592704856,0.00210124657089091,345,0.9993144016005702,0.0005488384746613096,0.00013675992476843172,0.00209103732144898,370,0.9929442281337488,0.006164577260094861,0.0008911946061562165,0.002149711772651308,356
1216,sinhala,Low,Low,unable_to_verify_identity,0.0003044788900297,0.9998212456703186,9.31359172682278e-05,8.564982272218913e-05,0.002086592055214472,362,0.997747033797627,0.0016370430430842618,0.0006159236333886001,0.0021128124668837117,309,0.9977536779152685,0.001644172666925324,0.0006021498919060457,0.0021124265976113885,312,0.999379477290351,0.00039070383434863245,0.0002298188753003664,0.0020929570721511487,348,0.9929319404365567,0.006174521885136362,0.0008935376783069786,0.002149847147562529,336
2331,singlish,Low,Low,transfer_into_account,0.0002269628748763,0.9997312426567078,0.0002060351544059,6.268251308938488e-05,0.0020865797989245032,363,0.9897926705756447,0.009955738346505025,0.0002515941045502386,0.0021534190200718094,285,0.9897352394464608,0.010007903901304878,0.0002568596789341066,0.0021539096039888046,283,0.9984364331120953,0.0014375205867964524,0.00012604630110828782,0.002096256783910445,323,0.9925822326126281,0.006494926790243927,0.0009228405971279475,0.002152765394432606,269
270,tamil,Low,Low,fiat_currency_support,0.0001048192934831,0.9997709393501282,0.0001570263120811,7.199095125542954e-05,0.0020865643746219575,364,0.9986632503325082,0.0010735162243065267,0.0002633291208855058,0.002098272044091463,367,0.99865607504847,0.001088034990898273,0.0002559856383320448,0.0020981333025528663,371,0.9994516125459386,0.00041066955496810723,0.00013771789909322553,0.002090203702398547,386,0.992951030362567,0.006158516544057177,0.0008904530933757095,0.002149650720901681,372
2957,tamil,Low,Low,card_about_to_expire,0.0001156609869212,0.9997772574424744,0.000151390035171,7.137403008528054e-05,0.0020865100043010896,365,0.9988585625497052,0.0008999343903972798,0.000241653764797183,0.002096509917391769,389,0.9988461273592062,0.0009160557574396839,0.000237967588254273,0.0020964954829188194,391,0.9994994696120467,0.0003691756206597376,0.00013135476729351757,0.002089745517440379,391,0.9929580558439622,0.0061521744380392,0.000889769717998613,0.002149589727258535,394
1167,tamil,Low,Low,why_verify_identity,0.0001029830309562,0.999799907207489,0.0001267291809199,7.346150232478976e-05,0.0020864212666007608,366,0.9985435494919553,0.0011207044026733592,0.00033567034227134933,0.0021008272762062298,339,0.9985229534538186,0.0011436643861624826,0.00033330639691875113,0.0021008969028107677,348,0.9994659480147655,0.00037697435413056285,0.0001570776311039567,0.0020905980990186483,378,0.992950451012865,0.006158800970484214,0.0008907480166508351,0.0021496617149191983,369
1368,tamil,Low,Low,disposable_card_limits,8.392094605369493e-05,0.9998064637184144,0.00011841806554,7.512645242968574e-05,0.002086421165040519,367,0.9904623433029008,0.009267045379113898,0.00027047026258508695,0.002149704268793162,297,0.990465144522338,0.009270810960219034,0.0002639034620427127,0.00214952259115812,298,0.9988054883625965,0.0010514378178375656,0.0001430738195659273,0.0020943758765562532,337,0.992613896730016,0.006466008791906586,0.000920094478077392,0.002152498840722668,282
2367,english,Low,Low,verify_top_up,7.951635052450001e-05,0.9998121857643129,0.0001115225313697,7.622006523888558e-05,0.0020864120769450286,368,0.9989896628203471,0.0007646167759325182,0.0002457060216803867,0.00209579047139784,398,0.9990123206685797,0.000752429636384857,0.00023523531299526776,0.002095387092129257,400,0.9995710639620982,0.0002920634346590167,0.00013687260324293305,0.0020894359986512938,395,0.9929645544616017,0.006146237535374936,0.0008892080030231667,0.0021495350680239005,400
905,tamil,Low,Low,supported_cards_and_currencies,0.0019480297341942,0.999809205532074,0.0001153425546362,7.541292870882899e-05,0.0020864107971040836,369,0.9909111550384821,0.008813177091018509,0.0002756751541994413,0.002147030553895307,298,0.9900589989412423,0.009489492568738744,0.0004515157737188285,0.0021567525449910385,280,0.9988435366147432,0.0010117718050201344,0.0001446915802366253,0.0020941785189971035,340,0.9926317528521572,0.006447942559799392,0.000920304588043513,0.0021523924927084395,284
1355,tamil,Low,Low,automatic_top_up,0.0036612970288842,0.9998160004615784,0.0001069822101271,7.70242913858965e-05,0.002086408995758877,370,0.7932538355448416,0.1980796251752369,0.008666531995921444,0.003592160100376109,215,0.8053062791373596,0.1864595042582179,0.008234209320422724,0.0035060242610354055,213,0.9939503602663663,0.005137765183937027,0.0009118745496967056,0.0021439404454109616,240,0.9784343789236708,0.019562121369799516,0.002003499706529823,0.0022682059577236375,205
883,tamil,Low,Low,supported_cards_and_currencies,9.217320621246472e-05,0.999783217906952,0.0001482672378187,6.85857012285851e-05,0.0020864034543289253,371,0.9909184599231015,0.008808247994325242,0.00027318015317341393,0.0021469215298982854,299,0.9909211076348581,0.008813671297788999,0.00026510913795299866,0.0021467032063192957,300,0.9987159879715777,0.0011466674599155998,0.00013734456850672007,0.0020947920227236405,332,0.9926325857836531,0.0064489743772900635,0.000918439839056876,0.0021523406681619238,285
2610,tamilish,Low,Low,get_disposable_virtual_card,0.0001184845677926,0.9998014569282532,0.0001260621938854,7.24924320820719e-05,0.0020863866346189745,372,0.9985251704754226,0.0011485347183555405,0.0003262467201218149,0.002100706785147487,342,0.9985247793950232,0.001157270520389324,0.00031790199848744175,0.002100500611359124,352,0.9994655427331639,0.00038062379169724554,0.00015383347513891747,0.0020905195281295326,379,0.9929493020408134,0.006159869028145255,0.0008908289310413564,0.0021496709188542837,366
923,sinhala,Low,Low,getting_virtual_card,0.0001092342936317,0.9996991157531738,0.0002542255097068,4.677253673435189e-05,0.00208638412162448,373,0.9861103657272976,0.013269014439046751,0.0006206460976555979,0.00218565991884578,271,0.9859462739286154,0.01346105822800646,0.0005926941073781891,0.002185986692830609,268,0.9979826482699584,0.0018460968104187234,0.0001712549196228765,0.002100223154636665,300,0.9924421088944444,0.006621850685058148,0.0009360404204974008,0.0021539711632554905,256
2628,singlish,Low,Low,get_disposable_virtual_card,0.0001130003220168,0.9997554421424866,0.0001847678795456,5.980159767204896e-05,0.0020863569567154613,374,0.9975133407643133,0.0019989741651988253,0.00048760213588783317,0.002111064315831904,313,0.9975232755965328,0.0020033547787604274,0.00047328669010670996,0.0021106443369860034,317,0.9992210423658446,0.000608096012654654,0.00017086162150075634,0.0020924733590843235,351,0.9929147161978554,0.006190960047557212,0.0008943237545873407,0.0021499744509614204,324
758,tamil,Low,Low,top_up_limits,0.0001394580322084,0.9997337460517884,0.0002125333703588,5.3724397730547935e-05,0.0020863405622852343,375,0.9984564887640152,0.0011909979075666725,0.00035249851591810844,0.002101792618018691,331,0.9984461068397457,0.0012089077115997097,0.0003449706361545994,0.0021016693080512876,343,0.9993590989163671,0.0005032501212791071,0.00013765096235385002,0.0020907802391648854,375,0.992945839088481,0.006163036354257749,0.0008911245572610824,0.002149699952961853,360
3030,tamil,Low,Low,verify_my_identity,0.0002750109997577,0.9998414516448976,7.996602653292939e-05,7.858329627197236e-05,0.00208628885102371,376,0.9884335121710214,0.0017313427938957621,0.009835023446583087,0.0024014984551915283,243,0.9883644529344785,0.0018005049174894315,0.009834920559532058,0.0024019275032436437,244,0.9987429666051102,0.00037381672412681777,0.0008832166707629512,0.002113270208820468,271,0.9929903842087506,0.006091463745325552,0.0009181520459237908,0.0021500972331767367,313
412,sinhala,Low,Low,exchange_via_app,0.0001966514246305,0.9997186064720154,0.0002337909827474,4.7548186557833105e-05,0.002086280294558188,377,0.9987316281058305,0.000945581268568233,0.0003228421413011156,0.0020993321405019193,362,0.9986822805656609,0.0009910072822440748,0.00032676366779544426,0.0020997386007903423,360,0.9994058160351789,0.0004702641724683745,0.0001239197923526774,0.0020901449779222817,387,0.9929550709640647,0.006154700488354334,0.0008902285475811121,0.0021496198534974582,385
1170,english,Low,Low,why_verify_identity,0.0010827461956068,0.9997487664222716,0.0001969334552995,5.440216773422435e-05,0.0020862644477650356,378,0.9985694926879936,0.0011173045204730552,0.00031313456113360764,0.0021001017994750487,350,0.9985335101892272,0.0011517186019905574,0.00031470297838215024,0.0021003659005235497,354,0.9994002577305261,0.0004691917870535117,0.00013055048242039956,0.002090345484578055,384,0.9929482776776499,0.006160076447313997,0.0008916458750361522,0.0021496977447239256,361
2364,sinhala,Low,Low,verify_top_up,0.0006034729885868,0.9998018145561218,0.000130814500153,6.731268513249233e-05,0.002086254323997612,379,0.998829121487564,0.0009011365163381206,0.00026976343129798275,0.0020973955884451756,377,0.9988158549017871,0.000916899881286775,0.0002672666521261874,0.0020974160851269857,383,0.9995218086624259,0.00034341001419461634,0.00013478132337948603,0.0020896915622776583,392,0.9929585569288767,0.006151201597238654,0.0008902414738845348,0.0021495983893749663,392
1380,singlish,Low,Low,disposable_card_limits,0.0001607547455932,0.9998109936714172,0.0001205073203891,6.851785292383283e-05,0.0020862277262494898,380,0.9903642691043499,0.009350815425829936,0.0002848580700200681,0.002150677624849981,293,0.9903331250365104,0.009382372123534882,0.0002844454401549212,0.0021508619595273512,292,0.9987942775257045,0.001065494148063371,0.0001402283262321182,0.002094374806953483,338,0.9926105570083972,0.0064689729432945205,0.0009204700483083248,0.002152529103238559,276
1392,tamil,Low,Low,disposable_card_limits,8.491106564179063e-05,0.999840259552002,8.526140300091356e-05,7.452451245626435e-05,0.0020861952028402206,381,0.9903677911340337,0.009338878479901001,0.00029334055026548835,0.002150868237203928,292,0.9903711389867277,0.009343002764210372,0.00028586841326190435,0.0021506605096994987,293,0.9989557809571412,0.000895790191303487,0.00014842885155522912,0.002093570423640081,343,0.9926120536428186,0.006467610703008724,0.0009203356541729312,0.0021525163894200424,278
1300,sinhala,Low,Low,visa_or_mastercard,9.461875742999835e-05,0.9997649788856506,0.0001805497158784,5.450842218124308e-05,0.002086165234383467,382,0.9988406684201095,0.0009240736902430747,0.0002352887257474232,0.0020964616308188342,390,0.9988636327969701,0.0009124348198367977,0.00022396321929299472,0.002096034965802094,396,0.9994781978626647,0.0004085337737489478,0.00011326836358641136,0.00208942630578134,396,0.9929567445516457,0.006153501008005042,0.000889754440349432,0.0021495975408942847,393
2403,tamil,Low,Low,getting_spare_card,0.0001051749277394,0.9998190999031068,0.0001146194263128,6.626493268413469e-05,0.0020861204511068835,383,0.9910495864995986,0.0009066920197158143,0.008043773013885576,0.002340368172501315,252,0.9910406506325637,0.0009208664722985632,0.008038534428337718,0.0023402930570315863,252,0.998943823732673,0.00032351295251824947,0.0007326633148087812,0.0021082510178743468,278,0.9930110807498405,0.006078756460295613,0.0009101627898638511,0.0021497681483934263,350
79,english,Low,Low,getting_spare_card,8.459457603748888e-05,0.9998133778572084,0.0001217842436744,6.479043804574758e-05,0.0020861190871679955,384,0.9903538795085898,0.00140236816218068,0.008243801911429814,0.002349717047375395,249,0.9903597713693855,0.0014101003272164203,0.00823017788559828,0.002349339622599633,249,0.998851556973236,0.00041483257366825197,0.0007336104530956761,0.002108851363578,276,0.9929924400446539,0.006095069680528205,0.0009124902748178712,0.002149942839924693,327
1382,english,Low,Low,disposable_card_limits,9.925716585712507e-05,0.9997815489768982,0.0001630515471333,5.545063322642818e-05,0.002086085344368863,385,0.9904237883732141,0.009283975652458117,0.0002921881904279719,0.0021504889625622798,294,0.9904200353061602,0.009293188617689635,0.00028672829225042317,0.0021503759217769277,295,0.9986375228786043,0.0012347363956942286,0.00012774072570142085,0.0020950423334845916,328,0.9926126226732754,0.006467199110023593,0.000920178216701071,0.002152508897042889,281
1370,english,Low,Low,disposable_card_limits,0.0001117121937568,0.9997801184654236,0.0001660611887928,5.3894495067652315e-05,0.0020860555732118272,386,0.9904272370635654,0.009291188471139468,0.0002816354818953146,0.0021502044972051006,296,0.9904179287539284,0.009304862487687878,0.0002772697749832359,0.002150153531467524,297,0.9986298077491553,0.001246552852737182,0.00012363939810755345,0.002094988019853802,329,0.9926121949012369,0.006467621857111004,0.0009201832416520803,0.002152511696241904,280
2364,tamil,Low,Low,verify_top_up,0.0003222773375455,0.9997788071632384,0.0001679337292443,5.323098957887851e-05,0.0020860463289864117,387,0.9987511697262602,0.0009655646792678432,0.0002831646371720182,0.0020982167971626744,368,0.9987592788281743,0.0009660525570511909,0.00027456765747440367,0.0020979511907832696,377,0.9994744374782115,0.00040276407885406516,0.00012279844293435028,0.0020896880601678695,393,0.992955630740815,0.006154160313424448,0.0008902089457606214,0.002149615864847256,388
903,tamil,Low,Low,supported_cards_and_currencies,0.0001584209676366,0.9997636675834656,0.0001876363239716,4.876898310612887e-05,0.002086030242935521,388,0.9910327159975442,0.008714948914139622,0.0002524400100159824,0.00214569073294658,301,0.9910020480646855,0.008746510352324077,0.00025154650469035305,0.002145860069893807,301,0.9986057868645646,0.0012828984771779011,0.00011131465825751514,0.0020948300318862426,331,0.9926357843758304,0.006446174445114828,0.0009180411790546846,0.00215231071046076,287
1374,english,Low,Low,disposable_card_limits,8.020432869670913e-05,0.99977308511734,0.0001818700984586,4.51073246949818e-05,0.002085879755638113,389,0.990258696071118,0.009424482125816971,0.0003170038319651655,0.002152143095595476,287,0.9902654989842216,0.009427172762577969,0.0003075102821005917,0.002151863238641964,289,0.9985660962057704,0.0013138965231486628,0.00012000727108097642,0.002095295413824293,326,0.9926066475425803,0.006472647983031348,0.0009207044743883299,0.002152559398051915,274
1197,singlish,Low,Low,why_verify_identity,0.0015359636163339,0.9998325109481812,0.0001081520022125,5.938868707744405e-05,0.0020858652873963967,390,0.9981296905022641,0.001412406084555981,0.00045799734068004545,0.0021064734839403515,324,0.9980815166105377,0.0014590751296428381,0.000459502187319461,0.002106812191929626,332,0.999443980217806,0.0003910195001360414,0.00016500028205799163,0.002090933464023496,373,0.9929394298980282,0.006167219590570161,0.0008933505114017207,0.0021497956592557007,344
1395,sinhala,Low,Low,disposable_card_limits,8.672197873238474e-05,0.9998056292533876,0.0001422162458766,5.217025682213716e-05,0.0020858525382209336,391,0.9903344581346856,0.00936386028128591,0.00030171397822883914,0.002151286089398939,289,0.9903375620108624,0.009368631018220793,0.00029383936511650377,0.0021510698248450202,291,0.9987158465238751,0.0011582312436548218,0.0001259222324700498,0.0020945073483708654,334,0.9926100655360847,0.006469526326231361,0.0009204081376838831,0.0021525306271749003,275
3041,singlish,Low,Low,country_support,0.000119104195619,0.9998200535774232,0.00012626980606,5.372985833673738e-05,0.002085801688614689,392,0.9988939104518864,0.0008865398688576168,0.00021961992055606348,0.0020957374763671123,399,0.998879520366146,0.0009041894982603486,0.00021636037689335268,0.0020957459258114193,399,0.9995567037274684,0.00033464606764079343,0.00010865020489080503,0.002088820190158926,399,0.9929597294853731,0.00615080075245927,0.0008894697621677593,0.0021495717681039466,398
1162,sinhala,Low,Low,why_verify_identity,0.0002369714638916,0.9998008608818054,0.0001514795440016,4.762571188621223e-05,0.002085768313433315,393,0.998749508944846,0.0009961825618602107,0.00025413459119390616,0.002097500818023728,375,0.9987237422830842,0.001022733952255627,0.00025334986255999933,0.0020976422414438886,381,0.9995014117535701,0.0003885481388921889,0.00011004010753760775,0.0020892005125619597,397,0.9929549171440483,0.006155005965846966,0.0008900768901049149,0.0021496170234356557,386
1322,english,Low,Low,topping_up_by_card,9.796236554393543e-05,0.9997733235359192,0.0001864257646957,4.0229868318419904e-05,0.0020857556343495762,394,0.630995681057894,0.3687092201551736,0.000295105810732316,0.00439698803052147,196,0.6698643132908716,0.32984861137366267,0.0002870823592659979,0.004153858492778705,198,0.9895351589080572,0.010329094024525167,0.00013574706741763425,0.0021521322668434165,238,0.9430048420966718,0.053250933915350275,0.003744223987977832,0.0025331586699285794,193
2461,english,Low,Low,top_up_by_cash_or_cheque,8.58475177665241e-05,0.9997995495796204,0.0001547843421576,4.564224946079776e-05,0.0020857270061242156,395,0.9812596007230898,0.018450247211498582,0.00029002794384154896,0.0022077104930636436,265,0.9898863621329448,0.00983513049035438,0.0002783832551304966,0.0021535021170342714,284,0.998181009224092,0.0017030424926993395,0.00011594828320853675,0.0020976007327629708,318,0.9922154050002319,0.0068301435759765515,0.0009544514237915038,0.002155848337676671,245
3053,english,Low,Low,country_support,0.0001000844204099,0.99982088804245,0.0001287979393964,5.02585171489045e-05,0.002085708783488371,396,0.9987926403665625,0.0009724883913146394,0.0002348009061227527,0.002096748767562052,385,0.9987884287267784,0.0009833588092149172,0.00022814212800676694,0.002096608620857805,390,0.9995373488444129,0.00035399483813632483,0.00010865631745073249,0.0020889413109920207,398,0.9929564169554761,0.006153806720526363,0.0008897763239976531,0.00214960013546155,391
1171,sinhala,Low,Low,why_verify_identity,0.000125437247334,0.9997604489326476,0.0002047255256911,3.483851833152585e-05,0.0020857015986014927,397,0.9985520562210837,0.0011281000354607185,0.00031988366935572463,0.002100380406401288,346,0.9985313795665693,0.0011515168747933118,0.0003171434845372733,0.0021004411308715395,353,0.9994137089344481,0.00048069740369404616,0.00010559366185783503,0.0020896374940394783,394,0.9929489921853343,0.006160374116516454,0.0008906336981491756,0.002149667974628723,367
2362,singlish,Low,Low,verify_top_up,0.001247288309969,0.9998090863227844,0.0001468828268116,4.411387271829881e-05,0.0020856300824865074,398,0.9989668719102011,0.0007918236575809991,0.00024133916531786817,0.0020958241524700223,397,0.9989040372438112,0.0008440056317612949,0.00025199185752736186,0.0020964831864401963,392,0.9995557083605349,0.00034109289281004023,0.00010319874665516921,0.0020886901247463706,400,0.9929625613707911,0.0061471807484512605,0.0008902578807576672,0.002149573771784831,397
1238,tamil,Low,Low,unable_to_verify_identity,0.000225069510634,0.9998094439506532,0.0001481607177993,4.237490429659374e-05,0.0020855835110220743,399,0.9983496251018866,0.0012483515142744166,0.0004020398661388593,0.0021036993104525128,328,0.9983563505946453,0.001251811947040775,0.00039185394061404927,0.0021034026279846524,337,0.9994392085929003,0.0004302208170061028,0.0001305705900936623,0.0020901025443800484,388,0.9929460239068747,0.006162675843981634,0.0008913002491436482,0.0021497031901439576,359
1203,tamil,Low,Low,unable_to_verify_identity,0.0001569476298755,0.9998121857643129,0.0001464651722926,4.13888628827408e-05,0.002085542225540848,400,0.9980370289929446,0.001401780857406786,0.0005612569980485221,0.0021096338841486415,320,0.9980485322430284,0.001403580035146425,0.0005479545702251036,0.0021092294281400328,324,0.9993941881347241,0.0004533269380272946,0.00015248492724861276,0.002090931780672523,374,0.9929410424427327,0.006166772905567073,0.0008921846516999836,0.0021497564343587513,352
