# dev weight-fit surface. fitted_on=dev fit_rhos=(0.95, 1.05) split=e7b5934392cd label_version=v8 sla_high=30.0 sla_med=120.0 sla_low=480.0 agents=5 service_mean=8.0min tickets_per_rep=1000 generated_by=run_system_eval.py
w_priority,w_sentiment,w_intent,alpha,rel_tardiness,high_mean_wait,low_p95_wait
0.0,0.0,1.0,0.0,0.015098467516475908,2.1054735434479297,140.56067192459338
0.0,0.0,1.0,0.5,0.015117489652140303,2.1021934772546382,140.50741145385564
0.0,0.0,1.0,1.0,0.015084085520489848,2.10701714539493,140.29352219983363
0.0,0.0,1.0,2.0,0.015098016225598539,2.08523662216717,140.29360015937823
0.0,0.0,1.0,4.0,0.015117608268687693,2.096082593830713,140.3680021300851
0.0,0.0,1.0,8.0,0.015091013559853664,2.1069926627464635,140.2324983338204
0.0,0.0,1.0,16.0,0.015092177809200752,2.086713106036013,140.18756495636856
0.0,0.05,0.95,0.0,0.01851787668698661,1.700055556173325,320.89687884428275
0.0,0.05,0.95,0.5,0.017421942584326992,1.6998758716947007,310.19620290215926
0.0,0.05,0.95,1.0,0.016546943328624025,1.7063851545200723,299.0763965151222
0.0,0.05,0.95,2.0,0.015412679237067786,1.70535785566714,286.700147135542
0.0,0.05,0.95,4.0,0.015207864680943824,1.9408576791296863,278.1727439187626
0.0,0.05,0.95,8.0,0.014416774445749202,1.9808038263093122,269.83856061189306
0.0,0.05,0.95,16.0,0.013677430372452703,1.9649051203730439,262.0949822929815
0.0,0.1,0.9,0.0,0.01884090970890667,1.7589197390970366,319.3698224674168
0.0,0.1,0.9,0.5,0.01747733482141167,1.758961226313059,306.33144467031497
0.0,0.1,0.9,1.0,0.016874221590367538,1.7526787219610183,295.26129427362275
0.0,0.1,0.9,2.0,0.016073540687202622,1.9661799772206503,290.4239718794812
0.0,0.1,0.9,4.0,0.015000228277787618,2.008739574079924,278.29299485560267
0.0,0.1,0.9,8.0,0.014292725207888731,2.003110086671565,269.78204014550244
0.0,0.1,0.9,16.0,0.013441266890154563,2.035995032410415,264.42046089607715
0.0,0.15,0.85,0.0,0.018888747547340826,1.792339622837677,318.3110744369256
0.0,0.15,0.85,0.5,0.017484187545104387,1.803629291727451,309.1914073133505
0.0,0.15,0.85,1.0,0.016815434322396895,1.8104830835704586,299.1317246945383
0.0,0.15,0.85,2.0,0.016094067397858937,2.0248032175582953,288.9280320325809
0.0,0.15,0.85,4.0,0.014728037732329877,1.9955256304415432,279.48756485532766
0.0,0.15,0.85,8.0,0.014073657983842205,2.032353213233124,270.48462945567223
0.0,0.15,0.85,16.0,0.013347045472299215,1.98617548007167,260.5688071067812
0.0,0.2,0.8,0.0,0.018664583541320494,1.7518062815866593,320.4422376406477
0.0,0.2,0.8,0.5,0.017409152237041665,1.834978608886358,307.10216072315313
0.0,0.2,0.8,1.0,0.016611786133084398,1.7405923697559025,297.58260715146287
0.0,0.2,0.8,2.0,0.015442542882202209,1.7787826839317178,288.06511592549964
0.0,0.2,0.8,4.0,0.01480953935617981,1.943447613483051,277.7361731370022
0.0,0.2,0.8,8.0,0.013945913932021154,2.0204488169317205,268.9343067323645
0.0,0.2,0.8,16.0,0.013099466129727887,2.0143065200335855,259.5634350370133
0.0,0.25,0.75,0.0,0.01900727929762904,1.7804014169340414,320.2256144135645
0.0,0.25,0.75,0.5,0.017731556277556317,1.783226624493107,307.0058164808657
0.0,0.25,0.75,1.0,0.017021589384721106,1.7884669011362213,295.19054333455614
0.0,0.25,0.75,2.0,0.016016087346984748,1.997004250395981,288.2831952435458
0.0,0.25,0.75,4.0,0.014155538411821206,1.8469295666201837,276.6448383098545
0.0,0.25,0.75,8.0,0.013902368343694252,1.9884291551501623,268.0441481644595
0.0,0.25,0.75,16.0,0.012643468932014961,1.9114637334834643,258.6045347492556
0.0,0.3,0.7,0.0,0.019014799404628427,1.8483261619769948,320.04773113011635
0.0,0.3,0.7,0.5,0.01749429099483428,1.8178491150759057,306.50538329898023
0.0,0.3,0.7,1.0,0.016925365248863056,1.8586153101223288,298.19665999706393
0.0,0.3,0.7,2.0,0.01584594551730163,2.044146040368593,287.0585035291643
0.0,0.3,0.7,4.0,0.014685930512700549,2.0313658388521243,276.280878891984
0.0,0.3,0.7,8.0,0.013834206323287357,2.085084280242797,267.908176576214
0.0,0.3,0.7,16.0,0.013003341019236439,2.0876921958547814,256.67214827796465
0.0,0.35,0.65,0.0,0.0192232918544243,1.794611922081484,321.9732089514434
0.0,0.35,0.65,0.5,0.01766586534172193,1.8449162682530629,305.17215020377
0.0,0.35,0.65,1.0,0.01685812750408523,1.8763427706067344,297.3395611953557
0.0,0.35,0.65,2.0,0.016062184471516076,2.0619767986547113,287.4413157356419
0.0,0.35,0.65,4.0,0.014227488832639204,1.871502359860603,276.4281041012194
0.0,0.35,0.65,8.0,0.0133387888903957,1.9182617939418467,266.30042563989696
0.0,0.35,0.65,16.0,0.012524469888389143,2.0013043458422626,256.58597244186745
0.0,0.4,0.6,0.0,0.019007128516451657,1.885706075083042,319.11400558771226
0.0,0.4,0.6,0.5,0.017734426299645906,1.8599333157158104,304.5635252695022
0.0,0.4,0.6,1.0,0.01684001657013746,1.874869224531314,295.87731559287084
0.0,0.4,0.6,2.0,0.01603106009949662,2.0447551314709997,286.0012326078688
0.0,0.4,0.6,4.0,0.014168397894098206,1.8991795009187902,275.81950398776354
0.0,0.4,0.6,8.0,0.013307550787798793,1.9107573154043418,264.75440928590973
0.0,0.4,0.6,16.0,0.012663465898310716,2.025370889035704,255.32758722614065
0.0,0.45,0.55,0.0,0.019464938703032505,1.8554419773714914,316.07434124127604
0.0,0.45,0.55,0.5,0.0178751015495129,1.8397006617228258,306.5018338009822
0.0,0.45,0.55,1.0,0.016973207924800712,1.8775150038723991,297.3887492768211
0.0,0.45,0.55,2.0,0.015492213020869209,1.9066181595323748,285.80421589571785
0.0,0.45,0.55,4.0,0.014240606035088603,1.9648315232462092,274.90962121076507
0.0,0.45,0.55,8.0,0.01333201116683049,1.9410620938324206,261.12702587246275
0.0,0.45,0.55,16.0,0.012561762882962138,1.9907082027870155,253.38537011958624
0.0,0.5,0.5,0.0,0.019592075867765985,1.8945565479236628,319.4296927369291
0.0,0.5,0.5,0.5,0.01823496728129399,1.912827697003568,303.37166092141297
0.0,0.5,0.5,1.0,0.016969197778399545,1.9460832610834906,296.5869074742964
0.0,0.5,0.5,2.0,0.016142810202982662,2.02903800245781,286.7713641802745
0.0,0.5,0.5,4.0,0.014358817158806087,1.9235070193740718,273.63378740377476
0.0,0.5,0.5,8.0,0.013382678392611091,1.9946445944033393,260.62970445492203
0.0,0.5,0.5,16.0,0.012495241089155998,2.0576666251128928,252.29936190465165
0.0,0.55,0.45,0.0,0.020021886150370687,1.8695292783718624,316.16621621941545
0.0,0.55,0.45,0.5,0.01861075425124221,1.9597766915096193,307.58416627251046
0.0,0.55,0.45,1.0,0.017385032341747708,1.9487961141770358,294.5869787843852
0.0,0.55,0.45,2.0,0.015989588427455893,1.9364246329580161,284.58898409210923
0.0,0.55,0.45,4.0,0.014443473400320456,1.9906116519743462,271.417829231665
0.0,0.55,0.45,8.0,0.013392055767410649,2.0185419962827615,258.2727336992495
0.0,0.55,0.45,16.0,0.012496180817300147,2.105319166487971,249.23690781528083
0.0,0.6,0.4,0.0,0.020290422861841927,1.9231216774755702,319.20814002169686
0.0,0.6,0.4,0.5,0.01861789162556739,1.9513388435870667,304.7628583339153
0.0,0.6,0.4,1.0,0.01761453236456924,1.9381312781745275,294.37841005088654
0.0,0.6,0.4,2.0,0.01592961450439671,1.996655062789123,283.3195258211627
0.0,0.6,0.4,4.0,0.01478128718447954,2.012083577690538,269.4583951616721
0.0,0.6,0.4,8.0,0.013695354266354405,2.0890913100575843,256.98541673914195
0.0,0.6,0.4,16.0,0.01262784777213166,2.127769373529345,248.57619316044392
0.0,0.65,0.35,0.0,0.021126157390614658,1.9690317570687377,319.4973848666573
0.0,0.65,0.35,0.5,0.01869743328001933,1.9773071317601232,303.12086168241393
0.0,0.65,0.35,1.0,0.017942689467554007,2.0022469234925513,292.26990627914756
0.0,0.65,0.35,2.0,0.01616646351123474,1.982851404743033,279.50289425417265
0.0,0.65,0.35,4.0,0.014974730507215971,2.014963900969875,269.0457283202499
0.0,0.65,0.35,8.0,0.013903053226217122,2.103509152624597,252.3385865443927
0.0,0.65,0.35,16.0,0.012840286315681626,2.1933436524902654,245.46187901638436
0.0,0.7,0.3,0.0,0.021609346355437032,1.9813443104863413,316.2661737637821
0.0,0.7,0.3,0.5,0.01913122482608328,1.944296513478794,301.7956241488384
0.0,0.7,0.3,1.0,0.0183001946535883,1.989354415931581,292.4074827851062
0.0,0.7,0.3,2.0,0.016402002460708037,2.024986316176202,282.43776761558405
0.0,0.7,0.3,4.0,0.015057324548016794,2.0184307918797746,267.9876868028283
0.0,0.7,0.3,8.0,0.014106333990755096,2.177510689936227,253.24125857024353
0.0,0.7,0.3,16.0,0.013141925576325196,2.2042645602979634,242.70328469395804
0.0,0.75,0.25,0.0,0.021678356364281264,2.096122684505674,316.2520429056256
0.0,0.75,0.25,0.5,0.02009496639874626,2.0755329942000653,300.5087784988754
0.0,0.75,0.25,1.0,0.018755560116411205,2.0760163041443986,290.62013809188096
0.0,0.75,0.25,2.0,0.01686971694405959,2.125653161209243,278.97864744956973
0.0,0.75,0.25,4.0,0.015360114084762977,2.093986483566611,262.0512762938261
0.0,0.75,0.25,8.0,0.01443575702502641,2.2674879500256386,250.98828884454466
0.0,0.75,0.25,16.0,0.013348246335565065,2.3409823961819076,240.43152646132623
0.0,0.8,0.2,0.0,0.022243177249128554,2.14484221460854,313.36397269369155
0.0,0.8,0.2,0.5,0.020510989455452707,2.1546504424180255,298.9885545164108
0.0,0.8,0.2,1.0,0.019276175057265532,2.0657209864314034,287.3818995964171
0.0,0.8,0.2,2.0,0.01746179713774064,2.13918616192518,277.9602497755236
0.0,0.8,0.2,4.0,0.016066938848758688,2.247549450231664,262.24524437475793
0.0,0.8,0.2,8.0,0.014734335953299081,2.2889523133602445,249.671870368558
0.0,0.8,0.2,16.0,0.01385769713127756,2.43624541183673,237.1193134164395
0.0,0.85,0.15,0.0,0.02352032505512221,2.2345140838917836,307.4191028821547
0.0,0.85,0.15,0.5,0.021237132640895606,2.215247154230383,294.09948155849196
0.0,0.85,0.15,1.0,0.020261753940038953,2.232045004677429,284.57882722569093
0.0,0.85,0.15,2.0,0.018269135797479432,2.32045158311495,275.0619315144238
0.0,0.85,0.15,4.0,0.0169738655405715,2.3272062183118103,261.5461914130667
0.0,0.85,0.15,8.0,0.015293687728760016,2.465731613851079,247.48701671421
0.0,0.85,0.15,16.0,0.014079804220683695,2.568221084722705,236.7179321681458
0.0,0.9,0.1,0.0,0.02383790890121537,2.300035773369341,303.91246797152354
0.0,0.9,0.1,0.5,0.022613994229594692,2.340873203998322,296.6599514077213
0.0,0.9,0.1,1.0,0.0207429100188761,2.394099724937297,282.59914655822854
0.0,0.9,0.1,2.0,0.019666344486159792,2.3611901232339942,270.84847947266735
0.0,0.9,0.1,4.0,0.017695069788299187,2.49756305160816,257.1311320441327
0.0,0.9,0.1,8.0,0.016291600888816885,2.5857095338698843,245.04250925445785
0.0,0.9,0.1,16.0,0.014948824584398787,2.691963497651115,234.28353655985498
0.0,0.95,0.05,0.0,0.02451706963312721,2.6724397813298952,303.4538594456536
0.0,0.95,0.05,0.5,0.023419331676964316,2.768907101642513,294.74007777262165
0.0,0.95,0.05,1.0,0.022088661729552664,2.7693801871331494,282.33100754907076
0.0,0.95,0.05,2.0,0.02060574954093009,2.8631142188145,268.47011814883825
0.0,0.95,0.05,4.0,0.018940906443460647,2.806801397254373,254.72279607651083
0.0,0.95,0.05,8.0,0.017089261575267783,3.080453886432713,244.22971000904786
0.0,0.95,0.05,16.0,0.015884210096022523,3.503514641436053,231.22186977029014
0.0,1.0,0.0,0.0,0.049319410017355035,12.240060120296102,297.84080877824346
0.0,1.0,0.0,0.5,0.04791848897099029,12.734813464893719,288.83106637866473
0.0,1.0,0.0,1.0,0.04676264588403175,12.851810364419881,278.59070361941184
0.0,1.0,0.0,2.0,0.045843300863223434,13.117315266615648,265.00002135429366
0.0,1.0,0.0,4.0,0.043466593421353165,13.333853896578768,252.35534450188695
0.0,1.0,0.0,8.0,0.04156686697405467,13.746884394550518,237.44710776207208
0.0,1.0,0.0,16.0,0.0405020699152223,14.328121480485615,225.07463416025254
0.05,0.0,0.95,0.0,0.012017292055707519,1.5266841581336008,341.09849028514117
0.05,0.0,0.95,0.5,0.011094964156011624,1.5188366577020365,335.0893430027633
0.05,0.0,0.95,1.0,0.010269991911417344,1.5473270438545477,328.7185267442506
0.05,0.0,0.95,2.0,0.009510766547510593,1.5658996894653512,321.70985899015056
0.05,0.0,0.95,4.0,0.0088544100985135,1.5185004504841737,310.87678811232763
0.05,0.0,0.95,8.0,0.008345593375015208,1.511701072463013,298.19796948267634
0.05,0.0,0.95,16.0,0.007886208134136055,1.5435737828555374,292.35979526260775
0.05,0.05,0.9,0.0,0.012197205059727816,1.5241167423131046,320.5380447254208
0.05,0.05,0.9,0.5,0.010721502616516857,1.5024273741513294,316.4469360696254
0.05,0.05,0.9,1.0,0.00989859759076587,1.5465089471631537,310.6294203586262
0.05,0.05,0.9,2.0,0.009100321074876154,1.566313959281464,302.0778889503694
0.05,0.05,0.9,4.0,0.008246396569383417,1.5768409186574932,288.624903490004
0.05,0.05,0.9,8.0,0.007506587809735306,1.5597948825600056,283.08570675330884
0.05,0.05,0.9,16.0,0.007060134421330887,1.5856281618490877,278.25642947387576
0.05,0.1,0.85,0.0,0.012410154051687541,1.5455282187508363,324.6601149319668
0.05,0.1,0.85,0.5,0.010828435217869569,1.584572015981884,317.22208220800076
0.05,0.1,0.85,1.0,0.009984114971986806,1.4970116184141429,304.4767928329837
0.05,0.1,0.85,2.0,0.009393115530155082,1.563087082590152,298.8268073381585
0.05,0.1,0.85,4.0,0.00837139804295421,1.5410002652894874,284.3936514925137
0.05,0.1,0.85,8.0,0.007573495500086103,1.5546269082896853,276.13562141610987
0.05,0.1,0.85,16.0,0.007109205497711625,1.589223821769404,269.7344953630346
0.05,0.15,0.8,0.0,0.011809817050285625,1.578485168223447,318.1710157960606
0.05,0.15,0.8,0.5,0.010576006287011825,1.5663890938251,312.6146898942456
0.05,0.15,0.8,1.0,0.010157655083100674,1.5547966220713818,306.5548349599946
0.05,0.15,0.8,2.0,0.009286124638742147,1.5557223802911813,296.07819394965503
0.05,0.15,0.8,4.0,0.008544244212403991,1.566644907383176,286.5432040674746
0.05,0.15,0.8,8.0,0.007675936930501739,1.6118300429918004,275.670771348937
0.05,0.15,0.8,16.0,0.0070268440938438875,1.5840582632472249,266.7098206701242
0.05,0.2,0.75,0.0,0.012076523400075858,1.5639927092984671,326.216431415563
0.05,0.2,0.75,0.5,0.01066331583843553,1.6216207326131853,313.5788852680923
0.05,0.2,0.75,1.0,0.0100774601080339,1.6024958240265441,304.7002533463058
0.05,0.2,0.75,2.0,0.009408327404024485,1.5831107979464571,294.9691451357426
0.05,0.2,0.75,4.0,0.008438754136648897,1.5687696993184679,285.2795790391923
0.05,0.2,0.75,8.0,0.007910973528233537,1.5762477320238737,274.37729609643185
0.05,0.2,0.75,16.0,0.007125884410681435,1.624599929228727,266.95829566552896
0.05,0.25,0.7,0.0,0.012307583190371145,1.6054955666211441,322.9283745503522
0.05,0.25,0.7,0.5,0.01086756327992571,1.6228740068985241,312.65403579808833
0.05,0.25,0.7,1.0,0.010128005596608704,1.642686799841184,305.7103503137191
0.05,0.25,0.7,2.0,0.009563910704179387,1.6139395633107967,294.41768091160367
0.05,0.25,0.7,4.0,0.008542131559741368,1.6236692766354661,284.53156578436284
0.05,0.25,0.7,8.0,0.008014971014332939,1.64485352034917,277.834960421779
0.05,0.25,0.7,16.0,0.007121312390987063,1.626567653384475,264.2305209702904
0.05,0.3,0.65,0.0,0.012403278706678284,1.5972497306358922,327.8965473947486
0.05,0.3,0.65,0.5,0.010999469539849102,1.683615589408701,315.9265184941967
0.05,0.3,0.65,1.0,0.01025640390078132,1.6195750701218212,306.2891629806608
0.05,0.3,0.65,2.0,0.009509705478969609,1.6155022224482556,295.6666313302514
0.05,0.3,0.65,4.0,0.008669751678453423,1.6744810447684715,285.45840280710075
0.05,0.3,0.65,8.0,0.007929104503679492,1.6771777942134973,276.85392392160037
0.05,0.3,0.65,16.0,0.007196020682609136,1.6394325138772847,265.20661192435324
0.05,0.35,0.6,0.0,0.012426659623215,1.619180505431972,321.9420046355408
0.05,0.35,0.6,0.5,0.01114886527546325,1.6310903686852238,314.53056223205715
0.05,0.35,0.6,1.0,0.01029039185827252,1.5857643054546189,305.78132929925283
0.05,0.35,0.6,2.0,0.009445037122144442,1.6514905544232412,295.76980968138196
0.05,0.35,0.6,4.0,0.008610213554814212,1.6196062285128194,285.2544828089357
0.05,0.35,0.6,8.0,0.0077746252714453595,1.6891040284210301,279.2180130876889
0.05,0.35,0.6,16.0,0.0071238813148003345,1.6916439220660429,265.87164123934195
0.05,0.4,0.55,0.0,0.012799093342488544,1.6306705240839208,321.1009214259101
0.05,0.4,0.55,0.5,0.011207580508927048,1.5954287658106576,319.2096342446809
0.05,0.4,0.55,1.0,0.010542257375760866,1.6531193960302761,310.18800314825916
0.05,0.4,0.55,2.0,0.009417065770619014,1.668028580234088,295.4084729485309
0.05,0.4,0.55,4.0,0.008661618011119943,1.5678755346895503,287.76725243245846
0.05,0.4,0.55,8.0,0.007859310834230459,1.666483071109279,279.0733749725717
0.05,0.4,0.55,16.0,0.007136890263387774,1.6757336056097067,264.2728842861477
0.05,0.45,0.5,0.0,0.012851561069308971,1.645024687764976,327.76826810820097
0.05,0.45,0.5,0.5,0.011316617738245433,1.642289150864851,316.60714184773406
0.05,0.45,0.5,1.0,0.01041141260642342,1.6719894628703649,304.1576721964712
0.05,0.45,0.5,2.0,0.009619691313565779,1.668992870841117,295.0205465662651
0.05,0.45,0.5,4.0,0.008691531524573063,1.6071350977995216,287.8054223917996
0.05,0.45,0.5,8.0,0.007942107958356417,1.6206678370325092,278.7280966376174
0.05,0.45,0.5,16.0,0.007021220742175319,1.6932166691692483,261.7994372920029
0.05,0.5,0.45,0.0,0.012994611085874205,1.7238411694174356,330.1030837116479
0.05,0.5,0.45,0.5,0.011326112792500884,1.6770316296413048,313.8225222907605
0.05,0.5,0.45,1.0,0.01060330610183461,1.7206194969727262,304.58409865449727
0.05,0.5,0.45,2.0,0.009698392158709443,1.68020212177751,295.90211659072355
0.05,0.5,0.45,4.0,0.008777696931904487,1.662891523924199,284.1116920361718
0.05,0.5,0.45,8.0,0.007854145985626457,1.6944779555879788,273.95690912216367
0.05,0.5,0.45,16.0,0.007043950432649655,1.7700922512203743,257.87919469707424
0.05,0.55,0.4,0.0,0.013131613538678595,1.7791947266771029,322.0334390014809
0.05,0.55,0.4,0.5,0.011435349634850956,1.7510654879175,310.9066509331234
0.05,0.55,0.4,1.0,0.01053307027098487,1.7375186295422445,303.9248468019892
0.05,0.55,0.4,2.0,0.009668321830421173,1.7155171283303297,294.54892550167233
0.05,0.55,0.4,4.0,0.008605253712515687,1.7437019491855565,282.6531771474638
0.05,0.55,0.4,8.0,0.007826772129078294,1.6788457368739038,273.510946302819
0.05,0.55,0.4,16.0,0.006996406439823267,1.834452180320792,257.7554188232745
0.05,0.6,0.35,0.0,0.013228641791573674,1.8756695103276968,323.7442002467663
0.05,0.6,0.35,0.5,0.011291495031399658,1.8081884093490557,310.58299698789943
0.05,0.6,0.35,1.0,0.010463631060084766,1.771085646226071,306.76557823391886
0.05,0.6,0.35,2.0,0.009706365432953936,1.757891302921091,295.6225657279881
0.05,0.6,0.35,4.0,0.008611106549321733,1.7618973977623071,283.50385465800076
0.05,0.6,0.35,8.0,0.007657431442871128,1.768854837517243,268.34153897495713
0.05,0.6,0.35,16.0,0.0070862260589541134,1.8757113384679058,255.5495420294146
0.05,0.65,0.3,0.0,0.013002970584321863,1.8220267807507502,326.86134201271756
0.05,0.65,0.3,0.5,0.011304228896073847,1.8570988579566894,314.2574397792053
0.05,0.65,0.3,1.0,0.010595974831441835,1.7937323358111514,305.2447324497039
0.05,0.65,0.3,2.0,0.009640070451587464,1.76361972882943,293.84079708966385
0.05,0.65,0.3,4.0,0.008606556851527704,1.8517127429519384,282.0664240588815
0.05,0.65,0.3,8.0,0.007697707103731383,1.8385554255579233,266.6752375917184
0.05,0.65,0.3,16.0,0.0070712376679185895,1.9343799059318985,253.85340020077524
0.05,0.7,0.25,0.0,0.012877620391563357,1.8083742247029466,324.72060105420957
0.05,0.7,0.25,0.5,0.011363978419749163,1.8445896370145702,310.9279465967821
0.05,0.7,0.25,1.0,0.010535601360531695,1.8250661543813502,302.97630393825915
0.05,0.7,0.25,2.0,0.009479732953836384,1.7922513184975915,289.91970284570067
0.05,0.7,0.25,4.0,0.008500707399719828,1.8213435909198807,280.8910637430931
0.05,0.7,0.25,8.0,0.007643107851497623,1.881600663386137,265.8197871400323
0.05,0.7,0.25,16.0,0.006927795749698763,1.9907116478439602,254.94956785643237
0.05,0.75,0.2,0.0,0.012650413318203137,1.8779032913481704,324.20826453803005
0.05,0.75,0.2,0.5,0.011331522199973515,1.893357899320831,308.61689383769544
0.05,0.75,0.2,1.0,0.010669845207571188,1.9374037463615483,300.54614290739016
0.05,0.75,0.2,2.0,0.009465643904315734,1.8211387007247721,289.1780318212165
0.05,0.75,0.2,4.0,0.008452164598210596,1.9106213668261425,278.32291701619357
0.05,0.75,0.2,8.0,0.0074080982633762575,1.9416042707486814,264.8506247401669
0.05,0.75,0.2,16.0,0.0070138902014514025,2.0370360783265054,253.1764580631378
0.05,0.8,0.15,0.0,0.012636661359286738,1.968906984139947,322.7949774555386
0.05,0.8,0.15,0.5,0.011121304771578399,1.9642650516879885,309.25885988111094
0.05,0.8,0.15,1.0,0.010385838082876383,1.9684514169800078,302.6668951003323
0.05,0.8,0.15,2.0,0.009325635718316214,1.9226990536079802,288.6568372208919
0.05,0.8,0.15,4.0,0.008335118812626226,2.0144288348182324,275.52736360780773
0.05,0.8,0.15,8.0,0.007342880846634665,1.985020434200394,262.34411738283734
0.05,0.8,0.15,16.0,0.00677520987441865,2.162240476689921,251.93963152598587
0.05,0.85,0.1,0.0,0.012621182777269152,2.055239783071953,324.10979770582065
0.05,0.85,0.1,0.5,0.011092476969479815,2.0996400030927798,313.11236583178066
0.05,0.85,0.1,1.0,0.010293017691515539,1.9988487658352774,300.9995424793843
0.05,0.85,0.1,2.0,0.009275395496617173,2.0255818754646047,286.837102909584
0.05,0.85,0.1,4.0,0.008284960922309124,2.1472076042804855,275.5243523201753
0.05,0.85,0.1,8.0,0.0073645479992028124,2.1110847538833393,265.0451411256092
0.05,0.85,0.1,16.0,0.006797644676718663,2.3468863851364485,249.97191777881451
0.05,0.9,0.05,0.0,0.012584618612048072,2.249165883103148,328.1046468242452
0.05,0.9,0.05,0.5,0.011029314419586399,2.231938020711116,313.71920544687185
0.05,0.9,0.05,1.0,0.010160666637990359,2.2251659552101235,302.11196851440997
0.05,0.9,0.05,2.0,0.00906685365767769,2.239922316206675,286.19222418287967
0.05,0.9,0.05,4.0,0.008250643830831446,2.264713807653672,276.31880426136127
0.05,0.9,0.05,8.0,0.007349859420088647,2.369657994208825,261.39677838746695
0.05,0.9,0.05,16.0,0.006804329219963559,2.75615506405425,249.8949121777038
0.05,0.95,0.0,0.0,0.012835317254834349,2.8647185342883703,323.66226154737615
0.05,0.95,0.0,0.5,0.011496181629411684,2.869216781541621,310.94319146774745
0.05,0.95,0.0,1.0,0.010649055125100912,2.916189572664456,301.391724682153
0.05,0.95,0.0,2.0,0.009674015218616818,3.0078176401420875,288.6663389431548
0.05,0.95,0.0,4.0,0.009076308831281207,3.222190303506706,277.8034663326477
0.05,0.95,0.0,8.0,0.007943221369377274,3.450005034753309,266.12617501422227
0.05,0.95,0.0,16.0,0.007511892306028397,4.182307961284966,255.36163194152212
0.1,0.0,0.9,0.0,0.011886820331618019,1.523065032064286,340.79199885051304
0.1,0.0,0.9,0.5,0.010964907039159094,1.5105904570674273,332.8937185814813
0.1,0.0,0.9,1.0,0.01023533785269602,1.4792170431297498,328.5388752562288
0.1,0.0,0.9,2.0,0.009479592740604843,1.5480485137434197,319.19162265927713
0.1,0.0,0.9,4.0,0.008832992879142227,1.4932104478897967,310.23239510940925
0.1,0.0,0.9,8.0,0.00821173417786312,1.5318997830691885,297.2105020602997
0.1,0.0,0.9,16.0,0.007845991306443782,1.5170705121842574,288.9448123841313
0.1,0.05,0.85,0.0,0.011943934915760004,1.4916749845193034,324.96911170546
0.1,0.05,0.85,0.5,0.01049169649098466,1.5252688010534843,316.143660318551
0.1,0.05,0.85,1.0,0.009604391669897861,1.5559688518526231,310.79403256458664
0.1,0.05,0.85,2.0,0.008682631204689194,1.4794142722937078,301.4536876499564
0.1,0.05,0.85,4.0,0.008028862952229121,1.5003047760597312,294.67793880731483
0.1,0.05,0.85,8.0,0.0075417307564177435,1.538738334917922,283.2959828728728
0.1,0.05,0.85,16.0,0.006753945376441702,1.5257922511255977,271.11903898153724
0.1,0.1,0.8,0.0,0.012302912398741194,1.5094658431614338,321.5361716400553
0.1,0.1,0.8,0.5,0.010598983526257428,1.5346104185506881,317.2300015251072
0.1,0.1,0.8,1.0,0.009841167110656605,1.5494052115226011,308.9489735267066
0.1,0.1,0.8,2.0,0.008966814397084457,1.4917387860458666,302.10854390541164
0.1,0.1,0.8,4.0,0.008170813590069029,1.5226433723922812,288.58002494877036
0.1,0.1,0.8,8.0,0.007394425162442612,1.5579397230285894,282.02888370807455
0.1,0.1,0.8,16.0,0.007007133006015214,1.5943638932708641,271.7648707883615
0.1,0.15,0.75,0.0,0.012154696566993898,1.5603662129207876,324.68337278526616
0.1,0.15,0.75,0.5,0.010603473393654772,1.5203176808551724,315.4019917690909
0.1,0.15,0.75,1.0,0.009935757747601132,1.5352335291407904,307.1036774301055
0.1,0.15,0.75,2.0,0.008955664657565324,1.5110032567039882,297.46530055570025
0.1,0.15,0.75,4.0,0.008190627053995148,1.561706069594526,285.23718934922084
0.1,0.15,0.75,8.0,0.007439841519754617,1.529670152446218,275.4282570281644
0.1,0.15,0.75,16.0,0.006852745016381054,1.5573218175632746,265.43800924230874
0.1,0.2,0.7,0.0,0.011803580531366866,1.5511736441721222,316.91158354151304
0.1,0.2,0.7,0.5,0.010792095315118787,1.530422978902769,316.5847696534037
0.1,0.2,0.7,1.0,0.010093992260669407,1.559785504336053,305.3736479340923
0.1,0.2,0.7,2.0,0.009164772565387122,1.5643071445062902,295.9806420403817
0.1,0.2,0.7,4.0,0.00807625059339876,1.5402334889915812,281.29336765519975
0.1,0.2,0.7,8.0,0.007308582457695262,1.5732430002289568,273.08233959479657
0.1,0.2,0.7,16.0,0.006804742167352468,1.6067385300136265,260.82264813290027
0.1,0.25,0.65,0.0,0.012208286227915104,1.529344506978733,325.60167233102334
0.1,0.25,0.65,0.5,0.010569860123788804,1.5633596261851903,316.48945068050847
0.1,0.25,0.65,1.0,0.009936675586852168,1.5586758929801603,307.0560150734705
0.1,0.25,0.65,2.0,0.009182719498584043,1.5545055358314357,297.7272921581189
0.1,0.25,0.65,4.0,0.008242328032724787,1.5375439183244277,278.9012682881327
0.1,0.25,0.65,8.0,0.0074560005730028205,1.558581080819384,271.78168340113467
0.1,0.25,0.65,16.0,0.0067525918805596725,1.588011881088504,261.8131962952018
0.1,0.3,0.6,0.0,0.011760210651770896,1.5841724830611963,327.3053820549732
0.1,0.3,0.6,0.5,0.010418020181188356,1.58915107518642,309.26023816556614
0.1,0.3,0.6,1.0,0.009958115651072836,1.5645083553888746,307.5387434653481
0.1,0.3,0.6,2.0,0.00917649731480829,1.6061779707757307,294.51651179950693
0.1,0.3,0.6,4.0,0.008134020302891854,1.529139217150994,281.1685365577634
0.1,0.3,0.6,8.0,0.007481514647104194,1.5613865745649385,270.17962981220035
0.1,0.3,0.6,16.0,0.0066617865457933275,1.606692461223305,262.44870076756257
0.1,0.35,0.55,0.0,0.011989651931855694,1.5964524866026915,321.0520639848462
0.1,0.35,0.55,0.5,0.010676729707809224,1.5894660344065088,318.90209401542893
0.1,0.35,0.55,1.0,0.009942577896410856,1.5991380069094692,303.34417305857824
0.1,0.35,0.55,2.0,0.009088384160312588,1.5742359622914837,293.2492592231498
0.1,0.35,0.55,4.0,0.00810855257810236,1.5463418098322739,279.9721360968021
0.1,0.35,0.55,8.0,0.007451749354094289,1.5553518831326987,271.59494199992946
0.1,0.35,0.55,16.0,0.00675514582351502,1.6393322004356214,259.68761324899657
0.1,0.4,0.5,0.0,0.011895069849663474,1.6008956283169968,320.89275654883204
0.1,0.4,0.5,0.5,0.010476336131703535,1.5999981209595662,313.60772055767063
0.1,0.4,0.5,1.0,0.009902837756193482,1.595239032168995,302.40310355624314
0.1,0.4,0.5,2.0,0.009039345993675217,1.556221389208171,290.8330335340556
0.1,0.4,0.5,4.0,0.0082382961494058,1.60137671806856,283.6234819722661
0.1,0.4,0.5,8.0,0.007488587850284267,1.5898501365082989,270.5576858328541
0.1,0.4,0.5,16.0,0.006762660493021009,1.6533514047306381,258.67579909560055
0.1,0.45,0.45,0.0,0.011949960796850232,1.6045507823629077,320.3659386172266
0.1,0.45,0.45,0.5,0.01074199784450138,1.64902480981496,317.9208913289549
0.1,0.45,0.45,1.0,0.009965488252099903,1.604067618970084,301.5843473590136
0.1,0.45,0.45,2.0,0.009151681965869152,1.6124516858582958,290.73501610390207
0.1,0.45,0.45,4.0,0.008204557294640494,1.588792573607568,284.0585342613985
0.1,0.45,0.45,8.0,0.007438950158258413,1.6117217317585615,270.91157696260103
0.1,0.45,0.45,16.0,0.006758920904629846,1.6911544110323848,260.6086835528354
0.1,0.5,0.4,0.0,0.012053488898776991,1.679204579371195,321.7826579077578
0.1,0.5,0.4,0.5,0.010710288234421071,1.690081021580258,312.11948162369924
0.1,0.5,0.4,1.0,0.009899662427089869,1.6794587541369497,300.7062827461164
0.1,0.5,0.4,2.0,0.009076975631988888,1.634995827076188,291.1241821346263
0.1,0.5,0.4,4.0,0.008301429797191971,1.6230817116884555,281.2345328553731
0.1,0.5,0.4,8.0,0.0073794452785500494,1.6392028251648199,269.0069172187123
0.1,0.5,0.4,16.0,0.006722139949459849,1.728077074625859,260.32057445906685
0.1,0.55,0.35,0.0,0.01233240400637762,1.644208964696377,321.34798933702535
0.1,0.55,0.35,0.5,0.010709744112295952,1.6957107924919754,309.2881997512212
0.1,0.55,0.35,1.0,0.010001926989613276,1.6648822417255786,302.13893773911724
0.1,0.55,0.35,2.0,0.009151470577150484,1.689441670478845,291.9357402452265
0.1,0.55,0.35,4.0,0.008183938575856283,1.6941804348671692,280.143771828423
0.1,0.55,0.35,8.0,0.007354289072897593,1.7379621440999944,269.030641476315
0.1,0.55,0.35,16.0,0.006830361243173641,1.7805938789507632,257.2563892704433
0.1,0.6,0.3,0.0,0.01229258370300696,1.6541165003035154,324.2579078861816
0.1,0.6,0.3,0.5,0.0107633596856019,1.700463029518606,313.2341657436673
0.1,0.6,0.3,1.0,0.010004139215288045,1.6980354695962607,301.5305840608542
0.1,0.6,0.3,2.0,0.00921211560192421,1.7051442798889667,291.3412507280708
0.1,0.6,0.3,4.0,0.00811891320822742,1.7781720494276465,279.0025944707836
0.1,0.6,0.3,8.0,0.007355485646065374,1.7866779818019125,268.0983207184449
0.1,0.6,0.3,16.0,0.006639743713356794,1.7614828045960653,254.51487397023993
0.1,0.65,0.25,0.0,0.012313733362301627,1.7586566373801276,326.46593027878095
0.1,0.65,0.25,0.5,0.010876036311197247,1.7638625715854477,313.58968024377606
0.1,0.65,0.25,1.0,0.010021870535676625,1.753371339465246,306.74828992234274
0.1,0.65,0.25,2.0,0.008993355071009596,1.755400806140683,292.0636793975179
0.1,0.65,0.25,4.0,0.00814760365120736,1.7566582290162847,279.11584572811233
0.1,0.65,0.25,8.0,0.007269300228418932,1.8023272372354502,269.1163077502669
0.1,0.65,0.25,16.0,0.006680008615976655,1.8810672114675129,254.7271853639285
0.1,0.7,0.2,0.0,0.012284570140020911,1.7589903769084778,328.9625235895249
0.1,0.7,0.2,0.5,0.010708061487002573,1.7991314119835966,317.0719613413253
0.1,0.7,0.2,1.0,0.010042941036023828,1.778146255736636,302.55178299409937
0.1,0.7,0.2,2.0,0.008828553641791841,1.7452962156461254,289.9672262168685
0.1,0.7,0.2,4.0,0.00792398253410948,1.7658634960770758,279.6506573228466
0.1,0.7,0.2,8.0,0.007239916410875075,1.8793172986602495,269.1467057615896
0.1,0.7,0.2,16.0,0.006584088200369144,1.928721421870616,254.25724988955122
0.1,0.75,0.15,0.0,0.012214486015738652,1.8381633510191833,329.18210336511345
0.1,0.75,0.15,0.5,0.010694671207931624,1.8245836481847837,314.9172978921562
0.1,0.75,0.15,1.0,0.009751430607480112,1.8517970952000988,300.76237589585776
0.1,0.75,0.15,2.0,0.008808022195151026,1.808507341507828,292.3053178146292
0.1,0.75,0.15,4.0,0.007858921615643265,1.8372180885884155,279.75297264430986
0.1,0.75,0.15,8.0,0.007150875189038592,1.925224613145567,266.9012192796031
0.1,0.75,0.15,16.0,0.006437122908758891,1.9811111096550362,252.42048285634414
0.1,0.8,0.1,0.0,0.01205147695636405,1.8904307442790895,329.2333062518506
0.1,0.8,0.1,0.5,0.010696903345367213,1.9310575104098937,312.44175090137816
0.1,0.8,0.1,1.0,0.00956841670103996,1.9693253818939762,302.06420911165964
0.1,0.8,0.1,2.0,0.008762110836412816,1.8802348091697445,292.591947282224
0.1,0.8,0.1,4.0,0.007821529141633933,1.9687288196835346,280.5072677258413
0.1,0.8,0.1,8.0,0.007034118089693638,2.0173831364050545,266.52049984461047
0.1,0.8,0.1,16.0,0.00637117658222001,2.126642617711745,250.54679907463583
0.1,0.85,0.05,0.0,0.012208409627497483,2.04382705446463,329.1799998937823
0.1,0.85,0.05,0.5,0.010432610013919914,1.970849110183808,313.3040285170122
0.1,0.85,0.05,1.0,0.009551351852356588,2.064404018637128,304.34996815365236
0.1,0.85,0.05,2.0,0.00855986903618845,2.102883335956853,293.84454900469876
0.1,0.85,0.05,4.0,0.0078121830527973215,2.1005220683994357,280.49515113412684
0.1,0.85,0.05,8.0,0.007056578190715854,2.18394120710772,266.65006393117227
0.1,0.85,0.05,16.0,0.006216825014867595,2.4546567981674428,252.02064438631155
0.1,0.9,0.0,0.0,0.011962688711895958,2.35555220600298,320.4936916896096
0.1,0.9,0.0,0.5,0.010719712798305745,2.3096289495536966,312.2346551549396
0.1,0.9,0.0,1.0,0.009652411681126466,2.336657749542144,307.3697635922705
0.1,0.9,0.0,2.0,0.008824666649017765,2.405519543908861,292.18666521249673
0.1,0.9,0.0,4.0,0.007892028873749795,2.464142828878922,281.9229110814096
0.1,0.9,0.0,8.0,0.007195580454280957,2.595096063154148,267.69280905529007
0.1,0.9,0.0,16.0,0.0064093970122658635,3.0913808774365243,255.99321611262909
0.15,0.0,0.85,0.0,0.01184584453213904,1.4468803439241469,344.99926712991555
0.15,0.0,0.85,0.5,0.011052506951900175,1.481160815619691,332.32227484855713
0.15,0.0,0.85,1.0,0.010333100064158168,1.4610089052615927,332.136764814943
0.15,0.0,0.85,2.0,0.009245051908505064,1.520111474214003,318.7153691763887
0.15,0.0,0.85,4.0,0.008813284183708244,1.5079931597659357,306.7669518425932
0.15,0.0,0.85,8.0,0.00830177088833343,1.5240844308167845,296.7502185083212
0.15,0.0,0.85,16.0,0.007790648068019262,1.4953563663680296,287.98918306507943
0.15,0.05,0.8,0.0,0.012046243155403499,1.46855201356797,329.17427729825437
0.15,0.05,0.8,0.5,0.010444625235314508,1.4902379659400289,318.104148233593
0.15,0.05,0.8,1.0,0.009879228804908395,1.4876821016522321,313.39002570390466
0.15,0.05,0.8,2.0,0.008763918429542753,1.5084958287014312,299.5689450907782
0.15,0.05,0.8,4.0,0.007968426162304641,1.5060986301149117,292.26619409737714
0.15,0.05,0.8,8.0,0.007315009769232353,1.4826619705620867,285.0273756655218
0.15,0.05,0.8,16.0,0.006863845828902283,1.5189158778651721,273.816786326619
0.15,0.1,0.75,0.0,0.012255230560691622,1.5483982250832942,323.71010408588296
0.15,0.1,0.75,0.5,0.010428634673472872,1.5028804439538417,317.0433159096771
0.15,0.1,0.75,1.0,0.009623834714682766,1.4991498721783454,312.1708735327267
0.15,0.1,0.75,2.0,0.008800741023504097,1.5284353364203271,298.0673919435357
0.15,0.1,0.75,4.0,0.00793373438949489,1.56596974844959,288.634615295645
0.15,0.1,0.75,8.0,0.007312635068852542,1.5069642013831899,281.90415723982795
0.15,0.1,0.75,16.0,0.006771265961248133,1.5270071955954856,271.8342284577016
0.15,0.15,0.7,0.0,0.01220272533560759,1.508206222231987,321.27788912474267
0.15,0.15,0.7,0.5,0.01056986453676248,1.5338551661721116,315.7658299486827
0.15,0.15,0.7,1.0,0.009802676753842469,1.5559873393091668,308.5142606171277
0.15,0.15,0.7,2.0,0.00884021106949839,1.5180949835314939,298.23092096972186
0.15,0.15,0.7,4.0,0.008082185280313398,1.5224734338938453,288.42656216850526
0.15,0.15,0.7,8.0,0.007403423447153602,1.5439069633382025,278.42165557362244
0.15,0.15,0.7,16.0,0.006934322968308104,1.5452600136691348,268.2041529791543
0.15,0.2,0.65,0.0,0.012260608576474222,1.5552197188499743,325.33037164341766
0.15,0.2,0.65,0.5,0.010478722617447646,1.5456533239463817,314.8980440977614
0.15,0.2,0.65,1.0,0.009790316945325775,1.5536409953584915,306.492329918047
0.15,0.2,0.65,2.0,0.008810609288052723,1.5622411246452208,297.706793151252
0.15,0.2,0.65,4.0,0.008021273316843302,1.5382276134518733,284.0555402674677
0.15,0.2,0.65,8.0,0.007231868527892658,1.5238718198178685,273.20653524541416
0.15,0.2,0.65,16.0,0.0067992070697747015,1.5817678092987049,262.3302534972738
0.15,0.25,0.6,0.0,0.012130088064629735,1.5517668626958117,320.53726423160225
0.15,0.25,0.6,0.5,0.0105771885208394,1.5366127025137206,315.42259017880895
0.15,0.25,0.6,1.0,0.009696025768258966,1.56404267833409,305.0874939336484
0.15,0.25,0.6,2.0,0.008891026130019356,1.5808673587638682,296.02563690142534
0.15,0.25,0.6,4.0,0.008037157201700697,1.550716207443102,283.03576433125363
0.15,0.25,0.6,8.0,0.0071896166397870664,1.5484425471409289,268.3524738226964
0.15,0.25,0.6,16.0,0.006654962046088636,1.5730651682148569,259.06859812769676
0.15,0.3,0.55,0.0,0.012415233432777522,1.5380120951270957,324.5995545075081
0.15,0.3,0.55,0.5,0.010664964868019494,1.5948554454711406,312.5928464145673
0.15,0.3,0.55,1.0,0.009855415437897324,1.5691489396058362,304.63649980250796
0.15,0.3,0.55,2.0,0.00896813388951497,1.5429095497450753,292.5907792519685
0.15,0.3,0.55,4.0,0.007990170472162194,1.510884264152016,278.99299803773806
0.15,0.3,0.55,8.0,0.007092585399346751,1.5315537839749511,266.0410046415847
0.15,0.3,0.55,16.0,0.006719773817077866,1.6307564692920868,255.32750767580043
0.15,0.35,0.5,0.0,0.011820241805958061,1.5789316263189221,318.95542322368175
0.15,0.35,0.5,0.5,0.010546802591987451,1.522084419372689,309.4961865587216
0.15,0.35,0.5,1.0,0.009973312917172657,1.5658842533190525,304.3122432841623
0.15,0.35,0.5,2.0,0.008931119756047557,1.5641392904822713,292.8223606427756
0.15,0.35,0.5,4.0,0.007919566795485477,1.5375611602589085,278.37240205899155
0.15,0.35,0.5,8.0,0.007204313662833054,1.5286704101417012,267.0386789103545
0.15,0.35,0.5,16.0,0.006458198095569997,1.6187572232614975,255.99434217423445
0.15,0.4,0.45,0.0,0.011806821986393006,1.5809018774264227,321.69762947153185
0.15,0.4,0.45,0.5,0.010416031565515951,1.557539260932306,312.8677739388718
0.15,0.4,0.45,1.0,0.009852546832364884,1.5609872866262442,303.9017794961456
0.15,0.4,0.45,2.0,0.00902571629880644,1.536112063894561,292.69258249412474
0.15,0.4,0.45,4.0,0.007998169133414142,1.5626003417628835,278.5335580249759
0.15,0.4,0.45,8.0,0.007302251788325058,1.5781840733066195,266.68386659306924
0.15,0.4,0.45,16.0,0.006417068744144934,1.6038892730173326,255.59262210704415
0.15,0.45,0.4,0.0,0.011753086116252804,1.5788454124111675,322.39463368528226
0.15,0.45,0.4,0.5,0.010410385429080939,1.550806615162778,313.94020305069483
0.15,0.45,0.4,1.0,0.009874762892947449,1.6269545043882985,307.14119756785345
0.15,0.45,0.4,2.0,0.008958500300226544,1.5576431682577596,292.1670234339181
0.15,0.45,0.4,4.0,0.007967141455836284,1.5816020931644925,275.166523556114
0.15,0.45,0.4,8.0,0.007232292273546129,1.5893657934052525,266.5320413304409
0.15,0.45,0.4,16.0,0.006491369050802171,1.6435697121065715,256.7089257215794
0.15,0.5,0.35,0.0,0.011677001658324129,1.565363793248995,319.421838096956
0.15,0.5,0.35,0.5,0.01020482252912433,1.603840294879375,313.28929296832115
0.15,0.5,0.35,1.0,0.009709079126157328,1.6047187326970336,302.6869643132863
0.15,0.5,0.35,2.0,0.008912223406748522,1.611259638311046,291.626920750746
0.15,0.5,0.35,4.0,0.007879720891440031,1.6322420853348936,276.35892151042805
0.15,0.5,0.35,8.0,0.007146863377731579,1.6366902521244884,265.51508019973403
0.15,0.5,0.35,16.0,0.006475005351407662,1.6743368417576405,255.0604818897983
0.15,0.55,0.3,0.0,0.011896835847327031,1.623984664596836,325.4177860855462
0.15,0.55,0.3,0.5,0.01044723369014941,1.65480424472405,314.1468560219629
0.15,0.55,0.3,1.0,0.009702395730735199,1.6520607955126472,300.5088204440991
0.15,0.55,0.3,2.0,0.00876529311787586,1.6687534085105504,289.5390769339244
0.15,0.55,0.3,4.0,0.007890502093131016,1.6221177392086166,277.5868751345488
0.15,0.55,0.3,8.0,0.007106035283927553,1.6835502346154652,265.9428394878544
0.15,0.55,0.3,16.0,0.0064269384466658355,1.7862875069308055,255.3727478176501
0.15,0.6,0.25,0.0,0.011872555493847881,1.702521145952816,325.9730651370981
0.15,0.6,0.25,0.5,0.010332161894587494,1.6830838815298221,312.9632138576354
0.15,0.6,0.25,1.0,0.009731440792074641,1.6705228447987104,300.1770097215545
0.15,0.6,0.25,2.0,0.008700618319454243,1.6518773643997602,288.7918684586424
0.15,0.6,0.25,4.0,0.0078106245045987495,1.6159475756091348,278.0644330692609
0.15,0.6,0.25,8.0,0.0071227254257891824,1.712888588219106,266.9988639231189
0.15,0.6,0.25,16.0,0.00644674617825874,1.8421699152082933,256.679562948478
0.15,0.65,0.2,0.0,0.011938754135256129,1.7185427800679747,325.61067046999904
0.15,0.65,0.2,0.5,0.010373939223403723,1.7560458536920132,311.78411094973757
0.15,0.65,0.2,1.0,0.009758438111107395,1.771066580291152,305.0796525085723
0.15,0.65,0.2,2.0,0.008744132583992705,1.7014939163013523,290.1073406592465
0.15,0.65,0.2,4.0,0.007806113945891413,1.7161079774077503,278.1125836391135
0.15,0.65,0.2,8.0,0.006977784729823837,1.7470543395190792,264.64391201770076
0.15,0.65,0.2,16.0,0.006270321185516158,1.8454472404718238,257.0042241280423
0.15,0.7,0.15,0.0,0.011746054425061185,1.7801149356098334,327.0601781416747
0.15,0.7,0.15,0.5,0.010384475675735744,1.7873603801036901,310.9644974014138
0.15,0.7,0.15,1.0,0.009665880619231466,1.8236132423170854,303.55445776548663
0.15,0.7,0.15,2.0,0.0085467815702586,1.8077709729341507,287.87144269284477
0.15,0.7,0.15,4.0,0.007724742644942908,1.7944799273675145,279.595013417692
0.15,0.7,0.15,8.0,0.006945373271030386,1.7863443252614566,264.7750386580481
0.15,0.7,0.15,16.0,0.006383506907861655,1.9416294465493575,255.39774703398825
0.15,0.75,0.1,0.0,0.011669201693597434,1.800455305187806,326.693158982561
0.15,0.75,0.1,0.5,0.010300828390480162,1.8077313870214917,311.99288266917114
0.15,0.75,0.1,1.0,0.009563355073908207,1.7791042238914574,300.4357013675204
0.15,0.75,0.1,2.0,0.008557054561607921,1.8463850155515675,287.5373848445374
0.15,0.75,0.1,4.0,0.007711430025754816,1.8508915260840408,277.3245220756875
0.15,0.75,0.1,8.0,0.007018057349163941,1.931691153126998,266.8880015361644
0.15,0.75,0.1,16.0,0.006288132150711931,1.9661539411214415,251.15180317427334
0.15,0.8,0.05,0.0,0.011703354745308592,1.9186992132652332,328.5057346035828
0.15,0.8,0.05,0.5,0.010222724174532011,1.8951905603046004,314.1537271732262
0.15,0.8,0.05,1.0,0.009380227200308119,1.924903532082728,307.1159465913365
0.15,0.8,0.05,2.0,0.008413427083102309,1.9433812556903385,291.71083951176905
0.15,0.8,0.05,4.0,0.007576589781565865,1.9905170516623194,277.9661360455439
0.15,0.8,0.05,8.0,0.006921779202100071,1.989841469501193,266.1287885713837
0.15,0.8,0.05,16.0,0.006185852692594071,2.17449708249526,252.94971864318825
0.15,0.85,0.0,0.0,0.01129361143546547,2.1747914876655443,322.9416071738595
0.15,0.85,0.0,0.5,0.010446286491123754,2.119087826230803,318.39026588174323
0.15,0.85,0.0,1.0,0.009492084025580506,2.1235832554465213,300.3681069577894
0.15,0.85,0.0,2.0,0.008702137890755923,2.132964006991051,293.07048867135586
0.15,0.85,0.0,4.0,0.0076845456222855235,2.232640800625168,279.49683202601
0.15,0.85,0.0,8.0,0.006953774709073141,2.2963644654657775,266.1882180248685
0.15,0.85,0.0,16.0,0.00624311058807913,2.588907449902818,255.082595664857
0.2,0.0,0.8,0.0,0.012070362814175714,1.4966837784790856,346.60018545332497
0.2,0.0,0.8,0.5,0.011052225433266871,1.511196785197665,333.86290815149533
0.2,0.0,0.8,1.0,0.01027951139407555,1.517405937502268,327.10090763801594
0.2,0.0,0.8,2.0,0.009372749164365148,1.4950890137888073,320.1082231720307
0.2,0.0,0.8,4.0,0.008765838846242852,1.4880890305481174,308.2214216700561
0.2,0.0,0.8,8.0,0.008166252395662021,1.4991714513548933,295.37335227537153
0.2,0.0,0.8,16.0,0.0077319305727731,1.5343987129157917,285.4172217865298
0.2,0.05,0.75,0.0,0.01146098817209345,1.4794281065880515,326.129809550293
0.2,0.05,0.75,0.5,0.010503082110915794,1.4451332230586165,321.44499047601397
0.2,0.05,0.75,1.0,0.009758517120238504,1.4648076064458635,311.5286199119805
0.2,0.05,0.75,2.0,0.008826830915006056,1.475557034137769,303.95574830267424
0.2,0.05,0.75,4.0,0.007873757062899367,1.4741319987036725,290.5321398462822
0.2,0.05,0.75,8.0,0.007225578989208971,1.504471659025074,284.36286443337485
0.2,0.05,0.75,16.0,0.00688616816222935,1.5218227889883427,276.56257125814693
0.2,0.1,0.7,0.0,0.011947350467757821,1.5161978600857442,325.3951565085923
0.2,0.1,0.7,0.5,0.010365219599003864,1.4834387707957373,317.2394099288749
0.2,0.1,0.7,1.0,0.009503877961317977,1.4991675382724392,308.23800795227277
0.2,0.1,0.7,2.0,0.008696105943715131,1.510240216673924,299.60026751098593
0.2,0.1,0.7,4.0,0.00782858154569195,1.510911676268531,287.5741077115777
0.2,0.1,0.7,8.0,0.00717056531126219,1.5328541998714529,276.93006351477885
0.2,0.1,0.7,16.0,0.006633916121610868,1.49114625355734,268.78694798501255
0.2,0.15,0.65,0.0,0.01213411737660234,1.524202146798639,321.66897918878686
0.2,0.15,0.65,0.5,0.010408609377380104,1.5196273917134226,318.1307570261881
0.2,0.15,0.65,1.0,0.009588808224042655,1.513775950688329,309.81350340375417
0.2,0.15,0.65,2.0,0.00866442931142146,1.5204274180750996,299.7507356191409
0.2,0.15,0.65,4.0,0.007885376845245068,1.5377070562026727,289.08474432542175
0.2,0.15,0.65,8.0,0.007146916214181071,1.4867267924930279,277.8050342120983
0.2,0.15,0.65,16.0,0.0067676067647240755,1.511571102638421,266.0546704623293
0.2,0.2,0.6,0.0,0.012242187134946394,1.5324231416139382,319.539921125891
0.2,0.2,0.6,0.5,0.010635097822024155,1.519677554583341,314.5891425746506
0.2,0.2,0.6,1.0,0.00960937236345851,1.5459481428874458,308.1716009510039
0.2,0.2,0.6,2.0,0.008729589859706099,1.5101639075777324,298.1759731060618
0.2,0.2,0.6,4.0,0.007859235829074144,1.5232130002271633,285.1123676869834
0.2,0.2,0.6,8.0,0.00710465045732885,1.5719963607086747,274.10302644582015
0.2,0.2,0.6,16.0,0.006721750416504008,1.5522747356768167,263.7358713200702
0.2,0.25,0.55,0.0,0.01229873010233592,1.5419558997208815,319.46595713507696
0.2,0.25,0.55,0.5,0.010548282271638648,1.5486184717706077,313.93633742558535
0.2,0.25,0.55,1.0,0.00961334559288083,1.5515732011290886,308.8935455211868
0.2,0.25,0.55,2.0,0.008683139384308878,1.515437953089827,296.4677714213988
0.2,0.25,0.55,4.0,0.007980470087948643,1.5528896029841388,284.6022606607516
0.2,0.25,0.55,8.0,0.007196674149438059,1.5671157959342932,271.63888198590837
0.2,0.25,0.55,16.0,0.0065887250621268455,1.5571326017719231,256.8458208633569
0.2,0.3,0.5,0.0,0.012291786143197791,1.5177985666085576,321.18311005442246
0.2,0.3,0.5,0.5,0.01048591243764257,1.509133375891077,311.04010444338184
0.2,0.3,0.5,1.0,0.009620836250946311,1.5236081069307625,303.4212898297479
0.2,0.3,0.5,2.0,0.0087039401422949,1.5264405328316195,294.6705298328911
0.2,0.3,0.5,4.0,0.007792823302055584,1.5217012443822844,282.15170085385313
0.2,0.3,0.5,8.0,0.007061104525688751,1.519409163805017,266.1263425873942
0.2,0.3,0.5,16.0,0.006569813093361826,1.5441377107530496,255.14178839854878
0.2,0.35,0.45,0.0,0.012251368981178614,1.5889813147326748,319.13534890976274
0.2,0.35,0.45,0.5,0.010493146283434132,1.4925907066088007,311.2553158442075
0.2,0.35,0.45,1.0,0.009748554575164431,1.5730594105032,304.66955658389196
0.2,0.35,0.45,2.0,0.008671106202645487,1.5059428655522806,292.99034855123534
0.2,0.35,0.45,4.0,0.007929332878220965,1.5344873562453543,280.10489731573426
0.2,0.35,0.45,8.0,0.007060091338645679,1.5457333624128768,262.46841380152887
0.2,0.35,0.45,16.0,0.0064224963415213275,1.55522812103378,253.9929330672795
0.2,0.4,0.4,0.0,0.012222039859231879,1.586398206763248,318.61909283644405
0.2,0.4,0.4,0.5,0.010599022646881668,1.5405555636874573,312.6271657873347
0.2,0.4,0.4,1.0,0.009639336538645894,1.550127597706381,302.78436617503513
0.2,0.4,0.4,2.0,0.0087764640331226,1.5245885733262863,292.92941705291054
0.2,0.4,0.4,4.0,0.007761463159623775,1.5253438247355586,278.0919938650447
0.2,0.4,0.4,8.0,0.006848816394525105,1.5445571774342508,262.709649812236
0.2,0.4,0.4,16.0,0.006271279128139979,1.618517786605554,254.58759720372214
0.2,0.45,0.35,0.0,0.012389177825631379,1.5621064480429467,320.8345721275028
0.2,0.45,0.35,0.5,0.010487282017307009,1.5025020375644287,311.8396093833391
0.2,0.45,0.35,1.0,0.009704902862980501,1.5538260005838704,302.00149365731403
0.2,0.45,0.35,2.0,0.008708198181229523,1.5546099615671773,292.8466140970298
0.2,0.45,0.35,4.0,0.007776554474002183,1.5534336882158073,273.906154936637
0.2,0.45,0.35,8.0,0.006915289468458555,1.5793939446236893,262.3033818054724
0.2,0.45,0.35,16.0,0.006423878790594216,1.6447855634374082,253.9680704022267
0.2,0.5,0.3,0.0,0.011733461888758429,1.5694066274643987,326.56487605091615
0.2,0.5,0.3,0.5,0.010619671802807767,1.5879466786496799,315.9294063601157
0.2,0.5,0.3,1.0,0.009888097827791613,1.5889777743954905,306.35539417817944
0.2,0.5,0.3,2.0,0.008696015092366541,1.572147120053737,290.9249953603367
0.2,0.5,0.3,4.0,0.007766219471557024,1.5724612969802045,273.37456612210286
0.2,0.5,0.3,8.0,0.006999735280680319,1.61591441741224,263.1354626435531
0.2,0.5,0.3,16.0,0.00625112608535931,1.7039860209241144,254.52889264867213
0.2,0.55,0.25,0.0,0.011903838900034677,1.6341424561206914,328.0930732749251
0.2,0.55,0.25,0.5,0.010351718010736035,1.612267963044011,311.4577354665576
0.2,0.55,0.25,1.0,0.009838325913996191,1.6515065526015607,308.1520940729949
0.2,0.55,0.25,2.0,0.008552175771673859,1.6391185732185753,289.95386052712513
0.2,0.55,0.25,4.0,0.007657805026022116,1.5835402670905925,274.6827208313272
0.2,0.55,0.25,8.0,0.007007440442199722,1.6815810039093002,263.7209831189102
0.2,0.55,0.25,16.0,0.0060932913674557184,1.725955206955496,254.11990005401955
0.2,0.6,0.2,0.0,0.011840515967505414,1.6766519325260123,327.8301874166312
0.2,0.6,0.2,0.5,0.010382653887025915,1.7128339307316491,312.6648304374219
0.2,0.6,0.2,1.0,0.009601038431238629,1.703511370262757,303.7929831505501
0.2,0.6,0.2,2.0,0.00846447324711906,1.5986018005844747,289.0745159077724
0.2,0.6,0.2,4.0,0.007717820312381517,1.696921656022259,274.0869783040277
0.2,0.6,0.2,8.0,0.006939164660121025,1.7029993985661294,263.4599531011466
0.2,0.6,0.2,16.0,0.006149230046010062,1.762918256497752,255.60426184070135
0.2,0.65,0.15,0.0,0.011754038789147624,1.710704266816976,331.5378965368628
0.2,0.65,0.15,0.5,0.010277763805691889,1.6546952640625403,315.37158692262614
0.2,0.65,0.15,1.0,0.009610783814016546,1.6661330791466347,307.8439950971933
0.2,0.65,0.15,2.0,0.008428598140272707,1.699162810885938,288.5978233205526
0.2,0.65,0.15,4.0,0.007583144889784808,1.7338936344518903,274.1148559422224
0.2,0.65,0.15,8.0,0.006918809798616793,1.754213340790903,262.6177031075318
0.2,0.65,0.15,16.0,0.006166130181051023,1.869668087020352,254.44493425557383
0.2,0.7,0.1,0.0,0.01163129138367868,1.696201807121206,330.5247415827976
0.2,0.7,0.1,0.5,0.010214297744312225,1.75566401204953,311.4514711289682
0.2,0.7,0.1,1.0,0.009421297295091375,1.7429296397770138,302.8136137749993
0.2,0.7,0.1,2.0,0.008488741023986104,1.7480532765666592,292.38473042958555
0.2,0.7,0.1,4.0,0.00756735805334739,1.802840411102603,275.69574528170455
0.2,0.7,0.1,8.0,0.0069480612076395255,1.829048469221708,264.66493362016087
0.2,0.7,0.1,16.0,0.006070852845291917,1.9483786365302762,254.05381486824794
0.2,0.75,0.05,0.0,0.011715989410893019,1.9335013433236308,329.64686533350283
0.2,0.75,0.05,0.5,0.010097647195032188,1.8772445763892858,314.0126706641208
0.2,0.75,0.05,1.0,0.009299999964280862,1.8750497814041813,304.5277335540154
0.2,0.75,0.05,2.0,0.008368002213828427,1.882486760839286,294.2062976489104
0.2,0.75,0.05,4.0,0.00757026752535309,1.8911758131286314,277.7403885960403
0.2,0.75,0.05,8.0,0.0067619739800426305,1.9391701978952627,268.0326484847024
0.2,0.75,0.05,16.0,0.006097466743812035,2.0996514102251385,255.97649506274396
0.2,0.8,0.0,0.0,0.011388747560246116,2.030005847933284,325.3125991311029
0.2,0.8,0.0,0.5,0.010129690268341403,2.0637499490970725,311.7110384293208
0.2,0.8,0.0,1.0,0.00934936381511435,2.0689282512258713,304.5565564300865
0.2,0.8,0.0,2.0,0.008506547157185004,2.0831689537677587,294.16154523304385
0.2,0.8,0.0,4.0,0.007662442348781059,2.093547812514849,280.4126213547547
0.2,0.8,0.0,8.0,0.0068522897587383,2.1609837903576476,268.0130947120342
0.2,0.8,0.0,16.0,0.006079697218513713,2.373088752575651,259.03609166267984
0.25,0.0,0.75,0.0,0.011822844903615114,1.4936552424906686,346.38736135293806
0.25,0.0,0.75,0.5,0.010934243259136792,1.494691505255644,335.8951766115242
0.25,0.0,0.75,1.0,0.010362883460841603,1.5140550783497106,329.2142989415255
0.25,0.0,0.75,2.0,0.00914420935703606,1.5412376403014356,317.58091082136247
0.25,0.0,0.75,4.0,0.008690105025091134,1.5280281604244361,307.12987079698456
0.25,0.0,0.75,8.0,0.00813321980105362,1.5143595864180799,294.7000191033649
0.25,0.0,0.75,16.0,0.007681790077861306,1.514522276187188,286.1960851055631
0.25,0.05,0.7,0.0,0.011498887409526317,1.4623523094591195,328.7876632921857
0.25,0.05,0.7,0.5,0.010536518725292312,1.4659507931874998,320.8415066008682
0.25,0.05,0.7,1.0,0.009674454777308692,1.44657523873773,311.7372733777499
0.25,0.05,0.7,2.0,0.008774725516990463,1.5195381801525076,304.5144803677646
0.25,0.05,0.7,4.0,0.008070637651929691,1.4756764010556633,295.2304293878815
0.25,0.05,0.7,8.0,0.007080101245609989,1.5068190376069388,280.6838684528441
0.25,0.05,0.7,16.0,0.006784052186390322,1.500618845189944,274.88456978961636
0.25,0.1,0.65,0.0,0.012134899694230768,1.4979020766581155,327.93148891884726
0.25,0.1,0.65,0.5,0.010238584213861902,1.4982605468053192,318.09318808871564
0.25,0.1,0.65,1.0,0.009716607965358856,1.4957838129445193,310.40585555211726
0.25,0.1,0.65,2.0,0.008517421598287176,1.473488394018444,301.5285064514284
0.25,0.1,0.65,4.0,0.0078007580329353746,1.4880396906766566,288.8654562363832
0.25,0.1,0.65,8.0,0.007173397642882838,1.4388333816556818,277.6921938489326
0.25,0.1,0.65,16.0,0.006667674483038232,1.4862649779285935,267.4630174007018
0.25,0.15,0.6,0.0,0.011888128687791896,1.5469336138161687,326.3044061319666
0.25,0.15,0.6,0.5,0.010236713068748807,1.5223811758918473,317.31562995754206
0.25,0.15,0.6,1.0,0.009573931191348426,1.5093297238229368,308.9203993380383
0.25,0.15,0.6,2.0,0.008582275175995753,1.4944698769780693,298.71620367926835
0.25,0.15,0.6,4.0,0.007761252884857347,1.4661432687249327,287.3333090820633
0.25,0.15,0.6,8.0,0.007078549882283874,1.4919815735491568,276.42650625096024
0.25,0.15,0.6,16.0,0.006622141629932421,1.5561298457995338,265.70742241085543
0.25,0.2,0.55,0.0,0.012142713525433847,1.5261180361404059,320.396061943966
0.25,0.2,0.55,0.5,0.01042827573488738,1.5378941054693647,316.29430592919636
0.25,0.2,0.55,1.0,0.00952773206601612,1.484254415326178,308.2579569946434
0.25,0.2,0.55,2.0,0.008628493566791387,1.5053985379567851,297.5390679399957
0.25,0.2,0.55,4.0,0.007721333192377549,1.5219408741028069,287.2543921942558
0.25,0.2,0.55,8.0,0.006958204094370458,1.5074546641604194,275.0293462307397
0.25,0.2,0.55,16.0,0.006536003488746265,1.497865871310821,264.4456527015332
0.25,0.25,0.5,0.0,0.012354041218544859,1.5259317724010657,322.5329482304101
0.25,0.25,0.5,0.5,0.010557303420061394,1.5232409406679637,313.1002382047295
0.25,0.25,0.5,1.0,0.009629282198800366,1.5497061150017204,306.29535694618136
0.25,0.25,0.5,2.0,0.008634588702315106,1.557314941029109,297.51151307983855
0.25,0.25,0.5,4.0,0.007655968165986692,1.5309737601560887,284.7170523474229
0.25,0.25,0.5,8.0,0.007000631716956783,1.562674665226415,269.37739637329486
0.25,0.25,0.5,16.0,0.006592991175509151,1.5303347494846697,261.15093292280676
0.25,0.3,0.45,0.0,0.012330494549838847,1.5516287138385767,320.43673352517163
0.25,0.3,0.45,0.5,0.010589887796022114,1.5516810557207077,311.9615557840512
0.25,0.3,0.45,1.0,0.009597405451897563,1.5560624200263913,306.70053710644555
0.25,0.3,0.45,2.0,0.008599367496711871,1.5084092294749765,293.89754040805354
0.25,0.3,0.45,4.0,0.0077593135821601225,1.539368727172586,281.2322022310211
0.25,0.3,0.45,8.0,0.007031833469022845,1.551355324824124,268.113845895047
0.25,0.3,0.45,16.0,0.006453894957805716,1.545779928840707,255.4152515996717
0.25,0.35,0.4,0.0,0.012300017408051755,1.5655466619895522,322.57129285842797
0.25,0.35,0.4,0.5,0.010581038043596211,1.536695286100831,313.78723864018025
0.25,0.35,0.4,1.0,0.00968719078547288,1.5404400285377438,304.5946276999063
0.25,0.35,0.4,2.0,0.008590989377588362,1.5337991731591014,290.24848362495317
0.25,0.35,0.4,4.0,0.00768256151660783,1.54949723007989,277.50396529864156
0.25,0.35,0.4,8.0,0.006892431041343949,1.552685044745245,265.01194097183946
0.25,0.35,0.4,16.0,0.006425503048006337,1.5587884547668545,255.45774613491463
0.25,0.4,0.35,0.0,0.012352287681470883,1.5302903241990808,320.1124454655734
0.25,0.4,0.35,0.5,0.010455917934543452,1.5133856047174694,313.74956376785343
0.25,0.4,0.35,1.0,0.009564583968406707,1.558034769301446,302.9469323399764
0.25,0.4,0.35,2.0,0.008587371541734463,1.5898776549968705,290.5137742414293
0.25,0.4,0.35,4.0,0.007613706281279197,1.533768457761229,276.44594018621916
0.25,0.4,0.35,8.0,0.006798517998809753,1.5886955968282184,259.6062338746797
0.25,0.4,0.35,16.0,0.006434351698513784,1.610101975247775,255.95974989360525
0.25,0.45,0.3,0.0,0.012224091803939546,1.5898140212318486,323.10153757323536
0.25,0.45,0.3,0.5,0.010424793100540675,1.5176068369944797,310.3288392525872
0.25,0.45,0.3,1.0,0.00975409162699586,1.5266183939005051,300.76215728652136
0.25,0.45,0.3,2.0,0.008726707880987289,1.544290636750312,291.36194523014825
0.25,0.45,0.3,4.0,0.0076430853577725754,1.548336953382509,276.28334177385767
0.25,0.45,0.3,8.0,0.0068467378273928655,1.578832255462485,262.9809519480313
0.25,0.45,0.3,16.0,0.006316613461958994,1.630821806935474,252.87082071182556
0.25,0.5,0.25,0.0,0.012164881880996454,1.6240998457477265,322.97086324320674
0.25,0.5,0.25,0.5,0.01045575198200449,1.5884470962031603,315.9458760796302
0.25,0.5,0.25,1.0,0.009580979291781208,1.6086168547382549,301.635925180078
0.25,0.5,0.25,2.0,0.00845883666756911,1.5317400466876128,290.44225706154685
0.25,0.5,0.25,4.0,0.007655291162101302,1.630646713042669,273.97059144059057
0.25,0.5,0.25,8.0,0.006765608098221398,1.6476360172000362,263.06797676423895
0.25,0.5,0.25,16.0,0.00628306519477678,1.7044011783652235,253.0275486257474
0.25,0.55,0.2,0.0,0.012109178517759703,1.6517175308712935,325.6645378680356
0.25,0.55,0.2,0.5,0.010364712208920766,1.6236344012091488,310.4407755579839
0.25,0.55,0.2,1.0,0.009525453131603554,1.680237571265477,305.04383327055194
0.25,0.55,0.2,2.0,0.008498135301517896,1.6468199421775533,292.5667003720942
0.25,0.55,0.2,4.0,0.007565275052230802,1.6378038980277427,273.5129897930132
0.25,0.55,0.2,8.0,0.006758609236361335,1.645604838328053,261.94027447340227
0.25,0.55,0.2,16.0,0.006226414925571331,1.7368318249803412,254.60568602244498
0.25,0.6,0.15,0.0,0.011905826618689911,1.6615027051469162,319.5993766721893
0.25,0.6,0.15,0.5,0.010248409674873516,1.622991992005877,311.9190208190582
0.25,0.6,0.15,1.0,0.009441221421144655,1.6378102562956773,304.2997038789179
0.25,0.6,0.15,2.0,0.008392235375075602,1.718069156014506,291.93430675450514
0.25,0.6,0.15,4.0,0.007524912223549336,1.6448175006181358,275.5570715723199
0.25,0.6,0.15,8.0,0.006755731961696733,1.7065060263039067,260.54504287371054
0.25,0.6,0.15,16.0,0.006194820037661722,1.8372227633457336,255.37209351218044
0.25,0.65,0.1,0.0,0.01172798469083211,1.691756387382948,323.876743468441
0.25,0.65,0.1,0.5,0.01008688498166904,1.7594982551686045,312.8660938795885
0.25,0.65,0.1,1.0,0.00929272349691735,1.7736921327616837,303.16608816530834
0.25,0.65,0.1,2.0,0.008340975470757689,1.717696041729238,288.4825346512133
0.25,0.65,0.1,4.0,0.007553744097567616,1.6864333781604124,274.2589529714576
0.25,0.65,0.1,8.0,0.006808229715490683,1.7167139833255278,262.06604683098976
0.25,0.65,0.1,16.0,0.00605939978956183,1.9577669288730715,255.17985519454967
0.25,0.7,0.05,0.0,0.011562801006968217,1.7811365931274807,317.86141612580377
0.25,0.7,0.05,0.5,0.009984068403477086,1.7607664143401216,311.2882365923012
0.25,0.7,0.05,1.0,0.009251978894241083,1.7818415724449972,304.21101166840725
0.25,0.7,0.05,2.0,0.008207102528924738,1.8592021394819682,291.08298297123883
0.25,0.7,0.05,4.0,0.007419082044839167,1.8076226743915467,276.4993849242979
0.25,0.7,0.05,8.0,0.0067314611326212345,1.8653259697972426,264.7689084906653
0.25,0.7,0.05,16.0,0.006039891172332547,2.0562086026322013,253.96869023609293
0.25,0.75,0.0,0.0,0.011375861422230849,2.0179465779779755,316.98902810186263
0.25,0.75,0.0,0.5,0.010065353493885577,2.016697186480291,312.8575469116209
0.25,0.75,0.0,1.0,0.00919148700497992,1.9761346360391823,301.64963919296207
0.25,0.75,0.0,2.0,0.008255588655506907,1.952959552734799,291.81280331684746
0.25,0.75,0.0,4.0,0.0075208528862149545,1.9389009865199067,278.3202579264179
0.25,0.75,0.0,8.0,0.006688899661025541,2.0038411256582482,267.2254514580092
0.25,0.75,0.0,16.0,0.00605068525483909,2.2856706359712007,257.6041928900401
0.3,0.0,0.7,0.0,0.011730569381581119,1.4878902644813374,345.43547618143566
0.3,0.0,0.7,0.5,0.010728157987441561,1.483585556491689,336.08885646545167
0.3,0.0,0.7,1.0,0.010361516242927157,1.520936129092984,325.4540603891422
0.3,0.0,0.7,2.0,0.00920466204720067,1.532694784259638,320.2583063352213
0.3,0.0,0.7,4.0,0.008641076100417118,1.5109302912878146,308.6495804421066
0.3,0.0,0.7,8.0,0.007994942510575115,1.4763283055250296,294.4214608113936
0.3,0.0,0.7,16.0,0.007571274180618963,1.4830203970643268,285.66505623124283
0.3,0.05,0.65,0.0,0.011618475898248742,1.5182876965941823,325.04500582966403
0.3,0.05,0.65,0.5,0.010501396422201256,1.4596137784091716,318.92661540833666
0.3,0.05,0.65,1.0,0.009793032212046736,1.4620647089407537,313.11143265040005
0.3,0.05,0.65,2.0,0.00871064562455229,1.516997652703293,304.43869380506953
0.3,0.05,0.65,4.0,0.00787108545392533,1.425050915050135,293.5997763958044
0.3,0.05,0.65,8.0,0.0071673361555064236,1.4988893053389436,281.131924033748
0.3,0.05,0.65,16.0,0.006651725007318666,1.492726389141298,271.78666760416985
0.3,0.1,0.6,0.0,0.011733859174548633,1.4548121802639689,327.20255215359555
0.3,0.1,0.6,0.5,0.010283237542374682,1.4949159152735059,320.37390687182807
0.3,0.1,0.6,1.0,0.009694678640595323,1.4572628083724621,310.83756101421324
0.3,0.1,0.6,2.0,0.008442604734503163,1.4954210434461348,296.3956730611539
0.3,0.1,0.6,4.0,0.007601478932009954,1.478714830695236,286.1567950549152
0.3,0.1,0.6,8.0,0.006984117070211265,1.4518896026371841,277.9740291131572
0.3,0.1,0.6,16.0,0.006609561041545541,1.5000053431336788,265.61953051161566
0.3,0.15,0.55,0.0,0.012086158760364764,1.5221205848006927,327.2366444575005
0.3,0.15,0.55,0.5,0.01022603878260951,1.4916707197865027,317.4599322473969
0.3,0.15,0.55,1.0,0.009360817896932605,1.5048368233113945,307.45792587382704
0.3,0.15,0.55,2.0,0.008473460245033117,1.4832676465273167,298.6379777917294
0.3,0.15,0.55,4.0,0.0076904057788444195,1.4743623556482222,285.80032795811695
0.3,0.15,0.55,8.0,0.007013836362479819,1.4949015261491951,274.53288484537893
0.3,0.15,0.55,16.0,0.006420769546453801,1.5194727635177,262.6964739083344
0.3,0.2,0.5,0.0,0.012348828918697893,1.5093738352018546,324.7031278029125
0.3,0.2,0.5,0.5,0.010232256227497,1.5493507028864624,316.220170994377
0.3,0.2,0.5,1.0,0.009563903172574571,1.5270136716282778,308.8819107555039
0.3,0.2,0.5,2.0,0.0084975673171451,1.4736542981936882,296.08670377217663
0.3,0.2,0.5,4.0,0.00757940373990842,1.497295748117325,284.1518810787857
0.3,0.2,0.5,8.0,0.006924008073557335,1.4867242146527861,271.65901476282625
0.3,0.2,0.5,16.0,0.0064462018973563484,1.5012290811782123,263.84893429203925
0.3,0.25,0.45,0.0,0.012246599721348074,1.5234235713191617,322.5119417751453
0.3,0.25,0.45,0.5,0.010404080712765724,1.5413762406709763,316.639946656562
0.3,0.25,0.45,1.0,0.009536590022474119,1.5269663785655345,308.17204353080325
0.3,0.25,0.45,2.0,0.008509441042988388,1.4759868079928957,293.9037729491847
0.3,0.25,0.45,4.0,0.007665862908002125,1.5307275440805566,283.12476022019644
0.3,0.25,0.45,8.0,0.006900201104647764,1.5128721431324266,272.1562726528444
0.3,0.25,0.45,16.0,0.006434707009888103,1.5614711852131256,260.72659601552664
0.3,0.3,0.4,0.0,0.01235533779774868,1.567458152216485,320.07250808783937
0.3,0.3,0.4,0.5,0.010433803353667647,1.5487884144087,313.3555325796923
0.3,0.3,0.4,1.0,0.009527270967363314,1.5704792535869005,305.81352538568075
0.3,0.3,0.4,2.0,0.008486513497489353,1.5395631519227357,290.9733750989274
0.3,0.3,0.4,4.0,0.007549514711896612,1.5346193843808926,282.00249802661295
0.3,0.3,0.4,8.0,0.006909290411835643,1.4916835433861344,267.05846394917984
0.3,0.3,0.4,16.0,0.0064277208784661475,1.5436417571301855,256.0214084017116
0.3,0.35,0.35,0.0,0.012150215179908094,1.5363020029059573,321.24084694169505
0.3,0.35,0.35,0.5,0.010517891972060468,1.5419931275518621,316.26514028316774
0.3,0.35,0.35,1.0,0.009416460949780568,1.5256520894049637,304.197004365451
0.3,0.35,0.35,2.0,0.00838122684894642,1.5645845903254063,289.6353926440928
0.3,0.35,0.35,4.0,0.007626276966578729,1.5564020996688592,277.42942534547996
0.3,0.35,0.35,8.0,0.00689984366171456,1.531106964666197,264.6303620991204
0.3,0.35,0.35,16.0,0.006429554114489329,1.5979466883714064,254.41712148747578
0.3,0.4,0.3,0.0,0.012050419360927093,1.5333411318875398,322.36631150394527
0.3,0.4,0.3,0.5,0.01029029308701821,1.5541455532163508,313.70616852562483
0.3,0.4,0.3,1.0,0.009445703334184189,1.527388026218193,302.6533261594488
0.3,0.4,0.3,2.0,0.008383876096508319,1.4997203057818123,289.8630825277713
0.3,0.4,0.3,4.0,0.0076000831258437665,1.5277728106211488,275.59060262668515
0.3,0.4,0.3,8.0,0.006809582019591233,1.547954658640899,265.1424498382425
0.3,0.4,0.3,16.0,0.006346570544637427,1.6165110030367067,252.47232885975959
0.3,0.45,0.25,0.0,0.011826154892300123,1.5692040804797018,324.264419619359
0.3,0.45,0.25,0.5,0.01027366779527667,1.5521039358097959,310.8251706847679
0.3,0.45,0.25,1.0,0.00945724964558767,1.508832571714975,301.79864460256067
0.3,0.45,0.25,2.0,0.008440268793894395,1.5458055419427785,291.8106211341298
0.3,0.45,0.25,4.0,0.007459225492841921,1.58353605692576,276.05844886687015
0.3,0.45,0.25,8.0,0.006827906031743787,1.5968539971742344,264.28915978211296
0.3,0.45,0.25,16.0,0.006358650294042382,1.6948311323129275,253.72628515468583
0.3,0.5,0.2,0.0,0.011933344167510502,1.6198784556098864,327.7598271238566
0.3,0.5,0.2,0.5,0.010296401736823354,1.6200569567418788,311.44394992689746
0.3,0.5,0.2,1.0,0.009437998079287524,1.6270657784950588,303.70213030613826
0.3,0.5,0.2,2.0,0.008422865547110357,1.5986757129898457,291.71581377274134
0.3,0.5,0.2,4.0,0.007539065378780876,1.5784976294074797,277.45566644553907
0.3,0.5,0.2,8.0,0.006682079719227729,1.6179710216797603,261.24274929299486
0.3,0.5,0.2,16.0,0.006188916603131814,1.7070236439491555,254.26153605385062
0.3,0.55,0.15,0.0,0.011954885688425239,1.6689007393600293,324.3046082629724
0.3,0.55,0.15,0.5,0.010144235383559172,1.6466537714985907,310.7390817777485
0.3,0.55,0.15,1.0,0.009409472510875637,1.6518992361755152,303.9822295633318
0.3,0.55,0.15,2.0,0.008346850683479035,1.621899569535764,291.96406660532796
0.3,0.55,0.15,4.0,0.007507461910024685,1.6372828299801736,275.37717164164195
0.3,0.55,0.15,8.0,0.006770918831844011,1.6669496705254032,261.2636659843568
0.3,0.55,0.15,16.0,0.006139852826866128,1.779400976464979,254.6491813851093
0.3,0.6,0.1,0.0,0.011719618241202502,1.7005481675067873,324.99189113575693
0.3,0.6,0.1,0.5,0.010194916653401633,1.688821662062195,309.94757416315775
0.3,0.6,0.1,1.0,0.00928405655623857,1.665617861834173,301.5376370117934
0.3,0.6,0.1,2.0,0.008273734782325876,1.6458841457949565,291.7369198973211
0.3,0.6,0.1,4.0,0.007474470102116884,1.6971280736459615,276.56972764772235
0.3,0.6,0.1,8.0,0.006630815343082858,1.737259218184328,262.76819975811685
0.3,0.6,0.1,16.0,0.006060381534633635,1.8309547094287026,255.27624664497208
0.3,0.65,0.05,0.0,0.011596921253676529,1.8029018127055185,318.47034326835427
0.3,0.65,0.05,0.5,0.009938784602239566,1.7891500595061196,309.96326766923016
0.3,0.65,0.05,1.0,0.009070942111463514,1.740875829987524,301.17137216529864
0.3,0.65,0.05,2.0,0.00829155694239996,1.7838856070792124,290.1921272237526
0.3,0.65,0.05,4.0,0.007305631189730291,1.7543455062845237,276.39016280320584
0.3,0.65,0.05,8.0,0.0065945448524215395,1.775320914037488,263.48203330118696
0.3,0.65,0.05,16.0,0.006085621904686513,1.91352998467101,256.66250266776575
0.3,0.7,0.0,0.0,0.011663554463770253,1.916603056473275,322.3393980172172
0.3,0.7,0.0,0.5,0.00994823843425707,1.8485699403901048,312.0928025949257
0.3,0.7,0.0,1.0,0.009219543265226617,1.8889736334022393,304.875936379635
0.3,0.7,0.0,2.0,0.008177273950267067,1.88991842000603,292.6051876588795
0.3,0.7,0.0,4.0,0.007340875593135143,1.8520652874605412,275.6999738657601
0.3,0.7,0.0,8.0,0.006592379564389211,1.9369537019826628,265.96456760264317
0.3,0.7,0.0,16.0,0.005948864809858092,2.1142940672551975,255.95139041272833
0.35,0.0,0.65,0.0,0.011979493339143143,1.4695674777968055,346.78869828397654
0.35,0.0,0.65,0.5,0.01080547924162023,1.4673091327435583,332.9463860717597
0.35,0.0,0.65,1.0,0.010302028682946406,1.5178076240012037,329.51038012014413
0.35,0.0,0.65,2.0,0.009289492871607264,1.509582003251291,318.6545056226882
0.35,0.0,0.65,4.0,0.008589079544682356,1.4841169058840886,306.2303983234086
0.35,0.0,0.65,8.0,0.00787932689708642,1.5041808304536055,292.45915665541435
0.35,0.0,0.65,16.0,0.007413763926960981,1.4863536104187718,283.38173604751745
0.35,0.05,0.6,0.0,0.011691552344955225,1.4638122703840797,330.02382132806156
0.35,0.05,0.6,0.5,0.010551803485308727,1.496831437671452,321.5499801305779
0.35,0.05,0.6,1.0,0.009845845325338762,1.447134899040991,314.90284298882835
0.35,0.05,0.6,2.0,0.00857321834644678,1.4914555219423942,303.0137037614365
0.35,0.05,0.6,4.0,0.007974796310576899,1.4463600109650454,294.4711260841679
0.35,0.05,0.6,8.0,0.007140868248258627,1.4511475770751192,283.2250530785297
0.35,0.05,0.6,16.0,0.006461145295652143,1.4878951777761416,271.8068042458755
0.35,0.1,0.55,0.0,0.011920855766518143,1.481679656713392,329.09395558690045
0.35,0.1,0.55,0.5,0.010230287303020369,1.473447254143725,319.69669498371275
0.35,0.1,0.55,1.0,0.009599010477076871,1.4807533159647692,309.9505262511602
0.35,0.1,0.55,2.0,0.008514139137406883,1.4470707383360686,300.156072414708
0.35,0.1,0.55,4.0,0.0075651265153107395,1.418305134893197,286.99014990688715
0.35,0.1,0.55,8.0,0.0069350298304189,1.5270865802078533,275.4444674746416
0.35,0.1,0.55,16.0,0.0065498737098745,1.517935295319275,266.09209781992814
0.35,0.15,0.5,0.0,0.011766472428010122,1.4845254802635985,326.316353257652
0.35,0.15,0.5,0.5,0.010281005340758764,1.4658655166854142,315.36781147629773
0.35,0.15,0.5,1.0,0.009455342113760153,1.5195198045152756,306.664342514143
0.35,0.15,0.5,2.0,0.00829051730737417,1.5064237965605465,296.394499233279
0.35,0.15,0.5,4.0,0.007537721495639174,1.4538255784121337,284.88734214857925
0.35,0.15,0.5,8.0,0.006980613831281839,1.4467987893247072,274.96097947113975
0.35,0.15,0.5,16.0,0.006460734838839497,1.5168232883289055,261.5122756757274
0.35,0.2,0.45,0.0,0.011882332091434961,1.5118896793453562,325.5568285443184
0.35,0.2,0.45,0.5,0.01023292759993212,1.5275337929840604,315.23343304093424
0.35,0.2,0.45,1.0,0.009314613162465716,1.5131895840197895,305.95078454427755
0.35,0.2,0.45,2.0,0.008500617595125376,1.4814029427422242,293.1111360000851
0.35,0.2,0.45,4.0,0.007500849166943273,1.494310155182233,283.0586664723639
0.35,0.2,0.45,8.0,0.006897936415406162,1.5125865629711583,272.7372859904433
0.35,0.2,0.45,16.0,0.0063178247249267286,1.535213674337143,260.7487616764809
0.35,0.25,0.4,0.0,0.012296058776344043,1.498370862806608,322.13167500790524
0.35,0.25,0.4,0.5,0.010295268650098452,1.5246097061692125,314.76937827730575
0.35,0.25,0.4,1.0,0.009464956687816497,1.5460915644831388,306.81985092545307
0.35,0.25,0.4,2.0,0.008424568741435842,1.5412053792135822,292.478029561297
0.35,0.25,0.4,4.0,0.007489466387497643,1.485281190256315,281.99107167707456
0.35,0.25,0.4,8.0,0.006892907286264952,1.5111811271977527,274.0680508586665
0.35,0.25,0.4,16.0,0.006307442537691217,1.5502852755181848,260.4527159929373
0.35,0.3,0.35,0.0,0.012157646391199954,1.5603381519968584,324.5227803676903
0.35,0.3,0.35,0.5,0.010557587320357683,1.5555999154904487,314.038663764619
0.35,0.3,0.35,1.0,0.009472731597947462,1.5067360719251528,305.2841287212559
0.35,0.3,0.35,2.0,0.0084962009717556,1.5325624037786938,291.24577326947923
0.35,0.3,0.35,4.0,0.007611493558066461,1.5085712686910535,281.54448517820754
0.35,0.3,0.35,8.0,0.006828602836144862,1.5297738085048598,270.9376151132681
0.35,0.3,0.35,16.0,0.006306230575113467,1.5513287359399117,260.71423056561366
0.35,0.35,0.3,0.0,0.012012868147963757,1.537301101353406,319.48206463268485
0.35,0.35,0.3,0.5,0.010475616173256737,1.5504277187984108,313.37051832175484
0.35,0.35,0.3,1.0,0.009500743001625999,1.4916042233347966,305.8703916497137
0.35,0.35,0.3,2.0,0.008452141384650688,1.5078694318043648,291.47703556423403
0.35,0.35,0.3,4.0,0.00749655896121607,1.5294457538794592,279.9801392962508
0.35,0.35,0.3,8.0,0.0067628738188563525,1.561491994393884,264.9388720199798
0.35,0.35,0.3,16.0,0.006352270911803816,1.577440255426146,255.44742734293564
0.35,0.4,0.25,0.0,0.011876777244380195,1.5235808534595314,323.88645057684454
0.35,0.4,0.25,0.5,0.010524776194306173,1.50045397304732,311.8196132682594
0.35,0.4,0.25,1.0,0.009445911332737351,1.5066820227939477,304.0946356051841
0.35,0.4,0.25,2.0,0.008258512275310334,1.5086399471970353,289.7030256232386
0.35,0.4,0.25,4.0,0.007624277310987971,1.508722755850237,278.9582390081023
0.35,0.4,0.25,8.0,0.006780138690261159,1.550210338456696,265.59954606013713
0.35,0.4,0.25,16.0,0.0062978011099875915,1.6326869281030418,254.11380750338864
0.35,0.45,0.2,0.0,0.012027664154225423,1.5796479242631811,323.31808143831023
0.35,0.45,0.2,0.5,0.010246683833048805,1.5997634678974324,311.22371878687176
0.35,0.45,0.2,1.0,0.00929694239935903,1.5467268401425234,301.53901714192403
0.35,0.45,0.2,2.0,0.008386565126188477,1.5232689451982075,292.56297229645975
0.35,0.45,0.2,4.0,0.007475750066643932,1.5601112855404715,279.4966484988685
0.35,0.45,0.2,8.0,0.006715828855063967,1.5583795121906696,261.71154773215704
0.35,0.45,0.2,16.0,0.006258885653595104,1.6579069710979646,254.34279547196192
0.35,0.5,0.15,0.0,0.01181918634611964,1.6347094175663581,325.20789281039515
0.35,0.5,0.15,0.5,0.010102415259724632,1.659639158759991,313.03296257950086
0.35,0.5,0.15,1.0,0.009350426792452396,1.644390003978638,305.01750446636504
0.35,0.5,0.15,2.0,0.008338057094140173,1.553133830883162,291.9967684262881
0.35,0.5,0.15,4.0,0.007315287806646548,1.5797081283948087,275.9689815378047
0.35,0.5,0.15,8.0,0.006675104193778598,1.6599659241817832,261.2555800335311
0.35,0.5,0.15,16.0,0.006285940941494538,1.6830174921700973,255.99696053040623
0.35,0.55,0.1,0.0,0.011844542283714775,1.6163017523936982,321.0953842392202
0.35,0.55,0.1,0.5,0.009961682695128692,1.5932757944472,312.6792783628361
0.35,0.55,0.1,1.0,0.009056233267229501,1.6381766319737328,303.1143345696704
0.35,0.55,0.1,2.0,0.00827024287403103,1.6149562084495075,293.3622429635937
0.35,0.55,0.1,4.0,0.007252802778009833,1.6512610301659503,274.49216800944635
0.35,0.55,0.1,8.0,0.006644061844868807,1.685800926313808,262.6117207363652
0.35,0.55,0.1,16.0,0.0062480224383493765,1.81192047870214,258.5722329818058
0.35,0.6,0.05,0.0,0.012024099184440936,1.7165091650461228,323.9470876360155
0.35,0.6,0.05,0.5,0.010040544958991489,1.715898761987141,311.31680988239196
0.35,0.6,0.05,1.0,0.009059271649340688,1.6984495824452381,305.73235600339075
0.35,0.6,0.05,2.0,0.008217064826118855,1.6794870125190426,292.6830461190804
0.35,0.6,0.05,4.0,0.007291866134717631,1.7188815301997595,277.5348881799889
0.35,0.6,0.05,8.0,0.006625903411808184,1.7413331980549458,263.72187264917926
0.35,0.6,0.05,16.0,0.0061777581239085165,1.9052186697004145,258.0734758353763
0.35,0.65,0.0,0.0,0.011876619659942777,1.8208952041327457,318.9240357739369
0.35,0.65,0.0,0.5,0.010032530420852438,1.8181520611977504,311.3987140821791
0.35,0.65,0.0,1.0,0.009197423031641123,1.7964112689232345,304.07366179975855
0.35,0.65,0.0,2.0,0.008174643003810185,1.7755566558929317,292.20864445205524
0.35,0.65,0.0,4.0,0.007276481057105269,1.813360198875846,276.21525086655225
0.35,0.65,0.0,8.0,0.006533136653367487,1.8827088063550956,267.10786451661085
0.35,0.65,0.0,16.0,0.006017695164453894,2.0041939244527147,262.11603331864376
0.4,0.0,0.6,0.0,0.01172044096451641,1.4884946881852672,349.4722915407888
0.4,0.0,0.6,0.5,0.010902392031491251,1.4594308468918447,333.6837019796788
0.4,0.0,0.6,1.0,0.010291486301358623,1.46689993639196,327.566496843653
0.4,0.0,0.6,2.0,0.009165057301311442,1.4910903082145268,318.7696404241262
0.4,0.0,0.6,4.0,0.00852253861246032,1.5098541483871741,305.03480360202025
0.4,0.0,0.6,8.0,0.007865692739614646,1.4829633716656663,290.82108919831575
0.4,0.0,0.6,16.0,0.007375447889524045,1.4992129237910803,281.6677819173363
0.4,0.05,0.55,0.0,0.011551985711639344,1.4584995628458486,329.26415603929144
0.4,0.05,0.55,0.5,0.010344474001081906,1.467317582390147,321.55064542404904
0.4,0.05,0.55,1.0,0.009756511890357167,1.4712904593483997,315.0060108499822
0.4,0.05,0.55,2.0,0.008508422888840038,1.4513210620336512,303.3976954727493
0.4,0.05,0.55,4.0,0.007821590909418613,1.4681008213078435,294.9973325709894
0.4,0.05,0.55,8.0,0.007096842500636135,1.4900678129692715,282.65083121836483
0.4,0.05,0.55,16.0,0.006485556808496457,1.4503707131936745,271.86410138478044
0.4,0.1,0.5,0.0,0.011862392029947431,1.5391936189869415,326.250562922974
0.4,0.1,0.5,0.5,0.010243106547104931,1.5099873590839643,319.0789698733017
0.4,0.1,0.5,1.0,0.009410062224054168,1.5062393877883924,309.28052937786754
0.4,0.1,0.5,2.0,0.008369175256477507,1.4626186881626542,299.59246227825724
0.4,0.1,0.5,4.0,0.007603371084488861,1.4643740577932185,286.5518133185847
0.4,0.1,0.5,8.0,0.0069324762296877175,1.4663196702630374,274.93039869238527
0.4,0.1,0.5,16.0,0.006438326407193308,1.4821460539760405,266.58116020127153
0.4,0.15,0.45,0.0,0.012003368640179759,1.4686022375187404,328.5848248949067
0.4,0.15,0.45,0.5,0.010066828504325675,1.4730682819545684,319.10960348073155
0.4,0.15,0.45,1.0,0.009563523263175147,1.4382110201312297,306.33612880110485
0.4,0.15,0.45,2.0,0.008401637007836273,1.4408911821009471,295.5996319815761
0.4,0.15,0.45,4.0,0.007447622261137411,1.5147658092046248,280.5875186594996
0.4,0.15,0.45,8.0,0.006857995265241581,1.4808611627610624,273.5536770355722
0.4,0.15,0.45,16.0,0.006304131701300556,1.489357037617925,261.641936690392
0.4,0.2,0.4,0.0,0.011887250018392475,1.4995815788933504,326.25658647566746
0.4,0.2,0.4,0.5,0.010234569054469926,1.547058853725326,314.78998978517126
0.4,0.2,0.4,1.0,0.009266970227406619,1.5064269908956698,304.0030046484456
0.4,0.2,0.4,2.0,0.008397860999956604,1.5148048576084372,294.87411576478115
0.4,0.2,0.4,4.0,0.007398421610601252,1.4835491580175801,279.3243247589949
0.4,0.2,0.4,8.0,0.006963425916472532,1.5162907005799147,270.7336598780485
0.4,0.2,0.4,16.0,0.006183373945055449,1.5224127104425484,259.68092749902553
0.4,0.25,0.35,0.0,0.011859919630734565,1.50261695757028,325.14399272310527
0.4,0.25,0.35,0.5,0.010192758779155653,1.547385345114968,312.4749421547858
0.4,0.25,0.35,1.0,0.009367254241464706,1.5097538571716063,306.42696356580683
0.4,0.25,0.35,2.0,0.008376465692847562,1.5470762917253886,289.7281725538151
0.4,0.25,0.35,4.0,0.0074187036602672216,1.4890449153531808,280.6588962826158
0.4,0.25,0.35,8.0,0.0067534213812547395,1.49709268243579,272.596652795886
0.4,0.25,0.35,16.0,0.006262442100398761,1.6024572109316193,259.896281671185
0.4,0.3,0.3,0.0,0.01228162275256156,1.5496754125434318,324.90689094058047
0.4,0.3,0.3,0.5,0.010208322949116291,1.5082001362537152,313.73878373616475
0.4,0.3,0.3,1.0,0.009440790090799246,1.493496834951957,305.8483605268511
0.4,0.3,0.3,2.0,0.008331060640921338,1.4929319258210285,291.266330490884
0.4,0.3,0.3,4.0,0.007515686635239217,1.5334041343785192,281.09992727162694
0.4,0.3,0.3,8.0,0.006761313573781187,1.5104461247263183,271.73429248631186
0.4,0.3,0.3,16.0,0.006246515600512048,1.5928984628591163,259.4848604239442
0.4,0.35,0.25,0.0,0.012176318382237442,1.5162794607726664,323.84578113278434
0.4,0.35,0.25,0.5,0.01042930520876452,1.5045582120597374,314.80758726322006
0.4,0.35,0.25,1.0,0.009330392874574092,1.5333785360388212,305.8898608429261
0.4,0.35,0.25,2.0,0.008327801364845124,1.4862324220250827,293.10136682004304
0.4,0.35,0.25,4.0,0.007478115318407807,1.5078986391810414,281.5063995541213
0.4,0.35,0.25,8.0,0.00672411502883137,1.5664851855817081,267.4269937825055
0.4,0.35,0.25,16.0,0.006308628716593587,1.5737034183933718,254.3458843455252
0.4,0.4,0.2,0.0,0.012066896198269278,1.5624467066296404,323.4223392242723
0.4,0.4,0.2,0.5,0.010424796801077585,1.5307517667790371,314.52390854147035
0.4,0.4,0.2,1.0,0.009269241532328826,1.5411965868104807,303.5920143057654
0.4,0.4,0.2,2.0,0.008325078145405609,1.4899960331927609,292.3168355001801
0.4,0.4,0.2,4.0,0.007264064735155716,1.5511805515196535,280.8598018660628
0.4,0.4,0.2,8.0,0.006631958196288763,1.549475946758019,265.9623517653826
0.4,0.4,0.2,16.0,0.006338036013785919,1.5787511076302252,255.9731268272013
0.4,0.45,0.15,0.0,0.0118788068281091,1.579832381840099,322.3892657791152
0.4,0.45,0.15,0.5,0.010221964166771624,1.5606344823977747,314.1198025931487
0.4,0.45,0.15,1.0,0.009164753701521205,1.5897345212736755,302.1814019101235
0.4,0.45,0.15,2.0,0.008338748474942212,1.5485804198805635,293.0853366435418
0.4,0.45,0.15,4.0,0.00725667063434248,1.565232804221872,280.530050840255
0.4,0.45,0.15,8.0,0.006612899908251376,1.636282378232159,265.4256911429298
0.4,0.45,0.15,16.0,0.00631843027088221,1.7008426673235864,257.7484355186703
0.4,0.5,0.1,0.0,0.012030071439195001,1.5806099267957867,325.38332315201757
0.4,0.5,0.1,0.5,0.01005053693408902,1.6357529841676068,313.3833407373774
0.4,0.5,0.1,1.0,0.008963619490883134,1.606707294156167,302.34341257568
0.4,0.5,0.1,2.0,0.0082193779154938,1.5997406382792825,292.5428916922702
0.4,0.5,0.1,4.0,0.007348886873504335,1.6174092077083289,278.1671764115852
0.4,0.5,0.1,8.0,0.006532924135650174,1.6725309118754457,264.0462638608551
0.4,0.5,0.1,16.0,0.0061830147503660225,1.757770743836639,258.1583175562496
0.4,0.55,0.05,0.0,0.011937596017542606,1.6720187171733105,324.27186480031935
0.4,0.55,0.05,0.5,0.010091586681968003,1.697763455583879,311.90294859256295
0.4,0.55,0.05,1.0,0.009087444548903563,1.669301614187389,302.8476531188045
0.4,0.55,0.05,2.0,0.008156936346891033,1.6679083354115825,290.2823546706308
0.4,0.55,0.05,4.0,0.007278498900181708,1.7116455703402254,276.5031424291108
0.4,0.55,0.05,8.0,0.006552269793408043,1.702602532185798,264.41661105445195
0.4,0.55,0.05,16.0,0.006178550378235178,1.8121273137885126,257.0186315592542
0.4,0.6,0.0,0.0,0.011724290251273762,1.7654271846251008,324.34417257404783
0.4,0.6,0.0,0.5,0.010108780767523926,1.727273732686676,313.3134752174488
0.4,0.6,0.0,1.0,0.009243794297790547,1.810095737937818,303.3680443946948
0.4,0.6,0.0,2.0,0.008122380542689699,1.7021099956597965,293.80550614862665
0.4,0.6,0.0,4.0,0.0072148052465965395,1.7255760101796807,276.1988223050248
0.4,0.6,0.0,8.0,0.006536894728334378,1.7940327024841316,263.5821985450925
0.4,0.6,0.0,16.0,0.006019770754052895,1.9813757411948725,256.4699310831075
0.45,0.0,0.55,0.0,0.011693331303711885,1.5195336504645756,343.0264645999776
0.45,0.0,0.55,0.5,0.01082486858496926,1.44523285477941,332.90914494853695
0.45,0.0,0.55,1.0,0.010369948859381051,1.465993065060174,328.5393287823119
0.45,0.0,0.55,2.0,0.009131281156905036,1.4913414644623888,312.9516779131857
0.45,0.0,0.55,4.0,0.008521878585128031,1.4990291916203555,302.7305323318723
0.45,0.0,0.55,8.0,0.007886501775128849,1.4949818621605153,289.5442470590007
0.45,0.0,0.55,16.0,0.0072838909312699825,1.4620189432758812,279.2285073790046
0.45,0.05,0.5,0.0,0.011626331498207637,1.509650362901965,328.1666872702128
0.45,0.05,0.5,0.5,0.010286587758339719,1.5102971476214313,321.3927652774164
0.45,0.05,0.5,1.0,0.009607007693485015,1.5050373652486781,314.63803265388304
0.45,0.05,0.5,2.0,0.008551871553078016,1.4725105116946489,304.57405744449625
0.45,0.05,0.5,4.0,0.007818661535465406,1.4428240714926328,294.24243176008287
0.45,0.05,0.5,8.0,0.007039762134964743,1.4786105259672144,283.07218329576875
0.45,0.05,0.5,16.0,0.006461103698143928,1.5279975937476913,269.98455903886133
0.45,0.1,0.45,0.0,0.01173668399627012,1.4882698869018254,330.8725161104724
0.45,0.1,0.45,0.5,0.010312017097426435,1.5018503420088243,316.4804419644858
0.45,0.1,0.45,1.0,0.009522376940086853,1.532985700111756,306.0104200295719
0.45,0.1,0.45,2.0,0.00852974533024474,1.4422018661628144,299.52117381743375
0.45,0.1,0.45,4.0,0.007492433775254856,1.46290248362979,285.90594274629206
0.45,0.1,0.45,8.0,0.006805606454468423,1.5014747963164143,273.94466779866246
0.45,0.1,0.45,16.0,0.00637140382261011,1.4963043219529368,266.0305497828669
0.45,0.15,0.4,0.0,0.011796017667770999,1.4955304179143518,327.8703877790359
0.45,0.15,0.4,0.5,0.01026290927283404,1.444810401533519,316.62953072197985
0.45,0.15,0.4,1.0,0.009564924784729674,1.4626936431145205,308.10866538701083
0.45,0.15,0.4,2.0,0.008244370793820283,1.4718652568460875,293.3258444950399
0.45,0.15,0.4,4.0,0.007386693192828905,1.457959390510264,283.7899669107794
0.45,0.15,0.4,8.0,0.006769629047329998,1.4812352512900937,272.3755126151031
0.45,0.15,0.4,16.0,0.006332505899795393,1.4691781237202608,261.82560407734303
0.45,0.2,0.35,0.0,0.012006130458654863,1.4985270969691313,325.1672238806578
0.45,0.2,0.35,0.5,0.010337433196655886,1.4680582847743713,316.3194635853999
0.45,0.2,0.35,1.0,0.009298458097439585,1.4906802802691306,303.6722561502187
0.45,0.2,0.35,2.0,0.008231180381709557,1.5264663304589574,292.3367527687387
0.45,0.2,0.35,4.0,0.007356048017196081,1.4754786672565012,281.0901303357087
0.45,0.2,0.35,8.0,0.006810107410704101,1.4827424967536524,271.5225235402407
0.45,0.2,0.35,16.0,0.0062609266552827,1.566148341295828,260.4319756193219
0.45,0.25,0.3,0.0,0.011844828829016163,1.5002438256883786,322.62295718046147
0.45,0.25,0.3,0.5,0.010300163009234952,1.5248387093845057,316.5537092104355
0.45,0.25,0.3,1.0,0.009308922617759757,1.5393259919981712,303.89331134885043
0.45,0.25,0.3,2.0,0.008202908676011944,1.5285266472416605,290.8925103327303
0.45,0.25,0.3,4.0,0.007365849924598555,1.4684941648151153,281.3595789401174
0.45,0.25,0.3,8.0,0.006668544836691832,1.5062772088753362,270.3710815705443
0.45,0.25,0.3,16.0,0.0062018430975339075,1.5548033032674962,259.82992246033103
0.45,0.3,0.25,0.0,0.012123007969071878,1.5255438672462844,322.4898253604294
0.45,0.3,0.25,0.5,0.01008040458299922,1.5579684826410165,315.5244970240055
0.45,0.3,0.25,1.0,0.00935869683211251,1.5042622683656308,306.70527740053967
0.45,0.3,0.25,2.0,0.008260665275189824,1.463226855248602,292.81188645737933
0.45,0.3,0.25,4.0,0.007388745116578721,1.5174113957208852,280.5630011190987
0.45,0.3,0.25,8.0,0.006718053617335742,1.4971049140007582,270.20344815504
0.45,0.3,0.25,16.0,0.00626449481106988,1.6296568414997477,260.57347202960267
0.45,0.35,0.2,0.0,0.012069858484636806,1.500750213039584,325.58689790884245
0.45,0.35,0.2,0.5,0.010170008962104566,1.5465511505868286,313.27904964727827
0.45,0.35,0.2,1.0,0.009337228835389304,1.5013737658875475,303.522213555372
0.45,0.35,0.2,2.0,0.008226690707449904,1.536952642751676,294.59778061506194
0.45,0.35,0.2,4.0,0.007422818087337312,1.5402435533667618,281.8166788339342
0.45,0.35,0.2,8.0,0.006647817524374942,1.5791579450338222,270.4089656913907
0.45,0.35,0.2,16.0,0.006281316512109667,1.609835644662083,260.2313169044052
0.45,0.4,0.15,0.0,0.012055235365493614,1.5674221904250458,325.64633424449335
0.45,0.4,0.15,0.5,0.010307454711263347,1.5355813187529723,317.5398134744698
0.45,0.4,0.15,1.0,0.00903364141808115,1.5649314974639739,304.3321668879111
0.45,0.4,0.15,2.0,0.008138838701601332,1.5200988128945887,294.5059804163857
0.45,0.4,0.15,4.0,0.00731453750499475,1.507842689019477,281.7648731226279
0.45,0.4,0.15,8.0,0.006562190930467768,1.5656093660818726,266.6381458391141
0.45,0.4,0.15,16.0,0.0062343467652143944,1.6188313412752062,256.6804884352825
0.45,0.45,0.1,0.0,0.012153664946608411,1.6207023553529822,328.8963684417616
0.45,0.45,0.1,0.5,0.010138393661256068,1.5816284015765332,313.6934603252185
0.45,0.45,0.1,1.0,0.009090549024794328,1.6022699523285393,304.8045661671662
0.45,0.45,0.1,2.0,0.00808386057251592,1.5993143280052813,293.9117957036968
0.45,0.45,0.1,4.0,0.007244329484498441,1.5723890274976455,281.2316887463608
0.45,0.45,0.1,8.0,0.0064655882977703695,1.602757430765993,266.64465092088096
0.45,0.45,0.1,16.0,0.006177141248925655,1.7201436073759837,255.28790504270873
0.45,0.5,0.05,0.0,0.011752602828481515,1.62314504090616,321.05087287327495
0.45,0.5,0.05,0.5,0.010192678408853585,1.6237987773214584,315.467436675956
0.45,0.5,0.05,1.0,0.00905072595944046,1.6411696239145972,305.1410836332628
0.45,0.5,0.05,2.0,0.008159166026522162,1.647675669936686,292.0751516679711
0.45,0.5,0.05,4.0,0.0071446336523935325,1.6461303176330322,278.59854817511797
0.45,0.5,0.05,8.0,0.006451366093746431,1.669155854836016,267.6681873883679
0.45,0.5,0.05,16.0,0.00611976842684045,1.816835293994733,257.5515170093299
0.45,0.55,0.0,0.0,0.01180324493165077,1.7094494390181405,323.2104760925746
0.45,0.55,0.0,0.5,0.010181068335498865,1.7141146852459463,312.0525921577461
0.45,0.55,0.0,1.0,0.00922331765153802,1.7160310061020538,306.14198171671563
0.45,0.55,0.0,2.0,0.008228361846671146,1.7184393784613488,294.0556155652179
0.45,0.55,0.0,4.0,0.00717202022076658,1.7474296126198114,277.96832270586157
0.45,0.55,0.0,8.0,0.00651019304760436,1.7050503289638164,266.18282713341097
0.45,0.55,0.0,16.0,0.006047839189803161,1.8496298052691886,259.45942309504073
0.5,0.0,0.5,0.0,0.011731202451441,1.4616498677072922,345.29344500907
0.5,0.0,0.5,0.5,0.010799874922939675,1.49163978925235,333.2626138056014
0.5,0.0,0.5,1.0,0.010135974670309002,1.4678900085455329,328.57620076089484
0.5,0.0,0.5,2.0,0.009145315004216888,1.518554142384314,313.86372161121056
0.5,0.0,0.5,4.0,0.008479986723329223,1.5104456189990951,300.69176339224936
0.5,0.0,0.5,8.0,0.007821528399766268,1.452564653241031,289.32321225249535
0.5,0.0,0.5,16.0,0.007234173611084352,1.4885980133775287,276.4562532852165
0.5,0.05,0.45,0.0,0.011582363662298485,1.490078238285898,331.68811898489105
0.5,0.05,0.45,0.5,0.0102708754224915,1.515248292214921,319.63656916648756
0.5,0.05,0.45,1.0,0.00953768008160856,1.5155379495487313,313.4142646794402
0.5,0.05,0.45,2.0,0.008503726354750354,1.473621158075069,302.07777052673663
0.5,0.05,0.45,4.0,0.007700708989022191,1.4597449786301746,294.8756547489622
0.5,0.05,0.45,8.0,0.007089898240623148,1.4912589651106003,280.3592397623834
0.5,0.05,0.45,16.0,0.006510577021555425,1.4961481039191213,269.2455984789903
0.5,0.1,0.4,0.0,0.011550504525196915,1.4933795001110954,329.43173368935504
0.5,0.1,0.4,0.5,0.010252617043468873,1.521026156880465,318.9822952999357
0.5,0.1,0.4,1.0,0.0095702704616483,1.4896944280847155,307.0776432748577
0.5,0.1,0.4,2.0,0.008495078868498316,1.4894604789994739,300.41538178328125
0.5,0.1,0.4,4.0,0.007401460678147607,1.486758981848059,285.46722636693977
0.5,0.1,0.4,8.0,0.006797241467385713,1.4904628371123607,273.9740432504513
0.5,0.1,0.4,16.0,0.006230753889847022,1.5234168098017744,265.5425296294843
0.5,0.15,0.35,0.0,0.011983157772688713,1.5325602048639138,329.829483507734
0.5,0.15,0.35,0.5,0.010168998418251932,1.485038624730704,316.48534820337835
0.5,0.15,0.35,1.0,0.009546448129366737,1.4886207837001608,308.18470420485227
0.5,0.15,0.35,2.0,0.008186675369748595,1.47850926766104,294.0866273456702
0.5,0.15,0.35,4.0,0.007408090405906347,1.4908861603629935,282.16868900036326
0.5,0.15,0.35,8.0,0.006800865563222055,1.5003323274295575,271.56610833764427
0.5,0.15,0.35,16.0,0.006275790061928262,1.4817509151492798,265.52505251643476
0.5,0.2,0.3,0.0,0.012145165417024808,1.4826243667924313,328.8597616309392
0.5,0.2,0.3,0.5,0.01030205765981479,1.4584100078647453,315.27192538524406
0.5,0.2,0.3,1.0,0.009417156542929924,1.4955113037521455,303.94527553757666
0.5,0.2,0.3,2.0,0.008148782849919935,1.505048413970023,292.6286989990629
0.5,0.2,0.3,4.0,0.007372915424414042,1.4695743553517415,281.2114013897981
0.5,0.2,0.3,8.0,0.006639160569491318,1.480642996362513,270.90692473827363
0.5,0.2,0.3,16.0,0.006230402377186838,1.5039027194623242,261.46990116718365
0.5,0.25,0.25,0.0,0.012104343724718655,1.513458365609291,327.29029204729744
0.5,0.25,0.25,0.5,0.010235785402961882,1.4997825816072448,315.42800128482685
0.5,0.25,0.25,1.0,0.009241614939758029,1.4930516814671038,304.1746793751783
0.5,0.25,0.25,2.0,0.008170101465703615,1.5129269366237261,293.0655294284057
0.5,0.25,0.25,4.0,0.00723139835476807,1.5297072591849583,279.53463162120414
0.5,0.25,0.25,8.0,0.006669767992138906,1.5461498755476575,270.92213914875214
0.5,0.25,0.25,16.0,0.0061463577419360845,1.5443374858021428,260.5149043408425
0.5,0.3,0.2,0.0,0.011795365748083817,1.5472666357615024,327.32931958296587
0.5,0.3,0.2,0.5,0.010126653229791713,1.5554770162635192,315.48390734934395
0.5,0.3,0.2,1.0,0.00925977149127973,1.5078666879450295,305.9736455492969
0.5,0.3,0.2,2.0,0.008104788659267932,1.4888999143778925,294.4064014908118
0.5,0.3,0.2,4.0,0.007162005270605139,1.5072560910384833,281.6128701675253
0.5,0.3,0.2,8.0,0.006636427716760258,1.4889749345049632,273.57354774314757
0.5,0.3,0.2,16.0,0.006209089807825717,1.565738014291414,259.2401270050147
0.5,0.35,0.15,0.0,0.011634212776357107,1.5723088113108854,330.0871245167801
0.5,0.35,0.15,0.5,0.010014709202739445,1.5148434929567849,315.7121357147733
0.5,0.35,0.15,1.0,0.00914956268588147,1.529206997420989,306.431853933175
0.5,0.35,0.15,2.0,0.008097711280792919,1.5160606492401012,294.62604908407064
0.5,0.35,0.15,4.0,0.007190552638257689,1.530574328904067,279.4934092399472
0.5,0.35,0.15,8.0,0.0065628354154164915,1.5588639692033528,271.50986794615784
0.5,0.35,0.15,16.0,0.006191731681908594,1.5998084847684797,256.09590844515486
0.5,0.4,0.1,0.0,0.012030146603317396,1.5912406078626145,325.3462096812227
0.5,0.4,0.1,0.5,0.010052083773386846,1.5725222315136602,313.4632841946927
0.5,0.4,0.1,1.0,0.008958079838574405,1.52911657959339,303.3870491816658
0.5,0.4,0.1,2.0,0.008107531023531183,1.5726142731319879,294.03516344340125
0.5,0.4,0.1,4.0,0.00724256551301312,1.5428296659776153,281.51045172537215
0.5,0.4,0.1,8.0,0.006527513513903096,1.5592637359956243,269.11257111829116
0.5,0.4,0.1,16.0,0.006090815670533029,1.6650618685786054,256.65231336908016
0.5,0.45,0.05,0.0,0.012120033826233147,1.666972482487634,325.66670964156185
0.5,0.45,0.05,0.5,0.010168291840528795,1.6107637355714903,313.0358009030378
0.5,0.45,0.05,1.0,0.009041344965304681,1.6269052998378133,305.2167366835882
0.5,0.45,0.05,2.0,0.00813398576179046,1.5690353411413787,293.72680160949614
0.5,0.45,0.05,4.0,0.007228834072533816,1.601755499077098,281.3376684323039
0.5,0.45,0.05,8.0,0.006421278606633517,1.6646425732020649,267.8964251890151
0.5,0.45,0.05,16.0,0.006141658865254071,1.770327687492636,256.58491514472456
0.5,0.5,0.0,0.0,0.011737082768926066,1.7005997655814944,325.4913899328093
0.5,0.5,0.0,0.5,0.010244308122355819,1.677364404893072,312.05364038371096
0.5,0.5,0.0,1.0,0.009177226273597393,1.6933176227409419,303.626876548242
0.5,0.5,0.0,2.0,0.008169220003594694,1.701086515409408,293.6843596140223
0.5,0.5,0.0,4.0,0.007122732062047498,1.6822089566081775,281.41492804781643
0.5,0.5,0.0,8.0,0.006476799109351274,1.6601675071733402,266.6143999480648
0.5,0.5,0.0,16.0,0.006150336976826941,1.835434049740724,257.28143592402495
0.55,0.0,0.45,0.0,0.011849456099961539,1.491164000810804,344.34393487365264
0.55,0.0,0.45,0.5,0.010798754982861758,1.498381760492066,329.7925886606552
0.55,0.0,0.45,1.0,0.010077995962924602,1.4995092517127404,326.8614635468375
0.55,0.0,0.45,2.0,0.00915710762556045,1.50537107991894,314.9865466768075
0.55,0.0,0.45,4.0,0.008414329058088142,1.449421296345302,300.51593265833344
0.55,0.0,0.45,8.0,0.00781492615451551,1.4376478297053066,287.8788343444507
0.55,0.0,0.45,16.0,0.007236820492127624,1.5230727961414037,276.5495203934769
0.55,0.05,0.4,0.0,0.011711410734881753,1.4984752482387014,332.1211218022702
0.55,0.05,0.4,0.5,0.010373384278475535,1.5035997354191253,322.0816830008641
0.55,0.05,0.4,1.0,0.009510682921333937,1.5782777216880595,313.58037881018777
0.55,0.05,0.4,2.0,0.008513086297249055,1.4984732795406621,300.55440758640196
0.55,0.05,0.4,4.0,0.007702604911935154,1.5013246086211283,295.302655026692
0.55,0.05,0.4,8.0,0.006988732466141334,1.4924243152984598,281.7392694334836
0.55,0.05,0.4,16.0,0.006495438892876578,1.5177597592270298,272.3245947295948
0.55,0.1,0.35,0.0,0.011602318351799206,1.482398491099577,331.1513478221685
0.55,0.1,0.35,0.5,0.010159678003679423,1.5100882083660447,314.8888013040448
0.55,0.1,0.35,1.0,0.009568319990178022,1.5134300677764767,308.63726468637697
0.55,0.1,0.35,2.0,0.008423623405127706,1.4473476927054,301.8422274423694
0.55,0.1,0.35,4.0,0.0074496342860638,1.4872349281482167,286.96386112201145
0.55,0.1,0.35,8.0,0.006682676387607338,1.5153862222592307,274.650145373061
0.55,0.1,0.35,16.0,0.0062403761284055,1.4688253611390216,265.74611607167316
0.55,0.15,0.3,0.0,0.011861887424160944,1.482702597987305,329.7239850436922
0.55,0.15,0.3,0.5,0.010155765390748648,1.4514025392611305,314.98460257491917
0.55,0.15,0.3,1.0,0.009554358465851214,1.4902196019008815,307.5309592558458
0.55,0.15,0.3,2.0,0.008167060762188509,1.467085376350786,296.8068647371844
0.55,0.15,0.3,4.0,0.007332985145770243,1.4329134233547522,281.4844423117733
0.55,0.15,0.3,8.0,0.006691576537806248,1.46587698592489,270.2228477041304
0.55,0.15,0.3,16.0,0.006267892479271764,1.475635108444923,263.16318510990993
0.55,0.2,0.25,0.0,0.012093437373875809,1.4737312881183822,329.4617934935842
0.55,0.2,0.25,0.5,0.010155972063096796,1.4753031867203308,322.46023948061827
0.55,0.2,0.25,1.0,0.00945962426797132,1.5286061803186264,306.18600444153464
0.55,0.2,0.25,2.0,0.008122903326890946,1.4636792866399657,290.6818418243498
0.55,0.2,0.25,4.0,0.007340245436705692,1.4695172722070928,280.5469957072675
0.55,0.2,0.25,8.0,0.006638755243532526,1.4936478744516162,273.9204209078423
0.55,0.2,0.25,16.0,0.006210510499439941,1.4927803003971905,263.1102094598727
0.55,0.25,0.2,0.0,0.012056571212827766,1.5462511695943897,327.2213610799583
0.55,0.25,0.2,0.5,0.01028692735157575,1.554023770862847,318.4244256755918
0.55,0.25,0.2,1.0,0.009183204707434897,1.5265262395220187,303.4595986994594
0.55,0.25,0.2,2.0,0.008008943045782283,1.5618134967912536,293.4978061884289
0.55,0.25,0.2,4.0,0.007171156517320812,1.4808157378195694,279.9182586995271
0.55,0.25,0.2,8.0,0.006581070032895278,1.5316435495014733,271.5246874993366
0.55,0.25,0.2,16.0,0.006190209061799703,1.5509329817881603,261.5309294725021
0.55,0.3,0.15,0.0,0.011848461044375374,1.5639462625020866,325.66407258372107
0.55,0.3,0.15,0.5,0.01015874271871761,1.5546321653391117,315.07161308236704
0.55,0.3,0.15,1.0,0.009088014463898815,1.573399735195756,303.307314129237
0.55,0.3,0.15,2.0,0.00802361264051873,1.5151429361263424,293.6558051970526
0.55,0.3,0.15,4.0,0.007150134352571273,1.4862661419375565,283.64541163984484
0.55,0.3,0.15,8.0,0.006509062440298887,1.473516577195441,271.0018622055026
0.55,0.3,0.15,16.0,0.006114695311670962,1.6000806285084774,261.88279433627554
0.55,0.35,0.1,0.0,0.011857419769219358,1.5370123465222687,326.02307806615585
0.55,0.35,0.1,0.5,0.00998195419808689,1.5094582664903182,314.1006876593607
0.55,0.35,0.1,1.0,0.009073876544588815,1.5083258390172716,303.8384767880343
0.55,0.35,0.1,2.0,0.008005769895503199,1.5316475026241687,294.91166498735544
0.55,0.35,0.1,4.0,0.0071918906190209875,1.5394770849814734,282.68246408298995
0.55,0.35,0.1,8.0,0.006379775633174583,1.5275337264042836,271.3980191573282
0.55,0.35,0.1,16.0,0.00616650723387676,1.6775066947012096,259.91472329769744
0.55,0.4,0.05,0.0,0.012013221755649138,1.6019765222759865,325.9568977912673
0.55,0.4,0.05,0.5,0.010145883841019289,1.5445541304032215,314.7323419663745
0.55,0.4,0.05,1.0,0.009161948402114482,1.566033164807365,307.53262895773514
0.55,0.4,0.05,2.0,0.008003566313157967,1.5257032001494224,296.9205480228748
0.55,0.4,0.05,4.0,0.007132804653450659,1.5574480660322847,282.36362777670575
0.55,0.4,0.05,8.0,0.006445422793198611,1.601134897415186,267.3301472861508
0.55,0.4,0.05,16.0,0.006137084796948866,1.6960392448680262,257.90515374424456
0.55,0.45,0.0,0.0,0.011783597699347921,1.6355600373445014,323.8616099025335
0.55,0.45,0.0,0.5,0.010192318729689481,1.6512739669677987,312.8431931512569
0.55,0.45,0.0,1.0,0.009342484958036334,1.6646899110258973,305.6833902589511
0.55,0.45,0.0,2.0,0.008220025773888239,1.693382081063394,295.9535802966679
0.55,0.45,0.0,4.0,0.007172325701916455,1.6098313874152925,281.614122694191
0.55,0.45,0.0,8.0,0.006500755522066256,1.6826240138993322,264.9566410195948
0.55,0.45,0.0,16.0,0.00613298456541235,1.7834364959396927,252.80638497472782
0.6,0.0,0.4,0.0,0.011892913191269228,1.5024481234264242,345.1673140923796
0.6,0.0,0.4,0.5,0.01066726605357964,1.4668964102345248,334.09916227007795
0.6,0.0,0.4,1.0,0.009926032106246166,1.4677089194577289,323.9963984315507
0.6,0.0,0.4,2.0,0.008967062767460687,1.4810855229553743,312.7540677941134
0.6,0.0,0.4,4.0,0.008352172183796197,1.490805240392018,298.76991348534983
0.6,0.0,0.4,8.0,0.007697672294459924,1.4619935328892417,288.3617953449714
0.6,0.0,0.4,16.0,0.007278562304840047,1.4699274179734074,278.36271541464765
0.6,0.05,0.35,0.0,0.011613300124665835,1.5304399065397678,328.5556197323421
0.6,0.05,0.35,0.5,0.01024451819086797,1.5363207423840868,323.1182007834577
0.6,0.05,0.35,1.0,0.009632723309794136,1.4815933330515871,312.25459267563366
0.6,0.05,0.35,2.0,0.008518487956366033,1.4627733963931915,301.7321667132656
0.6,0.05,0.35,4.0,0.007649896673592012,1.471692827935372,293.50870130953336
0.6,0.05,0.35,8.0,0.00684613876041787,1.491643612350104,283.3779990474572
0.6,0.05,0.35,16.0,0.006381966840151642,1.4785310811571228,268.1730762067394
0.6,0.1,0.3,0.0,0.011603952425469619,1.4660700567024525,328.7965419057137
0.6,0.1,0.3,0.5,0.010244803264341509,1.502804072676188,317.23003896759
0.6,0.1,0.3,1.0,0.009551555096577046,1.4736030480124338,309.94095460546424
0.6,0.1,0.3,2.0,0.008250196308307558,1.4807152691279555,299.8960928526338
0.6,0.1,0.3,4.0,0.0075134631310535506,1.4669262875400475,286.38153891207276
0.6,0.1,0.3,8.0,0.006728681586271913,1.4726019492594615,275.04419995895915
0.6,0.1,0.3,16.0,0.006124315707560334,1.5027594787789307,265.3143390889805
0.6,0.15,0.25,0.0,0.011702538523366182,1.472914667494423,329.73001193002864
0.6,0.15,0.25,0.5,0.010092253457531007,1.469253945407211,316.76094340819753
0.6,0.15,0.25,1.0,0.009574592427336102,1.4819568226020141,307.8639459373989
0.6,0.15,0.25,2.0,0.008162894723079982,1.4742163612044594,295.7699139597041
0.6,0.15,0.25,4.0,0.007359457497270687,1.477488636175056,281.71344898539263
0.6,0.15,0.25,8.0,0.00669648108292088,1.4469815737800815,273.4807981111994
0.6,0.15,0.25,16.0,0.006215723468385494,1.5285418704888063,262.21326154933627
0.6,0.2,0.2,0.0,0.011791170291176352,1.4831868678033686,328.22234385913146
0.6,0.2,0.2,0.5,0.010092989400182698,1.4646403146995148,314.5208009135606
0.6,0.2,0.2,1.0,0.009569433103443511,1.5130869879163065,309.0958970961538
0.6,0.2,0.2,2.0,0.008044895540954883,1.5025520018906124,293.0152306505901
0.6,0.2,0.2,4.0,0.0071758391592428835,1.4489485033535854,281.8219686918094
0.6,0.2,0.2,8.0,0.006537375409334463,1.53724898720745,272.2012234657264
0.6,0.2,0.2,16.0,0.006178415636426391,1.5226805774902292,261.1270602241087
0.6,0.25,0.15,0.0,0.012116792983000398,1.479623155575636,329.4355513793426
0.6,0.25,0.15,0.5,0.010070727036290953,1.5076591471303917,316.96181571600624
0.6,0.25,0.15,1.0,0.009182171839210445,1.485114665958078,306.456591202605
0.6,0.25,0.15,2.0,0.008008808138023904,1.4947910020369342,292.9676665273909
0.6,0.25,0.15,4.0,0.007142794988830106,1.4895714577580292,282.3829386755249
0.6,0.25,0.15,8.0,0.006496899714769736,1.5195110905043012,271.75617819925236
0.6,0.25,0.15,16.0,0.006147610625711417,1.5787375867622282,263.62348593398366
0.6,0.3,0.1,0.0,0.011900760316174465,1.4893605360086175,330.1997564432433
0.6,0.3,0.1,0.5,0.010001226247709584,1.5335567456436883,315.1653325467575
0.6,0.3,0.1,1.0,0.009128469240866114,1.5115287574448526,308.4415327412686
0.6,0.3,0.1,2.0,0.00785632311578909,1.4837792204241829,295.4259391302804
0.6,0.3,0.1,4.0,0.007096376634375582,1.481478893689262,282.5272471218904
0.6,0.3,0.1,8.0,0.006452636115052414,1.5525907868582725,270.91204545011345
0.6,0.3,0.1,16.0,0.00604269282304891,1.6291130438734935,260.9129248438737
0.6,0.35,0.05,0.0,0.01225269131231887,1.6028406960325288,332.3490184373776
0.6,0.35,0.05,0.5,0.01011584810289215,1.5473127901200765,315.53417781329387
0.6,0.35,0.05,1.0,0.009246988714197853,1.5476348937546962,305.52377165886645
0.6,0.35,0.05,2.0,0.00793355314717588,1.5643721139687277,295.83796575345514
0.6,0.35,0.05,4.0,0.0070279191084973896,1.5541472895725335,281.5094668855973
0.6,0.35,0.05,8.0,0.006467870390006646,1.537588738875785,271.71734226746065
0.6,0.35,0.05,16.0,0.006080697540525607,1.6630295951214842,258.65793682687985
0.6,0.4,0.0,0.0,0.012112386664455516,1.6108094535910622,328.4082173917979
0.6,0.4,0.0,0.5,0.010087258242754847,1.6531727335921242,311.36941834504074
0.6,0.4,0.0,1.0,0.009417919918240073,1.5947003334391365,305.8128370798895
0.6,0.4,0.0,2.0,0.00817577042591358,1.5876820628003958,296.22475461649105
0.6,0.4,0.0,4.0,0.007125811460675427,1.6307661819814407,280.2204207453721
0.6,0.4,0.0,8.0,0.006644887806421827,1.6397265681183881,270.0631786114187
0.6,0.4,0.0,16.0,0.006022355827788318,1.7523813739904517,255.79748430232954
0.65,0.0,0.35,0.0,0.012074909674680813,1.499471560553738,346.4039706311937
0.65,0.0,0.35,0.5,0.010655290169089573,1.4918069464361376,331.6417493721035
0.65,0.0,0.35,1.0,0.00988357749207775,1.4523697098856907,325.5649607406583
0.65,0.0,0.35,2.0,0.008920091624156514,1.4656618786007674,312.4711131495876
0.65,0.0,0.35,4.0,0.008332619758130362,1.5072142253935252,299.9558703614671
0.65,0.0,0.35,8.0,0.007653147109619725,1.4415663574160362,286.48674510750385
0.65,0.0,0.35,16.0,0.0071160669333213316,1.4898360501380543,274.5042474156862
0.65,0.05,0.3,0.0,0.011864786103629482,1.4662529443289696,332.7266919482747
0.65,0.05,0.3,0.5,0.010181390088927645,1.5107972274067638,322.3911477423578
0.65,0.05,0.3,1.0,0.009488716276388753,1.5164232911287454,311.95042485070985
0.65,0.05,0.3,2.0,0.008360286381616441,1.4800042416644572,299.61864288730914
0.65,0.05,0.3,4.0,0.007637670081908815,1.4605277324665398,293.28736472655254
0.65,0.05,0.3,8.0,0.0068138892577438714,1.460809701629018,283.2895733023504
0.65,0.05,0.3,16.0,0.006356965021932329,1.5144430911310776,268.7934857274005
0.65,0.1,0.25,0.0,0.011675419343277524,1.4803464961912305,328.773499932181
0.65,0.1,0.25,0.5,0.010207666788255394,1.4848679087695862,320.64745163566886
0.65,0.1,0.25,1.0,0.009627950485558525,1.5062606430901082,310.4935960780528
0.65,0.1,0.25,2.0,0.008232622968795152,1.4384613761619012,302.12337978837144
0.65,0.1,0.25,4.0,0.007477872680119633,1.4544474189340484,285.097723594021
0.65,0.1,0.25,8.0,0.006632925081564603,1.4419603512047787,275.493367205427
0.65,0.1,0.25,16.0,0.006137553219512512,1.5193118954199758,265.54050190675207
0.65,0.15,0.2,0.0,0.011645275020183574,1.5026299744833889,330.8192750748638
0.65,0.15,0.2,0.5,0.010117910962240075,1.455375153481129,318.94913267131807
0.65,0.15,0.2,1.0,0.009446360396117985,1.4656841695781058,308.8546555292948
0.65,0.15,0.2,2.0,0.008149518428785139,1.4733706485946347,294.21766163640115
0.65,0.15,0.2,4.0,0.007167073347548014,1.4669104317195163,282.04444939082276
0.65,0.15,0.2,8.0,0.00659640243873787,1.4342494362146596,273.210648272056
0.65,0.15,0.2,16.0,0.006157126131110608,1.5356837398606846,263.0770178082053
0.65,0.2,0.15,0.0,0.011661029609689644,1.4858718332389766,329.6482335675314
0.65,0.2,0.15,0.5,0.010227098646088425,1.5183786385721412,316.1936115475217
0.65,0.2,0.15,1.0,0.009408552872963662,1.525371878867323,309.2922130288758
0.65,0.2,0.15,2.0,0.008030916158488942,1.507742287428105,294.8120410528061
0.65,0.2,0.15,4.0,0.007141370741278272,1.446300088058886,283.0949854041925
0.65,0.2,0.15,8.0,0.006586970620753676,1.4792148616491272,273.11024438435993
0.65,0.2,0.15,16.0,0.0060811524561303785,1.534645637007734,262.46666066981174
0.65,0.25,0.1,0.0,0.011883062622274287,1.519477164807291,327.08502044072264
0.65,0.25,0.1,0.5,0.010074148464792468,1.5072996865279473,318.69228772127076
0.65,0.25,0.1,1.0,0.00929267543140677,1.4994055528713524,308.1453833979256
0.65,0.25,0.1,2.0,0.00793960791454003,1.516460835310701,295.8683981044317
0.65,0.25,0.1,4.0,0.007132476909388144,1.524929567437832,282.10811124470416
0.65,0.25,0.1,8.0,0.006502282955661238,1.5804173878070777,273.11735905762725
0.65,0.25,0.1,16.0,0.00603472138988645,1.604600478428611,261.4905566308111
0.65,0.3,0.05,0.0,0.012408287487291695,1.5424984095333645,329.74283667809993
0.65,0.3,0.05,0.5,0.0099857837207793,1.4968639952651894,316.1229258079499
0.65,0.3,0.05,1.0,0.009195100169833282,1.5038210450578415,304.8366528924444
0.65,0.3,0.05,2.0,0.008022544937677052,1.5281890893832621,296.3389819496309
0.65,0.3,0.05,4.0,0.007062307055856459,1.5330043708467584,283.16179170484105
0.65,0.3,0.05,8.0,0.006454481622617916,1.6198422933785983,271.5574534649029
0.65,0.3,0.05,16.0,0.005959678853622324,1.6528290964992216,263.28046423557265
0.65,0.35,0.0,0.0,0.012064470921909846,1.6160911692243751,329.54868552795705
0.65,0.35,0.0,0.5,0.010094158520741268,1.6226499910141048,316.3336568612148
0.65,0.35,0.0,1.0,0.009334538844887453,1.5804189538040203,305.39017383576714
0.65,0.35,0.0,2.0,0.00822776017558668,1.6177915012067707,296.8633552395959
0.65,0.35,0.0,4.0,0.007258618829058715,1.5872095791906868,281.0161394396077
0.65,0.35,0.0,8.0,0.0066275976361649565,1.6030061989796522,269.31906489791385
0.65,0.35,0.0,16.0,0.0060167901824814485,1.6997686473423217,259.0520516731946
0.7,0.0,0.3,0.0,0.011939366337620834,1.50047284515996,346.47201347604687
0.7,0.0,0.3,0.5,0.010682689592833658,1.4835959675917707,331.76101999568635
0.7,0.0,0.3,1.0,0.009902196809077573,1.4557372424949098,321.6908947122045
0.7,0.0,0.3,2.0,0.0087456458462841,1.4812825682893223,310.41449145211976
0.7,0.0,0.3,4.0,0.008290716541265472,1.4674806732049612,296.5652435299885
0.7,0.0,0.3,8.0,0.007574267307657847,1.4794704930035765,286.10519063617113
0.7,0.0,0.3,16.0,0.006981134580154101,1.4961089221134987,272.4217208836191
0.7,0.05,0.25,0.0,0.011881878799065432,1.4711011056058247,336.17057653723344
0.7,0.05,0.25,0.5,0.01026472809942333,1.4846758193729084,324.36103483783
0.7,0.05,0.25,1.0,0.009574939420024364,1.4903720293276213,316.0524751998706
0.7,0.05,0.25,2.0,0.008431227851276993,1.5332615958150726,302.7195642075803
0.7,0.05,0.25,4.0,0.00758084116912474,1.4920008154332012,290.8171344020673
0.7,0.05,0.25,8.0,0.006860938752148042,1.435019163672959,278.5769665079003
0.7,0.05,0.25,16.0,0.006215549505711901,1.5340384034700705,268.20254667964883
0.7,0.1,0.2,0.0,0.01180211491464928,1.4846249182127684,331.33344385432844
0.7,0.1,0.2,0.5,0.010293315782623323,1.5145887656554748,322.5808616119258
0.7,0.1,0.2,1.0,0.009590774218636437,1.4751600326240961,312.39928174871073
0.7,0.1,0.2,2.0,0.008184191692269577,1.5275259994633352,299.0027685039067
0.7,0.1,0.2,4.0,0.00740954745548733,1.4972241690957437,287.5215055313386
0.7,0.1,0.2,8.0,0.006499940593535612,1.4742934321102459,275.34914979905193
0.7,0.1,0.2,16.0,0.006012869778608774,1.52506394173169,265.2096595831476
0.7,0.15,0.15,0.0,0.011659327744185953,1.490092140289958,328.87506760213097
0.7,0.15,0.15,0.5,0.010197240707635944,1.4982600083849744,319.94041581044354
0.7,0.15,0.15,1.0,0.009374249539037302,1.5010098282593607,309.42770488339454
0.7,0.15,0.15,2.0,0.008213963161246942,1.494049510424901,299.14319142108474
0.7,0.15,0.15,4.0,0.007154763886011138,1.4643530260494277,285.34734142357394
0.7,0.15,0.15,8.0,0.006491505971183423,1.4611715488114398,272.91303162837215
0.7,0.15,0.15,16.0,0.006131268649407672,1.539597881246482,263.63200222294614
0.7,0.2,0.1,0.0,0.011942234247458897,1.5030701794883328,330.50287192836913
0.7,0.2,0.1,0.5,0.010077078652815109,1.5531441360990181,317.6080236410234
0.7,0.2,0.1,1.0,0.009450324731594325,1.5164076009591667,308.59437262079086
0.7,0.2,0.1,2.0,0.008094070888005005,1.5132824105217413,297.34317137036743
0.7,0.2,0.1,4.0,0.00716947853544293,1.4733439599137323,284.614131771902
0.7,0.2,0.1,8.0,0.006549693053663416,1.4915045438655106,273.8792822884557
0.7,0.2,0.1,16.0,0.0060300524569269764,1.5828231596014113,263.16899625390005
0.7,0.25,0.05,0.0,0.012227662942645443,1.532430230271787,330.50715488545376
0.7,0.25,0.05,0.5,0.010222526804713182,1.5398206689115845,317.6906967216428
0.7,0.25,0.05,1.0,0.009395112751678206,1.49055983691939,309.4235508311752
0.7,0.25,0.05,2.0,0.007983085327680158,1.5029177826835485,300.7265241532256
0.7,0.25,0.05,4.0,0.007121906845623173,1.547901100509179,285.7784955938926
0.7,0.25,0.05,8.0,0.006516627649195875,1.5479272439597949,271.8129831373744
0.7,0.25,0.05,16.0,0.005936188411955155,1.5902592381775127,263.4887589014042
0.7,0.3,0.0,0.0,0.012345421451275452,1.5278529958738376,328.5867600633224
0.7,0.3,0.0,0.5,0.010139964944552169,1.550347356838433,317.8206205283999
0.7,0.3,0.0,1.0,0.009376484036314726,1.56831322813317,308.3646771963599
0.7,0.3,0.0,2.0,0.008127120947718385,1.5524776527828967,297.8605310902199
0.7,0.3,0.0,4.0,0.007200699317767714,1.5178364338449672,280.38585943001334
0.7,0.3,0.0,8.0,0.006583728701855646,1.5990830975278485,272.43403891941415
0.7,0.3,0.0,16.0,0.006013463179519303,1.652214540263713,259.6455060105316
0.75,0.0,0.25,0.0,0.011720174855264928,1.4766688520383238,344.15767388181877
0.75,0.0,0.25,0.5,0.010801013953937155,1.4580598301146643,333.2166032893186
0.75,0.0,0.25,1.0,0.009779555928223861,1.486929672506444,319.78494205415643
0.75,0.0,0.25,2.0,0.008790583919703708,1.4830068936680767,308.9625807801779
0.75,0.0,0.25,4.0,0.00824401319830997,1.4850583879635426,296.17571160038483
0.75,0.0,0.25,8.0,0.007576506274447769,1.456625377170031,283.7151613428093
0.75,0.0,0.25,16.0,0.006949235969363496,1.5033265069832098,273.09675451644006
0.75,0.05,0.2,0.0,0.01178597565656394,1.5164888218445693,334.02500223828656
0.75,0.05,0.2,0.5,0.010430912667859357,1.4934588034174217,328.0108731583461
0.75,0.05,0.2,1.0,0.009659741212068309,1.5108268277326697,316.1347395754238
0.75,0.05,0.2,2.0,0.008336830249615719,1.5029032323262517,304.94252546814965
0.75,0.05,0.2,4.0,0.0074480098329747745,1.4710172930699876,293.803253637525
0.75,0.05,0.2,8.0,0.006816448858077651,1.4995963979243465,279.8260782327117
0.75,0.05,0.2,16.0,0.006144900683991769,1.5411767196309591,266.7553515235257
0.75,0.1,0.15,0.0,0.011855528873255245,1.5201614651878461,333.93754017504943
0.75,0.1,0.15,0.5,0.010220344365106191,1.476680027479879,323.25013181172034
0.75,0.1,0.15,1.0,0.009488561497715748,1.5061363799707765,313.96875802085475
0.75,0.1,0.15,2.0,0.008238008835040752,1.5091232419398761,300.4192790244456
0.75,0.1,0.15,4.0,0.007406269398631689,1.4857411039282482,287.43877784791295
0.75,0.1,0.15,8.0,0.006457901982764048,1.4908754599183922,275.0948242067463
0.75,0.1,0.15,16.0,0.006023505515516538,1.4954883423413674,268.64912585968244
0.75,0.15,0.1,0.0,0.012250468059212817,1.5245040412632533,328.5591739233801
0.75,0.15,0.1,0.5,0.010123805606190951,1.5191701750301083,322.1545536888121
0.75,0.15,0.1,1.0,0.009472820688302318,1.4605277352204302,310.98561592956634
0.75,0.15,0.1,2.0,0.008198755565833793,1.5264619350751107,300.7410389179685
0.75,0.15,0.1,4.0,0.007198837126856486,1.4521334184391297,288.24858785968365
0.75,0.15,0.1,8.0,0.006476960352314117,1.4873578999638362,272.14127702253086
0.75,0.15,0.1,16.0,0.006145378257199313,1.563400854641298,261.9632517587599
0.75,0.2,0.05,0.0,0.011835038382609417,1.5328357318711827,328.26804907985763
0.75,0.2,0.05,0.5,0.010195061876393291,1.5341194859417506,317.3902070361094
0.75,0.2,0.05,1.0,0.009311906282750198,1.5329333233322056,312.65710061502904
0.75,0.2,0.05,2.0,0.008103093458356922,1.5183426164085596,300.33079512139255
0.75,0.2,0.05,4.0,0.007165963696623652,1.506193650999889,286.725185093681
0.75,0.2,0.05,8.0,0.006488630390499868,1.522877539419761,273.38696965740223
0.75,0.2,0.05,16.0,0.00595124221075012,1.582088678941177,262.84699326064316
0.75,0.25,0.0,0.0,0.01205241505299405,1.5371634095100033,328.00591559219095
0.75,0.25,0.0,0.5,0.01008270603013206,1.5515379861249803,317.6378557444276
0.75,0.25,0.0,1.0,0.009408085730605526,1.531211085326407,311.95850985018495
0.75,0.25,0.0,2.0,0.008118255870542752,1.5247756695598893,299.16715815947515
0.75,0.25,0.0,4.0,0.007329119167214234,1.535016926146848,282.1165032391668
0.75,0.25,0.0,8.0,0.006571661368751759,1.568690619837071,271.4092228422406
0.75,0.25,0.0,16.0,0.005941594318554647,1.652005932947249,262.00479591909937
0.8,0.0,0.2,0.0,0.012066207952482104,1.486023465625071,348.344287471994
0.8,0.0,0.2,0.5,0.010773330805028273,1.4493390414587601,332.0503595500515
0.8,0.0,0.2,1.0,0.009748266094051277,1.442440817232035,321.06169454263664
0.8,0.0,0.2,2.0,0.008801127285869082,1.493891002953146,310.5359597685903
0.8,0.0,0.2,4.0,0.007995333077984959,1.496816963815398,297.4345061727597
0.8,0.0,0.2,8.0,0.007469536138624403,1.4505251647081794,284.8678536816968
0.8,0.0,0.2,16.0,0.0069038920599062215,1.4909553813166265,273.0617987467265
0.8,0.05,0.15,0.0,0.011714879459480678,1.4811728791573309,332.9393016489293
0.8,0.05,0.15,0.5,0.010467224468550756,1.497036028576588,328.00058098810086
0.8,0.05,0.15,1.0,0.009651806083396186,1.487848714069895,317.07213358738676
0.8,0.05,0.15,2.0,0.008399636527192335,1.475873357231124,306.1211672104916
0.8,0.05,0.15,4.0,0.0075702544706938895,1.501911413692574,295.14468428944275
0.8,0.05,0.15,8.0,0.00671392256869142,1.5044783969336537,281.9873105082801
0.8,0.05,0.15,16.0,0.006163540501055189,1.4914885928358501,268.6707357176754
0.8,0.1,0.1,0.0,0.011632259289381186,1.5047813743618914,332.1815744699955
0.8,0.1,0.1,0.5,0.010161752824268408,1.4444342193001927,325.4660195297801
0.8,0.1,0.1,1.0,0.009474440287392827,1.500321417930568,318.64919729551013
0.8,0.1,0.1,2.0,0.008293003350571763,1.5476452992355376,302.5039886934803
0.8,0.1,0.1,4.0,0.007371925786017588,1.524835570051626,288.68503034779036
0.8,0.1,0.1,8.0,0.006381745358886105,1.5016644578839144,274.77906594141524
0.8,0.1,0.1,16.0,0.005925433917261215,1.532138725575842,265.06485901049797
0.8,0.15,0.05,0.0,0.011722527617121545,1.5685779133465403,329.080936347169
0.8,0.15,0.05,0.5,0.010414524858728116,1.5227454746516704,320.60544839563676
0.8,0.15,0.05,1.0,0.009393376782412822,1.5081005129370713,311.2442689527873
0.8,0.15,0.05,2.0,0.008110968444877296,1.5246305195917682,303.0621515951711
0.8,0.15,0.05,4.0,0.007322593824583066,1.5045159030126936,290.3655825004308
0.8,0.15,0.05,8.0,0.006418068103474991,1.5237466207021253,272.7983751529261
0.8,0.15,0.05,16.0,0.005983731063878179,1.5891507955375355,262.9321013792235
0.8,0.2,0.0,0.0,0.011895321459264753,1.5560804695712955,331.4631759441072
0.8,0.2,0.0,0.5,0.010363149978728422,1.5939513490884003,321.24541959890547
0.8,0.2,0.0,1.0,0.00935813035070173,1.5537253911488227,313.2422275045163
0.8,0.2,0.0,2.0,0.008090441346858889,1.563742062716295,298.54147223188875
0.8,0.2,0.0,4.0,0.0073415010832365915,1.534537344744533,284.9184743457617
0.8,0.2,0.0,8.0,0.006595765938394304,1.5457082200903647,270.38311701327666
0.8,0.2,0.0,16.0,0.005958437812238686,1.59348935275004,262.14912319575427
0.85,0.0,0.15,0.0,0.012059440040045168,1.4880047291659027,347.3988597069776
0.85,0.0,0.15,0.5,0.01064551290898883,1.472306044026521,332.31721267261327
0.85,0.0,0.15,1.0,0.00965239903497795,1.4662681041149053,321.8555898239676
0.85,0.0,0.15,2.0,0.008687650368336717,1.4921787343750308,310.96038852544746
0.85,0.0,0.15,4.0,0.007987307193398968,1.498039155490966,297.5422384870041
0.85,0.0,0.15,8.0,0.00730525086635396,1.4679619442212208,283.9912568343271
0.85,0.0,0.15,16.0,0.006906845435341868,1.5059995084338418,271.1078964436974
0.85,0.05,0.1,0.0,0.011638912031443136,1.5623408604141027,336.629567233037
0.85,0.05,0.1,0.5,0.010451856388112801,1.4926828181518783,325.6528798742847
0.85,0.05,0.1,1.0,0.009587647556610533,1.5369087204867293,320.1728080595614
0.85,0.05,0.1,2.0,0.008483812131437417,1.5178124758003209,305.9214459545887
0.85,0.05,0.1,4.0,0.007554423206632119,1.5214608091133466,294.4289944010904
0.85,0.05,0.1,8.0,0.006857107617848656,1.4651271697843449,282.76941351643177
0.85,0.05,0.1,16.0,0.0061438093081351355,1.5735671558499778,267.3701045238552
0.85,0.1,0.05,0.0,0.011804445730475241,1.5472773813675467,333.50215853176144
0.85,0.1,0.05,0.5,0.01036312886607148,1.5178317141526563,325.70250632394783
0.85,0.1,0.05,1.0,0.009613085840841239,1.526407863419763,319.43580836999166
0.85,0.1,0.05,2.0,0.008256517430429518,1.5038814265072957,304.6248881305751
0.85,0.1,0.05,4.0,0.0074174248651693855,1.5141984448382602,289.7834691362437
0.85,0.1,0.05,8.0,0.006584965419731252,1.4982819662349423,277.1430242839597
0.85,0.1,0.05,16.0,0.0059772231413107516,1.5567413505604677,265.5697659799775
0.85,0.15,0.0,0.0,0.011883062266704698,1.558612643773122,325.3851577422516
0.85,0.15,0.0,0.5,0.01062955702798627,1.5427811138250365,323.5171906701656
0.85,0.15,0.0,1.0,0.009618323995485014,1.5325529781316465,316.5697571729964
0.85,0.15,0.0,2.0,0.008266244451762356,1.5577115197335967,300.59242453589866
0.85,0.15,0.0,4.0,0.00724662507089432,1.5483593307923698,287.42810987476884
0.85,0.15,0.0,8.0,0.006584413094156395,1.5424110421311845,274.097133156565
0.85,0.15,0.0,16.0,0.00611597608687215,1.5985780691511637,262.5269221462508
0.9,0.0,0.1,0.0,0.01201374063372127,1.5037142123058655,337.9727245064831
0.9,0.0,0.1,0.5,0.010675296390165788,1.5004105792553837,331.179410293698
0.9,0.0,0.1,1.0,0.009671232672229559,1.5023614160641685,319.6139579021541
0.9,0.0,0.1,2.0,0.008610733436439515,1.4981939424150579,309.8525202820918
0.9,0.0,0.1,4.0,0.008136189734359147,1.5238949650351195,300.7247676494322
0.9,0.0,0.1,8.0,0.007371642782137022,1.4746966525120555,288.2861262610216
0.9,0.0,0.1,16.0,0.006810677161464798,1.5096055010843805,276.24545813067976
0.9,0.05,0.05,0.0,0.01178292863087063,1.5190121424571166,342.25026745824647
0.9,0.05,0.05,0.5,0.010626031320721234,1.4762486094230614,331.15085411875657
0.9,0.05,0.05,1.0,0.009659393434176705,1.5081633175589964,317.31872030857187
0.9,0.05,0.05,2.0,0.008541757769311646,1.5485254705320761,307.10842058755424
0.9,0.05,0.05,4.0,0.0076426646212609806,1.5152248961589165,295.4426491527855
0.9,0.05,0.05,8.0,0.00698505536390973,1.4860666751195286,282.1169107704639
0.9,0.05,0.05,16.0,0.006289026279701259,1.5521357275881236,267.85105690623726
0.9,0.1,0.0,0.0,0.011961894833224128,1.5563244867158905,328.33601275735055
0.9,0.1,0.0,0.5,0.010468728480158737,1.579225545692369,324.07015652054974
0.9,0.1,0.0,1.0,0.009723565273788728,1.511340224954924,315.3414980295153
0.9,0.1,0.0,2.0,0.008604131664756627,1.5221539129986414,302.31001724606585
0.9,0.1,0.0,4.0,0.007515538566984642,1.5329792738912236,289.12857651525127
0.9,0.1,0.0,8.0,0.006665502309880128,1.526367384129187,275.52142602566045
0.9,0.1,0.0,16.0,0.006039460230588025,1.5593082260903832,266.746613038891
0.95,0.0,0.05,0.0,0.011970402312733363,1.5231933477742345,343.4797350379772
0.95,0.0,0.05,0.5,0.010977957431134826,1.5113656303378022,332.6895438739697
0.95,0.0,0.05,1.0,0.009896719937954197,1.5439729184278674,325.33042931536244
0.95,0.0,0.05,2.0,0.008882523536142882,1.5323984289866512,310.9974830970668
0.95,0.0,0.05,4.0,0.008091470716022108,1.4867745225573523,300.33963348693374
0.95,0.0,0.05,8.0,0.0074979508658510425,1.5323552964636942,288.64914153222617
0.95,0.0,0.05,16.0,0.007007037555866558,1.5507000139951217,280.12857145928103
0.95,0.05,0.0,0.0,0.011740211700925174,1.5403043502762912,336.78867426260496
0.95,0.05,0.0,0.5,0.01075524376265199,1.521500048979253,329.3963834942641
0.95,0.05,0.0,1.0,0.009741419744349708,1.4901872648299797,317.1756572118592
0.95,0.05,0.0,2.0,0.008834696497719752,1.5086035761822914,305.46879921666306
0.95,0.05,0.0,4.0,0.00774618668050847,1.5179280696850672,293.53624490820414
0.95,0.05,0.0,8.0,0.006939532397300354,1.5450074347343385,279.28617620031554
0.95,0.05,0.0,16.0,0.006443437220296372,1.6124921962273564,268.2021616293471
1.0,0.0,0.0,0.0,0.012110794794074155,1.6137874178717544,346.71723527799776
1.0,0.0,0.0,0.5,0.011048696717444526,1.5527005244372543,328.0748632774685
1.0,0.0,0.0,1.0,0.010209129439414358,1.5217374816140297,322.3119216397637
1.0,0.0,0.0,2.0,0.009105231066084728,1.5719634496799237,308.4274297544714
1.0,0.0,0.0,4.0,0.008325489687406387,1.5117815254346212,298.2100256264193
1.0,0.0,0.0,8.0,0.007586091711555452,1.5515356642312303,288.41410605824575
1.0,0.0,0.0,16.0,0.0070646695557203334,1.5537188196678644,275.6055645764461
