id,image_path,primary_language,scripts,condition,ground_truth
0001,screenshots/synthetic_bank_0001.png,Sinhala,Sinhala,clean,"22:05
4G
Nova Mobile Banking
Secure transaction centre
FAILED
SGD 1,776.43
ගිණුමෙන් අඩු වූ නමුත් මුදල් ලැබුණේ නැත.
Date & time
06 Feb 2026 • 05:46
Reference
NMB-2602-798047
Error code
QQE-494
Issue
Cash not received
Get help
Back to activity"
0001,screenshots/augmented/synthetic_bank_0001_blur.png,Sinhala,Sinhala,blur,"22:05
4G
Nova Mobile Banking
Secure transaction centre
FAILED
SGD 1,776.43
ගිණුමෙන් අඩු වූ නමුත් මුදල් ලැබුණේ නැත.
Date & time
06 Feb 2026 • 05:46
Reference
NMB-2602-798047
Error code
QQE-494
Issue
Cash not received
Get help
Back to activity"
0001,screenshots/augmented/synthetic_bank_0001_rot.png,Sinhala,Sinhala,rotation,"22:05
4G
Nova Mobile Banking
Secure transaction centre
FAILED
SGD 1,776.43
ගිණුමෙන් අඩු වූ නමුත් මුදල් ලැබුණේ නැත.
Date & time
06 Feb 2026 • 05:46
Reference
NMB-2602-798047
Error code
QQE-494
Issue
Cash not received
Get help
Back to activity"
0001,screenshots/augmented/synthetic_bank_0001_lowres.png,Sinhala,Sinhala,low-resolution,"22:05
4G
Nova Mobile Banking
Secure transaction centre
FAILED
SGD 1,776.43
ගිණුමෙන් අඩු වූ නමුත් මුදල් ලැබුණේ නැත.
Date & time
06 Feb 2026 • 05:46
Reference
NMB-2602-798047
Error code
QQE-494
Issue
Cash not received
Get help
Back to activity"
0002,screenshots/synthetic_bank_0002.png,Sinhala,Sinhala,clean,"09:45
4G
Nova Mobile Banking
Secure transaction centre
DECLINED
USD 1,290.57
ඔබගේ කාඩ් ගෙවීම ප්‍රතික්ෂේප විය.
Date & time
20 Mar 2024 • 19:13
Reference
NMB-2403-345414
Error code
UGR-780
Issue
Card payment declined
Get help
Back to activity"
0002,screenshots/augmented/synthetic_bank_0002_blur.png,Sinhala,Sinhala,blur,"09:45
4G
Nova Mobile Banking
Secure transaction centre
DECLINED
USD 1,290.57
ඔබගේ කාඩ් ගෙවීම ප්‍රතික්ෂේප විය.
Date & time
20 Mar 2024 • 19:13
Reference
NMB-2403-345414
Error code
UGR-780
Issue
Card payment declined
Get help
Back to activity"
0002,screenshots/augmented/synthetic_bank_0002_rot.png,Sinhala,Sinhala,rotation,"09:45
4G
Nova Mobile Banking
Secure transaction centre
DECLINED
USD 1,290.57
ඔබගේ කාඩ් ගෙවීම ප්‍රතික්ෂේප විය.
Date & time
20 Mar 2024 • 19:13
Reference
NMB-2403-345414
Error code
UGR-780
Issue
Card payment declined
Get help
Back to activity"
0002,screenshots/augmented/synthetic_bank_0002_lowres.png,Sinhala,Sinhala,low-resolution,"09:45
4G
Nova Mobile Banking
Secure transaction centre
DECLINED
USD 1,290.57
ඔබගේ කාඩ් ගෙවීම ප්‍රතික්ෂේප විය.
Date & time
20 Mar 2024 • 19:13
Reference
NMB-2403-345414
Error code
UGR-780
Issue
Card payment declined
Get help
Back to activity"
0003,screenshots/synthetic_bank_0003.png,Tanglish,Latin,clean,"11:10
4G
Nova Mobile Banking
Secure transaction centre
PENDING
SGD 2,177.48
Refund innum pending-la irukku.
Date & time
30 May 2026 • 15:56
Reference
NMB-2605-586501
Error code
SRD-394
Issue
Refund pending
Get help
Back to activity"
0003,screenshots/augmented/synthetic_bank_0003_blur.png,Tanglish,Latin,blur,"11:10
4G
Nova Mobile Banking
Secure transaction centre
PENDING
SGD 2,177.48
Refund innum pending-la irukku.
Date & time
30 May 2026 • 15:56
Reference
NMB-2605-586501
Error code
SRD-394
Issue
Refund pending
Get help
Back to activity"
0003,screenshots/augmented/synthetic_bank_0003_rot.png,Tanglish,Latin,rotation,"11:10
4G
Nova Mobile Banking
Secure transaction centre
PENDING
SGD 2,177.48
Refund innum pending-la irukku.
Date & time
30 May 2026 • 15:56
Reference
NMB-2605-586501
Error code
SRD-394
Issue
Refund pending
Get help
Back to activity"
0003,screenshots/augmented/synthetic_bank_0003_lowres.png,Tanglish,Latin,low-resolution,"11:10
4G
Nova Mobile Banking
Secure transaction centre
PENDING
SGD 2,177.48
Refund innum pending-la irukku.
Date & time
30 May 2026 • 15:56
Reference
NMB-2605-586501
Error code
SRD-394
Issue
Refund pending
Get help
Back to activity"
0004,screenshots/synthetic_bank_0004.png,Tamil,Tamil,clean,"13:30
4G
Nova Mobile Banking
Secure transaction centre
URGENT
USD 530.48
நீங்கள் அறியாத பரிவர்த்தனை பதிவாகியுள்ளது.
Date & time
12 Mar 2024 • 08:04
Reference
NMB-2403-863422
Error code
AAG-693
Issue
Unauthorized transaction
Secure account
Back to activity"
0004,screenshots/augmented/synthetic_bank_0004_blur.png,Tamil,Tamil,blur,"13:30
4G
Nova Mobile Banking
Secure transaction centre
URGENT
USD 530.48
நீங்கள் அறியாத பரிவர்த்தனை பதிவாகியுள்ளது.
Date & time
12 Mar 2024 • 08:04
Reference
NMB-2403-863422
Error code
AAG-693
Issue
Unauthorized transaction
Secure account
Back to activity"
0004,screenshots/augmented/synthetic_bank_0004_rot.png,Tamil,Tamil,rotation,"13:30
4G
Nova Mobile Banking
Secure transaction centre
URGENT
USD 530.48
நீங்கள் அறியாத பரிவர்த்தனை பதிவாகியுள்ளது.
Date & time
12 Mar 2024 • 08:04
Reference
NMB-2403-863422
Error code
AAG-693
Issue
Unauthorized transaction
Secure account
Back to activity"
0004,screenshots/augmented/synthetic_bank_0004_lowres.png,Tamil,Tamil,low-resolution,"13:30
4G
Nova Mobile Banking
Secure transaction centre
URGENT
USD 530.48
நீங்கள் அறியாத பரிவர்த்தனை பதிவாகியுள்ளது.
Date & time
12 Mar 2024 • 08:04
Reference
NMB-2403-863422
Error code
AAG-693
Issue
Unauthorized transaction
Secure account
Back to activity"
0005,screenshots/synthetic_bank_0005.png,English,Latin,clean,"16:10
4G
Nova Mobile Banking
Secure transaction centre
URGENT
SGD 1,578.43
Freeze your stolen card immediately.
Date & time
11 Dec 2024 • 23:12
Reference
NMB-2412-214346
Error code
YWH-883
Issue
Card stolen
Freeze card
Back to activity"
0005,screenshots/augmented/synthetic_bank_0005_blur.png,English,Latin,blur,"16:10
4G
Nova Mobile Banking
Secure transaction centre
URGENT
SGD 1,578.43
Freeze your stolen card immediately.
Date & time
11 Dec 2024 • 23:12
Reference
NMB-2412-214346
Error code
YWH-883
Issue
Card stolen
Freeze card
Back to activity"
0005,screenshots/augmented/synthetic_bank_0005_rot.png,English,Latin,rotation,"16:10
4G
Nova Mobile Banking
Secure transaction centre
URGENT
SGD 1,578.43
Freeze your stolen card immediately.
Date & time
11 Dec 2024 • 23:12
Reference
NMB-2412-214346
Error code
YWH-883
Issue
Card stolen
Freeze card
Back to activity"
0005,screenshots/augmented/synthetic_bank_0005_lowres.png,English,Latin,low-resolution,"16:10
4G
Nova Mobile Banking
Secure transaction centre
URGENT
SGD 1,578.43
Freeze your stolen card immediately.
Date & time
11 Dec 2024 • 23:12
Reference
NMB-2412-214346
Error code
YWH-883
Issue
Card stolen
Freeze card
Back to activity"
0006,screenshots/synthetic_bank_0006.png,Mixed-language,Latin,clean,"16:00
4G
Nova Mobile Banking
Secure transaction centre
FAILED
USD 2,019.70
Salli transfer eka complete une naha. Money transfer complete aagala.
Date & time
01 Jun 2026 • 03:38
Reference
NMB-2606-804771
Error code
IOO-666
Issue
Transfer failed
Get help
Back to activity"
0006,screenshots/augmented/synthetic_bank_0006_blur.png,Mixed-language,Latin,blur,"16:00
4G
Nova Mobile Banking
Secure transaction centre
FAILED
USD 2,019.70
Salli transfer eka complete une naha. Money transfer complete aagala.
Date & time
01 Jun 2026 • 03:38
Reference
NMB-2606-804771
Error code
IOO-666
Issue
Transfer failed
Get help
Back to activity"
0006,screenshots/augmented/synthetic_bank_0006_rot.png,Mixed-language,Latin,rotation,"16:00
4G
Nova Mobile Banking
Secure transaction centre
FAILED
USD 2,019.70
Salli transfer eka complete une naha. Money transfer complete aagala.
Date & time
01 Jun 2026 • 03:38
Reference
NMB-2606-804771
Error code
IOO-666
Issue
Transfer failed
Get help
Back to activity"
0006,screenshots/augmented/synthetic_bank_0006_lowres.png,Mixed-language,Latin,low-resolution,"16:00
4G
Nova Mobile Banking
Secure transaction centre
FAILED
USD 2,019.70
Salli transfer eka complete une naha. Money transfer complete aagala.
Date & time
01 Jun 2026 • 03:38
Reference
NMB-2606-804771
Error code
IOO-666
Issue
Transfer failed
Get help
Back to activity"
0007,screenshots/synthetic_bank_0007.png,Sinhala,Sinhala,clean,"09:00
4G
Nova Mobile Banking
Secure transaction centre
DECLINED
EUR 476.18
ඔබගේ කාඩ් ගෙවීම ප්‍රතික්ෂේප විය.
Date & time
18 Mar 2025 • 02:56
Reference
NMB-2503-312052
Error code
XBG-791
Issue
Card payment declined
Get help
Back to activity"
0007,screenshots/augmented/synthetic_bank_0007_blur.png,Sinhala,Sinhala,blur,"09:00
4G
Nova Mobile Banking
Secure transaction centre
DECLINED
EUR 476.18
ඔබගේ කාඩ් ගෙවීම ප්‍රතික්ෂේප විය.
Date & time
18 Mar 2025 • 02:56
Reference
NMB-2503-312052
Error code
XBG-791
Issue
Card payment declined
Get help
Back to activity"
0007,screenshots/augmented/synthetic_bank_0007_rot.png,Sinhala,Sinhala,rotation,"09:00
4G
Nova Mobile Banking
Secure transaction centre
DECLINED
EUR 476.18
ඔබගේ කාඩ් ගෙවීම ප්‍රතික්ෂේප විය.
Date & time
18 Mar 2025 • 02:56
Reference
NMB-2503-312052
Error code
XBG-791
Issue
Card payment declined
Get help
Back to activity"
0007,screenshots/augmented/synthetic_bank_0007_lowres.png,Sinhala,Sinhala,low-resolution,"09:00
4G
Nova Mobile Banking
Secure transaction centre
DECLINED
EUR 476.18
ඔබගේ කාඩ් ගෙවීම ප්‍රතික්ෂේප විය.
Date & time
18 Mar 2025 • 02:56
Reference
NMB-2503-312052
Error code
XBG-791
Issue
Card payment declined
Get help
Back to activity"
0008,screenshots/synthetic_bank_0008.png,Sinhala,Sinhala,clean,"17:10
4G
Nova Mobile Banking
Secure transaction centre
DECLINED
EUR 2,092.88
ඔබගේ කාඩ් ගෙවීම ප්‍රතික්ෂේප විය.
Date & time
03 Dec 2024 • 00:12
Reference
NMB-2412-736013
Error code
JKP-663
Issue
Card payment declined
Get help
Back to activity"
0008,screenshots/augmented/synthetic_bank_0008_blur.png,Sinhala,Sinhala,blur,"17:10
4G
Nova Mobile Banking
Secure transaction centre
DECLINED
EUR 2,092.88
ඔබගේ කාඩ් ගෙවීම ප්‍රතික්ෂේප විය.
Date & time
03 Dec 2024 • 00:12
Reference
NMB-2412-736013
Error code
JKP-663
Issue
Card payment declined
Get help
Back to activity"
0008,screenshots/augmented/synthetic_bank_0008_rot.png,Sinhala,Sinhala,rotation,"17:10
4G
Nova Mobile Banking
Secure transaction centre
DECLINED
EUR 2,092.88
ඔබගේ කාඩ් ගෙවීම ප්‍රතික්ෂේප විය.
Date & time
03 Dec 2024 • 00:12
Reference
NMB-2412-736013
Error code
JKP-663
Issue
Card payment declined
Get help
Back to activity"
0008,screenshots/augmented/synthetic_bank_0008_lowres.png,Sinhala,Sinhala,low-resolution,"17:10
4G
Nova Mobile Banking
Secure transaction centre
DECLINED
EUR 2,092.88
ඔබගේ කාඩ් ගෙවීම ප්‍රතික්ෂේප විය.
Date & time
03 Dec 2024 • 00:12
Reference
NMB-2412-736013
Error code
JKP-663
Issue
Card payment declined
Get help
Back to activity"
0009,screenshots/synthetic_bank_0009.png,Tamil,Tamil,clean,"09:30
4G
Nova Mobile Banking
Secure transaction centre
FAILED
SGD 2,204.93
பணப் பரிமாற்றத்தை நிறைவு செய்ய முடியவில்லை.
Date & time
29 Apr 2025 • 16:51
Reference
NMB-2504-684776
Error code
SVP-109
Issue
Transfer failed
Get help
Back to activity"
0009,screenshots/augmented/synthetic_bank_0009_blur.png,Tamil,Tamil,blur,"09:30
4G
Nova Mobile Banking
Secure transaction centre
FAILED
SGD 2,204.93
பணப் பரிமாற்றத்தை நிறைவு செய்ய முடியவில்லை.
Date & time
29 Apr 2025 • 16:51
Reference
NMB-2504-684776
Error code
SVP-109
Issue
Transfer failed
Get help
Back to activity"
0009,screenshots/augmented/synthetic_bank_0009_rot.png,Tamil,Tamil,rotation,"09:30
4G
Nova Mobile Banking
Secure transaction centre
FAILED
SGD 2,204.93
பணப் பரிமாற்றத்தை நிறைவு செய்ய முடியவில்லை.
Date & time
29 Apr 2025 • 16:51
Reference
NMB-2504-684776
Error code
SVP-109
Issue
Transfer failed
Get help
Back to activity"
0009,screenshots/augmented/synthetic_bank_0009_lowres.png,Tamil,Tamil,low-resolution,"09:30
4G
Nova Mobile Banking
Secure transaction centre
FAILED
SGD 2,204.93
பணப் பரிமாற்றத்தை நிறைவு செய்ய முடியவில்லை.
Date & time
29 Apr 2025 • 16:51
Reference
NMB-2504-684776
Error code
SVP-109
Issue
Transfer failed
Get help
Back to activity"
0010,screenshots/synthetic_bank_0010.png,English,Latin,clean,"11:00
4G
Nova Mobile Banking
Secure transaction centre
FAILED
GBP 1,176.45
We could not complete this cash withdrawal.
Date & time
29 May 2024 • 10:31
Reference
NMB-2405-332573
Error code
DEO-702
Issue
Cash withdrawal failure
Get help
Back to activity"
0010,screenshots/augmented/synthetic_bank_0010_blur.png,English,Latin,blur,"11:00
4G
Nova Mobile Banking
Secure transaction centre
FAILED
GBP 1,176.45
We could not complete this cash withdrawal.
Date & time
29 May 2024 • 10:31
Reference
NMB-2405-332573
Error code
DEO-702
Issue
Cash withdrawal failure
Get help
Back to activity"
0010,screenshots/augmented/synthetic_bank_0010_rot.png,English,Latin,rotation,"11:00
4G
Nova Mobile Banking
Secure transaction centre
FAILED
GBP 1,176.45
We could not complete this cash withdrawal.
Date & time
29 May 2024 • 10:31
Reference
NMB-2405-332573
Error code
DEO-702
Issue
Cash withdrawal failure
Get help
Back to activity"
0010,screenshots/augmented/synthetic_bank_0010_lowres.png,English,Latin,low-resolution,"11:00
4G
Nova Mobile Banking
Secure transaction centre
FAILED
GBP 1,176.45
We could not complete this cash withdrawal.
Date & time
29 May 2024 • 10:31
Reference
NMB-2405-332573
Error code
DEO-702
Issue
Cash withdrawal failure
Get help
Back to activity"
0011,screenshots/synthetic_bank_0011.png,Tanglish,Latin,clean,"09:00
4G
Nova Mobile Banking
Secure transaction centre
PENDING
GBP 1,920.62
Balance innum update aagala.
Date & time
15 Jun 2024 • 06:30
Reference
NMB-2406-589452
Error code
TBZ-432
Issue
Balance not updated
Get help
Back to activity"
0011,screenshots/augmented/synthetic_bank_0011_blur.png,Tanglish,Latin,blur,"09:00
4G
Nova Mobile Banking
Secure transaction centre
PENDING
GBP 1,920.62
Balance innum update aagala.
Date & time
15 Jun 2024 • 06:30
Reference
NMB-2406-589452
Error code
TBZ-432
Issue
Balance not updated
Get help
Back to activity"
0011,screenshots/augmented/synthetic_bank_0011_rot.png,Tanglish,Latin,rotation,"09:00
4G
Nova Mobile Banking
Secure transaction centre
PENDING
GBP 1,920.62
Balance innum update aagala.
Date & time
15 Jun 2024 • 06:30
Reference
NMB-2406-589452
Error code
TBZ-432
Issue
Balance not updated
Get help
Back to activity"
0011,screenshots/augmented/synthetic_bank_0011_lowres.png,Tanglish,Latin,low-resolution,"09:00
4G
Nova Mobile Banking
Secure transaction centre
PENDING
GBP 1,920.62
Balance innum update aagala.
Date & time
15 Jun 2024 • 06:30
Reference
NMB-2406-589452
Error code
TBZ-432
Issue
Balance not updated
Get help
Back to activity"
0012,screenshots/synthetic_bank_0012.png,Mixed-language,Latin,clean,"19:30
4G
Nova Mobile Banking
Secure transaction centre
URGENT
EUR 1,581.12
Mama nodanna transaction ekak thiyenawa. Enakku theriyatha transaction irukku.
Date & time
09 Apr 2026 • 22:26
Reference
NMB-2604-238890
Error code
ZBT-506
Issue
Unauthorized transaction
Secure account
Back to activity"
0012,screenshots/augmented/synthetic_bank_0012_blur.png,Mixed-language,Latin,blur,"19:30
4G
Nova Mobile Banking
Secure transaction centre
URGENT
EUR 1,581.12
Mama nodanna transaction ekak thiyenawa. Enakku theriyatha transaction irukku.
Date & time
09 Apr 2026 • 22:26
Reference
NMB-2604-238890
Error code
ZBT-506
Issue
Unauthorized transaction
Secure account
Back to activity"
0012,screenshots/augmented/synthetic_bank_0012_rot.png,Mixed-language,Latin,rotation,"19:30
4G
Nova Mobile Banking
Secure transaction centre
URGENT
EUR 1,581.12
Mama nodanna transaction ekak thiyenawa. Enakku theriyatha transaction irukku.
Date & time
09 Apr 2026 • 22:26
Reference
NMB-2604-238890
Error code
ZBT-506
Issue
Unauthorized transaction
Secure account
Back to activity"
0012,screenshots/augmented/synthetic_bank_0012_lowres.png,Mixed-language,Latin,low-resolution,"19:30
4G
Nova Mobile Banking
Secure transaction centre
URGENT
EUR 1,581.12
Mama nodanna transaction ekak thiyenawa. Enakku theriyatha transaction irukku.
Date & time
09 Apr 2026 • 22:26
Reference
NMB-2604-238890
Error code
ZBT-506
Issue
Unauthorized transaction
Secure account
Back to activity"
0013,screenshots/synthetic_bank_0013.png,Tamil,Tamil,clean,"22:05
4G
Nova Mobile Banking
Secure transaction centre
REVIEW
EUR 1,775.63
பணம் எடுத்த கட்டணம் தவறாக இருக்கலாம்.
Date & time
18 Jul 2024 • 12:22
Reference
NMB-2407-957078
Error code
DKU-839
Issue
Cash withdrawal charged incorrectly
Get help
Back to activity"
0013,screenshots/augmented/synthetic_bank_0013_blur.png,Tamil,Tamil,blur,"22:05
4G
Nova Mobile Banking
Secure transaction centre
REVIEW
EUR 1,775.63
பணம் எடுத்த கட்டணம் தவறாக இருக்கலாம்.
Date & time
18 Jul 2024 • 12:22
Reference
NMB-2407-957078
Error code
DKU-839
Issue
Cash withdrawal charged incorrectly
Get help
Back to activity"
0013,screenshots/augmented/synthetic_bank_0013_rot.png,Tamil,Tamil,rotation,"22:05
4G
Nova Mobile Banking
Secure transaction centre
REVIEW
EUR 1,775.63
பணம் எடுத்த கட்டணம் தவறாக இருக்கலாம்.
Date & time
18 Jul 2024 • 12:22
Reference
NMB-2407-957078
Error code
DKU-839
Issue
Cash withdrawal charged incorrectly
Get help
Back to activity"
0013,screenshots/augmented/synthetic_bank_0013_lowres.png,Tamil,Tamil,low-resolution,"22:05
4G
Nova Mobile Banking
Secure transaction centre
REVIEW
EUR 1,775.63
பணம் எடுத்த கட்டணம் தவறாக இருக்கலாம்.
Date & time
18 Jul 2024 • 12:22
Reference
NMB-2407-957078
Error code
DKU-839
Issue
Cash withdrawal charged incorrectly
Get help
Back to activity"
0014,screenshots/synthetic_bank_0014.png,English,Latin,clean,"11:10
4G
Nova Mobile Banking
Secure transaction centre
FAILED
EUR 1,116.34
We could not complete this cash withdrawal.
Date & time
07 Sep 2024 • 23:08
Reference
NMB-2409-192098
Error code
UVB-184
Issue
Cash withdrawal failure
Get help
Back to activity"
0014,screenshots/augmented/synthetic_bank_0014_blur.png,English,Latin,blur,"11:10
4G
Nova Mobile Banking
Secure transaction centre
FAILED
EUR 1,116.34
We could not complete this cash withdrawal.
Date & time
07 Sep 2024 • 23:08
Reference
NMB-2409-192098
Error code
UVB-184
Issue
Cash withdrawal failure
Get help
Back to activity"
0014,screenshots/augmented/synthetic_bank_0014_rot.png,English,Latin,rotation,"11:10
4G
Nova Mobile Banking
Secure transaction centre
FAILED
EUR 1,116.34
We could not complete this cash withdrawal.
Date & time
07 Sep 2024 • 23:08
Reference
NMB-2409-192098
Error code
UVB-184
Issue
Cash withdrawal failure
Get help
Back to activity"
0014,screenshots/augmented/synthetic_bank_0014_lowres.png,English,Latin,low-resolution,"11:10
4G
Nova Mobile Banking
Secure transaction centre
FAILED
EUR 1,116.34
We could not complete this cash withdrawal.
Date & time
07 Sep 2024 • 23:08
Reference
NMB-2409-192098
Error code
UVB-184
Issue
Cash withdrawal failure
Get help
Back to activity"
0015,screenshots/synthetic_bank_0015.png,Singlish,Latin,clean,"14:00
4G
Nova Mobile Banking
Secure transaction centre
FAILED
USD 924.77
Beneficiary add karanna bari una.
Date & time
09 Dec 2024 • 18:58
Reference
NMB-2412-494711
Error code
LAE-270
Issue
Beneficiary not added
Get help
Back to activity"
0015,screenshots/augmented/synthetic_bank_0015_blur.png,Singlish,Latin,blur,"14:00
4G
Nova Mobile Banking
Secure transaction centre
FAILED
USD 924.77
Beneficiary add karanna bari una.
Date & time
09 Dec 2024 • 18:58
Reference
NMB-2412-494711
Error code
LAE-270
Issue
Beneficiary not added
Get help
Back to activity"
0015,screenshots/augmented/synthetic_bank_0015_rot.png,Singlish,Latin,rotation,"14:00
4G
Nova Mobile Banking
Secure transaction centre
FAILED
USD 924.77
Beneficiary add karanna bari una.
Date & time
09 Dec 2024 • 18:58
Reference
NMB-2412-494711
Error code
LAE-270
Issue
Beneficiary not added
Get help
Back to activity"
0015,screenshots/augmented/synthetic_bank_0015_lowres.png,Singlish,Latin,low-resolution,"14:00
4G
Nova Mobile Banking
Secure transaction centre
FAILED
USD 924.77
Beneficiary add karanna bari una.
Date & time
09 Dec 2024 • 18:58
Reference
NMB-2412-494711
Error code
LAE-270
Issue
Beneficiary not added
Get help
Back to activity"
0016,screenshots/synthetic_bank_0016.png,Tamil,Tamil,clean,"14:00
4G
Nova Mobile Banking
Secure transaction centre
FAILED
LKR 2,391.16
பணப் பரிமாற்றத்தை நிறைவு செய்ய முடியவில்லை.
Date & time
20 Jul 2024 • 21:54
Reference
NMB-2407-785875
Error code
MVB-274
Issue
Transfer failed
Get help
Back to activity"
0016,screenshots/augmented/synthetic_bank_0016_blur.png,Tamil,Tamil,blur,"14:00
4G
Nova Mobile Banking
Secure transaction centre
FAILED
LKR 2,391.16
பணப் பரிமாற்றத்தை நிறைவு செய்ய முடியவில்லை.
Date & time
20 Jul 2024 • 21:54
Reference
NMB-2407-785875
Error code
MVB-274
Issue
Transfer failed
Get help
Back to activity"
0016,screenshots/augmented/synthetic_bank_0016_rot.png,Tamil,Tamil,rotation,"14:00
4G
Nova Mobile Banking
Secure transaction centre
FAILED
LKR 2,391.16
பணப் பரிமாற்றத்தை நிறைவு செய்ய முடியவில்லை.
Date & time
20 Jul 2024 • 21:54
Reference
NMB-2407-785875
Error code
MVB-274
Issue
Transfer failed
Get help
Back to activity"
0016,screenshots/augmented/synthetic_bank_0016_lowres.png,Tamil,Tamil,low-resolution,"14:00
4G
Nova Mobile Banking
Secure transaction centre
FAILED
LKR 2,391.16
பணப் பரிமாற்றத்தை நிறைவு செய்ய முடியவில்லை.
Date & time
20 Jul 2024 • 21:54
Reference
NMB-2407-785875
Error code
MVB-274
Issue
Transfer failed
Get help
Back to activity"
0017,screenshots/synthetic_bank_0017.png,Singlish,Latin,clean,"18:45
4G
Nova Mobile Banking
Secure transaction centre
FAILED
EUR 2,354.66
Salli ganna transaction eka fail una.
Date & time
19 Oct 2025 • 07:51
Reference
NMB-2510-236742
Error code
VJA-460
Issue
Cash withdrawal failure
Get help
Back to activity"
0017,screenshots/augmented/synthetic_bank_0017_blur.png,Singlish,Latin,blur,"18:45
4G
Nova Mobile Banking
Secure transaction centre
FAILED
EUR 2,354.66
Salli ganna transaction eka fail una.
Date & time
19 Oct 2025 • 07:51
Reference
NMB-2510-236742
Error code
VJA-460
Issue
Cash withdrawal failure
Get help
Back to activity"
0017,screenshots/augmented/synthetic_bank_0017_rot.png,Singlish,Latin,rotation,"18:45
4G
Nova Mobile Banking
Secure transaction centre
FAILED
EUR 2,354.66
Salli ganna transaction eka fail una.
Date & time
19 Oct 2025 • 07:51
Reference
NMB-2510-236742
Error code
VJA-460
Issue
Cash withdrawal failure
Get help
Back to activity"
0017,screenshots/augmented/synthetic_bank_0017_lowres.png,Singlish,Latin,low-resolution,"18:45
4G
Nova Mobile Banking
Secure transaction centre
FAILED
EUR 2,354.66
Salli ganna transaction eka fail una.
Date & time
19 Oct 2025 • 07:51
Reference
NMB-2510-236742
Error code
VJA-460
Issue
Cash withdrawal failure
Get help
Back to activity"
0018,screenshots/synthetic_bank_0018.png,Tanglish,Latin,clean,"10:00
4G
Nova Mobile Banking
Secure transaction centre
PENDING
SGD 2,388.22
Refund innum pending-la irukku.
Date & time
18 Nov 2025 • 12:14
Reference
NMB-2511-738032
Error code
OLD-722
Issue
Refund pending
Get help
Back to activity"
0018,screenshots/augmented/synthetic_bank_0018_blur.png,Tanglish,Latin,blur,"10:00
4G
Nova Mobile Banking
Secure transaction centre
PENDING
SGD 2,388.22
Refund innum pending-la irukku.
Date & time
18 Nov 2025 • 12:14
Reference
NMB-2511-738032
Error code
OLD-722
Issue
Refund pending
Get help
Back to activity"
0018,screenshots/augmented/synthetic_bank_0018_rot.png,Tanglish,Latin,rotation,"10:00
4G
Nova Mobile Banking
Secure transaction centre
PENDING
SGD 2,388.22
Refund innum pending-la irukku.
Date & time
18 Nov 2025 • 12:14
Reference
NMB-2511-738032
Error code
OLD-722
Issue
Refund pending
Get help
Back to activity"
0018,screenshots/augmented/synthetic_bank_0018_lowres.png,Tanglish,Latin,low-resolution,"10:00
4G
Nova Mobile Banking
Secure transaction centre
PENDING
SGD 2,388.22
Refund innum pending-la irukku.
Date & time
18 Nov 2025 • 12:14
Reference
NMB-2511-738032
Error code
OLD-722
Issue
Refund pending
Get help
Back to activity"
0019,screenshots/synthetic_bank_0019.png,English,Latin,clean,"08:10
4G
Nova Mobile Banking
Secure transaction centre
PENDING
EUR 1,496.53
Your transfer is still being processed.
Date & time
30 Jul 2024 • 04:37
Reference
NMB-2407-739324
Error code
DPG-835
Issue
Transfer pending
Get help
Back to activity"
0019,screenshots/augmented/synthetic_bank_0019_blur.png,English,Latin,blur,"08:10
4G
Nova Mobile Banking
Secure transaction centre
PENDING
EUR 1,496.53
Your transfer is still being processed.
Date & time
30 Jul 2024 • 04:37
Reference
NMB-2407-739324
Error code
DPG-835
Issue
Transfer pending
Get help
Back to activity"
0019,screenshots/augmented/synthetic_bank_0019_rot.png,English,Latin,rotation,"08:10
4G
Nova Mobile Banking
Secure transaction centre
PENDING
EUR 1,496.53
Your transfer is still being processed.
Date & time
30 Jul 2024 • 04:37
Reference
NMB-2407-739324
Error code
DPG-835
Issue
Transfer pending
Get help
Back to activity"
0019,screenshots/augmented/synthetic_bank_0019_lowres.png,English,Latin,low-resolution,"08:10
4G
Nova Mobile Banking
Secure transaction centre
PENDING
EUR 1,496.53
Your transfer is still being processed.
Date & time
30 Jul 2024 • 04:37
Reference
NMB-2407-739324
Error code
DPG-835
Issue
Transfer pending
Get help
Back to activity"
0020,screenshots/synthetic_bank_0020.png,English,Latin,clean,"22:30
4G
Nova Mobile Banking
Secure transaction centre
URGENT
GBP 525.34
Freeze your stolen card immediately.
Date & time
18 Jan 2024 • 03:04
Reference
NMB-2401-969160
Error code
JGM-520
Issue
Card stolen
Freeze card
Back to activity"
0020,screenshots/augmented/synthetic_bank_0020_blur.png,English,Latin,blur,"22:30
4G
Nova Mobile Banking
Secure transaction centre
URGENT
GBP 525.34
Freeze your stolen card immediately.
Date & time
18 Jan 2024 • 03:04
Reference
NMB-2401-969160
Error code
JGM-520
Issue
Card stolen
Freeze card
Back to activity"
0020,screenshots/augmented/synthetic_bank_0020_rot.png,English,Latin,rotation,"22:30
4G
Nova Mobile Banking
Secure transaction centre
URGENT
GBP 525.34
Freeze your stolen card immediately.
Date & time
18 Jan 2024 • 03:04
Reference
NMB-2401-969160
Error code
JGM-520
Issue
Card stolen
Freeze card
Back to activity"
0020,screenshots/augmented/synthetic_bank_0020_lowres.png,English,Latin,low-resolution,"22:30
4G
Nova Mobile Banking
Secure transaction centre
URGENT
GBP 525.34
Freeze your stolen card immediately.
Date & time
18 Jan 2024 • 03:04
Reference
NMB-2401-969160
Error code
JGM-520
Issue
Card stolen
Freeze card
Back to activity"
0021,screenshots/synthetic_bank_0021.png,English,Latin,clean,"10:45
4G
Nova Mobile Banking
Secure transaction centre
PENDING
GBP 957.33
Your transfer is still being processed.
Date & time
23 Jul 2024 • 01:51
Reference
NMB-2407-915141
Error code
XFE-598
Issue
Transfer pending
Get help
Back to activity"
0021,screenshots/augmented/synthetic_bank_0021_blur.png,English,Latin,blur,"10:45
4G
Nova Mobile Banking
Secure transaction centre
PENDING
GBP 957.33
Your transfer is still being processed.
Date & time
23 Jul 2024 • 01:51
Reference
NMB-2407-915141
Error code
XFE-598
Issue
Transfer pending
Get help
Back to activity"
0021,screenshots/augmented/synthetic_bank_0021_rot.png,English,Latin,rotation,"10:45
4G
Nova Mobile Banking
Secure transaction centre
PENDING
GBP 957.33
Your transfer is still being processed.
Date & time
23 Jul 2024 • 01:51
Reference
NMB-2407-915141
Error code
XFE-598
Issue
Transfer pending
Get help
Back to activity"
0021,screenshots/augmented/synthetic_bank_0021_lowres.png,English,Latin,low-resolution,"10:45
4G
Nova Mobile Banking
Secure transaction centre
PENDING
GBP 957.33
Your transfer is still being processed.
Date & time
23 Jul 2024 • 01:51
Reference
NMB-2407-915141
Error code
XFE-598
Issue
Transfer pending
Get help
Back to activity"
0022,screenshots/synthetic_bank_0022.png,Sinhala,Sinhala,clean,"14:45
4G
Nova Mobile Banking
Secure transaction centre
PENDING
SGD 1,360.37
ඔබගේ ශේෂය තවම යාවත්කාලීන වී නැත.
Date & time
26 Jan 2026 • 23:35
Reference
NMB-2601-324330
Error code
OTL-740
Issue
Balance not updated
Get help
Back to activity"
0022,screenshots/augmented/synthetic_bank_0022_blur.png,Sinhala,Sinhala,blur,"14:45
4G
Nova Mobile Banking
Secure transaction centre
PENDING
SGD 1,360.37
ඔබගේ ශේෂය තවම යාවත්කාලීන වී නැත.
Date & time
26 Jan 2026 • 23:35
Reference
NMB-2601-324330
Error code
OTL-740
Issue
Balance not updated
Get help
Back to activity"
0022,screenshots/augmented/synthetic_bank_0022_rot.png,Sinhala,Sinhala,rotation,"14:45
4G
Nova Mobile Banking
Secure transaction centre
PENDING
SGD 1,360.37
ඔබගේ ශේෂය තවම යාවත්කාලීන වී නැත.
Date & time
26 Jan 2026 • 23:35
Reference
NMB-2601-324330
Error code
OTL-740
Issue
Balance not updated
Get help
Back to activity"
0022,screenshots/augmented/synthetic_bank_0022_lowres.png,Sinhala,Sinhala,low-resolution,"14:45
4G
Nova Mobile Banking
Secure transaction centre
PENDING
SGD 1,360.37
ඔබගේ ශේෂය තවම යාවත්කාලීන වී නැත.
Date & time
26 Jan 2026 • 23:35
Reference
NMB-2601-324330
Error code
OTL-740
Issue
Balance not updated
Get help
Back to activity"
0023,screenshots/synthetic_bank_0023.png,Singlish,Latin,clean,"10:45
4G
Nova Mobile Banking
Secure transaction centre
FAILED
LKR 1,079.39
Salli ganna transaction eka fail una.
Date & time
28 Oct 2025 • 00:44
Reference
NMB-2510-787776
Error code
PKB-846
Issue
Cash withdrawal failure
Get help
Back to activity"
0023,screenshots/augmented/synthetic_bank_0023_blur.png,Singlish,Latin,blur,"10:45
4G
Nova Mobile Banking
Secure transaction centre
FAILED
LKR 1,079.39
Salli ganna transaction eka fail una.
Date & time
28 Oct 2025 • 00:44
Reference
NMB-2510-787776
Error code
PKB-846
Issue
Cash withdrawal failure
Get help
Back to activity"
0023,screenshots/augmented/synthetic_bank_0023_rot.png,Singlish,Latin,rotation,"10:45
4G
Nova Mobile Banking
Secure transaction centre
FAILED
LKR 1,079.39
Salli ganna transaction eka fail una.
Date & time
28 Oct 2025 • 00:44
Reference
NMB-2510-787776
Error code
PKB-846
Issue
Cash withdrawal failure
Get help
Back to activity"
0023,screenshots/augmented/synthetic_bank_0023_lowres.png,Singlish,Latin,low-resolution,"10:45
4G
Nova Mobile Banking
Secure transaction centre
FAILED
LKR 1,079.39
Salli ganna transaction eka fail una.
Date & time
28 Oct 2025 • 00:44
Reference
NMB-2510-787776
Error code
PKB-846
Issue
Cash withdrawal failure
Get help
Back to activity"
0024,screenshots/synthetic_bank_0024.png,Mixed-language,Latin,clean,"20:45
4G
Nova Mobile Banking
Secure transaction centre
URGENT
USD 2,053.03
Mama nodanna transaction ekak thiyenawa. Enakku theriyatha transaction irukku.
Date & time
09 May 2024 • 03:27
Reference
NMB-2405-862048
Error code
UMB-926
Issue
Unauthorized transaction
Secure account
Back to activity"
0024,screenshots/augmented/synthetic_bank_0024_blur.png,Mixed-language,Latin,blur,"20:45
4G
Nova Mobile Banking
Secure transaction centre
URGENT
USD 2,053.03
Mama nodanna transaction ekak thiyenawa. Enakku theriyatha transaction irukku.
Date & time
09 May 2024 • 03:27
Reference
NMB-2405-862048
Error code
UMB-926
Issue
Unauthorized transaction
Secure account
Back to activity"
0024,screenshots/augmented/synthetic_bank_0024_rot.png,Mixed-language,Latin,rotation,"20:45
4G
Nova Mobile Banking
Secure transaction centre
URGENT
USD 2,053.03
Mama nodanna transaction ekak thiyenawa. Enakku theriyatha transaction irukku.
Date & time
09 May 2024 • 03:27
Reference
NMB-2405-862048
Error code
UMB-926
Issue
Unauthorized transaction
Secure account
Back to activity"
0024,screenshots/augmented/synthetic_bank_0024_lowres.png,Mixed-language,Latin,low-resolution,"20:45
4G
Nova Mobile Banking
Secure transaction centre
URGENT
USD 2,053.03
Mama nodanna transaction ekak thiyenawa. Enakku theriyatha transaction irukku.
Date & time
09 May 2024 • 03:27
Reference
NMB-2405-862048
Error code
UMB-926
Issue
Unauthorized transaction
Secure account
Back to activity"
0025,screenshots/synthetic_bank_0025.png,Sinhala,Sinhala,clean,"15:15
4G
Nova Mobile Banking
Secure transaction centre
DECLINED
SGD 766.09
ඔබගේ කාඩ් ගෙවීම ප්‍රතික්ෂේප විය.
Date & time
05 Aug 2025 • 01:24
Reference
NMB-2508-612954
Error code
YVZ-991
Issue
Card payment declined
Get help
Back to activity"
0025,screenshots/augmented/synthetic_bank_0025_blur.png,Sinhala,Sinhala,blur,"15:15
4G
Nova Mobile Banking
Secure transaction centre
DECLINED
SGD 766.09
ඔබගේ කාඩ් ගෙවීම ප්‍රතික්ෂේප විය.
Date & time
05 Aug 2025 • 01:24
Reference
NMB-2508-612954
Error code
YVZ-991
Issue
Card payment declined
Get help
Back to activity"
0025,screenshots/augmented/synthetic_bank_0025_rot.png,Sinhala,Sinhala,rotation,"15:15
4G
Nova Mobile Banking
Secure transaction centre
DECLINED
SGD 766.09
ඔබගේ කාඩ් ගෙවීම ප්‍රතික්ෂේප විය.
Date & time
05 Aug 2025 • 01:24
Reference
NMB-2508-612954
Error code
YVZ-991
Issue
Card payment declined
Get help
Back to activity"
0025,screenshots/augmented/synthetic_bank_0025_lowres.png,Sinhala,Sinhala,low-resolution,"15:15
4G
Nova Mobile Banking
Secure transaction centre
DECLINED
SGD 766.09
ඔබගේ කාඩ් ගෙවීම ප්‍රතික්ෂේප විය.
Date & time
05 Aug 2025 • 01:24
Reference
NMB-2508-612954
Error code
YVZ-991
Issue
Card payment declined
Get help
Back to activity"
0026,screenshots/synthetic_bank_0026.png,English,Latin,clean,"17:10
4G
Nova Mobile Banking
Secure transaction centre
FAILED
LKR 2,201.46
The new beneficiary could not be added.
Date & time
31 Jan 2025 • 01:37
Reference
NMB-2501-262282
Error code
TPQ-538
Issue
Beneficiary not added
Get help
Back to activity"
0026,screenshots/augmented/synthetic_bank_0026_blur.png,English,Latin,blur,"17:10
4G
Nova Mobile Banking
Secure transaction centre
FAILED
LKR 2,201.46
The new beneficiary could not be added.
Date & time
31 Jan 2025 • 01:37
Reference
NMB-2501-262282
Error code
TPQ-538
Issue
Beneficiary not added
Get help
Back to activity"
0026,screenshots/augmented/synthetic_bank_0026_rot.png,English,Latin,rotation,"17:10
4G
Nova Mobile Banking
Secure transaction centre
FAILED
LKR 2,201.46
The new beneficiary could not be added.
Date & time
31 Jan 2025 • 01:37
Reference
NMB-2501-262282
Error code
TPQ-538
Issue
Beneficiary not added
Get help
Back to activity"
0026,screenshots/augmented/synthetic_bank_0026_lowres.png,English,Latin,low-resolution,"17:10
4G
Nova Mobile Banking
Secure transaction centre
FAILED
LKR 2,201.46
The new beneficiary could not be added.
Date & time
31 Jan 2025 • 01:37
Reference
NMB-2501-262282
Error code
TPQ-538
Issue
Beneficiary not added
Get help
Back to activity"
0027,screenshots/synthetic_bank_0027.png,Tanglish,Latin,clean,"13:10
4G
Nova Mobile Banking
Secure transaction centre
FAILED
GBP 567.50
Account-la debit aachu, cash kidaikala.
Date & time
01 Aug 2024 • 11:56
Reference
NMB-2408-844895
Error code
UBJ-465
Issue
Cash not received
Get help
Back to activity"
0027,screenshots/augmented/synthetic_bank_0027_blur.png,Tanglish,Latin,blur,"13:10
4G
Nova Mobile Banking
Secure transaction centre
FAILED
GBP 567.50
Account-la debit aachu, cash kidaikala.
Date & time
01 Aug 2024 • 11:56
Reference
NMB-2408-844895
Error code
UBJ-465
Issue
Cash not received
Get help
Back to activity"
0027,screenshots/augmented/synthetic_bank_0027_rot.png,Tanglish,Latin,rotation,"13:10
4G
Nova Mobile Banking
Secure transaction centre
FAILED
GBP 567.50
Account-la debit aachu, cash kidaikala.
Date & time
01 Aug 2024 • 11:56
Reference
NMB-2408-844895
Error code
UBJ-465
Issue
Cash not received
Get help
Back to activity"
0027,screenshots/augmented/synthetic_bank_0027_lowres.png,Tanglish,Latin,low-resolution,"13:10
4G
Nova Mobile Banking
Secure transaction centre
FAILED
GBP 567.50
Account-la debit aachu, cash kidaikala.
Date & time
01 Aug 2024 • 11:56
Reference
NMB-2408-844895
Error code
UBJ-465
Issue
Cash not received
Get help
Back to activity"
0028,screenshots/synthetic_bank_0028.png,Singlish,Latin,clean,"08:10
4G
Nova Mobile Banking
Secure transaction centre
FAILED
LKR 2,202.09
Beneficiary add karanna bari una.
Date & time
12 Jun 2025 • 05:09
Reference
NMB-2506-570220
Error code
KNK-403
Issue
Beneficiary not added
Get help
Back to activity"
0028,screenshots/augmented/synthetic_bank_0028_blur.png,Singlish,Latin,blur,"08:10
4G
Nova Mobile Banking
Secure transaction centre
FAILED
LKR 2,202.09
Beneficiary add karanna bari una.
Date & time
12 Jun 2025 • 05:09
Reference
NMB-2506-570220
Error code
KNK-403
Issue
Beneficiary not added
Get help
Back to activity"
0028,screenshots/augmented/synthetic_bank_0028_rot.png,Singlish,Latin,rotation,"08:10
4G
Nova Mobile Banking
Secure transaction centre
FAILED
LKR 2,202.09
Beneficiary add karanna bari una.
Date & time
12 Jun 2025 • 05:09
Reference
NMB-2506-570220
Error code
KNK-403
Issue
Beneficiary not added
Get help
Back to activity"
0028,screenshots/augmented/synthetic_bank_0028_lowres.png,Singlish,Latin,low-resolution,"08:10
4G
Nova Mobile Banking
Secure transaction centre
FAILED
LKR 2,202.09
Beneficiary add karanna bari una.
Date & time
12 Jun 2025 • 05:09
Reference
NMB-2506-570220
Error code
KNK-403
Issue
Beneficiary not added
Get help
Back to activity"
0029,screenshots/synthetic_bank_0029.png,Mixed-language,Latin,clean,"21:05
4G
Nova Mobile Banking
Secure transaction centre
REVIEW
LKR 1,788.45
Transaction eka deparak penenawa. Transaction rendu murai kaatuthu.
Date & time
28 Jan 2024 • 05:57
Reference
NMB-2401-113073
Error code
MKA-235
Issue
Duplicate transaction
Get help
Back to activity"
0029,screenshots/augmented/synthetic_bank_0029_blur.png,Mixed-language,Latin,blur,"21:05
4G
Nova Mobile Banking
Secure transaction centre
REVIEW
LKR 1,788.45
Transaction eka deparak penenawa. Transaction rendu murai kaatuthu.
Date & time
28 Jan 2024 • 05:57
Reference
NMB-2401-113073
Error code
MKA-235
Issue
Duplicate transaction
Get help
Back to activity"
0029,screenshots/augmented/synthetic_bank_0029_rot.png,Mixed-language,Latin,rotation,"21:05
4G
Nova Mobile Banking
Secure transaction centre
REVIEW
LKR 1,788.45
Transaction eka deparak penenawa. Transaction rendu murai kaatuthu.
Date & time
28 Jan 2024 • 05:57
Reference
NMB-2401-113073
Error code
MKA-235
Issue
Duplicate transaction
Get help
Back to activity"
0029,screenshots/augmented/synthetic_bank_0029_lowres.png,Mixed-language,Latin,low-resolution,"21:05
4G
Nova Mobile Banking
Secure transaction centre
REVIEW
LKR 1,788.45
Transaction eka deparak penenawa. Transaction rendu murai kaatuthu.
Date & time
28 Jan 2024 • 05:57
Reference
NMB-2401-113073
Error code
MKA-235
Issue
Duplicate transaction
Get help
Back to activity"
0030,screenshots/synthetic_bank_0030.png,English,Latin,clean,"21:10
4G
Nova Mobile Banking
Secure transaction centre
WAITING
USD 917.87
The verification code has not arrived.
Date & time
04 May 2024 • 08:32
Reference
NMB-2405-535934
Error code
KZC-910
Issue
OTP not received
Get help
Back to activity"
0030,screenshots/augmented/synthetic_bank_0030_blur.png,English,Latin,blur,"21:10
4G
Nova Mobile Banking
Secure transaction centre
WAITING
USD 917.87
The verification code has not arrived.
Date & time
04 May 2024 • 08:32
Reference
NMB-2405-535934
Error code
KZC-910
Issue
OTP not received
Get help
Back to activity"
0030,screenshots/augmented/synthetic_bank_0030_rot.png,English,Latin,rotation,"21:10
4G
Nova Mobile Banking
Secure transaction centre
WAITING
USD 917.87
The verification code has not arrived.
Date & time
04 May 2024 • 08:32
Reference
NMB-2405-535934
Error code
KZC-910
Issue
OTP not received
Get help
Back to activity"
0030,screenshots/augmented/synthetic_bank_0030_lowres.png,English,Latin,low-resolution,"21:10
4G
Nova Mobile Banking
Secure transaction centre
WAITING
USD 917.87
The verification code has not arrived.
Date & time
04 May 2024 • 08:32
Reference
NMB-2405-535934
Error code
KZC-910
Issue
OTP not received
Get help
Back to activity"
0031,screenshots/synthetic_bank_0031.png,Sinhala,Sinhala,clean,"10:00
4G
Nova Mobile Banking
Secure transaction centre
PENDING
EUR 2,416.88
ඔබගේ ශේෂය තවම යාවත්කාලීන වී නැත.
Date & time
25 Apr 2026 • 07:58
Reference
NMB-2604-166081
Error code
VVP-544
Issue
Balance not updated
Get help
Back to activity"
0031,screenshots/augmented/synthetic_bank_0031_blur.png,Sinhala,Sinhala,blur,"10:00
4G
Nova Mobile Banking
Secure transaction centre
PENDING
EUR 2,416.88
ඔබගේ ශේෂය තවම යාවත්කාලීන වී නැත.
Date & time
25 Apr 2026 • 07:58
Reference
NMB-2604-166081
Error code
VVP-544
Issue
Balance not updated
Get help
Back to activity"
0031,screenshots/augmented/synthetic_bank_0031_rot.png,Sinhala,Sinhala,rotation,"10:00
4G
Nova Mobile Banking
Secure transaction centre
PENDING
EUR 2,416.88
ඔබගේ ශේෂය තවම යාවත්කාලීන වී නැත.
Date & time
25 Apr 2026 • 07:58
Reference
NMB-2604-166081
Error code
VVP-544
Issue
Balance not updated
Get help
Back to activity"
0031,screenshots/augmented/synthetic_bank_0031_lowres.png,Sinhala,Sinhala,low-resolution,"10:00
4G
Nova Mobile Banking
Secure transaction centre
PENDING
EUR 2,416.88
ඔබගේ ශේෂය තවම යාවත්කාලීන වී නැත.
Date & time
25 Apr 2026 • 07:58
Reference
NMB-2604-166081
Error code
VVP-544
Issue
Balance not updated
Get help
Back to activity"
0032,screenshots/synthetic_bank_0032.png,Tamil,Tamil,clean,"13:00
4G
Nova Mobile Banking
Secure transaction centre
REVIEW
SGD 1,245.44
இந்தப் பரிவர்த்தனை இருமுறை காணப்படுகிறது.
Date & time
07 Nov 2025 • 02:57
Reference
NMB-2511-583338
Error code
TSM-699
Issue
Duplicate transaction
Get help
Back to activity"
0032,screenshots/augmented/synthetic_bank_0032_blur.png,Tamil,Tamil,blur,"13:00
4G
Nova Mobile Banking
Secure transaction centre
REVIEW
SGD 1,245.44
இந்தப் பரிவர்த்தனை இருமுறை காணப்படுகிறது.
Date & time
07 Nov 2025 • 02:57
Reference
NMB-2511-583338
Error code
TSM-699
Issue
Duplicate transaction
Get help
Back to activity"
0032,screenshots/augmented/synthetic_bank_0032_rot.png,Tamil,Tamil,rotation,"13:00
4G
Nova Mobile Banking
Secure transaction centre
REVIEW
SGD 1,245.44
இந்தப் பரிவர்த்தனை இருமுறை காணப்படுகிறது.
Date & time
07 Nov 2025 • 02:57
Reference
NMB-2511-583338
Error code
TSM-699
Issue
Duplicate transaction
Get help
Back to activity"
0032,screenshots/augmented/synthetic_bank_0032_lowres.png,Tamil,Tamil,low-resolution,"13:00
4G
Nova Mobile Banking
Secure transaction centre
REVIEW
SGD 1,245.44
இந்தப் பரிவர்த்தனை இருமுறை காணப்படுகிறது.
Date & time
07 Nov 2025 • 02:57
Reference
NMB-2511-583338
Error code
TSM-699
Issue
Duplicate transaction
Get help
Back to activity"
0033,screenshots/synthetic_bank_0033.png,Mixed-language,Latin,clean,"15:45
4G
Nova Mobile Banking
Secure transaction centre
FAILED
GBP 389.99
Salli transfer eka complete une naha. Money transfer complete aagala.
Date & time
19 Mar 2026 • 23:00
Reference
NMB-2603-354358
Error code
MGC-152
Issue
Transfer failed
Get help
Back to activity"
0033,screenshots/augmented/synthetic_bank_0033_blur.png,Mixed-language,Latin,blur,"15:45
4G
Nova Mobile Banking
Secure transaction centre
FAILED
GBP 389.99
Salli transfer eka complete une naha. Money transfer complete aagala.
Date & time
19 Mar 2026 • 23:00
Reference
NMB-2603-354358
Error code
MGC-152
Issue
Transfer failed
Get help
Back to activity"
0033,screenshots/augmented/synthetic_bank_0033_rot.png,Mixed-language,Latin,rotation,"15:45
4G
Nova Mobile Banking
Secure transaction centre
FAILED
GBP 389.99
Salli transfer eka complete une naha. Money transfer complete aagala.
Date & time
19 Mar 2026 • 23:00
Reference
NMB-2603-354358
Error code
MGC-152
Issue
Transfer failed
Get help
Back to activity"
0033,screenshots/augmented/synthetic_bank_0033_lowres.png,Mixed-language,Latin,low-resolution,"15:45
4G
Nova Mobile Banking
Secure transaction centre
FAILED
GBP 389.99
Salli transfer eka complete une naha. Money transfer complete aagala.
Date & time
19 Mar 2026 • 23:00
Reference
NMB-2603-354358
Error code
MGC-152
Issue
Transfer failed
Get help
Back to activity"
0034,screenshots/synthetic_bank_0034.png,Tanglish,Latin,clean,"21:05
4G
Nova Mobile Banking
Secure transaction centre
REVIEW
LKR 1,589.10
Exchange rate sari illa pola.
Date & time
08 Feb 2025 • 17:45
Reference
NMB-2502-635846
Error code
XPN-689
Issue
Wrong exchange rate
Get help
Back to activity"
0034,screenshots/augmented/synthetic_bank_0034_blur.png,Tanglish,Latin,blur,"21:05
4G
Nova Mobile Banking
Secure transaction centre
REVIEW
LKR 1,589.10
Exchange rate sari illa pola.
Date & time
08 Feb 2025 • 17:45
Reference
NMB-2502-635846
Error code
XPN-689
Issue
Wrong exchange rate
Get help
Back to activity"
0034,screenshots/augmented/synthetic_bank_0034_rot.png,Tanglish,Latin,rotation,"21:05
4G
Nova Mobile Banking
Secure transaction centre
REVIEW
LKR 1,589.10
Exchange rate sari illa pola.
Date & time
08 Feb 2025 • 17:45
Reference
NMB-2502-635846
Error code
XPN-689
Issue
Wrong exchange rate
Get help
Back to activity"
0034,screenshots/augmented/synthetic_bank_0034_lowres.png,Tanglish,Latin,low-resolution,"21:05
4G
Nova Mobile Banking
Secure transaction centre
REVIEW
LKR 1,589.10
Exchange rate sari illa pola.
Date & time
08 Feb 2025 • 17:45
Reference
NMB-2502-635846
Error code
XPN-689
Issue
Wrong exchange rate
Get help
Back to activity"
0035,screenshots/synthetic_bank_0035.png,Tanglish,Latin,clean,"22:15
4G
Nova Mobile Banking
Secure transaction centre
REVIEW
SGD 1,693.32
Exchange rate sari illa pola.
Date & time
15 May 2025 • 08:09
Reference
NMB-2505-171780
Error code
XTK-732
Issue
Wrong exchange rate
Get help
Back to activity"
0035,screenshots/augmented/synthetic_bank_0035_blur.png,Tanglish,Latin,blur,"22:15
4G
Nova Mobile Banking
Secure transaction centre
REVIEW
SGD 1,693.32
Exchange rate sari illa pola.
Date & time
15 May 2025 • 08:09
Reference
NMB-2505-171780
Error code
XTK-732
Issue
Wrong exchange rate
Get help
Back to activity"
0035,screenshots/augmented/synthetic_bank_0035_rot.png,Tanglish,Latin,rotation,"22:15
4G
Nova Mobile Banking
Secure transaction centre
REVIEW
SGD 1,693.32
Exchange rate sari illa pola.
Date & time
15 May 2025 • 08:09
Reference
NMB-2505-171780
Error code
XTK-732
Issue
Wrong exchange rate
Get help
Back to activity"
0035,screenshots/augmented/synthetic_bank_0035_lowres.png,Tanglish,Latin,low-resolution,"22:15
4G
Nova Mobile Banking
Secure transaction centre
REVIEW
SGD 1,693.32
Exchange rate sari illa pola.
Date & time
15 May 2025 • 08:09
Reference
NMB-2505-171780
Error code
XTK-732
Issue
Wrong exchange rate
Get help
Back to activity"
0036,screenshots/synthetic_bank_0036.png,Tamil,Tamil,clean,"08:15
4G
Nova Mobile Banking
Secure transaction centre
BLOCKED
LKR 889.75
பாதுகாப்பிற்காக உங்கள் கணக்கு முடக்கப்பட்டுள்ளது.
Date & time
22 Oct 2024 • 10:42
Reference
NMB-2410-304779
Error code
EPA-761
Issue
Account blocked
Get help
Back to activity"
0036,screenshots/augmented/synthetic_bank_0036_blur.png,Tamil,Tamil,blur,"08:15
4G
Nova Mobile Banking
Secure transaction centre
BLOCKED
LKR 889.75
பாதுகாப்பிற்காக உங்கள் கணக்கு முடக்கப்பட்டுள்ளது.
Date & time
22 Oct 2024 • 10:42
Reference
NMB-2410-304779
Error code
EPA-761
Issue
Account blocked
Get help
Back to activity"
0036,screenshots/augmented/synthetic_bank_0036_rot.png,Tamil,Tamil,rotation,"08:15
4G
Nova Mobile Banking
Secure transaction centre
BLOCKED
LKR 889.75
பாதுகாப்பிற்காக உங்கள் கணக்கு முடக்கப்பட்டுள்ளது.
Date & time
22 Oct 2024 • 10:42
Reference
NMB-2410-304779
Error code
EPA-761
Issue
Account blocked
Get help
Back to activity"
0036,screenshots/augmented/synthetic_bank_0036_lowres.png,Tamil,Tamil,low-resolution,"08:15
4G
Nova Mobile Banking
Secure transaction centre
BLOCKED
LKR 889.75
பாதுகாப்பிற்காக உங்கள் கணக்கு முடக்கப்பட்டுள்ளது.
Date & time
22 Oct 2024 • 10:42
Reference
NMB-2410-304779
Error code
EPA-761
Issue
Account blocked
Get help
Back to activity"
0037,screenshots/synthetic_bank_0037.png,Singlish,Latin,clean,"13:15
4G
Nova Mobile Banking
Secure transaction centre
FAILED
GBP 1,786.68
Beneficiary add karanna bari una.
Date & time
29 Sep 2024 • 18:48
Reference
NMB-2409-890763
Error code
JHK-314
Issue
Beneficiary not added
Get help
Back to activity"
0037,screenshots/augmented/synthetic_bank_0037_blur.png,Singlish,Latin,blur,"13:15
4G
Nova Mobile Banking
Secure transaction centre
FAILED
GBP 1,786.68
Beneficiary add karanna bari una.
Date & time
29 Sep 2024 • 18:48
Reference
NMB-2409-890763
Error code
JHK-314
Issue
Beneficiary not added
Get help
Back to activity"
0037,screenshots/augmented/synthetic_bank_0037_rot.png,Singlish,Latin,rotation,"13:15
4G
Nova Mobile Banking
Secure transaction centre
FAILED
GBP 1,786.68
Beneficiary add karanna bari una.
Date & time
29 Sep 2024 • 18:48
Reference
NMB-2409-890763
Error code
JHK-314
Issue
Beneficiary not added
Get help
Back to activity"
0037,screenshots/augmented/synthetic_bank_0037_lowres.png,Singlish,Latin,low-resolution,"13:15
4G
Nova Mobile Banking
Secure transaction centre
FAILED
GBP 1,786.68
Beneficiary add karanna bari una.
Date & time
29 Sep 2024 • 18:48
Reference
NMB-2409-890763
Error code
JHK-314
Issue
Beneficiary not added
Get help
Back to activity"
0038,screenshots/synthetic_bank_0038.png,Tanglish,Latin,clean,"13:45
4G
Nova Mobile Banking
Secure transaction centre
DECLINED
LKR 793.71
Card payment decline aayiduchu.
Date & time
07 Nov 2024 • 08:35
Reference
NMB-2411-197004
Error code
TPU-375
Issue
Card payment declined
Get help
Back to activity"
0038,screenshots/augmented/synthetic_bank_0038_blur.png,Tanglish,Latin,blur,"13:45
4G
Nova Mobile Banking
Secure transaction centre
DECLINED
LKR 793.71
Card payment decline aayiduchu.
Date & time
07 Nov 2024 • 08:35
Reference
NMB-2411-197004
Error code
TPU-375
Issue
Card payment declined
Get help
Back to activity"
0038,screenshots/augmented/synthetic_bank_0038_rot.png,Tanglish,Latin,rotation,"13:45
4G
Nova Mobile Banking
Secure transaction centre
DECLINED
LKR 793.71
Card payment decline aayiduchu.
Date & time
07 Nov 2024 • 08:35
Reference
NMB-2411-197004
Error code
TPU-375
Issue
Card payment declined
Get help
Back to activity"
0038,screenshots/augmented/synthetic_bank_0038_lowres.png,Tanglish,Latin,low-resolution,"13:45
4G
Nova Mobile Banking
Secure transaction centre
DECLINED
LKR 793.71
Card payment decline aayiduchu.
Date & time
07 Nov 2024 • 08:35
Reference
NMB-2411-197004
Error code
TPU-375
Issue
Card payment declined
Get help
Back to activity"
0039,screenshots/synthetic_bank_0039.png,English,Latin,clean,"09:45
4G
Nova Mobile Banking
Secure transaction centre
WAITING
EUR 1,943.40
The verification code has not arrived.
Date & time
03 Apr 2025 • 14:50
Reference
NMB-2504-553808
Error code
WAP-577
Issue
OTP not received
Get help
Back to activity"
0039,screenshots/augmented/synthetic_bank_0039_blur.png,English,Latin,blur,"09:45
4G
Nova Mobile Banking
Secure transaction centre
WAITING
EUR 1,943.40
The verification code has not arrived.
Date & time
03 Apr 2025 • 14:50
Reference
NMB-2504-553808
Error code
WAP-577
Issue
OTP not received
Get help
Back to activity"
0039,screenshots/augmented/synthetic_bank_0039_rot.png,English,Latin,rotation,"09:45
4G
Nova Mobile Banking
Secure transaction centre
WAITING
EUR 1,943.40
The verification code has not arrived.
Date & time
03 Apr 2025 • 14:50
Reference
NMB-2504-553808
Error code
WAP-577
Issue
OTP not received
Get help
Back to activity"
0039,screenshots/augmented/synthetic_bank_0039_lowres.png,English,Latin,low-resolution,"09:45
4G
Nova Mobile Banking
Secure transaction centre
WAITING
EUR 1,943.40
The verification code has not arrived.
Date & time
03 Apr 2025 • 14:50
Reference
NMB-2504-553808
Error code
WAP-577
Issue
OTP not received
Get help
Back to activity"
0040,screenshots/synthetic_bank_0040.png,Tamil,Tamil,clean,"11:10
4G
Nova Mobile Banking
Secure transaction centre
FAILED
SGD 1,270.42
பணப் பரிமாற்றத்தை நிறைவு செய்ய முடியவில்லை.
Date & time
07 Oct 2025 • 19:23
Reference
NMB-2510-328760
Error code
WDO-193
Issue
Transfer failed
Get help
Back to activity"
0040,screenshots/augmented/synthetic_bank_0040_blur.png,Tamil,Tamil,blur,"11:10
4G
Nova Mobile Banking
Secure transaction centre
FAILED
SGD 1,270.42
பணப் பரிமாற்றத்தை நிறைவு செய்ய முடியவில்லை.
Date & time
07 Oct 2025 • 19:23
Reference
NMB-2510-328760
Error code
WDO-193
Issue
Transfer failed
Get help
Back to activity"
0040,screenshots/augmented/synthetic_bank_0040_rot.png,Tamil,Tamil,rotation,"11:10
4G
Nova Mobile Banking
Secure transaction centre
FAILED
SGD 1,270.42
பணப் பரிமாற்றத்தை நிறைவு செய்ய முடியவில்லை.
Date & time
07 Oct 2025 • 19:23
Reference
NMB-2510-328760
Error code
WDO-193
Issue
Transfer failed
Get help
Back to activity"
0040,screenshots/augmented/synthetic_bank_0040_lowres.png,Tamil,Tamil,low-resolution,"11:10
4G
Nova Mobile Banking
Secure transaction centre
FAILED
SGD 1,270.42
பணப் பரிமாற்றத்தை நிறைவு செய்ய முடியவில்லை.
Date & time
07 Oct 2025 • 19:23
Reference
NMB-2510-328760
Error code
WDO-193
Issue
Transfer failed
Get help
Back to activity"
0041,screenshots/synthetic_bank_0041.png,Mixed-language,Latin,clean,"18:10
4G
Nova Mobile Banking
Secure transaction centre
REVIEW
EUR 55.00
Transaction eka deparak penenawa. Transaction rendu murai kaatuthu.
Date & time
17 Jul 2025 • 00:15
Reference
NMB-2507-646037
Error code
TQT-106
Issue
Duplicate transaction
Get help
Back to activity"
0041,screenshots/augmented/synthetic_bank_0041_blur.png,Mixed-language,Latin,blur,"18:10
4G
Nova Mobile Banking
Secure transaction centre
REVIEW
EUR 55.00
Transaction eka deparak penenawa. Transaction rendu murai kaatuthu.
Date & time
17 Jul 2025 • 00:15
Reference
NMB-2507-646037
Error code
TQT-106
Issue
Duplicate transaction
Get help
Back to activity"
0041,screenshots/augmented/synthetic_bank_0041_rot.png,Mixed-language,Latin,rotation,"18:10
4G
Nova Mobile Banking
Secure transaction centre
REVIEW
EUR 55.00
Transaction eka deparak penenawa. Transaction rendu murai kaatuthu.
Date & time
17 Jul 2025 • 00:15
Reference
NMB-2507-646037
Error code
TQT-106
Issue
Duplicate transaction
Get help
Back to activity"
0041,screenshots/augmented/synthetic_bank_0041_lowres.png,Mixed-language,Latin,low-resolution,"18:10
4G
Nova Mobile Banking
Secure transaction centre
REVIEW
EUR 55.00
Transaction eka deparak penenawa. Transaction rendu murai kaatuthu.
Date & time
17 Jul 2025 • 00:15
Reference
NMB-2507-646037
Error code
TQT-106
Issue
Duplicate transaction
Get help
Back to activity"
0042,screenshots/synthetic_bank_0042.png,Tamil,Tamil,clean,"16:10
4G
Nova Mobile Banking
Secure transaction centre
REVIEW
GBP 614.56
பணம் எடுத்த கட்டணம் தவறாக இருக்கலாம்.
Date & time
06 May 2025 • 11:28
Reference
NMB-2505-404793
Error code
BWE-637
Issue
Cash withdrawal charged incorrectly
Get help
Back to activity"
0042,screenshots/augmented/synthetic_bank_0042_blur.png,Tamil,Tamil,blur,"16:10
4G
Nova Mobile Banking
Secure transaction centre
REVIEW
GBP 614.56
பணம் எடுத்த கட்டணம் தவறாக இருக்கலாம்.
Date & time
06 May 2025 • 11:28
Reference
NMB-2505-404793
Error code
BWE-637
Issue
Cash withdrawal charged incorrectly
Get help
Back to activity"
0042,screenshots/augmented/synthetic_bank_0042_rot.png,Tamil,Tamil,rotation,"16:10
4G
Nova Mobile Banking
Secure transaction centre
REVIEW
GBP 614.56
பணம் எடுத்த கட்டணம் தவறாக இருக்கலாம்.
Date & time
06 May 2025 • 11:28
Reference
NMB-2505-404793
Error code
BWE-637
Issue
Cash withdrawal charged incorrectly
Get help
Back to activity"
0042,screenshots/augmented/synthetic_bank_0042_lowres.png,Tamil,Tamil,low-resolution,"16:10
4G
Nova Mobile Banking
Secure transaction centre
REVIEW
GBP 614.56
பணம் எடுத்த கட்டணம் தவறாக இருக்கலாம்.
Date & time
06 May 2025 • 11:28
Reference
NMB-2505-404793
Error code
BWE-637
Issue
Cash withdrawal charged incorrectly
Get help
Back to activity"
0043,screenshots/synthetic_bank_0043.png,Mixed-language,Latin,clean,"09:45
4G
Nova Mobile Banking
Secure transaction centre
BLOCKED
GBP 46.22
Security nisa account eka block wela. Security-kaaga account block aayiduchu.
Date & time
25 Mar 2025 • 06:42
Reference
NMB-2503-218206
Error code
MCX-881
Issue
Account blocked
Get help
Back to activity"
0043,screenshots/augmented/synthetic_bank_0043_blur.png,Mixed-language,Latin,blur,"09:45
4G
Nova Mobile Banking
Secure transaction centre
BLOCKED
GBP 46.22
Security nisa account eka block wela. Security-kaaga account block aayiduchu.
Date & time
25 Mar 2025 • 06:42
Reference
NMB-2503-218206
Error code
MCX-881
Issue
Account blocked
Get help
Back to activity"
0043,screenshots/augmented/synthetic_bank_0043_rot.png,Mixed-language,Latin,rotation,"09:45
4G
Nova Mobile Banking
Secure transaction centre
BLOCKED
GBP 46.22
Security nisa account eka block wela. Security-kaaga account block aayiduchu.
Date & time
25 Mar 2025 • 06:42
Reference
NMB-2503-218206
Error code
MCX-881
Issue
Account blocked
Get help
Back to activity"
0043,screenshots/augmented/synthetic_bank_0043_lowres.png,Mixed-language,Latin,low-resolution,"09:45
4G
Nova Mobile Banking
Secure transaction centre
BLOCKED
GBP 46.22
Security nisa account eka block wela. Security-kaaga account block aayiduchu.
Date & time
25 Mar 2025 • 06:42
Reference
NMB-2503-218206
Error code
MCX-881
Issue
Account blocked
Get help
Back to activity"
0044,screenshots/synthetic_bank_0044.png,Tanglish,Latin,clean,"13:45
4G
Nova Mobile Banking
Secure transaction centre
FAILED
EUR 634.28
Account-la debit aachu, cash kidaikala.
Date & time
14 Jun 2024 • 09:09
Reference
NMB-2406-867563
Error code
SBX-678
Issue
Cash not received
Get help
Back to activity"
0044,screenshots/augmented/synthetic_bank_0044_blur.png,Tanglish,Latin,blur,"13:45
4G
Nova Mobile Banking
Secure transaction centre
FAILED
EUR 634.28
Account-la debit aachu, cash kidaikala.
Date & time
14 Jun 2024 • 09:09
Reference
NMB-2406-867563
Error code
SBX-678
Issue
Cash not received
Get help
Back to activity"
0044,screenshots/augmented/synthetic_bank_0044_rot.png,Tanglish,Latin,rotation,"13:45
4G
Nova Mobile Banking
Secure transaction centre
FAILED
EUR 634.28
Account-la debit aachu, cash kidaikala.
Date & time
14 Jun 2024 • 09:09
Reference
NMB-2406-867563
Error code
SBX-678
Issue
Cash not received
Get help
Back to activity"
0044,screenshots/augmented/synthetic_bank_0044_lowres.png,Tanglish,Latin,low-resolution,"13:45
4G
Nova Mobile Banking
Secure transaction centre
FAILED
EUR 634.28
Account-la debit aachu, cash kidaikala.
Date & time
14 Jun 2024 • 09:09
Reference
NMB-2406-867563
Error code
SBX-678
Issue
Cash not received
Get help
Back to activity"
0045,screenshots/synthetic_bank_0045.png,Sinhala,Sinhala,clean,"22:10
4G
Nova Mobile Banking
Secure transaction centre
PENDING
EUR 1,327.19
ඔබගේ මුදල් ආපසු ගෙවීම තවම පවතී.
Date & time
01 Mar 2024 • 09:46
Reference
NMB-2403-135763
Error code
IBK-930
Issue
Refund pending
Get help
Back to activity"
0045,screenshots/augmented/synthetic_bank_0045_blur.png,Sinhala,Sinhala,blur,"22:10
4G
Nova Mobile Banking
Secure transaction centre
PENDING
EUR 1,327.19
ඔබගේ මුදල් ආපසු ගෙවීම තවම පවතී.
Date & time
01 Mar 2024 • 09:46
Reference
NMB-2403-135763
Error code
IBK-930
Issue
Refund pending
Get help
Back to activity"
0045,screenshots/augmented/synthetic_bank_0045_rot.png,Sinhala,Sinhala,rotation,"22:10
4G
Nova Mobile Banking
Secure transaction centre
PENDING
EUR 1,327.19
ඔබගේ මුදල් ආපසු ගෙවීම තවම පවතී.
Date & time
01 Mar 2024 • 09:46
Reference
NMB-2403-135763
Error code
IBK-930
Issue
Refund pending
Get help
Back to activity"
0045,screenshots/augmented/synthetic_bank_0045_lowres.png,Sinhala,Sinhala,low-resolution,"22:10
4G
Nova Mobile Banking
Secure transaction centre
PENDING
EUR 1,327.19
ඔබගේ මුදල් ආපසු ගෙවීම තවම පවතී.
Date & time
01 Mar 2024 • 09:46
Reference
NMB-2403-135763
Error code
IBK-930
Issue
Refund pending
Get help
Back to activity"
0046,screenshots/synthetic_bank_0046.png,Mixed-language,Latin,clean,"13:30
4G
Nova Mobile Banking
Secure transaction centre
REVIEW
USD 2,046.55
Transaction eka deparak penenawa. Transaction rendu murai kaatuthu.
Date & time
06 Aug 2024 • 07:34
Reference
NMB-2408-565859
Error code
NNV-196
Issue
Duplicate transaction
Get help
Back to activity"
0046,screenshots/augmented/synthetic_bank_0046_blur.png,Mixed-language,Latin,blur,"13:30
4G
Nova Mobile Banking
Secure transaction centre
REVIEW
USD 2,046.55
Transaction eka deparak penenawa. Transaction rendu murai kaatuthu.
Date & time
06 Aug 2024 • 07:34
Reference
NMB-2408-565859
Error code
NNV-196
Issue
Duplicate transaction
Get help
Back to activity"
0046,screenshots/augmented/synthetic_bank_0046_rot.png,Mixed-language,Latin,rotation,"13:30
4G
Nova Mobile Banking
Secure transaction centre
REVIEW
USD 2,046.55
Transaction eka deparak penenawa. Transaction rendu murai kaatuthu.
Date & time
06 Aug 2024 • 07:34
Reference
NMB-2408-565859
Error code
NNV-196
Issue
Duplicate transaction
Get help
Back to activity"
0046,screenshots/augmented/synthetic_bank_0046_lowres.png,Mixed-language,Latin,low-resolution,"13:30
4G
Nova Mobile Banking
Secure transaction centre
REVIEW
USD 2,046.55
Transaction eka deparak penenawa. Transaction rendu murai kaatuthu.
Date & time
06 Aug 2024 • 07:34
Reference
NMB-2408-565859
Error code
NNV-196
Issue
Duplicate transaction
Get help
Back to activity"
0047,screenshots/synthetic_bank_0047.png,English,Latin,clean,"17:05
4G
Nova Mobile Banking
Secure transaction centre
FAILED
USD 2,438.07
We could not complete this cash withdrawal.
Date & time
10 Apr 2026 • 12:40
Reference
NMB-2604-881040
Error code
GHZ-658
Issue
Cash withdrawal failure
Get help
Back to activity"
0047,screenshots/augmented/synthetic_bank_0047_blur.png,English,Latin,blur,"17:05
4G
Nova Mobile Banking
Secure transaction centre
FAILED
USD 2,438.07
We could not complete this cash withdrawal.
Date & time
10 Apr 2026 • 12:40
Reference
NMB-2604-881040
Error code
GHZ-658
Issue
Cash withdrawal failure
Get help
Back to activity"
0047,screenshots/augmented/synthetic_bank_0047_rot.png,English,Latin,rotation,"17:05
4G
Nova Mobile Banking
Secure transaction centre
FAILED
USD 2,438.07
We could not complete this cash withdrawal.
Date & time
10 Apr 2026 • 12:40
Reference
NMB-2604-881040
Error code
GHZ-658
Issue
Cash withdrawal failure
Get help
Back to activity"
0047,screenshots/augmented/synthetic_bank_0047_lowres.png,English,Latin,low-resolution,"17:05
4G
Nova Mobile Banking
Secure transaction centre
FAILED
USD 2,438.07
We could not complete this cash withdrawal.
Date & time
10 Apr 2026 • 12:40
Reference
NMB-2604-881040
Error code
GHZ-658
Issue
Cash withdrawal failure
Get help
Back to activity"
0048,screenshots/synthetic_bank_0048.png,Tanglish,Latin,clean,"16:05
4G
Nova Mobile Banking
Secure transaction centre
REVIEW
EUR 1,710.73
Exchange rate sari illa pola.
Date & time
21 Dec 2024 • 16:53
Reference
NMB-2412-907030
Error code
IHJ-550
Issue
Wrong exchange rate
Get help
Back to activity"
0048,screenshots/augmented/synthetic_bank_0048_blur.png,Tanglish,Latin,blur,"16:05
4G
Nova Mobile Banking
Secure transaction centre
REVIEW
EUR 1,710.73
Exchange rate sari illa pola.
Date & time
21 Dec 2024 • 16:53
Reference
NMB-2412-907030
Error code
IHJ-550
Issue
Wrong exchange rate
Get help
Back to activity"
0048,screenshots/augmented/synthetic_bank_0048_rot.png,Tanglish,Latin,rotation,"16:05
4G
Nova Mobile Banking
Secure transaction centre
REVIEW
EUR 1,710.73
Exchange rate sari illa pola.
Date & time
21 Dec 2024 • 16:53
Reference
NMB-2412-907030
Error code
IHJ-550
Issue
Wrong exchange rate
Get help
Back to activity"
0048,screenshots/augmented/synthetic_bank_0048_lowres.png,Tanglish,Latin,low-resolution,"16:05
4G
Nova Mobile Banking
Secure transaction centre
REVIEW
EUR 1,710.73
Exchange rate sari illa pola.
Date & time
21 Dec 2024 • 16:53
Reference
NMB-2412-907030
Error code
IHJ-550
Issue
Wrong exchange rate
Get help
Back to activity"
0049,screenshots/synthetic_bank_0049.png,English,Latin,clean,"11:00
4G
Nova Mobile Banking
Secure transaction centre
FAILED
EUR 1,701.61
We could not complete this cash withdrawal.
Date & time
26 Sep 2024 • 20:31
Reference
NMB-2409-527421
Error code
LLY-235
Issue
Cash withdrawal failure
Get help
Back to activity"
0049,screenshots/augmented/synthetic_bank_0049_blur.png,English,Latin,blur,"11:00
4G
Nova Mobile Banking
Secure transaction centre
FAILED
EUR 1,701.61
We could not complete this cash withdrawal.
Date & time
26 Sep 2024 • 20:31
Reference
NMB-2409-527421
Error code
LLY-235
Issue
Cash withdrawal failure
Get help
Back to activity"
0049,screenshots/augmented/synthetic_bank_0049_rot.png,English,Latin,rotation,"11:00
4G
Nova Mobile Banking
Secure transaction centre
FAILED
EUR 1,701.61
We could not complete this cash withdrawal.
Date & time
26 Sep 2024 • 20:31
Reference
NMB-2409-527421
Error code
LLY-235
Issue
Cash withdrawal failure
Get help
Back to activity"
0049,screenshots/augmented/synthetic_bank_0049_lowres.png,English,Latin,low-resolution,"11:00
4G
Nova Mobile Banking
Secure transaction centre
FAILED
EUR 1,701.61
We could not complete this cash withdrawal.
Date & time
26 Sep 2024 • 20:31
Reference
NMB-2409-527421
Error code
LLY-235
Issue
Cash withdrawal failure
Get help
Back to activity"
0050,screenshots/synthetic_bank_0050.png,Singlish,Latin,clean,"17:05
4G
Nova Mobile Banking
Secure transaction centre
FAILED
GBP 1,751.02
Beneficiary add karanna bari una.
Date & time
16 Jun 2024 • 03:48
Reference
NMB-2406-926092
Error code
FFF-387
Issue
Beneficiary not added
Get help
Back to activity"
0050,screenshots/augmented/synthetic_bank_0050_blur.png,Singlish,Latin,blur,"17:05
4G
Nova Mobile Banking
Secure transaction centre
FAILED
GBP 1,751.02
Beneficiary add karanna bari una.
Date & time
16 Jun 2024 • 03:48
Reference
NMB-2406-926092
Error code
FFF-387
Issue
Beneficiary not added
Get help
Back to activity"
0050,screenshots/augmented/synthetic_bank_0050_rot.png,Singlish,Latin,rotation,"17:05
4G
Nova Mobile Banking
Secure transaction centre
FAILED
GBP 1,751.02
Beneficiary add karanna bari una.
Date & time
16 Jun 2024 • 03:48
Reference
NMB-2406-926092
Error code
FFF-387
Issue
Beneficiary not added
Get help
Back to activity"
0050,screenshots/augmented/synthetic_bank_0050_lowres.png,Singlish,Latin,low-resolution,"17:05
4G
Nova Mobile Banking
Secure transaction centre
FAILED
GBP 1,751.02
Beneficiary add karanna bari una.
Date & time
16 Jun 2024 • 03:48
Reference
NMB-2406-926092
Error code
FFF-387
Issue
Beneficiary not added
Get help
Back to activity"
0051,screenshots/synthetic_bank_0051.png,Tamil,Tamil,clean,"09:15
4G
Nova Mobile Banking
Secure transaction centre
URGENT
SGD 491.62
நீங்கள் அறியாத பரிவர்த்தனை பதிவாகியுள்ளது.
Date & time
14 Apr 2026 • 02:12
Reference
NMB-2604-531666
Error code
KNK-309
Issue
Unauthorized transaction
Secure account
Back to activity"
0051,screenshots/augmented/synthetic_bank_0051_blur.png,Tamil,Tamil,blur,"09:15
4G
Nova Mobile Banking
Secure transaction centre
URGENT
SGD 491.62
நீங்கள் அறியாத பரிவர்த்தனை பதிவாகியுள்ளது.
Date & time
14 Apr 2026 • 02:12
Reference
NMB-2604-531666
Error code
KNK-309
Issue
Unauthorized transaction
Secure account
Back to activity"
0051,screenshots/augmented/synthetic_bank_0051_rot.png,Tamil,Tamil,rotation,"09:15
4G
Nova Mobile Banking
Secure transaction centre
URGENT
SGD 491.62
நீங்கள் அறியாத பரிவர்த்தனை பதிவாகியுள்ளது.
Date & time
14 Apr 2026 • 02:12
Reference
NMB-2604-531666
Error code
KNK-309
Issue
Unauthorized transaction
Secure account
Back to activity"
0051,screenshots/augmented/synthetic_bank_0051_lowres.png,Tamil,Tamil,low-resolution,"09:15
4G
Nova Mobile Banking
Secure transaction centre
URGENT
SGD 491.62
நீங்கள் அறியாத பரிவர்த்தனை பதிவாகியுள்ளது.
Date & time
14 Apr 2026 • 02:12
Reference
NMB-2604-531666
Error code
KNK-309
Issue
Unauthorized transaction
Secure account
Back to activity"
0052,screenshots/synthetic_bank_0052.png,English,Latin,clean,"18:15
4G
Nova Mobile Banking
Secure transaction centre
PENDING
SGD 285.21
Your transfer is still being processed.
Date & time
18 May 2025 • 04:44
Reference
NMB-2505-733791
Error code
JWI-428
Issue
Transfer pending
Get help
Back to activity"
0052,screenshots/augmented/synthetic_bank_0052_blur.png,English,Latin,blur,"18:15
4G
Nova Mobile Banking
Secure transaction centre
PENDING
SGD 285.21
Your transfer is still being processed.
Date & time
18 May 2025 • 04:44
Reference
NMB-2505-733791
Error code
JWI-428
Issue
Transfer pending
Get help
Back to activity"
0052,screenshots/augmented/synthetic_bank_0052_rot.png,English,Latin,rotation,"18:15
4G
Nova Mobile Banking
Secure transaction centre
PENDING
SGD 285.21
Your transfer is still being processed.
Date & time
18 May 2025 • 04:44
Reference
NMB-2505-733791
Error code
JWI-428
Issue
Transfer pending
Get help
Back to activity"
0052,screenshots/augmented/synthetic_bank_0052_lowres.png,English,Latin,low-resolution,"18:15
4G
Nova Mobile Banking
Secure transaction centre
PENDING
SGD 285.21
Your transfer is still being processed.
Date & time
18 May 2025 • 04:44
Reference
NMB-2505-733791
Error code
JWI-428
Issue
Transfer pending
Get help
Back to activity"
0053,screenshots/synthetic_bank_0053.png,Tanglish,Latin,clean,"22:45
4G
Nova Mobile Banking
Secure transaction centre
FAILED
LKR 1,084.71
Account-la debit aachu, cash kidaikala.
Date & time
15 Oct 2024 • 15:25
Reference
NMB-2410-633980
Error code
BRT-600
Issue
Cash not received
Get help
Back to activity"
0053,screenshots/augmented/synthetic_bank_0053_blur.png,Tanglish,Latin,blur,"22:45
4G
Nova Mobile Banking
Secure transaction centre
FAILED
LKR 1,084.71
Account-la debit aachu, cash kidaikala.
Date & time
15 Oct 2024 • 15:25
Reference
NMB-2410-633980
Error code
BRT-600
Issue
Cash not received
Get help
Back to activity"
0053,screenshots/augmented/synthetic_bank_0053_rot.png,Tanglish,Latin,rotation,"22:45
4G
Nova Mobile Banking
Secure transaction centre
FAILED
LKR 1,084.71
Account-la debit aachu, cash kidaikala.
Date & time
15 Oct 2024 • 15:25
Reference
NMB-2410-633980
Error code
BRT-600
Issue
Cash not received
Get help
Back to activity"
0053,screenshots/augmented/synthetic_bank_0053_lowres.png,Tanglish,Latin,low-resolution,"22:45
4G
Nova Mobile Banking
Secure transaction centre
FAILED
LKR 1,084.71
Account-la debit aachu, cash kidaikala.
Date & time
15 Oct 2024 • 15:25
Reference
NMB-2410-633980
Error code
BRT-600
Issue
Cash not received
Get help
Back to activity"
0054,screenshots/synthetic_bank_0054.png,Tamil,Tamil,clean,"09:05
4G
Nova Mobile Banking
Secure transaction centre
URGENT
EUR 2,481.94
நீங்கள் அறியாத பரிவர்த்தனை பதிவாகியுள்ளது.
Date & time
16 Jan 2026 • 05:18
Reference
NMB-2601-266667
Error code
MGI-584
Issue
Unauthorized transaction
Secure account
Back to activity"
0054,screenshots/augmented/synthetic_bank_0054_blur.png,Tamil,Tamil,blur,"09:05
4G
Nova Mobile Banking
Secure transaction centre
URGENT
EUR 2,481.94
நீங்கள் அறியாத பரிவர்த்தனை பதிவாகியுள்ளது.
Date & time
16 Jan 2026 • 05:18
Reference
NMB-2601-266667
Error code
MGI-584
Issue
Unauthorized transaction
Secure account
Back to activity"
0054,screenshots/augmented/synthetic_bank_0054_rot.png,Tamil,Tamil,rotation,"09:05
4G
Nova Mobile Banking
Secure transaction centre
URGENT
EUR 2,481.94
நீங்கள் அறியாத பரிவர்த்தனை பதிவாகியுள்ளது.
Date & time
16 Jan 2026 • 05:18
Reference
NMB-2601-266667
Error code
MGI-584
Issue
Unauthorized transaction
Secure account
Back to activity"
0054,screenshots/augmented/synthetic_bank_0054_lowres.png,Tamil,Tamil,low-resolution,"09:05
4G
Nova Mobile Banking
Secure transaction centre
URGENT
EUR 2,481.94
நீங்கள் அறியாத பரிவர்த்தனை பதிவாகியுள்ளது.
Date & time
16 Jan 2026 • 05:18
Reference
NMB-2601-266667
Error code
MGI-584
Issue
Unauthorized transaction
Secure account
Back to activity"
0055,screenshots/synthetic_bank_0055.png,English,Latin,clean,"12:15
4G
Nova Mobile Banking
Secure transaction centre
URGENT
USD 1,347.31
Freeze your stolen card immediately.
Date & time
09 Aug 2025 • 10:17
Reference
NMB-2508-136651
Error code
UVG-354
Issue
Card stolen
Freeze card
Back to activity"
0055,screenshots/augmented/synthetic_bank_0055_blur.png,English,Latin,blur,"12:15
4G
Nova Mobile Banking
Secure transaction centre
URGENT
USD 1,347.31
Freeze your stolen card immediately.
Date & time
09 Aug 2025 • 10:17
Reference
NMB-2508-136651
Error code
UVG-354
Issue
Card stolen
Freeze card
Back to activity"
0055,screenshots/augmented/synthetic_bank_0055_rot.png,English,Latin,rotation,"12:15
4G
Nova Mobile Banking
Secure transaction centre
URGENT
USD 1,347.31
Freeze your stolen card immediately.
Date & time
09 Aug 2025 • 10:17
Reference
NMB-2508-136651
Error code
UVG-354
Issue
Card stolen
Freeze card
Back to activity"
0055,screenshots/augmented/synthetic_bank_0055_lowres.png,English,Latin,low-resolution,"12:15
4G
Nova Mobile Banking
Secure transaction centre
URGENT
USD 1,347.31
Freeze your stolen card immediately.
Date & time
09 Aug 2025 • 10:17
Reference
NMB-2508-136651
Error code
UVG-354
Issue
Card stolen
Freeze card
Back to activity"
0056,screenshots/synthetic_bank_0056.png,English,Latin,clean,"12:30
4G
Nova Mobile Banking
Secure transaction centre
WAITING
USD 1,333.76
The verification code has not arrived.
Date & time
08 Jun 2025 • 07:10
Reference
NMB-2506-487033
Error code
VST-715
Issue
OTP not received
Get help
Back to activity"
0056,screenshots/augmented/synthetic_bank_0056_blur.png,English,Latin,blur,"12:30
4G
Nova Mobile Banking
Secure transaction centre
WAITING
USD 1,333.76
The verification code has not arrived.
Date & time
08 Jun 2025 • 07:10
Reference
NMB-2506-487033
Error code
VST-715
Issue
OTP not received
Get help
Back to activity"
0056,screenshots/augmented/synthetic_bank_0056_rot.png,English,Latin,rotation,"12:30
4G
Nova Mobile Banking
Secure transaction centre
WAITING
USD 1,333.76
The verification code has not arrived.
Date & time
08 Jun 2025 • 07:10
Reference
NMB-2506-487033
Error code
VST-715
Issue
OTP not received
Get help
Back to activity"
0056,screenshots/augmented/synthetic_bank_0056_lowres.png,English,Latin,low-resolution,"12:30
4G
Nova Mobile Banking
Secure transaction centre
WAITING
USD 1,333.76
The verification code has not arrived.
Date & time
08 Jun 2025 • 07:10
Reference
NMB-2506-487033
Error code
VST-715
Issue
OTP not received
Get help
Back to activity"
0057,screenshots/synthetic_bank_0057.png,Sinhala,Sinhala,clean,"08:10
4G
Nova Mobile Banking
Secure transaction centre
FAILED
USD 2,071.49
ගිණුමෙන් අඩු වූ නමුත් මුදල් ලැබුණේ නැත.
Date & time
14 Jan 2026 • 15:13
Reference
NMB-2601-942057
Error code
TZD-210
Issue
Cash not received
Get help
Back to activity"
0057,screenshots/augmented/synthetic_bank_0057_blur.png,Sinhala,Sinhala,blur,"08:10
4G
Nova Mobile Banking
Secure transaction centre
FAILED
USD 2,071.49
ගිණුමෙන් අඩු වූ නමුත් මුදල් ලැබුණේ නැත.
Date & time
14 Jan 2026 • 15:13
Reference
NMB-2601-942057
Error code
TZD-210
Issue
Cash not received
Get help
Back to activity"
0057,screenshots/augmented/synthetic_bank_0057_rot.png,Sinhala,Sinhala,rotation,"08:10
4G
Nova Mobile Banking
Secure transaction centre
FAILED
USD 2,071.49
ගිණුමෙන් අඩු වූ නමුත් මුදල් ලැබුණේ නැත.
Date & time
14 Jan 2026 • 15:13
Reference
NMB-2601-942057
Error code
TZD-210
Issue
Cash not received
Get help
Back to activity"
0057,screenshots/augmented/synthetic_bank_0057_lowres.png,Sinhala,Sinhala,low-resolution,"08:10
4G
Nova Mobile Banking
Secure transaction centre
FAILED
USD 2,071.49
ගිණුමෙන් අඩු වූ නමුත් මුදල් ලැබුණේ නැත.
Date & time
14 Jan 2026 • 15:13
Reference
NMB-2601-942057
Error code
TZD-210
Issue
Cash not received
Get help
Back to activity"
0058,screenshots/synthetic_bank_0058.png,Mixed-language,Latin,clean,"11:15
4G
Nova Mobile Banking
Secure transaction centre
FAILED
EUR 77.63
Salli transfer eka complete une naha. Money transfer complete aagala.
Date & time
27 Nov 2024 • 05:52
Reference
NMB-2411-666094
Error code
NEV-804
Issue
Transfer failed
Get help
Back to activity"
0058,screenshots/augmented/synthetic_bank_0058_blur.png,Mixed-language,Latin,blur,"11:15
4G
Nova Mobile Banking
Secure transaction centre
FAILED
EUR 77.63
Salli transfer eka complete une naha. Money transfer complete aagala.
Date & time
27 Nov 2024 • 05:52
Reference
NMB-2411-666094
Error code
NEV-804
Issue
Transfer failed
Get help
Back to activity"
0058,screenshots/augmented/synthetic_bank_0058_rot.png,Mixed-language,Latin,rotation,"11:15
4G
Nova Mobile Banking
Secure transaction centre
FAILED
EUR 77.63
Salli transfer eka complete une naha. Money transfer complete aagala.
Date & time
27 Nov 2024 • 05:52
Reference
NMB-2411-666094
Error code
NEV-804
Issue
Transfer failed
Get help
Back to activity"
0058,screenshots/augmented/synthetic_bank_0058_lowres.png,Mixed-language,Latin,low-resolution,"11:15
4G
Nova Mobile Banking
Secure transaction centre
FAILED
EUR 77.63
Salli transfer eka complete une naha. Money transfer complete aagala.
Date & time
27 Nov 2024 • 05:52
Reference
NMB-2411-666094
Error code
NEV-804
Issue
Transfer failed
Get help
Back to activity"
0059,screenshots/synthetic_bank_0059.png,Tamil,Tamil,clean,"20:00
4G
Nova Mobile Banking
Secure transaction centre
REVIEW
EUR 770.70
பணம் எடுத்த கட்டணம் தவறாக இருக்கலாம்.
Date & time
15 May 2024 • 08:21
Reference
NMB-2405-222466
Error code
ONC-813
Issue
Cash withdrawal charged incorrectly
Get help
Back to activity"
0059,screenshots/augmented/synthetic_bank_0059_blur.png,Tamil,Tamil,blur,"20:00
4G
Nova Mobile Banking
Secure transaction centre
REVIEW
EUR 770.70
பணம் எடுத்த கட்டணம் தவறாக இருக்கலாம்.
Date & time
15 May 2024 • 08:21
Reference
NMB-2405-222466
Error code
ONC-813
Issue
Cash withdrawal charged incorrectly
Get help
Back to activity"
0059,screenshots/augmented/synthetic_bank_0059_rot.png,Tamil,Tamil,rotation,"20:00
4G
Nova Mobile Banking
Secure transaction centre
REVIEW
EUR 770.70
பணம் எடுத்த கட்டணம் தவறாக இருக்கலாம்.
Date & time
15 May 2024 • 08:21
Reference
NMB-2405-222466
Error code
ONC-813
Issue
Cash withdrawal charged incorrectly
Get help
Back to activity"
0059,screenshots/augmented/synthetic_bank_0059_lowres.png,Tamil,Tamil,low-resolution,"20:00
4G
Nova Mobile Banking
Secure transaction centre
REVIEW
EUR 770.70
பணம் எடுத்த கட்டணம் தவறாக இருக்கலாம்.
Date & time
15 May 2024 • 08:21
Reference
NMB-2405-222466
Error code
ONC-813
Issue
Cash withdrawal charged incorrectly
Get help
Back to activity"
0060,screenshots/synthetic_bank_0060.png,Mixed-language,Latin,clean,"22:15
4G
Nova Mobile Banking
Secure transaction centre
URGENT
EUR 515.83
Mama nodanna transaction ekak thiyenawa. Enakku theriyatha transaction irukku.
Date & time
17 Oct 2024 • 08:43
Reference
NMB-2410-279773
Error code
AJO-438
Issue
Unauthorized transaction
Secure account
Back to activity"
0060,screenshots/augmented/synthetic_bank_0060_blur.png,Mixed-language,Latin,blur,"22:15
4G
Nova Mobile Banking
Secure transaction centre
URGENT
EUR 515.83
Mama nodanna transaction ekak thiyenawa. Enakku theriyatha transaction irukku.
Date & time
17 Oct 2024 • 08:43
Reference
NMB-2410-279773
Error code
AJO-438
Issue
Unauthorized transaction
Secure account
Back to activity"
0060,screenshots/augmented/synthetic_bank_0060_rot.png,Mixed-language,Latin,rotation,"22:15
4G
Nova Mobile Banking
Secure transaction centre
URGENT
EUR 515.83
Mama nodanna transaction ekak thiyenawa. Enakku theriyatha transaction irukku.
Date & time
17 Oct 2024 • 08:43
Reference
NMB-2410-279773
Error code
AJO-438
Issue
Unauthorized transaction
Secure account
Back to activity"
0060,screenshots/augmented/synthetic_bank_0060_lowres.png,Mixed-language,Latin,low-resolution,"22:15
4G
Nova Mobile Banking
Secure transaction centre
URGENT
EUR 515.83
Mama nodanna transaction ekak thiyenawa. Enakku theriyatha transaction irukku.
Date & time
17 Oct 2024 • 08:43
Reference
NMB-2410-279773
Error code
AJO-438
Issue
Unauthorized transaction
Secure account
Back to activity"
0061,screenshots/synthetic_bank_0061.png,Tamil,Tamil,clean,"14:15
4G
Nova Mobile Banking
Secure transaction centre
REVIEW
LKR 347.30
இந்தப் பரிவர்த்தனை இருமுறை காணப்படுகிறது.
Date & time
15 Nov 2025 • 02:35
Reference
NMB-2511-984375
Error code
SQT-568
Issue
Duplicate transaction
Get help
Back to activity"
0061,screenshots/augmented/synthetic_bank_0061_blur.png,Tamil,Tamil,blur,"14:15
4G
Nova Mobile Banking
Secure transaction centre
REVIEW
LKR 347.30
இந்தப் பரிவர்த்தனை இருமுறை காணப்படுகிறது.
Date & time
15 Nov 2025 • 02:35
Reference
NMB-2511-984375
Error code
SQT-568
Issue
Duplicate transaction
Get help
Back to activity"
0061,screenshots/augmented/synthetic_bank_0061_rot.png,Tamil,Tamil,rotation,"14:15
4G
Nova Mobile Banking
Secure transaction centre
REVIEW
LKR 347.30
இந்தப் பரிவர்த்தனை இருமுறை காணப்படுகிறது.
Date & time
15 Nov 2025 • 02:35
Reference
NMB-2511-984375
Error code
SQT-568
Issue
Duplicate transaction
Get help
Back to activity"
0061,screenshots/augmented/synthetic_bank_0061_lowres.png,Tamil,Tamil,low-resolution,"14:15
4G
Nova Mobile Banking
Secure transaction centre
REVIEW
LKR 347.30
இந்தப் பரிவர்த்தனை இருமுறை காணப்படுகிறது.
Date & time
15 Nov 2025 • 02:35
Reference
NMB-2511-984375
Error code
SQT-568
Issue
Duplicate transaction
Get help
Back to activity"
0062,screenshots/synthetic_bank_0062.png,Mixed-language,Latin,clean,"21:15
4G
Nova Mobile Banking
Secure transaction centre
REVIEW
SGD 872.68
Transaction eka deparak penenawa. Transaction rendu murai kaatuthu.
Date & time
07 Nov 2024 • 06:40
Reference
NMB-2411-523900
Error code
RRU-420
Issue
Duplicate transaction
Get help
Back to activity"
0062,screenshots/augmented/synthetic_bank_0062_blur.png,Mixed-language,Latin,blur,"21:15
4G
Nova Mobile Banking
Secure transaction centre
REVIEW
SGD 872.68
Transaction eka deparak penenawa. Transaction rendu murai kaatuthu.
Date & time
07 Nov 2024 • 06:40
Reference
NMB-2411-523900
Error code
RRU-420
Issue
Duplicate transaction
Get help
Back to activity"
0062,screenshots/augmented/synthetic_bank_0062_rot.png,Mixed-language,Latin,rotation,"21:15
4G
Nova Mobile Banking
Secure transaction centre
REVIEW
SGD 872.68
Transaction eka deparak penenawa. Transaction rendu murai kaatuthu.
Date & time
07 Nov 2024 • 06:40
Reference
NMB-2411-523900
Error code
RRU-420
Issue
Duplicate transaction
Get help
Back to activity"
0062,screenshots/augmented/synthetic_bank_0062_lowres.png,Mixed-language,Latin,low-resolution,"21:15
4G
Nova Mobile Banking
Secure transaction centre
REVIEW
SGD 872.68
Transaction eka deparak penenawa. Transaction rendu murai kaatuthu.
Date & time
07 Nov 2024 • 06:40
Reference
NMB-2411-523900
Error code
RRU-420
Issue
Duplicate transaction
Get help
Back to activity"
0063,screenshots/synthetic_bank_0063.png,Tamil,Tamil,clean,"19:45
4G
Nova Mobile Banking
Secure transaction centre
REVIEW
LKR 1,457.25
இந்தப் பரிவர்த்தனை இருமுறை காணப்படுகிறது.
Date & time
07 Sep 2025 • 18:33
Reference
NMB-2509-408976
Error code
KXO-338
Issue
Duplicate transaction
Get help
Back to activity"
0063,screenshots/augmented/synthetic_bank_0063_blur.png,Tamil,Tamil,blur,"19:45
4G
Nova Mobile Banking
Secure transaction centre
REVIEW
LKR 1,457.25
இந்தப் பரிவர்த்தனை இருமுறை காணப்படுகிறது.
Date & time
07 Sep 2025 • 18:33
Reference
NMB-2509-408976
Error code
KXO-338
Issue
Duplicate transaction
Get help
Back to activity"
0063,screenshots/augmented/synthetic_bank_0063_rot.png,Tamil,Tamil,rotation,"19:45
4G
Nova Mobile Banking
Secure transaction centre
REVIEW
LKR 1,457.25
இந்தப் பரிவர்த்தனை இருமுறை காணப்படுகிறது.
Date & time
07 Sep 2025 • 18:33
Reference
NMB-2509-408976
Error code
KXO-338
Issue
Duplicate transaction
Get help
Back to activity"
0063,screenshots/augmented/synthetic_bank_0063_lowres.png,Tamil,Tamil,low-resolution,"19:45
4G
Nova Mobile Banking
Secure transaction centre
REVIEW
LKR 1,457.25
இந்தப் பரிவர்த்தனை இருமுறை காணப்படுகிறது.
Date & time
07 Sep 2025 • 18:33
Reference
NMB-2509-408976
Error code
KXO-338
Issue
Duplicate transaction
Get help
Back to activity"
0064,screenshots/synthetic_bank_0064.png,Singlish,Latin,clean,"14:15
4G
Nova Mobile Banking
Secure transaction centre
URGENT
GBP 1,271.69
Card eka horakam kala; danma freeze karanna.
Date & time
21 Jan 2024 • 23:04
Reference
NMB-2401-575260
Error code
XPO-812
Issue
Card stolen
Freeze card
Back to activity"
0064,screenshots/augmented/synthetic_bank_0064_blur.png,Singlish,Latin,blur,"14:15
4G
Nova Mobile Banking
Secure transaction centre
URGENT
GBP 1,271.69
Card eka horakam kala; danma freeze karanna.
Date & time
21 Jan 2024 • 23:04
Reference
NMB-2401-575260
Error code
XPO-812
Issue
Card stolen
Freeze card
Back to activity"
0064,screenshots/augmented/synthetic_bank_0064_rot.png,Singlish,Latin,rotation,"14:15
4G
Nova Mobile Banking
Secure transaction centre
URGENT
GBP 1,271.69
Card eka horakam kala; danma freeze karanna.
Date & time
21 Jan 2024 • 23:04
Reference
NMB-2401-575260
Error code
XPO-812
Issue
Card stolen
Freeze card
Back to activity"
0064,screenshots/augmented/synthetic_bank_0064_lowres.png,Singlish,Latin,low-resolution,"14:15
4G
Nova Mobile Banking
Secure transaction centre
URGENT
GBP 1,271.69
Card eka horakam kala; danma freeze karanna.
Date & time
21 Jan 2024 • 23:04
Reference
NMB-2401-575260
Error code
XPO-812
Issue
Card stolen
Freeze card
Back to activity"
0065,screenshots/synthetic_bank_0065.png,Singlish,Latin,clean,"14:30
4G
Nova Mobile Banking
Secure transaction centre
URGENT
EUR 143.50
Card eka horakam kala; danma freeze karanna.
Date & time
17 Jun 2025 • 00:16
Reference
NMB-2506-608451
Error code
VMT-730
Issue
Card stolen
Freeze card
Back to activity"
0065,screenshots/augmented/synthetic_bank_0065_blur.png,Singlish,Latin,blur,"14:30
4G
Nova Mobile Banking
Secure transaction centre
URGENT
EUR 143.50
Card eka horakam kala; danma freeze karanna.
Date & time
17 Jun 2025 • 00:16
Reference
NMB-2506-608451
Error code
VMT-730
Issue
Card stolen
Freeze card
Back to activity"
0065,screenshots/augmented/synthetic_bank_0065_rot.png,Singlish,Latin,rotation,"14:30
4G
Nova Mobile Banking
Secure transaction centre
URGENT
EUR 143.50
Card eka horakam kala; danma freeze karanna.
Date & time
17 Jun 2025 • 00:16
Reference
NMB-2506-608451
Error code
VMT-730
Issue
Card stolen
Freeze card
Back to activity"
0065,screenshots/augmented/synthetic_bank_0065_lowres.png,Singlish,Latin,low-resolution,"14:30
4G
Nova Mobile Banking
Secure transaction centre
URGENT
EUR 143.50
Card eka horakam kala; danma freeze karanna.
Date & time
17 Jun 2025 • 00:16
Reference
NMB-2506-608451
Error code
VMT-730
Issue
Card stolen
Freeze card
Back to activity"
0066,screenshots/synthetic_bank_0066.png,Sinhala,Sinhala,clean,"20:30
4G
Nova Mobile Banking
Secure transaction centre
DECLINED
SGD 794.24
ඔබගේ කාඩ් ගෙවීම ප්‍රතික්ෂේප විය.
Date & time
20 Sep 2024 • 13:08
Reference
NMB-2409-618513
Error code
BTK-916
Issue
Card payment declined
Get help
Back to activity"
0066,screenshots/augmented/synthetic_bank_0066_blur.png,Sinhala,Sinhala,blur,"20:30
4G
Nova Mobile Banking
Secure transaction centre
DECLINED
SGD 794.24
ඔබගේ කාඩ් ගෙවීම ප්‍රතික්ෂේප විය.
Date & time
20 Sep 2024 • 13:08
Reference
NMB-2409-618513
Error code
BTK-916
Issue
Card payment declined
Get help
Back to activity"
0066,screenshots/augmented/synthetic_bank_0066_rot.png,Sinhala,Sinhala,rotation,"20:30
4G
Nova Mobile Banking
Secure transaction centre
DECLINED
SGD 794.24
ඔබගේ කාඩ් ගෙවීම ප්‍රතික්ෂේප විය.
Date & time
20 Sep 2024 • 13:08
Reference
NMB-2409-618513
Error code
BTK-916
Issue
Card payment declined
Get help
Back to activity"
0066,screenshots/augmented/synthetic_bank_0066_lowres.png,Sinhala,Sinhala,low-resolution,"20:30
4G
Nova Mobile Banking
Secure transaction centre
DECLINED
SGD 794.24
ඔබගේ කාඩ් ගෙවීම ප්‍රතික්ෂේප විය.
Date & time
20 Sep 2024 • 13:08
Reference
NMB-2409-618513
Error code
BTK-916
Issue
Card payment declined
Get help
Back to activity"
0067,screenshots/synthetic_bank_0067.png,Tanglish,Latin,clean,"12:05
4G
Nova Mobile Banking
Secure transaction centre
DECLINED
EUR 1,341.01
Card payment decline aayiduchu.
Date & time
24 Jan 2024 • 02:43
Reference
NMB-2401-722957
Error code
RWD-811
Issue
Card payment declined
Get help
Back to activity"
0067,screenshots/augmented/synthetic_bank_0067_blur.png,Tanglish,Latin,blur,"12:05
4G
Nova Mobile Banking
Secure transaction centre
DECLINED
EUR 1,341.01
Card payment decline aayiduchu.
Date & time
24 Jan 2024 • 02:43
Reference
NMB-2401-722957
Error code
RWD-811
Issue
Card payment declined
Get help
Back to activity"
0067,screenshots/augmented/synthetic_bank_0067_rot.png,Tanglish,Latin,rotation,"12:05
4G
Nova Mobile Banking
Secure transaction centre
DECLINED
EUR 1,341.01
Card payment decline aayiduchu.
Date & time
24 Jan 2024 • 02:43
Reference
NMB-2401-722957
Error code
RWD-811
Issue
Card payment declined
Get help
Back to activity"
0067,screenshots/augmented/synthetic_bank_0067_lowres.png,Tanglish,Latin,low-resolution,"12:05
4G
Nova Mobile Banking
Secure transaction centre
DECLINED
EUR 1,341.01
Card payment decline aayiduchu.
Date & time
24 Jan 2024 • 02:43
Reference
NMB-2401-722957
Error code
RWD-811
Issue
Card payment declined
Get help
Back to activity"
0068,screenshots/synthetic_bank_0068.png,Sinhala,Sinhala,clean,"21:10
4G
Nova Mobile Banking
Secure transaction centre
FAILED
USD 1,014.64
ගිණුමෙන් අඩු වූ නමුත් මුදල් ලැබුණේ නැත.
Date & time
16 Dec 2024 • 02:37
Reference
NMB-2412-286390
Error code
DSO-188
Issue
Cash not received
Get help
Back to activity"
0068,screenshots/augmented/synthetic_bank_0068_blur.png,Sinhala,Sinhala,blur,"21:10
4G
Nova Mobile Banking
Secure transaction centre
FAILED
USD 1,014.64
ගිණුමෙන් අඩු වූ නමුත් මුදල් ලැබුණේ නැත.
Date & time
16 Dec 2024 • 02:37
Reference
NMB-2412-286390
Error code
DSO-188
Issue
Cash not received
Get help
Back to activity"
0068,screenshots/augmented/synthetic_bank_0068_rot.png,Sinhala,Sinhala,rotation,"21:10
4G
Nova Mobile Banking
Secure transaction centre
FAILED
USD 1,014.64
ගිණුමෙන් අඩු වූ නමුත් මුදල් ලැබුණේ නැත.
Date & time
16 Dec 2024 • 02:37
Reference
NMB-2412-286390
Error code
DSO-188
Issue
Cash not received
Get help
Back to activity"
0068,screenshots/augmented/synthetic_bank_0068_lowres.png,Sinhala,Sinhala,low-resolution,"21:10
4G
Nova Mobile Banking
Secure transaction centre
FAILED
USD 1,014.64
ගිණුමෙන් අඩු වූ නමුත් මුදල් ලැබුණේ නැත.
Date & time
16 Dec 2024 • 02:37
Reference
NMB-2412-286390
Error code
DSO-188
Issue
Cash not received
Get help
Back to activity"
0069,screenshots/synthetic_bank_0069.png,Tamil,Tamil,clean,"12:15
4G
Nova Mobile Banking
Secure transaction centre
URGENT
GBP 1,276.32
நீங்கள் அறியாத பரிவர்த்தனை பதிவாகியுள்ளது.
Date & time
31 May 2025 • 07:27
Reference
NMB-2505-231253
Error code
LUS-544
Issue
Unauthorized transaction
Secure account
Back to activity"
0069,screenshots/augmented/synthetic_bank_0069_blur.png,Tamil,Tamil,blur,"12:15
4G
Nova Mobile Banking
Secure transaction centre
URGENT
GBP 1,276.32
நீங்கள் அறியாத பரிவர்த்தனை பதிவாகியுள்ளது.
Date & time
31 May 2025 • 07:27
Reference
NMB-2505-231253
Error code
LUS-544
Issue
Unauthorized transaction
Secure account
Back to activity"
0069,screenshots/augmented/synthetic_bank_0069_rot.png,Tamil,Tamil,rotation,"12:15
4G
Nova Mobile Banking
Secure transaction centre
URGENT
GBP 1,276.32
நீங்கள் அறியாத பரிவர்த்தனை பதிவாகியுள்ளது.
Date & time
31 May 2025 • 07:27
Reference
NMB-2505-231253
Error code
LUS-544
Issue
Unauthorized transaction
Secure account
Back to activity"
0069,screenshots/augmented/synthetic_bank_0069_lowres.png,Tamil,Tamil,low-resolution,"12:15
4G
Nova Mobile Banking
Secure transaction centre
URGENT
GBP 1,276.32
நீங்கள் அறியாத பரிவர்த்தனை பதிவாகியுள்ளது.
Date & time
31 May 2025 • 07:27
Reference
NMB-2505-231253
Error code
LUS-544
Issue
Unauthorized transaction
Secure account
Back to activity"
0070,screenshots/synthetic_bank_0070.png,Mixed-language,Latin,clean,"22:05
4G
Nova Mobile Banking
Secure transaction centre
REVIEW
SGD 617.77
Transaction eka deparak penenawa. Transaction rendu murai kaatuthu.
Date & time
31 Jan 2026 • 16:41
Reference
NMB-2601-462687
Error code
UOF-312
Issue
Duplicate transaction
Get help
Back to activity"
0070,screenshots/augmented/synthetic_bank_0070_blur.png,Mixed-language,Latin,blur,"22:05
4G
Nova Mobile Banking
Secure transaction centre
REVIEW
SGD 617.77
Transaction eka deparak penenawa. Transaction rendu murai kaatuthu.
Date & time
31 Jan 2026 • 16:41
Reference
NMB-2601-462687
Error code
UOF-312
Issue
Duplicate transaction
Get help
Back to activity"
0070,screenshots/augmented/synthetic_bank_0070_rot.png,Mixed-language,Latin,rotation,"22:05
4G
Nova Mobile Banking
Secure transaction centre
REVIEW
SGD 617.77
Transaction eka deparak penenawa. Transaction rendu murai kaatuthu.
Date & time
31 Jan 2026 • 16:41
Reference
NMB-2601-462687
Error code
UOF-312
Issue
Duplicate transaction
Get help
Back to activity"
0070,screenshots/augmented/synthetic_bank_0070_lowres.png,Mixed-language,Latin,low-resolution,"22:05
4G
Nova Mobile Banking
Secure transaction centre
REVIEW
SGD 617.77
Transaction eka deparak penenawa. Transaction rendu murai kaatuthu.
Date & time
31 Jan 2026 • 16:41
Reference
NMB-2601-462687
Error code
UOF-312
Issue
Duplicate transaction
Get help
Back to activity"
0071,screenshots/synthetic_bank_0071.png,Singlish,Latin,clean,"19:45
4G
Nova Mobile Banking
Secure transaction centre
FAILED
EUR 543.13
Beneficiary add karanna bari una.
Date & time
24 Sep 2025 • 01:12
Reference
NMB-2509-990748
Error code
LVZ-735
Issue
Beneficiary not added
Get help
Back to activity"
0071,screenshots/augmented/synthetic_bank_0071_blur.png,Singlish,Latin,blur,"19:45
4G
Nova Mobile Banking
Secure transaction centre
FAILED
EUR 543.13
Beneficiary add karanna bari una.
Date & time
24 Sep 2025 • 01:12
Reference
NMB-2509-990748
Error code
LVZ-735
Issue
Beneficiary not added
Get help
Back to activity"
0071,screenshots/augmented/synthetic_bank_0071_rot.png,Singlish,Latin,rotation,"19:45
4G
Nova Mobile Banking
Secure transaction centre
FAILED
EUR 543.13
Beneficiary add karanna bari una.
Date & time
24 Sep 2025 • 01:12
Reference
NMB-2509-990748
Error code
LVZ-735
Issue
Beneficiary not added
Get help
Back to activity"
0071,screenshots/augmented/synthetic_bank_0071_lowres.png,Singlish,Latin,low-resolution,"19:45
4G
Nova Mobile Banking
Secure transaction centre
FAILED
EUR 543.13
Beneficiary add karanna bari una.
Date & time
24 Sep 2025 • 01:12
Reference
NMB-2509-990748
Error code
LVZ-735
Issue
Beneficiary not added
Get help
Back to activity"
0072,screenshots/synthetic_bank_0072.png,Sinhala,Sinhala,clean,"14:45
4G
Nova Mobile Banking
Secure transaction centre
REVIEW
LKR 912.86
විනිමය අනුපාතය පරීක්ෂා කරන්න.
Date & time
08 Jan 2026 • 14:25
Reference
NMB-2601-824493
Error code
XXE-475
Issue
Wrong exchange rate
Get help
Back to activity"
0072,screenshots/augmented/synthetic_bank_0072_blur.png,Sinhala,Sinhala,blur,"14:45
4G
Nova Mobile Banking
Secure transaction centre
REVIEW
LKR 912.86
විනිමය අනුපාතය පරීක්ෂා කරන්න.
Date & time
08 Jan 2026 • 14:25
Reference
NMB-2601-824493
Error code
XXE-475
Issue
Wrong exchange rate
Get help
Back to activity"
0072,screenshots/augmented/synthetic_bank_0072_rot.png,Sinhala,Sinhala,rotation,"14:45
4G
Nova Mobile Banking
Secure transaction centre
REVIEW
LKR 912.86
විනිමය අනුපාතය පරීක්ෂා කරන්න.
Date & time
08 Jan 2026 • 14:25
Reference
NMB-2601-824493
Error code
XXE-475
Issue
Wrong exchange rate
Get help
Back to activity"
0072,screenshots/augmented/synthetic_bank_0072_lowres.png,Sinhala,Sinhala,low-resolution,"14:45
4G
Nova Mobile Banking
Secure transaction centre
REVIEW
LKR 912.86
විනිමය අනුපාතය පරීක්ෂා කරන්න.
Date & time
08 Jan 2026 • 14:25
Reference
NMB-2601-824493
Error code
XXE-475
Issue
Wrong exchange rate
Get help
Back to activity"
0073,screenshots/synthetic_bank_0073.png,Mixed-language,Latin,clean,"17:10
4G
Nova Mobile Banking
Secure transaction centre
FAILED
USD 1,032.46
Salli transfer eka complete une naha. Money transfer complete aagala.
Date & time
20 Dec 2025 • 15:08
Reference
NMB-2512-727691
Error code
BOZ-439
Issue
Transfer failed
Get help
Back to activity"
0073,screenshots/augmented/synthetic_bank_0073_blur.png,Mixed-language,Latin,blur,"17:10
4G
Nova Mobile Banking
Secure transaction centre
FAILED
USD 1,032.46
Salli transfer eka complete une naha. Money transfer complete aagala.
Date & time
20 Dec 2025 • 15:08
Reference
NMB-2512-727691
Error code
BOZ-439
Issue
Transfer failed
Get help
Back to activity"
0073,screenshots/augmented/synthetic_bank_0073_rot.png,Mixed-language,Latin,rotation,"17:10
4G
Nova Mobile Banking
Secure transaction centre
FAILED
USD 1,032.46
Salli transfer eka complete une naha. Money transfer complete aagala.
Date & time
20 Dec 2025 • 15:08
Reference
NMB-2512-727691
Error code
BOZ-439
Issue
Transfer failed
Get help
Back to activity"
0073,screenshots/augmented/synthetic_bank_0073_lowres.png,Mixed-language,Latin,low-resolution,"17:10
4G
Nova Mobile Banking
Secure transaction centre
FAILED
USD 1,032.46
Salli transfer eka complete une naha. Money transfer complete aagala.
Date & time
20 Dec 2025 • 15:08
Reference
NMB-2512-727691
Error code
BOZ-439
Issue
Transfer failed
Get help
Back to activity"
0074,screenshots/synthetic_bank_0074.png,English,Latin,clean,"10:00
4G
Nova Mobile Banking
Secure transaction centre
WAITING
LKR 1,903.07
The verification code has not arrived.
Date & time
13 May 2026 • 18:37
Reference
NMB-2605-438274
Error code
BTA-629
Issue
OTP not received
Get help
Back to activity"
0074,screenshots/augmented/synthetic_bank_0074_blur.png,English,Latin,blur,"10:00
4G
Nova Mobile Banking
Secure transaction centre
WAITING
LKR 1,903.07
The verification code has not arrived.
Date & time
13 May 2026 • 18:37
Reference
NMB-2605-438274
Error code
BTA-629
Issue
OTP not received
Get help
Back to activity"
0074,screenshots/augmented/synthetic_bank_0074_rot.png,English,Latin,rotation,"10:00
4G
Nova Mobile Banking
Secure transaction centre
WAITING
LKR 1,903.07
The verification code has not arrived.
Date & time
13 May 2026 • 18:37
Reference
NMB-2605-438274
Error code
BTA-629
Issue
OTP not received
Get help
Back to activity"
0074,screenshots/augmented/synthetic_bank_0074_lowres.png,English,Latin,low-resolution,"10:00
4G
Nova Mobile Banking
Secure transaction centre
WAITING
LKR 1,903.07
The verification code has not arrived.
Date & time
13 May 2026 • 18:37
Reference
NMB-2605-438274
Error code
BTA-629
Issue
OTP not received
Get help
Back to activity"
0075,screenshots/synthetic_bank_0075.png,Mixed-language,Latin,clean,"11:15
4G
Nova Mobile Banking
Secure transaction centre
BLOCKED
SGD 385.30
Security nisa account eka block wela. Security-kaaga account block aayiduchu.
Date & time
19 Jan 2026 • 15:19
Reference
NMB-2601-603129
Error code
TPN-619
Issue
Account blocked
Get help
Back to activity"
0075,screenshots/augmented/synthetic_bank_0075_blur.png,Mixed-language,Latin,blur,"11:15
4G
Nova Mobile Banking
Secure transaction centre
BLOCKED
SGD 385.30
Security nisa account eka block wela. Security-kaaga account block aayiduchu.
Date & time
19 Jan 2026 • 15:19
Reference
NMB-2601-603129
Error code
TPN-619
Issue
Account blocked
Get help
Back to activity"
0075,screenshots/augmented/synthetic_bank_0075_rot.png,Mixed-language,Latin,rotation,"11:15
4G
Nova Mobile Banking
Secure transaction centre
BLOCKED
SGD 385.30
Security nisa account eka block wela. Security-kaaga account block aayiduchu.
Date & time
19 Jan 2026 • 15:19
Reference
NMB-2601-603129
Error code
TPN-619
Issue
Account blocked
Get help
Back to activity"
0075,screenshots/augmented/synthetic_bank_0075_lowres.png,Mixed-language,Latin,low-resolution,"11:15
4G
Nova Mobile Banking
Secure transaction centre
BLOCKED
SGD 385.30
Security nisa account eka block wela. Security-kaaga account block aayiduchu.
Date & time
19 Jan 2026 • 15:19
Reference
NMB-2601-603129
Error code
TPN-619
Issue
Account blocked
Get help
Back to activity"
0076,screenshots/synthetic_bank_0076.png,Singlish,Latin,clean,"16:45
4G
Nova Mobile Banking
Secure transaction centre
FAILED
USD 2,089.21
Beneficiary add karanna bari una.
Date & time
01 Feb 2024 • 03:09
Reference
NMB-2402-414464
Error code
VIU-141
Issue
Beneficiary not added
Get help
Back to activity"
0076,screenshots/augmented/synthetic_bank_0076_blur.png,Singlish,Latin,blur,"16:45
4G
Nova Mobile Banking
Secure transaction centre
FAILED
USD 2,089.21
Beneficiary add karanna bari una.
Date & time
01 Feb 2024 • 03:09
Reference
NMB-2402-414464
Error code
VIU-141
Issue
Beneficiary not added
Get help
Back to activity"
0076,screenshots/augmented/synthetic_bank_0076_rot.png,Singlish,Latin,rotation,"16:45
4G
Nova Mobile Banking
Secure transaction centre
FAILED
USD 2,089.21
Beneficiary add karanna bari una.
Date & time
01 Feb 2024 • 03:09
Reference
NMB-2402-414464
Error code
VIU-141
Issue
Beneficiary not added
Get help
Back to activity"
0076,screenshots/augmented/synthetic_bank_0076_lowres.png,Singlish,Latin,low-resolution,"16:45
4G
Nova Mobile Banking
Secure transaction centre
FAILED
USD 2,089.21
Beneficiary add karanna bari una.
Date & time
01 Feb 2024 • 03:09
Reference
NMB-2402-414464
Error code
VIU-141
Issue
Beneficiary not added
Get help
Back to activity"
0077,screenshots/synthetic_bank_0077.png,Singlish,Latin,clean,"18:00
4G
Nova Mobile Banking
Secure transaction centre
URGENT
LKR 1,367.44
Card eka horakam kala; danma freeze karanna.
Date & time
27 Apr 2024 • 17:08
Reference
NMB-2404-379911
Error code
PIQ-106
Issue
Card stolen
Freeze card
Back to activity"
0077,screenshots/augmented/synthetic_bank_0077_blur.png,Singlish,Latin,blur,"18:00
4G
Nova Mobile Banking
Secure transaction centre
URGENT
LKR 1,367.44
Card eka horakam kala; danma freeze karanna.
Date & time
27 Apr 2024 • 17:08
Reference
NMB-2404-379911
Error code
PIQ-106
Issue
Card stolen
Freeze card
Back to activity"
0077,screenshots/augmented/synthetic_bank_0077_rot.png,Singlish,Latin,rotation,"18:00
4G
Nova Mobile Banking
Secure transaction centre
URGENT
LKR 1,367.44
Card eka horakam kala; danma freeze karanna.
Date & time
27 Apr 2024 • 17:08
Reference
NMB-2404-379911
Error code
PIQ-106
Issue
Card stolen
Freeze card
Back to activity"
0077,screenshots/augmented/synthetic_bank_0077_lowres.png,Singlish,Latin,low-resolution,"18:00
4G
Nova Mobile Banking
Secure transaction centre
URGENT
LKR 1,367.44
Card eka horakam kala; danma freeze karanna.
Date & time
27 Apr 2024 • 17:08
Reference
NMB-2404-379911
Error code
PIQ-106
Issue
Card stolen
Freeze card
Back to activity"
0078,screenshots/synthetic_bank_0078.png,Sinhala,Sinhala,clean,"21:10
4G
Nova Mobile Banking
Secure transaction centre
DECLINED
USD 1,172.48
ඔබගේ කාඩ් ගෙවීම ප්‍රතික්ෂේප විය.
Date & time
14 Nov 2025 • 05:34
Reference
NMB-2511-584981
Error code
HVT-459
Issue
Card payment declined
Get help
Back to activity"
0078,screenshots/augmented/synthetic_bank_0078_blur.png,Sinhala,Sinhala,blur,"21:10
4G
Nova Mobile Banking
Secure transaction centre
DECLINED
USD 1,172.48
ඔබගේ කාඩ් ගෙවීම ප්‍රතික්ෂේප විය.
Date & time
14 Nov 2025 • 05:34
Reference
NMB-2511-584981
Error code
HVT-459
Issue
Card payment declined
Get help
Back to activity"
0078,screenshots/augmented/synthetic_bank_0078_rot.png,Sinhala,Sinhala,rotation,"21:10
4G
Nova Mobile Banking
Secure transaction centre
DECLINED
USD 1,172.48
ඔබගේ කාඩ් ගෙවීම ප්‍රතික්ෂේප විය.
Date & time
14 Nov 2025 • 05:34
Reference
NMB-2511-584981
Error code
HVT-459
Issue
Card payment declined
Get help
Back to activity"
0078,screenshots/augmented/synthetic_bank_0078_lowres.png,Sinhala,Sinhala,low-resolution,"21:10
4G
Nova Mobile Banking
Secure transaction centre
DECLINED
USD 1,172.48
ඔබගේ කාඩ් ගෙවීම ප්‍රතික්ෂේප විය.
Date & time
14 Nov 2025 • 05:34
Reference
NMB-2511-584981
Error code
HVT-459
Issue
Card payment declined
Get help
Back to activity"
0079,screenshots/synthetic_bank_0079.png,Tamil,Tamil,clean,"22:05
4G
Nova Mobile Banking
Secure transaction centre
FAILED
USD 2,116.15
பணப் பரிமாற்றத்தை நிறைவு செய்ய முடியவில்லை.
Date & time
29 Apr 2026 • 22:39
Reference
NMB-2604-677305
Error code
CEW-407
Issue
Transfer failed
Get help
Back to activity"
0079,screenshots/augmented/synthetic_bank_0079_blur.png,Tamil,Tamil,blur,"22:05
4G
Nova Mobile Banking
Secure transaction centre
FAILED
USD 2,116.15
பணப் பரிமாற்றத்தை நிறைவு செய்ய முடியவில்லை.
Date & time
29 Apr 2026 • 22:39
Reference
NMB-2604-677305
Error code
CEW-407
Issue
Transfer failed
Get help
Back to activity"
0079,screenshots/augmented/synthetic_bank_0079_rot.png,Tamil,Tamil,rotation,"22:05
4G
Nova Mobile Banking
Secure transaction centre
FAILED
USD 2,116.15
பணப் பரிமாற்றத்தை நிறைவு செய்ய முடியவில்லை.
Date & time
29 Apr 2026 • 22:39
Reference
NMB-2604-677305
Error code
CEW-407
Issue
Transfer failed
Get help
Back to activity"
0079,screenshots/augmented/synthetic_bank_0079_lowres.png,Tamil,Tamil,low-resolution,"22:05
4G
Nova Mobile Banking
Secure transaction centre
FAILED
USD 2,116.15
பணப் பரிமாற்றத்தை நிறைவு செய்ய முடியவில்லை.
Date & time
29 Apr 2026 • 22:39
Reference
NMB-2604-677305
Error code
CEW-407
Issue
Transfer failed
Get help
Back to activity"
0080,screenshots/synthetic_bank_0080.png,Tamil,Tamil,clean,"18:05
4G
Nova Mobile Banking
Secure transaction centre
BLOCKED
USD 318.65
பாதுகாப்பிற்காக உங்கள் கணக்கு முடக்கப்பட்டுள்ளது.
Date & time
23 Jan 2026 • 01:19
Reference
NMB-2601-777327
Error code
YYZ-956
Issue
Account blocked
Get help
Back to activity"
0080,screenshots/augmented/synthetic_bank_0080_blur.png,Tamil,Tamil,blur,"18:05
4G
Nova Mobile Banking
Secure transaction centre
BLOCKED
USD 318.65
பாதுகாப்பிற்காக உங்கள் கணக்கு முடக்கப்பட்டுள்ளது.
Date & time
23 Jan 2026 • 01:19
Reference
NMB-2601-777327
Error code
YYZ-956
Issue
Account blocked
Get help
Back to activity"
0080,screenshots/augmented/synthetic_bank_0080_rot.png,Tamil,Tamil,rotation,"18:05
4G
Nova Mobile Banking
Secure transaction centre
BLOCKED
USD 318.65
பாதுகாப்பிற்காக உங்கள் கணக்கு முடக்கப்பட்டுள்ளது.
Date & time
23 Jan 2026 • 01:19
Reference
NMB-2601-777327
Error code
YYZ-956
Issue
Account blocked
Get help
Back to activity"
0080,screenshots/augmented/synthetic_bank_0080_lowres.png,Tamil,Tamil,low-resolution,"18:05
4G
Nova Mobile Banking
Secure transaction centre
BLOCKED
USD 318.65
பாதுகாப்பிற்காக உங்கள் கணக்கு முடக்கப்பட்டுள்ளது.
Date & time
23 Jan 2026 • 01:19
Reference
NMB-2601-777327
Error code
YYZ-956
Issue
Account blocked
Get help
Back to activity"
0081,screenshots/synthetic_bank_0081.png,Sinhala,Sinhala,clean,"12:00
4G
Nova Mobile Banking
Secure transaction centre
REVIEW
GBP 1,710.07
විනිමය අනුපාතය පරීක්ෂා කරන්න.
Date & time
03 May 2025 • 16:35
Reference
NMB-2505-389763
Error code
IJU-381
Issue
Wrong exchange rate
Get help
Back to activity"
0081,screenshots/augmented/synthetic_bank_0081_blur.png,Sinhala,Sinhala,blur,"12:00
4G
Nova Mobile Banking
Secure transaction centre
REVIEW
GBP 1,710.07
විනිමය අනුපාතය පරීක්ෂා කරන්න.
Date & time
03 May 2025 • 16:35
Reference
NMB-2505-389763
Error code
IJU-381
Issue
Wrong exchange rate
Get help
Back to activity"
0081,screenshots/augmented/synthetic_bank_0081_rot.png,Sinhala,Sinhala,rotation,"12:00
4G
Nova Mobile Banking
Secure transaction centre
REVIEW
GBP 1,710.07
විනිමය අනුපාතය පරීක්ෂා කරන්න.
Date & time
03 May 2025 • 16:35
Reference
NMB-2505-389763
Error code
IJU-381
Issue
Wrong exchange rate
Get help
Back to activity"
0081,screenshots/augmented/synthetic_bank_0081_lowres.png,Sinhala,Sinhala,low-resolution,"12:00
4G
Nova Mobile Banking
Secure transaction centre
REVIEW
GBP 1,710.07
විනිමය අනුපාතය පරීක්ෂා කරන්න.
Date & time
03 May 2025 • 16:35
Reference
NMB-2505-389763
Error code
IJU-381
Issue
Wrong exchange rate
Get help
Back to activity"
0082,screenshots/synthetic_bank_0082.png,Tamil,Tamil,clean,"18:15
4G
Nova Mobile Banking
Secure transaction centre
BLOCKED
USD 2,319.18
பாதுகாப்பிற்காக உங்கள் கணக்கு முடக்கப்பட்டுள்ளது.
Date & time
10 Nov 2025 • 08:54
Reference
NMB-2511-835717
Error code
CWO-515
Issue
Account blocked
Get help
Back to activity"
0082,screenshots/augmented/synthetic_bank_0082_blur.png,Tamil,Tamil,blur,"18:15
4G
Nova Mobile Banking
Secure transaction centre
BLOCKED
USD 2,319.18
பாதுகாப்பிற்காக உங்கள் கணக்கு முடக்கப்பட்டுள்ளது.
Date & time
10 Nov 2025 • 08:54
Reference
NMB-2511-835717
Error code
CWO-515
Issue
Account blocked
Get help
Back to activity"
0082,screenshots/augmented/synthetic_bank_0082_rot.png,Tamil,Tamil,rotation,"18:15
4G
Nova Mobile Banking
Secure transaction centre
BLOCKED
USD 2,319.18
பாதுகாப்பிற்காக உங்கள் கணக்கு முடக்கப்பட்டுள்ளது.
Date & time
10 Nov 2025 • 08:54
Reference
NMB-2511-835717
Error code
CWO-515
Issue
Account blocked
Get help
Back to activity"
0082,screenshots/augmented/synthetic_bank_0082_lowres.png,Tamil,Tamil,low-resolution,"18:15
4G
Nova Mobile Banking
Secure transaction centre
BLOCKED
USD 2,319.18
பாதுகாப்பிற்காக உங்கள் கணக்கு முடக்கப்பட்டுள்ளது.
Date & time
10 Nov 2025 • 08:54
Reference
NMB-2511-835717
Error code
CWO-515
Issue
Account blocked
Get help
Back to activity"
0083,screenshots/synthetic_bank_0083.png,Tamil,Tamil,clean,"13:10
4G
Nova Mobile Banking
Secure transaction centre
REVIEW
SGD 1,068.09
பணம் எடுத்த கட்டணம் தவறாக இருக்கலாம்.
Date & time
08 Jun 2025 • 05:20
Reference
NMB-2506-604649
Error code
AZB-718
Issue
Cash withdrawal charged incorrectly
Get help
Back to activity"
0083,screenshots/augmented/synthetic_bank_0083_blur.png,Tamil,Tamil,blur,"13:10
4G
Nova Mobile Banking
Secure transaction centre
REVIEW
SGD 1,068.09
பணம் எடுத்த கட்டணம் தவறாக இருக்கலாம்.
Date & time
08 Jun 2025 • 05:20
Reference
NMB-2506-604649
Error code
AZB-718
Issue
Cash withdrawal charged incorrectly
Get help
Back to activity"
0083,screenshots/augmented/synthetic_bank_0083_rot.png,Tamil,Tamil,rotation,"13:10
4G
Nova Mobile Banking
Secure transaction centre
REVIEW
SGD 1,068.09
பணம் எடுத்த கட்டணம் தவறாக இருக்கலாம்.
Date & time
08 Jun 2025 • 05:20
Reference
NMB-2506-604649
Error code
AZB-718
Issue
Cash withdrawal charged incorrectly
Get help
Back to activity"
0083,screenshots/augmented/synthetic_bank_0083_lowres.png,Tamil,Tamil,low-resolution,"13:10
4G
Nova Mobile Banking
Secure transaction centre
REVIEW
SGD 1,068.09
பணம் எடுத்த கட்டணம் தவறாக இருக்கலாம்.
Date & time
08 Jun 2025 • 05:20
Reference
NMB-2506-604649
Error code
AZB-718
Issue
Cash withdrawal charged incorrectly
Get help
Back to activity"
0084,screenshots/synthetic_bank_0084.png,Sinhala,Sinhala,clean,"10:10
4G
Nova Mobile Banking
Secure transaction centre
FAILED
USD 2,446.47
ගිණුමෙන් අඩු වූ නමුත් මුදල් ලැබුණේ නැත.
Date & time
30 Aug 2024 • 23:15
Reference
NMB-2408-978096
Error code
KUM-800
Issue
Cash not received
Get help
Back to activity"
0084,screenshots/augmented/synthetic_bank_0084_blur.png,Sinhala,Sinhala,blur,"10:10
4G
Nova Mobile Banking
Secure transaction centre
FAILED
USD 2,446.47
ගිණුමෙන් අඩු වූ නමුත් මුදල් ලැබුණේ නැත.
Date & time
30 Aug 2024 • 23:15
Reference
NMB-2408-978096
Error code
KUM-800
Issue
Cash not received
Get help
Back to activity"
0084,screenshots/augmented/synthetic_bank_0084_rot.png,Sinhala,Sinhala,rotation,"10:10
4G
Nova Mobile Banking
Secure transaction centre
FAILED
USD 2,446.47
ගිණුමෙන් අඩු වූ නමුත් මුදල් ලැබුණේ නැත.
Date & time
30 Aug 2024 • 23:15
Reference
NMB-2408-978096
Error code
KUM-800
Issue
Cash not received
Get help
Back to activity"
0084,screenshots/augmented/synthetic_bank_0084_lowres.png,Sinhala,Sinhala,low-resolution,"10:10
4G
Nova Mobile Banking
Secure transaction centre
FAILED
USD 2,446.47
ගිණුමෙන් අඩු වූ නමුත් මුදල් ලැබුණේ නැත.
Date & time
30 Aug 2024 • 23:15
Reference
NMB-2408-978096
Error code
KUM-800
Issue
Cash not received
Get help
Back to activity"
0085,screenshots/synthetic_bank_0085.png,Mixed-language,Latin,clean,"16:10
4G
Nova Mobile Banking
Secure transaction centre
REVIEW
USD 895.05
Transaction eka deparak penenawa. Transaction rendu murai kaatuthu.
Date & time
22 Feb 2025 • 03:56
Reference
NMB-2502-445806
Error code
DHQ-818
Issue
Duplicate transaction
Get help
Back to activity"
0085,screenshots/augmented/synthetic_bank_0085_blur.png,Mixed-language,Latin,blur,"16:10
4G
Nova Mobile Banking
Secure transaction centre
REVIEW
USD 895.05
Transaction eka deparak penenawa. Transaction rendu murai kaatuthu.
Date & time
22 Feb 2025 • 03:56
Reference
NMB-2502-445806
Error code
DHQ-818
Issue
Duplicate transaction
Get help
Back to activity"
0085,screenshots/augmented/synthetic_bank_0085_rot.png,Mixed-language,Latin,rotation,"16:10
4G
Nova Mobile Banking
Secure transaction centre
REVIEW
USD 895.05
Transaction eka deparak penenawa. Transaction rendu murai kaatuthu.
Date & time
22 Feb 2025 • 03:56
Reference
NMB-2502-445806
Error code
DHQ-818
Issue
Duplicate transaction
Get help
Back to activity"
0085,screenshots/augmented/synthetic_bank_0085_lowres.png,Mixed-language,Latin,low-resolution,"16:10
4G
Nova Mobile Banking
Secure transaction centre
REVIEW
USD 895.05
Transaction eka deparak penenawa. Transaction rendu murai kaatuthu.
Date & time
22 Feb 2025 • 03:56
Reference
NMB-2502-445806
Error code
DHQ-818
Issue
Duplicate transaction
Get help
Back to activity"
0086,screenshots/synthetic_bank_0086.png,Sinhala,Sinhala,clean,"09:45
4G
Nova Mobile Banking
Secure transaction centre
REVIEW
LKR 484.25
විනිමය අනුපාතය පරීක්ෂා කරන්න.
Date & time
24 Sep 2025 • 20:18
Reference
NMB-2509-522306
Error code
YHR-184
Issue
Wrong exchange rate
Get help
Back to activity"
0086,screenshots/augmented/synthetic_bank_0086_blur.png,Sinhala,Sinhala,blur,"09:45
4G
Nova Mobile Banking
Secure transaction centre
REVIEW
LKR 484.25
විනිමය අනුපාතය පරීක්ෂා කරන්න.
Date & time
24 Sep 2025 • 20:18
Reference
NMB-2509-522306
Error code
YHR-184
Issue
Wrong exchange rate
Get help
Back to activity"
0086,screenshots/augmented/synthetic_bank_0086_rot.png,Sinhala,Sinhala,rotation,"09:45
4G
Nova Mobile Banking
Secure transaction centre
REVIEW
LKR 484.25
විනිමය අනුපාතය පරීක්ෂා කරන්න.
Date & time
24 Sep 2025 • 20:18
Reference
NMB-2509-522306
Error code
YHR-184
Issue
Wrong exchange rate
Get help
Back to activity"
0086,screenshots/augmented/synthetic_bank_0086_lowres.png,Sinhala,Sinhala,low-resolution,"09:45
4G
Nova Mobile Banking
Secure transaction centre
REVIEW
LKR 484.25
විනිමය අනුපාතය පරීක්ෂා කරන්න.
Date & time
24 Sep 2025 • 20:18
Reference
NMB-2509-522306
Error code
YHR-184
Issue
Wrong exchange rate
Get help
Back to activity"
0087,screenshots/synthetic_bank_0087.png,Sinhala,Sinhala,clean,"10:05
4G
Nova Mobile Banking
Secure transaction centre
PENDING
GBP 673.25
ඔබගේ මුදල් ආපසු ගෙවීම තවම පවතී.
Date & time
17 Jun 2024 • 14:32
Reference
NMB-2406-760208
Error code
MPC-604
Issue
Refund pending
Get help
Back to activity"
0087,screenshots/augmented/synthetic_bank_0087_blur.png,Sinhala,Sinhala,blur,"10:05
4G
Nova Mobile Banking
Secure transaction centre
PENDING
GBP 673.25
ඔබගේ මුදල් ආපසු ගෙවීම තවම පවතී.
Date & time
17 Jun 2024 • 14:32
Reference
NMB-2406-760208
Error code
MPC-604
Issue
Refund pending
Get help
Back to activity"
0087,screenshots/augmented/synthetic_bank_0087_rot.png,Sinhala,Sinhala,rotation,"10:05
4G
Nova Mobile Banking
Secure transaction centre
PENDING
GBP 673.25
ඔබගේ මුදල් ආපසු ගෙවීම තවම පවතී.
Date & time
17 Jun 2024 • 14:32
Reference
NMB-2406-760208
Error code
MPC-604
Issue
Refund pending
Get help
Back to activity"
0087,screenshots/augmented/synthetic_bank_0087_lowres.png,Sinhala,Sinhala,low-resolution,"10:05
4G
Nova Mobile Banking
Secure transaction centre
PENDING
GBP 673.25
ඔබගේ මුදල් ආපසු ගෙවීම තවම පවතී.
Date & time
17 Jun 2024 • 14:32
Reference
NMB-2406-760208
Error code
MPC-604
Issue
Refund pending
Get help
Back to activity"
0088,screenshots/synthetic_bank_0088.png,Sinhala,Sinhala,clean,"17:45
4G
Nova Mobile Banking
Secure transaction centre
DECLINED
EUR 565.81
ඔබගේ කාඩ් ගෙවීම ප්‍රතික්ෂේප විය.
Date & time
24 Feb 2024 • 02:34
Reference
NMB-2402-312429
Error code
BGD-449
Issue
Card payment declined
Get help
Back to activity"
0088,screenshots/augmented/synthetic_bank_0088_blur.png,Sinhala,Sinhala,blur,"17:45
4G
Nova Mobile Banking
Secure transaction centre
DECLINED
EUR 565.81
ඔබගේ කාඩ් ගෙවීම ප්‍රතික්ෂේප විය.
Date & time
24 Feb 2024 • 02:34
Reference
NMB-2402-312429
Error code
BGD-449
Issue
Card payment declined
Get help
Back to activity"
0088,screenshots/augmented/synthetic_bank_0088_rot.png,Sinhala,Sinhala,rotation,"17:45
4G
Nova Mobile Banking
Secure transaction centre
DECLINED
EUR 565.81
ඔබගේ කාඩ් ගෙවීම ප්‍රතික්ෂේප විය.
Date & time
24 Feb 2024 • 02:34
Reference
NMB-2402-312429
Error code
BGD-449
Issue
Card payment declined
Get help
Back to activity"
0088,screenshots/augmented/synthetic_bank_0088_lowres.png,Sinhala,Sinhala,low-resolution,"17:45
4G
Nova Mobile Banking
Secure transaction centre
DECLINED
EUR 565.81
ඔබගේ කාඩ් ගෙවීම ප්‍රතික්ෂේප විය.
Date & time
24 Feb 2024 • 02:34
Reference
NMB-2402-312429
Error code
BGD-449
Issue
Card payment declined
Get help
Back to activity"
0089,screenshots/synthetic_bank_0089.png,Mixed-language,Latin,clean,"08:10
4G
Nova Mobile Banking
Secure transaction centre
REVIEW
LKR 807.68
ATM charge eka waradi wage. ATM charge thappa irukku.
Date & time
10 Oct 2025 • 12:39
Reference
NMB-2510-809267
Error code
HCX-241
Issue
Cash withdrawal charged incorrectly
Get help
Back to activity"
0089,screenshots/augmented/synthetic_bank_0089_blur.png,Mixed-language,Latin,blur,"08:10
4G
Nova Mobile Banking
Secure transaction centre
REVIEW
LKR 807.68
ATM charge eka waradi wage. ATM charge thappa irukku.
Date & time
10 Oct 2025 • 12:39
Reference
NMB-2510-809267
Error code
HCX-241
Issue
Cash withdrawal charged incorrectly
Get help
Back to activity"
0089,screenshots/augmented/synthetic_bank_0089_rot.png,Mixed-language,Latin,rotation,"08:10
4G
Nova Mobile Banking
Secure transaction centre
REVIEW
LKR 807.68
ATM charge eka waradi wage. ATM charge thappa irukku.
Date & time
10 Oct 2025 • 12:39
Reference
NMB-2510-809267
Error code
HCX-241
Issue
Cash withdrawal charged incorrectly
Get help
Back to activity"
0089,screenshots/augmented/synthetic_bank_0089_lowres.png,Mixed-language,Latin,low-resolution,"08:10
4G
Nova Mobile Banking
Secure transaction centre
REVIEW
LKR 807.68
ATM charge eka waradi wage. ATM charge thappa irukku.
Date & time
10 Oct 2025 • 12:39
Reference
NMB-2510-809267
Error code
HCX-241
Issue
Cash withdrawal charged incorrectly
Get help
Back to activity"
0090,screenshots/synthetic_bank_0090.png,Mixed-language,Latin,clean,"17:05
4G
Nova Mobile Banking
Secure transaction centre
REVIEW
LKR 893.81
ATM charge eka waradi wage. ATM charge thappa irukku.
Date & time
13 Nov 2025 • 03:14
Reference
NMB-2511-424355
Error code
XBB-828
Issue
Cash withdrawal charged incorrectly
Get help
Back to activity"
0090,screenshots/augmented/synthetic_bank_0090_blur.png,Mixed-language,Latin,blur,"17:05
4G
Nova Mobile Banking
Secure transaction centre
REVIEW
LKR 893.81
ATM charge eka waradi wage. ATM charge thappa irukku.
Date & time
13 Nov 2025 • 03:14
Reference
NMB-2511-424355
Error code
XBB-828
Issue
Cash withdrawal charged incorrectly
Get help
Back to activity"
0090,screenshots/augmented/synthetic_bank_0090_rot.png,Mixed-language,Latin,rotation,"17:05
4G
Nova Mobile Banking
Secure transaction centre
REVIEW
LKR 893.81
ATM charge eka waradi wage. ATM charge thappa irukku.
Date & time
13 Nov 2025 • 03:14
Reference
NMB-2511-424355
Error code
XBB-828
Issue
Cash withdrawal charged incorrectly
Get help
Back to activity"
0090,screenshots/augmented/synthetic_bank_0090_lowres.png,Mixed-language,Latin,low-resolution,"17:05
4G
Nova Mobile Banking
Secure transaction centre
REVIEW
LKR 893.81
ATM charge eka waradi wage. ATM charge thappa irukku.
Date & time
13 Nov 2025 • 03:14
Reference
NMB-2511-424355
Error code
XBB-828
Issue
Cash withdrawal charged incorrectly
Get help
Back to activity"
0091,screenshots/synthetic_bank_0091.png,English,Latin,clean,"12:10
4G
Nova Mobile Banking
Secure transaction centre
URGENT
USD 1,299.41
Freeze your stolen card immediately.
Date & time
22 Mar 2025 • 13:57
Reference
NMB-2503-184248
Error code
IUW-563
Issue
Card stolen
Freeze card
Back to activity"
0091,screenshots/augmented/synthetic_bank_0091_blur.png,English,Latin,blur,"12:10
4G
Nova Mobile Banking
Secure transaction centre
URGENT
USD 1,299.41
Freeze your stolen card immediately.
Date & time
22 Mar 2025 • 13:57
Reference
NMB-2503-184248
Error code
IUW-563
Issue
Card stolen
Freeze card
Back to activity"
0091,screenshots/augmented/synthetic_bank_0091_rot.png,English,Latin,rotation,"12:10
4G
Nova Mobile Banking
Secure transaction centre
URGENT
USD 1,299.41
Freeze your stolen card immediately.
Date & time
22 Mar 2025 • 13:57
Reference
NMB-2503-184248
Error code
IUW-563
Issue
Card stolen
Freeze card
Back to activity"
0091,screenshots/augmented/synthetic_bank_0091_lowres.png,English,Latin,low-resolution,"12:10
4G
Nova Mobile Banking
Secure transaction centre
URGENT
USD 1,299.41
Freeze your stolen card immediately.
Date & time
22 Mar 2025 • 13:57
Reference
NMB-2503-184248
Error code
IUW-563
Issue
Card stolen
Freeze card
Back to activity"
0092,screenshots/synthetic_bank_0092.png,Sinhala,Sinhala,clean,"18:05
4G
Nova Mobile Banking
Secure transaction centre
PENDING
SGD 1,588.46
ඔබගේ මුදල් ආපසු ගෙවීම තවම පවතී.
Date & time
28 Apr 2026 • 04:14
Reference
NMB-2604-974428
Error code
WDE-862
Issue
Refund pending
Get help
Back to activity"
0092,screenshots/augmented/synthetic_bank_0092_blur.png,Sinhala,Sinhala,blur,"18:05
4G
Nova Mobile Banking
Secure transaction centre
PENDING
SGD 1,588.46
ඔබගේ මුදල් ආපසු ගෙවීම තවම පවතී.
Date & time
28 Apr 2026 • 04:14
Reference
NMB-2604-974428
Error code
WDE-862
Issue
Refund pending
Get help
Back to activity"
0092,screenshots/augmented/synthetic_bank_0092_rot.png,Sinhala,Sinhala,rotation,"18:05
4G
Nova Mobile Banking
Secure transaction centre
PENDING
SGD 1,588.46
ඔබගේ මුදල් ආපසු ගෙවීම තවම පවතී.
Date & time
28 Apr 2026 • 04:14
Reference
NMB-2604-974428
Error code
WDE-862
Issue
Refund pending
Get help
Back to activity"
0092,screenshots/augmented/synthetic_bank_0092_lowres.png,Sinhala,Sinhala,low-resolution,"18:05
4G
Nova Mobile Banking
Secure transaction centre
PENDING
SGD 1,588.46
ඔබගේ මුදල් ආපසු ගෙවීම තවම පවතී.
Date & time
28 Apr 2026 • 04:14
Reference
NMB-2604-974428
Error code
WDE-862
Issue
Refund pending
Get help
Back to activity"
0093,screenshots/synthetic_bank_0093.png,Tanglish,Latin,clean,"22:45
4G
Nova Mobile Banking
Secure transaction centre
DECLINED
GBP 1,680.19
Card payment decline aayiduchu.
Date & time
25 Aug 2025 • 02:45
Reference
NMB-2508-218615
Error code
BYL-153
Issue
Card payment declined
Get help
Back to activity"
0093,screenshots/augmented/synthetic_bank_0093_blur.png,Tanglish,Latin,blur,"22:45
4G
Nova Mobile Banking
Secure transaction centre
DECLINED
GBP 1,680.19
Card payment decline aayiduchu.
Date & time
25 Aug 2025 • 02:45
Reference
NMB-2508-218615
Error code
BYL-153
Issue
Card payment declined
Get help
Back to activity"
0093,screenshots/augmented/synthetic_bank_0093_rot.png,Tanglish,Latin,rotation,"22:45
4G
Nova Mobile Banking
Secure transaction centre
DECLINED
GBP 1,680.19
Card payment decline aayiduchu.
Date & time
25 Aug 2025 • 02:45
Reference
NMB-2508-218615
Error code
BYL-153
Issue
Card payment declined
Get help
Back to activity"
0093,screenshots/augmented/synthetic_bank_0093_lowres.png,Tanglish,Latin,low-resolution,"22:45
4G
Nova Mobile Banking
Secure transaction centre
DECLINED
GBP 1,680.19
Card payment decline aayiduchu.
Date & time
25 Aug 2025 • 02:45
Reference
NMB-2508-218615
Error code
BYL-153
Issue
Card payment declined
Get help
Back to activity"
0094,screenshots/synthetic_bank_0094.png,Mixed-language,Latin,clean,"13:30
4G
Nova Mobile Banking
Secure transaction centre
URGENT
EUR 779.93
Mama nodanna transaction ekak thiyenawa. Enakku theriyatha transaction irukku.
Date & time
20 Dec 2024 • 16:38
Reference
NMB-2412-909439
Error code
ZUN-740
Issue
Unauthorized transaction
Secure account
Back to activity"
0094,screenshots/augmented/synthetic_bank_0094_blur.png,Mixed-language,Latin,blur,"13:30
4G
Nova Mobile Banking
Secure transaction centre
URGENT
EUR 779.93
Mama nodanna transaction ekak thiyenawa. Enakku theriyatha transaction irukku.
Date & time
20 Dec 2024 • 16:38
Reference
NMB-2412-909439
Error code
ZUN-740
Issue
Unauthorized transaction
Secure account
Back to activity"
0094,screenshots/augmented/synthetic_bank_0094_rot.png,Mixed-language,Latin,rotation,"13:30
4G
Nova Mobile Banking
Secure transaction centre
URGENT
EUR 779.93
Mama nodanna transaction ekak thiyenawa. Enakku theriyatha transaction irukku.
Date & time
20 Dec 2024 • 16:38
Reference
NMB-2412-909439
Error code
ZUN-740
Issue
Unauthorized transaction
Secure account
Back to activity"
0094,screenshots/augmented/synthetic_bank_0094_lowres.png,Mixed-language,Latin,low-resolution,"13:30
4G
Nova Mobile Banking
Secure transaction centre
URGENT
EUR 779.93
Mama nodanna transaction ekak thiyenawa. Enakku theriyatha transaction irukku.
Date & time
20 Dec 2024 • 16:38
Reference
NMB-2412-909439
Error code
ZUN-740
Issue
Unauthorized transaction
Secure account
Back to activity"
0095,screenshots/synthetic_bank_0095.png,Tanglish,Latin,clean,"13:05
4G
Nova Mobile Banking
Secure transaction centre
DECLINED
USD 1,433.64
Card payment decline aayiduchu.
Date & time
25 Jun 2025 • 14:17
Reference
NMB-2506-915342
Error code
JGP-392
Issue
Card payment declined
Get help
Back to activity"
0095,screenshots/augmented/synthetic_bank_0095_blur.png,Tanglish,Latin,blur,"13:05
4G
Nova Mobile Banking
Secure transaction centre
DECLINED
USD 1,433.64
Card payment decline aayiduchu.
Date & time
25 Jun 2025 • 14:17
Reference
NMB-2506-915342
Error code
JGP-392
Issue
Card payment declined
Get help
Back to activity"
0095,screenshots/augmented/synthetic_bank_0095_rot.png,Tanglish,Latin,rotation,"13:05
4G
Nova Mobile Banking
Secure transaction centre
DECLINED
USD 1,433.64
Card payment decline aayiduchu.
Date & time
25 Jun 2025 • 14:17
Reference
NMB-2506-915342
Error code
JGP-392
Issue
Card payment declined
Get help
Back to activity"
0095,screenshots/augmented/synthetic_bank_0095_lowres.png,Tanglish,Latin,low-resolution,"13:05
4G
Nova Mobile Banking
Secure transaction centre
DECLINED
USD 1,433.64
Card payment decline aayiduchu.
Date & time
25 Jun 2025 • 14:17
Reference
NMB-2506-915342
Error code
JGP-392
Issue
Card payment declined
Get help
Back to activity"
0096,screenshots/synthetic_bank_0096.png,Mixed-language,Latin,clean,"09:15
4G
Nova Mobile Banking
Secure transaction centre
BLOCKED
LKR 432.12
Security nisa account eka block wela. Security-kaaga account block aayiduchu.
Date & time
16 Mar 2025 • 21:10
Reference
NMB-2503-506908
Error code
GVJ-663
Issue
Account blocked
Get help
Back to activity"
0096,screenshots/augmented/synthetic_bank_0096_blur.png,Mixed-language,Latin,blur,"09:15
4G
Nova Mobile Banking
Secure transaction centre
BLOCKED
LKR 432.12
Security nisa account eka block wela. Security-kaaga account block aayiduchu.
Date & time
16 Mar 2025 • 21:10
Reference
NMB-2503-506908
Error code
GVJ-663
Issue
Account blocked
Get help
Back to activity"
0096,screenshots/augmented/synthetic_bank_0096_rot.png,Mixed-language,Latin,rotation,"09:15
4G
Nova Mobile Banking
Secure transaction centre
BLOCKED
LKR 432.12
Security nisa account eka block wela. Security-kaaga account block aayiduchu.
Date & time
16 Mar 2025 • 21:10
Reference
NMB-2503-506908
Error code
GVJ-663
Issue
Account blocked
Get help
Back to activity"
0096,screenshots/augmented/synthetic_bank_0096_lowres.png,Mixed-language,Latin,low-resolution,"09:15
4G
Nova Mobile Banking
Secure transaction centre
BLOCKED
LKR 432.12
Security nisa account eka block wela. Security-kaaga account block aayiduchu.
Date & time
16 Mar 2025 • 21:10
Reference
NMB-2503-506908
Error code
GVJ-663
Issue
Account blocked
Get help
Back to activity"
0097,screenshots/synthetic_bank_0097.png,Mixed-language,Latin,clean,"13:00
4G
Nova Mobile Banking
Secure transaction centre
REVIEW
EUR 1,924.69
ATM charge eka waradi wage. ATM charge thappa irukku.
Date & time
26 Aug 2024 • 11:31
Reference
NMB-2408-628386
Error code
DYK-606
Issue
Cash withdrawal charged incorrectly
Get help
Back to activity"
0097,screenshots/augmented/synthetic_bank_0097_blur.png,Mixed-language,Latin,blur,"13:00
4G
Nova Mobile Banking
Secure transaction centre
REVIEW
EUR 1,924.69
ATM charge eka waradi wage. ATM charge thappa irukku.
Date & time
26 Aug 2024 • 11:31
Reference
NMB-2408-628386
Error code
DYK-606
Issue
Cash withdrawal charged incorrectly
Get help
Back to activity"
0097,screenshots/augmented/synthetic_bank_0097_rot.png,Mixed-language,Latin,rotation,"13:00
4G
Nova Mobile Banking
Secure transaction centre
REVIEW
EUR 1,924.69
ATM charge eka waradi wage. ATM charge thappa irukku.
Date & time
26 Aug 2024 • 11:31
Reference
NMB-2408-628386
Error code
DYK-606
Issue
Cash withdrawal charged incorrectly
Get help
Back to activity"
0097,screenshots/augmented/synthetic_bank_0097_lowres.png,Mixed-language,Latin,low-resolution,"13:00
4G
Nova Mobile Banking
Secure transaction centre
REVIEW
EUR 1,924.69
ATM charge eka waradi wage. ATM charge thappa irukku.
Date & time
26 Aug 2024 • 11:31
Reference
NMB-2408-628386
Error code
DYK-606
Issue
Cash withdrawal charged incorrectly
Get help
Back to activity"
0098,screenshots/synthetic_bank_0098.png,Sinhala,Sinhala,clean,"20:10
4G
Nova Mobile Banking
Secure transaction centre
FAILED
LKR 837.82
ගිණුමෙන් අඩු වූ නමුත් මුදල් ලැබුණේ නැත.
Date & time
23 Jan 2025 • 15:20
Reference
NMB-2501-942463
Error code
HES-529
Issue
Cash not received
Get help
Back to activity"
0098,screenshots/augmented/synthetic_bank_0098_blur.png,Sinhala,Sinhala,blur,"20:10
4G
Nova Mobile Banking
Secure transaction centre
FAILED
LKR 837.82
ගිණුමෙන් අඩු වූ නමුත් මුදල් ලැබුණේ නැත.
Date & time
23 Jan 2025 • 15:20
Reference
NMB-2501-942463
Error code
HES-529
Issue
Cash not received
Get help
Back to activity"
0098,screenshots/augmented/synthetic_bank_0098_rot.png,Sinhala,Sinhala,rotation,"20:10
4G
Nova Mobile Banking
Secure transaction centre
FAILED
LKR 837.82
ගිණුමෙන් අඩු වූ නමුත් මුදල් ලැබුණේ නැත.
Date & time
23 Jan 2025 • 15:20
Reference
NMB-2501-942463
Error code
HES-529
Issue
Cash not received
Get help
Back to activity"
0098,screenshots/augmented/synthetic_bank_0098_lowres.png,Sinhala,Sinhala,low-resolution,"20:10
4G
Nova Mobile Banking
Secure transaction centre
FAILED
LKR 837.82
ගිණුමෙන් අඩු වූ නමුත් මුදල් ලැබුණේ නැත.
Date & time
23 Jan 2025 • 15:20
Reference
NMB-2501-942463
Error code
HES-529
Issue
Cash not received
Get help
Back to activity"
0099,screenshots/synthetic_bank_0099.png,Tanglish,Latin,clean,"21:00
4G
Nova Mobile Banking
Secure transaction centre
PENDING
GBP 824.83
Balance innum update aagala.
Date & time
09 Jun 2025 • 00:11
Reference
NMB-2506-733517
Error code
BHM-217
Issue
Balance not updated
Get help
Back to activity"
0099,screenshots/augmented/synthetic_bank_0099_blur.png,Tanglish,Latin,blur,"21:00
4G
Nova Mobile Banking
Secure transaction centre
PENDING
GBP 824.83
Balance innum update aagala.
Date & time
09 Jun 2025 • 00:11
Reference
NMB-2506-733517
Error code
BHM-217
Issue
Balance not updated
Get help
Back to activity"
0099,screenshots/augmented/synthetic_bank_0099_rot.png,Tanglish,Latin,rotation,"21:00
4G
Nova Mobile Banking
Secure transaction centre
PENDING
GBP 824.83
Balance innum update aagala.
Date & time
09 Jun 2025 • 00:11
Reference
NMB-2506-733517
Error code
BHM-217
Issue
Balance not updated
Get help
Back to activity"
0099,screenshots/augmented/synthetic_bank_0099_lowres.png,Tanglish,Latin,low-resolution,"21:00
4G
Nova Mobile Banking
Secure transaction centre
PENDING
GBP 824.83
Balance innum update aagala.
Date & time
09 Jun 2025 • 00:11
Reference
NMB-2506-733517
Error code
BHM-217
Issue
Balance not updated
Get help
Back to activity"
0100,screenshots/synthetic_bank_0100.png,Singlish,Latin,clean,"11:00
4G
Nova Mobile Banking
Secure transaction centre
FAILED
GBP 698.36
Salli ganna transaction eka fail una.
Date & time
11 Jan 2025 • 12:07
Reference
NMB-2501-401937
Error code
UWY-318
Issue
Cash withdrawal failure
Get help
Back to activity"
0100,screenshots/augmented/synthetic_bank_0100_blur.png,Singlish,Latin,blur,"11:00
4G
Nova Mobile Banking
Secure transaction centre
FAILED
GBP 698.36
Salli ganna transaction eka fail una.
Date & time
11 Jan 2025 • 12:07
Reference
NMB-2501-401937
Error code
UWY-318
Issue
Cash withdrawal failure
Get help
Back to activity"
0100,screenshots/augmented/synthetic_bank_0100_rot.png,Singlish,Latin,rotation,"11:00
4G
Nova Mobile Banking
Secure transaction centre
FAILED
GBP 698.36
Salli ganna transaction eka fail una.
Date & time
11 Jan 2025 • 12:07
Reference
NMB-2501-401937
Error code
UWY-318
Issue
Cash withdrawal failure
Get help
Back to activity"
0100,screenshots/augmented/synthetic_bank_0100_lowres.png,Singlish,Latin,low-resolution,"11:00
4G
Nova Mobile Banking
Secure transaction centre
FAILED
GBP 698.36
Salli ganna transaction eka fail una.
Date & time
11 Jan 2025 • 12:07
Reference
NMB-2501-401937
Error code
UWY-318
Issue
Cash withdrawal failure
Get help
Back to activity"
0101,screenshots/synthetic_bank_0101.png,Tanglish,Latin,clean,"14:15
4G
Nova Mobile Banking
Secure transaction centre
PENDING
USD 522.94
Balance innum update aagala.
Date & time
26 Sep 2025 • 08:10
Reference
NMB-2509-927770
Error code
DUV-525
Issue
Balance not updated
Get help
Back to activity"
0101,screenshots/augmented/synthetic_bank_0101_blur.png,Tanglish,Latin,blur,"14:15
4G
Nova Mobile Banking
Secure transaction centre
PENDING
USD 522.94
Balance innum update aagala.
Date & time
26 Sep 2025 • 08:10
Reference
NMB-2509-927770
Error code
DUV-525
Issue
Balance not updated
Get help
Back to activity"
0101,screenshots/augmented/synthetic_bank_0101_rot.png,Tanglish,Latin,rotation,"14:15
4G
Nova Mobile Banking
Secure transaction centre
PENDING
USD 522.94
Balance innum update aagala.
Date & time
26 Sep 2025 • 08:10
Reference
NMB-2509-927770
Error code
DUV-525
Issue
Balance not updated
Get help
Back to activity"
0101,screenshots/augmented/synthetic_bank_0101_lowres.png,Tanglish,Latin,low-resolution,"14:15
4G
Nova Mobile Banking
Secure transaction centre
PENDING
USD 522.94
Balance innum update aagala.
Date & time
26 Sep 2025 • 08:10
Reference
NMB-2509-927770
Error code
DUV-525
Issue
Balance not updated
Get help
Back to activity"
0102,screenshots/synthetic_bank_0102.png,Singlish,Latin,clean,"22:05
4G
Nova Mobile Banking
Secure transaction centre
FAILED
USD 1,639.70
Beneficiary add karanna bari una.
Date & time
14 Apr 2024 • 22:48
Reference
NMB-2404-762593
Error code
JJB-719
Issue
Beneficiary not added
Get help
Back to activity"
0102,screenshots/augmented/synthetic_bank_0102_blur.png,Singlish,Latin,blur,"22:05
4G
Nova Mobile Banking
Secure transaction centre
FAILED
USD 1,639.70
Beneficiary add karanna bari una.
Date & time
14 Apr 2024 • 22:48
Reference
NMB-2404-762593
Error code
JJB-719
Issue
Beneficiary not added
Get help
Back to activity"
0102,screenshots/augmented/synthetic_bank_0102_rot.png,Singlish,Latin,rotation,"22:05
4G
Nova Mobile Banking
Secure transaction centre
FAILED
USD 1,639.70
Beneficiary add karanna bari una.
Date & time
14 Apr 2024 • 22:48
Reference
NMB-2404-762593
Error code
JJB-719
Issue
Beneficiary not added
Get help
Back to activity"
0102,screenshots/augmented/synthetic_bank_0102_lowres.png,Singlish,Latin,low-resolution,"22:05
4G
Nova Mobile Banking
Secure transaction centre
FAILED
USD 1,639.70
Beneficiary add karanna bari una.
Date & time
14 Apr 2024 • 22:48
Reference
NMB-2404-762593
Error code
JJB-719
Issue
Beneficiary not added
Get help
Back to activity"
0103,screenshots/synthetic_bank_0103.png,Singlish,Latin,clean,"21:30
4G
Nova Mobile Banking
Secure transaction centre
URGENT
EUR 1,235.18
Card eka horakam kala; danma freeze karanna.
Date & time
03 May 2024 • 00:46
Reference
NMB-2405-772984
Error code
ZRH-481
Issue
Card stolen
Freeze card
Back to activity"
0103,screenshots/augmented/synthetic_bank_0103_blur.png,Singlish,Latin,blur,"21:30
4G
Nova Mobile Banking
Secure transaction centre
URGENT
EUR 1,235.18
Card eka horakam kala; danma freeze karanna.
Date & time
03 May 2024 • 00:46
Reference
NMB-2405-772984
Error code
ZRH-481
Issue
Card stolen
Freeze card
Back to activity"
0103,screenshots/augmented/synthetic_bank_0103_rot.png,Singlish,Latin,rotation,"21:30
4G
Nova Mobile Banking
Secure transaction centre
URGENT
EUR 1,235.18
Card eka horakam kala; danma freeze karanna.
Date & time
03 May 2024 • 00:46
Reference
NMB-2405-772984
Error code
ZRH-481
Issue
Card stolen
Freeze card
Back to activity"
0103,screenshots/augmented/synthetic_bank_0103_lowres.png,Singlish,Latin,low-resolution,"21:30
4G
Nova Mobile Banking
Secure transaction centre
URGENT
EUR 1,235.18
Card eka horakam kala; danma freeze karanna.
Date & time
03 May 2024 • 00:46
Reference
NMB-2405-772984
Error code
ZRH-481
Issue
Card stolen
Freeze card
Back to activity"
0104,screenshots/synthetic_bank_0104.png,Singlish,Latin,clean,"14:45
4G
Nova Mobile Banking
Secure transaction centre
WAITING
GBP 234.68
OTP eka thawama awe naha.
Date & time
09 Jan 2024 • 08:51
Reference
NMB-2401-321411
Error code
HHT-976
Issue
OTP not received
Get help
Back to activity"
0104,screenshots/augmented/synthetic_bank_0104_blur.png,Singlish,Latin,blur,"14:45
4G
Nova Mobile Banking
Secure transaction centre
WAITING
GBP 234.68
OTP eka thawama awe naha.
Date & time
09 Jan 2024 • 08:51
Reference
NMB-2401-321411
Error code
HHT-976
Issue
OTP not received
Get help
Back to activity"
0104,screenshots/augmented/synthetic_bank_0104_rot.png,Singlish,Latin,rotation,"14:45
4G
Nova Mobile Banking
Secure transaction centre
WAITING
GBP 234.68
OTP eka thawama awe naha.
Date & time
09 Jan 2024 • 08:51
Reference
NMB-2401-321411
Error code
HHT-976
Issue
OTP not received
Get help
Back to activity"
0104,screenshots/augmented/synthetic_bank_0104_lowres.png,Singlish,Latin,low-resolution,"14:45
4G
Nova Mobile Banking
Secure transaction centre
WAITING
GBP 234.68
OTP eka thawama awe naha.
Date & time
09 Jan 2024 • 08:51
Reference
NMB-2401-321411
Error code
HHT-976
Issue
OTP not received
Get help
Back to activity"
0105,screenshots/synthetic_bank_0105.png,English,Latin,clean,"16:15
4G
Nova Mobile Banking
Secure transaction centre
FAILED
LKR 735.19
The new beneficiary could not be added.
Date & time
26 Jan 2024 • 13:11
Reference
NMB-2401-798195
Error code
GLB-632
Issue
Beneficiary not added
Get help
Back to activity"
0105,screenshots/augmented/synthetic_bank_0105_blur.png,English,Latin,blur,"16:15
4G
Nova Mobile Banking
Secure transaction centre
FAILED
LKR 735.19
The new beneficiary could not be added.
Date & time
26 Jan 2024 • 13:11
Reference
NMB-2401-798195
Error code
GLB-632
Issue
Beneficiary not added
Get help
Back to activity"
0105,screenshots/augmented/synthetic_bank_0105_rot.png,English,Latin,rotation,"16:15
4G
Nova Mobile Banking
Secure transaction centre
FAILED
LKR 735.19
The new beneficiary could not be added.
Date & time
26 Jan 2024 • 13:11
Reference
NMB-2401-798195
Error code
GLB-632
Issue
Beneficiary not added
Get help
Back to activity"
0105,screenshots/augmented/synthetic_bank_0105_lowres.png,English,Latin,low-resolution,"16:15
4G
Nova Mobile Banking
Secure transaction centre
FAILED
LKR 735.19
The new beneficiary could not be added.
Date & time
26 Jan 2024 • 13:11
Reference
NMB-2401-798195
Error code
GLB-632
Issue
Beneficiary not added
Get help
Back to activity"
0106,screenshots/synthetic_bank_0106.png,Tamil,Tamil,clean,"11:10
4G
Nova Mobile Banking
Secure transaction centre
REVIEW
GBP 2,334.90
இந்தப் பரிவர்த்தனை இருமுறை காணப்படுகிறது.
Date & time
02 Apr 2024 • 04:34
Reference
NMB-2404-379494
Error code
EUZ-210
Issue
Duplicate transaction
Get help
Back to activity"
0106,screenshots/augmented/synthetic_bank_0106_blur.png,Tamil,Tamil,blur,"11:10
4G
Nova Mobile Banking
Secure transaction centre
REVIEW
GBP 2,334.90
இந்தப் பரிவர்த்தனை இருமுறை காணப்படுகிறது.
Date & time
02 Apr 2024 • 04:34
Reference
NMB-2404-379494
Error code
EUZ-210
Issue
Duplicate transaction
Get help
Back to activity"
0106,screenshots/augmented/synthetic_bank_0106_rot.png,Tamil,Tamil,rotation,"11:10
4G
Nova Mobile Banking
Secure transaction centre
REVIEW
GBP 2,334.90
இந்தப் பரிவர்த்தனை இருமுறை காணப்படுகிறது.
Date & time
02 Apr 2024 • 04:34
Reference
NMB-2404-379494
Error code
EUZ-210
Issue
Duplicate transaction
Get help
Back to activity"
0106,screenshots/augmented/synthetic_bank_0106_lowres.png,Tamil,Tamil,low-resolution,"11:10
4G
Nova Mobile Banking
Secure transaction centre
REVIEW
GBP 2,334.90
இந்தப் பரிவர்த்தனை இருமுறை காணப்படுகிறது.
Date & time
02 Apr 2024 • 04:34
Reference
NMB-2404-379494
Error code
EUZ-210
Issue
Duplicate transaction
Get help
Back to activity"
0107,screenshots/synthetic_bank_0107.png,Mixed-language,Latin,clean,"18:15
4G
Nova Mobile Banking
Secure transaction centre
FAILED
LKR 941.13
Salli transfer eka complete une naha. Money transfer complete aagala.
Date & time
27 Mar 2024 • 22:34
Reference
NMB-2403-549125
Error code
ZRG-691
Issue
Transfer failed
Get help
Back to activity"
0107,screenshots/augmented/synthetic_bank_0107_blur.png,Mixed-language,Latin,blur,"18:15
4G
Nova Mobile Banking
Secure transaction centre
FAILED
LKR 941.13
Salli transfer eka complete une naha. Money transfer complete aagala.
Date & time
27 Mar 2024 • 22:34
Reference
NMB-2403-549125
Error code
ZRG-691
Issue
Transfer failed
Get help
Back to activity"
0107,screenshots/augmented/synthetic_bank_0107_rot.png,Mixed-language,Latin,rotation,"18:15
4G
Nova Mobile Banking
Secure transaction centre
FAILED
LKR 941.13
Salli transfer eka complete une naha. Money transfer complete aagala.
Date & time
27 Mar 2024 • 22:34
Reference
NMB-2403-549125
Error code
ZRG-691
Issue
Transfer failed
Get help
Back to activity"
0107,screenshots/augmented/synthetic_bank_0107_lowres.png,Mixed-language,Latin,low-resolution,"18:15
4G
Nova Mobile Banking
Secure transaction centre
FAILED
LKR 941.13
Salli transfer eka complete une naha. Money transfer complete aagala.
Date & time
27 Mar 2024 • 22:34
Reference
NMB-2403-549125
Error code
ZRG-691
Issue
Transfer failed
Get help
Back to activity"
0108,screenshots/synthetic_bank_0108.png,English,Latin,clean,"09:15
4G
Nova Mobile Banking
Secure transaction centre
FAILED
EUR 743.51
We could not complete this cash withdrawal.
Date & time
27 Dec 2024 • 17:58
Reference
NMB-2412-982573
Error code
WEW-349
Issue
Cash withdrawal failure
Get help
Back to activity"
0108,screenshots/augmented/synthetic_bank_0108_blur.png,English,Latin,blur,"09:15
4G
Nova Mobile Banking
Secure transaction centre
FAILED
EUR 743.51
We could not complete this cash withdrawal.
Date & time
27 Dec 2024 • 17:58
Reference
NMB-2412-982573
Error code
WEW-349
Issue
Cash withdrawal failure
Get help
Back to activity"
0108,screenshots/augmented/synthetic_bank_0108_rot.png,English,Latin,rotation,"09:15
4G
Nova Mobile Banking
Secure transaction centre
FAILED
EUR 743.51
We could not complete this cash withdrawal.
Date & time
27 Dec 2024 • 17:58
Reference
NMB-2412-982573
Error code
WEW-349
Issue
Cash withdrawal failure
Get help
Back to activity"
0108,screenshots/augmented/synthetic_bank_0108_lowres.png,English,Latin,low-resolution,"09:15
4G
Nova Mobile Banking
Secure transaction centre
FAILED
EUR 743.51
We could not complete this cash withdrawal.
Date & time
27 Dec 2024 • 17:58
Reference
NMB-2412-982573
Error code
WEW-349
Issue
Cash withdrawal failure
Get help
Back to activity"
0109,screenshots/synthetic_bank_0109.png,Tanglish,Latin,clean,"17:00
4G
Nova Mobile Banking
Secure transaction centre
DECLINED
LKR 1,941.67
Card payment decline aayiduchu.
Date & time
25 Aug 2025 • 21:05
Reference
NMB-2508-656408
Error code
AYD-813
Issue
Card payment declined
Get help
Back to activity"
0109,screenshots/augmented/synthetic_bank_0109_blur.png,Tanglish,Latin,blur,"17:00
4G
Nova Mobile Banking
Secure transaction centre
DECLINED
LKR 1,941.67
Card payment decline aayiduchu.
Date & time
25 Aug 2025 • 21:05
Reference
NMB-2508-656408
Error code
AYD-813
Issue
Card payment declined
Get help
Back to activity"
0109,screenshots/augmented/synthetic_bank_0109_rot.png,Tanglish,Latin,rotation,"17:00
4G
Nova Mobile Banking
Secure transaction centre
DECLINED
LKR 1,941.67
Card payment decline aayiduchu.
Date & time
25 Aug 2025 • 21:05
Reference
NMB-2508-656408
Error code
AYD-813
Issue
Card payment declined
Get help
Back to activity"
0109,screenshots/augmented/synthetic_bank_0109_lowres.png,Tanglish,Latin,low-resolution,"17:00
4G
Nova Mobile Banking
Secure transaction centre
DECLINED
LKR 1,941.67
Card payment decline aayiduchu.
Date & time
25 Aug 2025 • 21:05
Reference
NMB-2508-656408
Error code
AYD-813
Issue
Card payment declined
Get help
Back to activity"
0110,screenshots/synthetic_bank_0110.png,Sinhala,Sinhala,clean,"11:45
4G
Nova Mobile Banking
Secure transaction centre
REVIEW
EUR 1,174.35
විනිමය අනුපාතය පරීක්ෂා කරන්න.
Date & time
24 Apr 2025 • 06:46
Reference
NMB-2504-195513
Error code
VWO-391
Issue
Wrong exchange rate
Get help
Back to activity"
0110,screenshots/augmented/synthetic_bank_0110_blur.png,Sinhala,Sinhala,blur,"11:45
4G
Nova Mobile Banking
Secure transaction centre
REVIEW
EUR 1,174.35
විනිමය අනුපාතය පරීක්ෂා කරන්න.
Date & time
24 Apr 2025 • 06:46
Reference
NMB-2504-195513
Error code
VWO-391
Issue
Wrong exchange rate
Get help
Back to activity"
0110,screenshots/augmented/synthetic_bank_0110_rot.png,Sinhala,Sinhala,rotation,"11:45
4G
Nova Mobile Banking
Secure transaction centre
REVIEW
EUR 1,174.35
විනිමය අනුපාතය පරීක්ෂා කරන්න.
Date & time
24 Apr 2025 • 06:46
Reference
NMB-2504-195513
Error code
VWO-391
Issue
Wrong exchange rate
Get help
Back to activity"
0110,screenshots/augmented/synthetic_bank_0110_lowres.png,Sinhala,Sinhala,low-resolution,"11:45
4G
Nova Mobile Banking
Secure transaction centre
REVIEW
EUR 1,174.35
විනිමය අනුපාතය පරීක්ෂා කරන්න.
Date & time
24 Apr 2025 • 06:46
Reference
NMB-2504-195513
Error code
VWO-391
Issue
Wrong exchange rate
Get help
Back to activity"
0111,screenshots/synthetic_bank_0111.png,Tanglish,Latin,clean,"09:45
4G
Nova Mobile Banking
Secure transaction centre
FAILED
LKR 1,819.56
Account-la debit aachu, cash kidaikala.
Date & time
09 Aug 2024 • 15:25
Reference
NMB-2408-665312
Error code
LEH-662
Issue
Cash not received
Get help
Back to activity"
0111,screenshots/augmented/synthetic_bank_0111_blur.png,Tanglish,Latin,blur,"09:45
4G
Nova Mobile Banking
Secure transaction centre
FAILED
LKR 1,819.56
Account-la debit aachu, cash kidaikala.
Date & time
09 Aug 2024 • 15:25
Reference
NMB-2408-665312
Error code
LEH-662
Issue
Cash not received
Get help
Back to activity"
0111,screenshots/augmented/synthetic_bank_0111_rot.png,Tanglish,Latin,rotation,"09:45
4G
Nova Mobile Banking
Secure transaction centre
FAILED
LKR 1,819.56
Account-la debit aachu, cash kidaikala.
Date & time
09 Aug 2024 • 15:25
Reference
NMB-2408-665312
Error code
LEH-662
Issue
Cash not received
Get help
Back to activity"
0111,screenshots/augmented/synthetic_bank_0111_lowres.png,Tanglish,Latin,low-resolution,"09:45
4G
Nova Mobile Banking
Secure transaction centre
FAILED
LKR 1,819.56
Account-la debit aachu, cash kidaikala.
Date & time
09 Aug 2024 • 15:25
Reference
NMB-2408-665312
Error code
LEH-662
Issue
Cash not received
Get help
Back to activity"
0112,screenshots/synthetic_bank_0112.png,Mixed-language,Latin,clean,"11:00
4G
Nova Mobile Banking
Secure transaction centre
BLOCKED
SGD 581.32
Security nisa account eka block wela. Security-kaaga account block aayiduchu.
Date & time
22 Jan 2025 • 04:40
Reference
NMB-2501-444196
Error code
WOB-688
Issue
Account blocked
Get help
Back to activity"
0112,screenshots/augmented/synthetic_bank_0112_blur.png,Mixed-language,Latin,blur,"11:00
4G
Nova Mobile Banking
Secure transaction centre
BLOCKED
SGD 581.32
Security nisa account eka block wela. Security-kaaga account block aayiduchu.
Date & time
22 Jan 2025 • 04:40
Reference
NMB-2501-444196
Error code
WOB-688
Issue
Account blocked
Get help
Back to activity"
0112,screenshots/augmented/synthetic_bank_0112_rot.png,Mixed-language,Latin,rotation,"11:00
4G
Nova Mobile Banking
Secure transaction centre
BLOCKED
SGD 581.32
Security nisa account eka block wela. Security-kaaga account block aayiduchu.
Date & time
22 Jan 2025 • 04:40
Reference
NMB-2501-444196
Error code
WOB-688
Issue
Account blocked
Get help
Back to activity"
0112,screenshots/augmented/synthetic_bank_0112_lowres.png,Mixed-language,Latin,low-resolution,"11:00
4G
Nova Mobile Banking
Secure transaction centre
BLOCKED
SGD 581.32
Security nisa account eka block wela. Security-kaaga account block aayiduchu.
Date & time
22 Jan 2025 • 04:40
Reference
NMB-2501-444196
Error code
WOB-688
Issue
Account blocked
Get help
Back to activity"
0113,screenshots/synthetic_bank_0113.png,English,Latin,clean,"19:45
4G
Nova Mobile Banking
Secure transaction centre
FAILED
EUR 1,796.77
The new beneficiary could not be added.
Date & time
27 Mar 2024 • 08:43
Reference
NMB-2403-765988
Error code
PGR-296
Issue
Beneficiary not added
Get help
Back to activity"
0113,screenshots/augmented/synthetic_bank_0113_blur.png,English,Latin,blur,"19:45
4G
Nova Mobile Banking
Secure transaction centre
FAILED
EUR 1,796.77
The new beneficiary could not be added.
Date & time
27 Mar 2024 • 08:43
Reference
NMB-2403-765988
Error code
PGR-296
Issue
Beneficiary not added
Get help
Back to activity"
0113,screenshots/augmented/synthetic_bank_0113_rot.png,English,Latin,rotation,"19:45
4G
Nova Mobile Banking
Secure transaction centre
FAILED
EUR 1,796.77
The new beneficiary could not be added.
Date & time
27 Mar 2024 • 08:43
Reference
NMB-2403-765988
Error code
PGR-296
Issue
Beneficiary not added
Get help
Back to activity"
0113,screenshots/augmented/synthetic_bank_0113_lowres.png,English,Latin,low-resolution,"19:45
4G
Nova Mobile Banking
Secure transaction centre
FAILED
EUR 1,796.77
The new beneficiary could not be added.
Date & time
27 Mar 2024 • 08:43
Reference
NMB-2403-765988
Error code
PGR-296
Issue
Beneficiary not added
Get help
Back to activity"
0114,screenshots/synthetic_bank_0114.png,English,Latin,clean,"16:10
4G
Nova Mobile Banking
Secure transaction centre
URGENT
EUR 1,222.01
Freeze your stolen card immediately.
Date & time
31 May 2025 • 17:09
Reference
NMB-2505-429677
Error code
OGS-464
Issue
Card stolen
Freeze card
Back to activity"
0114,screenshots/augmented/synthetic_bank_0114_blur.png,English,Latin,blur,"16:10
4G
Nova Mobile Banking
Secure transaction centre
URGENT
EUR 1,222.01
Freeze your stolen card immediately.
Date & time
31 May 2025 • 17:09
Reference
NMB-2505-429677
Error code
OGS-464
Issue
Card stolen
Freeze card
Back to activity"
0114,screenshots/augmented/synthetic_bank_0114_rot.png,English,Latin,rotation,"16:10
4G
Nova Mobile Banking
Secure transaction centre
URGENT
EUR 1,222.01
Freeze your stolen card immediately.
Date & time
31 May 2025 • 17:09
Reference
NMB-2505-429677
Error code
OGS-464
Issue
Card stolen
Freeze card
Back to activity"
0114,screenshots/augmented/synthetic_bank_0114_lowres.png,English,Latin,low-resolution,"16:10
4G
Nova Mobile Banking
Secure transaction centre
URGENT
EUR 1,222.01
Freeze your stolen card immediately.
Date & time
31 May 2025 • 17:09
Reference
NMB-2505-429677
Error code
OGS-464
Issue
Card stolen
Freeze card
Back to activity"
0115,screenshots/synthetic_bank_0115.png,Tamil,Tamil,clean,"13:15
4G
Nova Mobile Banking
Secure transaction centre
FAILED
SGD 808.58
பணப் பரிமாற்றத்தை நிறைவு செய்ய முடியவில்லை.
Date & time
13 Nov 2024 • 12:56
Reference
NMB-2411-875083
Error code
MEP-929
Issue
Transfer failed
Get help
Back to activity"
0115,screenshots/augmented/synthetic_bank_0115_blur.png,Tamil,Tamil,blur,"13:15
4G
Nova Mobile Banking
Secure transaction centre
FAILED
SGD 808.58
பணப் பரிமாற்றத்தை நிறைவு செய்ய முடியவில்லை.
Date & time
13 Nov 2024 • 12:56
Reference
NMB-2411-875083
Error code
MEP-929
Issue
Transfer failed
Get help
Back to activity"
0115,screenshots/augmented/synthetic_bank_0115_rot.png,Tamil,Tamil,rotation,"13:15
4G
Nova Mobile Banking
Secure transaction centre
FAILED
SGD 808.58
பணப் பரிமாற்றத்தை நிறைவு செய்ய முடியவில்லை.
Date & time
13 Nov 2024 • 12:56
Reference
NMB-2411-875083
Error code
MEP-929
Issue
Transfer failed
Get help
Back to activity"
0115,screenshots/augmented/synthetic_bank_0115_lowres.png,Tamil,Tamil,low-resolution,"13:15
4G
Nova Mobile Banking
Secure transaction centre
FAILED
SGD 808.58
பணப் பரிமாற்றத்தை நிறைவு செய்ய முடியவில்லை.
Date & time
13 Nov 2024 • 12:56
Reference
NMB-2411-875083
Error code
MEP-929
Issue
Transfer failed
Get help
Back to activity"
0116,screenshots/synthetic_bank_0116.png,English,Latin,clean,"11:30
4G
Nova Mobile Banking
Secure transaction centre
PENDING
USD 1,294.19
Your transfer is still being processed.
Date & time
23 Oct 2025 • 06:22
Reference
NMB-2510-503763
Error code
CJE-819
Issue
Transfer pending
Get help
Back to activity"
0116,screenshots/augmented/synthetic_bank_0116_blur.png,English,Latin,blur,"11:30
4G
Nova Mobile Banking
Secure transaction centre
PENDING
USD 1,294.19
Your transfer is still being processed.
Date & time
23 Oct 2025 • 06:22
Reference
NMB-2510-503763
Error code
CJE-819
Issue
Transfer pending
Get help
Back to activity"
0116,screenshots/augmented/synthetic_bank_0116_rot.png,English,Latin,rotation,"11:30
4G
Nova Mobile Banking
Secure transaction centre
PENDING
USD 1,294.19
Your transfer is still being processed.
Date & time
23 Oct 2025 • 06:22
Reference
NMB-2510-503763
Error code
CJE-819
Issue
Transfer pending
Get help
Back to activity"
0116,screenshots/augmented/synthetic_bank_0116_lowres.png,English,Latin,low-resolution,"11:30
4G
Nova Mobile Banking
Secure transaction centre
PENDING
USD 1,294.19
Your transfer is still being processed.
Date & time
23 Oct 2025 • 06:22
Reference
NMB-2510-503763
Error code
CJE-819
Issue
Transfer pending
Get help
Back to activity"
0117,screenshots/synthetic_bank_0117.png,Tanglish,Latin,clean,"10:05
4G
Nova Mobile Banking
Secure transaction centre
DECLINED
LKR 828.02
Card payment decline aayiduchu.
Date & time
03 Jan 2024 • 20:57
Reference
NMB-2401-449468
Error code
NRQ-564
Issue
Card payment declined
Get help
Back to activity"
0117,screenshots/augmented/synthetic_bank_0117_blur.png,Tanglish,Latin,blur,"10:05
4G
Nova Mobile Banking
Secure transaction centre
DECLINED
LKR 828.02
Card payment decline aayiduchu.
Date & time
03 Jan 2024 • 20:57
Reference
NMB-2401-449468
Error code
NRQ-564
Issue
Card payment declined
Get help
Back to activity"
0117,screenshots/augmented/synthetic_bank_0117_rot.png,Tanglish,Latin,rotation,"10:05
4G
Nova Mobile Banking
Secure transaction centre
DECLINED
LKR 828.02
Card payment decline aayiduchu.
Date & time
03 Jan 2024 • 20:57
Reference
NMB-2401-449468
Error code
NRQ-564
Issue
Card payment declined
Get help
Back to activity"
0117,screenshots/augmented/synthetic_bank_0117_lowres.png,Tanglish,Latin,low-resolution,"10:05
4G
Nova Mobile Banking
Secure transaction centre
DECLINED
LKR 828.02
Card payment decline aayiduchu.
Date & time
03 Jan 2024 • 20:57
Reference
NMB-2401-449468
Error code
NRQ-564
Issue
Card payment declined
Get help
Back to activity"
0118,screenshots/synthetic_bank_0118.png,Tanglish,Latin,clean,"22:45
4G
Nova Mobile Banking
Secure transaction centre
PENDING
SGD 509.68
Refund innum pending-la irukku.
Date & time
08 Mar 2025 • 18:43
Reference
NMB-2503-988177
Error code
OGV-895
Issue
Refund pending
Get help
Back to activity"
0118,screenshots/augmented/synthetic_bank_0118_blur.png,Tanglish,Latin,blur,"22:45
4G
Nova Mobile Banking
Secure transaction centre
PENDING
SGD 509.68
Refund innum pending-la irukku.
Date & time
08 Mar 2025 • 18:43
Reference
NMB-2503-988177
Error code
OGV-895
Issue
Refund pending
Get help
Back to activity"
0118,screenshots/augmented/synthetic_bank_0118_rot.png,Tanglish,Latin,rotation,"22:45
4G
Nova Mobile Banking
Secure transaction centre
PENDING
SGD 509.68
Refund innum pending-la irukku.
Date & time
08 Mar 2025 • 18:43
Reference
NMB-2503-988177
Error code
OGV-895
Issue
Refund pending
Get help
Back to activity"
0118,screenshots/augmented/synthetic_bank_0118_lowres.png,Tanglish,Latin,low-resolution,"22:45
4G
Nova Mobile Banking
Secure transaction centre
PENDING
SGD 509.68
Refund innum pending-la irukku.
Date & time
08 Mar 2025 • 18:43
Reference
NMB-2503-988177
Error code
OGV-895
Issue
Refund pending
Get help
Back to activity"
0119,screenshots/synthetic_bank_0119.png,Singlish,Latin,clean,"10:10
4G
Nova Mobile Banking
Secure transaction centre
URGENT
USD 586.79
Card eka horakam kala; danma freeze karanna.
Date & time
21 Feb 2025 • 17:22
Reference
NMB-2502-454617
Error code
IGT-211
Issue
Card stolen
Freeze card
Back to activity"
0119,screenshots/augmented/synthetic_bank_0119_blur.png,Singlish,Latin,blur,"10:10
4G
Nova Mobile Banking
Secure transaction centre
URGENT
USD 586.79
Card eka horakam kala; danma freeze karanna.
Date & time
21 Feb 2025 • 17:22
Reference
NMB-2502-454617
Error code
IGT-211
Issue
Card stolen
Freeze card
Back to activity"
0119,screenshots/augmented/synthetic_bank_0119_rot.png,Singlish,Latin,rotation,"10:10
4G
Nova Mobile Banking
Secure transaction centre
URGENT
USD 586.79
Card eka horakam kala; danma freeze karanna.
Date & time
21 Feb 2025 • 17:22
Reference
NMB-2502-454617
Error code
IGT-211
Issue
Card stolen
Freeze card
Back to activity"
0119,screenshots/augmented/synthetic_bank_0119_lowres.png,Singlish,Latin,low-resolution,"10:10
4G
Nova Mobile Banking
Secure transaction centre
URGENT
USD 586.79
Card eka horakam kala; danma freeze karanna.
Date & time
21 Feb 2025 • 17:22
Reference
NMB-2502-454617
Error code
IGT-211
Issue
Card stolen
Freeze card
Back to activity"
0120,screenshots/synthetic_bank_0120.png,English,Latin,clean,"19:45
4G
Nova Mobile Banking
Secure transaction centre
PENDING
GBP 2,267.41
Your transfer is still being processed.
Date & time
01 Feb 2026 • 21:12
Reference
NMB-2602-900965
Error code
HFY-219
Issue
Transfer pending
Get help
Back to activity"
0120,screenshots/augmented/synthetic_bank_0120_blur.png,English,Latin,blur,"19:45
4G
Nova Mobile Banking
Secure transaction centre
PENDING
GBP 2,267.41
Your transfer is still being processed.
Date & time
01 Feb 2026 • 21:12
Reference
NMB-2602-900965
Error code
HFY-219
Issue
Transfer pending
Get help
Back to activity"
0120,screenshots/augmented/synthetic_bank_0120_rot.png,English,Latin,rotation,"19:45
4G
Nova Mobile Banking
Secure transaction centre
PENDING
GBP 2,267.41
Your transfer is still being processed.
Date & time
01 Feb 2026 • 21:12
Reference
NMB-2602-900965
Error code
HFY-219
Issue
Transfer pending
Get help
Back to activity"
0120,screenshots/augmented/synthetic_bank_0120_lowres.png,English,Latin,low-resolution,"19:45
4G
Nova Mobile Banking
Secure transaction centre
PENDING
GBP 2,267.41
Your transfer is still being processed.
Date & time
01 Feb 2026 • 21:12
Reference
NMB-2602-900965
Error code
HFY-219
Issue
Transfer pending
Get help
Back to activity"
0121,screenshots/synthetic_bank_0121.png,Sinhala,Sinhala,clean,"12:30
4G
Nova Mobile Banking
Secure transaction centre
PENDING
EUR 1,794.46
ඔබගේ ශේෂය තවම යාවත්කාලීන වී නැත.
Date & time
17 Jul 2024 • 09:43
Reference
NMB-2407-161379
Error code
MQH-956
Issue
Balance not updated
Get help
Back to activity"
0121,screenshots/augmented/synthetic_bank_0121_blur.png,Sinhala,Sinhala,blur,"12:30
4G
Nova Mobile Banking
Secure transaction centre
PENDING
EUR 1,794.46
ඔබගේ ශේෂය තවම යාවත්කාලීන වී නැත.
Date & time
17 Jul 2024 • 09:43
Reference
NMB-2407-161379
Error code
MQH-956
Issue
Balance not updated
Get help
Back to activity"
0121,screenshots/augmented/synthetic_bank_0121_rot.png,Sinhala,Sinhala,rotation,"12:30
4G
Nova Mobile Banking
Secure transaction centre
PENDING
EUR 1,794.46
ඔබගේ ශේෂය තවම යාවත්කාලීන වී නැත.
Date & time
17 Jul 2024 • 09:43
Reference
NMB-2407-161379
Error code
MQH-956
Issue
Balance not updated
Get help
Back to activity"
0121,screenshots/augmented/synthetic_bank_0121_lowres.png,Sinhala,Sinhala,low-resolution,"12:30
4G
Nova Mobile Banking
Secure transaction centre
PENDING
EUR 1,794.46
ඔබගේ ශේෂය තවම යාවත්කාලීන වී නැත.
Date & time
17 Jul 2024 • 09:43
Reference
NMB-2407-161379
Error code
MQH-956
Issue
Balance not updated
Get help
Back to activity"
0122,screenshots/synthetic_bank_0122.png,Tamil,Tamil,clean,"21:00
4G
Nova Mobile Banking
Secure transaction centre
REVIEW
EUR 2,149.24
பணம் எடுத்த கட்டணம் தவறாக இருக்கலாம்.
Date & time
07 Feb 2025 • 18:28
Reference
NMB-2502-253464
Error code
YUU-286
Issue
Cash withdrawal charged incorrectly
Get help
Back to activity"
0122,screenshots/augmented/synthetic_bank_0122_blur.png,Tamil,Tamil,blur,"21:00
4G
Nova Mobile Banking
Secure transaction centre
REVIEW
EUR 2,149.24
பணம் எடுத்த கட்டணம் தவறாக இருக்கலாம்.
Date & time
07 Feb 2025 • 18:28
Reference
NMB-2502-253464
Error code
YUU-286
Issue
Cash withdrawal charged incorrectly
Get help
Back to activity"
0122,screenshots/augmented/synthetic_bank_0122_rot.png,Tamil,Tamil,rotation,"21:00
4G
Nova Mobile Banking
Secure transaction centre
REVIEW
EUR 2,149.24
பணம் எடுத்த கட்டணம் தவறாக இருக்கலாம்.
Date & time
07 Feb 2025 • 18:28
Reference
NMB-2502-253464
Error code
YUU-286
Issue
Cash withdrawal charged incorrectly
Get help
Back to activity"
0122,screenshots/augmented/synthetic_bank_0122_lowres.png,Tamil,Tamil,low-resolution,"21:00
4G
Nova Mobile Banking
Secure transaction centre
REVIEW
EUR 2,149.24
பணம் எடுத்த கட்டணம் தவறாக இருக்கலாம்.
Date & time
07 Feb 2025 • 18:28
Reference
NMB-2502-253464
Error code
YUU-286
Issue
Cash withdrawal charged incorrectly
Get help
Back to activity"
0123,screenshots/synthetic_bank_0123.png,Tamil,Tamil,clean,"09:00
4G
Nova Mobile Banking
Secure transaction centre
FAILED
LKR 401.57
பணப் பரிமாற்றத்தை நிறைவு செய்ய முடியவில்லை.
Date & time
25 Nov 2024 • 19:06
Reference
NMB-2411-938664
Error code
GTA-927
Issue
Transfer failed
Get help
Back to activity"
0123,screenshots/augmented/synthetic_bank_0123_blur.png,Tamil,Tamil,blur,"09:00
4G
Nova Mobile Banking
Secure transaction centre
FAILED
LKR 401.57
பணப் பரிமாற்றத்தை நிறைவு செய்ய முடியவில்லை.
Date & time
25 Nov 2024 • 19:06
Reference
NMB-2411-938664
Error code
GTA-927
Issue
Transfer failed
Get help
Back to activity"
0123,screenshots/augmented/synthetic_bank_0123_rot.png,Tamil,Tamil,rotation,"09:00
4G
Nova Mobile Banking
Secure transaction centre
FAILED
LKR 401.57
பணப் பரிமாற்றத்தை நிறைவு செய்ய முடியவில்லை.
Date & time
25 Nov 2024 • 19:06
Reference
NMB-2411-938664
Error code
GTA-927
Issue
Transfer failed
Get help
Back to activity"
0123,screenshots/augmented/synthetic_bank_0123_lowres.png,Tamil,Tamil,low-resolution,"09:00
4G
Nova Mobile Banking
Secure transaction centre
FAILED
LKR 401.57
பணப் பரிமாற்றத்தை நிறைவு செய்ய முடியவில்லை.
Date & time
25 Nov 2024 • 19:06
Reference
NMB-2411-938664
Error code
GTA-927
Issue
Transfer failed
Get help
Back to activity"
0124,screenshots/synthetic_bank_0124.png,Mixed-language,Latin,clean,"13:30
4G
Nova Mobile Banking
Secure transaction centre
FAILED
GBP 2,081.51
Salli transfer eka complete une naha. Money transfer complete aagala.
Date & time
02 Mar 2026 • 05:31
Reference
NMB-2603-956937
Error code
DKL-500
Issue
Transfer failed
Get help
Back to activity"
0124,screenshots/augmented/synthetic_bank_0124_blur.png,Mixed-language,Latin,blur,"13:30
4G
Nova Mobile Banking
Secure transaction centre
FAILED
GBP 2,081.51
Salli transfer eka complete une naha. Money transfer complete aagala.
Date & time
02 Mar 2026 • 05:31
Reference
NMB-2603-956937
Error code
DKL-500
Issue
Transfer failed
Get help
Back to activity"
0124,screenshots/augmented/synthetic_bank_0124_rot.png,Mixed-language,Latin,rotation,"13:30
4G
Nova Mobile Banking
Secure transaction centre
FAILED
GBP 2,081.51
Salli transfer eka complete une naha. Money transfer complete aagala.
Date & time
02 Mar 2026 • 05:31
Reference
NMB-2603-956937
Error code
DKL-500
Issue
Transfer failed
Get help
Back to activity"
0124,screenshots/augmented/synthetic_bank_0124_lowres.png,Mixed-language,Latin,low-resolution,"13:30
4G
Nova Mobile Banking
Secure transaction centre
FAILED
GBP 2,081.51
Salli transfer eka complete une naha. Money transfer complete aagala.
Date & time
02 Mar 2026 • 05:31
Reference
NMB-2603-956937
Error code
DKL-500
Issue
Transfer failed
Get help
Back to activity"
0125,screenshots/synthetic_bank_0125.png,English,Latin,clean,"22:05
4G
Nova Mobile Banking
Secure transaction centre
URGENT
SGD 2,498.85
Freeze your stolen card immediately.
Date & time
17 Sep 2025 • 20:25
Reference
NMB-2509-547315
Error code
IOE-905
Issue
Card stolen
Freeze card
Back to activity"
0125,screenshots/augmented/synthetic_bank_0125_blur.png,English,Latin,blur,"22:05
4G
Nova Mobile Banking
Secure transaction centre
URGENT
SGD 2,498.85
Freeze your stolen card immediately.
Date & time
17 Sep 2025 • 20:25
Reference
NMB-2509-547315
Error code
IOE-905
Issue
Card stolen
Freeze card
Back to activity"
0125,screenshots/augmented/synthetic_bank_0125_rot.png,English,Latin,rotation,"22:05
4G
Nova Mobile Banking
Secure transaction centre
URGENT
SGD 2,498.85
Freeze your stolen card immediately.
Date & time
17 Sep 2025 • 20:25
Reference
NMB-2509-547315
Error code
IOE-905
Issue
Card stolen
Freeze card
Back to activity"
0125,screenshots/augmented/synthetic_bank_0125_lowres.png,English,Latin,low-resolution,"22:05
4G
Nova Mobile Banking
Secure transaction centre
URGENT
SGD 2,498.85
Freeze your stolen card immediately.
Date & time
17 Sep 2025 • 20:25
Reference
NMB-2509-547315
Error code
IOE-905
Issue
Card stolen
Freeze card
Back to activity"
0126,screenshots/synthetic_bank_0126.png,Singlish,Latin,clean,"17:10
4G
Nova Mobile Banking
Secure transaction centre
PENDING
USD 2,032.13
Transfer eka thawama process wenawa.
Date & time
19 Aug 2024 • 13:46
Reference
NMB-2408-771417
Error code
JEP-663
Issue
Transfer pending
Get help
Back to activity"
0126,screenshots/augmented/synthetic_bank_0126_blur.png,Singlish,Latin,blur,"17:10
4G
Nova Mobile Banking
Secure transaction centre
PENDING
USD 2,032.13
Transfer eka thawama process wenawa.
Date & time
19 Aug 2024 • 13:46
Reference
NMB-2408-771417
Error code
JEP-663
Issue
Transfer pending
Get help
Back to activity"
0126,screenshots/augmented/synthetic_bank_0126_rot.png,Singlish,Latin,rotation,"17:10
4G
Nova Mobile Banking
Secure transaction centre
PENDING
USD 2,032.13
Transfer eka thawama process wenawa.
Date & time
19 Aug 2024 • 13:46
Reference
NMB-2408-771417
Error code
JEP-663
Issue
Transfer pending
Get help
Back to activity"
0126,screenshots/augmented/synthetic_bank_0126_lowres.png,Singlish,Latin,low-resolution,"17:10
4G
Nova Mobile Banking
Secure transaction centre
PENDING
USD 2,032.13
Transfer eka thawama process wenawa.
Date & time
19 Aug 2024 • 13:46
Reference
NMB-2408-771417
Error code
JEP-663
Issue
Transfer pending
Get help
Back to activity"
0127,screenshots/synthetic_bank_0127.png,English,Latin,clean,"09:45
4G
Nova Mobile Banking
Secure transaction centre
FAILED
EUR 238.20
We could not complete this cash withdrawal.
Date & time
24 Sep 2024 • 16:07
Reference
NMB-2409-518573
Error code
CVI-844
Issue
Cash withdrawal failure
Get help
Back to activity"
0127,screenshots/augmented/synthetic_bank_0127_blur.png,English,Latin,blur,"09:45
4G
Nova Mobile Banking
Secure transaction centre
FAILED
EUR 238.20
We could not complete this cash withdrawal.
Date & time
24 Sep 2024 • 16:07
Reference
NMB-2409-518573
Error code
CVI-844
Issue
Cash withdrawal failure
Get help
Back to activity"
0127,screenshots/augmented/synthetic_bank_0127_rot.png,English,Latin,rotation,"09:45
4G
Nova Mobile Banking
Secure transaction centre
FAILED
EUR 238.20
We could not complete this cash withdrawal.
Date & time
24 Sep 2024 • 16:07
Reference
NMB-2409-518573
Error code
CVI-844
Issue
Cash withdrawal failure
Get help
Back to activity"
0127,screenshots/augmented/synthetic_bank_0127_lowres.png,English,Latin,low-resolution,"09:45
4G
Nova Mobile Banking
Secure transaction centre
FAILED
EUR 238.20
We could not complete this cash withdrawal.
Date & time
24 Sep 2024 • 16:07
Reference
NMB-2409-518573
Error code
CVI-844
Issue
Cash withdrawal failure
Get help
Back to activity"
0128,screenshots/synthetic_bank_0128.png,English,Latin,clean,"09:30
4G
Nova Mobile Banking
Secure transaction centre
URGENT
LKR 958.16
Freeze your stolen card immediately.
Date & time
15 Feb 2024 • 14:02
Reference
NMB-2402-896459
Error code
KSA-473
Issue
Card stolen
Freeze card
Back to activity"
0128,screenshots/augmented/synthetic_bank_0128_blur.png,English,Latin,blur,"09:30
4G
Nova Mobile Banking
Secure transaction centre
URGENT
LKR 958.16
Freeze your stolen card immediately.
Date & time
15 Feb 2024 • 14:02
Reference
NMB-2402-896459
Error code
KSA-473
Issue
Card stolen
Freeze card
Back to activity"
0128,screenshots/augmented/synthetic_bank_0128_rot.png,English,Latin,rotation,"09:30
4G
Nova Mobile Banking
Secure transaction centre
URGENT
LKR 958.16
Freeze your stolen card immediately.
Date & time
15 Feb 2024 • 14:02
Reference
NMB-2402-896459
Error code
KSA-473
Issue
Card stolen
Freeze card
Back to activity"
0128,screenshots/augmented/synthetic_bank_0128_lowres.png,English,Latin,low-resolution,"09:30
4G
Nova Mobile Banking
Secure transaction centre
URGENT
LKR 958.16
Freeze your stolen card immediately.
Date & time
15 Feb 2024 • 14:02
Reference
NMB-2402-896459
Error code
KSA-473
Issue
Card stolen
Freeze card
Back to activity"
0129,screenshots/synthetic_bank_0129.png,Sinhala,Sinhala,clean,"09:45
4G
Nova Mobile Banking
Secure transaction centre
PENDING
GBP 1,907.08
ඔබගේ ශේෂය තවම යාවත්කාලීන වී නැත.
Date & time
24 Apr 2026 • 08:03
Reference
NMB-2604-176720
Error code
BDP-232
Issue
Balance not updated
Get help
Back to activity"
0129,screenshots/augmented/synthetic_bank_0129_blur.png,Sinhala,Sinhala,blur,"09:45
4G
Nova Mobile Banking
Secure transaction centre
PENDING
GBP 1,907.08
ඔබගේ ශේෂය තවම යාවත්කාලීන වී නැත.
Date & time
24 Apr 2026 • 08:03
Reference
NMB-2604-176720
Error code
BDP-232
Issue
Balance not updated
Get help
Back to activity"
0129,screenshots/augmented/synthetic_bank_0129_rot.png,Sinhala,Sinhala,rotation,"09:45
4G
Nova Mobile Banking
Secure transaction centre
PENDING
GBP 1,907.08
ඔබගේ ශේෂය තවම යාවත්කාලීන වී නැත.
Date & time
24 Apr 2026 • 08:03
Reference
NMB-2604-176720
Error code
BDP-232
Issue
Balance not updated
Get help
Back to activity"
0129,screenshots/augmented/synthetic_bank_0129_lowres.png,Sinhala,Sinhala,low-resolution,"09:45
4G
Nova Mobile Banking
Secure transaction centre
PENDING
GBP 1,907.08
ඔබගේ ශේෂය තවම යාවත්කාලීන වී නැත.
Date & time
24 Apr 2026 • 08:03
Reference
NMB-2604-176720
Error code
BDP-232
Issue
Balance not updated
Get help
Back to activity"
0130,screenshots/synthetic_bank_0130.png,Sinhala,Sinhala,clean,"18:15
4G
Nova Mobile Banking
Secure transaction centre
FAILED
GBP 2,430.62
ගිණුමෙන් අඩු වූ නමුත් මුදල් ලැබුණේ නැත.
Date & time
08 Jul 2025 • 14:20
Reference
NMB-2507-557388
Error code
SNZ-324
Issue
Cash not received
Get help
Back to activity"
0130,screenshots/augmented/synthetic_bank_0130_blur.png,Sinhala,Sinhala,blur,"18:15
4G
Nova Mobile Banking
Secure transaction centre
FAILED
GBP 2,430.62
ගිණුමෙන් අඩු වූ නමුත් මුදල් ලැබුණේ නැත.
Date & time
08 Jul 2025 • 14:20
Reference
NMB-2507-557388
Error code
SNZ-324
Issue
Cash not received
Get help
Back to activity"
0130,screenshots/augmented/synthetic_bank_0130_rot.png,Sinhala,Sinhala,rotation,"18:15
4G
Nova Mobile Banking
Secure transaction centre
FAILED
GBP 2,430.62
ගිණුමෙන් අඩු වූ නමුත් මුදල් ලැබුණේ නැත.
Date & time
08 Jul 2025 • 14:20
Reference
NMB-2507-557388
Error code
SNZ-324
Issue
Cash not received
Get help
Back to activity"
0130,screenshots/augmented/synthetic_bank_0130_lowres.png,Sinhala,Sinhala,low-resolution,"18:15
4G
Nova Mobile Banking
Secure transaction centre
FAILED
GBP 2,430.62
ගිණුමෙන් අඩු වූ නමුත් මුදල් ලැබුණේ නැත.
Date & time
08 Jul 2025 • 14:20
Reference
NMB-2507-557388
Error code
SNZ-324
Issue
Cash not received
Get help
Back to activity"
0131,screenshots/synthetic_bank_0131.png,Tanglish,Latin,clean,"08:30
4G
Nova Mobile Banking
Secure transaction centre
REVIEW
LKR 362.51
Exchange rate sari illa pola.
Date & time
14 Dec 2025 • 06:36
Reference
NMB-2512-171931
Error code
KBM-667
Issue
Wrong exchange rate
Get help
Back to activity"
0131,screenshots/augmented/synthetic_bank_0131_blur.png,Tanglish,Latin,blur,"08:30
4G
Nova Mobile Banking
Secure transaction centre
REVIEW
LKR 362.51
Exchange rate sari illa pola.
Date & time
14 Dec 2025 • 06:36
Reference
NMB-2512-171931
Error code
KBM-667
Issue
Wrong exchange rate
Get help
Back to activity"
0131,screenshots/augmented/synthetic_bank_0131_rot.png,Tanglish,Latin,rotation,"08:30
4G
Nova Mobile Banking
Secure transaction centre
REVIEW
LKR 362.51
Exchange rate sari illa pola.
Date & time
14 Dec 2025 • 06:36
Reference
NMB-2512-171931
Error code
KBM-667
Issue
Wrong exchange rate
Get help
Back to activity"
0131,screenshots/augmented/synthetic_bank_0131_lowres.png,Tanglish,Latin,low-resolution,"08:30
4G
Nova Mobile Banking
Secure transaction centre
REVIEW
LKR 362.51
Exchange rate sari illa pola.
Date & time
14 Dec 2025 • 06:36
Reference
NMB-2512-171931
Error code
KBM-667
Issue
Wrong exchange rate
Get help
Back to activity"
0132,screenshots/synthetic_bank_0132.png,Mixed-language,Latin,clean,"21:45
4G
Nova Mobile Banking
Secure transaction centre
REVIEW
USD 1,095.56
ATM charge eka waradi wage. ATM charge thappa irukku.
Date & time
20 May 2026 • 23:56
Reference
NMB-2605-106253
Error code
LPD-122
Issue
Cash withdrawal charged incorrectly
Get help
Back to activity"
0132,screenshots/augmented/synthetic_bank_0132_blur.png,Mixed-language,Latin,blur,"21:45
4G
Nova Mobile Banking
Secure transaction centre
REVIEW
USD 1,095.56
ATM charge eka waradi wage. ATM charge thappa irukku.
Date & time
20 May 2026 • 23:56
Reference
NMB-2605-106253
Error code
LPD-122
Issue
Cash withdrawal charged incorrectly
Get help
Back to activity"
0132,screenshots/augmented/synthetic_bank_0132_rot.png,Mixed-language,Latin,rotation,"21:45
4G
Nova Mobile Banking
Secure transaction centre
REVIEW
USD 1,095.56
ATM charge eka waradi wage. ATM charge thappa irukku.
Date & time
20 May 2026 • 23:56
Reference
NMB-2605-106253
Error code
LPD-122
Issue
Cash withdrawal charged incorrectly
Get help
Back to activity"
0132,screenshots/augmented/synthetic_bank_0132_lowres.png,Mixed-language,Latin,low-resolution,"21:45
4G
Nova Mobile Banking
Secure transaction centre
REVIEW
USD 1,095.56
ATM charge eka waradi wage. ATM charge thappa irukku.
Date & time
20 May 2026 • 23:56
Reference
NMB-2605-106253
Error code
LPD-122
Issue
Cash withdrawal charged incorrectly
Get help
Back to activity"
0133,screenshots/synthetic_bank_0133.png,Singlish,Latin,clean,"10:45
4G
Nova Mobile Banking
Secure transaction centre
PENDING
USD 2,317.30
Transfer eka thawama process wenawa.
Date & time
14 Nov 2024 • 07:53
Reference
NMB-2411-431719
Error code
KFS-319
Issue
Transfer pending
Get help
Back to activity"
0133,screenshots/augmented/synthetic_bank_0133_blur.png,Singlish,Latin,blur,"10:45
4G
Nova Mobile Banking
Secure transaction centre
PENDING
USD 2,317.30
Transfer eka thawama process wenawa.
Date & time
14 Nov 2024 • 07:53
Reference
NMB-2411-431719
Error code
KFS-319
Issue
Transfer pending
Get help
Back to activity"
0133,screenshots/augmented/synthetic_bank_0133_rot.png,Singlish,Latin,rotation,"10:45
4G
Nova Mobile Banking
Secure transaction centre
PENDING
USD 2,317.30
Transfer eka thawama process wenawa.
Date & time
14 Nov 2024 • 07:53
Reference
NMB-2411-431719
Error code
KFS-319
Issue
Transfer pending
Get help
Back to activity"
0133,screenshots/augmented/synthetic_bank_0133_lowres.png,Singlish,Latin,low-resolution,"10:45
4G
Nova Mobile Banking
Secure transaction centre
PENDING
USD 2,317.30
Transfer eka thawama process wenawa.
Date & time
14 Nov 2024 • 07:53
Reference
NMB-2411-431719
Error code
KFS-319
Issue
Transfer pending
Get help
Back to activity"
0134,screenshots/synthetic_bank_0134.png,Tamil,Tamil,clean,"14:45
4G
Nova Mobile Banking
Secure transaction centre
URGENT
LKR 2,230.04
நீங்கள் அறியாத பரிவர்த்தனை பதிவாகியுள்ளது.
Date & time
14 May 2025 • 00:51
Reference
NMB-2505-620782
Error code
CNR-306
Issue
Unauthorized transaction
Secure account
Back to activity"
0134,screenshots/augmented/synthetic_bank_0134_blur.png,Tamil,Tamil,blur,"14:45
4G
Nova Mobile Banking
Secure transaction centre
URGENT
LKR 2,230.04
நீங்கள் அறியாத பரிவர்த்தனை பதிவாகியுள்ளது.
Date & time
14 May 2025 • 00:51
Reference
NMB-2505-620782
Error code
CNR-306
Issue
Unauthorized transaction
Secure account
Back to activity"
0134,screenshots/augmented/synthetic_bank_0134_rot.png,Tamil,Tamil,rotation,"14:45
4G
Nova Mobile Banking
Secure transaction centre
URGENT
LKR 2,230.04
நீங்கள் அறியாத பரிவர்த்தனை பதிவாகியுள்ளது.
Date & time
14 May 2025 • 00:51
Reference
NMB-2505-620782
Error code
CNR-306
Issue
Unauthorized transaction
Secure account
Back to activity"
0134,screenshots/augmented/synthetic_bank_0134_lowres.png,Tamil,Tamil,low-resolution,"14:45
4G
Nova Mobile Banking
Secure transaction centre
URGENT
LKR 2,230.04
நீங்கள் அறியாத பரிவர்த்தனை பதிவாகியுள்ளது.
Date & time
14 May 2025 • 00:51
Reference
NMB-2505-620782
Error code
CNR-306
Issue
Unauthorized transaction
Secure account
Back to activity"
0135,screenshots/synthetic_bank_0135.png,Sinhala,Sinhala,clean,"16:10
4G
Nova Mobile Banking
Secure transaction centre
FAILED
GBP 469.74
ගිණුමෙන් අඩු වූ නමුත් මුදල් ලැබුණේ නැත.
Date & time
08 Jan 2025 • 04:46
Reference
NMB-2501-145576
Error code
VFO-798
Issue
Cash not received
Get help
Back to activity"
0135,screenshots/augmented/synthetic_bank_0135_blur.png,Sinhala,Sinhala,blur,"16:10
4G
Nova Mobile Banking
Secure transaction centre
FAILED
GBP 469.74
ගිණුමෙන් අඩු වූ නමුත් මුදල් ලැබුණේ නැත.
Date & time
08 Jan 2025 • 04:46
Reference
NMB-2501-145576
Error code
VFO-798
Issue
Cash not received
Get help
Back to activity"
0135,screenshots/augmented/synthetic_bank_0135_rot.png,Sinhala,Sinhala,rotation,"16:10
4G
Nova Mobile Banking
Secure transaction centre
FAILED
GBP 469.74
ගිණුමෙන් අඩු වූ නමුත් මුදල් ලැබුණේ නැත.
Date & time
08 Jan 2025 • 04:46
Reference
NMB-2501-145576
Error code
VFO-798
Issue
Cash not received
Get help
Back to activity"
0135,screenshots/augmented/synthetic_bank_0135_lowres.png,Sinhala,Sinhala,low-resolution,"16:10
4G
Nova Mobile Banking
Secure transaction centre
FAILED
GBP 469.74
ගිණුමෙන් අඩු වූ නමුත් මුදල් ලැබුණේ නැත.
Date & time
08 Jan 2025 • 04:46
Reference
NMB-2501-145576
Error code
VFO-798
Issue
Cash not received
Get help
Back to activity"
0136,screenshots/synthetic_bank_0136.png,English,Latin,clean,"09:15
4G
Nova Mobile Banking
Secure transaction centre
WAITING
SGD 1,778.37
The verification code has not arrived.
Date & time
14 Jul 2025 • 22:33
Reference
NMB-2507-972921
Error code
BUZ-252
Issue
OTP not received
Get help
Back to activity"
0136,screenshots/augmented/synthetic_bank_0136_blur.png,English,Latin,blur,"09:15
4G
Nova Mobile Banking
Secure transaction centre
WAITING
SGD 1,778.37
The verification code has not arrived.
Date & time
14 Jul 2025 • 22:33
Reference
NMB-2507-972921
Error code
BUZ-252
Issue
OTP not received
Get help
Back to activity"
0136,screenshots/augmented/synthetic_bank_0136_rot.png,English,Latin,rotation,"09:15
4G
Nova Mobile Banking
Secure transaction centre
WAITING
SGD 1,778.37
The verification code has not arrived.
Date & time
14 Jul 2025 • 22:33
Reference
NMB-2507-972921
Error code
BUZ-252
Issue
OTP not received
Get help
Back to activity"
0136,screenshots/augmented/synthetic_bank_0136_lowres.png,English,Latin,low-resolution,"09:15
4G
Nova Mobile Banking
Secure transaction centre
WAITING
SGD 1,778.37
The verification code has not arrived.
Date & time
14 Jul 2025 • 22:33
Reference
NMB-2507-972921
Error code
BUZ-252
Issue
OTP not received
Get help
Back to activity"
0137,screenshots/synthetic_bank_0137.png,Singlish,Latin,clean,"12:30
4G
Nova Mobile Banking
Secure transaction centre
WAITING
EUR 897.63
OTP eka thawama awe naha.
Date & time
08 Sep 2025 • 12:02
Reference
NMB-2509-727437
Error code
LMD-587
Issue
OTP not received
Get help
Back to activity"
0137,screenshots/augmented/synthetic_bank_0137_blur.png,Singlish,Latin,blur,"12:30
4G
Nova Mobile Banking
Secure transaction centre
WAITING
EUR 897.63
OTP eka thawama awe naha.
Date & time
08 Sep 2025 • 12:02
Reference
NMB-2509-727437
Error code
LMD-587
Issue
OTP not received
Get help
Back to activity"
0137,screenshots/augmented/synthetic_bank_0137_rot.png,Singlish,Latin,rotation,"12:30
4G
Nova Mobile Banking
Secure transaction centre
WAITING
EUR 897.63
OTP eka thawama awe naha.
Date & time
08 Sep 2025 • 12:02
Reference
NMB-2509-727437
Error code
LMD-587
Issue
OTP not received
Get help
Back to activity"
0137,screenshots/augmented/synthetic_bank_0137_lowres.png,Singlish,Latin,low-resolution,"12:30
4G
Nova Mobile Banking
Secure transaction centre
WAITING
EUR 897.63
OTP eka thawama awe naha.
Date & time
08 Sep 2025 • 12:02
Reference
NMB-2509-727437
Error code
LMD-587
Issue
OTP not received
Get help
Back to activity"
0138,screenshots/synthetic_bank_0138.png,Singlish,Latin,clean,"15:45
4G
Nova Mobile Banking
Secure transaction centre
FAILED
SGD 1,910.48
Salli ganna transaction eka fail una.
Date & time
03 Sep 2025 • 02:08
Reference
NMB-2509-876593
Error code
DWS-322
Issue
Cash withdrawal failure
Get help
Back to activity"
0138,screenshots/augmented/synthetic_bank_0138_blur.png,Singlish,Latin,blur,"15:45
4G
Nova Mobile Banking
Secure transaction centre
FAILED
SGD 1,910.48
Salli ganna transaction eka fail una.
Date & time
03 Sep 2025 • 02:08
Reference
NMB-2509-876593
Error code
DWS-322
Issue
Cash withdrawal failure
Get help
Back to activity"
0138,screenshots/augmented/synthetic_bank_0138_rot.png,Singlish,Latin,rotation,"15:45
4G
Nova Mobile Banking
Secure transaction centre
FAILED
SGD 1,910.48
Salli ganna transaction eka fail una.
Date & time
03 Sep 2025 • 02:08
Reference
NMB-2509-876593
Error code
DWS-322
Issue
Cash withdrawal failure
Get help
Back to activity"
0138,screenshots/augmented/synthetic_bank_0138_lowres.png,Singlish,Latin,low-resolution,"15:45
4G
Nova Mobile Banking
Secure transaction centre
FAILED
SGD 1,910.48
Salli ganna transaction eka fail una.
Date & time
03 Sep 2025 • 02:08
Reference
NMB-2509-876593
Error code
DWS-322
Issue
Cash withdrawal failure
Get help
Back to activity"
0139,screenshots/synthetic_bank_0139.png,Singlish,Latin,clean,"08:10
4G
Nova Mobile Banking
Secure transaction centre
FAILED
LKR 953.65
Salli ganna transaction eka fail una.
Date & time
25 May 2024 • 18:38
Reference
NMB-2405-741113
Error code
OQG-638
Issue
Cash withdrawal failure
Get help
Back to activity"
0139,screenshots/augmented/synthetic_bank_0139_blur.png,Singlish,Latin,blur,"08:10
4G
Nova Mobile Banking
Secure transaction centre
FAILED
LKR 953.65
Salli ganna transaction eka fail una.
Date & time
25 May 2024 • 18:38
Reference
NMB-2405-741113
Error code
OQG-638
Issue
Cash withdrawal failure
Get help
Back to activity"
0139,screenshots/augmented/synthetic_bank_0139_rot.png,Singlish,Latin,rotation,"08:10
4G
Nova Mobile Banking
Secure transaction centre
FAILED
LKR 953.65
Salli ganna transaction eka fail una.
Date & time
25 May 2024 • 18:38
Reference
NMB-2405-741113
Error code
OQG-638
Issue
Cash withdrawal failure
Get help
Back to activity"
0139,screenshots/augmented/synthetic_bank_0139_lowres.png,Singlish,Latin,low-resolution,"08:10
4G
Nova Mobile Banking
Secure transaction centre
FAILED
LKR 953.65
Salli ganna transaction eka fail una.
Date & time
25 May 2024 • 18:38
Reference
NMB-2405-741113
Error code
OQG-638
Issue
Cash withdrawal failure
Get help
Back to activity"
0140,screenshots/synthetic_bank_0140.png,Tamil,Tamil,clean,"18:45
4G
Nova Mobile Banking
Secure transaction centre
URGENT
SGD 1,454.51
நீங்கள் அறியாத பரிவர்த்தனை பதிவாகியுள்ளது.
Date & time
15 Oct 2025 • 01:08
Reference
NMB-2510-598025
Error code
BTO-218
Issue
Unauthorized transaction
Secure account
Back to activity"
0140,screenshots/augmented/synthetic_bank_0140_blur.png,Tamil,Tamil,blur,"18:45
4G
Nova Mobile Banking
Secure transaction centre
URGENT
SGD 1,454.51
நீங்கள் அறியாத பரிவர்த்தனை பதிவாகியுள்ளது.
Date & time
15 Oct 2025 • 01:08
Reference
NMB-2510-598025
Error code
BTO-218
Issue
Unauthorized transaction
Secure account
Back to activity"
0140,screenshots/augmented/synthetic_bank_0140_rot.png,Tamil,Tamil,rotation,"18:45
4G
Nova Mobile Banking
Secure transaction centre
URGENT
SGD 1,454.51
நீங்கள் அறியாத பரிவர்த்தனை பதிவாகியுள்ளது.
Date & time
15 Oct 2025 • 01:08
Reference
NMB-2510-598025
Error code
BTO-218
Issue
Unauthorized transaction
Secure account
Back to activity"
0140,screenshots/augmented/synthetic_bank_0140_lowres.png,Tamil,Tamil,low-resolution,"18:45
4G
Nova Mobile Banking
Secure transaction centre
URGENT
SGD 1,454.51
நீங்கள் அறியாத பரிவர்த்தனை பதிவாகியுள்ளது.
Date & time
15 Oct 2025 • 01:08
Reference
NMB-2510-598025
Error code
BTO-218
Issue
Unauthorized transaction
Secure account
Back to activity"
0141,screenshots/synthetic_bank_0141.png,Tamil,Tamil,clean,"17:05
4G
Nova Mobile Banking
Secure transaction centre
FAILED
SGD 2,026.39
பணப் பரிமாற்றத்தை நிறைவு செய்ய முடியவில்லை.
Date & time
24 Apr 2025 • 05:58
Reference
NMB-2504-768728
Error code
TJC-746
Issue
Transfer failed
Get help
Back to activity"
0141,screenshots/augmented/synthetic_bank_0141_blur.png,Tamil,Tamil,blur,"17:05
4G
Nova Mobile Banking
Secure transaction centre
FAILED
SGD 2,026.39
பணப் பரிமாற்றத்தை நிறைவு செய்ய முடியவில்லை.
Date & time
24 Apr 2025 • 05:58
Reference
NMB-2504-768728
Error code
TJC-746
Issue
Transfer failed
Get help
Back to activity"
0141,screenshots/augmented/synthetic_bank_0141_rot.png,Tamil,Tamil,rotation,"17:05
4G
Nova Mobile Banking
Secure transaction centre
FAILED
SGD 2,026.39
பணப் பரிமாற்றத்தை நிறைவு செய்ய முடியவில்லை.
Date & time
24 Apr 2025 • 05:58
Reference
NMB-2504-768728
Error code
TJC-746
Issue
Transfer failed
Get help
Back to activity"
0141,screenshots/augmented/synthetic_bank_0141_lowres.png,Tamil,Tamil,low-resolution,"17:05
4G
Nova Mobile Banking
Secure transaction centre
FAILED
SGD 2,026.39
பணப் பரிமாற்றத்தை நிறைவு செய்ய முடியவில்லை.
Date & time
24 Apr 2025 • 05:58
Reference
NMB-2504-768728
Error code
TJC-746
Issue
Transfer failed
Get help
Back to activity"
0142,screenshots/synthetic_bank_0142.png,Tamil,Tamil,clean,"09:15
4G
Nova Mobile Banking
Secure transaction centre
URGENT
EUR 201.78
நீங்கள் அறியாத பரிவர்த்தனை பதிவாகியுள்ளது.
Date & time
05 Feb 2025 • 07:59
Reference
NMB-2502-962072
Error code
COW-310
Issue
Unauthorized transaction
Secure account
Back to activity"
0142,screenshots/augmented/synthetic_bank_0142_blur.png,Tamil,Tamil,blur,"09:15
4G
Nova Mobile Banking
Secure transaction centre
URGENT
EUR 201.78
நீங்கள் அறியாத பரிவர்த்தனை பதிவாகியுள்ளது.
Date & time
05 Feb 2025 • 07:59
Reference
NMB-2502-962072
Error code
COW-310
Issue
Unauthorized transaction
Secure account
Back to activity"
0142,screenshots/augmented/synthetic_bank_0142_rot.png,Tamil,Tamil,rotation,"09:15
4G
Nova Mobile Banking
Secure transaction centre
URGENT
EUR 201.78
நீங்கள் அறியாத பரிவர்த்தனை பதிவாகியுள்ளது.
Date & time
05 Feb 2025 • 07:59
Reference
NMB-2502-962072
Error code
COW-310
Issue
Unauthorized transaction
Secure account
Back to activity"
0142,screenshots/augmented/synthetic_bank_0142_lowres.png,Tamil,Tamil,low-resolution,"09:15
4G
Nova Mobile Banking
Secure transaction centre
URGENT
EUR 201.78
நீங்கள் அறியாத பரிவர்த்தனை பதிவாகியுள்ளது.
Date & time
05 Feb 2025 • 07:59
Reference
NMB-2502-962072
Error code
COW-310
Issue
Unauthorized transaction
Secure account
Back to activity"
0143,screenshots/synthetic_bank_0143.png,English,Latin,clean,"20:15
4G
Nova Mobile Banking
Secure transaction centre
FAILED
USD 1,020.70
The new beneficiary could not be added.
Date & time
14 Mar 2026 • 11:53
Reference
NMB-2603-697871
Error code
BPV-572
Issue
Beneficiary not added
Get help
Back to activity"
0143,screenshots/augmented/synthetic_bank_0143_blur.png,English,Latin,blur,"20:15
4G
Nova Mobile Banking
Secure transaction centre
FAILED
USD 1,020.70
The new beneficiary could not be added.
Date & time
14 Mar 2026 • 11:53
Reference
NMB-2603-697871
Error code
BPV-572
Issue
Beneficiary not added
Get help
Back to activity"
0143,screenshots/augmented/synthetic_bank_0143_rot.png,English,Latin,rotation,"20:15
4G
Nova Mobile Banking
Secure transaction centre
FAILED
USD 1,020.70
The new beneficiary could not be added.
Date & time
14 Mar 2026 • 11:53
Reference
NMB-2603-697871
Error code
BPV-572
Issue
Beneficiary not added
Get help
Back to activity"
0143,screenshots/augmented/synthetic_bank_0143_lowres.png,English,Latin,low-resolution,"20:15
4G
Nova Mobile Banking
Secure transaction centre
FAILED
USD 1,020.70
The new beneficiary could not be added.
Date & time
14 Mar 2026 • 11:53
Reference
NMB-2603-697871
Error code
BPV-572
Issue
Beneficiary not added
Get help
Back to activity"
0144,screenshots/synthetic_bank_0144.png,Tanglish,Latin,clean,"20:00
4G
Nova Mobile Banking
Secure transaction centre
DECLINED
SGD 2,022.38
Card payment decline aayiduchu.
Date & time
07 Feb 2024 • 16:34
Reference
NMB-2402-207520
Error code
RZH-988
Issue
Card payment declined
Get help
Back to activity"
0144,screenshots/augmented/synthetic_bank_0144_blur.png,Tanglish,Latin,blur,"20:00
4G
Nova Mobile Banking
Secure transaction centre
DECLINED
SGD 2,022.38
Card payment decline aayiduchu.
Date & time
07 Feb 2024 • 16:34
Reference
NMB-2402-207520
Error code
RZH-988
Issue
Card payment declined
Get help
Back to activity"
0144,screenshots/augmented/synthetic_bank_0144_rot.png,Tanglish,Latin,rotation,"20:00
4G
Nova Mobile Banking
Secure transaction centre
DECLINED
SGD 2,022.38
Card payment decline aayiduchu.
Date & time
07 Feb 2024 • 16:34
Reference
NMB-2402-207520
Error code
RZH-988
Issue
Card payment declined
Get help
Back to activity"
0144,screenshots/augmented/synthetic_bank_0144_lowres.png,Tanglish,Latin,low-resolution,"20:00
4G
Nova Mobile Banking
Secure transaction centre
DECLINED
SGD 2,022.38
Card payment decline aayiduchu.
Date & time
07 Feb 2024 • 16:34
Reference
NMB-2402-207520
Error code
RZH-988
Issue
Card payment declined
Get help
Back to activity"
0145,screenshots/synthetic_bank_0145.png,English,Latin,clean,"08:15
4G
Nova Mobile Banking
Secure transaction centre
PENDING
USD 1,156.43
Your transfer is still being processed.
Date & time
13 Feb 2025 • 10:58
Reference
NMB-2502-876364
Error code
MYU-718
Issue
Transfer pending
Get help
Back to activity"
0145,screenshots/augmented/synthetic_bank_0145_blur.png,English,Latin,blur,"08:15
4G
Nova Mobile Banking
Secure transaction centre
PENDING
USD 1,156.43
Your transfer is still being processed.
Date & time
13 Feb 2025 • 10:58
Reference
NMB-2502-876364
Error code
MYU-718
Issue
Transfer pending
Get help
Back to activity"
0145,screenshots/augmented/synthetic_bank_0145_rot.png,English,Latin,rotation,"08:15
4G
Nova Mobile Banking
Secure transaction centre
PENDING
USD 1,156.43
Your transfer is still being processed.
Date & time
13 Feb 2025 • 10:58
Reference
NMB-2502-876364
Error code
MYU-718
Issue
Transfer pending
Get help
Back to activity"
0145,screenshots/augmented/synthetic_bank_0145_lowres.png,English,Latin,low-resolution,"08:15
4G
Nova Mobile Banking
Secure transaction centre
PENDING
USD 1,156.43
Your transfer is still being processed.
Date & time
13 Feb 2025 • 10:58
Reference
NMB-2502-876364
Error code
MYU-718
Issue
Transfer pending
Get help
Back to activity"
0146,screenshots/synthetic_bank_0146.png,English,Latin,clean,"16:30
4G
Nova Mobile Banking
Secure transaction centre
PENDING
EUR 1,019.05
Your transfer is still being processed.
Date & time
23 Apr 2024 • 10:20
Reference
NMB-2404-189084
Error code
ZAL-334
Issue
Transfer pending
Get help
Back to activity"
0146,screenshots/augmented/synthetic_bank_0146_blur.png,English,Latin,blur,"16:30
4G
Nova Mobile Banking
Secure transaction centre
PENDING
EUR 1,019.05
Your transfer is still being processed.
Date & time
23 Apr 2024 • 10:20
Reference
NMB-2404-189084
Error code
ZAL-334
Issue
Transfer pending
Get help
Back to activity"
0146,screenshots/augmented/synthetic_bank_0146_rot.png,English,Latin,rotation,"16:30
4G
Nova Mobile Banking
Secure transaction centre
PENDING
EUR 1,019.05
Your transfer is still being processed.
Date & time
23 Apr 2024 • 10:20
Reference
NMB-2404-189084
Error code
ZAL-334
Issue
Transfer pending
Get help
Back to activity"
0146,screenshots/augmented/synthetic_bank_0146_lowres.png,English,Latin,low-resolution,"16:30
4G
Nova Mobile Banking
Secure transaction centre
PENDING
EUR 1,019.05
Your transfer is still being processed.
Date & time
23 Apr 2024 • 10:20
Reference
NMB-2404-189084
Error code
ZAL-334
Issue
Transfer pending
Get help
Back to activity"
0147,screenshots/synthetic_bank_0147.png,Tamil,Tamil,clean,"16:15
4G
Nova Mobile Banking
Secure transaction centre
REVIEW
USD 665.49
இந்தப் பரிவர்த்தனை இருமுறை காணப்படுகிறது.
Date & time
12 Mar 2024 • 16:34
Reference
NMB-2403-158663
Error code
SPP-901
Issue
Duplicate transaction
Get help
Back to activity"
0147,screenshots/augmented/synthetic_bank_0147_blur.png,Tamil,Tamil,blur,"16:15
4G
Nova Mobile Banking
Secure transaction centre
REVIEW
USD 665.49
இந்தப் பரிவர்த்தனை இருமுறை காணப்படுகிறது.
Date & time
12 Mar 2024 • 16:34
Reference
NMB-2403-158663
Error code
SPP-901
Issue
Duplicate transaction
Get help
Back to activity"
0147,screenshots/augmented/synthetic_bank_0147_rot.png,Tamil,Tamil,rotation,"16:15
4G
Nova Mobile Banking
Secure transaction centre
REVIEW
USD 665.49
இந்தப் பரிவர்த்தனை இருமுறை காணப்படுகிறது.
Date & time
12 Mar 2024 • 16:34
Reference
NMB-2403-158663
Error code
SPP-901
Issue
Duplicate transaction
Get help
Back to activity"
0147,screenshots/augmented/synthetic_bank_0147_lowres.png,Tamil,Tamil,low-resolution,"16:15
4G
Nova Mobile Banking
Secure transaction centre
REVIEW
USD 665.49
இந்தப் பரிவர்த்தனை இருமுறை காணப்படுகிறது.
Date & time
12 Mar 2024 • 16:34
Reference
NMB-2403-158663
Error code
SPP-901
Issue
Duplicate transaction
Get help
Back to activity"
0148,screenshots/synthetic_bank_0148.png,Singlish,Latin,clean,"13:45
4G
Nova Mobile Banking
Secure transaction centre
WAITING
EUR 757.60
OTP eka thawama awe naha.
Date & time
12 Dec 2024 • 21:49
Reference
NMB-2412-180401
Error code
UUI-698
Issue
OTP not received
Get help
Back to activity"
0148,screenshots/augmented/synthetic_bank_0148_blur.png,Singlish,Latin,blur,"13:45
4G
Nova Mobile Banking
Secure transaction centre
WAITING
EUR 757.60
OTP eka thawama awe naha.
Date & time
12 Dec 2024 • 21:49
Reference
NMB-2412-180401
Error code
UUI-698
Issue
OTP not received
Get help
Back to activity"
0148,screenshots/augmented/synthetic_bank_0148_rot.png,Singlish,Latin,rotation,"13:45
4G
Nova Mobile Banking
Secure transaction centre
WAITING
EUR 757.60
OTP eka thawama awe naha.
Date & time
12 Dec 2024 • 21:49
Reference
NMB-2412-180401
Error code
UUI-698
Issue
OTP not received
Get help
Back to activity"
0148,screenshots/augmented/synthetic_bank_0148_lowres.png,Singlish,Latin,low-resolution,"13:45
4G
Nova Mobile Banking
Secure transaction centre
WAITING
EUR 757.60
OTP eka thawama awe naha.
Date & time
12 Dec 2024 • 21:49
Reference
NMB-2412-180401
Error code
UUI-698
Issue
OTP not received
Get help
Back to activity"
0149,screenshots/synthetic_bank_0149.png,Sinhala,Sinhala,clean,"21:30
4G
Nova Mobile Banking
Secure transaction centre
FAILED
USD 1,182.04
ගිණුමෙන් අඩු වූ නමුත් මුදල් ලැබුණේ නැත.
Date & time
30 Jul 2025 • 17:07
Reference
NMB-2507-732085
Error code
IDS-150
Issue
Cash not received
Get help
Back to activity"
0149,screenshots/augmented/synthetic_bank_0149_blur.png,Sinhala,Sinhala,blur,"21:30
4G
Nova Mobile Banking
Secure transaction centre
FAILED
USD 1,182.04
ගිණුමෙන් අඩු වූ නමුත් මුදල් ලැබුණේ නැත.
Date & time
30 Jul 2025 • 17:07
Reference
NMB-2507-732085
Error code
IDS-150
Issue
Cash not received
Get help
Back to activity"
0149,screenshots/augmented/synthetic_bank_0149_rot.png,Sinhala,Sinhala,rotation,"21:30
4G
Nova Mobile Banking
Secure transaction centre
FAILED
USD 1,182.04
ගිණුමෙන් අඩු වූ නමුත් මුදල් ලැබුණේ නැත.
Date & time
30 Jul 2025 • 17:07
Reference
NMB-2507-732085
Error code
IDS-150
Issue
Cash not received
Get help
Back to activity"
0149,screenshots/augmented/synthetic_bank_0149_lowres.png,Sinhala,Sinhala,low-resolution,"21:30
4G
Nova Mobile Banking
Secure transaction centre
FAILED
USD 1,182.04
ගිණුමෙන් අඩු වූ නමුත් මුදල් ලැබුණේ නැත.
Date & time
30 Jul 2025 • 17:07
Reference
NMB-2507-732085
Error code
IDS-150
Issue
Cash not received
Get help
Back to activity"
0150,screenshots/synthetic_bank_0150.png,Tanglish,Latin,clean,"08:10
4G
Nova Mobile Banking
Secure transaction centre
PENDING
LKR 1,300.55
Balance innum update aagala.
Date & time
08 Oct 2025 • 22:57
Reference
NMB-2510-161612
Error code
LAS-375
Issue
Balance not updated
Get help
Back to activity"
0150,screenshots/augmented/synthetic_bank_0150_blur.png,Tanglish,Latin,blur,"08:10
4G
Nova Mobile Banking
Secure transaction centre
PENDING
LKR 1,300.55
Balance innum update aagala.
Date & time
08 Oct 2025 • 22:57
Reference
NMB-2510-161612
Error code
LAS-375
Issue
Balance not updated
Get help
Back to activity"
0150,screenshots/augmented/synthetic_bank_0150_rot.png,Tanglish,Latin,rotation,"08:10
4G
Nova Mobile Banking
Secure transaction centre
PENDING
LKR 1,300.55
Balance innum update aagala.
Date & time
08 Oct 2025 • 22:57
Reference
NMB-2510-161612
Error code
LAS-375
Issue
Balance not updated
Get help
Back to activity"
0150,screenshots/augmented/synthetic_bank_0150_lowres.png,Tanglish,Latin,low-resolution,"08:10
4G
Nova Mobile Banking
Secure transaction centre
PENDING
LKR 1,300.55
Balance innum update aagala.
Date & time
08 Oct 2025 • 22:57
Reference
NMB-2510-161612
Error code
LAS-375
Issue
Balance not updated
Get help
Back to activity"
0151,screenshots/synthetic_bank_0151.png,English,Latin,clean,"22:30
4G
Nova Mobile Banking
Secure transaction centre
URGENT
GBP 385.84
Freeze your stolen card immediately.
Date & time
08 Nov 2025 • 09:58
Reference
NMB-2511-364549
Error code
NUZ-727
Issue
Card stolen
Freeze card
Back to activity"
0151,screenshots/augmented/synthetic_bank_0151_blur.png,English,Latin,blur,"22:30
4G
Nova Mobile Banking
Secure transaction centre
URGENT
GBP 385.84
Freeze your stolen card immediately.
Date & time
08 Nov 2025 • 09:58
Reference
NMB-2511-364549
Error code
NUZ-727
Issue
Card stolen
Freeze card
Back to activity"
0151,screenshots/augmented/synthetic_bank_0151_rot.png,English,Latin,rotation,"22:30
4G
Nova Mobile Banking
Secure transaction centre
URGENT
GBP 385.84
Freeze your stolen card immediately.
Date & time
08 Nov 2025 • 09:58
Reference
NMB-2511-364549
Error code
NUZ-727
Issue
Card stolen
Freeze card
Back to activity"
0151,screenshots/augmented/synthetic_bank_0151_lowres.png,English,Latin,low-resolution,"22:30
4G
Nova Mobile Banking
Secure transaction centre
URGENT
GBP 385.84
Freeze your stolen card immediately.
Date & time
08 Nov 2025 • 09:58
Reference
NMB-2511-364549
Error code
NUZ-727
Issue
Card stolen
Freeze card
Back to activity"
0152,screenshots/synthetic_bank_0152.png,Singlish,Latin,clean,"08:15
4G
Nova Mobile Banking
Secure transaction centre
URGENT
LKR 497.17
Card eka horakam kala; danma freeze karanna.
Date & time
30 May 2026 • 01:48
Reference
NMB-2605-339929
Error code
SNI-620
Issue
Card stolen
Freeze card
Back to activity"
0152,screenshots/augmented/synthetic_bank_0152_blur.png,Singlish,Latin,blur,"08:15
4G
Nova Mobile Banking
Secure transaction centre
URGENT
LKR 497.17
Card eka horakam kala; danma freeze karanna.
Date & time
30 May 2026 • 01:48
Reference
NMB-2605-339929
Error code
SNI-620
Issue
Card stolen
Freeze card
Back to activity"
0152,screenshots/augmented/synthetic_bank_0152_rot.png,Singlish,Latin,rotation,"08:15
4G
Nova Mobile Banking
Secure transaction centre
URGENT
LKR 497.17
Card eka horakam kala; danma freeze karanna.
Date & time
30 May 2026 • 01:48
Reference
NMB-2605-339929
Error code
SNI-620
Issue
Card stolen
Freeze card
Back to activity"
0152,screenshots/augmented/synthetic_bank_0152_lowres.png,Singlish,Latin,low-resolution,"08:15
4G
Nova Mobile Banking
Secure transaction centre
URGENT
LKR 497.17
Card eka horakam kala; danma freeze karanna.
Date & time
30 May 2026 • 01:48
Reference
NMB-2605-339929
Error code
SNI-620
Issue
Card stolen
Freeze card
Back to activity"
0153,screenshots/synthetic_bank_0153.png,Tanglish,Latin,clean,"18:00
4G
Nova Mobile Banking
Secure transaction centre
FAILED
EUR 1,093.30
Account-la debit aachu, cash kidaikala.
Date & time
21 Feb 2026 • 19:48
Reference
NMB-2602-991077
Error code
UZV-448
Issue
Cash not received
Get help
Back to activity"
0153,screenshots/augmented/synthetic_bank_0153_blur.png,Tanglish,Latin,blur,"18:00
4G
Nova Mobile Banking
Secure transaction centre
FAILED
EUR 1,093.30
Account-la debit aachu, cash kidaikala.
Date & time
21 Feb 2026 • 19:48
Reference
NMB-2602-991077
Error code
UZV-448
Issue
Cash not received
Get help
Back to activity"
0153,screenshots/augmented/synthetic_bank_0153_rot.png,Tanglish,Latin,rotation,"18:00
4G
Nova Mobile Banking
Secure transaction centre
FAILED
EUR 1,093.30
Account-la debit aachu, cash kidaikala.
Date & time
21 Feb 2026 • 19:48
Reference
NMB-2602-991077
Error code
UZV-448
Issue
Cash not received
Get help
Back to activity"
0153,screenshots/augmented/synthetic_bank_0153_lowres.png,Tanglish,Latin,low-resolution,"18:00
4G
Nova Mobile Banking
Secure transaction centre
FAILED
EUR 1,093.30
Account-la debit aachu, cash kidaikala.
Date & time
21 Feb 2026 • 19:48
Reference
NMB-2602-991077
Error code
UZV-448
Issue
Cash not received
Get help
Back to activity"
0154,screenshots/synthetic_bank_0154.png,English,Latin,clean,"21:30
4G
Nova Mobile Banking
Secure transaction centre
WAITING
SGD 1,316.28
The verification code has not arrived.
Date & time
20 May 2026 • 15:37
Reference
NMB-2605-651834
Error code
EAL-840
Issue
OTP not received
Get help
Back to activity"
0154,screenshots/augmented/synthetic_bank_0154_blur.png,English,Latin,blur,"21:30
4G
Nova Mobile Banking
Secure transaction centre
WAITING
SGD 1,316.28
The verification code has not arrived.
Date & time
20 May 2026 • 15:37
Reference
NMB-2605-651834
Error code
EAL-840
Issue
OTP not received
Get help
Back to activity"
0154,screenshots/augmented/synthetic_bank_0154_rot.png,English,Latin,rotation,"21:30
4G
Nova Mobile Banking
Secure transaction centre
WAITING
SGD 1,316.28
The verification code has not arrived.
Date & time
20 May 2026 • 15:37
Reference
NMB-2605-651834
Error code
EAL-840
Issue
OTP not received
Get help
Back to activity"
0154,screenshots/augmented/synthetic_bank_0154_lowres.png,English,Latin,low-resolution,"21:30
4G
Nova Mobile Banking
Secure transaction centre
WAITING
SGD 1,316.28
The verification code has not arrived.
Date & time
20 May 2026 • 15:37
Reference
NMB-2605-651834
Error code
EAL-840
Issue
OTP not received
Get help
Back to activity"
0155,screenshots/synthetic_bank_0155.png,Singlish,Latin,clean,"13:30
4G
Nova Mobile Banking
Secure transaction centre
URGENT
SGD 768.27
Card eka horakam kala; danma freeze karanna.
Date & time
20 May 2025 • 10:39
Reference
NMB-2505-392186
Error code
GZJ-939
Issue
Card stolen
Freeze card
Back to activity"
0155,screenshots/augmented/synthetic_bank_0155_blur.png,Singlish,Latin,blur,"13:30
4G
Nova Mobile Banking
Secure transaction centre
URGENT
SGD 768.27
Card eka horakam kala; danma freeze karanna.
Date & time
20 May 2025 • 10:39
Reference
NMB-2505-392186
Error code
GZJ-939
Issue
Card stolen
Freeze card
Back to activity"
0155,screenshots/augmented/synthetic_bank_0155_rot.png,Singlish,Latin,rotation,"13:30
4G
Nova Mobile Banking
Secure transaction centre
URGENT
SGD 768.27
Card eka horakam kala; danma freeze karanna.
Date & time
20 May 2025 • 10:39
Reference
NMB-2505-392186
Error code
GZJ-939
Issue
Card stolen
Freeze card
Back to activity"
0155,screenshots/augmented/synthetic_bank_0155_lowres.png,Singlish,Latin,low-resolution,"13:30
4G
Nova Mobile Banking
Secure transaction centre
URGENT
SGD 768.27
Card eka horakam kala; danma freeze karanna.
Date & time
20 May 2025 • 10:39
Reference
NMB-2505-392186
Error code
GZJ-939
Issue
Card stolen
Freeze card
Back to activity"
0156,screenshots/synthetic_bank_0156.png,Singlish,Latin,clean,"16:00
4G
Nova Mobile Banking
Secure transaction centre
PENDING
LKR 2,114.72
Transfer eka thawama process wenawa.
Date & time
13 Feb 2025 • 12:11
Reference
NMB-2502-178524
Error code
TMW-427
Issue
Transfer pending
Get help
Back to activity"
0156,screenshots/augmented/synthetic_bank_0156_blur.png,Singlish,Latin,blur,"16:00
4G
Nova Mobile Banking
Secure transaction centre
PENDING
LKR 2,114.72
Transfer eka thawama process wenawa.
Date & time
13 Feb 2025 • 12:11
Reference
NMB-2502-178524
Error code
TMW-427
Issue
Transfer pending
Get help
Back to activity"
0156,screenshots/augmented/synthetic_bank_0156_rot.png,Singlish,Latin,rotation,"16:00
4G
Nova Mobile Banking
Secure transaction centre
PENDING
LKR 2,114.72
Transfer eka thawama process wenawa.
Date & time
13 Feb 2025 • 12:11
Reference
NMB-2502-178524
Error code
TMW-427
Issue
Transfer pending
Get help
Back to activity"
0156,screenshots/augmented/synthetic_bank_0156_lowres.png,Singlish,Latin,low-resolution,"16:00
4G
Nova Mobile Banking
Secure transaction centre
PENDING
LKR 2,114.72
Transfer eka thawama process wenawa.
Date & time
13 Feb 2025 • 12:11
Reference
NMB-2502-178524
Error code
TMW-427
Issue
Transfer pending
Get help
Back to activity"
0157,screenshots/synthetic_bank_0157.png,Tanglish,Latin,clean,"15:45
4G
Nova Mobile Banking
Secure transaction centre
REVIEW
EUR 1,547.91
Exchange rate sari illa pola.
Date & time
10 Aug 2025 • 14:46
Reference
NMB-2508-483844
Error code
SWK-769
Issue
Wrong exchange rate
Get help
Back to activity"
0157,screenshots/augmented/synthetic_bank_0157_blur.png,Tanglish,Latin,blur,"15:45
4G
Nova Mobile Banking
Secure transaction centre
REVIEW
EUR 1,547.91
Exchange rate sari illa pola.
Date & time
10 Aug 2025 • 14:46
Reference
NMB-2508-483844
Error code
SWK-769
Issue
Wrong exchange rate
Get help
Back to activity"
0157,screenshots/augmented/synthetic_bank_0157_rot.png,Tanglish,Latin,rotation,"15:45
4G
Nova Mobile Banking
Secure transaction centre
REVIEW
EUR 1,547.91
Exchange rate sari illa pola.
Date & time
10 Aug 2025 • 14:46
Reference
NMB-2508-483844
Error code
SWK-769
Issue
Wrong exchange rate
Get help
Back to activity"
0157,screenshots/augmented/synthetic_bank_0157_lowres.png,Tanglish,Latin,low-resolution,"15:45
4G
Nova Mobile Banking
Secure transaction centre
REVIEW
EUR 1,547.91
Exchange rate sari illa pola.
Date & time
10 Aug 2025 • 14:46
Reference
NMB-2508-483844
Error code
SWK-769
Issue
Wrong exchange rate
Get help
Back to activity"
0158,screenshots/synthetic_bank_0158.png,Singlish,Latin,clean,"14:15
4G
Nova Mobile Banking
Secure transaction centre
WAITING
EUR 822.57
OTP eka thawama awe naha.
Date & time
06 Mar 2025 • 23:36
Reference
NMB-2503-741193
Error code
XPY-998
Issue
OTP not received
Get help
Back to activity"
0158,screenshots/augmented/synthetic_bank_0158_blur.png,Singlish,Latin,blur,"14:15
4G
Nova Mobile Banking
Secure transaction centre
WAITING
EUR 822.57
OTP eka thawama awe naha.
Date & time
06 Mar 2025 • 23:36
Reference
NMB-2503-741193
Error code
XPY-998
Issue
OTP not received
Get help
Back to activity"
0158,screenshots/augmented/synthetic_bank_0158_rot.png,Singlish,Latin,rotation,"14:15
4G
Nova Mobile Banking
Secure transaction centre
WAITING
EUR 822.57
OTP eka thawama awe naha.
Date & time
06 Mar 2025 • 23:36
Reference
NMB-2503-741193
Error code
XPY-998
Issue
OTP not received
Get help
Back to activity"
0158,screenshots/augmented/synthetic_bank_0158_lowres.png,Singlish,Latin,low-resolution,"14:15
4G
Nova Mobile Banking
Secure transaction centre
WAITING
EUR 822.57
OTP eka thawama awe naha.
Date & time
06 Mar 2025 • 23:36
Reference
NMB-2503-741193
Error code
XPY-998
Issue
OTP not received
Get help
Back to activity"
0159,screenshots/synthetic_bank_0159.png,Tamil,Tamil,clean,"22:30
4G
Nova Mobile Banking
Secure transaction centre
URGENT
SGD 1,321.29
நீங்கள் அறியாத பரிவர்த்தனை பதிவாகியுள்ளது.
Date & time
14 May 2024 • 23:55
Reference
NMB-2405-961152
Error code
VKJ-515
Issue
Unauthorized transaction
Secure account
Back to activity"
0159,screenshots/augmented/synthetic_bank_0159_blur.png,Tamil,Tamil,blur,"22:30
4G
Nova Mobile Banking
Secure transaction centre
URGENT
SGD 1,321.29
நீங்கள் அறியாத பரிவர்த்தனை பதிவாகியுள்ளது.
Date & time
14 May 2024 • 23:55
Reference
NMB-2405-961152
Error code
VKJ-515
Issue
Unauthorized transaction
Secure account
Back to activity"
0159,screenshots/augmented/synthetic_bank_0159_rot.png,Tamil,Tamil,rotation,"22:30
4G
Nova Mobile Banking
Secure transaction centre
URGENT
SGD 1,321.29
நீங்கள் அறியாத பரிவர்த்தனை பதிவாகியுள்ளது.
Date & time
14 May 2024 • 23:55
Reference
NMB-2405-961152
Error code
VKJ-515
Issue
Unauthorized transaction
Secure account
Back to activity"
0159,screenshots/augmented/synthetic_bank_0159_lowres.png,Tamil,Tamil,low-resolution,"22:30
4G
Nova Mobile Banking
Secure transaction centre
URGENT
SGD 1,321.29
நீங்கள் அறியாத பரிவர்த்தனை பதிவாகியுள்ளது.
Date & time
14 May 2024 • 23:55
Reference
NMB-2405-961152
Error code
VKJ-515
Issue
Unauthorized transaction
Secure account
Back to activity"
0160,screenshots/synthetic_bank_0160.png,Tanglish,Latin,clean,"11:10
4G
Nova Mobile Banking
Secure transaction centre
PENDING
USD 45.33
Balance innum update aagala.
Date & time
01 Jul 2025 • 08:09
Reference
NMB-2507-243658
Error code
MFL-199
Issue
Balance not updated
Get help
Back to activity"
0160,screenshots/augmented/synthetic_bank_0160_blur.png,Tanglish,Latin,blur,"11:10
4G
Nova Mobile Banking
Secure transaction centre
PENDING
USD 45.33
Balance innum update aagala.
Date & time
01 Jul 2025 • 08:09
Reference
NMB-2507-243658
Error code
MFL-199
Issue
Balance not updated
Get help
Back to activity"
0160,screenshots/augmented/synthetic_bank_0160_rot.png,Tanglish,Latin,rotation,"11:10
4G
Nova Mobile Banking
Secure transaction centre
PENDING
USD 45.33
Balance innum update aagala.
Date & time
01 Jul 2025 • 08:09
Reference
NMB-2507-243658
Error code
MFL-199
Issue
Balance not updated
Get help
Back to activity"
0160,screenshots/augmented/synthetic_bank_0160_lowres.png,Tanglish,Latin,low-resolution,"11:10
4G
Nova Mobile Banking
Secure transaction centre
PENDING
USD 45.33
Balance innum update aagala.
Date & time
01 Jul 2025 • 08:09
Reference
NMB-2507-243658
Error code
MFL-199
Issue
Balance not updated
Get help
Back to activity"
0161,screenshots/synthetic_bank_0161.png,Singlish,Latin,clean,"12:45
4G
Nova Mobile Banking
Secure transaction centre
URGENT
USD 2,489.99
Card eka horakam kala; danma freeze karanna.
Date & time
01 Sep 2025 • 09:08
Reference
NMB-2509-593694
Error code
YTH-102
Issue
Card stolen
Freeze card
Back to activity"
0161,screenshots/augmented/synthetic_bank_0161_blur.png,Singlish,Latin,blur,"12:45
4G
Nova Mobile Banking
Secure transaction centre
URGENT
USD 2,489.99
Card eka horakam kala; danma freeze karanna.
Date & time
01 Sep 2025 • 09:08
Reference
NMB-2509-593694
Error code
YTH-102
Issue
Card stolen
Freeze card
Back to activity"
0161,screenshots/augmented/synthetic_bank_0161_rot.png,Singlish,Latin,rotation,"12:45
4G
Nova Mobile Banking
Secure transaction centre
URGENT
USD 2,489.99
Card eka horakam kala; danma freeze karanna.
Date & time
01 Sep 2025 • 09:08
Reference
NMB-2509-593694
Error code
YTH-102
Issue
Card stolen
Freeze card
Back to activity"
0161,screenshots/augmented/synthetic_bank_0161_lowres.png,Singlish,Latin,low-resolution,"12:45
4G
Nova Mobile Banking
Secure transaction centre
URGENT
USD 2,489.99
Card eka horakam kala; danma freeze karanna.
Date & time
01 Sep 2025 • 09:08
Reference
NMB-2509-593694
Error code
YTH-102
Issue
Card stolen
Freeze card
Back to activity"
0162,screenshots/synthetic_bank_0162.png,Sinhala,Sinhala,clean,"17:15
4G
Nova Mobile Banking
Secure transaction centre
PENDING
LKR 1,617.22
ඔබගේ ශේෂය තවම යාවත්කාලීන වී නැත.
Date & time
04 Feb 2024 • 13:53
Reference
NMB-2402-319646
Error code
ULF-271
Issue
Balance not updated
Get help
Back to activity"
0162,screenshots/augmented/synthetic_bank_0162_blur.png,Sinhala,Sinhala,blur,"17:15
4G
Nova Mobile Banking
Secure transaction centre
PENDING
LKR 1,617.22
ඔබගේ ශේෂය තවම යාවත්කාලීන වී නැත.
Date & time
04 Feb 2024 • 13:53
Reference
NMB-2402-319646
Error code
ULF-271
Issue
Balance not updated
Get help
Back to activity"
0162,screenshots/augmented/synthetic_bank_0162_rot.png,Sinhala,Sinhala,rotation,"17:15
4G
Nova Mobile Banking
Secure transaction centre
PENDING
LKR 1,617.22
ඔබගේ ශේෂය තවම යාවත්කාලීන වී නැත.
Date & time
04 Feb 2024 • 13:53
Reference
NMB-2402-319646
Error code
ULF-271
Issue
Balance not updated
Get help
Back to activity"
0162,screenshots/augmented/synthetic_bank_0162_lowres.png,Sinhala,Sinhala,low-resolution,"17:15
4G
Nova Mobile Banking
Secure transaction centre
PENDING
LKR 1,617.22
ඔබගේ ශේෂය තවම යාවත්කාලීන වී නැත.
Date & time
04 Feb 2024 • 13:53
Reference
NMB-2402-319646
Error code
ULF-271
Issue
Balance not updated
Get help
Back to activity"
0163,screenshots/synthetic_bank_0163.png,Tamil,Tamil,clean,"18:45
4G
Nova Mobile Banking
Secure transaction centre
URGENT
GBP 330.10
நீங்கள் அறியாத பரிவர்த்தனை பதிவாகியுள்ளது.
Date & time
23 Jan 2024 • 08:05
Reference
NMB-2401-118351
Error code
UEC-982
Issue
Unauthorized transaction
Secure account
Back to activity"
0163,screenshots/augmented/synthetic_bank_0163_blur.png,Tamil,Tamil,blur,"18:45
4G
Nova Mobile Banking
Secure transaction centre
URGENT
GBP 330.10
நீங்கள் அறியாத பரிவர்த்தனை பதிவாகியுள்ளது.
Date & time
23 Jan 2024 • 08:05
Reference
NMB-2401-118351
Error code
UEC-982
Issue
Unauthorized transaction
Secure account
Back to activity"
0163,screenshots/augmented/synthetic_bank_0163_rot.png,Tamil,Tamil,rotation,"18:45
4G
Nova Mobile Banking
Secure transaction centre
URGENT
GBP 330.10
நீங்கள் அறியாத பரிவர்த்தனை பதிவாகியுள்ளது.
Date & time
23 Jan 2024 • 08:05
Reference
NMB-2401-118351
Error code
UEC-982
Issue
Unauthorized transaction
Secure account
Back to activity"
0163,screenshots/augmented/synthetic_bank_0163_lowres.png,Tamil,Tamil,low-resolution,"18:45
4G
Nova Mobile Banking
Secure transaction centre
URGENT
GBP 330.10
நீங்கள் அறியாத பரிவர்த்தனை பதிவாகியுள்ளது.
Date & time
23 Jan 2024 • 08:05
Reference
NMB-2401-118351
Error code
UEC-982
Issue
Unauthorized transaction
Secure account
Back to activity"
0164,screenshots/synthetic_bank_0164.png,English,Latin,clean,"18:10
4G
Nova Mobile Banking
Secure transaction centre
FAILED
GBP 2,201.54
We could not complete this cash withdrawal.
Date & time
17 Nov 2025 • 11:34
Reference
NMB-2511-114055
Error code
TRM-665
Issue
Cash withdrawal failure
Get help
Back to activity"
0164,screenshots/augmented/synthetic_bank_0164_blur.png,English,Latin,blur,"18:10
4G
Nova Mobile Banking
Secure transaction centre
FAILED
GBP 2,201.54
We could not complete this cash withdrawal.
Date & time
17 Nov 2025 • 11:34
Reference
NMB-2511-114055
Error code
TRM-665
Issue
Cash withdrawal failure
Get help
Back to activity"
0164,screenshots/augmented/synthetic_bank_0164_rot.png,English,Latin,rotation,"18:10
4G
Nova Mobile Banking
Secure transaction centre
FAILED
GBP 2,201.54
We could not complete this cash withdrawal.
Date & time
17 Nov 2025 • 11:34
Reference
NMB-2511-114055
Error code
TRM-665
Issue
Cash withdrawal failure
Get help
Back to activity"
0164,screenshots/augmented/synthetic_bank_0164_lowres.png,English,Latin,low-resolution,"18:10
4G
Nova Mobile Banking
Secure transaction centre
FAILED
GBP 2,201.54
We could not complete this cash withdrawal.
Date & time
17 Nov 2025 • 11:34
Reference
NMB-2511-114055
Error code
TRM-665
Issue
Cash withdrawal failure
Get help
Back to activity"
0165,screenshots/synthetic_bank_0165.png,Tamil,Tamil,clean,"16:45
4G
Nova Mobile Banking
Secure transaction centre
REVIEW
GBP 564.64
பணம் எடுத்த கட்டணம் தவறாக இருக்கலாம்.
Date & time
06 Jun 2026 • 14:56
Reference
NMB-2606-748869
Error code
IFT-854
Issue
Cash withdrawal charged incorrectly
Get help
Back to activity"
0165,screenshots/augmented/synthetic_bank_0165_blur.png,Tamil,Tamil,blur,"16:45
4G
Nova Mobile Banking
Secure transaction centre
REVIEW
GBP 564.64
பணம் எடுத்த கட்டணம் தவறாக இருக்கலாம்.
Date & time
06 Jun 2026 • 14:56
Reference
NMB-2606-748869
Error code
IFT-854
Issue
Cash withdrawal charged incorrectly
Get help
Back to activity"
0165,screenshots/augmented/synthetic_bank_0165_rot.png,Tamil,Tamil,rotation,"16:45
4G
Nova Mobile Banking
Secure transaction centre
REVIEW
GBP 564.64
பணம் எடுத்த கட்டணம் தவறாக இருக்கலாம்.
Date & time
06 Jun 2026 • 14:56
Reference
NMB-2606-748869
Error code
IFT-854
Issue
Cash withdrawal charged incorrectly
Get help
Back to activity"
0165,screenshots/augmented/synthetic_bank_0165_lowres.png,Tamil,Tamil,low-resolution,"16:45
4G
Nova Mobile Banking
Secure transaction centre
REVIEW
GBP 564.64
பணம் எடுத்த கட்டணம் தவறாக இருக்கலாம்.
Date & time
06 Jun 2026 • 14:56
Reference
NMB-2606-748869
Error code
IFT-854
Issue
Cash withdrawal charged incorrectly
Get help
Back to activity"
0166,screenshots/synthetic_bank_0166.png,Tamil,Tamil,clean,"22:15
4G
Nova Mobile Banking
Secure transaction centre
BLOCKED
GBP 2,476.10
பாதுகாப்பிற்காக உங்கள் கணக்கு முடக்கப்பட்டுள்ளது.
Date & time
05 Jul 2024 • 17:16
Reference
NMB-2407-590319
Error code
XCZ-367
Issue
Account blocked
Get help
Back to activity"
0166,screenshots/augmented/synthetic_bank_0166_blur.png,Tamil,Tamil,blur,"22:15
4G
Nova Mobile Banking
Secure transaction centre
BLOCKED
GBP 2,476.10
பாதுகாப்பிற்காக உங்கள் கணக்கு முடக்கப்பட்டுள்ளது.
Date & time
05 Jul 2024 • 17:16
Reference
NMB-2407-590319
Error code
XCZ-367
Issue
Account blocked
Get help
Back to activity"
0166,screenshots/augmented/synthetic_bank_0166_rot.png,Tamil,Tamil,rotation,"22:15
4G
Nova Mobile Banking
Secure transaction centre
BLOCKED
GBP 2,476.10
பாதுகாப்பிற்காக உங்கள் கணக்கு முடக்கப்பட்டுள்ளது.
Date & time
05 Jul 2024 • 17:16
Reference
NMB-2407-590319
Error code
XCZ-367
Issue
Account blocked
Get help
Back to activity"
0166,screenshots/augmented/synthetic_bank_0166_lowres.png,Tamil,Tamil,low-resolution,"22:15
4G
Nova Mobile Banking
Secure transaction centre
BLOCKED
GBP 2,476.10
பாதுகாப்பிற்காக உங்கள் கணக்கு முடக்கப்பட்டுள்ளது.
Date & time
05 Jul 2024 • 17:16
Reference
NMB-2407-590319
Error code
XCZ-367
Issue
Account blocked
Get help
Back to activity"
0167,screenshots/synthetic_bank_0167.png,English,Latin,clean,"12:30
4G
Nova Mobile Banking
Secure transaction centre
FAILED
SGD 2,129.26
We could not complete this cash withdrawal.
Date & time
04 May 2026 • 10:14
Reference
NMB-2605-830861
Error code
CFF-888
Issue
Cash withdrawal failure
Get help
Back to activity"
0167,screenshots/augmented/synthetic_bank_0167_blur.png,English,Latin,blur,"12:30
4G
Nova Mobile Banking
Secure transaction centre
FAILED
SGD 2,129.26
We could not complete this cash withdrawal.
Date & time
04 May 2026 • 10:14
Reference
NMB-2605-830861
Error code
CFF-888
Issue
Cash withdrawal failure
Get help
Back to activity"
0167,screenshots/augmented/synthetic_bank_0167_rot.png,English,Latin,rotation,"12:30
4G
Nova Mobile Banking
Secure transaction centre
FAILED
SGD 2,129.26
We could not complete this cash withdrawal.
Date & time
04 May 2026 • 10:14
Reference
NMB-2605-830861
Error code
CFF-888
Issue
Cash withdrawal failure
Get help
Back to activity"
0167,screenshots/augmented/synthetic_bank_0167_lowres.png,English,Latin,low-resolution,"12:30
4G
Nova Mobile Banking
Secure transaction centre
FAILED
SGD 2,129.26
We could not complete this cash withdrawal.
Date & time
04 May 2026 • 10:14
Reference
NMB-2605-830861
Error code
CFF-888
Issue
Cash withdrawal failure
Get help
Back to activity"
0168,screenshots/synthetic_bank_0168.png,English,Latin,clean,"09:30
4G
Nova Mobile Banking
Secure transaction centre
FAILED
SGD 351.45
The new beneficiary could not be added.
Date & time
03 Feb 2024 • 04:50
Reference
NMB-2402-709214
Error code
QEI-560
Issue
Beneficiary not added
Get help
Back to activity"
0168,screenshots/augmented/synthetic_bank_0168_blur.png,English,Latin,blur,"09:30
4G
Nova Mobile Banking
Secure transaction centre
FAILED
SGD 351.45
The new beneficiary could not be added.
Date & time
03 Feb 2024 • 04:50
Reference
NMB-2402-709214
Error code
QEI-560
Issue
Beneficiary not added
Get help
Back to activity"
0168,screenshots/augmented/synthetic_bank_0168_rot.png,English,Latin,rotation,"09:30
4G
Nova Mobile Banking
Secure transaction centre
FAILED
SGD 351.45
The new beneficiary could not be added.
Date & time
03 Feb 2024 • 04:50
Reference
NMB-2402-709214
Error code
QEI-560
Issue
Beneficiary not added
Get help
Back to activity"
0168,screenshots/augmented/synthetic_bank_0168_lowres.png,English,Latin,low-resolution,"09:30
4G
Nova Mobile Banking
Secure transaction centre
FAILED
SGD 351.45
The new beneficiary could not be added.
Date & time
03 Feb 2024 • 04:50
Reference
NMB-2402-709214
Error code
QEI-560
Issue
Beneficiary not added
Get help
Back to activity"
0169,screenshots/synthetic_bank_0169.png,Singlish,Latin,clean,"16:00
4G
Nova Mobile Banking
Secure transaction centre
FAILED
USD 491.44
Beneficiary add karanna bari una.
Date & time
01 Feb 2025 • 04:54
Reference
NMB-2502-869672
Error code
DMF-845
Issue
Beneficiary not added
Get help
Back to activity"
0169,screenshots/augmented/synthetic_bank_0169_blur.png,Singlish,Latin,blur,"16:00
4G
Nova Mobile Banking
Secure transaction centre
FAILED
USD 491.44
Beneficiary add karanna bari una.
Date & time
01 Feb 2025 • 04:54
Reference
NMB-2502-869672
Error code
DMF-845
Issue
Beneficiary not added
Get help
Back to activity"
0169,screenshots/augmented/synthetic_bank_0169_rot.png,Singlish,Latin,rotation,"16:00
4G
Nova Mobile Banking
Secure transaction centre
FAILED
USD 491.44
Beneficiary add karanna bari una.
Date & time
01 Feb 2025 • 04:54
Reference
NMB-2502-869672
Error code
DMF-845
Issue
Beneficiary not added
Get help
Back to activity"
0169,screenshots/augmented/synthetic_bank_0169_lowres.png,Singlish,Latin,low-resolution,"16:00
4G
Nova Mobile Banking
Secure transaction centre
FAILED
USD 491.44
Beneficiary add karanna bari una.
Date & time
01 Feb 2025 • 04:54
Reference
NMB-2502-869672
Error code
DMF-845
Issue
Beneficiary not added
Get help
Back to activity"
0170,screenshots/synthetic_bank_0170.png,Tanglish,Latin,clean,"15:15
4G
Nova Mobile Banking
Secure transaction centre
DECLINED
USD 2,330.63
Card payment decline aayiduchu.
Date & time
31 Dec 2024 • 20:17
Reference
NMB-2412-104621
Error code
JQT-123
Issue
Card payment declined
Get help
Back to activity"
0170,screenshots/augmented/synthetic_bank_0170_blur.png,Tanglish,Latin,blur,"15:15
4G
Nova Mobile Banking
Secure transaction centre
DECLINED
USD 2,330.63
Card payment decline aayiduchu.
Date & time
31 Dec 2024 • 20:17
Reference
NMB-2412-104621
Error code
JQT-123
Issue
Card payment declined
Get help
Back to activity"
0170,screenshots/augmented/synthetic_bank_0170_rot.png,Tanglish,Latin,rotation,"15:15
4G
Nova Mobile Banking
Secure transaction centre
DECLINED
USD 2,330.63
Card payment decline aayiduchu.
Date & time
31 Dec 2024 • 20:17
Reference
NMB-2412-104621
Error code
JQT-123
Issue
Card payment declined
Get help
Back to activity"
0170,screenshots/augmented/synthetic_bank_0170_lowres.png,Tanglish,Latin,low-resolution,"15:15
4G
Nova Mobile Banking
Secure transaction centre
DECLINED
USD 2,330.63
Card payment decline aayiduchu.
Date & time
31 Dec 2024 • 20:17
Reference
NMB-2412-104621
Error code
JQT-123
Issue
Card payment declined
Get help
Back to activity"
0171,screenshots/synthetic_bank_0171.png,Mixed-language,Latin,clean,"14:15
4G
Nova Mobile Banking
Secure transaction centre
URGENT
LKR 2,416.05
Mama nodanna transaction ekak thiyenawa. Enakku theriyatha transaction irukku.
Date & time
07 Oct 2024 • 19:14
Reference
NMB-2410-814158
Error code
RIC-736
Issue
Unauthorized transaction
Secure account
Back to activity"
0171,screenshots/augmented/synthetic_bank_0171_blur.png,Mixed-language,Latin,blur,"14:15
4G
Nova Mobile Banking
Secure transaction centre
URGENT
LKR 2,416.05
Mama nodanna transaction ekak thiyenawa. Enakku theriyatha transaction irukku.
Date & time
07 Oct 2024 • 19:14
Reference
NMB-2410-814158
Error code
RIC-736
Issue
Unauthorized transaction
Secure account
Back to activity"
0171,screenshots/augmented/synthetic_bank_0171_rot.png,Mixed-language,Latin,rotation,"14:15
4G
Nova Mobile Banking
Secure transaction centre
URGENT
LKR 2,416.05
Mama nodanna transaction ekak thiyenawa. Enakku theriyatha transaction irukku.
Date & time
07 Oct 2024 • 19:14
Reference
NMB-2410-814158
Error code
RIC-736
Issue
Unauthorized transaction
Secure account
Back to activity"
0171,screenshots/augmented/synthetic_bank_0171_lowres.png,Mixed-language,Latin,low-resolution,"14:15
4G
Nova Mobile Banking
Secure transaction centre
URGENT
LKR 2,416.05
Mama nodanna transaction ekak thiyenawa. Enakku theriyatha transaction irukku.
Date & time
07 Oct 2024 • 19:14
Reference
NMB-2410-814158
Error code
RIC-736
Issue
Unauthorized transaction
Secure account
Back to activity"
0172,screenshots/synthetic_bank_0172.png,Singlish,Latin,clean,"22:05
4G
Nova Mobile Banking
Secure transaction centre
WAITING
EUR 365.36
OTP eka thawama awe naha.
Date & time
26 Sep 2025 • 23:05
Reference
NMB-2509-388166
Error code
LIL-473
Issue
OTP not received
Get help
Back to activity"
0172,screenshots/augmented/synthetic_bank_0172_blur.png,Singlish,Latin,blur,"22:05
4G
Nova Mobile Banking
Secure transaction centre
WAITING
EUR 365.36
OTP eka thawama awe naha.
Date & time
26 Sep 2025 • 23:05
Reference
NMB-2509-388166
Error code
LIL-473
Issue
OTP not received
Get help
Back to activity"
0172,screenshots/augmented/synthetic_bank_0172_rot.png,Singlish,Latin,rotation,"22:05
4G
Nova Mobile Banking
Secure transaction centre
WAITING
EUR 365.36
OTP eka thawama awe naha.
Date & time
26 Sep 2025 • 23:05
Reference
NMB-2509-388166
Error code
LIL-473
Issue
OTP not received
Get help
Back to activity"
0172,screenshots/augmented/synthetic_bank_0172_lowres.png,Singlish,Latin,low-resolution,"22:05
4G
Nova Mobile Banking
Secure transaction centre
WAITING
EUR 365.36
OTP eka thawama awe naha.
Date & time
26 Sep 2025 • 23:05
Reference
NMB-2509-388166
Error code
LIL-473
Issue
OTP not received
Get help
Back to activity"
0173,screenshots/synthetic_bank_0173.png,English,Latin,clean,"16:00
4G
Nova Mobile Banking
Secure transaction centre
FAILED
USD 1,543.95
The new beneficiary could not be added.
Date & time
15 Aug 2024 • 20:19
Reference
NMB-2408-531106
Error code
AZI-591
Issue
Beneficiary not added
Get help
Back to activity"
0173,screenshots/augmented/synthetic_bank_0173_blur.png,English,Latin,blur,"16:00
4G
Nova Mobile Banking
Secure transaction centre
FAILED
USD 1,543.95
The new beneficiary could not be added.
Date & time
15 Aug 2024 • 20:19
Reference
NMB-2408-531106
Error code
AZI-591
Issue
Beneficiary not added
Get help
Back to activity"
0173,screenshots/augmented/synthetic_bank_0173_rot.png,English,Latin,rotation,"16:00
4G
Nova Mobile Banking
Secure transaction centre
FAILED
USD 1,543.95
The new beneficiary could not be added.
Date & time
15 Aug 2024 • 20:19
Reference
NMB-2408-531106
Error code
AZI-591
Issue
Beneficiary not added
Get help
Back to activity"
0173,screenshots/augmented/synthetic_bank_0173_lowres.png,English,Latin,low-resolution,"16:00
4G
Nova Mobile Banking
Secure transaction centre
FAILED
USD 1,543.95
The new beneficiary could not be added.
Date & time
15 Aug 2024 • 20:19
Reference
NMB-2408-531106
Error code
AZI-591
Issue
Beneficiary not added
Get help
Back to activity"
0174,screenshots/synthetic_bank_0174.png,Tanglish,Latin,clean,"13:45
4G
Nova Mobile Banking
Secure transaction centre
DECLINED
EUR 325.50
Card payment decline aayiduchu.
Date & time
16 Jul 2025 • 01:38
Reference
NMB-2507-227562
Error code
DMM-658
Issue
Card payment declined
Get help
Back to activity"
0174,screenshots/augmented/synthetic_bank_0174_blur.png,Tanglish,Latin,blur,"13:45
4G
Nova Mobile Banking
Secure transaction centre
DECLINED
EUR 325.50
Card payment decline aayiduchu.
Date & time
16 Jul 2025 • 01:38
Reference
NMB-2507-227562
Error code
DMM-658
Issue
Card payment declined
Get help
Back to activity"
0174,screenshots/augmented/synthetic_bank_0174_rot.png,Tanglish,Latin,rotation,"13:45
4G
Nova Mobile Banking
Secure transaction centre
DECLINED
EUR 325.50
Card payment decline aayiduchu.
Date & time
16 Jul 2025 • 01:38
Reference
NMB-2507-227562
Error code
DMM-658
Issue
Card payment declined
Get help
Back to activity"
0174,screenshots/augmented/synthetic_bank_0174_lowres.png,Tanglish,Latin,low-resolution,"13:45
4G
Nova Mobile Banking
Secure transaction centre
DECLINED
EUR 325.50
Card payment decline aayiduchu.
Date & time
16 Jul 2025 • 01:38
Reference
NMB-2507-227562
Error code
DMM-658
Issue
Card payment declined
Get help
Back to activity"
0175,screenshots/synthetic_bank_0175.png,Tamil,Tamil,clean,"13:45
4G
Nova Mobile Banking
Secure transaction centre
URGENT
SGD 933.34
நீங்கள் அறியாத பரிவர்த்தனை பதிவாகியுள்ளது.
Date & time
17 Apr 2025 • 14:46
Reference
NMB-2504-668423
Error code
OSO-621
Issue
Unauthorized transaction
Secure account
Back to activity"
0175,screenshots/augmented/synthetic_bank_0175_blur.png,Tamil,Tamil,blur,"13:45
4G
Nova Mobile Banking
Secure transaction centre
URGENT
SGD 933.34
நீங்கள் அறியாத பரிவர்த்தனை பதிவாகியுள்ளது.
Date & time
17 Apr 2025 • 14:46
Reference
NMB-2504-668423
Error code
OSO-621
Issue
Unauthorized transaction
Secure account
Back to activity"
0175,screenshots/augmented/synthetic_bank_0175_rot.png,Tamil,Tamil,rotation,"13:45
4G
Nova Mobile Banking
Secure transaction centre
URGENT
SGD 933.34
நீங்கள் அறியாத பரிவர்த்தனை பதிவாகியுள்ளது.
Date & time
17 Apr 2025 • 14:46
Reference
NMB-2504-668423
Error code
OSO-621
Issue
Unauthorized transaction
Secure account
Back to activity"
0175,screenshots/augmented/synthetic_bank_0175_lowres.png,Tamil,Tamil,low-resolution,"13:45
4G
Nova Mobile Banking
Secure transaction centre
URGENT
SGD 933.34
நீங்கள் அறியாத பரிவர்த்தனை பதிவாகியுள்ளது.
Date & time
17 Apr 2025 • 14:46
Reference
NMB-2504-668423
Error code
OSO-621
Issue
Unauthorized transaction
Secure account
Back to activity"
0176,screenshots/synthetic_bank_0176.png,Mixed-language,Latin,clean,"16:00
4G
Nova Mobile Banking
Secure transaction centre
REVIEW
USD 2,279.09
Transaction eka deparak penenawa. Transaction rendu murai kaatuthu.
Date & time
16 May 2024 • 13:36
Reference
NMB-2405-280575
Error code
PEM-657
Issue
Duplicate transaction
Get help
Back to activity"
0176,screenshots/augmented/synthetic_bank_0176_blur.png,Mixed-language,Latin,blur,"16:00
4G
Nova Mobile Banking
Secure transaction centre
REVIEW
USD 2,279.09
Transaction eka deparak penenawa. Transaction rendu murai kaatuthu.
Date & time
16 May 2024 • 13:36
Reference
NMB-2405-280575
Error code
PEM-657
Issue
Duplicate transaction
Get help
Back to activity"
0176,screenshots/augmented/synthetic_bank_0176_rot.png,Mixed-language,Latin,rotation,"16:00
4G
Nova Mobile Banking
Secure transaction centre
REVIEW
USD 2,279.09
Transaction eka deparak penenawa. Transaction rendu murai kaatuthu.
Date & time
16 May 2024 • 13:36
Reference
NMB-2405-280575
Error code
PEM-657
Issue
Duplicate transaction
Get help
Back to activity"
0176,screenshots/augmented/synthetic_bank_0176_lowres.png,Mixed-language,Latin,low-resolution,"16:00
4G
Nova Mobile Banking
Secure transaction centre
REVIEW
USD 2,279.09
Transaction eka deparak penenawa. Transaction rendu murai kaatuthu.
Date & time
16 May 2024 • 13:36
Reference
NMB-2405-280575
Error code
PEM-657
Issue
Duplicate transaction
Get help
Back to activity"
0177,screenshots/synthetic_bank_0177.png,English,Latin,clean,"16:05
4G
Nova Mobile Banking
Secure transaction centre
FAILED
USD 1,945.96
We could not complete this cash withdrawal.
Date & time
02 May 2025 • 15:35
Reference
NMB-2505-542199
Error code
NJJ-943
Issue
Cash withdrawal failure
Get help
Back to activity"
0177,screenshots/augmented/synthetic_bank_0177_blur.png,English,Latin,blur,"16:05
4G
Nova Mobile Banking
Secure transaction centre
FAILED
USD 1,945.96
We could not complete this cash withdrawal.
Date & time
02 May 2025 • 15:35
Reference
NMB-2505-542199
Error code
NJJ-943
Issue
Cash withdrawal failure
Get help
Back to activity"
0177,screenshots/augmented/synthetic_bank_0177_rot.png,English,Latin,rotation,"16:05
4G
Nova Mobile Banking
Secure transaction centre
FAILED
USD 1,945.96
We could not complete this cash withdrawal.
Date & time
02 May 2025 • 15:35
Reference
NMB-2505-542199
Error code
NJJ-943
Issue
Cash withdrawal failure
Get help
Back to activity"
0177,screenshots/augmented/synthetic_bank_0177_lowres.png,English,Latin,low-resolution,"16:05
4G
Nova Mobile Banking
Secure transaction centre
FAILED
USD 1,945.96
We could not complete this cash withdrawal.
Date & time
02 May 2025 • 15:35
Reference
NMB-2505-542199
Error code
NJJ-943
Issue
Cash withdrawal failure
Get help
Back to activity"
0178,screenshots/synthetic_bank_0178.png,Tanglish,Latin,clean,"20:10
4G
Nova Mobile Banking
Secure transaction centre
PENDING
LKR 857.60
Balance innum update aagala.
Date & time
09 Jan 2024 • 07:45
Reference
NMB-2401-792219
Error code
WMZ-662
Issue
Balance not updated
Get help
Back to activity"
0178,screenshots/augmented/synthetic_bank_0178_blur.png,Tanglish,Latin,blur,"20:10
4G
Nova Mobile Banking
Secure transaction centre
PENDING
LKR 857.60
Balance innum update aagala.
Date & time
09 Jan 2024 • 07:45
Reference
NMB-2401-792219
Error code
WMZ-662
Issue
Balance not updated
Get help
Back to activity"
0178,screenshots/augmented/synthetic_bank_0178_rot.png,Tanglish,Latin,rotation,"20:10
4G
Nova Mobile Banking
Secure transaction centre
PENDING
LKR 857.60
Balance innum update aagala.
Date & time
09 Jan 2024 • 07:45
Reference
NMB-2401-792219
Error code
WMZ-662
Issue
Balance not updated
Get help
Back to activity"
0178,screenshots/augmented/synthetic_bank_0178_lowres.png,Tanglish,Latin,low-resolution,"20:10
4G
Nova Mobile Banking
Secure transaction centre
PENDING
LKR 857.60
Balance innum update aagala.
Date & time
09 Jan 2024 • 07:45
Reference
NMB-2401-792219
Error code
WMZ-662
Issue
Balance not updated
Get help
Back to activity"
0179,screenshots/synthetic_bank_0179.png,Sinhala,Sinhala,clean,"12:00
4G
Nova Mobile Banking
Secure transaction centre
PENDING
GBP 1,656.32
ඔබගේ ශේෂය තවම යාවත්කාලීන වී නැත.
Date & time
25 Aug 2024 • 17:49
Reference
NMB-2408-439241
Error code
YPM-684
Issue
Balance not updated
Get help
Back to activity"
0179,screenshots/augmented/synthetic_bank_0179_blur.png,Sinhala,Sinhala,blur,"12:00
4G
Nova Mobile Banking
Secure transaction centre
PENDING
GBP 1,656.32
ඔබගේ ශේෂය තවම යාවත්කාලීන වී නැත.
Date & time
25 Aug 2024 • 17:49
Reference
NMB-2408-439241
Error code
YPM-684
Issue
Balance not updated
Get help
Back to activity"
0179,screenshots/augmented/synthetic_bank_0179_rot.png,Sinhala,Sinhala,rotation,"12:00
4G
Nova Mobile Banking
Secure transaction centre
PENDING
GBP 1,656.32
ඔබගේ ශේෂය තවම යාවත්කාලීන වී නැත.
Date & time
25 Aug 2024 • 17:49
Reference
NMB-2408-439241
Error code
YPM-684
Issue
Balance not updated
Get help
Back to activity"
0179,screenshots/augmented/synthetic_bank_0179_lowres.png,Sinhala,Sinhala,low-resolution,"12:00
4G
Nova Mobile Banking
Secure transaction centre
PENDING
GBP 1,656.32
ඔබගේ ශේෂය තවම යාවත්කාලීන වී නැත.
Date & time
25 Aug 2024 • 17:49
Reference
NMB-2408-439241
Error code
YPM-684
Issue
Balance not updated
Get help
Back to activity"
0180,screenshots/synthetic_bank_0180.png,Tamil,Tamil,clean,"08:05
4G
Nova Mobile Banking
Secure transaction centre
FAILED
LKR 641.43
பணப் பரிமாற்றத்தை நிறைவு செய்ய முடியவில்லை.
Date & time
07 Jan 2024 • 15:50
Reference
NMB-2401-330009
Error code
BLL-434
Issue
Transfer failed
Get help
Back to activity"
0180,screenshots/augmented/synthetic_bank_0180_blur.png,Tamil,Tamil,blur,"08:05
4G
Nova Mobile Banking
Secure transaction centre
FAILED
LKR 641.43
பணப் பரிமாற்றத்தை நிறைவு செய்ய முடியவில்லை.
Date & time
07 Jan 2024 • 15:50
Reference
NMB-2401-330009
Error code
BLL-434
Issue
Transfer failed
Get help
Back to activity"
0180,screenshots/augmented/synthetic_bank_0180_rot.png,Tamil,Tamil,rotation,"08:05
4G
Nova Mobile Banking
Secure transaction centre
FAILED
LKR 641.43
பணப் பரிமாற்றத்தை நிறைவு செய்ய முடியவில்லை.
Date & time
07 Jan 2024 • 15:50
Reference
NMB-2401-330009
Error code
BLL-434
Issue
Transfer failed
Get help
Back to activity"
0180,screenshots/augmented/synthetic_bank_0180_lowres.png,Tamil,Tamil,low-resolution,"08:05
4G
Nova Mobile Banking
Secure transaction centre
FAILED
LKR 641.43
பணப் பரிமாற்றத்தை நிறைவு செய்ய முடியவில்லை.
Date & time
07 Jan 2024 • 15:50
Reference
NMB-2401-330009
Error code
BLL-434
Issue
Transfer failed
Get help
Back to activity"
0181,screenshots/synthetic_bank_0181.png,Tamil,Tamil,clean,"15:10
4G
Nova Mobile Banking
Secure transaction centre
URGENT
USD 1,732.49
நீங்கள் அறியாத பரிவர்த்தனை பதிவாகியுள்ளது.
Date & time
12 Jan 2026 • 13:58
Reference
NMB-2601-546495
Error code
GAK-473
Issue
Unauthorized transaction
Secure account
Back to activity"
0181,screenshots/augmented/synthetic_bank_0181_blur.png,Tamil,Tamil,blur,"15:10
4G
Nova Mobile Banking
Secure transaction centre
URGENT
USD 1,732.49
நீங்கள் அறியாத பரிவர்த்தனை பதிவாகியுள்ளது.
Date & time
12 Jan 2026 • 13:58
Reference
NMB-2601-546495
Error code
GAK-473
Issue
Unauthorized transaction
Secure account
Back to activity"
0181,screenshots/augmented/synthetic_bank_0181_rot.png,Tamil,Tamil,rotation,"15:10
4G
Nova Mobile Banking
Secure transaction centre
URGENT
USD 1,732.49
நீங்கள் அறியாத பரிவர்த்தனை பதிவாகியுள்ளது.
Date & time
12 Jan 2026 • 13:58
Reference
NMB-2601-546495
Error code
GAK-473
Issue
Unauthorized transaction
Secure account
Back to activity"
0181,screenshots/augmented/synthetic_bank_0181_lowres.png,Tamil,Tamil,low-resolution,"15:10
4G
Nova Mobile Banking
Secure transaction centre
URGENT
USD 1,732.49
நீங்கள் அறியாத பரிவர்த்தனை பதிவாகியுள்ளது.
Date & time
12 Jan 2026 • 13:58
Reference
NMB-2601-546495
Error code
GAK-473
Issue
Unauthorized transaction
Secure account
Back to activity"
0182,screenshots/synthetic_bank_0182.png,English,Latin,clean,"20:45
4G
Nova Mobile Banking
Secure transaction centre
FAILED
SGD 901.19
We could not complete this cash withdrawal.
Date & time
01 Jun 2026 • 12:06
Reference
NMB-2606-115766
Error code
PHO-808
Issue
Cash withdrawal failure
Get help
Back to activity"
0182,screenshots/augmented/synthetic_bank_0182_blur.png,English,Latin,blur,"20:45
4G
Nova Mobile Banking
Secure transaction centre
FAILED
SGD 901.19
We could not complete this cash withdrawal.
Date & time
01 Jun 2026 • 12:06
Reference
NMB-2606-115766
Error code
PHO-808
Issue
Cash withdrawal failure
Get help
Back to activity"
0182,screenshots/augmented/synthetic_bank_0182_rot.png,English,Latin,rotation,"20:45
4G
Nova Mobile Banking
Secure transaction centre
FAILED
SGD 901.19
We could not complete this cash withdrawal.
Date & time
01 Jun 2026 • 12:06
Reference
NMB-2606-115766
Error code
PHO-808
Issue
Cash withdrawal failure
Get help
Back to activity"
0182,screenshots/augmented/synthetic_bank_0182_lowres.png,English,Latin,low-resolution,"20:45
4G
Nova Mobile Banking
Secure transaction centre
FAILED
SGD 901.19
We could not complete this cash withdrawal.
Date & time
01 Jun 2026 • 12:06
Reference
NMB-2606-115766
Error code
PHO-808
Issue
Cash withdrawal failure
Get help
Back to activity"
0183,screenshots/synthetic_bank_0183.png,Mixed-language,Latin,clean,"16:15
4G
Nova Mobile Banking
Secure transaction centre
REVIEW
SGD 2,382.19
Transaction eka deparak penenawa. Transaction rendu murai kaatuthu.
Date & time
04 Dec 2025 • 19:28
Reference
NMB-2512-414571
Error code
OUW-430
Issue
Duplicate transaction
Get help
Back to activity"
0183,screenshots/augmented/synthetic_bank_0183_blur.png,Mixed-language,Latin,blur,"16:15
4G
Nova Mobile Banking
Secure transaction centre
REVIEW
SGD 2,382.19
Transaction eka deparak penenawa. Transaction rendu murai kaatuthu.
Date & time
04 Dec 2025 • 19:28
Reference
NMB-2512-414571
Error code
OUW-430
Issue
Duplicate transaction
Get help
Back to activity"
0183,screenshots/augmented/synthetic_bank_0183_rot.png,Mixed-language,Latin,rotation,"16:15
4G
Nova Mobile Banking
Secure transaction centre
REVIEW
SGD 2,382.19
Transaction eka deparak penenawa. Transaction rendu murai kaatuthu.
Date & time
04 Dec 2025 • 19:28
Reference
NMB-2512-414571
Error code
OUW-430
Issue
Duplicate transaction
Get help
Back to activity"
0183,screenshots/augmented/synthetic_bank_0183_lowres.png,Mixed-language,Latin,low-resolution,"16:15
4G
Nova Mobile Banking
Secure transaction centre
REVIEW
SGD 2,382.19
Transaction eka deparak penenawa. Transaction rendu murai kaatuthu.
Date & time
04 Dec 2025 • 19:28
Reference
NMB-2512-414571
Error code
OUW-430
Issue
Duplicate transaction
Get help
Back to activity"
0184,screenshots/synthetic_bank_0184.png,English,Latin,clean,"08:30
4G
Nova Mobile Banking
Secure transaction centre
WAITING
EUR 301.64
The verification code has not arrived.
Date & time
28 Apr 2026 • 04:26
Reference
NMB-2604-748642
Error code
KIA-506
Issue
OTP not received
Get help
Back to activity"
0184,screenshots/augmented/synthetic_bank_0184_blur.png,English,Latin,blur,"08:30
4G
Nova Mobile Banking
Secure transaction centre
WAITING
EUR 301.64
The verification code has not arrived.
Date & time
28 Apr 2026 • 04:26
Reference
NMB-2604-748642
Error code
KIA-506
Issue
OTP not received
Get help
Back to activity"
0184,screenshots/augmented/synthetic_bank_0184_rot.png,English,Latin,rotation,"08:30
4G
Nova Mobile Banking
Secure transaction centre
WAITING
EUR 301.64
The verification code has not arrived.
Date & time
28 Apr 2026 • 04:26
Reference
NMB-2604-748642
Error code
KIA-506
Issue
OTP not received
Get help
Back to activity"
0184,screenshots/augmented/synthetic_bank_0184_lowres.png,English,Latin,low-resolution,"08:30
4G
Nova Mobile Banking
Secure transaction centre
WAITING
EUR 301.64
The verification code has not arrived.
Date & time
28 Apr 2026 • 04:26
Reference
NMB-2604-748642
Error code
KIA-506
Issue
OTP not received
Get help
Back to activity"
0185,screenshots/synthetic_bank_0185.png,Sinhala,Sinhala,clean,"16:00
4G
Nova Mobile Banking
Secure transaction centre
REVIEW
LKR 655.38
විනිමය අනුපාතය පරීක්ෂා කරන්න.
Date & time
07 Dec 2024 • 08:30
Reference
NMB-2412-492576
Error code
QLU-614
Issue
Wrong exchange rate
Get help
Back to activity"
0185,screenshots/augmented/synthetic_bank_0185_blur.png,Sinhala,Sinhala,blur,"16:00
4G
Nova Mobile Banking
Secure transaction centre
REVIEW
LKR 655.38
විනිමය අනුපාතය පරීක්ෂා කරන්න.
Date & time
07 Dec 2024 • 08:30
Reference
NMB-2412-492576
Error code
QLU-614
Issue
Wrong exchange rate
Get help
Back to activity"
0185,screenshots/augmented/synthetic_bank_0185_rot.png,Sinhala,Sinhala,rotation,"16:00
4G
Nova Mobile Banking
Secure transaction centre
REVIEW
LKR 655.38
විනිමය අනුපාතය පරීක්ෂා කරන්න.
Date & time
07 Dec 2024 • 08:30
Reference
NMB-2412-492576
Error code
QLU-614
Issue
Wrong exchange rate
Get help
Back to activity"
0185,screenshots/augmented/synthetic_bank_0185_lowres.png,Sinhala,Sinhala,low-resolution,"16:00
4G
Nova Mobile Banking
Secure transaction centre
REVIEW
LKR 655.38
විනිමය අනුපාතය පරීක්ෂා කරන්න.
Date & time
07 Dec 2024 • 08:30
Reference
NMB-2412-492576
Error code
QLU-614
Issue
Wrong exchange rate
Get help
Back to activity"
0186,screenshots/synthetic_bank_0186.png,English,Latin,clean,"10:10
4G
Nova Mobile Banking
Secure transaction centre
PENDING
SGD 2,399.76
Your transfer is still being processed.
Date & time
08 Feb 2025 • 18:50
Reference
NMB-2502-702631
Error code
BXP-387
Issue
Transfer pending
Get help
Back to activity"
0186,screenshots/augmented/synthetic_bank_0186_blur.png,English,Latin,blur,"10:10
4G
Nova Mobile Banking
Secure transaction centre
PENDING
SGD 2,399.76
Your transfer is still being processed.
Date & time
08 Feb 2025 • 18:50
Reference
NMB-2502-702631
Error code
BXP-387
Issue
Transfer pending
Get help
Back to activity"
0186,screenshots/augmented/synthetic_bank_0186_rot.png,English,Latin,rotation,"10:10
4G
Nova Mobile Banking
Secure transaction centre
PENDING
SGD 2,399.76
Your transfer is still being processed.
Date & time
08 Feb 2025 • 18:50
Reference
NMB-2502-702631
Error code
BXP-387
Issue
Transfer pending
Get help
Back to activity"
0186,screenshots/augmented/synthetic_bank_0186_lowres.png,English,Latin,low-resolution,"10:10
4G
Nova Mobile Banking
Secure transaction centre
PENDING
SGD 2,399.76
Your transfer is still being processed.
Date & time
08 Feb 2025 • 18:50
Reference
NMB-2502-702631
Error code
BXP-387
Issue
Transfer pending
Get help
Back to activity"
0187,screenshots/synthetic_bank_0187.png,Singlish,Latin,clean,"09:30
4G
Nova Mobile Banking
Secure transaction centre
URGENT
SGD 1,775.33
Card eka horakam kala; danma freeze karanna.
Date & time
15 Dec 2025 • 23:21
Reference
NMB-2512-940476
Error code
YOM-655
Issue
Card stolen
Freeze card
Back to activity"
0187,screenshots/augmented/synthetic_bank_0187_blur.png,Singlish,Latin,blur,"09:30
4G
Nova Mobile Banking
Secure transaction centre
URGENT
SGD 1,775.33
Card eka horakam kala; danma freeze karanna.
Date & time
15 Dec 2025 • 23:21
Reference
NMB-2512-940476
Error code
YOM-655
Issue
Card stolen
Freeze card
Back to activity"
0187,screenshots/augmented/synthetic_bank_0187_rot.png,Singlish,Latin,rotation,"09:30
4G
Nova Mobile Banking
Secure transaction centre
URGENT
SGD 1,775.33
Card eka horakam kala; danma freeze karanna.
Date & time
15 Dec 2025 • 23:21
Reference
NMB-2512-940476
Error code
YOM-655
Issue
Card stolen
Freeze card
Back to activity"
0187,screenshots/augmented/synthetic_bank_0187_lowres.png,Singlish,Latin,low-resolution,"09:30
4G
Nova Mobile Banking
Secure transaction centre
URGENT
SGD 1,775.33
Card eka horakam kala; danma freeze karanna.
Date & time
15 Dec 2025 • 23:21
Reference
NMB-2512-940476
Error code
YOM-655
Issue
Card stolen
Freeze card
Back to activity"
0188,screenshots/synthetic_bank_0188.png,Tanglish,Latin,clean,"12:10
4G
Nova Mobile Banking
Secure transaction centre
PENDING
SGD 1,823.19
Refund innum pending-la irukku.
Date & time
20 Jun 2025 • 19:12
Reference
NMB-2506-358419
Error code
EGT-126
Issue
Refund pending
Get help
Back to activity"
0188,screenshots/augmented/synthetic_bank_0188_blur.png,Tanglish,Latin,blur,"12:10
4G
Nova Mobile Banking
Secure transaction centre
PENDING
SGD 1,823.19
Refund innum pending-la irukku.
Date & time
20 Jun 2025 • 19:12
Reference
NMB-2506-358419
Error code
EGT-126
Issue
Refund pending
Get help
Back to activity"
0188,screenshots/augmented/synthetic_bank_0188_rot.png,Tanglish,Latin,rotation,"12:10
4G
Nova Mobile Banking
Secure transaction centre
PENDING
SGD 1,823.19
Refund innum pending-la irukku.
Date & time
20 Jun 2025 • 19:12
Reference
NMB-2506-358419
Error code
EGT-126
Issue
Refund pending
Get help
Back to activity"
0188,screenshots/augmented/synthetic_bank_0188_lowres.png,Tanglish,Latin,low-resolution,"12:10
4G
Nova Mobile Banking
Secure transaction centre
PENDING
SGD 1,823.19
Refund innum pending-la irukku.
Date & time
20 Jun 2025 • 19:12
Reference
NMB-2506-358419
Error code
EGT-126
Issue
Refund pending
Get help
Back to activity"
0189,screenshots/synthetic_bank_0189.png,Mixed-language,Latin,clean,"21:45
4G
Nova Mobile Banking
Secure transaction centre
URGENT
EUR 1,655.91
Mama nodanna transaction ekak thiyenawa. Enakku theriyatha transaction irukku.
Date & time
19 Apr 2025 • 18:58
Reference
NMB-2504-162298
Error code
BWF-617
Issue
Unauthorized transaction
Secure account
Back to activity"
0189,screenshots/augmented/synthetic_bank_0189_blur.png,Mixed-language,Latin,blur,"21:45
4G
Nova Mobile Banking
Secure transaction centre
URGENT
EUR 1,655.91
Mama nodanna transaction ekak thiyenawa. Enakku theriyatha transaction irukku.
Date & time
19 Apr 2025 • 18:58
Reference
NMB-2504-162298
Error code
BWF-617
Issue
Unauthorized transaction
Secure account
Back to activity"
0189,screenshots/augmented/synthetic_bank_0189_rot.png,Mixed-language,Latin,rotation,"21:45
4G
Nova Mobile Banking
Secure transaction centre
URGENT
EUR 1,655.91
Mama nodanna transaction ekak thiyenawa. Enakku theriyatha transaction irukku.
Date & time
19 Apr 2025 • 18:58
Reference
NMB-2504-162298
Error code
BWF-617
Issue
Unauthorized transaction
Secure account
Back to activity"
0189,screenshots/augmented/synthetic_bank_0189_lowres.png,Mixed-language,Latin,low-resolution,"21:45
4G
Nova Mobile Banking
Secure transaction centre
URGENT
EUR 1,655.91
Mama nodanna transaction ekak thiyenawa. Enakku theriyatha transaction irukku.
Date & time
19 Apr 2025 • 18:58
Reference
NMB-2504-162298
Error code
BWF-617
Issue
Unauthorized transaction
Secure account
Back to activity"
0190,screenshots/synthetic_bank_0190.png,English,Latin,clean,"13:10
4G
Nova Mobile Banking
Secure transaction centre
WAITING
LKR 532.12
The verification code has not arrived.
Date & time
24 Dec 2024 • 16:43
Reference
NMB-2412-941492
Error code
IQO-404
Issue
OTP not received
Get help
Back to activity"
0190,screenshots/augmented/synthetic_bank_0190_blur.png,English,Latin,blur,"13:10
4G
Nova Mobile Banking
Secure transaction centre
WAITING
LKR 532.12
The verification code has not arrived.
Date & time
24 Dec 2024 • 16:43
Reference
NMB-2412-941492
Error code
IQO-404
Issue
OTP not received
Get help
Back to activity"
0190,screenshots/augmented/synthetic_bank_0190_rot.png,English,Latin,rotation,"13:10
4G
Nova Mobile Banking
Secure transaction centre
WAITING
LKR 532.12
The verification code has not arrived.
Date & time
24 Dec 2024 • 16:43
Reference
NMB-2412-941492
Error code
IQO-404
Issue
OTP not received
Get help
Back to activity"
0190,screenshots/augmented/synthetic_bank_0190_lowres.png,English,Latin,low-resolution,"13:10
4G
Nova Mobile Banking
Secure transaction centre
WAITING
LKR 532.12
The verification code has not arrived.
Date & time
24 Dec 2024 • 16:43
Reference
NMB-2412-941492
Error code
IQO-404
Issue
OTP not received
Get help
Back to activity"
0191,screenshots/synthetic_bank_0191.png,Sinhala,Sinhala,clean,"13:30
4G
Nova Mobile Banking
Secure transaction centre
REVIEW
GBP 698.01
විනිමය අනුපාතය පරීක්ෂා කරන්න.
Date & time
08 Oct 2025 • 23:29
Reference
NMB-2510-478054
Error code
FAM-567
Issue
Wrong exchange rate
Get help
Back to activity"
0191,screenshots/augmented/synthetic_bank_0191_blur.png,Sinhala,Sinhala,blur,"13:30
4G
Nova Mobile Banking
Secure transaction centre
REVIEW
GBP 698.01
විනිමය අනුපාතය පරීක්ෂා කරන්න.
Date & time
08 Oct 2025 • 23:29
Reference
NMB-2510-478054
Error code
FAM-567
Issue
Wrong exchange rate
Get help
Back to activity"
0191,screenshots/augmented/synthetic_bank_0191_rot.png,Sinhala,Sinhala,rotation,"13:30
4G
Nova Mobile Banking
Secure transaction centre
REVIEW
GBP 698.01
විනිමය අනුපාතය පරීක්ෂා කරන්න.
Date & time
08 Oct 2025 • 23:29
Reference
NMB-2510-478054
Error code
FAM-567
Issue
Wrong exchange rate
Get help
Back to activity"
0191,screenshots/augmented/synthetic_bank_0191_lowres.png,Sinhala,Sinhala,low-resolution,"13:30
4G
Nova Mobile Banking
Secure transaction centre
REVIEW
GBP 698.01
විනිමය අනුපාතය පරීක්ෂා කරන්න.
Date & time
08 Oct 2025 • 23:29
Reference
NMB-2510-478054
Error code
FAM-567
Issue
Wrong exchange rate
Get help
Back to activity"
0192,screenshots/synthetic_bank_0192.png,Mixed-language,Latin,clean,"08:45
4G
Nova Mobile Banking
Secure transaction centre
FAILED
EUR 751.49
Salli transfer eka complete une naha. Money transfer complete aagala.
Date & time
25 Apr 2026 • 08:29
Reference
NMB-2604-201926
Error code
JDN-681
Issue
Transfer failed
Get help
Back to activity"
0192,screenshots/augmented/synthetic_bank_0192_blur.png,Mixed-language,Latin,blur,"08:45
4G
Nova Mobile Banking
Secure transaction centre
FAILED
EUR 751.49
Salli transfer eka complete une naha. Money transfer complete aagala.
Date & time
25 Apr 2026 • 08:29
Reference
NMB-2604-201926
Error code
JDN-681
Issue
Transfer failed
Get help
Back to activity"
0192,screenshots/augmented/synthetic_bank_0192_rot.png,Mixed-language,Latin,rotation,"08:45
4G
Nova Mobile Banking
Secure transaction centre
FAILED
EUR 751.49
Salli transfer eka complete une naha. Money transfer complete aagala.
Date & time
25 Apr 2026 • 08:29
Reference
NMB-2604-201926
Error code
JDN-681
Issue
Transfer failed
Get help
Back to activity"
0192,screenshots/augmented/synthetic_bank_0192_lowres.png,Mixed-language,Latin,low-resolution,"08:45
4G
Nova Mobile Banking
Secure transaction centre
FAILED
EUR 751.49
Salli transfer eka complete une naha. Money transfer complete aagala.
Date & time
25 Apr 2026 • 08:29
Reference
NMB-2604-201926
Error code
JDN-681
Issue
Transfer failed
Get help
Back to activity"
0193,screenshots/synthetic_bank_0193.png,Sinhala,Sinhala,clean,"18:05
4G
Nova Mobile Banking
Secure transaction centre
FAILED
LKR 1,318.25
ගිණුමෙන් අඩු වූ නමුත් මුදල් ලැබුණේ නැත.
Date & time
16 Jan 2026 • 01:52
Reference
NMB-2601-739216
Error code
BJT-728
Issue
Cash not received
Get help
Back to activity"
0193,screenshots/augmented/synthetic_bank_0193_blur.png,Sinhala,Sinhala,blur,"18:05
4G
Nova Mobile Banking
Secure transaction centre
FAILED
LKR 1,318.25
ගිණුමෙන් අඩු වූ නමුත් මුදල් ලැබුණේ නැත.
Date & time
16 Jan 2026 • 01:52
Reference
NMB-2601-739216
Error code
BJT-728
Issue
Cash not received
Get help
Back to activity"
0193,screenshots/augmented/synthetic_bank_0193_rot.png,Sinhala,Sinhala,rotation,"18:05
4G
Nova Mobile Banking
Secure transaction centre
FAILED
LKR 1,318.25
ගිණුමෙන් අඩු වූ නමුත් මුදල් ලැබුණේ නැත.
Date & time
16 Jan 2026 • 01:52
Reference
NMB-2601-739216
Error code
BJT-728
Issue
Cash not received
Get help
Back to activity"
0193,screenshots/augmented/synthetic_bank_0193_lowres.png,Sinhala,Sinhala,low-resolution,"18:05
4G
Nova Mobile Banking
Secure transaction centre
FAILED
LKR 1,318.25
ගිණුමෙන් අඩු වූ නමුත් මුදල් ලැබුණේ නැත.
Date & time
16 Jan 2026 • 01:52
Reference
NMB-2601-739216
Error code
BJT-728
Issue
Cash not received
Get help
Back to activity"
0194,screenshots/synthetic_bank_0194.png,Sinhala,Sinhala,clean,"08:45
4G
Nova Mobile Banking
Secure transaction centre
REVIEW
LKR 1,516.63
විනිමය අනුපාතය පරීක්ෂා කරන්න.
Date & time
07 Dec 2025 • 15:36
Reference
NMB-2512-208784
Error code
MHU-243
Issue
Wrong exchange rate
Get help
Back to activity"
0194,screenshots/augmented/synthetic_bank_0194_blur.png,Sinhala,Sinhala,blur,"08:45
4G
Nova Mobile Banking
Secure transaction centre
REVIEW
LKR 1,516.63
විනිමය අනුපාතය පරීක්ෂා කරන්න.
Date & time
07 Dec 2025 • 15:36
Reference
NMB-2512-208784
Error code
MHU-243
Issue
Wrong exchange rate
Get help
Back to activity"
0194,screenshots/augmented/synthetic_bank_0194_rot.png,Sinhala,Sinhala,rotation,"08:45
4G
Nova Mobile Banking
Secure transaction centre
REVIEW
LKR 1,516.63
විනිමය අනුපාතය පරීක්ෂා කරන්න.
Date & time
07 Dec 2025 • 15:36
Reference
NMB-2512-208784
Error code
MHU-243
Issue
Wrong exchange rate
Get help
Back to activity"
0194,screenshots/augmented/synthetic_bank_0194_lowres.png,Sinhala,Sinhala,low-resolution,"08:45
4G
Nova Mobile Banking
Secure transaction centre
REVIEW
LKR 1,516.63
විනිමය අනුපාතය පරීක්ෂා කරන්න.
Date & time
07 Dec 2025 • 15:36
Reference
NMB-2512-208784
Error code
MHU-243
Issue
Wrong exchange rate
Get help
Back to activity"
0195,screenshots/synthetic_bank_0195.png,Sinhala,Sinhala,clean,"09:15
4G
Nova Mobile Banking
Secure transaction centre
PENDING
EUR 2,101.12
ඔබගේ ශේෂය තවම යාවත්කාලීන වී නැත.
Date & time
31 May 2026 • 15:32
Reference
NMB-2605-228261
Error code
GBQ-466
Issue
Balance not updated
Get help
Back to activity"
0195,screenshots/augmented/synthetic_bank_0195_blur.png,Sinhala,Sinhala,blur,"09:15
4G
Nova Mobile Banking
Secure transaction centre
PENDING
EUR 2,101.12
ඔබගේ ශේෂය තවම යාවත්කාලීන වී නැත.
Date & time
31 May 2026 • 15:32
Reference
NMB-2605-228261
Error code
GBQ-466
Issue
Balance not updated
Get help
Back to activity"
0195,screenshots/augmented/synthetic_bank_0195_rot.png,Sinhala,Sinhala,rotation,"09:15
4G
Nova Mobile Banking
Secure transaction centre
PENDING
EUR 2,101.12
ඔබගේ ශේෂය තවම යාවත්කාලීන වී නැත.
Date & time
31 May 2026 • 15:32
Reference
NMB-2605-228261
Error code
GBQ-466
Issue
Balance not updated
Get help
Back to activity"
0195,screenshots/augmented/synthetic_bank_0195_lowres.png,Sinhala,Sinhala,low-resolution,"09:15
4G
Nova Mobile Banking
Secure transaction centre
PENDING
EUR 2,101.12
ඔබගේ ශේෂය තවම යාවත්කාලීන වී නැත.
Date & time
31 May 2026 • 15:32
Reference
NMB-2605-228261
Error code
GBQ-466
Issue
Balance not updated
Get help
Back to activity"
0196,screenshots/synthetic_bank_0196.png,English,Latin,clean,"18:45
4G
Nova Mobile Banking
Secure transaction centre
WAITING
SGD 1,008.87
The verification code has not arrived.
Date & time
07 Feb 2025 • 15:41
Reference
NMB-2502-412435
Error code
SGV-573
Issue
OTP not received
Get help
Back to activity"
0196,screenshots/augmented/synthetic_bank_0196_blur.png,English,Latin,blur,"18:45
4G
Nova Mobile Banking
Secure transaction centre
WAITING
SGD 1,008.87
The verification code has not arrived.
Date & time
07 Feb 2025 • 15:41
Reference
NMB-2502-412435
Error code
SGV-573
Issue
OTP not received
Get help
Back to activity"
0196,screenshots/augmented/synthetic_bank_0196_rot.png,English,Latin,rotation,"18:45
4G
Nova Mobile Banking
Secure transaction centre
WAITING
SGD 1,008.87
The verification code has not arrived.
Date & time
07 Feb 2025 • 15:41
Reference
NMB-2502-412435
Error code
SGV-573
Issue
OTP not received
Get help
Back to activity"
0196,screenshots/augmented/synthetic_bank_0196_lowres.png,English,Latin,low-resolution,"18:45
4G
Nova Mobile Banking
Secure transaction centre
WAITING
SGD 1,008.87
The verification code has not arrived.
Date & time
07 Feb 2025 • 15:41
Reference
NMB-2502-412435
Error code
SGV-573
Issue
OTP not received
Get help
Back to activity"
0197,screenshots/synthetic_bank_0197.png,Mixed-language,Latin,clean,"09:05
4G
Nova Mobile Banking
Secure transaction centre
BLOCKED
GBP 472.08
Security nisa account eka block wela. Security-kaaga account block aayiduchu.
Date & time
11 Aug 2025 • 21:10
Reference
NMB-2508-846386
Error code
KGM-190
Issue
Account blocked
Get help
Back to activity"
0197,screenshots/augmented/synthetic_bank_0197_blur.png,Mixed-language,Latin,blur,"09:05
4G
Nova Mobile Banking
Secure transaction centre
BLOCKED
GBP 472.08
Security nisa account eka block wela. Security-kaaga account block aayiduchu.
Date & time
11 Aug 2025 • 21:10
Reference
NMB-2508-846386
Error code
KGM-190
Issue
Account blocked
Get help
Back to activity"
0197,screenshots/augmented/synthetic_bank_0197_rot.png,Mixed-language,Latin,rotation,"09:05
4G
Nova Mobile Banking
Secure transaction centre
BLOCKED
GBP 472.08
Security nisa account eka block wela. Security-kaaga account block aayiduchu.
Date & time
11 Aug 2025 • 21:10
Reference
NMB-2508-846386
Error code
KGM-190
Issue
Account blocked
Get help
Back to activity"
0197,screenshots/augmented/synthetic_bank_0197_lowres.png,Mixed-language,Latin,low-resolution,"09:05
4G
Nova Mobile Banking
Secure transaction centre
BLOCKED
GBP 472.08
Security nisa account eka block wela. Security-kaaga account block aayiduchu.
Date & time
11 Aug 2025 • 21:10
Reference
NMB-2508-846386
Error code
KGM-190
Issue
Account blocked
Get help
Back to activity"
0198,screenshots/synthetic_bank_0198.png,Sinhala,Sinhala,clean,"12:05
4G
Nova Mobile Banking
Secure transaction centre
PENDING
USD 944.68
ඔබගේ මුදල් ආපසු ගෙවීම තවම පවතී.
Date & time
12 Jun 2025 • 01:39
Reference
NMB-2506-155708
Error code
RCR-303
Issue
Refund pending
Get help
Back to activity"
0198,screenshots/augmented/synthetic_bank_0198_blur.png,Sinhala,Sinhala,blur,"12:05
4G
Nova Mobile Banking
Secure transaction centre
PENDING
USD 944.68
ඔබගේ මුදල් ආපසු ගෙවීම තවම පවතී.
Date & time
12 Jun 2025 • 01:39
Reference
NMB-2506-155708
Error code
RCR-303
Issue
Refund pending
Get help
Back to activity"
0198,screenshots/augmented/synthetic_bank_0198_rot.png,Sinhala,Sinhala,rotation,"12:05
4G
Nova Mobile Banking
Secure transaction centre
PENDING
USD 944.68
ඔබගේ මුදල් ආපසු ගෙවීම තවම පවතී.
Date & time
12 Jun 2025 • 01:39
Reference
NMB-2506-155708
Error code
RCR-303
Issue
Refund pending
Get help
Back to activity"
0198,screenshots/augmented/synthetic_bank_0198_lowres.png,Sinhala,Sinhala,low-resolution,"12:05
4G
Nova Mobile Banking
Secure transaction centre
PENDING
USD 944.68
ඔබගේ මුදල් ආපසු ගෙවීම තවම පවතී.
Date & time
12 Jun 2025 • 01:39
Reference
NMB-2506-155708
Error code
RCR-303
Issue
Refund pending
Get help
Back to activity"
0199,screenshots/synthetic_bank_0199.png,English,Latin,clean,"21:10
4G
Nova Mobile Banking
Secure transaction centre
PENDING
EUR 384.43
Your transfer is still being processed.
Date & time
06 Jan 2026 • 19:55
Reference
NMB-2601-761513
Error code
YWI-569
Issue
Transfer pending
Get help
Back to activity"
0199,screenshots/augmented/synthetic_bank_0199_blur.png,English,Latin,blur,"21:10
4G
Nova Mobile Banking
Secure transaction centre
PENDING
EUR 384.43
Your transfer is still being processed.
Date & time
06 Jan 2026 • 19:55
Reference
NMB-2601-761513
Error code
YWI-569
Issue
Transfer pending
Get help
Back to activity"
0199,screenshots/augmented/synthetic_bank_0199_rot.png,English,Latin,rotation,"21:10
4G
Nova Mobile Banking
Secure transaction centre
PENDING
EUR 384.43
Your transfer is still being processed.
Date & time
06 Jan 2026 • 19:55
Reference
NMB-2601-761513
Error code
YWI-569
Issue
Transfer pending
Get help
Back to activity"
0199,screenshots/augmented/synthetic_bank_0199_lowres.png,English,Latin,low-resolution,"21:10
4G
Nova Mobile Banking
Secure transaction centre
PENDING
EUR 384.43
Your transfer is still being processed.
Date & time
06 Jan 2026 • 19:55
Reference
NMB-2601-761513
Error code
YWI-569
Issue
Transfer pending
Get help
Back to activity"
0200,screenshots/synthetic_bank_0200.png,Mixed-language,Latin,clean,"09:45
4G
Nova Mobile Banking
Secure transaction centre
BLOCKED
GBP 117.07
Security nisa account eka block wela. Security-kaaga account block aayiduchu.
Date & time
24 May 2026 • 16:00
Reference
NMB-2605-200487
Error code
NCZ-252
Issue
Account blocked
Get help
Back to activity"
0200,screenshots/augmented/synthetic_bank_0200_blur.png,Mixed-language,Latin,blur,"09:45
4G
Nova Mobile Banking
Secure transaction centre
BLOCKED
GBP 117.07
Security nisa account eka block wela. Security-kaaga account block aayiduchu.
Date & time
24 May 2026 • 16:00
Reference
NMB-2605-200487
Error code
NCZ-252
Issue
Account blocked
Get help
Back to activity"
0200,screenshots/augmented/synthetic_bank_0200_rot.png,Mixed-language,Latin,rotation,"09:45
4G
Nova Mobile Banking
Secure transaction centre
BLOCKED
GBP 117.07
Security nisa account eka block wela. Security-kaaga account block aayiduchu.
Date & time
24 May 2026 • 16:00
Reference
NMB-2605-200487
Error code
NCZ-252
Issue
Account blocked
Get help
Back to activity"
0200,screenshots/augmented/synthetic_bank_0200_lowres.png,Mixed-language,Latin,low-resolution,"09:45
4G
Nova Mobile Banking
Secure transaction centre
BLOCKED
GBP 117.07
Security nisa account eka block wela. Security-kaaga account block aayiduchu.
Date & time
24 May 2026 • 16:00
Reference
NMB-2605-200487
Error code
NCZ-252
Issue
Account blocked
Get help
Back to activity"
0201,screenshots/synthetic_bank_0201.png,English,Latin,clean,"15:00
4G
Nova Mobile Banking
Secure transaction centre
WAITING
USD 117.66
The verification code has not arrived.
Date & time
13 May 2025 • 08:37
Reference
NMB-2505-241154
Error code
IUE-506
Issue
OTP not received
Get help
Back to activity"
0201,screenshots/augmented/synthetic_bank_0201_blur.png,English,Latin,blur,"15:00
4G
Nova Mobile Banking
Secure transaction centre
WAITING
USD 117.66
The verification code has not arrived.
Date & time
13 May 2025 • 08:37
Reference
NMB-2505-241154
Error code
IUE-506
Issue
OTP not received
Get help
Back to activity"
0201,screenshots/augmented/synthetic_bank_0201_rot.png,English,Latin,rotation,"15:00
4G
Nova Mobile Banking
Secure transaction centre
WAITING
USD 117.66
The verification code has not arrived.
Date & time
13 May 2025 • 08:37
Reference
NMB-2505-241154
Error code
IUE-506
Issue
OTP not received
Get help
Back to activity"
0201,screenshots/augmented/synthetic_bank_0201_lowres.png,English,Latin,low-resolution,"15:00
4G
Nova Mobile Banking
Secure transaction centre
WAITING
USD 117.66
The verification code has not arrived.
Date & time
13 May 2025 • 08:37
Reference
NMB-2505-241154
Error code
IUE-506
Issue
OTP not received
Get help
Back to activity"
0202,screenshots/synthetic_bank_0202.png,Tanglish,Latin,clean,"12:45
4G
Nova Mobile Banking
Secure transaction centre
REVIEW
EUR 349.30
Exchange rate sari illa pola.
Date & time
24 Oct 2025 • 09:59
Reference
NMB-2510-655440
Error code
RXN-921
Issue
Wrong exchange rate
Get help
Back to activity"
0202,screenshots/augmented/synthetic_bank_0202_blur.png,Tanglish,Latin,blur,"12:45
4G
Nova Mobile Banking
Secure transaction centre
REVIEW
EUR 349.30
Exchange rate sari illa pola.
Date & time
24 Oct 2025 • 09:59
Reference
NMB-2510-655440
Error code
RXN-921
Issue
Wrong exchange rate
Get help
Back to activity"
0202,screenshots/augmented/synthetic_bank_0202_rot.png,Tanglish,Latin,rotation,"12:45
4G
Nova Mobile Banking
Secure transaction centre
REVIEW
EUR 349.30
Exchange rate sari illa pola.
Date & time
24 Oct 2025 • 09:59
Reference
NMB-2510-655440
Error code
RXN-921
Issue
Wrong exchange rate
Get help
Back to activity"
0202,screenshots/augmented/synthetic_bank_0202_lowres.png,Tanglish,Latin,low-resolution,"12:45
4G
Nova Mobile Banking
Secure transaction centre
REVIEW
EUR 349.30
Exchange rate sari illa pola.
Date & time
24 Oct 2025 • 09:59
Reference
NMB-2510-655440
Error code
RXN-921
Issue
Wrong exchange rate
Get help
Back to activity"
0203,screenshots/synthetic_bank_0203.png,Tamil,Tamil,clean,"14:15
4G
Nova Mobile Banking
Secure transaction centre
URGENT
EUR 172.75
நீங்கள் அறியாத பரிவர்த்தனை பதிவாகியுள்ளது.
Date & time
20 Apr 2024 • 05:21
Reference
NMB-2404-926208
Error code
KCA-550
Issue
Unauthorized transaction
Secure account
Back to activity"
0203,screenshots/augmented/synthetic_bank_0203_blur.png,Tamil,Tamil,blur,"14:15
4G
Nova Mobile Banking
Secure transaction centre
URGENT
EUR 172.75
நீங்கள் அறியாத பரிவர்த்தனை பதிவாகியுள்ளது.
Date & time
20 Apr 2024 • 05:21
Reference
NMB-2404-926208
Error code
KCA-550
Issue
Unauthorized transaction
Secure account
Back to activity"
0203,screenshots/augmented/synthetic_bank_0203_rot.png,Tamil,Tamil,rotation,"14:15
4G
Nova Mobile Banking
Secure transaction centre
URGENT
EUR 172.75
நீங்கள் அறியாத பரிவர்த்தனை பதிவாகியுள்ளது.
Date & time
20 Apr 2024 • 05:21
Reference
NMB-2404-926208
Error code
KCA-550
Issue
Unauthorized transaction
Secure account
Back to activity"
0203,screenshots/augmented/synthetic_bank_0203_lowres.png,Tamil,Tamil,low-resolution,"14:15
4G
Nova Mobile Banking
Secure transaction centre
URGENT
EUR 172.75
நீங்கள் அறியாத பரிவர்த்தனை பதிவாகியுள்ளது.
Date & time
20 Apr 2024 • 05:21
Reference
NMB-2404-926208
Error code
KCA-550
Issue
Unauthorized transaction
Secure account
Back to activity"
0204,screenshots/synthetic_bank_0204.png,Singlish,Latin,clean,"16:45
4G
Nova Mobile Banking
Secure transaction centre
PENDING
SGD 1,506.61
Transfer eka thawama process wenawa.
Date & time
13 Mar 2024 • 07:54
Reference
NMB-2403-703643
Error code
NFK-823
Issue
Transfer pending
Get help
Back to activity"
0204,screenshots/augmented/synthetic_bank_0204_blur.png,Singlish,Latin,blur,"16:45
4G
Nova Mobile Banking
Secure transaction centre
PENDING
SGD 1,506.61
Transfer eka thawama process wenawa.
Date & time
13 Mar 2024 • 07:54
Reference
NMB-2403-703643
Error code
NFK-823
Issue
Transfer pending
Get help
Back to activity"
0204,screenshots/augmented/synthetic_bank_0204_rot.png,Singlish,Latin,rotation,"16:45
4G
Nova Mobile Banking
Secure transaction centre
PENDING
SGD 1,506.61
Transfer eka thawama process wenawa.
Date & time
13 Mar 2024 • 07:54
Reference
NMB-2403-703643
Error code
NFK-823
Issue
Transfer pending
Get help
Back to activity"
0204,screenshots/augmented/synthetic_bank_0204_lowres.png,Singlish,Latin,low-resolution,"16:45
4G
Nova Mobile Banking
Secure transaction centre
PENDING
SGD 1,506.61
Transfer eka thawama process wenawa.
Date & time
13 Mar 2024 • 07:54
Reference
NMB-2403-703643
Error code
NFK-823
Issue
Transfer pending
Get help
Back to activity"
0205,screenshots/synthetic_bank_0205.png,Sinhala,Sinhala,clean,"08:00
4G
Nova Mobile Banking
Secure transaction centre
REVIEW
GBP 1,828.77
විනිමය අනුපාතය පරීක්ෂා කරන්න.
Date & time
12 May 2024 • 05:45
Reference
NMB-2405-948742
Error code
DIQ-506
Issue
Wrong exchange rate
Get help
Back to activity"
0205,screenshots/augmented/synthetic_bank_0205_blur.png,Sinhala,Sinhala,blur,"08:00
4G
Nova Mobile Banking
Secure transaction centre
REVIEW
GBP 1,828.77
විනිමය අනුපාතය පරීක්ෂා කරන්න.
Date & time
12 May 2024 • 05:45
Reference
NMB-2405-948742
Error code
DIQ-506
Issue
Wrong exchange rate
Get help
Back to activity"
0205,screenshots/augmented/synthetic_bank_0205_rot.png,Sinhala,Sinhala,rotation,"08:00
4G
Nova Mobile Banking
Secure transaction centre
REVIEW
GBP 1,828.77
විනිමය අනුපාතය පරීක්ෂා කරන්න.
Date & time
12 May 2024 • 05:45
Reference
NMB-2405-948742
Error code
DIQ-506
Issue
Wrong exchange rate
Get help
Back to activity"
0205,screenshots/augmented/synthetic_bank_0205_lowres.png,Sinhala,Sinhala,low-resolution,"08:00
4G
Nova Mobile Banking
Secure transaction centre
REVIEW
GBP 1,828.77
විනිමය අනුපාතය පරීක්ෂා කරන්න.
Date & time
12 May 2024 • 05:45
Reference
NMB-2405-948742
Error code
DIQ-506
Issue
Wrong exchange rate
Get help
Back to activity"
0206,screenshots/synthetic_bank_0206.png,Sinhala,Sinhala,clean,"19:15
4G
Nova Mobile Banking
Secure transaction centre
PENDING
GBP 2,271.21
ඔබගේ ශේෂය තවම යාවත්කාලීන වී නැත.
Date & time
21 May 2024 • 04:58
Reference
NMB-2405-934861
Error code
UET-408
Issue
Balance not updated
Get help
Back to activity"
0206,screenshots/augmented/synthetic_bank_0206_blur.png,Sinhala,Sinhala,blur,"19:15
4G
Nova Mobile Banking
Secure transaction centre
PENDING
GBP 2,271.21
ඔබගේ ශේෂය තවම යාවත්කාලීන වී නැත.
Date & time
21 May 2024 • 04:58
Reference
NMB-2405-934861
Error code
UET-408
Issue
Balance not updated
Get help
Back to activity"
0206,screenshots/augmented/synthetic_bank_0206_rot.png,Sinhala,Sinhala,rotation,"19:15
4G
Nova Mobile Banking
Secure transaction centre
PENDING
GBP 2,271.21
ඔබගේ ශේෂය තවම යාවත්කාලීන වී නැත.
Date & time
21 May 2024 • 04:58
Reference
NMB-2405-934861
Error code
UET-408
Issue
Balance not updated
Get help
Back to activity"
0206,screenshots/augmented/synthetic_bank_0206_lowres.png,Sinhala,Sinhala,low-resolution,"19:15
4G
Nova Mobile Banking
Secure transaction centre
PENDING
GBP 2,271.21
ඔබගේ ශේෂය තවම යාවත්කාලීන වී නැත.
Date & time
21 May 2024 • 04:58
Reference
NMB-2405-934861
Error code
UET-408
Issue
Balance not updated
Get help
Back to activity"
0207,screenshots/synthetic_bank_0207.png,Singlish,Latin,clean,"11:45
4G
Nova Mobile Banking
Secure transaction centre
PENDING
SGD 1,338.64
Transfer eka thawama process wenawa.
Date & time
04 Mar 2024 • 13:28
Reference
NMB-2403-402627
Error code
TMH-729
Issue
Transfer pending
Get help
Back to activity"
0207,screenshots/augmented/synthetic_bank_0207_blur.png,Singlish,Latin,blur,"11:45
4G
Nova Mobile Banking
Secure transaction centre
PENDING
SGD 1,338.64
Transfer eka thawama process wenawa.
Date & time
04 Mar 2024 • 13:28
Reference
NMB-2403-402627
Error code
TMH-729
Issue
Transfer pending
Get help
Back to activity"
0207,screenshots/augmented/synthetic_bank_0207_rot.png,Singlish,Latin,rotation,"11:45
4G
Nova Mobile Banking
Secure transaction centre
PENDING
SGD 1,338.64
Transfer eka thawama process wenawa.
Date & time
04 Mar 2024 • 13:28
Reference
NMB-2403-402627
Error code
TMH-729
Issue
Transfer pending
Get help
Back to activity"
0207,screenshots/augmented/synthetic_bank_0207_lowres.png,Singlish,Latin,low-resolution,"11:45
4G
Nova Mobile Banking
Secure transaction centre
PENDING
SGD 1,338.64
Transfer eka thawama process wenawa.
Date & time
04 Mar 2024 • 13:28
Reference
NMB-2403-402627
Error code
TMH-729
Issue
Transfer pending
Get help
Back to activity"
0208,screenshots/synthetic_bank_0208.png,Sinhala,Sinhala,clean,"12:15
4G
Nova Mobile Banking
Secure transaction centre
PENDING
LKR 626.82
ඔබගේ මුදල් ආපසු ගෙවීම තවම පවතී.
Date & time
30 Dec 2024 • 01:55
Reference
NMB-2412-614780
Error code
SQQ-720
Issue
Refund pending
Get help
Back to activity"
0208,screenshots/augmented/synthetic_bank_0208_blur.png,Sinhala,Sinhala,blur,"12:15
4G
Nova Mobile Banking
Secure transaction centre
PENDING
LKR 626.82
ඔබගේ මුදල් ආපසු ගෙවීම තවම පවතී.
Date & time
30 Dec 2024 • 01:55
Reference
NMB-2412-614780
Error code
SQQ-720
Issue
Refund pending
Get help
Back to activity"
0208,screenshots/augmented/synthetic_bank_0208_rot.png,Sinhala,Sinhala,rotation,"12:15
4G
Nova Mobile Banking
Secure transaction centre
PENDING
LKR 626.82
ඔබගේ මුදල් ආපසු ගෙවීම තවම පවතී.
Date & time
30 Dec 2024 • 01:55
Reference
NMB-2412-614780
Error code
SQQ-720
Issue
Refund pending
Get help
Back to activity"
0208,screenshots/augmented/synthetic_bank_0208_lowres.png,Sinhala,Sinhala,low-resolution,"12:15
4G
Nova Mobile Banking
Secure transaction centre
PENDING
LKR 626.82
ඔබගේ මුදල් ආපසු ගෙවීම තවම පවතී.
Date & time
30 Dec 2024 • 01:55
Reference
NMB-2412-614780
Error code
SQQ-720
Issue
Refund pending
Get help
Back to activity"
0209,screenshots/synthetic_bank_0209.png,Sinhala,Sinhala,clean,"13:10
4G
Nova Mobile Banking
Secure transaction centre
PENDING
LKR 619.33
ඔබගේ ශේෂය තවම යාවත්කාලීන වී නැත.
Date & time
12 Jan 2026 • 21:35
Reference
NMB-2601-884810
Error code
ARV-825
Issue
Balance not updated
Get help
Back to activity"
0209,screenshots/augmented/synthetic_bank_0209_blur.png,Sinhala,Sinhala,blur,"13:10
4G
Nova Mobile Banking
Secure transaction centre
PENDING
LKR 619.33
ඔබගේ ශේෂය තවම යාවත්කාලීන වී නැත.
Date & time
12 Jan 2026 • 21:35
Reference
NMB-2601-884810
Error code
ARV-825
Issue
Balance not updated
Get help
Back to activity"
0209,screenshots/augmented/synthetic_bank_0209_rot.png,Sinhala,Sinhala,rotation,"13:10
4G
Nova Mobile Banking
Secure transaction centre
PENDING
LKR 619.33
ඔබගේ ශේෂය තවම යාවත්කාලීන වී නැත.
Date & time
12 Jan 2026 • 21:35
Reference
NMB-2601-884810
Error code
ARV-825
Issue
Balance not updated
Get help
Back to activity"
0209,screenshots/augmented/synthetic_bank_0209_lowres.png,Sinhala,Sinhala,low-resolution,"13:10
4G
Nova Mobile Banking
Secure transaction centre
PENDING
LKR 619.33
ඔබගේ ශේෂය තවම යාවත්කාලීන වී නැත.
Date & time
12 Jan 2026 • 21:35
Reference
NMB-2601-884810
Error code
ARV-825
Issue
Balance not updated
Get help
Back to activity"
0210,screenshots/synthetic_bank_0210.png,Tamil,Tamil,clean,"08:30
4G
Nova Mobile Banking
Secure transaction centre
URGENT
USD 2,025.89
நீங்கள் அறியாத பரிவர்த்தனை பதிவாகியுள்ளது.
Date & time
10 Jun 2026 • 02:59
Reference
NMB-2606-186329
Error code
SIX-984
Issue
Unauthorized transaction
Secure account
Back to activity"
0210,screenshots/augmented/synthetic_bank_0210_blur.png,Tamil,Tamil,blur,"08:30
4G
Nova Mobile Banking
Secure transaction centre
URGENT
USD 2,025.89
நீங்கள் அறியாத பரிவர்த்தனை பதிவாகியுள்ளது.
Date & time
10 Jun 2026 • 02:59
Reference
NMB-2606-186329
Error code
SIX-984
Issue
Unauthorized transaction
Secure account
Back to activity"
0210,screenshots/augmented/synthetic_bank_0210_rot.png,Tamil,Tamil,rotation,"08:30
4G
Nova Mobile Banking
Secure transaction centre
URGENT
USD 2,025.89
நீங்கள் அறியாத பரிவர்த்தனை பதிவாகியுள்ளது.
Date & time
10 Jun 2026 • 02:59
Reference
NMB-2606-186329
Error code
SIX-984
Issue
Unauthorized transaction
Secure account
Back to activity"
0210,screenshots/augmented/synthetic_bank_0210_lowres.png,Tamil,Tamil,low-resolution,"08:30
4G
Nova Mobile Banking
Secure transaction centre
URGENT
USD 2,025.89
நீங்கள் அறியாத பரிவர்த்தனை பதிவாகியுள்ளது.
Date & time
10 Jun 2026 • 02:59
Reference
NMB-2606-186329
Error code
SIX-984
Issue
Unauthorized transaction
Secure account
Back to activity"
0211,screenshots/synthetic_bank_0211.png,Mixed-language,Latin,clean,"17:45
4G
Nova Mobile Banking
Secure transaction centre
URGENT
LKR 1,420.91
Mama nodanna transaction ekak thiyenawa. Enakku theriyatha transaction irukku.
Date & time
06 Mar 2026 • 00:08
Reference
NMB-2603-629556
Error code
AAF-783
Issue
Unauthorized transaction
Secure account
Back to activity"
0211,screenshots/augmented/synthetic_bank_0211_blur.png,Mixed-language,Latin,blur,"17:45
4G
Nova Mobile Banking
Secure transaction centre
URGENT
LKR 1,420.91
Mama nodanna transaction ekak thiyenawa. Enakku theriyatha transaction irukku.
Date & time
06 Mar 2026 • 00:08
Reference
NMB-2603-629556
Error code
AAF-783
Issue
Unauthorized transaction
Secure account
Back to activity"
0211,screenshots/augmented/synthetic_bank_0211_rot.png,Mixed-language,Latin,rotation,"17:45
4G
Nova Mobile Banking
Secure transaction centre
URGENT
LKR 1,420.91
Mama nodanna transaction ekak thiyenawa. Enakku theriyatha transaction irukku.
Date & time
06 Mar 2026 • 00:08
Reference
NMB-2603-629556
Error code
AAF-783
Issue
Unauthorized transaction
Secure account
Back to activity"
0211,screenshots/augmented/synthetic_bank_0211_lowres.png,Mixed-language,Latin,low-resolution,"17:45
4G
Nova Mobile Banking
Secure transaction centre
URGENT
LKR 1,420.91
Mama nodanna transaction ekak thiyenawa. Enakku theriyatha transaction irukku.
Date & time
06 Mar 2026 • 00:08
Reference
NMB-2603-629556
Error code
AAF-783
Issue
Unauthorized transaction
Secure account
Back to activity"
0212,screenshots/synthetic_bank_0212.png,Singlish,Latin,clean,"08:30
4G
Nova Mobile Banking
Secure transaction centre
WAITING
EUR 243.80
OTP eka thawama awe naha.
Date & time
25 Jun 2024 • 11:25
Reference
NMB-2406-664084
Error code
FBN-240
Issue
OTP not received
Get help
Back to activity"
0212,screenshots/augmented/synthetic_bank_0212_blur.png,Singlish,Latin,blur,"08:30
4G
Nova Mobile Banking
Secure transaction centre
WAITING
EUR 243.80
OTP eka thawama awe naha.
Date & time
25 Jun 2024 • 11:25
Reference
NMB-2406-664084
Error code
FBN-240
Issue
OTP not received
Get help
Back to activity"
0212,screenshots/augmented/synthetic_bank_0212_rot.png,Singlish,Latin,rotation,"08:30
4G
Nova Mobile Banking
Secure transaction centre
WAITING
EUR 243.80
OTP eka thawama awe naha.
Date & time
25 Jun 2024 • 11:25
Reference
NMB-2406-664084
Error code
FBN-240
Issue
OTP not received
Get help
Back to activity"
0212,screenshots/augmented/synthetic_bank_0212_lowres.png,Singlish,Latin,low-resolution,"08:30
4G
Nova Mobile Banking
Secure transaction centre
WAITING
EUR 243.80
OTP eka thawama awe naha.
Date & time
25 Jun 2024 • 11:25
Reference
NMB-2406-664084
Error code
FBN-240
Issue
OTP not received
Get help
Back to activity"
0213,screenshots/synthetic_bank_0213.png,Tanglish,Latin,clean,"13:10
4G
Nova Mobile Banking
Secure transaction centre
FAILED
LKR 2,355.70
Account-la debit aachu, cash kidaikala.
Date & time
02 Nov 2024 • 13:29
Reference
NMB-2411-260759
Error code
HGS-863
Issue
Cash not received
Get help
Back to activity"
0213,screenshots/augmented/synthetic_bank_0213_blur.png,Tanglish,Latin,blur,"13:10
4G
Nova Mobile Banking
Secure transaction centre
FAILED
LKR 2,355.70
Account-la debit aachu, cash kidaikala.
Date & time
02 Nov 2024 • 13:29
Reference
NMB-2411-260759
Error code
HGS-863
Issue
Cash not received
Get help
Back to activity"
0213,screenshots/augmented/synthetic_bank_0213_rot.png,Tanglish,Latin,rotation,"13:10
4G
Nova Mobile Banking
Secure transaction centre
FAILED
LKR 2,355.70
Account-la debit aachu, cash kidaikala.
Date & time
02 Nov 2024 • 13:29
Reference
NMB-2411-260759
Error code
HGS-863
Issue
Cash not received
Get help
Back to activity"
0213,screenshots/augmented/synthetic_bank_0213_lowres.png,Tanglish,Latin,low-resolution,"13:10
4G
Nova Mobile Banking
Secure transaction centre
FAILED
LKR 2,355.70
Account-la debit aachu, cash kidaikala.
Date & time
02 Nov 2024 • 13:29
Reference
NMB-2411-260759
Error code
HGS-863
Issue
Cash not received
Get help
Back to activity"
0214,screenshots/synthetic_bank_0214.png,Tamil,Tamil,clean,"11:00
4G
Nova Mobile Banking
Secure transaction centre
REVIEW
LKR 1,347.96
இந்தப் பரிவர்த்தனை இருமுறை காணப்படுகிறது.
Date & time
24 Apr 2026 • 02:57
Reference
NMB-2604-214540
Error code
KVW-698
Issue
Duplicate transaction
Get help
Back to activity"
0214,screenshots/augmented/synthetic_bank_0214_blur.png,Tamil,Tamil,blur,"11:00
4G
Nova Mobile Banking
Secure transaction centre
REVIEW
LKR 1,347.96
இந்தப் பரிவர்த்தனை இருமுறை காணப்படுகிறது.
Date & time
24 Apr 2026 • 02:57
Reference
NMB-2604-214540
Error code
KVW-698
Issue
Duplicate transaction
Get help
Back to activity"
0214,screenshots/augmented/synthetic_bank_0214_rot.png,Tamil,Tamil,rotation,"11:00
4G
Nova Mobile Banking
Secure transaction centre
REVIEW
LKR 1,347.96
இந்தப் பரிவர்த்தனை இருமுறை காணப்படுகிறது.
Date & time
24 Apr 2026 • 02:57
Reference
NMB-2604-214540
Error code
KVW-698
Issue
Duplicate transaction
Get help
Back to activity"
0214,screenshots/augmented/synthetic_bank_0214_lowres.png,Tamil,Tamil,low-resolution,"11:00
4G
Nova Mobile Banking
Secure transaction centre
REVIEW
LKR 1,347.96
இந்தப் பரிவர்த்தனை இருமுறை காணப்படுகிறது.
Date & time
24 Apr 2026 • 02:57
Reference
NMB-2604-214540
Error code
KVW-698
Issue
Duplicate transaction
Get help
Back to activity"
0215,screenshots/synthetic_bank_0215.png,Singlish,Latin,clean,"14:15
4G
Nova Mobile Banking
Secure transaction centre
PENDING
USD 122.16
Transfer eka thawama process wenawa.
Date & time
11 Mar 2024 • 03:26
Reference
NMB-2403-919006
Error code
IFG-139
Issue
Transfer pending
Get help
Back to activity"
0215,screenshots/augmented/synthetic_bank_0215_blur.png,Singlish,Latin,blur,"14:15
4G
Nova Mobile Banking
Secure transaction centre
PENDING
USD 122.16
Transfer eka thawama process wenawa.
Date & time
11 Mar 2024 • 03:26
Reference
NMB-2403-919006
Error code
IFG-139
Issue
Transfer pending
Get help
Back to activity"
0215,screenshots/augmented/synthetic_bank_0215_rot.png,Singlish,Latin,rotation,"14:15
4G
Nova Mobile Banking
Secure transaction centre
PENDING
USD 122.16
Transfer eka thawama process wenawa.
Date & time
11 Mar 2024 • 03:26
Reference
NMB-2403-919006
Error code
IFG-139
Issue
Transfer pending
Get help
Back to activity"
0215,screenshots/augmented/synthetic_bank_0215_lowres.png,Singlish,Latin,low-resolution,"14:15
4G
Nova Mobile Banking
Secure transaction centre
PENDING
USD 122.16
Transfer eka thawama process wenawa.
Date & time
11 Mar 2024 • 03:26
Reference
NMB-2403-919006
Error code
IFG-139
Issue
Transfer pending
Get help
Back to activity"
0216,screenshots/synthetic_bank_0216.png,Tamil,Tamil,clean,"10:00
4G
Nova Mobile Banking
Secure transaction centre
FAILED
LKR 1,217.95
பணப் பரிமாற்றத்தை நிறைவு செய்ய முடியவில்லை.
Date & time
19 Apr 2025 • 07:41
Reference
NMB-2504-553625
Error code
KEY-372
Issue
Transfer failed
Get help
Back to activity"
0216,screenshots/augmented/synthetic_bank_0216_blur.png,Tamil,Tamil,blur,"10:00
4G
Nova Mobile Banking
Secure transaction centre
FAILED
LKR 1,217.95
பணப் பரிமாற்றத்தை நிறைவு செய்ய முடியவில்லை.
Date & time
19 Apr 2025 • 07:41
Reference
NMB-2504-553625
Error code
KEY-372
Issue
Transfer failed
Get help
Back to activity"
0216,screenshots/augmented/synthetic_bank_0216_rot.png,Tamil,Tamil,rotation,"10:00
4G
Nova Mobile Banking
Secure transaction centre
FAILED
LKR 1,217.95
பணப் பரிமாற்றத்தை நிறைவு செய்ய முடியவில்லை.
Date & time
19 Apr 2025 • 07:41
Reference
NMB-2504-553625
Error code
KEY-372
Issue
Transfer failed
Get help
Back to activity"
0216,screenshots/augmented/synthetic_bank_0216_lowres.png,Tamil,Tamil,low-resolution,"10:00
4G
Nova Mobile Banking
Secure transaction centre
FAILED
LKR 1,217.95
பணப் பரிமாற்றத்தை நிறைவு செய்ய முடியவில்லை.
Date & time
19 Apr 2025 • 07:41
Reference
NMB-2504-553625
Error code
KEY-372
Issue
Transfer failed
Get help
Back to activity"
0217,screenshots/synthetic_bank_0217.png,Tamil,Tamil,clean,"19:45
4G
Nova Mobile Banking
Secure transaction centre
FAILED
GBP 2,011.02
பணப் பரிமாற்றத்தை நிறைவு செய்ய முடியவில்லை.
Date & time
18 Jun 2024 • 10:17
Reference
NMB-2406-989998
Error code
XZN-369
Issue
Transfer failed
Get help
Back to activity"
0217,screenshots/augmented/synthetic_bank_0217_blur.png,Tamil,Tamil,blur,"19:45
4G
Nova Mobile Banking
Secure transaction centre
FAILED
GBP 2,011.02
பணப் பரிமாற்றத்தை நிறைவு செய்ய முடியவில்லை.
Date & time
18 Jun 2024 • 10:17
Reference
NMB-2406-989998
Error code
XZN-369
Issue
Transfer failed
Get help
Back to activity"
0217,screenshots/augmented/synthetic_bank_0217_rot.png,Tamil,Tamil,rotation,"19:45
4G
Nova Mobile Banking
Secure transaction centre
FAILED
GBP 2,011.02
பணப் பரிமாற்றத்தை நிறைவு செய்ய முடியவில்லை.
Date & time
18 Jun 2024 • 10:17
Reference
NMB-2406-989998
Error code
XZN-369
Issue
Transfer failed
Get help
Back to activity"
0217,screenshots/augmented/synthetic_bank_0217_lowres.png,Tamil,Tamil,low-resolution,"19:45
4G
Nova Mobile Banking
Secure transaction centre
FAILED
GBP 2,011.02
பணப் பரிமாற்றத்தை நிறைவு செய்ய முடியவில்லை.
Date & time
18 Jun 2024 • 10:17
Reference
NMB-2406-989998
Error code
XZN-369
Issue
Transfer failed
Get help
Back to activity"
0218,screenshots/synthetic_bank_0218.png,Tanglish,Latin,clean,"14:00
4G
Nova Mobile Banking
Secure transaction centre
REVIEW
SGD 1,773.50
Exchange rate sari illa pola.
Date & time
28 Oct 2024 • 06:23
Reference
NMB-2410-431028
Error code
SHZ-723
Issue
Wrong exchange rate
Get help
Back to activity"
0218,screenshots/augmented/synthetic_bank_0218_blur.png,Tanglish,Latin,blur,"14:00
4G
Nova Mobile Banking
Secure transaction centre
REVIEW
SGD 1,773.50
Exchange rate sari illa pola.
Date & time
28 Oct 2024 • 06:23
Reference
NMB-2410-431028
Error code
SHZ-723
Issue
Wrong exchange rate
Get help
Back to activity"
0218,screenshots/augmented/synthetic_bank_0218_rot.png,Tanglish,Latin,rotation,"14:00
4G
Nova Mobile Banking
Secure transaction centre
REVIEW
SGD 1,773.50
Exchange rate sari illa pola.
Date & time
28 Oct 2024 • 06:23
Reference
NMB-2410-431028
Error code
SHZ-723
Issue
Wrong exchange rate
Get help
Back to activity"
0218,screenshots/augmented/synthetic_bank_0218_lowres.png,Tanglish,Latin,low-resolution,"14:00
4G
Nova Mobile Banking
Secure transaction centre
REVIEW
SGD 1,773.50
Exchange rate sari illa pola.
Date & time
28 Oct 2024 • 06:23
Reference
NMB-2410-431028
Error code
SHZ-723
Issue
Wrong exchange rate
Get help
Back to activity"
0219,screenshots/synthetic_bank_0219.png,Singlish,Latin,clean,"20:45
4G
Nova Mobile Banking
Secure transaction centre
PENDING
USD 1,051.59
Transfer eka thawama process wenawa.
Date & time
24 Jan 2025 • 10:39
Reference
NMB-2501-499228
Error code
QOM-669
Issue
Transfer pending
Get help
Back to activity"
0219,screenshots/augmented/synthetic_bank_0219_blur.png,Singlish,Latin,blur,"20:45
4G
Nova Mobile Banking
Secure transaction centre
PENDING
USD 1,051.59
Transfer eka thawama process wenawa.
Date & time
24 Jan 2025 • 10:39
Reference
NMB-2501-499228
Error code
QOM-669
Issue
Transfer pending
Get help
Back to activity"
0219,screenshots/augmented/synthetic_bank_0219_rot.png,Singlish,Latin,rotation,"20:45
4G
Nova Mobile Banking
Secure transaction centre
PENDING
USD 1,051.59
Transfer eka thawama process wenawa.
Date & time
24 Jan 2025 • 10:39
Reference
NMB-2501-499228
Error code
QOM-669
Issue
Transfer pending
Get help
Back to activity"
0219,screenshots/augmented/synthetic_bank_0219_lowres.png,Singlish,Latin,low-resolution,"20:45
4G
Nova Mobile Banking
Secure transaction centre
PENDING
USD 1,051.59
Transfer eka thawama process wenawa.
Date & time
24 Jan 2025 • 10:39
Reference
NMB-2501-499228
Error code
QOM-669
Issue
Transfer pending
Get help
Back to activity"
0220,screenshots/synthetic_bank_0220.png,Mixed-language,Latin,clean,"12:05
4G
Nova Mobile Banking
Secure transaction centre
REVIEW
LKR 2,111.96
ATM charge eka waradi wage. ATM charge thappa irukku.
Date & time
25 Dec 2025 • 20:00
Reference
NMB-2512-933471
Error code
ZMV-497
Issue
Cash withdrawal charged incorrectly
Get help
Back to activity"
0220,screenshots/augmented/synthetic_bank_0220_blur.png,Mixed-language,Latin,blur,"12:05
4G
Nova Mobile Banking
Secure transaction centre
REVIEW
LKR 2,111.96
ATM charge eka waradi wage. ATM charge thappa irukku.
Date & time
25 Dec 2025 • 20:00
Reference
NMB-2512-933471
Error code
ZMV-497
Issue
Cash withdrawal charged incorrectly
Get help
Back to activity"
0220,screenshots/augmented/synthetic_bank_0220_rot.png,Mixed-language,Latin,rotation,"12:05
4G
Nova Mobile Banking
Secure transaction centre
REVIEW
LKR 2,111.96
ATM charge eka waradi wage. ATM charge thappa irukku.
Date & time
25 Dec 2025 • 20:00
Reference
NMB-2512-933471
Error code
ZMV-497
Issue
Cash withdrawal charged incorrectly
Get help
Back to activity"
0220,screenshots/augmented/synthetic_bank_0220_lowres.png,Mixed-language,Latin,low-resolution,"12:05
4G
Nova Mobile Banking
Secure transaction centre
REVIEW
LKR 2,111.96
ATM charge eka waradi wage. ATM charge thappa irukku.
Date & time
25 Dec 2025 • 20:00
Reference
NMB-2512-933471
Error code
ZMV-497
Issue
Cash withdrawal charged incorrectly
Get help
Back to activity"
0221,screenshots/synthetic_bank_0221.png,Mixed-language,Latin,clean,"18:30
4G
Nova Mobile Banking
Secure transaction centre
FAILED
GBP 1,874.89
Salli transfer eka complete une naha. Money transfer complete aagala.
Date & time
15 Nov 2025 • 09:23
Reference
NMB-2511-242052
Error code
LQF-689
Issue
Transfer failed
Get help
Back to activity"
0221,screenshots/augmented/synthetic_bank_0221_blur.png,Mixed-language,Latin,blur,"18:30
4G
Nova Mobile Banking
Secure transaction centre
FAILED
GBP 1,874.89
Salli transfer eka complete une naha. Money transfer complete aagala.
Date & time
15 Nov 2025 • 09:23
Reference
NMB-2511-242052
Error code
LQF-689
Issue
Transfer failed
Get help
Back to activity"
0221,screenshots/augmented/synthetic_bank_0221_rot.png,Mixed-language,Latin,rotation,"18:30
4G
Nova Mobile Banking
Secure transaction centre
FAILED
GBP 1,874.89
Salli transfer eka complete une naha. Money transfer complete aagala.
Date & time
15 Nov 2025 • 09:23
Reference
NMB-2511-242052
Error code
LQF-689
Issue
Transfer failed
Get help
Back to activity"
0221,screenshots/augmented/synthetic_bank_0221_lowres.png,Mixed-language,Latin,low-resolution,"18:30
4G
Nova Mobile Banking
Secure transaction centre
FAILED
GBP 1,874.89
Salli transfer eka complete une naha. Money transfer complete aagala.
Date & time
15 Nov 2025 • 09:23
Reference
NMB-2511-242052
Error code
LQF-689
Issue
Transfer failed
Get help
Back to activity"
0222,screenshots/synthetic_bank_0222.png,Tamil,Tamil,clean,"15:05
4G
Nova Mobile Banking
Secure transaction centre
FAILED
USD 1,132.76
பணப் பரிமாற்றத்தை நிறைவு செய்ய முடியவில்லை.
Date & time
24 Jan 2026 • 09:01
Reference
NMB-2601-626799
Error code
XXP-916
Issue
Transfer failed
Get help
Back to activity"
0222,screenshots/augmented/synthetic_bank_0222_blur.png,Tamil,Tamil,blur,"15:05
4G
Nova Mobile Banking
Secure transaction centre
FAILED
USD 1,132.76
பணப் பரிமாற்றத்தை நிறைவு செய்ய முடியவில்லை.
Date & time
24 Jan 2026 • 09:01
Reference
NMB-2601-626799
Error code
XXP-916
Issue
Transfer failed
Get help
Back to activity"
0222,screenshots/augmented/synthetic_bank_0222_rot.png,Tamil,Tamil,rotation,"15:05
4G
Nova Mobile Banking
Secure transaction centre
FAILED
USD 1,132.76
பணப் பரிமாற்றத்தை நிறைவு செய்ய முடியவில்லை.
Date & time
24 Jan 2026 • 09:01
Reference
NMB-2601-626799
Error code
XXP-916
Issue
Transfer failed
Get help
Back to activity"
0222,screenshots/augmented/synthetic_bank_0222_lowres.png,Tamil,Tamil,low-resolution,"15:05
4G
Nova Mobile Banking
Secure transaction centre
FAILED
USD 1,132.76
பணப் பரிமாற்றத்தை நிறைவு செய்ய முடியவில்லை.
Date & time
24 Jan 2026 • 09:01
Reference
NMB-2601-626799
Error code
XXP-916
Issue
Transfer failed
Get help
Back to activity"
0223,screenshots/synthetic_bank_0223.png,Mixed-language,Latin,clean,"17:30
4G
Nova Mobile Banking
Secure transaction centre
REVIEW
EUR 786.05
Transaction eka deparak penenawa. Transaction rendu murai kaatuthu.
Date & time
28 Mar 2026 • 20:18
Reference
NMB-2603-544802
Error code
YCF-671
Issue
Duplicate transaction
Get help
Back to activity"
0223,screenshots/augmented/synthetic_bank_0223_blur.png,Mixed-language,Latin,blur,"17:30
4G
Nova Mobile Banking
Secure transaction centre
REVIEW
EUR 786.05
Transaction eka deparak penenawa. Transaction rendu murai kaatuthu.
Date & time
28 Mar 2026 • 20:18
Reference
NMB-2603-544802
Error code
YCF-671
Issue
Duplicate transaction
Get help
Back to activity"
0223,screenshots/augmented/synthetic_bank_0223_rot.png,Mixed-language,Latin,rotation,"17:30
4G
Nova Mobile Banking
Secure transaction centre
REVIEW
EUR 786.05
Transaction eka deparak penenawa. Transaction rendu murai kaatuthu.
Date & time
28 Mar 2026 • 20:18
Reference
NMB-2603-544802
Error code
YCF-671
Issue
Duplicate transaction
Get help
Back to activity"
0223,screenshots/augmented/synthetic_bank_0223_lowres.png,Mixed-language,Latin,low-resolution,"17:30
4G
Nova Mobile Banking
Secure transaction centre
REVIEW
EUR 786.05
Transaction eka deparak penenawa. Transaction rendu murai kaatuthu.
Date & time
28 Mar 2026 • 20:18
Reference
NMB-2603-544802
Error code
YCF-671
Issue
Duplicate transaction
Get help
Back to activity"
0224,screenshots/synthetic_bank_0224.png,Singlish,Latin,clean,"09:45
4G
Nova Mobile Banking
Secure transaction centre
WAITING
LKR 1,605.32
OTP eka thawama awe naha.
Date & time
09 May 2026 • 01:22
Reference
NMB-2605-867617
Error code
FDA-914
Issue
OTP not received
Get help
Back to activity"
0224,screenshots/augmented/synthetic_bank_0224_blur.png,Singlish,Latin,blur,"09:45
4G
Nova Mobile Banking
Secure transaction centre
WAITING
LKR 1,605.32
OTP eka thawama awe naha.
Date & time
09 May 2026 • 01:22
Reference
NMB-2605-867617
Error code
FDA-914
Issue
OTP not received
Get help
Back to activity"
0224,screenshots/augmented/synthetic_bank_0224_rot.png,Singlish,Latin,rotation,"09:45
4G
Nova Mobile Banking
Secure transaction centre
WAITING
LKR 1,605.32
OTP eka thawama awe naha.
Date & time
09 May 2026 • 01:22
Reference
NMB-2605-867617
Error code
FDA-914
Issue
OTP not received
Get help
Back to activity"
0224,screenshots/augmented/synthetic_bank_0224_lowres.png,Singlish,Latin,low-resolution,"09:45
4G
Nova Mobile Banking
Secure transaction centre
WAITING
LKR 1,605.32
OTP eka thawama awe naha.
Date & time
09 May 2026 • 01:22
Reference
NMB-2605-867617
Error code
FDA-914
Issue
OTP not received
Get help
Back to activity"
0225,screenshots/synthetic_bank_0225.png,Singlish,Latin,clean,"19:10
4G
Nova Mobile Banking
Secure transaction centre
PENDING
GBP 1,118.37
Transfer eka thawama process wenawa.
Date & time
21 Jul 2025 • 15:04
Reference
NMB-2507-973479
Error code
CWY-354
Issue
Transfer pending
Get help
Back to activity"
0225,screenshots/augmented/synthetic_bank_0225_blur.png,Singlish,Latin,blur,"19:10
4G
Nova Mobile Banking
Secure transaction centre
PENDING
GBP 1,118.37
Transfer eka thawama process wenawa.
Date & time
21 Jul 2025 • 15:04
Reference
NMB-2507-973479
Error code
CWY-354
Issue
Transfer pending
Get help
Back to activity"
0225,screenshots/augmented/synthetic_bank_0225_rot.png,Singlish,Latin,rotation,"19:10
4G
Nova Mobile Banking
Secure transaction centre
PENDING
GBP 1,118.37
Transfer eka thawama process wenawa.
Date & time
21 Jul 2025 • 15:04
Reference
NMB-2507-973479
Error code
CWY-354
Issue
Transfer pending
Get help
Back to activity"
0225,screenshots/augmented/synthetic_bank_0225_lowres.png,Singlish,Latin,low-resolution,"19:10
4G
Nova Mobile Banking
Secure transaction centre
PENDING
GBP 1,118.37
Transfer eka thawama process wenawa.
Date & time
21 Jul 2025 • 15:04
Reference
NMB-2507-973479
Error code
CWY-354
Issue
Transfer pending
Get help
Back to activity"
0226,screenshots/synthetic_bank_0226.png,Mixed-language,Latin,clean,"18:30
4G
Nova Mobile Banking
Secure transaction centre
REVIEW
SGD 918.25
Transaction eka deparak penenawa. Transaction rendu murai kaatuthu.
Date & time
16 May 2025 • 15:41
Reference
NMB-2505-102666
Error code
ZUK-789
Issue
Duplicate transaction
Get help
Back to activity"
0226,screenshots/augmented/synthetic_bank_0226_blur.png,Mixed-language,Latin,blur,"18:30
4G
Nova Mobile Banking
Secure transaction centre
REVIEW
SGD 918.25
Transaction eka deparak penenawa. Transaction rendu murai kaatuthu.
Date & time
16 May 2025 • 15:41
Reference
NMB-2505-102666
Error code
ZUK-789
Issue
Duplicate transaction
Get help
Back to activity"
0226,screenshots/augmented/synthetic_bank_0226_rot.png,Mixed-language,Latin,rotation,"18:30
4G
Nova Mobile Banking
Secure transaction centre
REVIEW
SGD 918.25
Transaction eka deparak penenawa. Transaction rendu murai kaatuthu.
Date & time
16 May 2025 • 15:41
Reference
NMB-2505-102666
Error code
ZUK-789
Issue
Duplicate transaction
Get help
Back to activity"
0226,screenshots/augmented/synthetic_bank_0226_lowres.png,Mixed-language,Latin,low-resolution,"18:30
4G
Nova Mobile Banking
Secure transaction centre
REVIEW
SGD 918.25
Transaction eka deparak penenawa. Transaction rendu murai kaatuthu.
Date & time
16 May 2025 • 15:41
Reference
NMB-2505-102666
Error code
ZUK-789
Issue
Duplicate transaction
Get help
Back to activity"
0227,screenshots/synthetic_bank_0227.png,Sinhala,Sinhala,clean,"08:05
4G
Nova Mobile Banking
Secure transaction centre
FAILED
USD 531.99
ගිණුමෙන් අඩු වූ නමුත් මුදල් ලැබුණේ නැත.
Date & time
09 May 2024 • 19:53
Reference
NMB-2405-815031
Error code
LJT-192
Issue
Cash not received
Get help
Back to activity"
0227,screenshots/augmented/synthetic_bank_0227_blur.png,Sinhala,Sinhala,blur,"08:05
4G
Nova Mobile Banking
Secure transaction centre
FAILED
USD 531.99
ගිණුමෙන් අඩු වූ නමුත් මුදල් ලැබුණේ නැත.
Date & time
09 May 2024 • 19:53
Reference
NMB-2405-815031
Error code
LJT-192
Issue
Cash not received
Get help
Back to activity"
0227,screenshots/augmented/synthetic_bank_0227_rot.png,Sinhala,Sinhala,rotation,"08:05
4G
Nova Mobile Banking
Secure transaction centre
FAILED
USD 531.99
ගිණුමෙන් අඩු වූ නමුත් මුදල් ලැබුණේ නැත.
Date & time
09 May 2024 • 19:53
Reference
NMB-2405-815031
Error code
LJT-192
Issue
Cash not received
Get help
Back to activity"
0227,screenshots/augmented/synthetic_bank_0227_lowres.png,Sinhala,Sinhala,low-resolution,"08:05
4G
Nova Mobile Banking
Secure transaction centre
FAILED
USD 531.99
ගිණුමෙන් අඩු වූ නමුත් මුදල් ලැබුණේ නැත.
Date & time
09 May 2024 • 19:53
Reference
NMB-2405-815031
Error code
LJT-192
Issue
Cash not received
Get help
Back to activity"
0228,screenshots/synthetic_bank_0228.png,Tanglish,Latin,clean,"20:00
4G
Nova Mobile Banking
Secure transaction centre
DECLINED
EUR 2,070.13
Card payment decline aayiduchu.
Date & time
06 Apr 2025 • 01:48
Reference
NMB-2504-718609
Error code
YCA-124
Issue
Card payment declined
Get help
Back to activity"
0228,screenshots/augmented/synthetic_bank_0228_blur.png,Tanglish,Latin,blur,"20:00
4G
Nova Mobile Banking
Secure transaction centre
DECLINED
EUR 2,070.13
Card payment decline aayiduchu.
Date & time
06 Apr 2025 • 01:48
Reference
NMB-2504-718609
Error code
YCA-124
Issue
Card payment declined
Get help
Back to activity"
0228,screenshots/augmented/synthetic_bank_0228_rot.png,Tanglish,Latin,rotation,"20:00
4G
Nova Mobile Banking
Secure transaction centre
DECLINED
EUR 2,070.13
Card payment decline aayiduchu.
Date & time
06 Apr 2025 • 01:48
Reference
NMB-2504-718609
Error code
YCA-124
Issue
Card payment declined
Get help
Back to activity"
0228,screenshots/augmented/synthetic_bank_0228_lowres.png,Tanglish,Latin,low-resolution,"20:00
4G
Nova Mobile Banking
Secure transaction centre
DECLINED
EUR 2,070.13
Card payment decline aayiduchu.
Date & time
06 Apr 2025 • 01:48
Reference
NMB-2504-718609
Error code
YCA-124
Issue
Card payment declined
Get help
Back to activity"
0229,screenshots/synthetic_bank_0229.png,Tanglish,Latin,clean,"12:00
4G
Nova Mobile Banking
Secure transaction centre
PENDING
LKR 965.83
Balance innum update aagala.
Date & time
12 May 2024 • 05:18
Reference
NMB-2405-567453
Error code
IHY-449
Issue
Balance not updated
Get help
Back to activity"
0229,screenshots/augmented/synthetic_bank_0229_blur.png,Tanglish,Latin,blur,"12:00
4G
Nova Mobile Banking
Secure transaction centre
PENDING
LKR 965.83
Balance innum update aagala.
Date & time
12 May 2024 • 05:18
Reference
NMB-2405-567453
Error code
IHY-449
Issue
Balance not updated
Get help
Back to activity"
0229,screenshots/augmented/synthetic_bank_0229_rot.png,Tanglish,Latin,rotation,"12:00
4G
Nova Mobile Banking
Secure transaction centre
PENDING
LKR 965.83
Balance innum update aagala.
Date & time
12 May 2024 • 05:18
Reference
NMB-2405-567453
Error code
IHY-449
Issue
Balance not updated
Get help
Back to activity"
0229,screenshots/augmented/synthetic_bank_0229_lowres.png,Tanglish,Latin,low-resolution,"12:00
4G
Nova Mobile Banking
Secure transaction centre
PENDING
LKR 965.83
Balance innum update aagala.
Date & time
12 May 2024 • 05:18
Reference
NMB-2405-567453
Error code
IHY-449
Issue
Balance not updated
Get help
Back to activity"
0230,screenshots/synthetic_bank_0230.png,Sinhala,Sinhala,clean,"20:00
4G
Nova Mobile Banking
Secure transaction centre
FAILED
USD 1,575.27
ගිණුමෙන් අඩු වූ නමුත් මුදල් ලැබුණේ නැත.
Date & time
29 May 2024 • 03:11
Reference
NMB-2405-223958
Error code
WLO-700
Issue
Cash not received
Get help
Back to activity"
0230,screenshots/augmented/synthetic_bank_0230_blur.png,Sinhala,Sinhala,blur,"20:00
4G
Nova Mobile Banking
Secure transaction centre
FAILED
USD 1,575.27
ගිණුමෙන් අඩු වූ නමුත් මුදල් ලැබුණේ නැත.
Date & time
29 May 2024 • 03:11
Reference
NMB-2405-223958
Error code
WLO-700
Issue
Cash not received
Get help
Back to activity"
0230,screenshots/augmented/synthetic_bank_0230_rot.png,Sinhala,Sinhala,rotation,"20:00
4G
Nova Mobile Banking
Secure transaction centre
FAILED
USD 1,575.27
ගිණුමෙන් අඩු වූ නමුත් මුදල් ලැබුණේ නැත.
Date & time
29 May 2024 • 03:11
Reference
NMB-2405-223958
Error code
WLO-700
Issue
Cash not received
Get help
Back to activity"
0230,screenshots/augmented/synthetic_bank_0230_lowres.png,Sinhala,Sinhala,low-resolution,"20:00
4G
Nova Mobile Banking
Secure transaction centre
FAILED
USD 1,575.27
ගිණුමෙන් අඩු වූ නමුත් මුදල් ලැබුණේ නැත.
Date & time
29 May 2024 • 03:11
Reference
NMB-2405-223958
Error code
WLO-700
Issue
Cash not received
Get help
Back to activity"
0231,screenshots/synthetic_bank_0231.png,Singlish,Latin,clean,"11:30
4G
Nova Mobile Banking
Secure transaction centre
FAILED
USD 223.59
Beneficiary add karanna bari una.
Date & time
13 Aug 2024 • 13:05
Reference
NMB-2408-717549
Error code
KVM-628
Issue
Beneficiary not added
Get help
Back to activity"
0231,screenshots/augmented/synthetic_bank_0231_blur.png,Singlish,Latin,blur,"11:30
4G
Nova Mobile Banking
Secure transaction centre
FAILED
USD 223.59
Beneficiary add karanna bari una.
Date & time
13 Aug 2024 • 13:05
Reference
NMB-2408-717549
Error code
KVM-628
Issue
Beneficiary not added
Get help
Back to activity"
0231,screenshots/augmented/synthetic_bank_0231_rot.png,Singlish,Latin,rotation,"11:30
4G
Nova Mobile Banking
Secure transaction centre
FAILED
USD 223.59
Beneficiary add karanna bari una.
Date & time
13 Aug 2024 • 13:05
Reference
NMB-2408-717549
Error code
KVM-628
Issue
Beneficiary not added
Get help
Back to activity"
0231,screenshots/augmented/synthetic_bank_0231_lowres.png,Singlish,Latin,low-resolution,"11:30
4G
Nova Mobile Banking
Secure transaction centre
FAILED
USD 223.59
Beneficiary add karanna bari una.
Date & time
13 Aug 2024 • 13:05
Reference
NMB-2408-717549
Error code
KVM-628
Issue
Beneficiary not added
Get help
Back to activity"
0232,screenshots/synthetic_bank_0232.png,English,Latin,clean,"09:15
4G
Nova Mobile Banking
Secure transaction centre
FAILED
USD 2,044.54
The new beneficiary could not be added.
Date & time
22 Oct 2024 • 13:11
Reference
NMB-2410-886398
Error code
CSS-886
Issue
Beneficiary not added
Get help
Back to activity"
0232,screenshots/augmented/synthetic_bank_0232_blur.png,English,Latin,blur,"09:15
4G
Nova Mobile Banking
Secure transaction centre
FAILED
USD 2,044.54
The new beneficiary could not be added.
Date & time
22 Oct 2024 • 13:11
Reference
NMB-2410-886398
Error code
CSS-886
Issue
Beneficiary not added
Get help
Back to activity"
0232,screenshots/augmented/synthetic_bank_0232_rot.png,English,Latin,rotation,"09:15
4G
Nova Mobile Banking
Secure transaction centre
FAILED
USD 2,044.54
The new beneficiary could not be added.
Date & time
22 Oct 2024 • 13:11
Reference
NMB-2410-886398
Error code
CSS-886
Issue
Beneficiary not added
Get help
Back to activity"
0232,screenshots/augmented/synthetic_bank_0232_lowres.png,English,Latin,low-resolution,"09:15
4G
Nova Mobile Banking
Secure transaction centre
FAILED
USD 2,044.54
The new beneficiary could not be added.
Date & time
22 Oct 2024 • 13:11
Reference
NMB-2410-886398
Error code
CSS-886
Issue
Beneficiary not added
Get help
Back to activity"
0233,screenshots/synthetic_bank_0233.png,Tamil,Tamil,clean,"16:45
4G
Nova Mobile Banking
Secure transaction centre
FAILED
GBP 1,701.70
பணப் பரிமாற்றத்தை நிறைவு செய்ய முடியவில்லை.
Date & time
30 Jan 2025 • 06:50
Reference
NMB-2501-441397
Error code
NVV-276
Issue
Transfer failed
Get help
Back to activity"
0233,screenshots/augmented/synthetic_bank_0233_blur.png,Tamil,Tamil,blur,"16:45
4G
Nova Mobile Banking
Secure transaction centre
FAILED
GBP 1,701.70
பணப் பரிமாற்றத்தை நிறைவு செய்ய முடியவில்லை.
Date & time
30 Jan 2025 • 06:50
Reference
NMB-2501-441397
Error code
NVV-276
Issue
Transfer failed
Get help
Back to activity"
0233,screenshots/augmented/synthetic_bank_0233_rot.png,Tamil,Tamil,rotation,"16:45
4G
Nova Mobile Banking
Secure transaction centre
FAILED
GBP 1,701.70
பணப் பரிமாற்றத்தை நிறைவு செய்ய முடியவில்லை.
Date & time
30 Jan 2025 • 06:50
Reference
NMB-2501-441397
Error code
NVV-276
Issue
Transfer failed
Get help
Back to activity"
0233,screenshots/augmented/synthetic_bank_0233_lowres.png,Tamil,Tamil,low-resolution,"16:45
4G
Nova Mobile Banking
Secure transaction centre
FAILED
GBP 1,701.70
பணப் பரிமாற்றத்தை நிறைவு செய்ய முடியவில்லை.
Date & time
30 Jan 2025 • 06:50
Reference
NMB-2501-441397
Error code
NVV-276
Issue
Transfer failed
Get help
Back to activity"
0234,screenshots/synthetic_bank_0234.png,Mixed-language,Latin,clean,"18:10
4G
Nova Mobile Banking
Secure transaction centre
URGENT
SGD 949.63
Mama nodanna transaction ekak thiyenawa. Enakku theriyatha transaction irukku.
Date & time
30 Jun 2025 • 20:47
Reference
NMB-2506-673885
Error code
GNC-592
Issue
Unauthorized transaction
Secure account
Back to activity"
0234,screenshots/augmented/synthetic_bank_0234_blur.png,Mixed-language,Latin,blur,"18:10
4G
Nova Mobile Banking
Secure transaction centre
URGENT
SGD 949.63
Mama nodanna transaction ekak thiyenawa. Enakku theriyatha transaction irukku.
Date & time
30 Jun 2025 • 20:47
Reference
NMB-2506-673885
Error code
GNC-592
Issue
Unauthorized transaction
Secure account
Back to activity"
0234,screenshots/augmented/synthetic_bank_0234_rot.png,Mixed-language,Latin,rotation,"18:10
4G
Nova Mobile Banking
Secure transaction centre
URGENT
SGD 949.63
Mama nodanna transaction ekak thiyenawa. Enakku theriyatha transaction irukku.
Date & time
30 Jun 2025 • 20:47
Reference
NMB-2506-673885
Error code
GNC-592
Issue
Unauthorized transaction
Secure account
Back to activity"
0234,screenshots/augmented/synthetic_bank_0234_lowres.png,Mixed-language,Latin,low-resolution,"18:10
4G
Nova Mobile Banking
Secure transaction centre
URGENT
SGD 949.63
Mama nodanna transaction ekak thiyenawa. Enakku theriyatha transaction irukku.
Date & time
30 Jun 2025 • 20:47
Reference
NMB-2506-673885
Error code
GNC-592
Issue
Unauthorized transaction
Secure account
Back to activity"
0235,screenshots/synthetic_bank_0235.png,Singlish,Latin,clean,"19:45
4G
Nova Mobile Banking
Secure transaction centre
PENDING
USD 1,531.59
Transfer eka thawama process wenawa.
Date & time
03 Dec 2024 • 12:01
Reference
NMB-2412-183062
Error code
TNG-875
Issue
Transfer pending
Get help
Back to activity"
0235,screenshots/augmented/synthetic_bank_0235_blur.png,Singlish,Latin,blur,"19:45
4G
Nova Mobile Banking
Secure transaction centre
PENDING
USD 1,531.59
Transfer eka thawama process wenawa.
Date & time
03 Dec 2024 • 12:01
Reference
NMB-2412-183062
Error code
TNG-875
Issue
Transfer pending
Get help
Back to activity"
0235,screenshots/augmented/synthetic_bank_0235_rot.png,Singlish,Latin,rotation,"19:45
4G
Nova Mobile Banking
Secure transaction centre
PENDING
USD 1,531.59
Transfer eka thawama process wenawa.
Date & time
03 Dec 2024 • 12:01
Reference
NMB-2412-183062
Error code
TNG-875
Issue
Transfer pending
Get help
Back to activity"
0235,screenshots/augmented/synthetic_bank_0235_lowres.png,Singlish,Latin,low-resolution,"19:45
4G
Nova Mobile Banking
Secure transaction centre
PENDING
USD 1,531.59
Transfer eka thawama process wenawa.
Date & time
03 Dec 2024 • 12:01
Reference
NMB-2412-183062
Error code
TNG-875
Issue
Transfer pending
Get help
Back to activity"
0236,screenshots/synthetic_bank_0236.png,English,Latin,clean,"10:05
4G
Nova Mobile Banking
Secure transaction centre
PENDING
USD 1,409.27
Your transfer is still being processed.
Date & time
06 Jul 2024 • 21:33
Reference
NMB-2407-503976
Error code
FFP-707
Issue
Transfer pending
Get help
Back to activity"
0236,screenshots/augmented/synthetic_bank_0236_blur.png,English,Latin,blur,"10:05
4G
Nova Mobile Banking
Secure transaction centre
PENDING
USD 1,409.27
Your transfer is still being processed.
Date & time
06 Jul 2024 • 21:33
Reference
NMB-2407-503976
Error code
FFP-707
Issue
Transfer pending
Get help
Back to activity"
0236,screenshots/augmented/synthetic_bank_0236_rot.png,English,Latin,rotation,"10:05
4G
Nova Mobile Banking
Secure transaction centre
PENDING
USD 1,409.27
Your transfer is still being processed.
Date & time
06 Jul 2024 • 21:33
Reference
NMB-2407-503976
Error code
FFP-707
Issue
Transfer pending
Get help
Back to activity"
0236,screenshots/augmented/synthetic_bank_0236_lowres.png,English,Latin,low-resolution,"10:05
4G
Nova Mobile Banking
Secure transaction centre
PENDING
USD 1,409.27
Your transfer is still being processed.
Date & time
06 Jul 2024 • 21:33
Reference
NMB-2407-503976
Error code
FFP-707
Issue
Transfer pending
Get help
Back to activity"
0237,screenshots/synthetic_bank_0237.png,Mixed-language,Latin,clean,"17:10
4G
Nova Mobile Banking
Secure transaction centre
BLOCKED
USD 2,474.28
Security nisa account eka block wela. Security-kaaga account block aayiduchu.
Date & time
09 Apr 2026 • 13:08
Reference
NMB-2604-309302
Error code
FZT-987
Issue
Account blocked
Get help
Back to activity"
0237,screenshots/augmented/synthetic_bank_0237_blur.png,Mixed-language,Latin,blur,"17:10
4G
Nova Mobile Banking
Secure transaction centre
BLOCKED
USD 2,474.28
Security nisa account eka block wela. Security-kaaga account block aayiduchu.
Date & time
09 Apr 2026 • 13:08
Reference
NMB-2604-309302
Error code
FZT-987
Issue
Account blocked
Get help
Back to activity"
0237,screenshots/augmented/synthetic_bank_0237_rot.png,Mixed-language,Latin,rotation,"17:10
4G
Nova Mobile Banking
Secure transaction centre
BLOCKED
USD 2,474.28
Security nisa account eka block wela. Security-kaaga account block aayiduchu.
Date & time
09 Apr 2026 • 13:08
Reference
NMB-2604-309302
Error code
FZT-987
Issue
Account blocked
Get help
Back to activity"
0237,screenshots/augmented/synthetic_bank_0237_lowres.png,Mixed-language,Latin,low-resolution,"17:10
4G
Nova Mobile Banking
Secure transaction centre
BLOCKED
USD 2,474.28
Security nisa account eka block wela. Security-kaaga account block aayiduchu.
Date & time
09 Apr 2026 • 13:08
Reference
NMB-2604-309302
Error code
FZT-987
Issue
Account blocked
Get help
Back to activity"
0238,screenshots/synthetic_bank_0238.png,Tamil,Tamil,clean,"08:05
4G
Nova Mobile Banking
Secure transaction centre
BLOCKED
GBP 482.79
பாதுகாப்பிற்காக உங்கள் கணக்கு முடக்கப்பட்டுள்ளது.
Date & time
20 Feb 2025 • 06:11
Reference
NMB-2502-965006
Error code
MVY-426
Issue
Account blocked
Get help
Back to activity"
0238,screenshots/augmented/synthetic_bank_0238_blur.png,Tamil,Tamil,blur,"08:05
4G
Nova Mobile Banking
Secure transaction centre
BLOCKED
GBP 482.79
பாதுகாப்பிற்காக உங்கள் கணக்கு முடக்கப்பட்டுள்ளது.
Date & time
20 Feb 2025 • 06:11
Reference
NMB-2502-965006
Error code
MVY-426
Issue
Account blocked
Get help
Back to activity"
0238,screenshots/augmented/synthetic_bank_0238_rot.png,Tamil,Tamil,rotation,"08:05
4G
Nova Mobile Banking
Secure transaction centre
BLOCKED
GBP 482.79
பாதுகாப்பிற்காக உங்கள் கணக்கு முடக்கப்பட்டுள்ளது.
Date & time
20 Feb 2025 • 06:11
Reference
NMB-2502-965006
Error code
MVY-426
Issue
Account blocked
Get help
Back to activity"
0238,screenshots/augmented/synthetic_bank_0238_lowres.png,Tamil,Tamil,low-resolution,"08:05
4G
Nova Mobile Banking
Secure transaction centre
BLOCKED
GBP 482.79
பாதுகாப்பிற்காக உங்கள் கணக்கு முடக்கப்பட்டுள்ளது.
Date & time
20 Feb 2025 • 06:11
Reference
NMB-2502-965006
Error code
MVY-426
Issue
Account blocked
Get help
Back to activity"
0239,screenshots/synthetic_bank_0239.png,Singlish,Latin,clean,"16:00
4G
Nova Mobile Banking
Secure transaction centre
URGENT
EUR 1,823.40
Card eka horakam kala; danma freeze karanna.
Date & time
26 Feb 2025 • 20:06
Reference
NMB-2502-573271
Error code
KXA-367
Issue
Card stolen
Freeze card
Back to activity"
0239,screenshots/augmented/synthetic_bank_0239_blur.png,Singlish,Latin,blur,"16:00
4G
Nova Mobile Banking
Secure transaction centre
URGENT
EUR 1,823.40
Card eka horakam kala; danma freeze karanna.
Date & time
26 Feb 2025 • 20:06
Reference
NMB-2502-573271
Error code
KXA-367
Issue
Card stolen
Freeze card
Back to activity"
0239,screenshots/augmented/synthetic_bank_0239_rot.png,Singlish,Latin,rotation,"16:00
4G
Nova Mobile Banking
Secure transaction centre
URGENT
EUR 1,823.40
Card eka horakam kala; danma freeze karanna.
Date & time
26 Feb 2025 • 20:06
Reference
NMB-2502-573271
Error code
KXA-367
Issue
Card stolen
Freeze card
Back to activity"
0239,screenshots/augmented/synthetic_bank_0239_lowres.png,Singlish,Latin,low-resolution,"16:00
4G
Nova Mobile Banking
Secure transaction centre
URGENT
EUR 1,823.40
Card eka horakam kala; danma freeze karanna.
Date & time
26 Feb 2025 • 20:06
Reference
NMB-2502-573271
Error code
KXA-367
Issue
Card stolen
Freeze card
Back to activity"
0240,screenshots/synthetic_bank_0240.png,Sinhala,Sinhala,clean,"16:45
4G
Nova Mobile Banking
Secure transaction centre
REVIEW
USD 119.24
විනිමය අනුපාතය පරීක්ෂා කරන්න.
Date & time
02 Feb 2024 • 07:13
Reference
NMB-2402-777981
Error code
PRV-815
Issue
Wrong exchange rate
Get help
Back to activity"
0240,screenshots/augmented/synthetic_bank_0240_blur.png,Sinhala,Sinhala,blur,"16:45
4G
Nova Mobile Banking
Secure transaction centre
REVIEW
USD 119.24
විනිමය අනුපාතය පරීක්ෂා කරන්න.
Date & time
02 Feb 2024 • 07:13
Reference
NMB-2402-777981
Error code
PRV-815
Issue
Wrong exchange rate
Get help
Back to activity"
0240,screenshots/augmented/synthetic_bank_0240_rot.png,Sinhala,Sinhala,rotation,"16:45
4G
Nova Mobile Banking
Secure transaction centre
REVIEW
USD 119.24
විනිමය අනුපාතය පරීක්ෂා කරන්න.
Date & time
02 Feb 2024 • 07:13
Reference
NMB-2402-777981
Error code
PRV-815
Issue
Wrong exchange rate
Get help
Back to activity"
0240,screenshots/augmented/synthetic_bank_0240_lowres.png,Sinhala,Sinhala,low-resolution,"16:45
4G
Nova Mobile Banking
Secure transaction centre
REVIEW
USD 119.24
විනිමය අනුපාතය පරීක්ෂා කරන්න.
Date & time
02 Feb 2024 • 07:13
Reference
NMB-2402-777981
Error code
PRV-815
Issue
Wrong exchange rate
Get help
Back to activity"
0241,screenshots/synthetic_bank_0241.png,Singlish,Latin,clean,"11:45
4G
Nova Mobile Banking
Secure transaction centre
FAILED
LKR 49.82
Salli ganna transaction eka fail una.
Date & time
08 Mar 2024 • 18:55
Reference
NMB-2403-660012
Error code
KZK-129
Issue
Cash withdrawal failure
Get help
Back to activity"
0241,screenshots/augmented/synthetic_bank_0241_blur.png,Singlish,Latin,blur,"11:45
4G
Nova Mobile Banking
Secure transaction centre
FAILED
LKR 49.82
Salli ganna transaction eka fail una.
Date & time
08 Mar 2024 • 18:55
Reference
NMB-2403-660012
Error code
KZK-129
Issue
Cash withdrawal failure
Get help
Back to activity"
0241,screenshots/augmented/synthetic_bank_0241_rot.png,Singlish,Latin,rotation,"11:45
4G
Nova Mobile Banking
Secure transaction centre
FAILED
LKR 49.82
Salli ganna transaction eka fail una.
Date & time
08 Mar 2024 • 18:55
Reference
NMB-2403-660012
Error code
KZK-129
Issue
Cash withdrawal failure
Get help
Back to activity"
0241,screenshots/augmented/synthetic_bank_0241_lowres.png,Singlish,Latin,low-resolution,"11:45
4G
Nova Mobile Banking
Secure transaction centre
FAILED
LKR 49.82
Salli ganna transaction eka fail una.
Date & time
08 Mar 2024 • 18:55
Reference
NMB-2403-660012
Error code
KZK-129
Issue
Cash withdrawal failure
Get help
Back to activity"
0242,screenshots/synthetic_bank_0242.png,Sinhala,Sinhala,clean,"20:30
4G
Nova Mobile Banking
Secure transaction centre
PENDING
EUR 1,605.05
ඔබගේ ශේෂය තවම යාවත්කාලීන වී නැත.
Date & time
27 Aug 2024 • 17:32
Reference
NMB-2408-574076
Error code
EXL-894
Issue
Balance not updated
Get help
Back to activity"
0242,screenshots/augmented/synthetic_bank_0242_blur.png,Sinhala,Sinhala,blur,"20:30
4G
Nova Mobile Banking
Secure transaction centre
PENDING
EUR 1,605.05
ඔබගේ ශේෂය තවම යාවත්කාලීන වී නැත.
Date & time
27 Aug 2024 • 17:32
Reference
NMB-2408-574076
Error code
EXL-894
Issue
Balance not updated
Get help
Back to activity"
0242,screenshots/augmented/synthetic_bank_0242_rot.png,Sinhala,Sinhala,rotation,"20:30
4G
Nova Mobile Banking
Secure transaction centre
PENDING
EUR 1,605.05
ඔබගේ ශේෂය තවම යාවත්කාලීන වී නැත.
Date & time
27 Aug 2024 • 17:32
Reference
NMB-2408-574076
Error code
EXL-894
Issue
Balance not updated
Get help
Back to activity"
0242,screenshots/augmented/synthetic_bank_0242_lowres.png,Sinhala,Sinhala,low-resolution,"20:30
4G
Nova Mobile Banking
Secure transaction centre
PENDING
EUR 1,605.05
ඔබගේ ශේෂය තවම යාවත්කාලීන වී නැත.
Date & time
27 Aug 2024 • 17:32
Reference
NMB-2408-574076
Error code
EXL-894
Issue
Balance not updated
Get help
Back to activity"
0243,screenshots/synthetic_bank_0243.png,English,Latin,clean,"13:30
4G
Nova Mobile Banking
Secure transaction centre
WAITING
SGD 1,308.88
The verification code has not arrived.
Date & time
09 Feb 2025 • 06:10
Reference
NMB-2502-527639
Error code
UNT-369
Issue
OTP not received
Get help
Back to activity"
0243,screenshots/augmented/synthetic_bank_0243_blur.png,English,Latin,blur,"13:30
4G
Nova Mobile Banking
Secure transaction centre
WAITING
SGD 1,308.88
The verification code has not arrived.
Date & time
09 Feb 2025 • 06:10
Reference
NMB-2502-527639
Error code
UNT-369
Issue
OTP not received
Get help
Back to activity"
0243,screenshots/augmented/synthetic_bank_0243_rot.png,English,Latin,rotation,"13:30
4G
Nova Mobile Banking
Secure transaction centre
WAITING
SGD 1,308.88
The verification code has not arrived.
Date & time
09 Feb 2025 • 06:10
Reference
NMB-2502-527639
Error code
UNT-369
Issue
OTP not received
Get help
Back to activity"
0243,screenshots/augmented/synthetic_bank_0243_lowres.png,English,Latin,low-resolution,"13:30
4G
Nova Mobile Banking
Secure transaction centre
WAITING
SGD 1,308.88
The verification code has not arrived.
Date & time
09 Feb 2025 • 06:10
Reference
NMB-2502-527639
Error code
UNT-369
Issue
OTP not received
Get help
Back to activity"
0244,screenshots/synthetic_bank_0244.png,English,Latin,clean,"20:45
4G
Nova Mobile Banking
Secure transaction centre
FAILED
GBP 2,090.89
We could not complete this cash withdrawal.
Date & time
22 Sep 2024 • 17:10
Reference
NMB-2409-727912
Error code
IXB-104
Issue
Cash withdrawal failure
Get help
Back to activity"
0244,screenshots/augmented/synthetic_bank_0244_blur.png,English,Latin,blur,"20:45
4G
Nova Mobile Banking
Secure transaction centre
FAILED
GBP 2,090.89
We could not complete this cash withdrawal.
Date & time
22 Sep 2024 • 17:10
Reference
NMB-2409-727912
Error code
IXB-104
Issue
Cash withdrawal failure
Get help
Back to activity"
0244,screenshots/augmented/synthetic_bank_0244_rot.png,English,Latin,rotation,"20:45
4G
Nova Mobile Banking
Secure transaction centre
FAILED
GBP 2,090.89
We could not complete this cash withdrawal.
Date & time
22 Sep 2024 • 17:10
Reference
NMB-2409-727912
Error code
IXB-104
Issue
Cash withdrawal failure
Get help
Back to activity"
0244,screenshots/augmented/synthetic_bank_0244_lowres.png,English,Latin,low-resolution,"20:45
4G
Nova Mobile Banking
Secure transaction centre
FAILED
GBP 2,090.89
We could not complete this cash withdrawal.
Date & time
22 Sep 2024 • 17:10
Reference
NMB-2409-727912
Error code
IXB-104
Issue
Cash withdrawal failure
Get help
Back to activity"
0245,screenshots/synthetic_bank_0245.png,Singlish,Latin,clean,"14:45
4G
Nova Mobile Banking
Secure transaction centre
FAILED
LKR 1,552.75
Salli ganna transaction eka fail una.
Date & time
19 Mar 2026 • 03:06
Reference
NMB-2603-332048
Error code
MDZ-442
Issue
Cash withdrawal failure
Get help
Back to activity"
0245,screenshots/augmented/synthetic_bank_0245_blur.png,Singlish,Latin,blur,"14:45
4G
Nova Mobile Banking
Secure transaction centre
FAILED
LKR 1,552.75
Salli ganna transaction eka fail una.
Date & time
19 Mar 2026 • 03:06
Reference
NMB-2603-332048
Error code
MDZ-442
Issue
Cash withdrawal failure
Get help
Back to activity"
0245,screenshots/augmented/synthetic_bank_0245_rot.png,Singlish,Latin,rotation,"14:45
4G
Nova Mobile Banking
Secure transaction centre
FAILED
LKR 1,552.75
Salli ganna transaction eka fail una.
Date & time
19 Mar 2026 • 03:06
Reference
NMB-2603-332048
Error code
MDZ-442
Issue
Cash withdrawal failure
Get help
Back to activity"
0245,screenshots/augmented/synthetic_bank_0245_lowres.png,Singlish,Latin,low-resolution,"14:45
4G
Nova Mobile Banking
Secure transaction centre
FAILED
LKR 1,552.75
Salli ganna transaction eka fail una.
Date & time
19 Mar 2026 • 03:06
Reference
NMB-2603-332048
Error code
MDZ-442
Issue
Cash withdrawal failure
Get help
Back to activity"
0246,screenshots/synthetic_bank_0246.png,English,Latin,clean,"16:10
4G
Nova Mobile Banking
Secure transaction centre
FAILED
GBP 501.39
We could not complete this cash withdrawal.
Date & time
26 Jan 2025 • 03:52
Reference
NMB-2501-830067
Error code
CMQ-126
Issue
Cash withdrawal failure
Get help
Back to activity"
0246,screenshots/augmented/synthetic_bank_0246_blur.png,English,Latin,blur,"16:10
4G
Nova Mobile Banking
Secure transaction centre
FAILED
GBP 501.39
We could not complete this cash withdrawal.
Date & time
26 Jan 2025 • 03:52
Reference
NMB-2501-830067
Error code
CMQ-126
Issue
Cash withdrawal failure
Get help
Back to activity"
0246,screenshots/augmented/synthetic_bank_0246_rot.png,English,Latin,rotation,"16:10
4G
Nova Mobile Banking
Secure transaction centre
FAILED
GBP 501.39
We could not complete this cash withdrawal.
Date & time
26 Jan 2025 • 03:52
Reference
NMB-2501-830067
Error code
CMQ-126
Issue
Cash withdrawal failure
Get help
Back to activity"
0246,screenshots/augmented/synthetic_bank_0246_lowres.png,English,Latin,low-resolution,"16:10
4G
Nova Mobile Banking
Secure transaction centre
FAILED
GBP 501.39
We could not complete this cash withdrawal.
Date & time
26 Jan 2025 • 03:52
Reference
NMB-2501-830067
Error code
CMQ-126
Issue
Cash withdrawal failure
Get help
Back to activity"
0247,screenshots/synthetic_bank_0247.png,English,Latin,clean,"13:15
4G
Nova Mobile Banking
Secure transaction centre
PENDING
SGD 424.20
Your transfer is still being processed.
Date & time
11 Feb 2026 • 09:56
Reference
NMB-2602-985314
Error code
WIB-448
Issue
Transfer pending
Get help
Back to activity"
0247,screenshots/augmented/synthetic_bank_0247_blur.png,English,Latin,blur,"13:15
4G
Nova Mobile Banking
Secure transaction centre
PENDING
SGD 424.20
Your transfer is still being processed.
Date & time
11 Feb 2026 • 09:56
Reference
NMB-2602-985314
Error code
WIB-448
Issue
Transfer pending
Get help
Back to activity"
0247,screenshots/augmented/synthetic_bank_0247_rot.png,English,Latin,rotation,"13:15
4G
Nova Mobile Banking
Secure transaction centre
PENDING
SGD 424.20
Your transfer is still being processed.
Date & time
11 Feb 2026 • 09:56
Reference
NMB-2602-985314
Error code
WIB-448
Issue
Transfer pending
Get help
Back to activity"
0247,screenshots/augmented/synthetic_bank_0247_lowres.png,English,Latin,low-resolution,"13:15
4G
Nova Mobile Banking
Secure transaction centre
PENDING
SGD 424.20
Your transfer is still being processed.
Date & time
11 Feb 2026 • 09:56
Reference
NMB-2602-985314
Error code
WIB-448
Issue
Transfer pending
Get help
Back to activity"
0248,screenshots/synthetic_bank_0248.png,Tamil,Tamil,clean,"17:10
4G
Nova Mobile Banking
Secure transaction centre
REVIEW
USD 1,774.69
இந்தப் பரிவர்த்தனை இருமுறை காணப்படுகிறது.
Date & time
23 Apr 2024 • 13:35
Reference
NMB-2404-724759
Error code
AKI-409
Issue
Duplicate transaction
Get help
Back to activity"
0248,screenshots/augmented/synthetic_bank_0248_blur.png,Tamil,Tamil,blur,"17:10
4G
Nova Mobile Banking
Secure transaction centre
REVIEW
USD 1,774.69
இந்தப் பரிவர்த்தனை இருமுறை காணப்படுகிறது.
Date & time
23 Apr 2024 • 13:35
Reference
NMB-2404-724759
Error code
AKI-409
Issue
Duplicate transaction
Get help
Back to activity"
0248,screenshots/augmented/synthetic_bank_0248_rot.png,Tamil,Tamil,rotation,"17:10
4G
Nova Mobile Banking
Secure transaction centre
REVIEW
USD 1,774.69
இந்தப் பரிவர்த்தனை இருமுறை காணப்படுகிறது.
Date & time
23 Apr 2024 • 13:35
Reference
NMB-2404-724759
Error code
AKI-409
Issue
Duplicate transaction
Get help
Back to activity"
0248,screenshots/augmented/synthetic_bank_0248_lowres.png,Tamil,Tamil,low-resolution,"17:10
4G
Nova Mobile Banking
Secure transaction centre
REVIEW
USD 1,774.69
இந்தப் பரிவர்த்தனை இருமுறை காணப்படுகிறது.
Date & time
23 Apr 2024 • 13:35
Reference
NMB-2404-724759
Error code
AKI-409
Issue
Duplicate transaction
Get help
Back to activity"
0249,screenshots/synthetic_bank_0249.png,English,Latin,clean,"17:00
4G
Nova Mobile Banking
Secure transaction centre
WAITING
LKR 603.93
The verification code has not arrived.
Date & time
03 Feb 2024 • 00:36
Reference
NMB-2402-284897
Error code
FAA-457
Issue
OTP not received
Get help
Back to activity"
0249,screenshots/augmented/synthetic_bank_0249_blur.png,English,Latin,blur,"17:00
4G
Nova Mobile Banking
Secure transaction centre
WAITING
LKR 603.93
The verification code has not arrived.
Date & time
03 Feb 2024 • 00:36
Reference
NMB-2402-284897
Error code
FAA-457
Issue
OTP not received
Get help
Back to activity"
0249,screenshots/augmented/synthetic_bank_0249_rot.png,English,Latin,rotation,"17:00
4G
Nova Mobile Banking
Secure transaction centre
WAITING
LKR 603.93
The verification code has not arrived.
Date & time
03 Feb 2024 • 00:36
Reference
NMB-2402-284897
Error code
FAA-457
Issue
OTP not received
Get help
Back to activity"
0249,screenshots/augmented/synthetic_bank_0249_lowres.png,English,Latin,low-resolution,"17:00
4G
Nova Mobile Banking
Secure transaction centre
WAITING
LKR 603.93
The verification code has not arrived.
Date & time
03 Feb 2024 • 00:36
Reference
NMB-2402-284897
Error code
FAA-457
Issue
OTP not received
Get help
Back to activity"
0250,screenshots/synthetic_bank_0250.png,Sinhala,Sinhala,clean,"12:10
4G
Nova Mobile Banking
Secure transaction centre
REVIEW
USD 64.00
විනිමය අනුපාතය පරීක්ෂා කරන්න.
Date & time
22 Jul 2025 • 09:38
Reference
NMB-2507-844607
Error code
ECM-963
Issue
Wrong exchange rate
Get help
Back to activity"
0250,screenshots/augmented/synthetic_bank_0250_blur.png,Sinhala,Sinhala,blur,"12:10
4G
Nova Mobile Banking
Secure transaction centre
REVIEW
USD 64.00
විනිමය අනුපාතය පරීක්ෂා කරන්න.
Date & time
22 Jul 2025 • 09:38
Reference
NMB-2507-844607
Error code
ECM-963
Issue
Wrong exchange rate
Get help
Back to activity"
0250,screenshots/augmented/synthetic_bank_0250_rot.png,Sinhala,Sinhala,rotation,"12:10
4G
Nova Mobile Banking
Secure transaction centre
REVIEW
USD 64.00
විනිමය අනුපාතය පරීක්ෂා කරන්න.
Date & time
22 Jul 2025 • 09:38
Reference
NMB-2507-844607
Error code
ECM-963
Issue
Wrong exchange rate
Get help
Back to activity"
0250,screenshots/augmented/synthetic_bank_0250_lowres.png,Sinhala,Sinhala,low-resolution,"12:10
4G
Nova Mobile Banking
Secure transaction centre
REVIEW
USD 64.00
විනිමය අනුපාතය පරීක්ෂා කරන්න.
Date & time
22 Jul 2025 • 09:38
Reference
NMB-2507-844607
Error code
ECM-963
Issue
Wrong exchange rate
Get help
Back to activity"
0251,screenshots/synthetic_bank_0251.png,Mixed-language,Latin,clean,"13:10
4G
Nova Mobile Banking
Secure transaction centre
REVIEW
EUR 572.17
Transaction eka deparak penenawa. Transaction rendu murai kaatuthu.
Date & time
17 May 2024 • 06:00
Reference
NMB-2405-136140
Error code
CBP-942
Issue
Duplicate transaction
Get help
Back to activity"
0251,screenshots/augmented/synthetic_bank_0251_blur.png,Mixed-language,Latin,blur,"13:10
4G
Nova Mobile Banking
Secure transaction centre
REVIEW
EUR 572.17
Transaction eka deparak penenawa. Transaction rendu murai kaatuthu.
Date & time
17 May 2024 • 06:00
Reference
NMB-2405-136140
Error code
CBP-942
Issue
Duplicate transaction
Get help
Back to activity"
0251,screenshots/augmented/synthetic_bank_0251_rot.png,Mixed-language,Latin,rotation,"13:10
4G
Nova Mobile Banking
Secure transaction centre
REVIEW
EUR 572.17
Transaction eka deparak penenawa. Transaction rendu murai kaatuthu.
Date & time
17 May 2024 • 06:00
Reference
NMB-2405-136140
Error code
CBP-942
Issue
Duplicate transaction
Get help
Back to activity"
0251,screenshots/augmented/synthetic_bank_0251_lowres.png,Mixed-language,Latin,low-resolution,"13:10
4G
Nova Mobile Banking
Secure transaction centre
REVIEW
EUR 572.17
Transaction eka deparak penenawa. Transaction rendu murai kaatuthu.
Date & time
17 May 2024 • 06:00
Reference
NMB-2405-136140
Error code
CBP-942
Issue
Duplicate transaction
Get help
Back to activity"
0252,screenshots/synthetic_bank_0252.png,Tamil,Tamil,clean,"17:00
4G
Nova Mobile Banking
Secure transaction centre
REVIEW
SGD 1,375.76
பணம் எடுத்த கட்டணம் தவறாக இருக்கலாம்.
Date & time
16 Oct 2025 • 15:27
Reference
NMB-2510-443918
Error code
TRW-984
Issue
Cash withdrawal charged incorrectly
Get help
Back to activity"
0252,screenshots/augmented/synthetic_bank_0252_blur.png,Tamil,Tamil,blur,"17:00
4G
Nova Mobile Banking
Secure transaction centre
REVIEW
SGD 1,375.76
பணம் எடுத்த கட்டணம் தவறாக இருக்கலாம்.
Date & time
16 Oct 2025 • 15:27
Reference
NMB-2510-443918
Error code
TRW-984
Issue
Cash withdrawal charged incorrectly
Get help
Back to activity"
0252,screenshots/augmented/synthetic_bank_0252_rot.png,Tamil,Tamil,rotation,"17:00
4G
Nova Mobile Banking
Secure transaction centre
REVIEW
SGD 1,375.76
பணம் எடுத்த கட்டணம் தவறாக இருக்கலாம்.
Date & time
16 Oct 2025 • 15:27
Reference
NMB-2510-443918
Error code
TRW-984
Issue
Cash withdrawal charged incorrectly
Get help
Back to activity"
0252,screenshots/augmented/synthetic_bank_0252_lowres.png,Tamil,Tamil,low-resolution,"17:00
4G
Nova Mobile Banking
Secure transaction centre
REVIEW
SGD 1,375.76
பணம் எடுத்த கட்டணம் தவறாக இருக்கலாம்.
Date & time
16 Oct 2025 • 15:27
Reference
NMB-2510-443918
Error code
TRW-984
Issue
Cash withdrawal charged incorrectly
Get help
Back to activity"
0253,screenshots/synthetic_bank_0253.png,Singlish,Latin,clean,"16:05
4G
Nova Mobile Banking
Secure transaction centre
URGENT
EUR 500.11
Card eka horakam kala; danma freeze karanna.
Date & time
01 Apr 2025 • 17:46
Reference
NMB-2504-392963
Error code
BAV-767
Issue
Card stolen
Freeze card
Back to activity"
0253,screenshots/augmented/synthetic_bank_0253_blur.png,Singlish,Latin,blur,"16:05
4G
Nova Mobile Banking
Secure transaction centre
URGENT
EUR 500.11
Card eka horakam kala; danma freeze karanna.
Date & time
01 Apr 2025 • 17:46
Reference
NMB-2504-392963
Error code
BAV-767
Issue
Card stolen
Freeze card
Back to activity"
0253,screenshots/augmented/synthetic_bank_0253_rot.png,Singlish,Latin,rotation,"16:05
4G
Nova Mobile Banking
Secure transaction centre
URGENT
EUR 500.11
Card eka horakam kala; danma freeze karanna.
Date & time
01 Apr 2025 • 17:46
Reference
NMB-2504-392963
Error code
BAV-767
Issue
Card stolen
Freeze card
Back to activity"
0253,screenshots/augmented/synthetic_bank_0253_lowres.png,Singlish,Latin,low-resolution,"16:05
4G
Nova Mobile Banking
Secure transaction centre
URGENT
EUR 500.11
Card eka horakam kala; danma freeze karanna.
Date & time
01 Apr 2025 • 17:46
Reference
NMB-2504-392963
Error code
BAV-767
Issue
Card stolen
Freeze card
Back to activity"
0254,screenshots/synthetic_bank_0254.png,Singlish,Latin,clean,"10:45
4G
Nova Mobile Banking
Secure transaction centre
URGENT
USD 759.57
Card eka horakam kala; danma freeze karanna.
Date & time
22 Jul 2024 • 06:21
Reference
NMB-2407-372180
Error code
WAA-980
Issue
Card stolen
Freeze card
Back to activity"
0254,screenshots/augmented/synthetic_bank_0254_blur.png,Singlish,Latin,blur,"10:45
4G
Nova Mobile Banking
Secure transaction centre
URGENT
USD 759.57
Card eka horakam kala; danma freeze karanna.
Date & time
22 Jul 2024 • 06:21
Reference
NMB-2407-372180
Error code
WAA-980
Issue
Card stolen
Freeze card
Back to activity"
0254,screenshots/augmented/synthetic_bank_0254_rot.png,Singlish,Latin,rotation,"10:45
4G
Nova Mobile Banking
Secure transaction centre
URGENT
USD 759.57
Card eka horakam kala; danma freeze karanna.
Date & time
22 Jul 2024 • 06:21
Reference
NMB-2407-372180
Error code
WAA-980
Issue
Card stolen
Freeze card
Back to activity"
0254,screenshots/augmented/synthetic_bank_0254_lowres.png,Singlish,Latin,low-resolution,"10:45
4G
Nova Mobile Banking
Secure transaction centre
URGENT
USD 759.57
Card eka horakam kala; danma freeze karanna.
Date & time
22 Jul 2024 • 06:21
Reference
NMB-2407-372180
Error code
WAA-980
Issue
Card stolen
Freeze card
Back to activity"
0255,screenshots/synthetic_bank_0255.png,Sinhala,Sinhala,clean,"22:10
4G
Nova Mobile Banking
Secure transaction centre
DECLINED
EUR 1,782.26
ඔබගේ කාඩ් ගෙවීම ප්‍රතික්ෂේප විය.
Date & time
17 Jun 2025 • 03:59
Reference
NMB-2506-128009
Error code
NER-548
Issue
Card payment declined
Get help
Back to activity"
0255,screenshots/augmented/synthetic_bank_0255_blur.png,Sinhala,Sinhala,blur,"22:10
4G
Nova Mobile Banking
Secure transaction centre
DECLINED
EUR 1,782.26
ඔබගේ කාඩ් ගෙවීම ප්‍රතික්ෂේප විය.
Date & time
17 Jun 2025 • 03:59
Reference
NMB-2506-128009
Error code
NER-548
Issue
Card payment declined
Get help
Back to activity"
0255,screenshots/augmented/synthetic_bank_0255_rot.png,Sinhala,Sinhala,rotation,"22:10
4G
Nova Mobile Banking
Secure transaction centre
DECLINED
EUR 1,782.26
ඔබගේ කාඩ් ගෙවීම ප්‍රතික්ෂේප විය.
Date & time
17 Jun 2025 • 03:59
Reference
NMB-2506-128009
Error code
NER-548
Issue
Card payment declined
Get help
Back to activity"
0255,screenshots/augmented/synthetic_bank_0255_lowres.png,Sinhala,Sinhala,low-resolution,"22:10
4G
Nova Mobile Banking
Secure transaction centre
DECLINED
EUR 1,782.26
ඔබගේ කාඩ් ගෙවීම ප්‍රතික්ෂේප විය.
Date & time
17 Jun 2025 • 03:59
Reference
NMB-2506-128009
Error code
NER-548
Issue
Card payment declined
Get help
Back to activity"
0256,screenshots/synthetic_bank_0256.png,Singlish,Latin,clean,"08:45
4G
Nova Mobile Banking
Secure transaction centre
FAILED
GBP 35.20
Salli ganna transaction eka fail una.
Date & time
13 Jul 2025 • 09:27
Reference
NMB-2507-329331
Error code
CUJ-743
Issue
Cash withdrawal failure
Get help
Back to activity"
0256,screenshots/augmented/synthetic_bank_0256_blur.png,Singlish,Latin,blur,"08:45
4G
Nova Mobile Banking
Secure transaction centre
FAILED
GBP 35.20
Salli ganna transaction eka fail una.
Date & time
13 Jul 2025 • 09:27
Reference
NMB-2507-329331
Error code
CUJ-743
Issue
Cash withdrawal failure
Get help
Back to activity"
0256,screenshots/augmented/synthetic_bank_0256_rot.png,Singlish,Latin,rotation,"08:45
4G
Nova Mobile Banking
Secure transaction centre
FAILED
GBP 35.20
Salli ganna transaction eka fail una.
Date & time
13 Jul 2025 • 09:27
Reference
NMB-2507-329331
Error code
CUJ-743
Issue
Cash withdrawal failure
Get help
Back to activity"
0256,screenshots/augmented/synthetic_bank_0256_lowres.png,Singlish,Latin,low-resolution,"08:45
4G
Nova Mobile Banking
Secure transaction centre
FAILED
GBP 35.20
Salli ganna transaction eka fail una.
Date & time
13 Jul 2025 • 09:27
Reference
NMB-2507-329331
Error code
CUJ-743
Issue
Cash withdrawal failure
Get help
Back to activity"
0257,screenshots/synthetic_bank_0257.png,Tanglish,Latin,clean,"20:00
4G
Nova Mobile Banking
Secure transaction centre
FAILED
LKR 675.20
Account-la debit aachu, cash kidaikala.
Date & time
05 Nov 2025 • 09:24
Reference
NMB-2511-578848
Error code
WFU-811
Issue
Cash not received
Get help
Back to activity"
0257,screenshots/augmented/synthetic_bank_0257_blur.png,Tanglish,Latin,blur,"20:00
4G
Nova Mobile Banking
Secure transaction centre
FAILED
LKR 675.20
Account-la debit aachu, cash kidaikala.
Date & time
05 Nov 2025 • 09:24
Reference
NMB-2511-578848
Error code
WFU-811
Issue
Cash not received
Get help
Back to activity"
0257,screenshots/augmented/synthetic_bank_0257_rot.png,Tanglish,Latin,rotation,"20:00
4G
Nova Mobile Banking
Secure transaction centre
FAILED
LKR 675.20
Account-la debit aachu, cash kidaikala.
Date & time
05 Nov 2025 • 09:24
Reference
NMB-2511-578848
Error code
WFU-811
Issue
Cash not received
Get help
Back to activity"
0257,screenshots/augmented/synthetic_bank_0257_lowres.png,Tanglish,Latin,low-resolution,"20:00
4G
Nova Mobile Banking
Secure transaction centre
FAILED
LKR 675.20
Account-la debit aachu, cash kidaikala.
Date & time
05 Nov 2025 • 09:24
Reference
NMB-2511-578848
Error code
WFU-811
Issue
Cash not received
Get help
Back to activity"
0258,screenshots/synthetic_bank_0258.png,Mixed-language,Latin,clean,"15:30
4G
Nova Mobile Banking
Secure transaction centre
URGENT
LKR 2,229.82
Mama nodanna transaction ekak thiyenawa. Enakku theriyatha transaction irukku.
Date & time
30 Sep 2025 • 10:37
Reference
NMB-2509-770944
Error code
VOT-513
Issue
Unauthorized transaction
Secure account
Back to activity"
0258,screenshots/augmented/synthetic_bank_0258_blur.png,Mixed-language,Latin,blur,"15:30
4G
Nova Mobile Banking
Secure transaction centre
URGENT
LKR 2,229.82
Mama nodanna transaction ekak thiyenawa. Enakku theriyatha transaction irukku.
Date & time
30 Sep 2025 • 10:37
Reference
NMB-2509-770944
Error code
VOT-513
Issue
Unauthorized transaction
Secure account
Back to activity"
0258,screenshots/augmented/synthetic_bank_0258_rot.png,Mixed-language,Latin,rotation,"15:30
4G
Nova Mobile Banking
Secure transaction centre
URGENT
LKR 2,229.82
Mama nodanna transaction ekak thiyenawa. Enakku theriyatha transaction irukku.
Date & time
30 Sep 2025 • 10:37
Reference
NMB-2509-770944
Error code
VOT-513
Issue
Unauthorized transaction
Secure account
Back to activity"
0258,screenshots/augmented/synthetic_bank_0258_lowres.png,Mixed-language,Latin,low-resolution,"15:30
4G
Nova Mobile Banking
Secure transaction centre
URGENT
LKR 2,229.82
Mama nodanna transaction ekak thiyenawa. Enakku theriyatha transaction irukku.
Date & time
30 Sep 2025 • 10:37
Reference
NMB-2509-770944
Error code
VOT-513
Issue
Unauthorized transaction
Secure account
Back to activity"
0259,screenshots/synthetic_bank_0259.png,Sinhala,Sinhala,clean,"19:00
4G
Nova Mobile Banking
Secure transaction centre
FAILED
EUR 1,634.86
ගිණුමෙන් අඩු වූ නමුත් මුදල් ලැබුණේ නැත.
Date & time
16 May 2025 • 21:04
Reference
NMB-2505-432752
Error code
AOQ-560
Issue
Cash not received
Get help
Back to activity"
0259,screenshots/augmented/synthetic_bank_0259_blur.png,Sinhala,Sinhala,blur,"19:00
4G
Nova Mobile Banking
Secure transaction centre
FAILED
EUR 1,634.86
ගිණුමෙන් අඩු වූ නමුත් මුදල් ලැබුණේ නැත.
Date & time
16 May 2025 • 21:04
Reference
NMB-2505-432752
Error code
AOQ-560
Issue
Cash not received
Get help
Back to activity"
0259,screenshots/augmented/synthetic_bank_0259_rot.png,Sinhala,Sinhala,rotation,"19:00
4G
Nova Mobile Banking
Secure transaction centre
FAILED
EUR 1,634.86
ගිණුමෙන් අඩු වූ නමුත් මුදල් ලැබුණේ නැත.
Date & time
16 May 2025 • 21:04
Reference
NMB-2505-432752
Error code
AOQ-560
Issue
Cash not received
Get help
Back to activity"
0259,screenshots/augmented/synthetic_bank_0259_lowres.png,Sinhala,Sinhala,low-resolution,"19:00
4G
Nova Mobile Banking
Secure transaction centre
FAILED
EUR 1,634.86
ගිණුමෙන් අඩු වූ නමුත් මුදල් ලැබුණේ නැත.
Date & time
16 May 2025 • 21:04
Reference
NMB-2505-432752
Error code
AOQ-560
Issue
Cash not received
Get help
Back to activity"
0260,screenshots/synthetic_bank_0260.png,Mixed-language,Latin,clean,"14:00
4G
Nova Mobile Banking
Secure transaction centre
REVIEW
LKR 925.41
ATM charge eka waradi wage. ATM charge thappa irukku.
Date & time
22 Feb 2026 • 13:48
Reference
NMB-2602-909394
Error code
GMQ-804
Issue
Cash withdrawal charged incorrectly
Get help
Back to activity"
0260,screenshots/augmented/synthetic_bank_0260_blur.png,Mixed-language,Latin,blur,"14:00
4G
Nova Mobile Banking
Secure transaction centre
REVIEW
LKR 925.41
ATM charge eka waradi wage. ATM charge thappa irukku.
Date & time
22 Feb 2026 • 13:48
Reference
NMB-2602-909394
Error code
GMQ-804
Issue
Cash withdrawal charged incorrectly
Get help
Back to activity"
0260,screenshots/augmented/synthetic_bank_0260_rot.png,Mixed-language,Latin,rotation,"14:00
4G
Nova Mobile Banking
Secure transaction centre
REVIEW
LKR 925.41
ATM charge eka waradi wage. ATM charge thappa irukku.
Date & time
22 Feb 2026 • 13:48
Reference
NMB-2602-909394
Error code
GMQ-804
Issue
Cash withdrawal charged incorrectly
Get help
Back to activity"
0260,screenshots/augmented/synthetic_bank_0260_lowres.png,Mixed-language,Latin,low-resolution,"14:00
4G
Nova Mobile Banking
Secure transaction centre
REVIEW
LKR 925.41
ATM charge eka waradi wage. ATM charge thappa irukku.
Date & time
22 Feb 2026 • 13:48
Reference
NMB-2602-909394
Error code
GMQ-804
Issue
Cash withdrawal charged incorrectly
Get help
Back to activity"
0261,screenshots/synthetic_bank_0261.png,Tanglish,Latin,clean,"12:10
4G
Nova Mobile Banking
Secure transaction centre
REVIEW
GBP 1,256.93
Exchange rate sari illa pola.
Date & time
16 Jul 2025 • 02:59
Reference
NMB-2507-462558
Error code
KFQ-913
Issue
Wrong exchange rate
Get help
Back to activity"
0261,screenshots/augmented/synthetic_bank_0261_blur.png,Tanglish,Latin,blur,"12:10
4G
Nova Mobile Banking
Secure transaction centre
REVIEW
GBP 1,256.93
Exchange rate sari illa pola.
Date & time
16 Jul 2025 • 02:59
Reference
NMB-2507-462558
Error code
KFQ-913
Issue
Wrong exchange rate
Get help
Back to activity"
0261,screenshots/augmented/synthetic_bank_0261_rot.png,Tanglish,Latin,rotation,"12:10
4G
Nova Mobile Banking
Secure transaction centre
REVIEW
GBP 1,256.93
Exchange rate sari illa pola.
Date & time
16 Jul 2025 • 02:59
Reference
NMB-2507-462558
Error code
KFQ-913
Issue
Wrong exchange rate
Get help
Back to activity"
0261,screenshots/augmented/synthetic_bank_0261_lowres.png,Tanglish,Latin,low-resolution,"12:10
4G
Nova Mobile Banking
Secure transaction centre
REVIEW
GBP 1,256.93
Exchange rate sari illa pola.
Date & time
16 Jul 2025 • 02:59
Reference
NMB-2507-462558
Error code
KFQ-913
Issue
Wrong exchange rate
Get help
Back to activity"
0262,screenshots/synthetic_bank_0262.png,Mixed-language,Latin,clean,"19:30
4G
Nova Mobile Banking
Secure transaction centre
FAILED
GBP 1,926.48
Salli transfer eka complete une naha. Money transfer complete aagala.
Date & time
26 Feb 2026 • 14:23
Reference
NMB-2602-459444
Error code
GHJ-946
Issue
Transfer failed
Get help
Back to activity"
0262,screenshots/augmented/synthetic_bank_0262_blur.png,Mixed-language,Latin,blur,"19:30
4G
Nova Mobile Banking
Secure transaction centre
FAILED
GBP 1,926.48
Salli transfer eka complete une naha. Money transfer complete aagala.
Date & time
26 Feb 2026 • 14:23
Reference
NMB-2602-459444
Error code
GHJ-946
Issue
Transfer failed
Get help
Back to activity"
0262,screenshots/augmented/synthetic_bank_0262_rot.png,Mixed-language,Latin,rotation,"19:30
4G
Nova Mobile Banking
Secure transaction centre
FAILED
GBP 1,926.48
Salli transfer eka complete une naha. Money transfer complete aagala.
Date & time
26 Feb 2026 • 14:23
Reference
NMB-2602-459444
Error code
GHJ-946
Issue
Transfer failed
Get help
Back to activity"
0262,screenshots/augmented/synthetic_bank_0262_lowres.png,Mixed-language,Latin,low-resolution,"19:30
4G
Nova Mobile Banking
Secure transaction centre
FAILED
GBP 1,926.48
Salli transfer eka complete une naha. Money transfer complete aagala.
Date & time
26 Feb 2026 • 14:23
Reference
NMB-2602-459444
Error code
GHJ-946
Issue
Transfer failed
Get help
Back to activity"
0263,screenshots/synthetic_bank_0263.png,Tanglish,Latin,clean,"19:05
4G
Nova Mobile Banking
Secure transaction centre
PENDING
EUR 427.45
Refund innum pending-la irukku.
Date & time
31 Mar 2024 • 03:53
Reference
NMB-2403-590364
Error code
NBZ-863
Issue
Refund pending
Get help
Back to activity"
0263,screenshots/augmented/synthetic_bank_0263_blur.png,Tanglish,Latin,blur,"19:05
4G
Nova Mobile Banking
Secure transaction centre
PENDING
EUR 427.45
Refund innum pending-la irukku.
Date & time
31 Mar 2024 • 03:53
Reference
NMB-2403-590364
Error code
NBZ-863
Issue
Refund pending
Get help
Back to activity"
0263,screenshots/augmented/synthetic_bank_0263_rot.png,Tanglish,Latin,rotation,"19:05
4G
Nova Mobile Banking
Secure transaction centre
PENDING
EUR 427.45
Refund innum pending-la irukku.
Date & time
31 Mar 2024 • 03:53
Reference
NMB-2403-590364
Error code
NBZ-863
Issue
Refund pending
Get help
Back to activity"
0263,screenshots/augmented/synthetic_bank_0263_lowres.png,Tanglish,Latin,low-resolution,"19:05
4G
Nova Mobile Banking
Secure transaction centre
PENDING
EUR 427.45
Refund innum pending-la irukku.
Date & time
31 Mar 2024 • 03:53
Reference
NMB-2403-590364
Error code
NBZ-863
Issue
Refund pending
Get help
Back to activity"
0264,screenshots/synthetic_bank_0264.png,Mixed-language,Latin,clean,"16:00
4G
Nova Mobile Banking
Secure transaction centre
BLOCKED
LKR 1,628.43
Security nisa account eka block wela. Security-kaaga account block aayiduchu.
Date & time
10 Apr 2025 • 09:46
Reference
NMB-2504-242902
Error code
BFU-905
Issue
Account blocked
Get help
Back to activity"
0264,screenshots/augmented/synthetic_bank_0264_blur.png,Mixed-language,Latin,blur,"16:00
4G
Nova Mobile Banking
Secure transaction centre
BLOCKED
LKR 1,628.43
Security nisa account eka block wela. Security-kaaga account block aayiduchu.
Date & time
10 Apr 2025 • 09:46
Reference
NMB-2504-242902
Error code
BFU-905
Issue
Account blocked
Get help
Back to activity"
0264,screenshots/augmented/synthetic_bank_0264_rot.png,Mixed-language,Latin,rotation,"16:00
4G
Nova Mobile Banking
Secure transaction centre
BLOCKED
LKR 1,628.43
Security nisa account eka block wela. Security-kaaga account block aayiduchu.
Date & time
10 Apr 2025 • 09:46
Reference
NMB-2504-242902
Error code
BFU-905
Issue
Account blocked
Get help
Back to activity"
0264,screenshots/augmented/synthetic_bank_0264_lowres.png,Mixed-language,Latin,low-resolution,"16:00
4G
Nova Mobile Banking
Secure transaction centre
BLOCKED
LKR 1,628.43
Security nisa account eka block wela. Security-kaaga account block aayiduchu.
Date & time
10 Apr 2025 • 09:46
Reference
NMB-2504-242902
Error code
BFU-905
Issue
Account blocked
Get help
Back to activity"
0265,screenshots/synthetic_bank_0265.png,Singlish,Latin,clean,"14:10
4G
Nova Mobile Banking
Secure transaction centre
WAITING
EUR 122.45
OTP eka thawama awe naha.
Date & time
27 Jun 2025 • 23:09
Reference
NMB-2506-791153
Error code
HUS-996
Issue
OTP not received
Get help
Back to activity"
0265,screenshots/augmented/synthetic_bank_0265_blur.png,Singlish,Latin,blur,"14:10
4G
Nova Mobile Banking
Secure transaction centre
WAITING
EUR 122.45
OTP eka thawama awe naha.
Date & time
27 Jun 2025 • 23:09
Reference
NMB-2506-791153
Error code
HUS-996
Issue
OTP not received
Get help
Back to activity"
0265,screenshots/augmented/synthetic_bank_0265_rot.png,Singlish,Latin,rotation,"14:10
4G
Nova Mobile Banking
Secure transaction centre
WAITING
EUR 122.45
OTP eka thawama awe naha.
Date & time
27 Jun 2025 • 23:09
Reference
NMB-2506-791153
Error code
HUS-996
Issue
OTP not received
Get help
Back to activity"
0265,screenshots/augmented/synthetic_bank_0265_lowres.png,Singlish,Latin,low-resolution,"14:10
4G
Nova Mobile Banking
Secure transaction centre
WAITING
EUR 122.45
OTP eka thawama awe naha.
Date & time
27 Jun 2025 • 23:09
Reference
NMB-2506-791153
Error code
HUS-996
Issue
OTP not received
Get help
Back to activity"
0266,screenshots/synthetic_bank_0266.png,Mixed-language,Latin,clean,"13:15
4G
Nova Mobile Banking
Secure transaction centre
BLOCKED
LKR 2,383.66
Security nisa account eka block wela. Security-kaaga account block aayiduchu.
Date & time
13 Mar 2024 • 14:32
Reference
NMB-2403-446929
Error code
FOX-690
Issue
Account blocked
Get help
Back to activity"
0266,screenshots/augmented/synthetic_bank_0266_blur.png,Mixed-language,Latin,blur,"13:15
4G
Nova Mobile Banking
Secure transaction centre
BLOCKED
LKR 2,383.66
Security nisa account eka block wela. Security-kaaga account block aayiduchu.
Date & time
13 Mar 2024 • 14:32
Reference
NMB-2403-446929
Error code
FOX-690
Issue
Account blocked
Get help
Back to activity"
0266,screenshots/augmented/synthetic_bank_0266_rot.png,Mixed-language,Latin,rotation,"13:15
4G
Nova Mobile Banking
Secure transaction centre
BLOCKED
LKR 2,383.66
Security nisa account eka block wela. Security-kaaga account block aayiduchu.
Date & time
13 Mar 2024 • 14:32
Reference
NMB-2403-446929
Error code
FOX-690
Issue
Account blocked
Get help
Back to activity"
0266,screenshots/augmented/synthetic_bank_0266_lowres.png,Mixed-language,Latin,low-resolution,"13:15
4G
Nova Mobile Banking
Secure transaction centre
BLOCKED
LKR 2,383.66
Security nisa account eka block wela. Security-kaaga account block aayiduchu.
Date & time
13 Mar 2024 • 14:32
Reference
NMB-2403-446929
Error code
FOX-690
Issue
Account blocked
Get help
Back to activity"
0267,screenshots/synthetic_bank_0267.png,Sinhala,Sinhala,clean,"10:00
4G
Nova Mobile Banking
Secure transaction centre
FAILED
USD 2,196.53
ගිණුමෙන් අඩු වූ නමුත් මුදල් ලැබුණේ නැත.
Date & time
21 Mar 2026 • 00:11
Reference
NMB-2603-706064
Error code
ODQ-633
Issue
Cash not received
Get help
Back to activity"
0267,screenshots/augmented/synthetic_bank_0267_blur.png,Sinhala,Sinhala,blur,"10:00
4G
Nova Mobile Banking
Secure transaction centre
FAILED
USD 2,196.53
ගිණුමෙන් අඩු වූ නමුත් මුදල් ලැබුණේ නැත.
Date & time
21 Mar 2026 • 00:11
Reference
NMB-2603-706064
Error code
ODQ-633
Issue
Cash not received
Get help
Back to activity"
0267,screenshots/augmented/synthetic_bank_0267_rot.png,Sinhala,Sinhala,rotation,"10:00
4G
Nova Mobile Banking
Secure transaction centre
FAILED
USD 2,196.53
ගිණුමෙන් අඩු වූ නමුත් මුදල් ලැබුණේ නැත.
Date & time
21 Mar 2026 • 00:11
Reference
NMB-2603-706064
Error code
ODQ-633
Issue
Cash not received
Get help
Back to activity"
0267,screenshots/augmented/synthetic_bank_0267_lowres.png,Sinhala,Sinhala,low-resolution,"10:00
4G
Nova Mobile Banking
Secure transaction centre
FAILED
USD 2,196.53
ගිණුමෙන් අඩු වූ නමුත් මුදල් ලැබුණේ නැත.
Date & time
21 Mar 2026 • 00:11
Reference
NMB-2603-706064
Error code
ODQ-633
Issue
Cash not received
Get help
Back to activity"
0268,screenshots/synthetic_bank_0268.png,English,Latin,clean,"17:05
4G
Nova Mobile Banking
Secure transaction centre
PENDING
LKR 2,157.88
Your transfer is still being processed.
Date & time
27 Oct 2025 • 21:33
Reference
NMB-2510-774990
Error code
DWN-626
Issue
Transfer pending
Get help
Back to activity"
0268,screenshots/augmented/synthetic_bank_0268_blur.png,English,Latin,blur,"17:05
4G
Nova Mobile Banking
Secure transaction centre
PENDING
LKR 2,157.88
Your transfer is still being processed.
Date & time
27 Oct 2025 • 21:33
Reference
NMB-2510-774990
Error code
DWN-626
Issue
Transfer pending
Get help
Back to activity"
0268,screenshots/augmented/synthetic_bank_0268_rot.png,English,Latin,rotation,"17:05
4G
Nova Mobile Banking
Secure transaction centre
PENDING
LKR 2,157.88
Your transfer is still being processed.
Date & time
27 Oct 2025 • 21:33
Reference
NMB-2510-774990
Error code
DWN-626
Issue
Transfer pending
Get help
Back to activity"
0268,screenshots/augmented/synthetic_bank_0268_lowres.png,English,Latin,low-resolution,"17:05
4G
Nova Mobile Banking
Secure transaction centre
PENDING
LKR 2,157.88
Your transfer is still being processed.
Date & time
27 Oct 2025 • 21:33
Reference
NMB-2510-774990
Error code
DWN-626
Issue
Transfer pending
Get help
Back to activity"
0269,screenshots/synthetic_bank_0269.png,English,Latin,clean,"10:00
4G
Nova Mobile Banking
Secure transaction centre
URGENT
EUR 1,637.88
Freeze your stolen card immediately.
Date & time
10 Apr 2026 • 03:39
Reference
NMB-2604-729353
Error code
DAQ-166
Issue
Card stolen
Freeze card
Back to activity"
0269,screenshots/augmented/synthetic_bank_0269_blur.png,English,Latin,blur,"10:00
4G
Nova Mobile Banking
Secure transaction centre
URGENT
EUR 1,637.88
Freeze your stolen card immediately.
Date & time
10 Apr 2026 • 03:39
Reference
NMB-2604-729353
Error code
DAQ-166
Issue
Card stolen
Freeze card
Back to activity"
0269,screenshots/augmented/synthetic_bank_0269_rot.png,English,Latin,rotation,"10:00
4G
Nova Mobile Banking
Secure transaction centre
URGENT
EUR 1,637.88
Freeze your stolen card immediately.
Date & time
10 Apr 2026 • 03:39
Reference
NMB-2604-729353
Error code
DAQ-166
Issue
Card stolen
Freeze card
Back to activity"
0269,screenshots/augmented/synthetic_bank_0269_lowres.png,English,Latin,low-resolution,"10:00
4G
Nova Mobile Banking
Secure transaction centre
URGENT
EUR 1,637.88
Freeze your stolen card immediately.
Date & time
10 Apr 2026 • 03:39
Reference
NMB-2604-729353
Error code
DAQ-166
Issue
Card stolen
Freeze card
Back to activity"
0270,screenshots/synthetic_bank_0270.png,Singlish,Latin,clean,"16:45
4G
Nova Mobile Banking
Secure transaction centre
FAILED
GBP 2,130.45
Salli ganna transaction eka fail una.
Date & time
15 Feb 2025 • 08:35
Reference
NMB-2502-517309
Error code
SCC-782
Issue
Cash withdrawal failure
Get help
Back to activity"
0270,screenshots/augmented/synthetic_bank_0270_blur.png,Singlish,Latin,blur,"16:45
4G
Nova Mobile Banking
Secure transaction centre
FAILED
GBP 2,130.45
Salli ganna transaction eka fail una.
Date & time
15 Feb 2025 • 08:35
Reference
NMB-2502-517309
Error code
SCC-782
Issue
Cash withdrawal failure
Get help
Back to activity"
0270,screenshots/augmented/synthetic_bank_0270_rot.png,Singlish,Latin,rotation,"16:45
4G
Nova Mobile Banking
Secure transaction centre
FAILED
GBP 2,130.45
Salli ganna transaction eka fail una.
Date & time
15 Feb 2025 • 08:35
Reference
NMB-2502-517309
Error code
SCC-782
Issue
Cash withdrawal failure
Get help
Back to activity"
0270,screenshots/augmented/synthetic_bank_0270_lowres.png,Singlish,Latin,low-resolution,"16:45
4G
Nova Mobile Banking
Secure transaction centre
FAILED
GBP 2,130.45
Salli ganna transaction eka fail una.
Date & time
15 Feb 2025 • 08:35
Reference
NMB-2502-517309
Error code
SCC-782
Issue
Cash withdrawal failure
Get help
Back to activity"
0271,screenshots/synthetic_bank_0271.png,Singlish,Latin,clean,"12:10
4G
Nova Mobile Banking
Secure transaction centre
WAITING
GBP 1,535.41
OTP eka thawama awe naha.
Date & time
18 May 2024 • 16:51
Reference
NMB-2405-670729
Error code
LGZ-437
Issue
OTP not received
Get help
Back to activity"
0271,screenshots/augmented/synthetic_bank_0271_blur.png,Singlish,Latin,blur,"12:10
4G
Nova Mobile Banking
Secure transaction centre
WAITING
GBP 1,535.41
OTP eka thawama awe naha.
Date & time
18 May 2024 • 16:51
Reference
NMB-2405-670729
Error code
LGZ-437
Issue
OTP not received
Get help
Back to activity"
0271,screenshots/augmented/synthetic_bank_0271_rot.png,Singlish,Latin,rotation,"12:10
4G
Nova Mobile Banking
Secure transaction centre
WAITING
GBP 1,535.41
OTP eka thawama awe naha.
Date & time
18 May 2024 • 16:51
Reference
NMB-2405-670729
Error code
LGZ-437
Issue
OTP not received
Get help
Back to activity"
0271,screenshots/augmented/synthetic_bank_0271_lowres.png,Singlish,Latin,low-resolution,"12:10
4G
Nova Mobile Banking
Secure transaction centre
WAITING
GBP 1,535.41
OTP eka thawama awe naha.
Date & time
18 May 2024 • 16:51
Reference
NMB-2405-670729
Error code
LGZ-437
Issue
OTP not received
Get help
Back to activity"
0272,screenshots/synthetic_bank_0272.png,English,Latin,clean,"16:45
4G
Nova Mobile Banking
Secure transaction centre
FAILED
SGD 771.88
The new beneficiary could not be added.
Date & time
13 Jun 2025 • 10:48
Reference
NMB-2506-508634
Error code
OWQ-366
Issue
Beneficiary not added
Get help
Back to activity"
0272,screenshots/augmented/synthetic_bank_0272_blur.png,English,Latin,blur,"16:45
4G
Nova Mobile Banking
Secure transaction centre
FAILED
SGD 771.88
The new beneficiary could not be added.
Date & time
13 Jun 2025 • 10:48
Reference
NMB-2506-508634
Error code
OWQ-366
Issue
Beneficiary not added
Get help
Back to activity"
0272,screenshots/augmented/synthetic_bank_0272_rot.png,English,Latin,rotation,"16:45
4G
Nova Mobile Banking
Secure transaction centre
FAILED
SGD 771.88
The new beneficiary could not be added.
Date & time
13 Jun 2025 • 10:48
Reference
NMB-2506-508634
Error code
OWQ-366
Issue
Beneficiary not added
Get help
Back to activity"
0272,screenshots/augmented/synthetic_bank_0272_lowres.png,English,Latin,low-resolution,"16:45
4G
Nova Mobile Banking
Secure transaction centre
FAILED
SGD 771.88
The new beneficiary could not be added.
Date & time
13 Jun 2025 • 10:48
Reference
NMB-2506-508634
Error code
OWQ-366
Issue
Beneficiary not added
Get help
Back to activity"
0273,screenshots/synthetic_bank_0273.png,Sinhala,Sinhala,clean,"20:15
4G
Nova Mobile Banking
Secure transaction centre
DECLINED
USD 1,454.79
ඔබගේ කාඩ් ගෙවීම ප්‍රතික්ෂේප විය.
Date & time
11 Dec 2025 • 02:52
Reference
NMB-2512-325885
Error code
AFF-817
Issue
Card payment declined
Get help
Back to activity"
0273,screenshots/augmented/synthetic_bank_0273_blur.png,Sinhala,Sinhala,blur,"20:15
4G
Nova Mobile Banking
Secure transaction centre
DECLINED
USD 1,454.79
ඔබගේ කාඩ් ගෙවීම ප්‍රතික්ෂේප විය.
Date & time
11 Dec 2025 • 02:52
Reference
NMB-2512-325885
Error code
AFF-817
Issue
Card payment declined
Get help
Back to activity"
0273,screenshots/augmented/synthetic_bank_0273_rot.png,Sinhala,Sinhala,rotation,"20:15
4G
Nova Mobile Banking
Secure transaction centre
DECLINED
USD 1,454.79
ඔබගේ කාඩ් ගෙවීම ප්‍රතික්ෂේප විය.
Date & time
11 Dec 2025 • 02:52
Reference
NMB-2512-325885
Error code
AFF-817
Issue
Card payment declined
Get help
Back to activity"
0273,screenshots/augmented/synthetic_bank_0273_lowres.png,Sinhala,Sinhala,low-resolution,"20:15
4G
Nova Mobile Banking
Secure transaction centre
DECLINED
USD 1,454.79
ඔබගේ කාඩ් ගෙවීම ප්‍රතික්ෂේප විය.
Date & time
11 Dec 2025 • 02:52
Reference
NMB-2512-325885
Error code
AFF-817
Issue
Card payment declined
Get help
Back to activity"
0274,screenshots/synthetic_bank_0274.png,Mixed-language,Latin,clean,"21:30
4G
Nova Mobile Banking
Secure transaction centre
REVIEW
LKR 1,320.67
ATM charge eka waradi wage. ATM charge thappa irukku.
Date & time
23 Sep 2024 • 03:23
Reference
NMB-2409-319442
Error code
VMO-249
Issue
Cash withdrawal charged incorrectly
Get help
Back to activity"
0274,screenshots/augmented/synthetic_bank_0274_blur.png,Mixed-language,Latin,blur,"21:30
4G
Nova Mobile Banking
Secure transaction centre
REVIEW
LKR 1,320.67
ATM charge eka waradi wage. ATM charge thappa irukku.
Date & time
23 Sep 2024 • 03:23
Reference
NMB-2409-319442
Error code
VMO-249
Issue
Cash withdrawal charged incorrectly
Get help
Back to activity"
0274,screenshots/augmented/synthetic_bank_0274_rot.png,Mixed-language,Latin,rotation,"21:30
4G
Nova Mobile Banking
Secure transaction centre
REVIEW
LKR 1,320.67
ATM charge eka waradi wage. ATM charge thappa irukku.
Date & time
23 Sep 2024 • 03:23
Reference
NMB-2409-319442
Error code
VMO-249
Issue
Cash withdrawal charged incorrectly
Get help
Back to activity"
0274,screenshots/augmented/synthetic_bank_0274_lowres.png,Mixed-language,Latin,low-resolution,"21:30
4G
Nova Mobile Banking
Secure transaction centre
REVIEW
LKR 1,320.67
ATM charge eka waradi wage. ATM charge thappa irukku.
Date & time
23 Sep 2024 • 03:23
Reference
NMB-2409-319442
Error code
VMO-249
Issue
Cash withdrawal charged incorrectly
Get help
Back to activity"
0275,screenshots/synthetic_bank_0275.png,English,Latin,clean,"11:10
4G
Nova Mobile Banking
Secure transaction centre
URGENT
EUR 2,208.47
Freeze your stolen card immediately.
Date & time
03 Aug 2025 • 21:30
Reference
NMB-2508-495029
Error code
WMJ-258
Issue
Card stolen
Freeze card
Back to activity"
0275,screenshots/augmented/synthetic_bank_0275_blur.png,English,Latin,blur,"11:10
4G
Nova Mobile Banking
Secure transaction centre
URGENT
EUR 2,208.47
Freeze your stolen card immediately.
Date & time
03 Aug 2025 • 21:30
Reference
NMB-2508-495029
Error code
WMJ-258
Issue
Card stolen
Freeze card
Back to activity"
0275,screenshots/augmented/synthetic_bank_0275_rot.png,English,Latin,rotation,"11:10
4G
Nova Mobile Banking
Secure transaction centre
URGENT
EUR 2,208.47
Freeze your stolen card immediately.
Date & time
03 Aug 2025 • 21:30
Reference
NMB-2508-495029
Error code
WMJ-258
Issue
Card stolen
Freeze card
Back to activity"
0275,screenshots/augmented/synthetic_bank_0275_lowres.png,English,Latin,low-resolution,"11:10
4G
Nova Mobile Banking
Secure transaction centre
URGENT
EUR 2,208.47
Freeze your stolen card immediately.
Date & time
03 Aug 2025 • 21:30
Reference
NMB-2508-495029
Error code
WMJ-258
Issue
Card stolen
Freeze card
Back to activity"
0276,screenshots/synthetic_bank_0276.png,Sinhala,Sinhala,clean,"16:15
4G
Nova Mobile Banking
Secure transaction centre
REVIEW
USD 1,230.56
විනිමය අනුපාතය පරීක්ෂා කරන්න.
Date & time
22 Sep 2025 • 03:42
Reference
NMB-2509-195170
Error code
VQY-284
Issue
Wrong exchange rate
Get help
Back to activity"
0276,screenshots/augmented/synthetic_bank_0276_blur.png,Sinhala,Sinhala,blur,"16:15
4G
Nova Mobile Banking
Secure transaction centre
REVIEW
USD 1,230.56
විනිමය අනුපාතය පරීක්ෂා කරන්න.
Date & time
22 Sep 2025 • 03:42
Reference
NMB-2509-195170
Error code
VQY-284
Issue
Wrong exchange rate
Get help
Back to activity"
0276,screenshots/augmented/synthetic_bank_0276_rot.png,Sinhala,Sinhala,rotation,"16:15
4G
Nova Mobile Banking
Secure transaction centre
REVIEW
USD 1,230.56
විනිමය අනුපාතය පරීක්ෂා කරන්න.
Date & time
22 Sep 2025 • 03:42
Reference
NMB-2509-195170
Error code
VQY-284
Issue
Wrong exchange rate
Get help
Back to activity"
0276,screenshots/augmented/synthetic_bank_0276_lowres.png,Sinhala,Sinhala,low-resolution,"16:15
4G
Nova Mobile Banking
Secure transaction centre
REVIEW
USD 1,230.56
විනිමය අනුපාතය පරීක්ෂා කරන්න.
Date & time
22 Sep 2025 • 03:42
Reference
NMB-2509-195170
Error code
VQY-284
Issue
Wrong exchange rate
Get help
Back to activity"
0277,screenshots/synthetic_bank_0277.png,Singlish,Latin,clean,"12:10
4G
Nova Mobile Banking
Secure transaction centre
FAILED
USD 1,309.12
Beneficiary add karanna bari una.
Date & time
07 Jun 2026 • 16:39
Reference
NMB-2606-214144
Error code
EDU-959
Issue
Beneficiary not added
Get help
Back to activity"
0277,screenshots/augmented/synthetic_bank_0277_blur.png,Singlish,Latin,blur,"12:10
4G
Nova Mobile Banking
Secure transaction centre
FAILED
USD 1,309.12
Beneficiary add karanna bari una.
Date & time
07 Jun 2026 • 16:39
Reference
NMB-2606-214144
Error code
EDU-959
Issue
Beneficiary not added
Get help
Back to activity"
0277,screenshots/augmented/synthetic_bank_0277_rot.png,Singlish,Latin,rotation,"12:10
4G
Nova Mobile Banking
Secure transaction centre
FAILED
USD 1,309.12
Beneficiary add karanna bari una.
Date & time
07 Jun 2026 • 16:39
Reference
NMB-2606-214144
Error code
EDU-959
Issue
Beneficiary not added
Get help
Back to activity"
0277,screenshots/augmented/synthetic_bank_0277_lowres.png,Singlish,Latin,low-resolution,"12:10
4G
Nova Mobile Banking
Secure transaction centre
FAILED
USD 1,309.12
Beneficiary add karanna bari una.
Date & time
07 Jun 2026 • 16:39
Reference
NMB-2606-214144
Error code
EDU-959
Issue
Beneficiary not added
Get help
Back to activity"
0278,screenshots/synthetic_bank_0278.png,English,Latin,clean,"15:30
4G
Nova Mobile Banking
Secure transaction centre
WAITING
GBP 993.98
The verification code has not arrived.
Date & time
23 Mar 2026 • 05:41
Reference
NMB-2603-636310
Error code
HGR-704
Issue
OTP not received
Get help
Back to activity"
0278,screenshots/augmented/synthetic_bank_0278_blur.png,English,Latin,blur,"15:30
4G
Nova Mobile Banking
Secure transaction centre
WAITING
GBP 993.98
The verification code has not arrived.
Date & time
23 Mar 2026 • 05:41
Reference
NMB-2603-636310
Error code
HGR-704
Issue
OTP not received
Get help
Back to activity"
0278,screenshots/augmented/synthetic_bank_0278_rot.png,English,Latin,rotation,"15:30
4G
Nova Mobile Banking
Secure transaction centre
WAITING
GBP 993.98
The verification code has not arrived.
Date & time
23 Mar 2026 • 05:41
Reference
NMB-2603-636310
Error code
HGR-704
Issue
OTP not received
Get help
Back to activity"
0278,screenshots/augmented/synthetic_bank_0278_lowres.png,English,Latin,low-resolution,"15:30
4G
Nova Mobile Banking
Secure transaction centre
WAITING
GBP 993.98
The verification code has not arrived.
Date & time
23 Mar 2026 • 05:41
Reference
NMB-2603-636310
Error code
HGR-704
Issue
OTP not received
Get help
Back to activity"
0279,screenshots/synthetic_bank_0279.png,Sinhala,Sinhala,clean,"19:10
4G
Nova Mobile Banking
Secure transaction centre
DECLINED
USD 517.95
ඔබගේ කාඩ් ගෙවීම ප්‍රතික්ෂේප විය.
Date & time
24 May 2024 • 03:17
Reference
NMB-2405-215628
Error code
JNN-437
Issue
Card payment declined
Get help
Back to activity"
0279,screenshots/augmented/synthetic_bank_0279_blur.png,Sinhala,Sinhala,blur,"19:10
4G
Nova Mobile Banking
Secure transaction centre
DECLINED
USD 517.95
ඔබගේ කාඩ් ගෙවීම ප්‍රතික්ෂේප විය.
Date & time
24 May 2024 • 03:17
Reference
NMB-2405-215628
Error code
JNN-437
Issue
Card payment declined
Get help
Back to activity"
0279,screenshots/augmented/synthetic_bank_0279_rot.png,Sinhala,Sinhala,rotation,"19:10
4G
Nova Mobile Banking
Secure transaction centre
DECLINED
USD 517.95
ඔබගේ කාඩ් ගෙවීම ප්‍රතික්ෂේප විය.
Date & time
24 May 2024 • 03:17
Reference
NMB-2405-215628
Error code
JNN-437
Issue
Card payment declined
Get help
Back to activity"
0279,screenshots/augmented/synthetic_bank_0279_lowres.png,Sinhala,Sinhala,low-resolution,"19:10
4G
Nova Mobile Banking
Secure transaction centre
DECLINED
USD 517.95
ඔබගේ කාඩ් ගෙවීම ප්‍රතික්ෂේප විය.
Date & time
24 May 2024 • 03:17
Reference
NMB-2405-215628
Error code
JNN-437
Issue
Card payment declined
Get help
Back to activity"
0280,screenshots/synthetic_bank_0280.png,Tanglish,Latin,clean,"20:30
4G
Nova Mobile Banking
Secure transaction centre
PENDING
USD 1,831.87
Refund innum pending-la irukku.
Date & time
25 Jul 2024 • 16:45
Reference
NMB-2407-232861
Error code
QBS-266
Issue
Refund pending
Get help
Back to activity"
0280,screenshots/augmented/synthetic_bank_0280_blur.png,Tanglish,Latin,blur,"20:30
4G
Nova Mobile Banking
Secure transaction centre
PENDING
USD 1,831.87
Refund innum pending-la irukku.
Date & time
25 Jul 2024 • 16:45
Reference
NMB-2407-232861
Error code
QBS-266
Issue
Refund pending
Get help
Back to activity"
0280,screenshots/augmented/synthetic_bank_0280_rot.png,Tanglish,Latin,rotation,"20:30
4G
Nova Mobile Banking
Secure transaction centre
PENDING
USD 1,831.87
Refund innum pending-la irukku.
Date & time
25 Jul 2024 • 16:45
Reference
NMB-2407-232861
Error code
QBS-266
Issue
Refund pending
Get help
Back to activity"
0280,screenshots/augmented/synthetic_bank_0280_lowres.png,Tanglish,Latin,low-resolution,"20:30
4G
Nova Mobile Banking
Secure transaction centre
PENDING
USD 1,831.87
Refund innum pending-la irukku.
Date & time
25 Jul 2024 • 16:45
Reference
NMB-2407-232861
Error code
QBS-266
Issue
Refund pending
Get help
Back to activity"
0281,screenshots/synthetic_bank_0281.png,Singlish,Latin,clean,"11:00
4G
Nova Mobile Banking
Secure transaction centre
WAITING
EUR 678.05
OTP eka thawama awe naha.
Date & time
17 Nov 2024 • 14:32
Reference
NMB-2411-653767
Error code
MLQ-982
Issue
OTP not received
Get help
Back to activity"
0281,screenshots/augmented/synthetic_bank_0281_blur.png,Singlish,Latin,blur,"11:00
4G
Nova Mobile Banking
Secure transaction centre
WAITING
EUR 678.05
OTP eka thawama awe naha.
Date & time
17 Nov 2024 • 14:32
Reference
NMB-2411-653767
Error code
MLQ-982
Issue
OTP not received
Get help
Back to activity"
0281,screenshots/augmented/synthetic_bank_0281_rot.png,Singlish,Latin,rotation,"11:00
4G
Nova Mobile Banking
Secure transaction centre
WAITING
EUR 678.05
OTP eka thawama awe naha.
Date & time
17 Nov 2024 • 14:32
Reference
NMB-2411-653767
Error code
MLQ-982
Issue
OTP not received
Get help
Back to activity"
0281,screenshots/augmented/synthetic_bank_0281_lowres.png,Singlish,Latin,low-resolution,"11:00
4G
Nova Mobile Banking
Secure transaction centre
WAITING
EUR 678.05
OTP eka thawama awe naha.
Date & time
17 Nov 2024 • 14:32
Reference
NMB-2411-653767
Error code
MLQ-982
Issue
OTP not received
Get help
Back to activity"
0282,screenshots/synthetic_bank_0282.png,Singlish,Latin,clean,"09:10
4G
Nova Mobile Banking
Secure transaction centre
PENDING
SGD 114.30
Transfer eka thawama process wenawa.
Date & time
17 Jul 2025 • 16:05
Reference
NMB-2507-394852
Error code
UWF-454
Issue
Transfer pending
Get help
Back to activity"
0282,screenshots/augmented/synthetic_bank_0282_blur.png,Singlish,Latin,blur,"09:10
4G
Nova Mobile Banking
Secure transaction centre
PENDING
SGD 114.30
Transfer eka thawama process wenawa.
Date & time
17 Jul 2025 • 16:05
Reference
NMB-2507-394852
Error code
UWF-454
Issue
Transfer pending
Get help
Back to activity"
0282,screenshots/augmented/synthetic_bank_0282_rot.png,Singlish,Latin,rotation,"09:10
4G
Nova Mobile Banking
Secure transaction centre
PENDING
SGD 114.30
Transfer eka thawama process wenawa.
Date & time
17 Jul 2025 • 16:05
Reference
NMB-2507-394852
Error code
UWF-454
Issue
Transfer pending
Get help
Back to activity"
0282,screenshots/augmented/synthetic_bank_0282_lowres.png,Singlish,Latin,low-resolution,"09:10
4G
Nova Mobile Banking
Secure transaction centre
PENDING
SGD 114.30
Transfer eka thawama process wenawa.
Date & time
17 Jul 2025 • 16:05
Reference
NMB-2507-394852
Error code
UWF-454
Issue
Transfer pending
Get help
Back to activity"
0283,screenshots/synthetic_bank_0283.png,Singlish,Latin,clean,"16:15
4G
Nova Mobile Banking
Secure transaction centre
WAITING
LKR 399.43
OTP eka thawama awe naha.
Date & time
08 Apr 2025 • 04:34
Reference
NMB-2504-770552
Error code
EQO-497
Issue
OTP not received
Get help
Back to activity"
0283,screenshots/augmented/synthetic_bank_0283_blur.png,Singlish,Latin,blur,"16:15
4G
Nova Mobile Banking
Secure transaction centre
WAITING
LKR 399.43
OTP eka thawama awe naha.
Date & time
08 Apr 2025 • 04:34
Reference
NMB-2504-770552
Error code
EQO-497
Issue
OTP not received
Get help
Back to activity"
0283,screenshots/augmented/synthetic_bank_0283_rot.png,Singlish,Latin,rotation,"16:15
4G
Nova Mobile Banking
Secure transaction centre
WAITING
LKR 399.43
OTP eka thawama awe naha.
Date & time
08 Apr 2025 • 04:34
Reference
NMB-2504-770552
Error code
EQO-497
Issue
OTP not received
Get help
Back to activity"
0283,screenshots/augmented/synthetic_bank_0283_lowres.png,Singlish,Latin,low-resolution,"16:15
4G
Nova Mobile Banking
Secure transaction centre
WAITING
LKR 399.43
OTP eka thawama awe naha.
Date & time
08 Apr 2025 • 04:34
Reference
NMB-2504-770552
Error code
EQO-497
Issue
OTP not received
Get help
Back to activity"
0284,screenshots/synthetic_bank_0284.png,Singlish,Latin,clean,"19:00
4G
Nova Mobile Banking
Secure transaction centre
PENDING
USD 1,990.30
Transfer eka thawama process wenawa.
Date & time
26 May 2025 • 17:33
Reference
NMB-2505-758061
Error code
OOC-541
Issue
Transfer pending
Get help
Back to activity"
0284,screenshots/augmented/synthetic_bank_0284_blur.png,Singlish,Latin,blur,"19:00
4G
Nova Mobile Banking
Secure transaction centre
PENDING
USD 1,990.30
Transfer eka thawama process wenawa.
Date & time
26 May 2025 • 17:33
Reference
NMB-2505-758061
Error code
OOC-541
Issue
Transfer pending
Get help
Back to activity"
0284,screenshots/augmented/synthetic_bank_0284_rot.png,Singlish,Latin,rotation,"19:00
4G
Nova Mobile Banking
Secure transaction centre
PENDING
USD 1,990.30
Transfer eka thawama process wenawa.
Date & time
26 May 2025 • 17:33
Reference
NMB-2505-758061
Error code
OOC-541
Issue
Transfer pending
Get help
Back to activity"
0284,screenshots/augmented/synthetic_bank_0284_lowres.png,Singlish,Latin,low-resolution,"19:00
4G
Nova Mobile Banking
Secure transaction centre
PENDING
USD 1,990.30
Transfer eka thawama process wenawa.
Date & time
26 May 2025 • 17:33
Reference
NMB-2505-758061
Error code
OOC-541
Issue
Transfer pending
Get help
Back to activity"
0285,screenshots/synthetic_bank_0285.png,Mixed-language,Latin,clean,"08:00
4G
Nova Mobile Banking
Secure transaction centre
BLOCKED
LKR 2,262.82
Security nisa account eka block wela. Security-kaaga account block aayiduchu.
Date & time
13 Mar 2024 • 10:41
Reference
NMB-2403-887212
Error code
LJZ-464
Issue
Account blocked
Get help
Back to activity"
0285,screenshots/augmented/synthetic_bank_0285_blur.png,Mixed-language,Latin,blur,"08:00
4G
Nova Mobile Banking
Secure transaction centre
BLOCKED
LKR 2,262.82
Security nisa account eka block wela. Security-kaaga account block aayiduchu.
Date & time
13 Mar 2024 • 10:41
Reference
NMB-2403-887212
Error code
LJZ-464
Issue
Account blocked
Get help
Back to activity"
0285,screenshots/augmented/synthetic_bank_0285_rot.png,Mixed-language,Latin,rotation,"08:00
4G
Nova Mobile Banking
Secure transaction centre
BLOCKED
LKR 2,262.82
Security nisa account eka block wela. Security-kaaga account block aayiduchu.
Date & time
13 Mar 2024 • 10:41
Reference
NMB-2403-887212
Error code
LJZ-464
Issue
Account blocked
Get help
Back to activity"
0285,screenshots/augmented/synthetic_bank_0285_lowres.png,Mixed-language,Latin,low-resolution,"08:00
4G
Nova Mobile Banking
Secure transaction centre
BLOCKED
LKR 2,262.82
Security nisa account eka block wela. Security-kaaga account block aayiduchu.
Date & time
13 Mar 2024 • 10:41
Reference
NMB-2403-887212
Error code
LJZ-464
Issue
Account blocked
Get help
Back to activity"
0286,screenshots/synthetic_bank_0286.png,Sinhala,Sinhala,clean,"18:00
4G
Nova Mobile Banking
Secure transaction centre
FAILED
GBP 415.37
ගිණුමෙන් අඩු වූ නමුත් මුදල් ලැබුණේ නැත.
Date & time
11 Oct 2024 • 08:53
Reference
NMB-2410-337460
Error code
KYT-987
Issue
Cash not received
Get help
Back to activity"
0286,screenshots/augmented/synthetic_bank_0286_blur.png,Sinhala,Sinhala,blur,"18:00
4G
Nova Mobile Banking
Secure transaction centre
FAILED
GBP 415.37
ගිණුමෙන් අඩු වූ නමුත් මුදල් ලැබුණේ නැත.
Date & time
11 Oct 2024 • 08:53
Reference
NMB-2410-337460
Error code
KYT-987
Issue
Cash not received
Get help
Back to activity"
0286,screenshots/augmented/synthetic_bank_0286_rot.png,Sinhala,Sinhala,rotation,"18:00
4G
Nova Mobile Banking
Secure transaction centre
FAILED
GBP 415.37
ගිණුමෙන් අඩු වූ නමුත් මුදල් ලැබුණේ නැත.
Date & time
11 Oct 2024 • 08:53
Reference
NMB-2410-337460
Error code
KYT-987
Issue
Cash not received
Get help
Back to activity"
0286,screenshots/augmented/synthetic_bank_0286_lowres.png,Sinhala,Sinhala,low-resolution,"18:00
4G
Nova Mobile Banking
Secure transaction centre
FAILED
GBP 415.37
ගිණුමෙන් අඩු වූ නමුත් මුදල් ලැබුණේ නැත.
Date & time
11 Oct 2024 • 08:53
Reference
NMB-2410-337460
Error code
KYT-987
Issue
Cash not received
Get help
Back to activity"
0287,screenshots/synthetic_bank_0287.png,Tanglish,Latin,clean,"14:15
4G
Nova Mobile Banking
Secure transaction centre
PENDING
GBP 1,465.08
Balance innum update aagala.
Date & time
23 Apr 2026 • 07:05
Reference
NMB-2604-495189
Error code
TGE-180
Issue
Balance not updated
Get help
Back to activity"
0287,screenshots/augmented/synthetic_bank_0287_blur.png,Tanglish,Latin,blur,"14:15
4G
Nova Mobile Banking
Secure transaction centre
PENDING
GBP 1,465.08
Balance innum update aagala.
Date & time
23 Apr 2026 • 07:05
Reference
NMB-2604-495189
Error code
TGE-180
Issue
Balance not updated
Get help
Back to activity"
0287,screenshots/augmented/synthetic_bank_0287_rot.png,Tanglish,Latin,rotation,"14:15
4G
Nova Mobile Banking
Secure transaction centre
PENDING
GBP 1,465.08
Balance innum update aagala.
Date & time
23 Apr 2026 • 07:05
Reference
NMB-2604-495189
Error code
TGE-180
Issue
Balance not updated
Get help
Back to activity"
0287,screenshots/augmented/synthetic_bank_0287_lowres.png,Tanglish,Latin,low-resolution,"14:15
4G
Nova Mobile Banking
Secure transaction centre
PENDING
GBP 1,465.08
Balance innum update aagala.
Date & time
23 Apr 2026 • 07:05
Reference
NMB-2604-495189
Error code
TGE-180
Issue
Balance not updated
Get help
Back to activity"
0288,screenshots/synthetic_bank_0288.png,English,Latin,clean,"12:30
4G
Nova Mobile Banking
Secure transaction centre
WAITING
LKR 1,765.35
The verification code has not arrived.
Date & time
29 Nov 2024 • 22:25
Reference
NMB-2411-445346
Error code
PHU-805
Issue
OTP not received
Get help
Back to activity"
0288,screenshots/augmented/synthetic_bank_0288_blur.png,English,Latin,blur,"12:30
4G
Nova Mobile Banking
Secure transaction centre
WAITING
LKR 1,765.35
The verification code has not arrived.
Date & time
29 Nov 2024 • 22:25
Reference
NMB-2411-445346
Error code
PHU-805
Issue
OTP not received
Get help
Back to activity"
0288,screenshots/augmented/synthetic_bank_0288_rot.png,English,Latin,rotation,"12:30
4G
Nova Mobile Banking
Secure transaction centre
WAITING
LKR 1,765.35
The verification code has not arrived.
Date & time
29 Nov 2024 • 22:25
Reference
NMB-2411-445346
Error code
PHU-805
Issue
OTP not received
Get help
Back to activity"
0288,screenshots/augmented/synthetic_bank_0288_lowres.png,English,Latin,low-resolution,"12:30
4G
Nova Mobile Banking
Secure transaction centre
WAITING
LKR 1,765.35
The verification code has not arrived.
Date & time
29 Nov 2024 • 22:25
Reference
NMB-2411-445346
Error code
PHU-805
Issue
OTP not received
Get help
Back to activity"
0289,screenshots/synthetic_bank_0289.png,Sinhala,Sinhala,clean,"09:30
4G
Nova Mobile Banking
Secure transaction centre
FAILED
SGD 2,229.67
ගිණුමෙන් අඩු වූ නමුත් මුදල් ලැබුණේ නැත.
Date & time
22 Sep 2025 • 16:53
Reference
NMB-2509-352334
Error code
OSZ-263
Issue
Cash not received
Get help
Back to activity"
0289,screenshots/augmented/synthetic_bank_0289_blur.png,Sinhala,Sinhala,blur,"09:30
4G
Nova Mobile Banking
Secure transaction centre
FAILED
SGD 2,229.67
ගිණුමෙන් අඩු වූ නමුත් මුදල් ලැබුණේ නැත.
Date & time
22 Sep 2025 • 16:53
Reference
NMB-2509-352334
Error code
OSZ-263
Issue
Cash not received
Get help
Back to activity"
0289,screenshots/augmented/synthetic_bank_0289_rot.png,Sinhala,Sinhala,rotation,"09:30
4G
Nova Mobile Banking
Secure transaction centre
FAILED
SGD 2,229.67
ගිණුමෙන් අඩු වූ නමුත් මුදල් ලැබුණේ නැත.
Date & time
22 Sep 2025 • 16:53
Reference
NMB-2509-352334
Error code
OSZ-263
Issue
Cash not received
Get help
Back to activity"
0289,screenshots/augmented/synthetic_bank_0289_lowres.png,Sinhala,Sinhala,low-resolution,"09:30
4G
Nova Mobile Banking
Secure transaction centre
FAILED
SGD 2,229.67
ගිණුමෙන් අඩු වූ නමුත් මුදල් ලැබුණේ නැත.
Date & time
22 Sep 2025 • 16:53
Reference
NMB-2509-352334
Error code
OSZ-263
Issue
Cash not received
Get help
Back to activity"
0290,screenshots/synthetic_bank_0290.png,Tamil,Tamil,clean,"18:00
4G
Nova Mobile Banking
Secure transaction centre
FAILED
EUR 1,394.15
பணப் பரிமாற்றத்தை நிறைவு செய்ய முடியவில்லை.
Date & time
07 Apr 2025 • 08:22
Reference
NMB-2504-350804
Error code
QHQ-990
Issue
Transfer failed
Get help
Back to activity"
0290,screenshots/augmented/synthetic_bank_0290_blur.png,Tamil,Tamil,blur,"18:00
4G
Nova Mobile Banking
Secure transaction centre
FAILED
EUR 1,394.15
பணப் பரிமாற்றத்தை நிறைவு செய்ய முடியவில்லை.
Date & time
07 Apr 2025 • 08:22
Reference
NMB-2504-350804
Error code
QHQ-990
Issue
Transfer failed
Get help
Back to activity"
0290,screenshots/augmented/synthetic_bank_0290_rot.png,Tamil,Tamil,rotation,"18:00
4G
Nova Mobile Banking
Secure transaction centre
FAILED
EUR 1,394.15
பணப் பரிமாற்றத்தை நிறைவு செய்ய முடியவில்லை.
Date & time
07 Apr 2025 • 08:22
Reference
NMB-2504-350804
Error code
QHQ-990
Issue
Transfer failed
Get help
Back to activity"
0290,screenshots/augmented/synthetic_bank_0290_lowres.png,Tamil,Tamil,low-resolution,"18:00
4G
Nova Mobile Banking
Secure transaction centre
FAILED
EUR 1,394.15
பணப் பரிமாற்றத்தை நிறைவு செய்ய முடியவில்லை.
Date & time
07 Apr 2025 • 08:22
Reference
NMB-2504-350804
Error code
QHQ-990
Issue
Transfer failed
Get help
Back to activity"
0291,screenshots/synthetic_bank_0291.png,Singlish,Latin,clean,"22:30
4G
Nova Mobile Banking
Secure transaction centre
FAILED
USD 495.60
Salli ganna transaction eka fail una.
Date & time
29 May 2026 • 15:47
Reference
NMB-2605-366799
Error code
LLS-702
Issue
Cash withdrawal failure
Get help
Back to activity"
0291,screenshots/augmented/synthetic_bank_0291_blur.png,Singlish,Latin,blur,"22:30
4G
Nova Mobile Banking
Secure transaction centre
FAILED
USD 495.60
Salli ganna transaction eka fail una.
Date & time
29 May 2026 • 15:47
Reference
NMB-2605-366799
Error code
LLS-702
Issue
Cash withdrawal failure
Get help
Back to activity"
0291,screenshots/augmented/synthetic_bank_0291_rot.png,Singlish,Latin,rotation,"22:30
4G
Nova Mobile Banking
Secure transaction centre
FAILED
USD 495.60
Salli ganna transaction eka fail una.
Date & time
29 May 2026 • 15:47
Reference
NMB-2605-366799
Error code
LLS-702
Issue
Cash withdrawal failure
Get help
Back to activity"
0291,screenshots/augmented/synthetic_bank_0291_lowres.png,Singlish,Latin,low-resolution,"22:30
4G
Nova Mobile Banking
Secure transaction centre
FAILED
USD 495.60
Salli ganna transaction eka fail una.
Date & time
29 May 2026 • 15:47
Reference
NMB-2605-366799
Error code
LLS-702
Issue
Cash withdrawal failure
Get help
Back to activity"
0292,screenshots/synthetic_bank_0292.png,Tamil,Tamil,clean,"11:00
4G
Nova Mobile Banking
Secure transaction centre
BLOCKED
GBP 1,655.98
பாதுகாப்பிற்காக உங்கள் கணக்கு முடக்கப்பட்டுள்ளது.
Date & time
20 Sep 2025 • 12:53
Reference
NMB-2509-981579
Error code
BBY-189
Issue
Account blocked
Get help
Back to activity"
0292,screenshots/augmented/synthetic_bank_0292_blur.png,Tamil,Tamil,blur,"11:00
4G
Nova Mobile Banking
Secure transaction centre
BLOCKED
GBP 1,655.98
பாதுகாப்பிற்காக உங்கள் கணக்கு முடக்கப்பட்டுள்ளது.
Date & time
20 Sep 2025 • 12:53
Reference
NMB-2509-981579
Error code
BBY-189
Issue
Account blocked
Get help
Back to activity"
0292,screenshots/augmented/synthetic_bank_0292_rot.png,Tamil,Tamil,rotation,"11:00
4G
Nova Mobile Banking
Secure transaction centre
BLOCKED
GBP 1,655.98
பாதுகாப்பிற்காக உங்கள் கணக்கு முடக்கப்பட்டுள்ளது.
Date & time
20 Sep 2025 • 12:53
Reference
NMB-2509-981579
Error code
BBY-189
Issue
Account blocked
Get help
Back to activity"
0292,screenshots/augmented/synthetic_bank_0292_lowres.png,Tamil,Tamil,low-resolution,"11:00
4G
Nova Mobile Banking
Secure transaction centre
BLOCKED
GBP 1,655.98
பாதுகாப்பிற்காக உங்கள் கணக்கு முடக்கப்பட்டுள்ளது.
Date & time
20 Sep 2025 • 12:53
Reference
NMB-2509-981579
Error code
BBY-189
Issue
Account blocked
Get help
Back to activity"
0293,screenshots/synthetic_bank_0293.png,Sinhala,Sinhala,clean,"09:15
4G
Nova Mobile Banking
Secure transaction centre
REVIEW
EUR 1,932.89
විනිමය අනුපාතය පරීක්ෂා කරන්න.
Date & time
08 Dec 2025 • 20:29
Reference
NMB-2512-728373
Error code
DCL-255
Issue
Wrong exchange rate
Get help
Back to activity"
0293,screenshots/augmented/synthetic_bank_0293_blur.png,Sinhala,Sinhala,blur,"09:15
4G
Nova Mobile Banking
Secure transaction centre
REVIEW
EUR 1,932.89
විනිමය අනුපාතය පරීක්ෂා කරන්න.
Date & time
08 Dec 2025 • 20:29
Reference
NMB-2512-728373
Error code
DCL-255
Issue
Wrong exchange rate
Get help
Back to activity"
0293,screenshots/augmented/synthetic_bank_0293_rot.png,Sinhala,Sinhala,rotation,"09:15
4G
Nova Mobile Banking
Secure transaction centre
REVIEW
EUR 1,932.89
විනිමය අනුපාතය පරීක්ෂා කරන්න.
Date & time
08 Dec 2025 • 20:29
Reference
NMB-2512-728373
Error code
DCL-255
Issue
Wrong exchange rate
Get help
Back to activity"
0293,screenshots/augmented/synthetic_bank_0293_lowres.png,Sinhala,Sinhala,low-resolution,"09:15
4G
Nova Mobile Banking
Secure transaction centre
REVIEW
EUR 1,932.89
විනිමය අනුපාතය පරීක්ෂා කරන්න.
Date & time
08 Dec 2025 • 20:29
Reference
NMB-2512-728373
Error code
DCL-255
Issue
Wrong exchange rate
Get help
Back to activity"
0294,screenshots/synthetic_bank_0294.png,Mixed-language,Latin,clean,"21:05
4G
Nova Mobile Banking
Secure transaction centre
REVIEW
GBP 2,085.97
ATM charge eka waradi wage. ATM charge thappa irukku.
Date & time
12 Sep 2024 • 13:02
Reference
NMB-2409-225304
Error code
MVP-691
Issue
Cash withdrawal charged incorrectly
Get help
Back to activity"
0294,screenshots/augmented/synthetic_bank_0294_blur.png,Mixed-language,Latin,blur,"21:05
4G
Nova Mobile Banking
Secure transaction centre
REVIEW
GBP 2,085.97
ATM charge eka waradi wage. ATM charge thappa irukku.
Date & time
12 Sep 2024 • 13:02
Reference
NMB-2409-225304
Error code
MVP-691
Issue
Cash withdrawal charged incorrectly
Get help
Back to activity"
0294,screenshots/augmented/synthetic_bank_0294_rot.png,Mixed-language,Latin,rotation,"21:05
4G
Nova Mobile Banking
Secure transaction centre
REVIEW
GBP 2,085.97
ATM charge eka waradi wage. ATM charge thappa irukku.
Date & time
12 Sep 2024 • 13:02
Reference
NMB-2409-225304
Error code
MVP-691
Issue
Cash withdrawal charged incorrectly
Get help
Back to activity"
0294,screenshots/augmented/synthetic_bank_0294_lowres.png,Mixed-language,Latin,low-resolution,"21:05
4G
Nova Mobile Banking
Secure transaction centre
REVIEW
GBP 2,085.97
ATM charge eka waradi wage. ATM charge thappa irukku.
Date & time
12 Sep 2024 • 13:02
Reference
NMB-2409-225304
Error code
MVP-691
Issue
Cash withdrawal charged incorrectly
Get help
Back to activity"
0295,screenshots/synthetic_bank_0295.png,Tanglish,Latin,clean,"22:45
4G
Nova Mobile Banking
Secure transaction centre
REVIEW
EUR 588.28
Exchange rate sari illa pola.
Date & time
13 Jul 2024 • 20:47
Reference
NMB-2407-144985
Error code
QNI-307
Issue
Wrong exchange rate
Get help
Back to activity"
0295,screenshots/augmented/synthetic_bank_0295_blur.png,Tanglish,Latin,blur,"22:45
4G
Nova Mobile Banking
Secure transaction centre
REVIEW
EUR 588.28
Exchange rate sari illa pola.
Date & time
13 Jul 2024 • 20:47
Reference
NMB-2407-144985
Error code
QNI-307
Issue
Wrong exchange rate
Get help
Back to activity"
0295,screenshots/augmented/synthetic_bank_0295_rot.png,Tanglish,Latin,rotation,"22:45
4G
Nova Mobile Banking
Secure transaction centre
REVIEW
EUR 588.28
Exchange rate sari illa pola.
Date & time
13 Jul 2024 • 20:47
Reference
NMB-2407-144985
Error code
QNI-307
Issue
Wrong exchange rate
Get help
Back to activity"
0295,screenshots/augmented/synthetic_bank_0295_lowres.png,Tanglish,Latin,low-resolution,"22:45
4G
Nova Mobile Banking
Secure transaction centre
REVIEW
EUR 588.28
Exchange rate sari illa pola.
Date & time
13 Jul 2024 • 20:47
Reference
NMB-2407-144985
Error code
QNI-307
Issue
Wrong exchange rate
Get help
Back to activity"
0296,screenshots/synthetic_bank_0296.png,Singlish,Latin,clean,"14:10
4G
Nova Mobile Banking
Secure transaction centre
FAILED
USD 2,043.27
Beneficiary add karanna bari una.
Date & time
09 Jul 2024 • 20:48
Reference
NMB-2407-826457
Error code
DAS-220
Issue
Beneficiary not added
Get help
Back to activity"
0296,screenshots/augmented/synthetic_bank_0296_blur.png,Singlish,Latin,blur,"14:10
4G
Nova Mobile Banking
Secure transaction centre
FAILED
USD 2,043.27
Beneficiary add karanna bari una.
Date & time
09 Jul 2024 • 20:48
Reference
NMB-2407-826457
Error code
DAS-220
Issue
Beneficiary not added
Get help
Back to activity"
0296,screenshots/augmented/synthetic_bank_0296_rot.png,Singlish,Latin,rotation,"14:10
4G
Nova Mobile Banking
Secure transaction centre
FAILED
USD 2,043.27
Beneficiary add karanna bari una.
Date & time
09 Jul 2024 • 20:48
Reference
NMB-2407-826457
Error code
DAS-220
Issue
Beneficiary not added
Get help
Back to activity"
0296,screenshots/augmented/synthetic_bank_0296_lowres.png,Singlish,Latin,low-resolution,"14:10
4G
Nova Mobile Banking
Secure transaction centre
FAILED
USD 2,043.27
Beneficiary add karanna bari una.
Date & time
09 Jul 2024 • 20:48
Reference
NMB-2407-826457
Error code
DAS-220
Issue
Beneficiary not added
Get help
Back to activity"
0297,screenshots/synthetic_bank_0297.png,Singlish,Latin,clean,"20:10
4G
Nova Mobile Banking
Secure transaction centre
FAILED
EUR 301.82
Salli ganna transaction eka fail una.
Date & time
23 Sep 2025 • 06:39
Reference
NMB-2509-580956
Error code
GIF-504
Issue
Cash withdrawal failure
Get help
Back to activity"
0297,screenshots/augmented/synthetic_bank_0297_blur.png,Singlish,Latin,blur,"20:10
4G
Nova Mobile Banking
Secure transaction centre
FAILED
EUR 301.82
Salli ganna transaction eka fail una.
Date & time
23 Sep 2025 • 06:39
Reference
NMB-2509-580956
Error code
GIF-504
Issue
Cash withdrawal failure
Get help
Back to activity"
0297,screenshots/augmented/synthetic_bank_0297_rot.png,Singlish,Latin,rotation,"20:10
4G
Nova Mobile Banking
Secure transaction centre
FAILED
EUR 301.82
Salli ganna transaction eka fail una.
Date & time
23 Sep 2025 • 06:39
Reference
NMB-2509-580956
Error code
GIF-504
Issue
Cash withdrawal failure
Get help
Back to activity"
0297,screenshots/augmented/synthetic_bank_0297_lowres.png,Singlish,Latin,low-resolution,"20:10
4G
Nova Mobile Banking
Secure transaction centre
FAILED
EUR 301.82
Salli ganna transaction eka fail una.
Date & time
23 Sep 2025 • 06:39
Reference
NMB-2509-580956
Error code
GIF-504
Issue
Cash withdrawal failure
Get help
Back to activity"
0298,screenshots/synthetic_bank_0298.png,English,Latin,clean,"14:45
4G
Nova Mobile Banking
Secure transaction centre
FAILED
LKR 1,166.27
We could not complete this cash withdrawal.
Date & time
13 May 2026 • 09:24
Reference
NMB-2605-177409
Error code
IBM-658
Issue
Cash withdrawal failure
Get help
Back to activity"
0298,screenshots/augmented/synthetic_bank_0298_blur.png,English,Latin,blur,"14:45
4G
Nova Mobile Banking
Secure transaction centre
FAILED
LKR 1,166.27
We could not complete this cash withdrawal.
Date & time
13 May 2026 • 09:24
Reference
NMB-2605-177409
Error code
IBM-658
Issue
Cash withdrawal failure
Get help
Back to activity"
0298,screenshots/augmented/synthetic_bank_0298_rot.png,English,Latin,rotation,"14:45
4G
Nova Mobile Banking
Secure transaction centre
FAILED
LKR 1,166.27
We could not complete this cash withdrawal.
Date & time
13 May 2026 • 09:24
Reference
NMB-2605-177409
Error code
IBM-658
Issue
Cash withdrawal failure
Get help
Back to activity"
0298,screenshots/augmented/synthetic_bank_0298_lowres.png,English,Latin,low-resolution,"14:45
4G
Nova Mobile Banking
Secure transaction centre
FAILED
LKR 1,166.27
We could not complete this cash withdrawal.
Date & time
13 May 2026 • 09:24
Reference
NMB-2605-177409
Error code
IBM-658
Issue
Cash withdrawal failure
Get help
Back to activity"
0299,screenshots/synthetic_bank_0299.png,Tamil,Tamil,clean,"08:30
4G
Nova Mobile Banking
Secure transaction centre
BLOCKED
SGD 1,668.49
பாதுகாப்பிற்காக உங்கள் கணக்கு முடக்கப்பட்டுள்ளது.
Date & time
05 Apr 2026 • 12:45
Reference
NMB-2604-522816
Error code
PHX-104
Issue
Account blocked
Get help
Back to activity"
0299,screenshots/augmented/synthetic_bank_0299_blur.png,Tamil,Tamil,blur,"08:30
4G
Nova Mobile Banking
Secure transaction centre
BLOCKED
SGD 1,668.49
பாதுகாப்பிற்காக உங்கள் கணக்கு முடக்கப்பட்டுள்ளது.
Date & time
05 Apr 2026 • 12:45
Reference
NMB-2604-522816
Error code
PHX-104
Issue
Account blocked
Get help
Back to activity"
0299,screenshots/augmented/synthetic_bank_0299_rot.png,Tamil,Tamil,rotation,"08:30
4G
Nova Mobile Banking
Secure transaction centre
BLOCKED
SGD 1,668.49
பாதுகாப்பிற்காக உங்கள் கணக்கு முடக்கப்பட்டுள்ளது.
Date & time
05 Apr 2026 • 12:45
Reference
NMB-2604-522816
Error code
PHX-104
Issue
Account blocked
Get help
Back to activity"
0299,screenshots/augmented/synthetic_bank_0299_lowres.png,Tamil,Tamil,low-resolution,"08:30
4G
Nova Mobile Banking
Secure transaction centre
BLOCKED
SGD 1,668.49
பாதுகாப்பிற்காக உங்கள் கணக்கு முடக்கப்பட்டுள்ளது.
Date & time
05 Apr 2026 • 12:45
Reference
NMB-2604-522816
Error code
PHX-104
Issue
Account blocked
Get help
Back to activity"
0300,screenshots/synthetic_bank_0300.png,Tanglish,Latin,clean,"10:05
4G
Nova Mobile Banking
Secure transaction centre
PENDING
LKR 528.62
Refund innum pending-la irukku.
Date & time
24 Oct 2024 • 09:25
Reference
NMB-2410-770972
Error code
MCN-529
Issue
Refund pending
Get help
Back to activity"
0300,screenshots/augmented/synthetic_bank_0300_blur.png,Tanglish,Latin,blur,"10:05
4G
Nova Mobile Banking
Secure transaction centre
PENDING
LKR 528.62
Refund innum pending-la irukku.
Date & time
24 Oct 2024 • 09:25
Reference
NMB-2410-770972
Error code
MCN-529
Issue
Refund pending
Get help
Back to activity"
0300,screenshots/augmented/synthetic_bank_0300_rot.png,Tanglish,Latin,rotation,"10:05
4G
Nova Mobile Banking
Secure transaction centre
PENDING
LKR 528.62
Refund innum pending-la irukku.
Date & time
24 Oct 2024 • 09:25
Reference
NMB-2410-770972
Error code
MCN-529
Issue
Refund pending
Get help
Back to activity"
0300,screenshots/augmented/synthetic_bank_0300_lowres.png,Tanglish,Latin,low-resolution,"10:05
4G
Nova Mobile Banking
Secure transaction centre
PENDING
LKR 528.62
Refund innum pending-la irukku.
Date & time
24 Oct 2024 • 09:25
Reference
NMB-2410-770972
Error code
MCN-529
Issue
Refund pending
Get help
Back to activity"
0301,screenshots/synthetic_bank_0301.png,Sinhala,Sinhala,clean,"19:10
4G
Nova Mobile Banking
Secure transaction centre
PENDING
SGD 2,313.31
ඔබගේ මුදල් ආපසු ගෙවීම තවම පවතී.
Date & time
24 Jan 2026 • 22:07
Reference
NMB-2601-814210
Error code
NUE-109
Issue
Refund pending
Get help
Back to activity"
0301,screenshots/augmented/synthetic_bank_0301_blur.png,Sinhala,Sinhala,blur,"19:10
4G
Nova Mobile Banking
Secure transaction centre
PENDING
SGD 2,313.31
ඔබගේ මුදල් ආපසු ගෙවීම තවම පවතී.
Date & time
24 Jan 2026 • 22:07
Reference
NMB-2601-814210
Error code
NUE-109
Issue
Refund pending
Get help
Back to activity"
0301,screenshots/augmented/synthetic_bank_0301_rot.png,Sinhala,Sinhala,rotation,"19:10
4G
Nova Mobile Banking
Secure transaction centre
PENDING
SGD 2,313.31
ඔබගේ මුදල් ආපසු ගෙවීම තවම පවතී.
Date & time
24 Jan 2026 • 22:07
Reference
NMB-2601-814210
Error code
NUE-109
Issue
Refund pending
Get help
Back to activity"
0301,screenshots/augmented/synthetic_bank_0301_lowres.png,Sinhala,Sinhala,low-resolution,"19:10
4G
Nova Mobile Banking
Secure transaction centre
PENDING
SGD 2,313.31
ඔබගේ මුදල් ආපසු ගෙවීම තවම පවතී.
Date & time
24 Jan 2026 • 22:07
Reference
NMB-2601-814210
Error code
NUE-109
Issue
Refund pending
Get help
Back to activity"
0302,screenshots/synthetic_bank_0302.png,English,Latin,clean,"13:10
4G
Nova Mobile Banking
Secure transaction centre
FAILED
USD 1,616.60
We could not complete this cash withdrawal.
Date & time
07 Aug 2024 • 15:38
Reference
NMB-2408-470922
Error code
EIB-405
Issue
Cash withdrawal failure
Get help
Back to activity"
0302,screenshots/augmented/synthetic_bank_0302_blur.png,English,Latin,blur,"13:10
4G
Nova Mobile Banking
Secure transaction centre
FAILED
USD 1,616.60
We could not complete this cash withdrawal.
Date & time
07 Aug 2024 • 15:38
Reference
NMB-2408-470922
Error code
EIB-405
Issue
Cash withdrawal failure
Get help
Back to activity"
0302,screenshots/augmented/synthetic_bank_0302_rot.png,English,Latin,rotation,"13:10
4G
Nova Mobile Banking
Secure transaction centre
FAILED
USD 1,616.60
We could not complete this cash withdrawal.
Date & time
07 Aug 2024 • 15:38
Reference
NMB-2408-470922
Error code
EIB-405
Issue
Cash withdrawal failure
Get help
Back to activity"
0302,screenshots/augmented/synthetic_bank_0302_lowres.png,English,Latin,low-resolution,"13:10
4G
Nova Mobile Banking
Secure transaction centre
FAILED
USD 1,616.60
We could not complete this cash withdrawal.
Date & time
07 Aug 2024 • 15:38
Reference
NMB-2408-470922
Error code
EIB-405
Issue
Cash withdrawal failure
Get help
Back to activity"
0303,screenshots/synthetic_bank_0303.png,Tamil,Tamil,clean,"18:10
4G
Nova Mobile Banking
Secure transaction centre
URGENT
SGD 233.30
நீங்கள் அறியாத பரிவர்த்தனை பதிவாகியுள்ளது.
Date & time
08 Jun 2025 • 19:03
Reference
NMB-2506-134536
Error code
WKA-240
Issue
Unauthorized transaction
Secure account
Back to activity"
0303,screenshots/augmented/synthetic_bank_0303_blur.png,Tamil,Tamil,blur,"18:10
4G
Nova Mobile Banking
Secure transaction centre
URGENT
SGD 233.30
நீங்கள் அறியாத பரிவர்த்தனை பதிவாகியுள்ளது.
Date & time
08 Jun 2025 • 19:03
Reference
NMB-2506-134536
Error code
WKA-240
Issue
Unauthorized transaction
Secure account
Back to activity"
0303,screenshots/augmented/synthetic_bank_0303_rot.png,Tamil,Tamil,rotation,"18:10
4G
Nova Mobile Banking
Secure transaction centre
URGENT
SGD 233.30
நீங்கள் அறியாத பரிவர்த்தனை பதிவாகியுள்ளது.
Date & time
08 Jun 2025 • 19:03
Reference
NMB-2506-134536
Error code
WKA-240
Issue
Unauthorized transaction
Secure account
Back to activity"
0303,screenshots/augmented/synthetic_bank_0303_lowres.png,Tamil,Tamil,low-resolution,"18:10
4G
Nova Mobile Banking
Secure transaction centre
URGENT
SGD 233.30
நீங்கள் அறியாத பரிவர்த்தனை பதிவாகியுள்ளது.
Date & time
08 Jun 2025 • 19:03
Reference
NMB-2506-134536
Error code
WKA-240
Issue
Unauthorized transaction
Secure account
Back to activity"
0304,screenshots/synthetic_bank_0304.png,Mixed-language,Latin,clean,"09:05
4G
Nova Mobile Banking
Secure transaction centre
FAILED
GBP 410.39
Salli transfer eka complete une naha. Money transfer complete aagala.
Date & time
22 Jul 2024 • 15:14
Reference
NMB-2407-386415
Error code
UIS-746
Issue
Transfer failed
Get help
Back to activity"
0304,screenshots/augmented/synthetic_bank_0304_blur.png,Mixed-language,Latin,blur,"09:05
4G
Nova Mobile Banking
Secure transaction centre
FAILED
GBP 410.39
Salli transfer eka complete une naha. Money transfer complete aagala.
Date & time
22 Jul 2024 • 15:14
Reference
NMB-2407-386415
Error code
UIS-746
Issue
Transfer failed
Get help
Back to activity"
0304,screenshots/augmented/synthetic_bank_0304_rot.png,Mixed-language,Latin,rotation,"09:05
4G
Nova Mobile Banking
Secure transaction centre
FAILED
GBP 410.39
Salli transfer eka complete une naha. Money transfer complete aagala.
Date & time
22 Jul 2024 • 15:14
Reference
NMB-2407-386415
Error code
UIS-746
Issue
Transfer failed
Get help
Back to activity"
0304,screenshots/augmented/synthetic_bank_0304_lowres.png,Mixed-language,Latin,low-resolution,"09:05
4G
Nova Mobile Banking
Secure transaction centre
FAILED
GBP 410.39
Salli transfer eka complete une naha. Money transfer complete aagala.
Date & time
22 Jul 2024 • 15:14
Reference
NMB-2407-386415
Error code
UIS-746
Issue
Transfer failed
Get help
Back to activity"
0305,screenshots/synthetic_bank_0305.png,Mixed-language,Latin,clean,"22:30
4G
Nova Mobile Banking
Secure transaction centre
REVIEW
LKR 2,482.38
ATM charge eka waradi wage. ATM charge thappa irukku.
Date & time
27 Aug 2024 • 20:10
Reference
NMB-2408-231695
Error code
BOO-892
Issue
Cash withdrawal charged incorrectly
Get help
Back to activity"
0305,screenshots/augmented/synthetic_bank_0305_blur.png,Mixed-language,Latin,blur,"22:30
4G
Nova Mobile Banking
Secure transaction centre
REVIEW
LKR 2,482.38
ATM charge eka waradi wage. ATM charge thappa irukku.
Date & time
27 Aug 2024 • 20:10
Reference
NMB-2408-231695
Error code
BOO-892
Issue
Cash withdrawal charged incorrectly
Get help
Back to activity"
0305,screenshots/augmented/synthetic_bank_0305_rot.png,Mixed-language,Latin,rotation,"22:30
4G
Nova Mobile Banking
Secure transaction centre
REVIEW
LKR 2,482.38
ATM charge eka waradi wage. ATM charge thappa irukku.
Date & time
27 Aug 2024 • 20:10
Reference
NMB-2408-231695
Error code
BOO-892
Issue
Cash withdrawal charged incorrectly
Get help
Back to activity"
0305,screenshots/augmented/synthetic_bank_0305_lowres.png,Mixed-language,Latin,low-resolution,"22:30
4G
Nova Mobile Banking
Secure transaction centre
REVIEW
LKR 2,482.38
ATM charge eka waradi wage. ATM charge thappa irukku.
Date & time
27 Aug 2024 • 20:10
Reference
NMB-2408-231695
Error code
BOO-892
Issue
Cash withdrawal charged incorrectly
Get help
Back to activity"
0306,screenshots/synthetic_bank_0306.png,Mixed-language,Latin,clean,"09:15
4G
Nova Mobile Banking
Secure transaction centre
REVIEW
GBP 2,494.41
ATM charge eka waradi wage. ATM charge thappa irukku.
Date & time
02 Mar 2024 • 07:26
Reference
NMB-2403-818803
Error code
PUZ-898
Issue
Cash withdrawal charged incorrectly
Get help
Back to activity"
0306,screenshots/augmented/synthetic_bank_0306_blur.png,Mixed-language,Latin,blur,"09:15
4G
Nova Mobile Banking
Secure transaction centre
REVIEW
GBP 2,494.41
ATM charge eka waradi wage. ATM charge thappa irukku.
Date & time
02 Mar 2024 • 07:26
Reference
NMB-2403-818803
Error code
PUZ-898
Issue
Cash withdrawal charged incorrectly
Get help
Back to activity"
0306,screenshots/augmented/synthetic_bank_0306_rot.png,Mixed-language,Latin,rotation,"09:15
4G
Nova Mobile Banking
Secure transaction centre
REVIEW
GBP 2,494.41
ATM charge eka waradi wage. ATM charge thappa irukku.
Date & time
02 Mar 2024 • 07:26
Reference
NMB-2403-818803
Error code
PUZ-898
Issue
Cash withdrawal charged incorrectly
Get help
Back to activity"
0306,screenshots/augmented/synthetic_bank_0306_lowres.png,Mixed-language,Latin,low-resolution,"09:15
4G
Nova Mobile Banking
Secure transaction centre
REVIEW
GBP 2,494.41
ATM charge eka waradi wage. ATM charge thappa irukku.
Date & time
02 Mar 2024 • 07:26
Reference
NMB-2403-818803
Error code
PUZ-898
Issue
Cash withdrawal charged incorrectly
Get help
Back to activity"
0307,screenshots/synthetic_bank_0307.png,Mixed-language,Latin,clean,"20:45
4G
Nova Mobile Banking
Secure transaction centre
URGENT
SGD 2,348.78
Mama nodanna transaction ekak thiyenawa. Enakku theriyatha transaction irukku.
Date & time
29 Apr 2026 • 03:49
Reference
NMB-2604-337956
Error code
NAO-166
Issue
Unauthorized transaction
Secure account
Back to activity"
0307,screenshots/augmented/synthetic_bank_0307_blur.png,Mixed-language,Latin,blur,"20:45
4G
Nova Mobile Banking
Secure transaction centre
URGENT
SGD 2,348.78
Mama nodanna transaction ekak thiyenawa. Enakku theriyatha transaction irukku.
Date & time
29 Apr 2026 • 03:49
Reference
NMB-2604-337956
Error code
NAO-166
Issue
Unauthorized transaction
Secure account
Back to activity"
0307,screenshots/augmented/synthetic_bank_0307_rot.png,Mixed-language,Latin,rotation,"20:45
4G
Nova Mobile Banking
Secure transaction centre
URGENT
SGD 2,348.78
Mama nodanna transaction ekak thiyenawa. Enakku theriyatha transaction irukku.
Date & time
29 Apr 2026 • 03:49
Reference
NMB-2604-337956
Error code
NAO-166
Issue
Unauthorized transaction
Secure account
Back to activity"
0307,screenshots/augmented/synthetic_bank_0307_lowres.png,Mixed-language,Latin,low-resolution,"20:45
4G
Nova Mobile Banking
Secure transaction centre
URGENT
SGD 2,348.78
Mama nodanna transaction ekak thiyenawa. Enakku theriyatha transaction irukku.
Date & time
29 Apr 2026 • 03:49
Reference
NMB-2604-337956
Error code
NAO-166
Issue
Unauthorized transaction
Secure account
Back to activity"
0308,screenshots/synthetic_bank_0308.png,Sinhala,Sinhala,clean,"16:10
4G
Nova Mobile Banking
Secure transaction centre
FAILED
SGD 1,522.07
ගිණුමෙන් අඩු වූ නමුත් මුදල් ලැබුණේ නැත.
Date & time
28 Apr 2025 • 19:30
Reference
NMB-2504-336627
Error code
ZWU-272
Issue
Cash not received
Get help
Back to activity"
0308,screenshots/augmented/synthetic_bank_0308_blur.png,Sinhala,Sinhala,blur,"16:10
4G
Nova Mobile Banking
Secure transaction centre
FAILED
SGD 1,522.07
ගිණුමෙන් අඩු වූ නමුත් මුදල් ලැබුණේ නැත.
Date & time
28 Apr 2025 • 19:30
Reference
NMB-2504-336627
Error code
ZWU-272
Issue
Cash not received
Get help
Back to activity"
0308,screenshots/augmented/synthetic_bank_0308_rot.png,Sinhala,Sinhala,rotation,"16:10
4G
Nova Mobile Banking
Secure transaction centre
FAILED
SGD 1,522.07
ගිණුමෙන් අඩු වූ නමුත් මුදල් ලැබුණේ නැත.
Date & time
28 Apr 2025 • 19:30
Reference
NMB-2504-336627
Error code
ZWU-272
Issue
Cash not received
Get help
Back to activity"
0308,screenshots/augmented/synthetic_bank_0308_lowres.png,Sinhala,Sinhala,low-resolution,"16:10
4G
Nova Mobile Banking
Secure transaction centre
FAILED
SGD 1,522.07
ගිණුමෙන් අඩු වූ නමුත් මුදල් ලැබුණේ නැත.
Date & time
28 Apr 2025 • 19:30
Reference
NMB-2504-336627
Error code
ZWU-272
Issue
Cash not received
Get help
Back to activity"
0309,screenshots/synthetic_bank_0309.png,English,Latin,clean,"14:00
4G
Nova Mobile Banking
Secure transaction centre
FAILED
LKR 1,080.73
We could not complete this cash withdrawal.
Date & time
20 Oct 2024 • 07:34
Reference
NMB-2410-919117
Error code
WTM-161
Issue
Cash withdrawal failure
Get help
Back to activity"
0309,screenshots/augmented/synthetic_bank_0309_blur.png,English,Latin,blur,"14:00
4G
Nova Mobile Banking
Secure transaction centre
FAILED
LKR 1,080.73
We could not complete this cash withdrawal.
Date & time
20 Oct 2024 • 07:34
Reference
NMB-2410-919117
Error code
WTM-161
Issue
Cash withdrawal failure
Get help
Back to activity"
0309,screenshots/augmented/synthetic_bank_0309_rot.png,English,Latin,rotation,"14:00
4G
Nova Mobile Banking
Secure transaction centre
FAILED
LKR 1,080.73
We could not complete this cash withdrawal.
Date & time
20 Oct 2024 • 07:34
Reference
NMB-2410-919117
Error code
WTM-161
Issue
Cash withdrawal failure
Get help
Back to activity"
0309,screenshots/augmented/synthetic_bank_0309_lowres.png,English,Latin,low-resolution,"14:00
4G
Nova Mobile Banking
Secure transaction centre
FAILED
LKR 1,080.73
We could not complete this cash withdrawal.
Date & time
20 Oct 2024 • 07:34
Reference
NMB-2410-919117
Error code
WTM-161
Issue
Cash withdrawal failure
Get help
Back to activity"
0310,screenshots/synthetic_bank_0310.png,Sinhala,Sinhala,clean,"13:05
4G
Nova Mobile Banking
Secure transaction centre
DECLINED
GBP 613.39
ඔබගේ කාඩ් ගෙවීම ප්‍රතික්ෂේප විය.
Date & time
19 Mar 2024 • 23:34
Reference
NMB-2403-165320
Error code
CYP-666
Issue
Card payment declined
Get help
Back to activity"
0310,screenshots/augmented/synthetic_bank_0310_blur.png,Sinhala,Sinhala,blur,"13:05
4G
Nova Mobile Banking
Secure transaction centre
DECLINED
GBP 613.39
ඔබගේ කාඩ් ගෙවීම ප්‍රතික්ෂේප විය.
Date & time
19 Mar 2024 • 23:34
Reference
NMB-2403-165320
Error code
CYP-666
Issue
Card payment declined
Get help
Back to activity"
0310,screenshots/augmented/synthetic_bank_0310_rot.png,Sinhala,Sinhala,rotation,"13:05
4G
Nova Mobile Banking
Secure transaction centre
DECLINED
GBP 613.39
ඔබගේ කාඩ් ගෙවීම ප්‍රතික්ෂේප විය.
Date & time
19 Mar 2024 • 23:34
Reference
NMB-2403-165320
Error code
CYP-666
Issue
Card payment declined
Get help
Back to activity"
0310,screenshots/augmented/synthetic_bank_0310_lowres.png,Sinhala,Sinhala,low-resolution,"13:05
4G
Nova Mobile Banking
Secure transaction centre
DECLINED
GBP 613.39
ඔබගේ කාඩ් ගෙවීම ප්‍රතික්ෂේප විය.
Date & time
19 Mar 2024 • 23:34
Reference
NMB-2403-165320
Error code
CYP-666
Issue
Card payment declined
Get help
Back to activity"
0311,screenshots/synthetic_bank_0311.png,Tanglish,Latin,clean,"14:15
4G
Nova Mobile Banking
Secure transaction centre
DECLINED
LKR 2,093.07
Card payment decline aayiduchu.
Date & time
18 Jun 2024 • 23:52
Reference
NMB-2406-351612
Error code
UAK-636
Issue
Card payment declined
Get help
Back to activity"
0311,screenshots/augmented/synthetic_bank_0311_blur.png,Tanglish,Latin,blur,"14:15
4G
Nova Mobile Banking
Secure transaction centre
DECLINED
LKR 2,093.07
Card payment decline aayiduchu.
Date & time
18 Jun 2024 • 23:52
Reference
NMB-2406-351612
Error code
UAK-636
Issue
Card payment declined
Get help
Back to activity"
0311,screenshots/augmented/synthetic_bank_0311_rot.png,Tanglish,Latin,rotation,"14:15
4G
Nova Mobile Banking
Secure transaction centre
DECLINED
LKR 2,093.07
Card payment decline aayiduchu.
Date & time
18 Jun 2024 • 23:52
Reference
NMB-2406-351612
Error code
UAK-636
Issue
Card payment declined
Get help
Back to activity"
0311,screenshots/augmented/synthetic_bank_0311_lowres.png,Tanglish,Latin,low-resolution,"14:15
4G
Nova Mobile Banking
Secure transaction centre
DECLINED
LKR 2,093.07
Card payment decline aayiduchu.
Date & time
18 Jun 2024 • 23:52
Reference
NMB-2406-351612
Error code
UAK-636
Issue
Card payment declined
Get help
Back to activity"
0312,screenshots/synthetic_bank_0312.png,Tanglish,Latin,clean,"12:00
4G
Nova Mobile Banking
Secure transaction centre
PENDING
SGD 1,745.80
Balance innum update aagala.
Date & time
18 Jan 2025 • 22:22
Reference
NMB-2501-742524
Error code
NIW-925
Issue
Balance not updated
Get help
Back to activity"
0312,screenshots/augmented/synthetic_bank_0312_blur.png,Tanglish,Latin,blur,"12:00
4G
Nova Mobile Banking
Secure transaction centre
PENDING
SGD 1,745.80
Balance innum update aagala.
Date & time
18 Jan 2025 • 22:22
Reference
NMB-2501-742524
Error code
NIW-925
Issue
Balance not updated
Get help
Back to activity"
0312,screenshots/augmented/synthetic_bank_0312_rot.png,Tanglish,Latin,rotation,"12:00
4G
Nova Mobile Banking
Secure transaction centre
PENDING
SGD 1,745.80
Balance innum update aagala.
Date & time
18 Jan 2025 • 22:22
Reference
NMB-2501-742524
Error code
NIW-925
Issue
Balance not updated
Get help
Back to activity"
0312,screenshots/augmented/synthetic_bank_0312_lowres.png,Tanglish,Latin,low-resolution,"12:00
4G
Nova Mobile Banking
Secure transaction centre
PENDING
SGD 1,745.80
Balance innum update aagala.
Date & time
18 Jan 2025 • 22:22
Reference
NMB-2501-742524
Error code
NIW-925
Issue
Balance not updated
Get help
Back to activity"
0313,screenshots/synthetic_bank_0313.png,Tamil,Tamil,clean,"10:05
4G
Nova Mobile Banking
Secure transaction centre
URGENT
LKR 2,446.14
நீங்கள் அறியாத பரிவர்த்தனை பதிவாகியுள்ளது.
Date & time
31 Aug 2025 • 12:36
Reference
NMB-2508-106940
Error code
LCM-913
Issue
Unauthorized transaction
Secure account
Back to activity"
0313,screenshots/augmented/synthetic_bank_0313_blur.png,Tamil,Tamil,blur,"10:05
4G
Nova Mobile Banking
Secure transaction centre
URGENT
LKR 2,446.14
நீங்கள் அறியாத பரிவர்த்தனை பதிவாகியுள்ளது.
Date & time
31 Aug 2025 • 12:36
Reference
NMB-2508-106940
Error code
LCM-913
Issue
Unauthorized transaction
Secure account
Back to activity"
0313,screenshots/augmented/synthetic_bank_0313_rot.png,Tamil,Tamil,rotation,"10:05
4G
Nova Mobile Banking
Secure transaction centre
URGENT
LKR 2,446.14
நீங்கள் அறியாத பரிவர்த்தனை பதிவாகியுள்ளது.
Date & time
31 Aug 2025 • 12:36
Reference
NMB-2508-106940
Error code
LCM-913
Issue
Unauthorized transaction
Secure account
Back to activity"
0313,screenshots/augmented/synthetic_bank_0313_lowres.png,Tamil,Tamil,low-resolution,"10:05
4G
Nova Mobile Banking
Secure transaction centre
URGENT
LKR 2,446.14
நீங்கள் அறியாத பரிவர்த்தனை பதிவாகியுள்ளது.
Date & time
31 Aug 2025 • 12:36
Reference
NMB-2508-106940
Error code
LCM-913
Issue
Unauthorized transaction
Secure account
Back to activity"
0314,screenshots/synthetic_bank_0314.png,Tanglish,Latin,clean,"18:30
4G
Nova Mobile Banking
Secure transaction centre
DECLINED
LKR 807.55
Card payment decline aayiduchu.
Date & time
10 Dec 2025 • 04:40
Reference
NMB-2512-515965
Error code
ITN-260
Issue
Card payment declined
Get help
Back to activity"
0314,screenshots/augmented/synthetic_bank_0314_blur.png,Tanglish,Latin,blur,"18:30
4G
Nova Mobile Banking
Secure transaction centre
DECLINED
LKR 807.55
Card payment decline aayiduchu.
Date & time
10 Dec 2025 • 04:40
Reference
NMB-2512-515965
Error code
ITN-260
Issue
Card payment declined
Get help
Back to activity"
0314,screenshots/augmented/synthetic_bank_0314_rot.png,Tanglish,Latin,rotation,"18:30
4G
Nova Mobile Banking
Secure transaction centre
DECLINED
LKR 807.55
Card payment decline aayiduchu.
Date & time
10 Dec 2025 • 04:40
Reference
NMB-2512-515965
Error code
ITN-260
Issue
Card payment declined
Get help
Back to activity"
0314,screenshots/augmented/synthetic_bank_0314_lowres.png,Tanglish,Latin,low-resolution,"18:30
4G
Nova Mobile Banking
Secure transaction centre
DECLINED
LKR 807.55
Card payment decline aayiduchu.
Date & time
10 Dec 2025 • 04:40
Reference
NMB-2512-515965
Error code
ITN-260
Issue
Card payment declined
Get help
Back to activity"
0315,screenshots/synthetic_bank_0315.png,Tamil,Tamil,clean,"19:00
4G
Nova Mobile Banking
Secure transaction centre
FAILED
EUR 2,121.04
பணப் பரிமாற்றத்தை நிறைவு செய்ய முடியவில்லை.
Date & time
24 Jan 2024 • 18:43
Reference
NMB-2401-454214
Error code
XRE-248
Issue
Transfer failed
Get help
Back to activity"
0315,screenshots/augmented/synthetic_bank_0315_blur.png,Tamil,Tamil,blur,"19:00
4G
Nova Mobile Banking
Secure transaction centre
FAILED
EUR 2,121.04
பணப் பரிமாற்றத்தை நிறைவு செய்ய முடியவில்லை.
Date & time
24 Jan 2024 • 18:43
Reference
NMB-2401-454214
Error code
XRE-248
Issue
Transfer failed
Get help
Back to activity"
0315,screenshots/augmented/synthetic_bank_0315_rot.png,Tamil,Tamil,rotation,"19:00
4G
Nova Mobile Banking
Secure transaction centre
FAILED
EUR 2,121.04
பணப் பரிமாற்றத்தை நிறைவு செய்ய முடியவில்லை.
Date & time
24 Jan 2024 • 18:43
Reference
NMB-2401-454214
Error code
XRE-248
Issue
Transfer failed
Get help
Back to activity"
0315,screenshots/augmented/synthetic_bank_0315_lowres.png,Tamil,Tamil,low-resolution,"19:00
4G
Nova Mobile Banking
Secure transaction centre
FAILED
EUR 2,121.04
பணப் பரிமாற்றத்தை நிறைவு செய்ய முடியவில்லை.
Date & time
24 Jan 2024 • 18:43
Reference
NMB-2401-454214
Error code
XRE-248
Issue
Transfer failed
Get help
Back to activity"
0316,screenshots/synthetic_bank_0316.png,Singlish,Latin,clean,"11:10
4G
Nova Mobile Banking
Secure transaction centre
PENDING
SGD 298.47
Transfer eka thawama process wenawa.
Date & time
17 Mar 2026 • 06:19
Reference
NMB-2603-672235
Error code
EIF-202
Issue
Transfer pending
Get help
Back to activity"
0316,screenshots/augmented/synthetic_bank_0316_blur.png,Singlish,Latin,blur,"11:10
4G
Nova Mobile Banking
Secure transaction centre
PENDING
SGD 298.47
Transfer eka thawama process wenawa.
Date & time
17 Mar 2026 • 06:19
Reference
NMB-2603-672235
Error code
EIF-202
Issue
Transfer pending
Get help
Back to activity"
0316,screenshots/augmented/synthetic_bank_0316_rot.png,Singlish,Latin,rotation,"11:10
4G
Nova Mobile Banking
Secure transaction centre
PENDING
SGD 298.47
Transfer eka thawama process wenawa.
Date & time
17 Mar 2026 • 06:19
Reference
NMB-2603-672235
Error code
EIF-202
Issue
Transfer pending
Get help
Back to activity"
0316,screenshots/augmented/synthetic_bank_0316_lowres.png,Singlish,Latin,low-resolution,"11:10
4G
Nova Mobile Banking
Secure transaction centre
PENDING
SGD 298.47
Transfer eka thawama process wenawa.
Date & time
17 Mar 2026 • 06:19
Reference
NMB-2603-672235
Error code
EIF-202
Issue
Transfer pending
Get help
Back to activity"
0317,screenshots/synthetic_bank_0317.png,English,Latin,clean,"22:30
4G
Nova Mobile Banking
Secure transaction centre
FAILED
USD 1,979.52
The new beneficiary could not be added.
Date & time
11 Apr 2024 • 11:16
Reference
NMB-2404-985567
Error code
VNF-606
Issue
Beneficiary not added
Get help
Back to activity"
0317,screenshots/augmented/synthetic_bank_0317_blur.png,English,Latin,blur,"22:30
4G
Nova Mobile Banking
Secure transaction centre
FAILED
USD 1,979.52
The new beneficiary could not be added.
Date & time
11 Apr 2024 • 11:16
Reference
NMB-2404-985567
Error code
VNF-606
Issue
Beneficiary not added
Get help
Back to activity"
0317,screenshots/augmented/synthetic_bank_0317_rot.png,English,Latin,rotation,"22:30
4G
Nova Mobile Banking
Secure transaction centre
FAILED
USD 1,979.52
The new beneficiary could not be added.
Date & time
11 Apr 2024 • 11:16
Reference
NMB-2404-985567
Error code
VNF-606
Issue
Beneficiary not added
Get help
Back to activity"
0317,screenshots/augmented/synthetic_bank_0317_lowres.png,English,Latin,low-resolution,"22:30
4G
Nova Mobile Banking
Secure transaction centre
FAILED
USD 1,979.52
The new beneficiary could not be added.
Date & time
11 Apr 2024 • 11:16
Reference
NMB-2404-985567
Error code
VNF-606
Issue
Beneficiary not added
Get help
Back to activity"
0318,screenshots/synthetic_bank_0318.png,Tanglish,Latin,clean,"11:15
4G
Nova Mobile Banking
Secure transaction centre
DECLINED
LKR 938.38
Card payment decline aayiduchu.
Date & time
11 Jan 2026 • 21:47
Reference
NMB-2601-627055
Error code
ZXG-137
Issue
Card payment declined
Get help
Back to activity"
0318,screenshots/augmented/synthetic_bank_0318_blur.png,Tanglish,Latin,blur,"11:15
4G
Nova Mobile Banking
Secure transaction centre
DECLINED
LKR 938.38
Card payment decline aayiduchu.
Date & time
11 Jan 2026 • 21:47
Reference
NMB-2601-627055
Error code
ZXG-137
Issue
Card payment declined
Get help
Back to activity"
0318,screenshots/augmented/synthetic_bank_0318_rot.png,Tanglish,Latin,rotation,"11:15
4G
Nova Mobile Banking
Secure transaction centre
DECLINED
LKR 938.38
Card payment decline aayiduchu.
Date & time
11 Jan 2026 • 21:47
Reference
NMB-2601-627055
Error code
ZXG-137
Issue
Card payment declined
Get help
Back to activity"
0318,screenshots/augmented/synthetic_bank_0318_lowres.png,Tanglish,Latin,low-resolution,"11:15
4G
Nova Mobile Banking
Secure transaction centre
DECLINED
LKR 938.38
Card payment decline aayiduchu.
Date & time
11 Jan 2026 • 21:47
Reference
NMB-2601-627055
Error code
ZXG-137
Issue
Card payment declined
Get help
Back to activity"
0319,screenshots/synthetic_bank_0319.png,Singlish,Latin,clean,"15:00
4G
Nova Mobile Banking
Secure transaction centre
URGENT
USD 2,273.54
Card eka horakam kala; danma freeze karanna.
Date & time
18 Dec 2025 • 09:23
Reference
NMB-2512-749107
Error code
CYK-188
Issue
Card stolen
Freeze card
Back to activity"
0319,screenshots/augmented/synthetic_bank_0319_blur.png,Singlish,Latin,blur,"15:00
4G
Nova Mobile Banking
Secure transaction centre
URGENT
USD 2,273.54
Card eka horakam kala; danma freeze karanna.
Date & time
18 Dec 2025 • 09:23
Reference
NMB-2512-749107
Error code
CYK-188
Issue
Card stolen
Freeze card
Back to activity"
0319,screenshots/augmented/synthetic_bank_0319_rot.png,Singlish,Latin,rotation,"15:00
4G
Nova Mobile Banking
Secure transaction centre
URGENT
USD 2,273.54
Card eka horakam kala; danma freeze karanna.
Date & time
18 Dec 2025 • 09:23
Reference
NMB-2512-749107
Error code
CYK-188
Issue
Card stolen
Freeze card
Back to activity"
0319,screenshots/augmented/synthetic_bank_0319_lowres.png,Singlish,Latin,low-resolution,"15:00
4G
Nova Mobile Banking
Secure transaction centre
URGENT
USD 2,273.54
Card eka horakam kala; danma freeze karanna.
Date & time
18 Dec 2025 • 09:23
Reference
NMB-2512-749107
Error code
CYK-188
Issue
Card stolen
Freeze card
Back to activity"
0320,screenshots/synthetic_bank_0320.png,Mixed-language,Latin,clean,"15:15
4G
Nova Mobile Banking
Secure transaction centre
FAILED
GBP 630.62
Salli transfer eka complete une naha. Money transfer complete aagala.
Date & time
23 Jan 2026 • 23:47
Reference
NMB-2601-494253
Error code
FGY-518
Issue
Transfer failed
Get help
Back to activity"
0320,screenshots/augmented/synthetic_bank_0320_blur.png,Mixed-language,Latin,blur,"15:15
4G
Nova Mobile Banking
Secure transaction centre
FAILED
GBP 630.62
Salli transfer eka complete une naha. Money transfer complete aagala.
Date & time
23 Jan 2026 • 23:47
Reference
NMB-2601-494253
Error code
FGY-518
Issue
Transfer failed
Get help
Back to activity"
0320,screenshots/augmented/synthetic_bank_0320_rot.png,Mixed-language,Latin,rotation,"15:15
4G
Nova Mobile Banking
Secure transaction centre
FAILED
GBP 630.62
Salli transfer eka complete une naha. Money transfer complete aagala.
Date & time
23 Jan 2026 • 23:47
Reference
NMB-2601-494253
Error code
FGY-518
Issue
Transfer failed
Get help
Back to activity"
0320,screenshots/augmented/synthetic_bank_0320_lowres.png,Mixed-language,Latin,low-resolution,"15:15
4G
Nova Mobile Banking
Secure transaction centre
FAILED
GBP 630.62
Salli transfer eka complete une naha. Money transfer complete aagala.
Date & time
23 Jan 2026 • 23:47
Reference
NMB-2601-494253
Error code
FGY-518
Issue
Transfer failed
Get help
Back to activity"
0321,screenshots/synthetic_bank_0321.png,Singlish,Latin,clean,"22:30
4G
Nova Mobile Banking
Secure transaction centre
FAILED
GBP 1,872.13
Salli ganna transaction eka fail una.
Date & time
20 Jan 2026 • 07:45
Reference
NMB-2601-238074
Error code
FHZ-810
Issue
Cash withdrawal failure
Get help
Back to activity"
0321,screenshots/augmented/synthetic_bank_0321_blur.png,Singlish,Latin,blur,"22:30
4G
Nova Mobile Banking
Secure transaction centre
FAILED
GBP 1,872.13
Salli ganna transaction eka fail una.
Date & time
20 Jan 2026 • 07:45
Reference
NMB-2601-238074
Error code
FHZ-810
Issue
Cash withdrawal failure
Get help
Back to activity"
0321,screenshots/augmented/synthetic_bank_0321_rot.png,Singlish,Latin,rotation,"22:30
4G
Nova Mobile Banking
Secure transaction centre
FAILED
GBP 1,872.13
Salli ganna transaction eka fail una.
Date & time
20 Jan 2026 • 07:45
Reference
NMB-2601-238074
Error code
FHZ-810
Issue
Cash withdrawal failure
Get help
Back to activity"
0321,screenshots/augmented/synthetic_bank_0321_lowres.png,Singlish,Latin,low-resolution,"22:30
4G
Nova Mobile Banking
Secure transaction centre
FAILED
GBP 1,872.13
Salli ganna transaction eka fail una.
Date & time
20 Jan 2026 • 07:45
Reference
NMB-2601-238074
Error code
FHZ-810
Issue
Cash withdrawal failure
Get help
Back to activity"
0322,screenshots/synthetic_bank_0322.png,Mixed-language,Latin,clean,"14:15
4G
Nova Mobile Banking
Secure transaction centre
URGENT
LKR 2,221.39
Mama nodanna transaction ekak thiyenawa. Enakku theriyatha transaction irukku.
Date & time
14 Aug 2024 • 17:56
Reference
NMB-2408-313688
Error code
GOZ-583
Issue
Unauthorized transaction
Secure account
Back to activity"
0322,screenshots/augmented/synthetic_bank_0322_blur.png,Mixed-language,Latin,blur,"14:15
4G
Nova Mobile Banking
Secure transaction centre
URGENT
LKR 2,221.39
Mama nodanna transaction ekak thiyenawa. Enakku theriyatha transaction irukku.
Date & time
14 Aug 2024 • 17:56
Reference
NMB-2408-313688
Error code
GOZ-583
Issue
Unauthorized transaction
Secure account
Back to activity"
0322,screenshots/augmented/synthetic_bank_0322_rot.png,Mixed-language,Latin,rotation,"14:15
4G
Nova Mobile Banking
Secure transaction centre
URGENT
LKR 2,221.39
Mama nodanna transaction ekak thiyenawa. Enakku theriyatha transaction irukku.
Date & time
14 Aug 2024 • 17:56
Reference
NMB-2408-313688
Error code
GOZ-583
Issue
Unauthorized transaction
Secure account
Back to activity"
0322,screenshots/augmented/synthetic_bank_0322_lowres.png,Mixed-language,Latin,low-resolution,"14:15
4G
Nova Mobile Banking
Secure transaction centre
URGENT
LKR 2,221.39
Mama nodanna transaction ekak thiyenawa. Enakku theriyatha transaction irukku.
Date & time
14 Aug 2024 • 17:56
Reference
NMB-2408-313688
Error code
GOZ-583
Issue
Unauthorized transaction
Secure account
Back to activity"
0323,screenshots/synthetic_bank_0323.png,Sinhala,Sinhala,clean,"15:15
4G
Nova Mobile Banking
Secure transaction centre
DECLINED
EUR 780.36
ඔබගේ කාඩ් ගෙවීම ප්‍රතික්ෂේප විය.
Date & time
02 May 2024 • 11:25
Reference
NMB-2405-222598
Error code
VME-818
Issue
Card payment declined
Get help
Back to activity"
0323,screenshots/augmented/synthetic_bank_0323_blur.png,Sinhala,Sinhala,blur,"15:15
4G
Nova Mobile Banking
Secure transaction centre
DECLINED
EUR 780.36
ඔබගේ කාඩ් ගෙවීම ප්‍රතික්ෂේප විය.
Date & time
02 May 2024 • 11:25
Reference
NMB-2405-222598
Error code
VME-818
Issue
Card payment declined
Get help
Back to activity"
0323,screenshots/augmented/synthetic_bank_0323_rot.png,Sinhala,Sinhala,rotation,"15:15
4G
Nova Mobile Banking
Secure transaction centre
DECLINED
EUR 780.36
ඔබගේ කාඩ් ගෙවීම ප්‍රතික්ෂේප විය.
Date & time
02 May 2024 • 11:25
Reference
NMB-2405-222598
Error code
VME-818
Issue
Card payment declined
Get help
Back to activity"
0323,screenshots/augmented/synthetic_bank_0323_lowres.png,Sinhala,Sinhala,low-resolution,"15:15
4G
Nova Mobile Banking
Secure transaction centre
DECLINED
EUR 780.36
ඔබගේ කාඩ් ගෙවීම ප්‍රතික්ෂේප විය.
Date & time
02 May 2024 • 11:25
Reference
NMB-2405-222598
Error code
VME-818
Issue
Card payment declined
Get help
Back to activity"
0324,screenshots/synthetic_bank_0324.png,Tanglish,Latin,clean,"09:05
4G
Nova Mobile Banking
Secure transaction centre
PENDING
LKR 942.81
Refund innum pending-la irukku.
Date & time
05 Jan 2026 • 17:48
Reference
NMB-2601-972702
Error code
YVU-627
Issue
Refund pending
Get help
Back to activity"
0324,screenshots/augmented/synthetic_bank_0324_blur.png,Tanglish,Latin,blur,"09:05
4G
Nova Mobile Banking
Secure transaction centre
PENDING
LKR 942.81
Refund innum pending-la irukku.
Date & time
05 Jan 2026 • 17:48
Reference
NMB-2601-972702
Error code
YVU-627
Issue
Refund pending
Get help
Back to activity"
0324,screenshots/augmented/synthetic_bank_0324_rot.png,Tanglish,Latin,rotation,"09:05
4G
Nova Mobile Banking
Secure transaction centre
PENDING
LKR 942.81
Refund innum pending-la irukku.
Date & time
05 Jan 2026 • 17:48
Reference
NMB-2601-972702
Error code
YVU-627
Issue
Refund pending
Get help
Back to activity"
0324,screenshots/augmented/synthetic_bank_0324_lowres.png,Tanglish,Latin,low-resolution,"09:05
4G
Nova Mobile Banking
Secure transaction centre
PENDING
LKR 942.81
Refund innum pending-la irukku.
Date & time
05 Jan 2026 • 17:48
Reference
NMB-2601-972702
Error code
YVU-627
Issue
Refund pending
Get help
Back to activity"
0325,screenshots/synthetic_bank_0325.png,Tanglish,Latin,clean,"14:05
4G
Nova Mobile Banking
Secure transaction centre
REVIEW
LKR 1,503.65
Exchange rate sari illa pola.
Date & time
01 Apr 2025 • 00:11
Reference
NMB-2504-517535
Error code
JPZ-294
Issue
Wrong exchange rate
Get help
Back to activity"
0325,screenshots/augmented/synthetic_bank_0325_blur.png,Tanglish,Latin,blur,"14:05
4G
Nova Mobile Banking
Secure transaction centre
REVIEW
LKR 1,503.65
Exchange rate sari illa pola.
Date & time
01 Apr 2025 • 00:11
Reference
NMB-2504-517535
Error code
JPZ-294
Issue
Wrong exchange rate
Get help
Back to activity"
0325,screenshots/augmented/synthetic_bank_0325_rot.png,Tanglish,Latin,rotation,"14:05
4G
Nova Mobile Banking
Secure transaction centre
REVIEW
LKR 1,503.65
Exchange rate sari illa pola.
Date & time
01 Apr 2025 • 00:11
Reference
NMB-2504-517535
Error code
JPZ-294
Issue
Wrong exchange rate
Get help
Back to activity"
0325,screenshots/augmented/synthetic_bank_0325_lowres.png,Tanglish,Latin,low-resolution,"14:05
4G
Nova Mobile Banking
Secure transaction centre
REVIEW
LKR 1,503.65
Exchange rate sari illa pola.
Date & time
01 Apr 2025 • 00:11
Reference
NMB-2504-517535
Error code
JPZ-294
Issue
Wrong exchange rate
Get help
Back to activity"
0326,screenshots/synthetic_bank_0326.png,Singlish,Latin,clean,"16:10
4G
Nova Mobile Banking
Secure transaction centre
FAILED
USD 754.78
Salli ganna transaction eka fail una.
Date & time
29 Nov 2024 • 13:12
Reference
NMB-2411-818367
Error code
OWB-275
Issue
Cash withdrawal failure
Get help
Back to activity"
0326,screenshots/augmented/synthetic_bank_0326_blur.png,Singlish,Latin,blur,"16:10
4G
Nova Mobile Banking
Secure transaction centre
FAILED
USD 754.78
Salli ganna transaction eka fail una.
Date & time
29 Nov 2024 • 13:12
Reference
NMB-2411-818367
Error code
OWB-275
Issue
Cash withdrawal failure
Get help
Back to activity"
0326,screenshots/augmented/synthetic_bank_0326_rot.png,Singlish,Latin,rotation,"16:10
4G
Nova Mobile Banking
Secure transaction centre
FAILED
USD 754.78
Salli ganna transaction eka fail una.
Date & time
29 Nov 2024 • 13:12
Reference
NMB-2411-818367
Error code
OWB-275
Issue
Cash withdrawal failure
Get help
Back to activity"
0326,screenshots/augmented/synthetic_bank_0326_lowres.png,Singlish,Latin,low-resolution,"16:10
4G
Nova Mobile Banking
Secure transaction centre
FAILED
USD 754.78
Salli ganna transaction eka fail una.
Date & time
29 Nov 2024 • 13:12
Reference
NMB-2411-818367
Error code
OWB-275
Issue
Cash withdrawal failure
Get help
Back to activity"
0327,screenshots/synthetic_bank_0327.png,Singlish,Latin,clean,"12:05
4G
Nova Mobile Banking
Secure transaction centre
FAILED
USD 911.86
Beneficiary add karanna bari una.
Date & time
06 Apr 2024 • 15:44
Reference
NMB-2404-531289
Error code
KNI-673
Issue
Beneficiary not added
Get help
Back to activity"
0327,screenshots/augmented/synthetic_bank_0327_blur.png,Singlish,Latin,blur,"12:05
4G
Nova Mobile Banking
Secure transaction centre
FAILED
USD 911.86
Beneficiary add karanna bari una.
Date & time
06 Apr 2024 • 15:44
Reference
NMB-2404-531289
Error code
KNI-673
Issue
Beneficiary not added
Get help
Back to activity"
0327,screenshots/augmented/synthetic_bank_0327_rot.png,Singlish,Latin,rotation,"12:05
4G
Nova Mobile Banking
Secure transaction centre
FAILED
USD 911.86
Beneficiary add karanna bari una.
Date & time
06 Apr 2024 • 15:44
Reference
NMB-2404-531289
Error code
KNI-673
Issue
Beneficiary not added
Get help
Back to activity"
0327,screenshots/augmented/synthetic_bank_0327_lowres.png,Singlish,Latin,low-resolution,"12:05
4G
Nova Mobile Banking
Secure transaction centre
FAILED
USD 911.86
Beneficiary add karanna bari una.
Date & time
06 Apr 2024 • 15:44
Reference
NMB-2404-531289
Error code
KNI-673
Issue
Beneficiary not added
Get help
Back to activity"
0328,screenshots/synthetic_bank_0328.png,Sinhala,Sinhala,clean,"22:15
4G
Nova Mobile Banking
Secure transaction centre
DECLINED
GBP 1,609.23
ඔබගේ කාඩ් ගෙවීම ප්‍රතික්ෂේප විය.
Date & time
10 Dec 2025 • 10:29
Reference
NMB-2512-608465
Error code
LDS-125
Issue
Card payment declined
Get help
Back to activity"
0328,screenshots/augmented/synthetic_bank_0328_blur.png,Sinhala,Sinhala,blur,"22:15
4G
Nova Mobile Banking
Secure transaction centre
DECLINED
GBP 1,609.23
ඔබගේ කාඩ් ගෙවීම ප්‍රතික්ෂේප විය.
Date & time
10 Dec 2025 • 10:29
Reference
NMB-2512-608465
Error code
LDS-125
Issue
Card payment declined
Get help
Back to activity"
0328,screenshots/augmented/synthetic_bank_0328_rot.png,Sinhala,Sinhala,rotation,"22:15
4G
Nova Mobile Banking
Secure transaction centre
DECLINED
GBP 1,609.23
ඔබගේ කාඩ් ගෙවීම ප්‍රතික්ෂේප විය.
Date & time
10 Dec 2025 • 10:29
Reference
NMB-2512-608465
Error code
LDS-125
Issue
Card payment declined
Get help
Back to activity"
0328,screenshots/augmented/synthetic_bank_0328_lowres.png,Sinhala,Sinhala,low-resolution,"22:15
4G
Nova Mobile Banking
Secure transaction centre
DECLINED
GBP 1,609.23
ඔබගේ කාඩ් ගෙවීම ප්‍රතික්ෂේප විය.
Date & time
10 Dec 2025 • 10:29
Reference
NMB-2512-608465
Error code
LDS-125
Issue
Card payment declined
Get help
Back to activity"
0329,screenshots/synthetic_bank_0329.png,Sinhala,Sinhala,clean,"20:45
4G
Nova Mobile Banking
Secure transaction centre
PENDING
LKR 1,228.94
ඔබගේ මුදල් ආපසු ගෙවීම තවම පවතී.
Date & time
22 Sep 2025 • 01:31
Reference
NMB-2509-544286
Error code
STP-648
Issue
Refund pending
Get help
Back to activity"
0329,screenshots/augmented/synthetic_bank_0329_blur.png,Sinhala,Sinhala,blur,"20:45
4G
Nova Mobile Banking
Secure transaction centre
PENDING
LKR 1,228.94
ඔබගේ මුදල් ආපසු ගෙවීම තවම පවතී.
Date & time
22 Sep 2025 • 01:31
Reference
NMB-2509-544286
Error code
STP-648
Issue
Refund pending
Get help
Back to activity"
0329,screenshots/augmented/synthetic_bank_0329_rot.png,Sinhala,Sinhala,rotation,"20:45
4G
Nova Mobile Banking
Secure transaction centre
PENDING
LKR 1,228.94
ඔබගේ මුදල් ආපසු ගෙවීම තවම පවතී.
Date & time
22 Sep 2025 • 01:31
Reference
NMB-2509-544286
Error code
STP-648
Issue
Refund pending
Get help
Back to activity"
0329,screenshots/augmented/synthetic_bank_0329_lowres.png,Sinhala,Sinhala,low-resolution,"20:45
4G
Nova Mobile Banking
Secure transaction centre
PENDING
LKR 1,228.94
ඔබගේ මුදල් ආපසු ගෙවීම තවම පවතී.
Date & time
22 Sep 2025 • 01:31
Reference
NMB-2509-544286
Error code
STP-648
Issue
Refund pending
Get help
Back to activity"
0330,screenshots/synthetic_bank_0330.png,English,Latin,clean,"17:10
4G
Nova Mobile Banking
Secure transaction centre
FAILED
GBP 1,102.17
We could not complete this cash withdrawal.
Date & time
20 Jun 2026 • 11:50
Reference
NMB-2606-132354
Error code
RAW-580
Issue
Cash withdrawal failure
Get help
Back to activity"
0330,screenshots/augmented/synthetic_bank_0330_blur.png,English,Latin,blur,"17:10
4G
Nova Mobile Banking
Secure transaction centre
FAILED
GBP 1,102.17
We could not complete this cash withdrawal.
Date & time
20 Jun 2026 • 11:50
Reference
NMB-2606-132354
Error code
RAW-580
Issue
Cash withdrawal failure
Get help
Back to activity"
0330,screenshots/augmented/synthetic_bank_0330_rot.png,English,Latin,rotation,"17:10
4G
Nova Mobile Banking
Secure transaction centre
FAILED
GBP 1,102.17
We could not complete this cash withdrawal.
Date & time
20 Jun 2026 • 11:50
Reference
NMB-2606-132354
Error code
RAW-580
Issue
Cash withdrawal failure
Get help
Back to activity"
0330,screenshots/augmented/synthetic_bank_0330_lowres.png,English,Latin,low-resolution,"17:10
4G
Nova Mobile Banking
Secure transaction centre
FAILED
GBP 1,102.17
We could not complete this cash withdrawal.
Date & time
20 Jun 2026 • 11:50
Reference
NMB-2606-132354
Error code
RAW-580
Issue
Cash withdrawal failure
Get help
Back to activity"
0331,screenshots/synthetic_bank_0331.png,English,Latin,clean,"21:05
4G
Nova Mobile Banking
Secure transaction centre
FAILED
LKR 703.96
We could not complete this cash withdrawal.
Date & time
04 Jun 2025 • 05:12
Reference
NMB-2506-222931
Error code
ZKT-706
Issue
Cash withdrawal failure
Get help
Back to activity"
0331,screenshots/augmented/synthetic_bank_0331_blur.png,English,Latin,blur,"21:05
4G
Nova Mobile Banking
Secure transaction centre
FAILED
LKR 703.96
We could not complete this cash withdrawal.
Date & time
04 Jun 2025 • 05:12
Reference
NMB-2506-222931
Error code
ZKT-706
Issue
Cash withdrawal failure
Get help
Back to activity"
0331,screenshots/augmented/synthetic_bank_0331_rot.png,English,Latin,rotation,"21:05
4G
Nova Mobile Banking
Secure transaction centre
FAILED
LKR 703.96
We could not complete this cash withdrawal.
Date & time
04 Jun 2025 • 05:12
Reference
NMB-2506-222931
Error code
ZKT-706
Issue
Cash withdrawal failure
Get help
Back to activity"
0331,screenshots/augmented/synthetic_bank_0331_lowres.png,English,Latin,low-resolution,"21:05
4G
Nova Mobile Banking
Secure transaction centre
FAILED
LKR 703.96
We could not complete this cash withdrawal.
Date & time
04 Jun 2025 • 05:12
Reference
NMB-2506-222931
Error code
ZKT-706
Issue
Cash withdrawal failure
Get help
Back to activity"
0332,screenshots/synthetic_bank_0332.png,Mixed-language,Latin,clean,"19:45
4G
Nova Mobile Banking
Secure transaction centre
FAILED
LKR 601.74
Salli transfer eka complete une naha. Money transfer complete aagala.
Date & time
09 Mar 2026 • 04:46
Reference
NMB-2603-793056
Error code
FRB-106
Issue
Transfer failed
Get help
Back to activity"
0332,screenshots/augmented/synthetic_bank_0332_blur.png,Mixed-language,Latin,blur,"19:45
4G
Nova Mobile Banking
Secure transaction centre
FAILED
LKR 601.74
Salli transfer eka complete une naha. Money transfer complete aagala.
Date & time
09 Mar 2026 • 04:46
Reference
NMB-2603-793056
Error code
FRB-106
Issue
Transfer failed
Get help
Back to activity"
0332,screenshots/augmented/synthetic_bank_0332_rot.png,Mixed-language,Latin,rotation,"19:45
4G
Nova Mobile Banking
Secure transaction centre
FAILED
LKR 601.74
Salli transfer eka complete une naha. Money transfer complete aagala.
Date & time
09 Mar 2026 • 04:46
Reference
NMB-2603-793056
Error code
FRB-106
Issue
Transfer failed
Get help
Back to activity"
0332,screenshots/augmented/synthetic_bank_0332_lowres.png,Mixed-language,Latin,low-resolution,"19:45
4G
Nova Mobile Banking
Secure transaction centre
FAILED
LKR 601.74
Salli transfer eka complete une naha. Money transfer complete aagala.
Date & time
09 Mar 2026 • 04:46
Reference
NMB-2603-793056
Error code
FRB-106
Issue
Transfer failed
Get help
Back to activity"
0333,screenshots/synthetic_bank_0333.png,Mixed-language,Latin,clean,"10:30
4G
Nova Mobile Banking
Secure transaction centre
FAILED
EUR 1,531.76
Salli transfer eka complete une naha. Money transfer complete aagala.
Date & time
02 Oct 2024 • 13:12
Reference
NMB-2410-430789
Error code
DCT-293
Issue
Transfer failed
Get help
Back to activity"
0333,screenshots/augmented/synthetic_bank_0333_blur.png,Mixed-language,Latin,blur,"10:30
4G
Nova Mobile Banking
Secure transaction centre
FAILED
EUR 1,531.76
Salli transfer eka complete une naha. Money transfer complete aagala.
Date & time
02 Oct 2024 • 13:12
Reference
NMB-2410-430789
Error code
DCT-293
Issue
Transfer failed
Get help
Back to activity"
0333,screenshots/augmented/synthetic_bank_0333_rot.png,Mixed-language,Latin,rotation,"10:30
4G
Nova Mobile Banking
Secure transaction centre
FAILED
EUR 1,531.76
Salli transfer eka complete une naha. Money transfer complete aagala.
Date & time
02 Oct 2024 • 13:12
Reference
NMB-2410-430789
Error code
DCT-293
Issue
Transfer failed
Get help
Back to activity"
0333,screenshots/augmented/synthetic_bank_0333_lowres.png,Mixed-language,Latin,low-resolution,"10:30
4G
Nova Mobile Banking
Secure transaction centre
FAILED
EUR 1,531.76
Salli transfer eka complete une naha. Money transfer complete aagala.
Date & time
02 Oct 2024 • 13:12
Reference
NMB-2410-430789
Error code
DCT-293
Issue
Transfer failed
Get help
Back to activity"
0334,screenshots/synthetic_bank_0334.png,English,Latin,clean,"20:45
4G
Nova Mobile Banking
Secure transaction centre
PENDING
GBP 2,280.00
Your transfer is still being processed.
Date & time
03 Feb 2024 • 12:05
Reference
NMB-2402-444883
Error code
FNS-954
Issue
Transfer pending
Get help
Back to activity"
0334,screenshots/augmented/synthetic_bank_0334_blur.png,English,Latin,blur,"20:45
4G
Nova Mobile Banking
Secure transaction centre
PENDING
GBP 2,280.00
Your transfer is still being processed.
Date & time
03 Feb 2024 • 12:05
Reference
NMB-2402-444883
Error code
FNS-954
Issue
Transfer pending
Get help
Back to activity"
0334,screenshots/augmented/synthetic_bank_0334_rot.png,English,Latin,rotation,"20:45
4G
Nova Mobile Banking
Secure transaction centre
PENDING
GBP 2,280.00
Your transfer is still being processed.
Date & time
03 Feb 2024 • 12:05
Reference
NMB-2402-444883
Error code
FNS-954
Issue
Transfer pending
Get help
Back to activity"
0334,screenshots/augmented/synthetic_bank_0334_lowres.png,English,Latin,low-resolution,"20:45
4G
Nova Mobile Banking
Secure transaction centre
PENDING
GBP 2,280.00
Your transfer is still being processed.
Date & time
03 Feb 2024 • 12:05
Reference
NMB-2402-444883
Error code
FNS-954
Issue
Transfer pending
Get help
Back to activity"
0335,screenshots/synthetic_bank_0335.png,Tamil,Tamil,clean,"14:45
4G
Nova Mobile Banking
Secure transaction centre
REVIEW
USD 1,713.80
இந்தப் பரிவர்த்தனை இருமுறை காணப்படுகிறது.
Date & time
31 Oct 2025 • 22:13
Reference
NMB-2510-333821
Error code
AKV-530
Issue
Duplicate transaction
Get help
Back to activity"
0335,screenshots/augmented/synthetic_bank_0335_blur.png,Tamil,Tamil,blur,"14:45
4G
Nova Mobile Banking
Secure transaction centre
REVIEW
USD 1,713.80
இந்தப் பரிவர்த்தனை இருமுறை காணப்படுகிறது.
Date & time
31 Oct 2025 • 22:13
Reference
NMB-2510-333821
Error code
AKV-530
Issue
Duplicate transaction
Get help
Back to activity"
0335,screenshots/augmented/synthetic_bank_0335_rot.png,Tamil,Tamil,rotation,"14:45
4G
Nova Mobile Banking
Secure transaction centre
REVIEW
USD 1,713.80
இந்தப் பரிவர்த்தனை இருமுறை காணப்படுகிறது.
Date & time
31 Oct 2025 • 22:13
Reference
NMB-2510-333821
Error code
AKV-530
Issue
Duplicate transaction
Get help
Back to activity"
0335,screenshots/augmented/synthetic_bank_0335_lowres.png,Tamil,Tamil,low-resolution,"14:45
4G
Nova Mobile Banking
Secure transaction centre
REVIEW
USD 1,713.80
இந்தப் பரிவர்த்தனை இருமுறை காணப்படுகிறது.
Date & time
31 Oct 2025 • 22:13
Reference
NMB-2510-333821
Error code
AKV-530
Issue
Duplicate transaction
Get help
Back to activity"
0336,screenshots/synthetic_bank_0336.png,English,Latin,clean,"10:30
4G
Nova Mobile Banking
Secure transaction centre
PENDING
GBP 860.91
Your transfer is still being processed.
Date & time
20 Oct 2025 • 18:56
Reference
NMB-2510-333389
Error code
RGF-260
Issue
Transfer pending
Get help
Back to activity"
0336,screenshots/augmented/synthetic_bank_0336_blur.png,English,Latin,blur,"10:30
4G
Nova Mobile Banking
Secure transaction centre
PENDING
GBP 860.91
Your transfer is still being processed.
Date & time
20 Oct 2025 • 18:56
Reference
NMB-2510-333389
Error code
RGF-260
Issue
Transfer pending
Get help
Back to activity"
0336,screenshots/augmented/synthetic_bank_0336_rot.png,English,Latin,rotation,"10:30
4G
Nova Mobile Banking
Secure transaction centre
PENDING
GBP 860.91
Your transfer is still being processed.
Date & time
20 Oct 2025 • 18:56
Reference
NMB-2510-333389
Error code
RGF-260
Issue
Transfer pending
Get help
Back to activity"
0336,screenshots/augmented/synthetic_bank_0336_lowres.png,English,Latin,low-resolution,"10:30
4G
Nova Mobile Banking
Secure transaction centre
PENDING
GBP 860.91
Your transfer is still being processed.
Date & time
20 Oct 2025 • 18:56
Reference
NMB-2510-333389
Error code
RGF-260
Issue
Transfer pending
Get help
Back to activity"
0337,screenshots/synthetic_bank_0337.png,Tanglish,Latin,clean,"17:00
4G
Nova Mobile Banking
Secure transaction centre
DECLINED
USD 1,866.25
Card payment decline aayiduchu.
Date & time
19 Jan 2026 • 13:32
Reference
NMB-2601-711127
Error code
NZF-233
Issue
Card payment declined
Get help
Back to activity"
0337,screenshots/augmented/synthetic_bank_0337_blur.png,Tanglish,Latin,blur,"17:00
4G
Nova Mobile Banking
Secure transaction centre
DECLINED
USD 1,866.25
Card payment decline aayiduchu.
Date & time
19 Jan 2026 • 13:32
Reference
NMB-2601-711127
Error code
NZF-233
Issue
Card payment declined
Get help
Back to activity"
0337,screenshots/augmented/synthetic_bank_0337_rot.png,Tanglish,Latin,rotation,"17:00
4G
Nova Mobile Banking
Secure transaction centre
DECLINED
USD 1,866.25
Card payment decline aayiduchu.
Date & time
19 Jan 2026 • 13:32
Reference
NMB-2601-711127
Error code
NZF-233
Issue
Card payment declined
Get help
Back to activity"
0337,screenshots/augmented/synthetic_bank_0337_lowres.png,Tanglish,Latin,low-resolution,"17:00
4G
Nova Mobile Banking
Secure transaction centre
DECLINED
USD 1,866.25
Card payment decline aayiduchu.
Date & time
19 Jan 2026 • 13:32
Reference
NMB-2601-711127
Error code
NZF-233
Issue
Card payment declined
Get help
Back to activity"
0338,screenshots/synthetic_bank_0338.png,Singlish,Latin,clean,"08:00
4G
Nova Mobile Banking
Secure transaction centre
URGENT
USD 771.19
Card eka horakam kala; danma freeze karanna.
Date & time
13 Aug 2024 • 07:34
Reference
NMB-2408-175368
Error code
TJL-376
Issue
Card stolen
Freeze card
Back to activity"
0338,screenshots/augmented/synthetic_bank_0338_blur.png,Singlish,Latin,blur,"08:00
4G
Nova Mobile Banking
Secure transaction centre
URGENT
USD 771.19
Card eka horakam kala; danma freeze karanna.
Date & time
13 Aug 2024 • 07:34
Reference
NMB-2408-175368
Error code
TJL-376
Issue
Card stolen
Freeze card
Back to activity"
0338,screenshots/augmented/synthetic_bank_0338_rot.png,Singlish,Latin,rotation,"08:00
4G
Nova Mobile Banking
Secure transaction centre
URGENT
USD 771.19
Card eka horakam kala; danma freeze karanna.
Date & time
13 Aug 2024 • 07:34
Reference
NMB-2408-175368
Error code
TJL-376
Issue
Card stolen
Freeze card
Back to activity"
0338,screenshots/augmented/synthetic_bank_0338_lowres.png,Singlish,Latin,low-resolution,"08:00
4G
Nova Mobile Banking
Secure transaction centre
URGENT
USD 771.19
Card eka horakam kala; danma freeze karanna.
Date & time
13 Aug 2024 • 07:34
Reference
NMB-2408-175368
Error code
TJL-376
Issue
Card stolen
Freeze card
Back to activity"
0339,screenshots/synthetic_bank_0339.png,English,Latin,clean,"12:15
4G
Nova Mobile Banking
Secure transaction centre
WAITING
GBP 1,468.43
The verification code has not arrived.
Date & time
16 May 2025 • 15:42
Reference
NMB-2505-840545
Error code
PCW-776
Issue
OTP not received
Get help
Back to activity"
0339,screenshots/augmented/synthetic_bank_0339_blur.png,English,Latin,blur,"12:15
4G
Nova Mobile Banking
Secure transaction centre
WAITING
GBP 1,468.43
The verification code has not arrived.
Date & time
16 May 2025 • 15:42
Reference
NMB-2505-840545
Error code
PCW-776
Issue
OTP not received
Get help
Back to activity"
0339,screenshots/augmented/synthetic_bank_0339_rot.png,English,Latin,rotation,"12:15
4G
Nova Mobile Banking
Secure transaction centre
WAITING
GBP 1,468.43
The verification code has not arrived.
Date & time
16 May 2025 • 15:42
Reference
NMB-2505-840545
Error code
PCW-776
Issue
OTP not received
Get help
Back to activity"
0339,screenshots/augmented/synthetic_bank_0339_lowres.png,English,Latin,low-resolution,"12:15
4G
Nova Mobile Banking
Secure transaction centre
WAITING
GBP 1,468.43
The verification code has not arrived.
Date & time
16 May 2025 • 15:42
Reference
NMB-2505-840545
Error code
PCW-776
Issue
OTP not received
Get help
Back to activity"
0340,screenshots/synthetic_bank_0340.png,Mixed-language,Latin,clean,"12:10
4G
Nova Mobile Banking
Secure transaction centre
REVIEW
EUR 2,292.77
ATM charge eka waradi wage. ATM charge thappa irukku.
Date & time
07 May 2025 • 00:59
Reference
NMB-2505-811311
Error code
DBM-473
Issue
Cash withdrawal charged incorrectly
Get help
Back to activity"
0340,screenshots/augmented/synthetic_bank_0340_blur.png,Mixed-language,Latin,blur,"12:10
4G
Nova Mobile Banking
Secure transaction centre
REVIEW
EUR 2,292.77
ATM charge eka waradi wage. ATM charge thappa irukku.
Date & time
07 May 2025 • 00:59
Reference
NMB-2505-811311
Error code
DBM-473
Issue
Cash withdrawal charged incorrectly
Get help
Back to activity"
0340,screenshots/augmented/synthetic_bank_0340_rot.png,Mixed-language,Latin,rotation,"12:10
4G
Nova Mobile Banking
Secure transaction centre
REVIEW
EUR 2,292.77
ATM charge eka waradi wage. ATM charge thappa irukku.
Date & time
07 May 2025 • 00:59
Reference
NMB-2505-811311
Error code
DBM-473
Issue
Cash withdrawal charged incorrectly
Get help
Back to activity"
0340,screenshots/augmented/synthetic_bank_0340_lowres.png,Mixed-language,Latin,low-resolution,"12:10
4G
Nova Mobile Banking
Secure transaction centre
REVIEW
EUR 2,292.77
ATM charge eka waradi wage. ATM charge thappa irukku.
Date & time
07 May 2025 • 00:59
Reference
NMB-2505-811311
Error code
DBM-473
Issue
Cash withdrawal charged incorrectly
Get help
Back to activity"
0341,screenshots/synthetic_bank_0341.png,English,Latin,clean,"17:15
4G
Nova Mobile Banking
Secure transaction centre
URGENT
SGD 1,215.12
Freeze your stolen card immediately.
Date & time
17 Jun 2024 • 19:26
Reference
NMB-2406-438949
Error code
AWS-584
Issue
Card stolen
Freeze card
Back to activity"
0341,screenshots/augmented/synthetic_bank_0341_blur.png,English,Latin,blur,"17:15
4G
Nova Mobile Banking
Secure transaction centre
URGENT
SGD 1,215.12
Freeze your stolen card immediately.
Date & time
17 Jun 2024 • 19:26
Reference
NMB-2406-438949
Error code
AWS-584
Issue
Card stolen
Freeze card
Back to activity"
0341,screenshots/augmented/synthetic_bank_0341_rot.png,English,Latin,rotation,"17:15
4G
Nova Mobile Banking
Secure transaction centre
URGENT
SGD 1,215.12
Freeze your stolen card immediately.
Date & time
17 Jun 2024 • 19:26
Reference
NMB-2406-438949
Error code
AWS-584
Issue
Card stolen
Freeze card
Back to activity"
0341,screenshots/augmented/synthetic_bank_0341_lowres.png,English,Latin,low-resolution,"17:15
4G
Nova Mobile Banking
Secure transaction centre
URGENT
SGD 1,215.12
Freeze your stolen card immediately.
Date & time
17 Jun 2024 • 19:26
Reference
NMB-2406-438949
Error code
AWS-584
Issue
Card stolen
Freeze card
Back to activity"
0342,screenshots/synthetic_bank_0342.png,Mixed-language,Latin,clean,"22:10
4G
Nova Mobile Banking
Secure transaction centre
REVIEW
LKR 2,266.44
Transaction eka deparak penenawa. Transaction rendu murai kaatuthu.
Date & time
21 Mar 2025 • 15:11
Reference
NMB-2503-229022
Error code
XKL-566
Issue
Duplicate transaction
Get help
Back to activity"
0342,screenshots/augmented/synthetic_bank_0342_blur.png,Mixed-language,Latin,blur,"22:10
4G
Nova Mobile Banking
Secure transaction centre
REVIEW
LKR 2,266.44
Transaction eka deparak penenawa. Transaction rendu murai kaatuthu.
Date & time
21 Mar 2025 • 15:11
Reference
NMB-2503-229022
Error code
XKL-566
Issue
Duplicate transaction
Get help
Back to activity"
0342,screenshots/augmented/synthetic_bank_0342_rot.png,Mixed-language,Latin,rotation,"22:10
4G
Nova Mobile Banking
Secure transaction centre
REVIEW
LKR 2,266.44
Transaction eka deparak penenawa. Transaction rendu murai kaatuthu.
Date & time
21 Mar 2025 • 15:11
Reference
NMB-2503-229022
Error code
XKL-566
Issue
Duplicate transaction
Get help
Back to activity"
0342,screenshots/augmented/synthetic_bank_0342_lowres.png,Mixed-language,Latin,low-resolution,"22:10
4G
Nova Mobile Banking
Secure transaction centre
REVIEW
LKR 2,266.44
Transaction eka deparak penenawa. Transaction rendu murai kaatuthu.
Date & time
21 Mar 2025 • 15:11
Reference
NMB-2503-229022
Error code
XKL-566
Issue
Duplicate transaction
Get help
Back to activity"
0343,screenshots/synthetic_bank_0343.png,Tamil,Tamil,clean,"16:10
4G
Nova Mobile Banking
Secure transaction centre
REVIEW
GBP 2,105.50
பணம் எடுத்த கட்டணம் தவறாக இருக்கலாம்.
Date & time
24 Feb 2025 • 06:05
Reference
NMB-2502-641143
Error code
EQP-893
Issue
Cash withdrawal charged incorrectly
Get help
Back to activity"
0343,screenshots/augmented/synthetic_bank_0343_blur.png,Tamil,Tamil,blur,"16:10
4G
Nova Mobile Banking
Secure transaction centre
REVIEW
GBP 2,105.50
பணம் எடுத்த கட்டணம் தவறாக இருக்கலாம்.
Date & time
24 Feb 2025 • 06:05
Reference
NMB-2502-641143
Error code
EQP-893
Issue
Cash withdrawal charged incorrectly
Get help
Back to activity"
0343,screenshots/augmented/synthetic_bank_0343_rot.png,Tamil,Tamil,rotation,"16:10
4G
Nova Mobile Banking
Secure transaction centre
REVIEW
GBP 2,105.50
பணம் எடுத்த கட்டணம் தவறாக இருக்கலாம்.
Date & time
24 Feb 2025 • 06:05
Reference
NMB-2502-641143
Error code
EQP-893
Issue
Cash withdrawal charged incorrectly
Get help
Back to activity"
0343,screenshots/augmented/synthetic_bank_0343_lowres.png,Tamil,Tamil,low-resolution,"16:10
4G
Nova Mobile Banking
Secure transaction centre
REVIEW
GBP 2,105.50
பணம் எடுத்த கட்டணம் தவறாக இருக்கலாம்.
Date & time
24 Feb 2025 • 06:05
Reference
NMB-2502-641143
Error code
EQP-893
Issue
Cash withdrawal charged incorrectly
Get help
Back to activity"
0344,screenshots/synthetic_bank_0344.png,Tamil,Tamil,clean,"20:00
4G
Nova Mobile Banking
Secure transaction centre
REVIEW
LKR 73.95
பணம் எடுத்த கட்டணம் தவறாக இருக்கலாம்.
Date & time
11 Oct 2024 • 22:05
Reference
NMB-2410-308075
Error code
PVL-199
Issue
Cash withdrawal charged incorrectly
Get help
Back to activity"
0344,screenshots/augmented/synthetic_bank_0344_blur.png,Tamil,Tamil,blur,"20:00
4G
Nova Mobile Banking
Secure transaction centre
REVIEW
LKR 73.95
பணம் எடுத்த கட்டணம் தவறாக இருக்கலாம்.
Date & time
11 Oct 2024 • 22:05
Reference
NMB-2410-308075
Error code
PVL-199
Issue
Cash withdrawal charged incorrectly
Get help
Back to activity"
0344,screenshots/augmented/synthetic_bank_0344_rot.png,Tamil,Tamil,rotation,"20:00
4G
Nova Mobile Banking
Secure transaction centre
REVIEW
LKR 73.95
பணம் எடுத்த கட்டணம் தவறாக இருக்கலாம்.
Date & time
11 Oct 2024 • 22:05
Reference
NMB-2410-308075
Error code
PVL-199
Issue
Cash withdrawal charged incorrectly
Get help
Back to activity"
0344,screenshots/augmented/synthetic_bank_0344_lowres.png,Tamil,Tamil,low-resolution,"20:00
4G
Nova Mobile Banking
Secure transaction centre
REVIEW
LKR 73.95
பணம் எடுத்த கட்டணம் தவறாக இருக்கலாம்.
Date & time
11 Oct 2024 • 22:05
Reference
NMB-2410-308075
Error code
PVL-199
Issue
Cash withdrawal charged incorrectly
Get help
Back to activity"
0345,screenshots/synthetic_bank_0345.png,English,Latin,clean,"11:15
4G
Nova Mobile Banking
Secure transaction centre
FAILED
SGD 2,200.51
The new beneficiary could not be added.
Date & time
21 Feb 2025 • 23:46
Reference
NMB-2502-590831
Error code
ASM-976
Issue
Beneficiary not added
Get help
Back to activity"
0345,screenshots/augmented/synthetic_bank_0345_blur.png,English,Latin,blur,"11:15
4G
Nova Mobile Banking
Secure transaction centre
FAILED
SGD 2,200.51
The new beneficiary could not be added.
Date & time
21 Feb 2025 • 23:46
Reference
NMB-2502-590831
Error code
ASM-976
Issue
Beneficiary not added
Get help
Back to activity"
0345,screenshots/augmented/synthetic_bank_0345_rot.png,English,Latin,rotation,"11:15
4G
Nova Mobile Banking
Secure transaction centre
FAILED
SGD 2,200.51
The new beneficiary could not be added.
Date & time
21 Feb 2025 • 23:46
Reference
NMB-2502-590831
Error code
ASM-976
Issue
Beneficiary not added
Get help
Back to activity"
0345,screenshots/augmented/synthetic_bank_0345_lowres.png,English,Latin,low-resolution,"11:15
4G
Nova Mobile Banking
Secure transaction centre
FAILED
SGD 2,200.51
The new beneficiary could not be added.
Date & time
21 Feb 2025 • 23:46
Reference
NMB-2502-590831
Error code
ASM-976
Issue
Beneficiary not added
Get help
Back to activity"
0346,screenshots/synthetic_bank_0346.png,English,Latin,clean,"09:30
4G
Nova Mobile Banking
Secure transaction centre
FAILED
USD 2,022.59
The new beneficiary could not be added.
Date & time
21 Aug 2025 • 03:15
Reference
NMB-2508-562757
Error code
IKX-696
Issue
Beneficiary not added
Get help
Back to activity"
0346,screenshots/augmented/synthetic_bank_0346_blur.png,English,Latin,blur,"09:30
4G
Nova Mobile Banking
Secure transaction centre
FAILED
USD 2,022.59
The new beneficiary could not be added.
Date & time
21 Aug 2025 • 03:15
Reference
NMB-2508-562757
Error code
IKX-696
Issue
Beneficiary not added
Get help
Back to activity"
0346,screenshots/augmented/synthetic_bank_0346_rot.png,English,Latin,rotation,"09:30
4G
Nova Mobile Banking
Secure transaction centre
FAILED
USD 2,022.59
The new beneficiary could not be added.
Date & time
21 Aug 2025 • 03:15
Reference
NMB-2508-562757
Error code
IKX-696
Issue
Beneficiary not added
Get help
Back to activity"
0346,screenshots/augmented/synthetic_bank_0346_lowres.png,English,Latin,low-resolution,"09:30
4G
Nova Mobile Banking
Secure transaction centre
FAILED
USD 2,022.59
The new beneficiary could not be added.
Date & time
21 Aug 2025 • 03:15
Reference
NMB-2508-562757
Error code
IKX-696
Issue
Beneficiary not added
Get help
Back to activity"
0347,screenshots/synthetic_bank_0347.png,Sinhala,Sinhala,clean,"15:10
4G
Nova Mobile Banking
Secure transaction centre
REVIEW
EUR 356.82
විනිමය අනුපාතය පරීක්ෂා කරන්න.
Date & time
04 Oct 2025 • 12:19
Reference
NMB-2510-324256
Error code
TLB-231
Issue
Wrong exchange rate
Get help
Back to activity"
0347,screenshots/augmented/synthetic_bank_0347_blur.png,Sinhala,Sinhala,blur,"15:10
4G
Nova Mobile Banking
Secure transaction centre
REVIEW
EUR 356.82
විනිමය අනුපාතය පරීක්ෂා කරන්න.
Date & time
04 Oct 2025 • 12:19
Reference
NMB-2510-324256
Error code
TLB-231
Issue
Wrong exchange rate
Get help
Back to activity"
0347,screenshots/augmented/synthetic_bank_0347_rot.png,Sinhala,Sinhala,rotation,"15:10
4G
Nova Mobile Banking
Secure transaction centre
REVIEW
EUR 356.82
විනිමය අනුපාතය පරීක්ෂා කරන්න.
Date & time
04 Oct 2025 • 12:19
Reference
NMB-2510-324256
Error code
TLB-231
Issue
Wrong exchange rate
Get help
Back to activity"
0347,screenshots/augmented/synthetic_bank_0347_lowres.png,Sinhala,Sinhala,low-resolution,"15:10
4G
Nova Mobile Banking
Secure transaction centre
REVIEW
EUR 356.82
විනිමය අනුපාතය පරීක්ෂා කරන්න.
Date & time
04 Oct 2025 • 12:19
Reference
NMB-2510-324256
Error code
TLB-231
Issue
Wrong exchange rate
Get help
Back to activity"
0348,screenshots/synthetic_bank_0348.png,Mixed-language,Latin,clean,"19:00
4G
Nova Mobile Banking
Secure transaction centre
REVIEW
GBP 463.11
Transaction eka deparak penenawa. Transaction rendu murai kaatuthu.
Date & time
06 Feb 2025 • 23:30
Reference
NMB-2502-673048
Error code
UVZ-594
Issue
Duplicate transaction
Get help
Back to activity"
0348,screenshots/augmented/synthetic_bank_0348_blur.png,Mixed-language,Latin,blur,"19:00
4G
Nova Mobile Banking
Secure transaction centre
REVIEW
GBP 463.11
Transaction eka deparak penenawa. Transaction rendu murai kaatuthu.
Date & time
06 Feb 2025 • 23:30
Reference
NMB-2502-673048
Error code
UVZ-594
Issue
Duplicate transaction
Get help
Back to activity"
0348,screenshots/augmented/synthetic_bank_0348_rot.png,Mixed-language,Latin,rotation,"19:00
4G
Nova Mobile Banking
Secure transaction centre
REVIEW
GBP 463.11
Transaction eka deparak penenawa. Transaction rendu murai kaatuthu.
Date & time
06 Feb 2025 • 23:30
Reference
NMB-2502-673048
Error code
UVZ-594
Issue
Duplicate transaction
Get help
Back to activity"
0348,screenshots/augmented/synthetic_bank_0348_lowres.png,Mixed-language,Latin,low-resolution,"19:00
4G
Nova Mobile Banking
Secure transaction centre
REVIEW
GBP 463.11
Transaction eka deparak penenawa. Transaction rendu murai kaatuthu.
Date & time
06 Feb 2025 • 23:30
Reference
NMB-2502-673048
Error code
UVZ-594
Issue
Duplicate transaction
Get help
Back to activity"
0349,screenshots/synthetic_bank_0349.png,Tamil,Tamil,clean,"13:45
4G
Nova Mobile Banking
Secure transaction centre
URGENT
EUR 1,610.40
நீங்கள் அறியாத பரிவர்த்தனை பதிவாகியுள்ளது.
Date & time
19 Mar 2024 • 22:45
Reference
NMB-2403-127977
Error code
TNM-282
Issue
Unauthorized transaction
Secure account
Back to activity"
0349,screenshots/augmented/synthetic_bank_0349_blur.png,Tamil,Tamil,blur,"13:45
4G
Nova Mobile Banking
Secure transaction centre
URGENT
EUR 1,610.40
நீங்கள் அறியாத பரிவர்த்தனை பதிவாகியுள்ளது.
Date & time
19 Mar 2024 • 22:45
Reference
NMB-2403-127977
Error code
TNM-282
Issue
Unauthorized transaction
Secure account
Back to activity"
0349,screenshots/augmented/synthetic_bank_0349_rot.png,Tamil,Tamil,rotation,"13:45
4G
Nova Mobile Banking
Secure transaction centre
URGENT
EUR 1,610.40
நீங்கள் அறியாத பரிவர்த்தனை பதிவாகியுள்ளது.
Date & time
19 Mar 2024 • 22:45
Reference
NMB-2403-127977
Error code
TNM-282
Issue
Unauthorized transaction
Secure account
Back to activity"
0349,screenshots/augmented/synthetic_bank_0349_lowres.png,Tamil,Tamil,low-resolution,"13:45
4G
Nova Mobile Banking
Secure transaction centre
URGENT
EUR 1,610.40
நீங்கள் அறியாத பரிவர்த்தனை பதிவாகியுள்ளது.
Date & time
19 Mar 2024 • 22:45
Reference
NMB-2403-127977
Error code
TNM-282
Issue
Unauthorized transaction
Secure account
Back to activity"
0350,screenshots/synthetic_bank_0350.png,Tamil,Tamil,clean,"19:15
4G
Nova Mobile Banking
Secure transaction centre
URGENT
LKR 388.95
நீங்கள் அறியாத பரிவர்த்தனை பதிவாகியுள்ளது.
Date & time
12 Apr 2025 • 16:02
Reference
NMB-2504-236854
Error code
QIY-290
Issue
Unauthorized transaction
Secure account
Back to activity"
0350,screenshots/augmented/synthetic_bank_0350_blur.png,Tamil,Tamil,blur,"19:15
4G
Nova Mobile Banking
Secure transaction centre
URGENT
LKR 388.95
நீங்கள் அறியாத பரிவர்த்தனை பதிவாகியுள்ளது.
Date & time
12 Apr 2025 • 16:02
Reference
NMB-2504-236854
Error code
QIY-290
Issue
Unauthorized transaction
Secure account
Back to activity"
0350,screenshots/augmented/synthetic_bank_0350_rot.png,Tamil,Tamil,rotation,"19:15
4G
Nova Mobile Banking
Secure transaction centre
URGENT
LKR 388.95
நீங்கள் அறியாத பரிவர்த்தனை பதிவாகியுள்ளது.
Date & time
12 Apr 2025 • 16:02
Reference
NMB-2504-236854
Error code
QIY-290
Issue
Unauthorized transaction
Secure account
Back to activity"
0350,screenshots/augmented/synthetic_bank_0350_lowres.png,Tamil,Tamil,low-resolution,"19:15
4G
Nova Mobile Banking
Secure transaction centre
URGENT
LKR 388.95
நீங்கள் அறியாத பரிவர்த்தனை பதிவாகியுள்ளது.
Date & time
12 Apr 2025 • 16:02
Reference
NMB-2504-236854
Error code
QIY-290
Issue
Unauthorized transaction
Secure account
Back to activity"
0351,screenshots/synthetic_bank_0351.png,Mixed-language,Latin,clean,"13:10
4G
Nova Mobile Banking
Secure transaction centre
REVIEW
LKR 2,203.08
ATM charge eka waradi wage. ATM charge thappa irukku.
Date & time
07 Jun 2026 • 07:05
Reference
NMB-2606-329680
Error code
ZKD-264
Issue
Cash withdrawal charged incorrectly
Get help
Back to activity"
0351,screenshots/augmented/synthetic_bank_0351_blur.png,Mixed-language,Latin,blur,"13:10
4G
Nova Mobile Banking
Secure transaction centre
REVIEW
LKR 2,203.08
ATM charge eka waradi wage. ATM charge thappa irukku.
Date & time
07 Jun 2026 • 07:05
Reference
NMB-2606-329680
Error code
ZKD-264
Issue
Cash withdrawal charged incorrectly
Get help
Back to activity"
0351,screenshots/augmented/synthetic_bank_0351_rot.png,Mixed-language,Latin,rotation,"13:10
4G
Nova Mobile Banking
Secure transaction centre
REVIEW
LKR 2,203.08
ATM charge eka waradi wage. ATM charge thappa irukku.
Date & time
07 Jun 2026 • 07:05
Reference
NMB-2606-329680
Error code
ZKD-264
Issue
Cash withdrawal charged incorrectly
Get help
Back to activity"
0351,screenshots/augmented/synthetic_bank_0351_lowres.png,Mixed-language,Latin,low-resolution,"13:10
4G
Nova Mobile Banking
Secure transaction centre
REVIEW
LKR 2,203.08
ATM charge eka waradi wage. ATM charge thappa irukku.
Date & time
07 Jun 2026 • 07:05
Reference
NMB-2606-329680
Error code
ZKD-264
Issue
Cash withdrawal charged incorrectly
Get help
Back to activity"
0352,screenshots/synthetic_bank_0352.png,Mixed-language,Latin,clean,"17:15
4G
Nova Mobile Banking
Secure transaction centre
URGENT
EUR 2,428.43
Mama nodanna transaction ekak thiyenawa. Enakku theriyatha transaction irukku.
Date & time
17 Feb 2026 • 18:25
Reference
NMB-2602-390708
Error code
AIE-599
Issue
Unauthorized transaction
Secure account
Back to activity"
0352,screenshots/augmented/synthetic_bank_0352_blur.png,Mixed-language,Latin,blur,"17:15
4G
Nova Mobile Banking
Secure transaction centre
URGENT
EUR 2,428.43
Mama nodanna transaction ekak thiyenawa. Enakku theriyatha transaction irukku.
Date & time
17 Feb 2026 • 18:25
Reference
NMB-2602-390708
Error code
AIE-599
Issue
Unauthorized transaction
Secure account
Back to activity"
0352,screenshots/augmented/synthetic_bank_0352_rot.png,Mixed-language,Latin,rotation,"17:15
4G
Nova Mobile Banking
Secure transaction centre
URGENT
EUR 2,428.43
Mama nodanna transaction ekak thiyenawa. Enakku theriyatha transaction irukku.
Date & time
17 Feb 2026 • 18:25
Reference
NMB-2602-390708
Error code
AIE-599
Issue
Unauthorized transaction
Secure account
Back to activity"
0352,screenshots/augmented/synthetic_bank_0352_lowres.png,Mixed-language,Latin,low-resolution,"17:15
4G
Nova Mobile Banking
Secure transaction centre
URGENT
EUR 2,428.43
Mama nodanna transaction ekak thiyenawa. Enakku theriyatha transaction irukku.
Date & time
17 Feb 2026 • 18:25
Reference
NMB-2602-390708
Error code
AIE-599
Issue
Unauthorized transaction
Secure account
Back to activity"
0353,screenshots/synthetic_bank_0353.png,Singlish,Latin,clean,"18:00
4G
Nova Mobile Banking
Secure transaction centre
WAITING
GBP 144.43
OTP eka thawama awe naha.
Date & time
25 Apr 2026 • 18:17
Reference
NMB-2604-828422
Error code
OXE-482
Issue
OTP not received
Get help
Back to activity"
0353,screenshots/augmented/synthetic_bank_0353_blur.png,Singlish,Latin,blur,"18:00
4G
Nova Mobile Banking
Secure transaction centre
WAITING
GBP 144.43
OTP eka thawama awe naha.
Date & time
25 Apr 2026 • 18:17
Reference
NMB-2604-828422
Error code
OXE-482
Issue
OTP not received
Get help
Back to activity"
0353,screenshots/augmented/synthetic_bank_0353_rot.png,Singlish,Latin,rotation,"18:00
4G
Nova Mobile Banking
Secure transaction centre
WAITING
GBP 144.43
OTP eka thawama awe naha.
Date & time
25 Apr 2026 • 18:17
Reference
NMB-2604-828422
Error code
OXE-482
Issue
OTP not received
Get help
Back to activity"
0353,screenshots/augmented/synthetic_bank_0353_lowres.png,Singlish,Latin,low-resolution,"18:00
4G
Nova Mobile Banking
Secure transaction centre
WAITING
GBP 144.43
OTP eka thawama awe naha.
Date & time
25 Apr 2026 • 18:17
Reference
NMB-2604-828422
Error code
OXE-482
Issue
OTP not received
Get help
Back to activity"
0354,screenshots/synthetic_bank_0354.png,Sinhala,Sinhala,clean,"11:10
4G
Nova Mobile Banking
Secure transaction centre
PENDING
SGD 569.61
ඔබගේ ශේෂය තවම යාවත්කාලීන වී නැත.
Date & time
06 Jun 2024 • 19:56
Reference
NMB-2406-710407
Error code
ZAS-810
Issue
Balance not updated
Get help
Back to activity"
0354,screenshots/augmented/synthetic_bank_0354_blur.png,Sinhala,Sinhala,blur,"11:10
4G
Nova Mobile Banking
Secure transaction centre
PENDING
SGD 569.61
ඔබගේ ශේෂය තවම යාවත්කාලීන වී නැත.
Date & time
06 Jun 2024 • 19:56
Reference
NMB-2406-710407
Error code
ZAS-810
Issue
Balance not updated
Get help
Back to activity"
0354,screenshots/augmented/synthetic_bank_0354_rot.png,Sinhala,Sinhala,rotation,"11:10
4G
Nova Mobile Banking
Secure transaction centre
PENDING
SGD 569.61
ඔබගේ ශේෂය තවම යාවත්කාලීන වී නැත.
Date & time
06 Jun 2024 • 19:56
Reference
NMB-2406-710407
Error code
ZAS-810
Issue
Balance not updated
Get help
Back to activity"
0354,screenshots/augmented/synthetic_bank_0354_lowres.png,Sinhala,Sinhala,low-resolution,"11:10
4G
Nova Mobile Banking
Secure transaction centre
PENDING
SGD 569.61
ඔබගේ ශේෂය තවම යාවත්කාලීන වී නැත.
Date & time
06 Jun 2024 • 19:56
Reference
NMB-2406-710407
Error code
ZAS-810
Issue
Balance not updated
Get help
Back to activity"
0355,screenshots/synthetic_bank_0355.png,Singlish,Latin,clean,"12:05
4G
Nova Mobile Banking
Secure transaction centre
PENDING
SGD 1,530.57
Transfer eka thawama process wenawa.
Date & time
01 Oct 2025 • 13:57
Reference
NMB-2510-845826
Error code
OCW-681
Issue
Transfer pending
Get help
Back to activity"
0355,screenshots/augmented/synthetic_bank_0355_blur.png,Singlish,Latin,blur,"12:05
4G
Nova Mobile Banking
Secure transaction centre
PENDING
SGD 1,530.57
Transfer eka thawama process wenawa.
Date & time
01 Oct 2025 • 13:57
Reference
NMB-2510-845826
Error code
OCW-681
Issue
Transfer pending
Get help
Back to activity"
0355,screenshots/augmented/synthetic_bank_0355_rot.png,Singlish,Latin,rotation,"12:05
4G
Nova Mobile Banking
Secure transaction centre
PENDING
SGD 1,530.57
Transfer eka thawama process wenawa.
Date & time
01 Oct 2025 • 13:57
Reference
NMB-2510-845826
Error code
OCW-681
Issue
Transfer pending
Get help
Back to activity"
0355,screenshots/augmented/synthetic_bank_0355_lowres.png,Singlish,Latin,low-resolution,"12:05
4G
Nova Mobile Banking
Secure transaction centre
PENDING
SGD 1,530.57
Transfer eka thawama process wenawa.
Date & time
01 Oct 2025 • 13:57
Reference
NMB-2510-845826
Error code
OCW-681
Issue
Transfer pending
Get help
Back to activity"
0356,screenshots/synthetic_bank_0356.png,Tamil,Tamil,clean,"21:10
4G
Nova Mobile Banking
Secure transaction centre
REVIEW
EUR 958.66
இந்தப் பரிவர்த்தனை இருமுறை காணப்படுகிறது.
Date & time
31 Oct 2025 • 20:04
Reference
NMB-2510-556564
Error code
TDQ-471
Issue
Duplicate transaction
Get help
Back to activity"
0356,screenshots/augmented/synthetic_bank_0356_blur.png,Tamil,Tamil,blur,"21:10
4G
Nova Mobile Banking
Secure transaction centre
REVIEW
EUR 958.66
இந்தப் பரிவர்த்தனை இருமுறை காணப்படுகிறது.
Date & time
31 Oct 2025 • 20:04
Reference
NMB-2510-556564
Error code
TDQ-471
Issue
Duplicate transaction
Get help
Back to activity"
0356,screenshots/augmented/synthetic_bank_0356_rot.png,Tamil,Tamil,rotation,"21:10
4G
Nova Mobile Banking
Secure transaction centre
REVIEW
EUR 958.66
இந்தப் பரிவர்த்தனை இருமுறை காணப்படுகிறது.
Date & time
31 Oct 2025 • 20:04
Reference
NMB-2510-556564
Error code
TDQ-471
Issue
Duplicate transaction
Get help
Back to activity"
0356,screenshots/augmented/synthetic_bank_0356_lowres.png,Tamil,Tamil,low-resolution,"21:10
4G
Nova Mobile Banking
Secure transaction centre
REVIEW
EUR 958.66
இந்தப் பரிவர்த்தனை இருமுறை காணப்படுகிறது.
Date & time
31 Oct 2025 • 20:04
Reference
NMB-2510-556564
Error code
TDQ-471
Issue
Duplicate transaction
Get help
Back to activity"
0357,screenshots/synthetic_bank_0357.png,Tanglish,Latin,clean,"20:30
4G
Nova Mobile Banking
Secure transaction centre
FAILED
LKR 312.73
Account-la debit aachu, cash kidaikala.
Date & time
17 Jul 2025 • 11:59
Reference
NMB-2507-914003
Error code
EVH-767
Issue
Cash not received
Get help
Back to activity"
0357,screenshots/augmented/synthetic_bank_0357_blur.png,Tanglish,Latin,blur,"20:30
4G
Nova Mobile Banking
Secure transaction centre
FAILED
LKR 312.73
Account-la debit aachu, cash kidaikala.
Date & time
17 Jul 2025 • 11:59
Reference
NMB-2507-914003
Error code
EVH-767
Issue
Cash not received
Get help
Back to activity"
0357,screenshots/augmented/synthetic_bank_0357_rot.png,Tanglish,Latin,rotation,"20:30
4G
Nova Mobile Banking
Secure transaction centre
FAILED
LKR 312.73
Account-la debit aachu, cash kidaikala.
Date & time
17 Jul 2025 • 11:59
Reference
NMB-2507-914003
Error code
EVH-767
Issue
Cash not received
Get help
Back to activity"
0357,screenshots/augmented/synthetic_bank_0357_lowres.png,Tanglish,Latin,low-resolution,"20:30
4G
Nova Mobile Banking
Secure transaction centre
FAILED
LKR 312.73
Account-la debit aachu, cash kidaikala.
Date & time
17 Jul 2025 • 11:59
Reference
NMB-2507-914003
Error code
EVH-767
Issue
Cash not received
Get help
Back to activity"
0358,screenshots/synthetic_bank_0358.png,Tamil,Tamil,clean,"18:30
4G
Nova Mobile Banking
Secure transaction centre
REVIEW
USD 1,643.88
இந்தப் பரிவர்த்தனை இருமுறை காணப்படுகிறது.
Date & time
04 Apr 2024 • 13:47
Reference
NMB-2404-630013
Error code
FEM-115
Issue
Duplicate transaction
Get help
Back to activity"
0358,screenshots/augmented/synthetic_bank_0358_blur.png,Tamil,Tamil,blur,"18:30
4G
Nova Mobile Banking
Secure transaction centre
REVIEW
USD 1,643.88
இந்தப் பரிவர்த்தனை இருமுறை காணப்படுகிறது.
Date & time
04 Apr 2024 • 13:47
Reference
NMB-2404-630013
Error code
FEM-115
Issue
Duplicate transaction
Get help
Back to activity"
0358,screenshots/augmented/synthetic_bank_0358_rot.png,Tamil,Tamil,rotation,"18:30
4G
Nova Mobile Banking
Secure transaction centre
REVIEW
USD 1,643.88
இந்தப் பரிவர்த்தனை இருமுறை காணப்படுகிறது.
Date & time
04 Apr 2024 • 13:47
Reference
NMB-2404-630013
Error code
FEM-115
Issue
Duplicate transaction
Get help
Back to activity"
0358,screenshots/augmented/synthetic_bank_0358_lowres.png,Tamil,Tamil,low-resolution,"18:30
4G
Nova Mobile Banking
Secure transaction centre
REVIEW
USD 1,643.88
இந்தப் பரிவர்த்தனை இருமுறை காணப்படுகிறது.
Date & time
04 Apr 2024 • 13:47
Reference
NMB-2404-630013
Error code
FEM-115
Issue
Duplicate transaction
Get help
Back to activity"
0359,screenshots/synthetic_bank_0359.png,Tanglish,Latin,clean,"15:30
4G
Nova Mobile Banking
Secure transaction centre
REVIEW
EUR 1,785.92
Exchange rate sari illa pola.
Date & time
20 Feb 2025 • 20:16
Reference
NMB-2502-205067
Error code
JGG-859
Issue
Wrong exchange rate
Get help
Back to activity"
0359,screenshots/augmented/synthetic_bank_0359_blur.png,Tanglish,Latin,blur,"15:30
4G
Nova Mobile Banking
Secure transaction centre
REVIEW
EUR 1,785.92
Exchange rate sari illa pola.
Date & time
20 Feb 2025 • 20:16
Reference
NMB-2502-205067
Error code
JGG-859
Issue
Wrong exchange rate
Get help
Back to activity"
0359,screenshots/augmented/synthetic_bank_0359_rot.png,Tanglish,Latin,rotation,"15:30
4G
Nova Mobile Banking
Secure transaction centre
REVIEW
EUR 1,785.92
Exchange rate sari illa pola.
Date & time
20 Feb 2025 • 20:16
Reference
NMB-2502-205067
Error code
JGG-859
Issue
Wrong exchange rate
Get help
Back to activity"
0359,screenshots/augmented/synthetic_bank_0359_lowres.png,Tanglish,Latin,low-resolution,"15:30
4G
Nova Mobile Banking
Secure transaction centre
REVIEW
EUR 1,785.92
Exchange rate sari illa pola.
Date & time
20 Feb 2025 • 20:16
Reference
NMB-2502-205067
Error code
JGG-859
Issue
Wrong exchange rate
Get help
Back to activity"
0360,screenshots/synthetic_bank_0360.png,English,Latin,clean,"22:05
4G
Nova Mobile Banking
Secure transaction centre
URGENT
SGD 2,186.73
Freeze your stolen card immediately.
Date & time
11 Jun 2025 • 21:53
Reference
NMB-2506-643317
Error code
BYW-413
Issue
Card stolen
Freeze card
Back to activity"
0360,screenshots/augmented/synthetic_bank_0360_blur.png,English,Latin,blur,"22:05
4G
Nova Mobile Banking
Secure transaction centre
URGENT
SGD 2,186.73
Freeze your stolen card immediately.
Date & time
11 Jun 2025 • 21:53
Reference
NMB-2506-643317
Error code
BYW-413
Issue
Card stolen
Freeze card
Back to activity"
0360,screenshots/augmented/synthetic_bank_0360_rot.png,English,Latin,rotation,"22:05
4G
Nova Mobile Banking
Secure transaction centre
URGENT
SGD 2,186.73
Freeze your stolen card immediately.
Date & time
11 Jun 2025 • 21:53
Reference
NMB-2506-643317
Error code
BYW-413
Issue
Card stolen
Freeze card
Back to activity"
0360,screenshots/augmented/synthetic_bank_0360_lowres.png,English,Latin,low-resolution,"22:05
4G
Nova Mobile Banking
Secure transaction centre
URGENT
SGD 2,186.73
Freeze your stolen card immediately.
Date & time
11 Jun 2025 • 21:53
Reference
NMB-2506-643317
Error code
BYW-413
Issue
Card stolen
Freeze card
Back to activity"
0361,screenshots/synthetic_bank_0361.png,English,Latin,clean,"21:45
4G
Nova Mobile Banking
Secure transaction centre
FAILED
LKR 2,392.35
The new beneficiary could not be added.
Date & time
04 Apr 2025 • 22:01
Reference
NMB-2504-952864
Error code
GPZ-657
Issue
Beneficiary not added
Get help
Back to activity"
0361,screenshots/augmented/synthetic_bank_0361_blur.png,English,Latin,blur,"21:45
4G
Nova Mobile Banking
Secure transaction centre
FAILED
LKR 2,392.35
The new beneficiary could not be added.
Date & time
04 Apr 2025 • 22:01
Reference
NMB-2504-952864
Error code
GPZ-657
Issue
Beneficiary not added
Get help
Back to activity"
0361,screenshots/augmented/synthetic_bank_0361_rot.png,English,Latin,rotation,"21:45
4G
Nova Mobile Banking
Secure transaction centre
FAILED
LKR 2,392.35
The new beneficiary could not be added.
Date & time
04 Apr 2025 • 22:01
Reference
NMB-2504-952864
Error code
GPZ-657
Issue
Beneficiary not added
Get help
Back to activity"
0361,screenshots/augmented/synthetic_bank_0361_lowres.png,English,Latin,low-resolution,"21:45
4G
Nova Mobile Banking
Secure transaction centre
FAILED
LKR 2,392.35
The new beneficiary could not be added.
Date & time
04 Apr 2025 • 22:01
Reference
NMB-2504-952864
Error code
GPZ-657
Issue
Beneficiary not added
Get help
Back to activity"
0362,screenshots/synthetic_bank_0362.png,Tanglish,Latin,clean,"11:00
4G
Nova Mobile Banking
Secure transaction centre
PENDING
USD 145.51
Balance innum update aagala.
Date & time
21 Nov 2024 • 21:03
Reference
NMB-2411-394147
Error code
DCU-877
Issue
Balance not updated
Get help
Back to activity"
0362,screenshots/augmented/synthetic_bank_0362_blur.png,Tanglish,Latin,blur,"11:00
4G
Nova Mobile Banking
Secure transaction centre
PENDING
USD 145.51
Balance innum update aagala.
Date & time
21 Nov 2024 • 21:03
Reference
NMB-2411-394147
Error code
DCU-877
Issue
Balance not updated
Get help
Back to activity"
0362,screenshots/augmented/synthetic_bank_0362_rot.png,Tanglish,Latin,rotation,"11:00
4G
Nova Mobile Banking
Secure transaction centre
PENDING
USD 145.51
Balance innum update aagala.
Date & time
21 Nov 2024 • 21:03
Reference
NMB-2411-394147
Error code
DCU-877
Issue
Balance not updated
Get help
Back to activity"
0362,screenshots/augmented/synthetic_bank_0362_lowres.png,Tanglish,Latin,low-resolution,"11:00
4G
Nova Mobile Banking
Secure transaction centre
PENDING
USD 145.51
Balance innum update aagala.
Date & time
21 Nov 2024 • 21:03
Reference
NMB-2411-394147
Error code
DCU-877
Issue
Balance not updated
Get help
Back to activity"
0363,screenshots/synthetic_bank_0363.png,Tanglish,Latin,clean,"15:30
4G
Nova Mobile Banking
Secure transaction centre
FAILED
SGD 2,496.20
Account-la debit aachu, cash kidaikala.
Date & time
04 Apr 2025 • 14:02
Reference
NMB-2504-840949
Error code
EDK-610
Issue
Cash not received
Get help
Back to activity"
0363,screenshots/augmented/synthetic_bank_0363_blur.png,Tanglish,Latin,blur,"15:30
4G
Nova Mobile Banking
Secure transaction centre
FAILED
SGD 2,496.20
Account-la debit aachu, cash kidaikala.
Date & time
04 Apr 2025 • 14:02
Reference
NMB-2504-840949
Error code
EDK-610
Issue
Cash not received
Get help
Back to activity"
0363,screenshots/augmented/synthetic_bank_0363_rot.png,Tanglish,Latin,rotation,"15:30
4G
Nova Mobile Banking
Secure transaction centre
FAILED
SGD 2,496.20
Account-la debit aachu, cash kidaikala.
Date & time
04 Apr 2025 • 14:02
Reference
NMB-2504-840949
Error code
EDK-610
Issue
Cash not received
Get help
Back to activity"
0363,screenshots/augmented/synthetic_bank_0363_lowres.png,Tanglish,Latin,low-resolution,"15:30
4G
Nova Mobile Banking
Secure transaction centre
FAILED
SGD 2,496.20
Account-la debit aachu, cash kidaikala.
Date & time
04 Apr 2025 • 14:02
Reference
NMB-2504-840949
Error code
EDK-610
Issue
Cash not received
Get help
Back to activity"
0364,screenshots/synthetic_bank_0364.png,Sinhala,Sinhala,clean,"21:30
4G
Nova Mobile Banking
Secure transaction centre
DECLINED
USD 318.07
ඔබගේ කාඩ් ගෙවීම ප්‍රතික්ෂේප විය.
Date & time
10 Apr 2026 • 17:31
Reference
NMB-2604-756608
Error code
QJP-993
Issue
Card payment declined
Get help
Back to activity"
0364,screenshots/augmented/synthetic_bank_0364_blur.png,Sinhala,Sinhala,blur,"21:30
4G
Nova Mobile Banking
Secure transaction centre
DECLINED
USD 318.07
ඔබගේ කාඩ් ගෙවීම ප්‍රතික්ෂේප විය.
Date & time
10 Apr 2026 • 17:31
Reference
NMB-2604-756608
Error code
QJP-993
Issue
Card payment declined
Get help
Back to activity"
0364,screenshots/augmented/synthetic_bank_0364_rot.png,Sinhala,Sinhala,rotation,"21:30
4G
Nova Mobile Banking
Secure transaction centre
DECLINED
USD 318.07
ඔබගේ කාඩ් ගෙවීම ප්‍රතික්ෂේප විය.
Date & time
10 Apr 2026 • 17:31
Reference
NMB-2604-756608
Error code
QJP-993
Issue
Card payment declined
Get help
Back to activity"
0364,screenshots/augmented/synthetic_bank_0364_lowres.png,Sinhala,Sinhala,low-resolution,"21:30
4G
Nova Mobile Banking
Secure transaction centre
DECLINED
USD 318.07
ඔබගේ කාඩ් ගෙවීම ප්‍රතික්ෂේප විය.
Date & time
10 Apr 2026 • 17:31
Reference
NMB-2604-756608
Error code
QJP-993
Issue
Card payment declined
Get help
Back to activity"
0365,screenshots/synthetic_bank_0365.png,Singlish,Latin,clean,"10:10
4G
Nova Mobile Banking
Secure transaction centre
PENDING
GBP 426.24
Transfer eka thawama process wenawa.
Date & time
16 Jul 2024 • 08:36
Reference
NMB-2407-162559
Error code
LNK-475
Issue
Transfer pending
Get help
Back to activity"
0365,screenshots/augmented/synthetic_bank_0365_blur.png,Singlish,Latin,blur,"10:10
4G
Nova Mobile Banking
Secure transaction centre
PENDING
GBP 426.24
Transfer eka thawama process wenawa.
Date & time
16 Jul 2024 • 08:36
Reference
NMB-2407-162559
Error code
LNK-475
Issue
Transfer pending
Get help
Back to activity"
0365,screenshots/augmented/synthetic_bank_0365_rot.png,Singlish,Latin,rotation,"10:10
4G
Nova Mobile Banking
Secure transaction centre
PENDING
GBP 426.24
Transfer eka thawama process wenawa.
Date & time
16 Jul 2024 • 08:36
Reference
NMB-2407-162559
Error code
LNK-475
Issue
Transfer pending
Get help
Back to activity"
0365,screenshots/augmented/synthetic_bank_0365_lowres.png,Singlish,Latin,low-resolution,"10:10
4G
Nova Mobile Banking
Secure transaction centre
PENDING
GBP 426.24
Transfer eka thawama process wenawa.
Date & time
16 Jul 2024 • 08:36
Reference
NMB-2407-162559
Error code
LNK-475
Issue
Transfer pending
Get help
Back to activity"
0366,screenshots/synthetic_bank_0366.png,Mixed-language,Latin,clean,"17:30
4G
Nova Mobile Banking
Secure transaction centre
BLOCKED
EUR 1,810.77
Security nisa account eka block wela. Security-kaaga account block aayiduchu.
Date & time
28 Jun 2024 • 21:38
Reference
NMB-2406-992706
Error code
PEI-745
Issue
Account blocked
Get help
Back to activity"
0366,screenshots/augmented/synthetic_bank_0366_blur.png,Mixed-language,Latin,blur,"17:30
4G
Nova Mobile Banking
Secure transaction centre
BLOCKED
EUR 1,810.77
Security nisa account eka block wela. Security-kaaga account block aayiduchu.
Date & time
28 Jun 2024 • 21:38
Reference
NMB-2406-992706
Error code
PEI-745
Issue
Account blocked
Get help
Back to activity"
0366,screenshots/augmented/synthetic_bank_0366_rot.png,Mixed-language,Latin,rotation,"17:30
4G
Nova Mobile Banking
Secure transaction centre
BLOCKED
EUR 1,810.77
Security nisa account eka block wela. Security-kaaga account block aayiduchu.
Date & time
28 Jun 2024 • 21:38
Reference
NMB-2406-992706
Error code
PEI-745
Issue
Account blocked
Get help
Back to activity"
0366,screenshots/augmented/synthetic_bank_0366_lowres.png,Mixed-language,Latin,low-resolution,"17:30
4G
Nova Mobile Banking
Secure transaction centre
BLOCKED
EUR 1,810.77
Security nisa account eka block wela. Security-kaaga account block aayiduchu.
Date & time
28 Jun 2024 • 21:38
Reference
NMB-2406-992706
Error code
PEI-745
Issue
Account blocked
Get help
Back to activity"
0367,screenshots/synthetic_bank_0367.png,Tamil,Tamil,clean,"13:10
4G
Nova Mobile Banking
Secure transaction centre
FAILED
USD 1,953.36
பணப் பரிமாற்றத்தை நிறைவு செய்ய முடியவில்லை.
Date & time
11 Apr 2024 • 16:50
Reference
NMB-2404-476677
Error code
FKO-802
Issue
Transfer failed
Get help
Back to activity"
0367,screenshots/augmented/synthetic_bank_0367_blur.png,Tamil,Tamil,blur,"13:10
4G
Nova Mobile Banking
Secure transaction centre
FAILED
USD 1,953.36
பணப் பரிமாற்றத்தை நிறைவு செய்ய முடியவில்லை.
Date & time
11 Apr 2024 • 16:50
Reference
NMB-2404-476677
Error code
FKO-802
Issue
Transfer failed
Get help
Back to activity"
0367,screenshots/augmented/synthetic_bank_0367_rot.png,Tamil,Tamil,rotation,"13:10
4G
Nova Mobile Banking
Secure transaction centre
FAILED
USD 1,953.36
பணப் பரிமாற்றத்தை நிறைவு செய்ய முடியவில்லை.
Date & time
11 Apr 2024 • 16:50
Reference
NMB-2404-476677
Error code
FKO-802
Issue
Transfer failed
Get help
Back to activity"
0367,screenshots/augmented/synthetic_bank_0367_lowres.png,Tamil,Tamil,low-resolution,"13:10
4G
Nova Mobile Banking
Secure transaction centre
FAILED
USD 1,953.36
பணப் பரிமாற்றத்தை நிறைவு செய்ய முடியவில்லை.
Date & time
11 Apr 2024 • 16:50
Reference
NMB-2404-476677
Error code
FKO-802
Issue
Transfer failed
Get help
Back to activity"
0368,screenshots/synthetic_bank_0368.png,Mixed-language,Latin,clean,"19:30
4G
Nova Mobile Banking
Secure transaction centre
BLOCKED
GBP 1,964.61
Security nisa account eka block wela. Security-kaaga account block aayiduchu.
Date & time
26 Jun 2024 • 02:54
Reference
NMB-2406-789553
Error code
SGJ-393
Issue
Account blocked
Get help
Back to activity"
0368,screenshots/augmented/synthetic_bank_0368_blur.png,Mixed-language,Latin,blur,"19:30
4G
Nova Mobile Banking
Secure transaction centre
BLOCKED
GBP 1,964.61
Security nisa account eka block wela. Security-kaaga account block aayiduchu.
Date & time
26 Jun 2024 • 02:54
Reference
NMB-2406-789553
Error code
SGJ-393
Issue
Account blocked
Get help
Back to activity"
0368,screenshots/augmented/synthetic_bank_0368_rot.png,Mixed-language,Latin,rotation,"19:30
4G
Nova Mobile Banking
Secure transaction centre
BLOCKED
GBP 1,964.61
Security nisa account eka block wela. Security-kaaga account block aayiduchu.
Date & time
26 Jun 2024 • 02:54
Reference
NMB-2406-789553
Error code
SGJ-393
Issue
Account blocked
Get help
Back to activity"
0368,screenshots/augmented/synthetic_bank_0368_lowres.png,Mixed-language,Latin,low-resolution,"19:30
4G
Nova Mobile Banking
Secure transaction centre
BLOCKED
GBP 1,964.61
Security nisa account eka block wela. Security-kaaga account block aayiduchu.
Date & time
26 Jun 2024 • 02:54
Reference
NMB-2406-789553
Error code
SGJ-393
Issue
Account blocked
Get help
Back to activity"
0369,screenshots/synthetic_bank_0369.png,Tanglish,Latin,clean,"08:15
4G
Nova Mobile Banking
Secure transaction centre
PENDING
GBP 329.51
Balance innum update aagala.
Date & time
13 Feb 2025 • 07:41
Reference
NMB-2502-901566
Error code
JEA-950
Issue
Balance not updated
Get help
Back to activity"
0369,screenshots/augmented/synthetic_bank_0369_blur.png,Tanglish,Latin,blur,"08:15
4G
Nova Mobile Banking
Secure transaction centre
PENDING
GBP 329.51
Balance innum update aagala.
Date & time
13 Feb 2025 • 07:41
Reference
NMB-2502-901566
Error code
JEA-950
Issue
Balance not updated
Get help
Back to activity"
0369,screenshots/augmented/synthetic_bank_0369_rot.png,Tanglish,Latin,rotation,"08:15
4G
Nova Mobile Banking
Secure transaction centre
PENDING
GBP 329.51
Balance innum update aagala.
Date & time
13 Feb 2025 • 07:41
Reference
NMB-2502-901566
Error code
JEA-950
Issue
Balance not updated
Get help
Back to activity"
0369,screenshots/augmented/synthetic_bank_0369_lowres.png,Tanglish,Latin,low-resolution,"08:15
4G
Nova Mobile Banking
Secure transaction centre
PENDING
GBP 329.51
Balance innum update aagala.
Date & time
13 Feb 2025 • 07:41
Reference
NMB-2502-901566
Error code
JEA-950
Issue
Balance not updated
Get help
Back to activity"
0370,screenshots/synthetic_bank_0370.png,Sinhala,Sinhala,clean,"14:45
4G
Nova Mobile Banking
Secure transaction centre
PENDING
SGD 1,836.64
ඔබගේ මුදල් ආපසු ගෙවීම තවම පවතී.
Date & time
21 Jul 2024 • 15:24
Reference
NMB-2407-537405
Error code
SYX-658
Issue
Refund pending
Get help
Back to activity"
0370,screenshots/augmented/synthetic_bank_0370_blur.png,Sinhala,Sinhala,blur,"14:45
4G
Nova Mobile Banking
Secure transaction centre
PENDING
SGD 1,836.64
ඔබගේ මුදල් ආපසු ගෙවීම තවම පවතී.
Date & time
21 Jul 2024 • 15:24
Reference
NMB-2407-537405
Error code
SYX-658
Issue
Refund pending
Get help
Back to activity"
0370,screenshots/augmented/synthetic_bank_0370_rot.png,Sinhala,Sinhala,rotation,"14:45
4G
Nova Mobile Banking
Secure transaction centre
PENDING
SGD 1,836.64
ඔබගේ මුදල් ආපසු ගෙවීම තවම පවතී.
Date & time
21 Jul 2024 • 15:24
Reference
NMB-2407-537405
Error code
SYX-658
Issue
Refund pending
Get help
Back to activity"
0370,screenshots/augmented/synthetic_bank_0370_lowres.png,Sinhala,Sinhala,low-resolution,"14:45
4G
Nova Mobile Banking
Secure transaction centre
PENDING
SGD 1,836.64
ඔබගේ මුදල් ආපසු ගෙවීම තවම පවතී.
Date & time
21 Jul 2024 • 15:24
Reference
NMB-2407-537405
Error code
SYX-658
Issue
Refund pending
Get help
Back to activity"
0371,screenshots/synthetic_bank_0371.png,Sinhala,Sinhala,clean,"18:30
4G
Nova Mobile Banking
Secure transaction centre
PENDING
EUR 509.32
ඔබගේ මුදල් ආපසු ගෙවීම තවම පවතී.
Date & time
23 Nov 2024 • 17:52
Reference
NMB-2411-125691
Error code
AQF-383
Issue
Refund pending
Get help
Back to activity"
0371,screenshots/augmented/synthetic_bank_0371_blur.png,Sinhala,Sinhala,blur,"18:30
4G
Nova Mobile Banking
Secure transaction centre
PENDING
EUR 509.32
ඔබගේ මුදල් ආපසු ගෙවීම තවම පවතී.
Date & time
23 Nov 2024 • 17:52
Reference
NMB-2411-125691
Error code
AQF-383
Issue
Refund pending
Get help
Back to activity"
0371,screenshots/augmented/synthetic_bank_0371_rot.png,Sinhala,Sinhala,rotation,"18:30
4G
Nova Mobile Banking
Secure transaction centre
PENDING
EUR 509.32
ඔබගේ මුදල් ආපසු ගෙවීම තවම පවතී.
Date & time
23 Nov 2024 • 17:52
Reference
NMB-2411-125691
Error code
AQF-383
Issue
Refund pending
Get help
Back to activity"
0371,screenshots/augmented/synthetic_bank_0371_lowres.png,Sinhala,Sinhala,low-resolution,"18:30
4G
Nova Mobile Banking
Secure transaction centre
PENDING
EUR 509.32
ඔබගේ මුදල් ආපසු ගෙවීම තවම පවතී.
Date & time
23 Nov 2024 • 17:52
Reference
NMB-2411-125691
Error code
AQF-383
Issue
Refund pending
Get help
Back to activity"
0372,screenshots/synthetic_bank_0372.png,Tamil,Tamil,clean,"21:10
4G
Nova Mobile Banking
Secure transaction centre
REVIEW
USD 1,538.04
பணம் எடுத்த கட்டணம் தவறாக இருக்கலாம்.
Date & time
06 Nov 2024 • 21:16
Reference
NMB-2411-631275
Error code
RGO-585
Issue
Cash withdrawal charged incorrectly
Get help
Back to activity"
0372,screenshots/augmented/synthetic_bank_0372_blur.png,Tamil,Tamil,blur,"21:10
4G
Nova Mobile Banking
Secure transaction centre
REVIEW
USD 1,538.04
பணம் எடுத்த கட்டணம் தவறாக இருக்கலாம்.
Date & time
06 Nov 2024 • 21:16
Reference
NMB-2411-631275
Error code
RGO-585
Issue
Cash withdrawal charged incorrectly
Get help
Back to activity"
0372,screenshots/augmented/synthetic_bank_0372_rot.png,Tamil,Tamil,rotation,"21:10
4G
Nova Mobile Banking
Secure transaction centre
REVIEW
USD 1,538.04
பணம் எடுத்த கட்டணம் தவறாக இருக்கலாம்.
Date & time
06 Nov 2024 • 21:16
Reference
NMB-2411-631275
Error code
RGO-585
Issue
Cash withdrawal charged incorrectly
Get help
Back to activity"
0372,screenshots/augmented/synthetic_bank_0372_lowres.png,Tamil,Tamil,low-resolution,"21:10
4G
Nova Mobile Banking
Secure transaction centre
REVIEW
USD 1,538.04
பணம் எடுத்த கட்டணம் தவறாக இருக்கலாம்.
Date & time
06 Nov 2024 • 21:16
Reference
NMB-2411-631275
Error code
RGO-585
Issue
Cash withdrawal charged incorrectly
Get help
Back to activity"
0373,screenshots/synthetic_bank_0373.png,Mixed-language,Latin,clean,"21:15
4G
Nova Mobile Banking
Secure transaction centre
FAILED
USD 1,005.62
Salli transfer eka complete une naha. Money transfer complete aagala.
Date & time
17 Jul 2024 • 15:41
Reference
NMB-2407-260523
Error code
JLE-862
Issue
Transfer failed
Get help
Back to activity"
0373,screenshots/augmented/synthetic_bank_0373_blur.png,Mixed-language,Latin,blur,"21:15
4G
Nova Mobile Banking
Secure transaction centre
FAILED
USD 1,005.62
Salli transfer eka complete une naha. Money transfer complete aagala.
Date & time
17 Jul 2024 • 15:41
Reference
NMB-2407-260523
Error code
JLE-862
Issue
Transfer failed
Get help
Back to activity"
0373,screenshots/augmented/synthetic_bank_0373_rot.png,Mixed-language,Latin,rotation,"21:15
4G
Nova Mobile Banking
Secure transaction centre
FAILED
USD 1,005.62
Salli transfer eka complete une naha. Money transfer complete aagala.
Date & time
17 Jul 2024 • 15:41
Reference
NMB-2407-260523
Error code
JLE-862
Issue
Transfer failed
Get help
Back to activity"
0373,screenshots/augmented/synthetic_bank_0373_lowres.png,Mixed-language,Latin,low-resolution,"21:15
4G
Nova Mobile Banking
Secure transaction centre
FAILED
USD 1,005.62
Salli transfer eka complete une naha. Money transfer complete aagala.
Date & time
17 Jul 2024 • 15:41
Reference
NMB-2407-260523
Error code
JLE-862
Issue
Transfer failed
Get help
Back to activity"
0374,screenshots/synthetic_bank_0374.png,Tanglish,Latin,clean,"20:10
4G
Nova Mobile Banking
Secure transaction centre
PENDING
USD 498.76
Refund innum pending-la irukku.
Date & time
08 Sep 2024 • 15:42
Reference
NMB-2409-800399
Error code
IUF-578
Issue
Refund pending
Get help
Back to activity"
0374,screenshots/augmented/synthetic_bank_0374_blur.png,Tanglish,Latin,blur,"20:10
4G
Nova Mobile Banking
Secure transaction centre
PENDING
USD 498.76
Refund innum pending-la irukku.
Date & time
08 Sep 2024 • 15:42
Reference
NMB-2409-800399
Error code
IUF-578
Issue
Refund pending
Get help
Back to activity"
0374,screenshots/augmented/synthetic_bank_0374_rot.png,Tanglish,Latin,rotation,"20:10
4G
Nova Mobile Banking
Secure transaction centre
PENDING
USD 498.76
Refund innum pending-la irukku.
Date & time
08 Sep 2024 • 15:42
Reference
NMB-2409-800399
Error code
IUF-578
Issue
Refund pending
Get help
Back to activity"
0374,screenshots/augmented/synthetic_bank_0374_lowres.png,Tanglish,Latin,low-resolution,"20:10
4G
Nova Mobile Banking
Secure transaction centre
PENDING
USD 498.76
Refund innum pending-la irukku.
Date & time
08 Sep 2024 • 15:42
Reference
NMB-2409-800399
Error code
IUF-578
Issue
Refund pending
Get help
Back to activity"
0375,screenshots/synthetic_bank_0375.png,Singlish,Latin,clean,"14:30
4G
Nova Mobile Banking
Secure transaction centre
PENDING
LKR 912.63
Transfer eka thawama process wenawa.
Date & time
28 May 2025 • 18:28
Reference
NMB-2505-376886
Error code
SZM-940
Issue
Transfer pending
Get help
Back to activity"
0375,screenshots/augmented/synthetic_bank_0375_blur.png,Singlish,Latin,blur,"14:30
4G
Nova Mobile Banking
Secure transaction centre
PENDING
LKR 912.63
Transfer eka thawama process wenawa.
Date & time
28 May 2025 • 18:28
Reference
NMB-2505-376886
Error code
SZM-940
Issue
Transfer pending
Get help
Back to activity"
0375,screenshots/augmented/synthetic_bank_0375_rot.png,Singlish,Latin,rotation,"14:30
4G
Nova Mobile Banking
Secure transaction centre
PENDING
LKR 912.63
Transfer eka thawama process wenawa.
Date & time
28 May 2025 • 18:28
Reference
NMB-2505-376886
Error code
SZM-940
Issue
Transfer pending
Get help
Back to activity"
0375,screenshots/augmented/synthetic_bank_0375_lowres.png,Singlish,Latin,low-resolution,"14:30
4G
Nova Mobile Banking
Secure transaction centre
PENDING
LKR 912.63
Transfer eka thawama process wenawa.
Date & time
28 May 2025 • 18:28
Reference
NMB-2505-376886
Error code
SZM-940
Issue
Transfer pending
Get help
Back to activity"
0376,screenshots/synthetic_bank_0376.png,Mixed-language,Latin,clean,"08:10
4G
Nova Mobile Banking
Secure transaction centre
REVIEW
LKR 1,936.22
Transaction eka deparak penenawa. Transaction rendu murai kaatuthu.
Date & time
22 Jul 2024 • 18:25
Reference
NMB-2407-443478
Error code
RPW-119
Issue
Duplicate transaction
Get help
Back to activity"
0376,screenshots/augmented/synthetic_bank_0376_blur.png,Mixed-language,Latin,blur,"08:10
4G
Nova Mobile Banking
Secure transaction centre
REVIEW
LKR 1,936.22
Transaction eka deparak penenawa. Transaction rendu murai kaatuthu.
Date & time
22 Jul 2024 • 18:25
Reference
NMB-2407-443478
Error code
RPW-119
Issue
Duplicate transaction
Get help
Back to activity"
0376,screenshots/augmented/synthetic_bank_0376_rot.png,Mixed-language,Latin,rotation,"08:10
4G
Nova Mobile Banking
Secure transaction centre
REVIEW
LKR 1,936.22
Transaction eka deparak penenawa. Transaction rendu murai kaatuthu.
Date & time
22 Jul 2024 • 18:25
Reference
NMB-2407-443478
Error code
RPW-119
Issue
Duplicate transaction
Get help
Back to activity"
0376,screenshots/augmented/synthetic_bank_0376_lowres.png,Mixed-language,Latin,low-resolution,"08:10
4G
Nova Mobile Banking
Secure transaction centre
REVIEW
LKR 1,936.22
Transaction eka deparak penenawa. Transaction rendu murai kaatuthu.
Date & time
22 Jul 2024 • 18:25
Reference
NMB-2407-443478
Error code
RPW-119
Issue
Duplicate transaction
Get help
Back to activity"
0377,screenshots/synthetic_bank_0377.png,Mixed-language,Latin,clean,"17:15
4G
Nova Mobile Banking
Secure transaction centre
BLOCKED
LKR 842.68
Security nisa account eka block wela. Security-kaaga account block aayiduchu.
Date & time
02 Nov 2024 • 18:33
Reference
NMB-2411-809544
Error code
MOL-690
Issue
Account blocked
Get help
Back to activity"
0377,screenshots/augmented/synthetic_bank_0377_blur.png,Mixed-language,Latin,blur,"17:15
4G
Nova Mobile Banking
Secure transaction centre
BLOCKED
LKR 842.68
Security nisa account eka block wela. Security-kaaga account block aayiduchu.
Date & time
02 Nov 2024 • 18:33
Reference
NMB-2411-809544
Error code
MOL-690
Issue
Account blocked
Get help
Back to activity"
0377,screenshots/augmented/synthetic_bank_0377_rot.png,Mixed-language,Latin,rotation,"17:15
4G
Nova Mobile Banking
Secure transaction centre
BLOCKED
LKR 842.68
Security nisa account eka block wela. Security-kaaga account block aayiduchu.
Date & time
02 Nov 2024 • 18:33
Reference
NMB-2411-809544
Error code
MOL-690
Issue
Account blocked
Get help
Back to activity"
0377,screenshots/augmented/synthetic_bank_0377_lowres.png,Mixed-language,Latin,low-resolution,"17:15
4G
Nova Mobile Banking
Secure transaction centre
BLOCKED
LKR 842.68
Security nisa account eka block wela. Security-kaaga account block aayiduchu.
Date & time
02 Nov 2024 • 18:33
Reference
NMB-2411-809544
Error code
MOL-690
Issue
Account blocked
Get help
Back to activity"
0378,screenshots/synthetic_bank_0378.png,English,Latin,clean,"19:10
4G
Nova Mobile Banking
Secure transaction centre
FAILED
GBP 1,692.28
The new beneficiary could not be added.
Date & time
01 Jan 2026 • 14:53
Reference
NMB-2601-162088
Error code
ZAF-253
Issue
Beneficiary not added
Get help
Back to activity"
0378,screenshots/augmented/synthetic_bank_0378_blur.png,English,Latin,blur,"19:10
4G
Nova Mobile Banking
Secure transaction centre
FAILED
GBP 1,692.28
The new beneficiary could not be added.
Date & time
01 Jan 2026 • 14:53
Reference
NMB-2601-162088
Error code
ZAF-253
Issue
Beneficiary not added
Get help
Back to activity"
0378,screenshots/augmented/synthetic_bank_0378_rot.png,English,Latin,rotation,"19:10
4G
Nova Mobile Banking
Secure transaction centre
FAILED
GBP 1,692.28
The new beneficiary could not be added.
Date & time
01 Jan 2026 • 14:53
Reference
NMB-2601-162088
Error code
ZAF-253
Issue
Beneficiary not added
Get help
Back to activity"
0378,screenshots/augmented/synthetic_bank_0378_lowres.png,English,Latin,low-resolution,"19:10
4G
Nova Mobile Banking
Secure transaction centre
FAILED
GBP 1,692.28
The new beneficiary could not be added.
Date & time
01 Jan 2026 • 14:53
Reference
NMB-2601-162088
Error code
ZAF-253
Issue
Beneficiary not added
Get help
Back to activity"
0379,screenshots/synthetic_bank_0379.png,Tanglish,Latin,clean,"20:05
4G
Nova Mobile Banking
Secure transaction centre
REVIEW
USD 1,894.69
Exchange rate sari illa pola.
Date & time
26 Mar 2026 • 20:25
Reference
NMB-2603-871141
Error code
XIS-342
Issue
Wrong exchange rate
Get help
Back to activity"
0379,screenshots/augmented/synthetic_bank_0379_blur.png,Tanglish,Latin,blur,"20:05
4G
Nova Mobile Banking
Secure transaction centre
REVIEW
USD 1,894.69
Exchange rate sari illa pola.
Date & time
26 Mar 2026 • 20:25
Reference
NMB-2603-871141
Error code
XIS-342
Issue
Wrong exchange rate
Get help
Back to activity"
0379,screenshots/augmented/synthetic_bank_0379_rot.png,Tanglish,Latin,rotation,"20:05
4G
Nova Mobile Banking
Secure transaction centre
REVIEW
USD 1,894.69
Exchange rate sari illa pola.
Date & time
26 Mar 2026 • 20:25
Reference
NMB-2603-871141
Error code
XIS-342
Issue
Wrong exchange rate
Get help
Back to activity"
0379,screenshots/augmented/synthetic_bank_0379_lowres.png,Tanglish,Latin,low-resolution,"20:05
4G
Nova Mobile Banking
Secure transaction centre
REVIEW
USD 1,894.69
Exchange rate sari illa pola.
Date & time
26 Mar 2026 • 20:25
Reference
NMB-2603-871141
Error code
XIS-342
Issue
Wrong exchange rate
Get help
Back to activity"
0380,screenshots/synthetic_bank_0380.png,Singlish,Latin,clean,"11:10
4G
Nova Mobile Banking
Secure transaction centre
FAILED
USD 2,492.45
Beneficiary add karanna bari una.
Date & time
03 Sep 2025 • 15:03
Reference
NMB-2509-339414
Error code
JWP-349
Issue
Beneficiary not added
Get help
Back to activity"
0380,screenshots/augmented/synthetic_bank_0380_blur.png,Singlish,Latin,blur,"11:10
4G
Nova Mobile Banking
Secure transaction centre
FAILED
USD 2,492.45
Beneficiary add karanna bari una.
Date & time
03 Sep 2025 • 15:03
Reference
NMB-2509-339414
Error code
JWP-349
Issue
Beneficiary not added
Get help
Back to activity"
0380,screenshots/augmented/synthetic_bank_0380_rot.png,Singlish,Latin,rotation,"11:10
4G
Nova Mobile Banking
Secure transaction centre
FAILED
USD 2,492.45
Beneficiary add karanna bari una.
Date & time
03 Sep 2025 • 15:03
Reference
NMB-2509-339414
Error code
JWP-349
Issue
Beneficiary not added
Get help
Back to activity"
0380,screenshots/augmented/synthetic_bank_0380_lowres.png,Singlish,Latin,low-resolution,"11:10
4G
Nova Mobile Banking
Secure transaction centre
FAILED
USD 2,492.45
Beneficiary add karanna bari una.
Date & time
03 Sep 2025 • 15:03
Reference
NMB-2509-339414
Error code
JWP-349
Issue
Beneficiary not added
Get help
Back to activity"
0381,screenshots/synthetic_bank_0381.png,Tanglish,Latin,clean,"13:15
4G
Nova Mobile Banking
Secure transaction centre
PENDING
GBP 1,210.35
Balance innum update aagala.
Date & time
30 Apr 2025 • 08:01
Reference
NMB-2504-852955
Error code
NEJ-992
Issue
Balance not updated
Get help
Back to activity"
0381,screenshots/augmented/synthetic_bank_0381_blur.png,Tanglish,Latin,blur,"13:15
4G
Nova Mobile Banking
Secure transaction centre
PENDING
GBP 1,210.35
Balance innum update aagala.
Date & time
30 Apr 2025 • 08:01
Reference
NMB-2504-852955
Error code
NEJ-992
Issue
Balance not updated
Get help
Back to activity"
0381,screenshots/augmented/synthetic_bank_0381_rot.png,Tanglish,Latin,rotation,"13:15
4G
Nova Mobile Banking
Secure transaction centre
PENDING
GBP 1,210.35
Balance innum update aagala.
Date & time
30 Apr 2025 • 08:01
Reference
NMB-2504-852955
Error code
NEJ-992
Issue
Balance not updated
Get help
Back to activity"
0381,screenshots/augmented/synthetic_bank_0381_lowres.png,Tanglish,Latin,low-resolution,"13:15
4G
Nova Mobile Banking
Secure transaction centre
PENDING
GBP 1,210.35
Balance innum update aagala.
Date & time
30 Apr 2025 • 08:01
Reference
NMB-2504-852955
Error code
NEJ-992
Issue
Balance not updated
Get help
Back to activity"
0382,screenshots/synthetic_bank_0382.png,Tanglish,Latin,clean,"12:10
4G
Nova Mobile Banking
Secure transaction centre
REVIEW
USD 1,972.71
Exchange rate sari illa pola.
Date & time
18 Jun 2026 • 11:19
Reference
NMB-2606-566317
Error code
SLE-327
Issue
Wrong exchange rate
Get help
Back to activity"
0382,screenshots/augmented/synthetic_bank_0382_blur.png,Tanglish,Latin,blur,"12:10
4G
Nova Mobile Banking
Secure transaction centre
REVIEW
USD 1,972.71
Exchange rate sari illa pola.
Date & time
18 Jun 2026 • 11:19
Reference
NMB-2606-566317
Error code
SLE-327
Issue
Wrong exchange rate
Get help
Back to activity"
0382,screenshots/augmented/synthetic_bank_0382_rot.png,Tanglish,Latin,rotation,"12:10
4G
Nova Mobile Banking
Secure transaction centre
REVIEW
USD 1,972.71
Exchange rate sari illa pola.
Date & time
18 Jun 2026 • 11:19
Reference
NMB-2606-566317
Error code
SLE-327
Issue
Wrong exchange rate
Get help
Back to activity"
0382,screenshots/augmented/synthetic_bank_0382_lowres.png,Tanglish,Latin,low-resolution,"12:10
4G
Nova Mobile Banking
Secure transaction centre
REVIEW
USD 1,972.71
Exchange rate sari illa pola.
Date & time
18 Jun 2026 • 11:19
Reference
NMB-2606-566317
Error code
SLE-327
Issue
Wrong exchange rate
Get help
Back to activity"
0383,screenshots/synthetic_bank_0383.png,Singlish,Latin,clean,"20:30
4G
Nova Mobile Banking
Secure transaction centre
WAITING
SGD 1,234.75
OTP eka thawama awe naha.
Date & time
23 Feb 2026 • 02:15
Reference
NMB-2602-686533
Error code
ROI-875
Issue
OTP not received
Get help
Back to activity"
0383,screenshots/augmented/synthetic_bank_0383_blur.png,Singlish,Latin,blur,"20:30
4G
Nova Mobile Banking
Secure transaction centre
WAITING
SGD 1,234.75
OTP eka thawama awe naha.
Date & time
23 Feb 2026 • 02:15
Reference
NMB-2602-686533
Error code
ROI-875
Issue
OTP not received
Get help
Back to activity"
0383,screenshots/augmented/synthetic_bank_0383_rot.png,Singlish,Latin,rotation,"20:30
4G
Nova Mobile Banking
Secure transaction centre
WAITING
SGD 1,234.75
OTP eka thawama awe naha.
Date & time
23 Feb 2026 • 02:15
Reference
NMB-2602-686533
Error code
ROI-875
Issue
OTP not received
Get help
Back to activity"
0383,screenshots/augmented/synthetic_bank_0383_lowres.png,Singlish,Latin,low-resolution,"20:30
4G
Nova Mobile Banking
Secure transaction centre
WAITING
SGD 1,234.75
OTP eka thawama awe naha.
Date & time
23 Feb 2026 • 02:15
Reference
NMB-2602-686533
Error code
ROI-875
Issue
OTP not received
Get help
Back to activity"
0384,screenshots/synthetic_bank_0384.png,Mixed-language,Latin,clean,"21:15
4G
Nova Mobile Banking
Secure transaction centre
URGENT
USD 1,181.69
Mama nodanna transaction ekak thiyenawa. Enakku theriyatha transaction irukku.
Date & time
30 Jan 2024 • 02:58
Reference
NMB-2401-836426
Error code
IVD-465
Issue
Unauthorized transaction
Secure account
Back to activity"
0384,screenshots/augmented/synthetic_bank_0384_blur.png,Mixed-language,Latin,blur,"21:15
4G
Nova Mobile Banking
Secure transaction centre
URGENT
USD 1,181.69
Mama nodanna transaction ekak thiyenawa. Enakku theriyatha transaction irukku.
Date & time
30 Jan 2024 • 02:58
Reference
NMB-2401-836426
Error code
IVD-465
Issue
Unauthorized transaction
Secure account
Back to activity"
0384,screenshots/augmented/synthetic_bank_0384_rot.png,Mixed-language,Latin,rotation,"21:15
4G
Nova Mobile Banking
Secure transaction centre
URGENT
USD 1,181.69
Mama nodanna transaction ekak thiyenawa. Enakku theriyatha transaction irukku.
Date & time
30 Jan 2024 • 02:58
Reference
NMB-2401-836426
Error code
IVD-465
Issue
Unauthorized transaction
Secure account
Back to activity"
0384,screenshots/augmented/synthetic_bank_0384_lowres.png,Mixed-language,Latin,low-resolution,"21:15
4G
Nova Mobile Banking
Secure transaction centre
URGENT
USD 1,181.69
Mama nodanna transaction ekak thiyenawa. Enakku theriyatha transaction irukku.
Date & time
30 Jan 2024 • 02:58
Reference
NMB-2401-836426
Error code
IVD-465
Issue
Unauthorized transaction
Secure account
Back to activity"
0385,screenshots/synthetic_bank_0385.png,Singlish,Latin,clean,"17:30
4G
Nova Mobile Banking
Secure transaction centre
WAITING
LKR 633.50
OTP eka thawama awe naha.
Date & time
03 Jul 2024 • 12:58
Reference
NMB-2407-399015
Error code
KSH-639
Issue
OTP not received
Get help
Back to activity"
0385,screenshots/augmented/synthetic_bank_0385_blur.png,Singlish,Latin,blur,"17:30
4G
Nova Mobile Banking
Secure transaction centre
WAITING
LKR 633.50
OTP eka thawama awe naha.
Date & time
03 Jul 2024 • 12:58
Reference
NMB-2407-399015
Error code
KSH-639
Issue
OTP not received
Get help
Back to activity"
0385,screenshots/augmented/synthetic_bank_0385_rot.png,Singlish,Latin,rotation,"17:30
4G
Nova Mobile Banking
Secure transaction centre
WAITING
LKR 633.50
OTP eka thawama awe naha.
Date & time
03 Jul 2024 • 12:58
Reference
NMB-2407-399015
Error code
KSH-639
Issue
OTP not received
Get help
Back to activity"
0385,screenshots/augmented/synthetic_bank_0385_lowres.png,Singlish,Latin,low-resolution,"17:30
4G
Nova Mobile Banking
Secure transaction centre
WAITING
LKR 633.50
OTP eka thawama awe naha.
Date & time
03 Jul 2024 • 12:58
Reference
NMB-2407-399015
Error code
KSH-639
Issue
OTP not received
Get help
Back to activity"
0386,screenshots/synthetic_bank_0386.png,Singlish,Latin,clean,"13:05
4G
Nova Mobile Banking
Secure transaction centre
FAILED
LKR 2,061.47
Beneficiary add karanna bari una.
Date & time
31 Mar 2026 • 00:20
Reference
NMB-2603-717600
Error code
PBT-581
Issue
Beneficiary not added
Get help
Back to activity"
0386,screenshots/augmented/synthetic_bank_0386_blur.png,Singlish,Latin,blur,"13:05
4G
Nova Mobile Banking
Secure transaction centre
FAILED
LKR 2,061.47
Beneficiary add karanna bari una.
Date & time
31 Mar 2026 • 00:20
Reference
NMB-2603-717600
Error code
PBT-581
Issue
Beneficiary not added
Get help
Back to activity"
0386,screenshots/augmented/synthetic_bank_0386_rot.png,Singlish,Latin,rotation,"13:05
4G
Nova Mobile Banking
Secure transaction centre
FAILED
LKR 2,061.47
Beneficiary add karanna bari una.
Date & time
31 Mar 2026 • 00:20
Reference
NMB-2603-717600
Error code
PBT-581
Issue
Beneficiary not added
Get help
Back to activity"
0386,screenshots/augmented/synthetic_bank_0386_lowres.png,Singlish,Latin,low-resolution,"13:05
4G
Nova Mobile Banking
Secure transaction centre
FAILED
LKR 2,061.47
Beneficiary add karanna bari una.
Date & time
31 Mar 2026 • 00:20
Reference
NMB-2603-717600
Error code
PBT-581
Issue
Beneficiary not added
Get help
Back to activity"
0387,screenshots/synthetic_bank_0387.png,Mixed-language,Latin,clean,"22:05
4G
Nova Mobile Banking
Secure transaction centre
URGENT
EUR 1,931.27
Mama nodanna transaction ekak thiyenawa. Enakku theriyatha transaction irukku.
Date & time
06 Jul 2025 • 20:51
Reference
NMB-2507-862811
Error code
RPY-263
Issue
Unauthorized transaction
Secure account
Back to activity"
0387,screenshots/augmented/synthetic_bank_0387_blur.png,Mixed-language,Latin,blur,"22:05
4G
Nova Mobile Banking
Secure transaction centre
URGENT
EUR 1,931.27
Mama nodanna transaction ekak thiyenawa. Enakku theriyatha transaction irukku.
Date & time
06 Jul 2025 • 20:51
Reference
NMB-2507-862811
Error code
RPY-263
Issue
Unauthorized transaction
Secure account
Back to activity"
0387,screenshots/augmented/synthetic_bank_0387_rot.png,Mixed-language,Latin,rotation,"22:05
4G
Nova Mobile Banking
Secure transaction centre
URGENT
EUR 1,931.27
Mama nodanna transaction ekak thiyenawa. Enakku theriyatha transaction irukku.
Date & time
06 Jul 2025 • 20:51
Reference
NMB-2507-862811
Error code
RPY-263
Issue
Unauthorized transaction
Secure account
Back to activity"
0387,screenshots/augmented/synthetic_bank_0387_lowres.png,Mixed-language,Latin,low-resolution,"22:05
4G
Nova Mobile Banking
Secure transaction centre
URGENT
EUR 1,931.27
Mama nodanna transaction ekak thiyenawa. Enakku theriyatha transaction irukku.
Date & time
06 Jul 2025 • 20:51
Reference
NMB-2507-862811
Error code
RPY-263
Issue
Unauthorized transaction
Secure account
Back to activity"
0388,screenshots/synthetic_bank_0388.png,Tanglish,Latin,clean,"10:05
4G
Nova Mobile Banking
Secure transaction centre
PENDING
SGD 2,261.55
Refund innum pending-la irukku.
Date & time
13 Jul 2024 • 04:18
Reference
NMB-2407-614454
Error code
KJU-669
Issue
Refund pending
Get help
Back to activity"
0388,screenshots/augmented/synthetic_bank_0388_blur.png,Tanglish,Latin,blur,"10:05
4G
Nova Mobile Banking
Secure transaction centre
PENDING
SGD 2,261.55
Refund innum pending-la irukku.
Date & time
13 Jul 2024 • 04:18
Reference
NMB-2407-614454
Error code
KJU-669
Issue
Refund pending
Get help
Back to activity"
0388,screenshots/augmented/synthetic_bank_0388_rot.png,Tanglish,Latin,rotation,"10:05
4G
Nova Mobile Banking
Secure transaction centre
PENDING
SGD 2,261.55
Refund innum pending-la irukku.
Date & time
13 Jul 2024 • 04:18
Reference
NMB-2407-614454
Error code
KJU-669
Issue
Refund pending
Get help
Back to activity"
0388,screenshots/augmented/synthetic_bank_0388_lowres.png,Tanglish,Latin,low-resolution,"10:05
4G
Nova Mobile Banking
Secure transaction centre
PENDING
SGD 2,261.55
Refund innum pending-la irukku.
Date & time
13 Jul 2024 • 04:18
Reference
NMB-2407-614454
Error code
KJU-669
Issue
Refund pending
Get help
Back to activity"
0389,screenshots/synthetic_bank_0389.png,Tamil,Tamil,clean,"22:15
4G
Nova Mobile Banking
Secure transaction centre
REVIEW
USD 689.59
இந்தப் பரிவர்த்தனை இருமுறை காணப்படுகிறது.
Date & time
12 May 2025 • 21:59
Reference
NMB-2505-817588
Error code
MRM-393
Issue
Duplicate transaction
Get help
Back to activity"
0389,screenshots/augmented/synthetic_bank_0389_blur.png,Tamil,Tamil,blur,"22:15
4G
Nova Mobile Banking
Secure transaction centre
REVIEW
USD 689.59
இந்தப் பரிவர்த்தனை இருமுறை காணப்படுகிறது.
Date & time
12 May 2025 • 21:59
Reference
NMB-2505-817588
Error code
MRM-393
Issue
Duplicate transaction
Get help
Back to activity"
0389,screenshots/augmented/synthetic_bank_0389_rot.png,Tamil,Tamil,rotation,"22:15
4G
Nova Mobile Banking
Secure transaction centre
REVIEW
USD 689.59
இந்தப் பரிவர்த்தனை இருமுறை காணப்படுகிறது.
Date & time
12 May 2025 • 21:59
Reference
NMB-2505-817588
Error code
MRM-393
Issue
Duplicate transaction
Get help
Back to activity"
0389,screenshots/augmented/synthetic_bank_0389_lowres.png,Tamil,Tamil,low-resolution,"22:15
4G
Nova Mobile Banking
Secure transaction centre
REVIEW
USD 689.59
இந்தப் பரிவர்த்தனை இருமுறை காணப்படுகிறது.
Date & time
12 May 2025 • 21:59
Reference
NMB-2505-817588
Error code
MRM-393
Issue
Duplicate transaction
Get help
Back to activity"
0390,screenshots/synthetic_bank_0390.png,Mixed-language,Latin,clean,"09:00
4G
Nova Mobile Banking
Secure transaction centre
FAILED
SGD 1,684.62
Salli transfer eka complete une naha. Money transfer complete aagala.
Date & time
27 Nov 2024 • 11:08
Reference
NMB-2411-629767
Error code
PBR-824
Issue
Transfer failed
Get help
Back to activity"
0390,screenshots/augmented/synthetic_bank_0390_blur.png,Mixed-language,Latin,blur,"09:00
4G
Nova Mobile Banking
Secure transaction centre
FAILED
SGD 1,684.62
Salli transfer eka complete une naha. Money transfer complete aagala.
Date & time
27 Nov 2024 • 11:08
Reference
NMB-2411-629767
Error code
PBR-824
Issue
Transfer failed
Get help
Back to activity"
0390,screenshots/augmented/synthetic_bank_0390_rot.png,Mixed-language,Latin,rotation,"09:00
4G
Nova Mobile Banking
Secure transaction centre
FAILED
SGD 1,684.62
Salli transfer eka complete une naha. Money transfer complete aagala.
Date & time
27 Nov 2024 • 11:08
Reference
NMB-2411-629767
Error code
PBR-824
Issue
Transfer failed
Get help
Back to activity"
0390,screenshots/augmented/synthetic_bank_0390_lowres.png,Mixed-language,Latin,low-resolution,"09:00
4G
Nova Mobile Banking
Secure transaction centre
FAILED
SGD 1,684.62
Salli transfer eka complete une naha. Money transfer complete aagala.
Date & time
27 Nov 2024 • 11:08
Reference
NMB-2411-629767
Error code
PBR-824
Issue
Transfer failed
Get help
Back to activity"
0391,screenshots/synthetic_bank_0391.png,Tanglish,Latin,clean,"09:10
4G
Nova Mobile Banking
Secure transaction centre
PENDING
LKR 582.82
Refund innum pending-la irukku.
Date & time
03 Jun 2025 • 18:29
Reference
NMB-2506-590594
Error code
DRK-253
Issue
Refund pending
Get help
Back to activity"
0391,screenshots/augmented/synthetic_bank_0391_blur.png,Tanglish,Latin,blur,"09:10
4G
Nova Mobile Banking
Secure transaction centre
PENDING
LKR 582.82
Refund innum pending-la irukku.
Date & time
03 Jun 2025 • 18:29
Reference
NMB-2506-590594
Error code
DRK-253
Issue
Refund pending
Get help
Back to activity"
0391,screenshots/augmented/synthetic_bank_0391_rot.png,Tanglish,Latin,rotation,"09:10
4G
Nova Mobile Banking
Secure transaction centre
PENDING
LKR 582.82
Refund innum pending-la irukku.
Date & time
03 Jun 2025 • 18:29
Reference
NMB-2506-590594
Error code
DRK-253
Issue
Refund pending
Get help
Back to activity"
0391,screenshots/augmented/synthetic_bank_0391_lowres.png,Tanglish,Latin,low-resolution,"09:10
4G
Nova Mobile Banking
Secure transaction centre
PENDING
LKR 582.82
Refund innum pending-la irukku.
Date & time
03 Jun 2025 • 18:29
Reference
NMB-2506-590594
Error code
DRK-253
Issue
Refund pending
Get help
Back to activity"
0392,screenshots/synthetic_bank_0392.png,Mixed-language,Latin,clean,"22:15
4G
Nova Mobile Banking
Secure transaction centre
REVIEW
LKR 2,039.30
ATM charge eka waradi wage. ATM charge thappa irukku.
Date & time
28 Feb 2025 • 16:35
Reference
NMB-2502-930973
Error code
ACP-488
Issue
Cash withdrawal charged incorrectly
Get help
Back to activity"
0392,screenshots/augmented/synthetic_bank_0392_blur.png,Mixed-language,Latin,blur,"22:15
4G
Nova Mobile Banking
Secure transaction centre
REVIEW
LKR 2,039.30
ATM charge eka waradi wage. ATM charge thappa irukku.
Date & time
28 Feb 2025 • 16:35
Reference
NMB-2502-930973
Error code
ACP-488
Issue
Cash withdrawal charged incorrectly
Get help
Back to activity"
0392,screenshots/augmented/synthetic_bank_0392_rot.png,Mixed-language,Latin,rotation,"22:15
4G
Nova Mobile Banking
Secure transaction centre
REVIEW
LKR 2,039.30
ATM charge eka waradi wage. ATM charge thappa irukku.
Date & time
28 Feb 2025 • 16:35
Reference
NMB-2502-930973
Error code
ACP-488
Issue
Cash withdrawal charged incorrectly
Get help
Back to activity"
0392,screenshots/augmented/synthetic_bank_0392_lowres.png,Mixed-language,Latin,low-resolution,"22:15
4G
Nova Mobile Banking
Secure transaction centre
REVIEW
LKR 2,039.30
ATM charge eka waradi wage. ATM charge thappa irukku.
Date & time
28 Feb 2025 • 16:35
Reference
NMB-2502-930973
Error code
ACP-488
Issue
Cash withdrawal charged incorrectly
Get help
Back to activity"
0393,screenshots/synthetic_bank_0393.png,Tamil,Tamil,clean,"08:15
4G
Nova Mobile Banking
Secure transaction centre
FAILED
SGD 1,147.59
பணப் பரிமாற்றத்தை நிறைவு செய்ய முடியவில்லை.
Date & time
02 Mar 2026 • 09:09
Reference
NMB-2603-916940
Error code
PLI-310
Issue
Transfer failed
Get help
Back to activity"
0393,screenshots/augmented/synthetic_bank_0393_blur.png,Tamil,Tamil,blur,"08:15
4G
Nova Mobile Banking
Secure transaction centre
FAILED
SGD 1,147.59
பணப் பரிமாற்றத்தை நிறைவு செய்ய முடியவில்லை.
Date & time
02 Mar 2026 • 09:09
Reference
NMB-2603-916940
Error code
PLI-310
Issue
Transfer failed
Get help
Back to activity"
0393,screenshots/augmented/synthetic_bank_0393_rot.png,Tamil,Tamil,rotation,"08:15
4G
Nova Mobile Banking
Secure transaction centre
FAILED
SGD 1,147.59
பணப் பரிமாற்றத்தை நிறைவு செய்ய முடியவில்லை.
Date & time
02 Mar 2026 • 09:09
Reference
NMB-2603-916940
Error code
PLI-310
Issue
Transfer failed
Get help
Back to activity"
0393,screenshots/augmented/synthetic_bank_0393_lowres.png,Tamil,Tamil,low-resolution,"08:15
4G
Nova Mobile Banking
Secure transaction centre
FAILED
SGD 1,147.59
பணப் பரிமாற்றத்தை நிறைவு செய்ய முடியவில்லை.
Date & time
02 Mar 2026 • 09:09
Reference
NMB-2603-916940
Error code
PLI-310
Issue
Transfer failed
Get help
Back to activity"
0394,screenshots/synthetic_bank_0394.png,Tanglish,Latin,clean,"19:45
4G
Nova Mobile Banking
Secure transaction centre
FAILED
GBP 2,355.31
Account-la debit aachu, cash kidaikala.
Date & time
03 Dec 2024 • 01:59
Reference
NMB-2412-498992
Error code
WYJ-564
Issue
Cash not received
Get help
Back to activity"
0394,screenshots/augmented/synthetic_bank_0394_blur.png,Tanglish,Latin,blur,"19:45
4G
Nova Mobile Banking
Secure transaction centre
FAILED
GBP 2,355.31
Account-la debit aachu, cash kidaikala.
Date & time
03 Dec 2024 • 01:59
Reference
NMB-2412-498992
Error code
WYJ-564
Issue
Cash not received
Get help
Back to activity"
0394,screenshots/augmented/synthetic_bank_0394_rot.png,Tanglish,Latin,rotation,"19:45
4G
Nova Mobile Banking
Secure transaction centre
FAILED
GBP 2,355.31
Account-la debit aachu, cash kidaikala.
Date & time
03 Dec 2024 • 01:59
Reference
NMB-2412-498992
Error code
WYJ-564
Issue
Cash not received
Get help
Back to activity"
0394,screenshots/augmented/synthetic_bank_0394_lowres.png,Tanglish,Latin,low-resolution,"19:45
4G
Nova Mobile Banking
Secure transaction centre
FAILED
GBP 2,355.31
Account-la debit aachu, cash kidaikala.
Date & time
03 Dec 2024 • 01:59
Reference
NMB-2412-498992
Error code
WYJ-564
Issue
Cash not received
Get help
Back to activity"
0395,screenshots/synthetic_bank_0395.png,Sinhala,Sinhala,clean,"08:10
4G
Nova Mobile Banking
Secure transaction centre
REVIEW
LKR 364.51
විනිමය අනුපාතය පරීක්ෂා කරන්න.
Date & time
19 Nov 2024 • 23:39
Reference
NMB-2411-202164
Error code
FYJ-354
Issue
Wrong exchange rate
Get help
Back to activity"
0395,screenshots/augmented/synthetic_bank_0395_blur.png,Sinhala,Sinhala,blur,"08:10
4G
Nova Mobile Banking
Secure transaction centre
REVIEW
LKR 364.51
විනිමය අනුපාතය පරීක්ෂා කරන්න.
Date & time
19 Nov 2024 • 23:39
Reference
NMB-2411-202164
Error code
FYJ-354
Issue
Wrong exchange rate
Get help
Back to activity"
0395,screenshots/augmented/synthetic_bank_0395_rot.png,Sinhala,Sinhala,rotation,"08:10
4G
Nova Mobile Banking
Secure transaction centre
REVIEW
LKR 364.51
විනිමය අනුපාතය පරීක්ෂා කරන්න.
Date & time
19 Nov 2024 • 23:39
Reference
NMB-2411-202164
Error code
FYJ-354
Issue
Wrong exchange rate
Get help
Back to activity"
0395,screenshots/augmented/synthetic_bank_0395_lowres.png,Sinhala,Sinhala,low-resolution,"08:10
4G
Nova Mobile Banking
Secure transaction centre
REVIEW
LKR 364.51
විනිමය අනුපාතය පරීක්ෂා කරන්න.
Date & time
19 Nov 2024 • 23:39
Reference
NMB-2411-202164
Error code
FYJ-354
Issue
Wrong exchange rate
Get help
Back to activity"
0396,screenshots/synthetic_bank_0396.png,Tamil,Tamil,clean,"18:30
4G
Nova Mobile Banking
Secure transaction centre
REVIEW
SGD 2,096.83
இந்தப் பரிவர்த்தனை இருமுறை காணப்படுகிறது.
Date & time
13 Dec 2024 • 21:55
Reference
NMB-2412-839925
Error code
CDZ-402
Issue
Duplicate transaction
Get help
Back to activity"
0396,screenshots/augmented/synthetic_bank_0396_blur.png,Tamil,Tamil,blur,"18:30
4G
Nova Mobile Banking
Secure transaction centre
REVIEW
SGD 2,096.83
இந்தப் பரிவர்த்தனை இருமுறை காணப்படுகிறது.
Date & time
13 Dec 2024 • 21:55
Reference
NMB-2412-839925
Error code
CDZ-402
Issue
Duplicate transaction
Get help
Back to activity"
0396,screenshots/augmented/synthetic_bank_0396_rot.png,Tamil,Tamil,rotation,"18:30
4G
Nova Mobile Banking
Secure transaction centre
REVIEW
SGD 2,096.83
இந்தப் பரிவர்த்தனை இருமுறை காணப்படுகிறது.
Date & time
13 Dec 2024 • 21:55
Reference
NMB-2412-839925
Error code
CDZ-402
Issue
Duplicate transaction
Get help
Back to activity"
0396,screenshots/augmented/synthetic_bank_0396_lowres.png,Tamil,Tamil,low-resolution,"18:30
4G
Nova Mobile Banking
Secure transaction centre
REVIEW
SGD 2,096.83
இந்தப் பரிவர்த்தனை இருமுறை காணப்படுகிறது.
Date & time
13 Dec 2024 • 21:55
Reference
NMB-2412-839925
Error code
CDZ-402
Issue
Duplicate transaction
Get help
Back to activity"
0397,screenshots/synthetic_bank_0397.png,Mixed-language,Latin,clean,"10:05
4G
Nova Mobile Banking
Secure transaction centre
BLOCKED
USD 2,255.10
Security nisa account eka block wela. Security-kaaga account block aayiduchu.
Date & time
26 Jun 2025 • 11:52
Reference
NMB-2506-802373
Error code
ASX-800
Issue
Account blocked
Get help
Back to activity"
0397,screenshots/augmented/synthetic_bank_0397_blur.png,Mixed-language,Latin,blur,"10:05
4G
Nova Mobile Banking
Secure transaction centre
BLOCKED
USD 2,255.10
Security nisa account eka block wela. Security-kaaga account block aayiduchu.
Date & time
26 Jun 2025 • 11:52
Reference
NMB-2506-802373
Error code
ASX-800
Issue
Account blocked
Get help
Back to activity"
0397,screenshots/augmented/synthetic_bank_0397_rot.png,Mixed-language,Latin,rotation,"10:05
4G
Nova Mobile Banking
Secure transaction centre
BLOCKED
USD 2,255.10
Security nisa account eka block wela. Security-kaaga account block aayiduchu.
Date & time
26 Jun 2025 • 11:52
Reference
NMB-2506-802373
Error code
ASX-800
Issue
Account blocked
Get help
Back to activity"
0397,screenshots/augmented/synthetic_bank_0397_lowres.png,Mixed-language,Latin,low-resolution,"10:05
4G
Nova Mobile Banking
Secure transaction centre
BLOCKED
USD 2,255.10
Security nisa account eka block wela. Security-kaaga account block aayiduchu.
Date & time
26 Jun 2025 • 11:52
Reference
NMB-2506-802373
Error code
ASX-800
Issue
Account blocked
Get help
Back to activity"
0398,screenshots/synthetic_bank_0398.png,Tamil,Tamil,clean,"12:00
4G
Nova Mobile Banking
Secure transaction centre
REVIEW
GBP 2,221.88
பணம் எடுத்த கட்டணம் தவறாக இருக்கலாம்.
Date & time
13 Jan 2024 • 23:03
Reference
NMB-2401-206422
Error code
MNX-156
Issue
Cash withdrawal charged incorrectly
Get help
Back to activity"
0398,screenshots/augmented/synthetic_bank_0398_blur.png,Tamil,Tamil,blur,"12:00
4G
Nova Mobile Banking
Secure transaction centre
REVIEW
GBP 2,221.88
பணம் எடுத்த கட்டணம் தவறாக இருக்கலாம்.
Date & time
13 Jan 2024 • 23:03
Reference
NMB-2401-206422
Error code
MNX-156
Issue
Cash withdrawal charged incorrectly
Get help
Back to activity"
0398,screenshots/augmented/synthetic_bank_0398_rot.png,Tamil,Tamil,rotation,"12:00
4G
Nova Mobile Banking
Secure transaction centre
REVIEW
GBP 2,221.88
பணம் எடுத்த கட்டணம் தவறாக இருக்கலாம்.
Date & time
13 Jan 2024 • 23:03
Reference
NMB-2401-206422
Error code
MNX-156
Issue
Cash withdrawal charged incorrectly
Get help
Back to activity"
0398,screenshots/augmented/synthetic_bank_0398_lowres.png,Tamil,Tamil,low-resolution,"12:00
4G
Nova Mobile Banking
Secure transaction centre
REVIEW
GBP 2,221.88
பணம் எடுத்த கட்டணம் தவறாக இருக்கலாம்.
Date & time
13 Jan 2024 • 23:03
Reference
NMB-2401-206422
Error code
MNX-156
Issue
Cash withdrawal charged incorrectly
Get help
Back to activity"
0399,screenshots/synthetic_bank_0399.png,Singlish,Latin,clean,"08:00
4G
Nova Mobile Banking
Secure transaction centre
URGENT
USD 1,219.68
Card eka horakam kala; danma freeze karanna.
Date & time
16 Apr 2025 • 08:08
Reference
NMB-2504-796358
Error code
NOQ-825
Issue
Card stolen
Freeze card
Back to activity"
0399,screenshots/augmented/synthetic_bank_0399_blur.png,Singlish,Latin,blur,"08:00
4G
Nova Mobile Banking
Secure transaction centre
URGENT
USD 1,219.68
Card eka horakam kala; danma freeze karanna.
Date & time
16 Apr 2025 • 08:08
Reference
NMB-2504-796358
Error code
NOQ-825
Issue
Card stolen
Freeze card
Back to activity"
0399,screenshots/augmented/synthetic_bank_0399_rot.png,Singlish,Latin,rotation,"08:00
4G
Nova Mobile Banking
Secure transaction centre
URGENT
USD 1,219.68
Card eka horakam kala; danma freeze karanna.
Date & time
16 Apr 2025 • 08:08
Reference
NMB-2504-796358
Error code
NOQ-825
Issue
Card stolen
Freeze card
Back to activity"
0399,screenshots/augmented/synthetic_bank_0399_lowres.png,Singlish,Latin,low-resolution,"08:00
4G
Nova Mobile Banking
Secure transaction centre
URGENT
USD 1,219.68
Card eka horakam kala; danma freeze karanna.
Date & time
16 Apr 2025 • 08:08
Reference
NMB-2504-796358
Error code
NOQ-825
Issue
Card stolen
Freeze card
Back to activity"
0400,screenshots/synthetic_bank_0400.png,Tanglish,Latin,clean,"09:15
4G
Nova Mobile Banking
Secure transaction centre
REVIEW
GBP 506.26
Exchange rate sari illa pola.
Date & time
31 Aug 2024 • 18:03
Reference
NMB-2408-739855
Error code
BEC-767
Issue
Wrong exchange rate
Get help
Back to activity"
0400,screenshots/augmented/synthetic_bank_0400_blur.png,Tanglish,Latin,blur,"09:15
4G
Nova Mobile Banking
Secure transaction centre
REVIEW
GBP 506.26
Exchange rate sari illa pola.
Date & time
31 Aug 2024 • 18:03
Reference
NMB-2408-739855
Error code
BEC-767
Issue
Wrong exchange rate
Get help
Back to activity"
0400,screenshots/augmented/synthetic_bank_0400_rot.png,Tanglish,Latin,rotation,"09:15
4G
Nova Mobile Banking
Secure transaction centre
REVIEW
GBP 506.26
Exchange rate sari illa pola.
Date & time
31 Aug 2024 • 18:03
Reference
NMB-2408-739855
Error code
BEC-767
Issue
Wrong exchange rate
Get help
Back to activity"
0400,screenshots/augmented/synthetic_bank_0400_lowres.png,Tanglish,Latin,low-resolution,"09:15
4G
Nova Mobile Banking
Secure transaction centre
REVIEW
GBP 506.26
Exchange rate sari illa pola.
Date & time
31 Aug 2024 • 18:03
Reference
NMB-2408-739855
Error code
BEC-767
Issue
Wrong exchange rate
Get help
Back to activity"
0401,screenshots/synthetic_bank_0401.png,Mixed-language,Latin,clean,"13:05
4G
Nova Mobile Banking
Secure transaction centre
URGENT
GBP 685.70
Mama nodanna transaction ekak thiyenawa. Enakku theriyatha transaction irukku.
Date & time
23 Mar 2026 • 22:47
Reference
NMB-2603-942435
Error code
CXR-390
Issue
Unauthorized transaction
Secure account
Back to activity"
0401,screenshots/augmented/synthetic_bank_0401_blur.png,Mixed-language,Latin,blur,"13:05
4G
Nova Mobile Banking
Secure transaction centre
URGENT
GBP 685.70
Mama nodanna transaction ekak thiyenawa. Enakku theriyatha transaction irukku.
Date & time
23 Mar 2026 • 22:47
Reference
NMB-2603-942435
Error code
CXR-390
Issue
Unauthorized transaction
Secure account
Back to activity"
0401,screenshots/augmented/synthetic_bank_0401_rot.png,Mixed-language,Latin,rotation,"13:05
4G
Nova Mobile Banking
Secure transaction centre
URGENT
GBP 685.70
Mama nodanna transaction ekak thiyenawa. Enakku theriyatha transaction irukku.
Date & time
23 Mar 2026 • 22:47
Reference
NMB-2603-942435
Error code
CXR-390
Issue
Unauthorized transaction
Secure account
Back to activity"
0401,screenshots/augmented/synthetic_bank_0401_lowres.png,Mixed-language,Latin,low-resolution,"13:05
4G
Nova Mobile Banking
Secure transaction centre
URGENT
GBP 685.70
Mama nodanna transaction ekak thiyenawa. Enakku theriyatha transaction irukku.
Date & time
23 Mar 2026 • 22:47
Reference
NMB-2603-942435
Error code
CXR-390
Issue
Unauthorized transaction
Secure account
Back to activity"
0402,screenshots/synthetic_bank_0402.png,Mixed-language,Latin,clean,"13:10
4G
Nova Mobile Banking
Secure transaction centre
REVIEW
SGD 729.51
ATM charge eka waradi wage. ATM charge thappa irukku.
Date & time
09 Mar 2025 • 19:24
Reference
NMB-2503-461028
Error code
RXL-109
Issue
Cash withdrawal charged incorrectly
Get help
Back to activity"
0402,screenshots/augmented/synthetic_bank_0402_blur.png,Mixed-language,Latin,blur,"13:10
4G
Nova Mobile Banking
Secure transaction centre
REVIEW
SGD 729.51
ATM charge eka waradi wage. ATM charge thappa irukku.
Date & time
09 Mar 2025 • 19:24
Reference
NMB-2503-461028
Error code
RXL-109
Issue
Cash withdrawal charged incorrectly
Get help
Back to activity"
0402,screenshots/augmented/synthetic_bank_0402_rot.png,Mixed-language,Latin,rotation,"13:10
4G
Nova Mobile Banking
Secure transaction centre
REVIEW
SGD 729.51
ATM charge eka waradi wage. ATM charge thappa irukku.
Date & time
09 Mar 2025 • 19:24
Reference
NMB-2503-461028
Error code
RXL-109
Issue
Cash withdrawal charged incorrectly
Get help
Back to activity"
0402,screenshots/augmented/synthetic_bank_0402_lowres.png,Mixed-language,Latin,low-resolution,"13:10
4G
Nova Mobile Banking
Secure transaction centre
REVIEW
SGD 729.51
ATM charge eka waradi wage. ATM charge thappa irukku.
Date & time
09 Mar 2025 • 19:24
Reference
NMB-2503-461028
Error code
RXL-109
Issue
Cash withdrawal charged incorrectly
Get help
Back to activity"
0403,screenshots/synthetic_bank_0403.png,Tanglish,Latin,clean,"13:45
4G
Nova Mobile Banking
Secure transaction centre
PENDING
GBP 2,197.82
Refund innum pending-la irukku.
Date & time
02 Sep 2025 • 15:16
Reference
NMB-2509-321082
Error code
LVN-250
Issue
Refund pending
Get help
Back to activity"
0403,screenshots/augmented/synthetic_bank_0403_blur.png,Tanglish,Latin,blur,"13:45
4G
Nova Mobile Banking
Secure transaction centre
PENDING
GBP 2,197.82
Refund innum pending-la irukku.
Date & time
02 Sep 2025 • 15:16
Reference
NMB-2509-321082
Error code
LVN-250
Issue
Refund pending
Get help
Back to activity"
0403,screenshots/augmented/synthetic_bank_0403_rot.png,Tanglish,Latin,rotation,"13:45
4G
Nova Mobile Banking
Secure transaction centre
PENDING
GBP 2,197.82
Refund innum pending-la irukku.
Date & time
02 Sep 2025 • 15:16
Reference
NMB-2509-321082
Error code
LVN-250
Issue
Refund pending
Get help
Back to activity"
0403,screenshots/augmented/synthetic_bank_0403_lowres.png,Tanglish,Latin,low-resolution,"13:45
4G
Nova Mobile Banking
Secure transaction centre
PENDING
GBP 2,197.82
Refund innum pending-la irukku.
Date & time
02 Sep 2025 • 15:16
Reference
NMB-2509-321082
Error code
LVN-250
Issue
Refund pending
Get help
Back to activity"
0404,screenshots/synthetic_bank_0404.png,Singlish,Latin,clean,"21:15
4G
Nova Mobile Banking
Secure transaction centre
WAITING
EUR 2,055.89
OTP eka thawama awe naha.
Date & time
12 Jan 2024 • 04:55
Reference
NMB-2401-787350
Error code
YDJ-140
Issue
OTP not received
Get help
Back to activity"
0404,screenshots/augmented/synthetic_bank_0404_blur.png,Singlish,Latin,blur,"21:15
4G
Nova Mobile Banking
Secure transaction centre
WAITING
EUR 2,055.89
OTP eka thawama awe naha.
Date & time
12 Jan 2024 • 04:55
Reference
NMB-2401-787350
Error code
YDJ-140
Issue
OTP not received
Get help
Back to activity"
0404,screenshots/augmented/synthetic_bank_0404_rot.png,Singlish,Latin,rotation,"21:15
4G
Nova Mobile Banking
Secure transaction centre
WAITING
EUR 2,055.89
OTP eka thawama awe naha.
Date & time
12 Jan 2024 • 04:55
Reference
NMB-2401-787350
Error code
YDJ-140
Issue
OTP not received
Get help
Back to activity"
0404,screenshots/augmented/synthetic_bank_0404_lowres.png,Singlish,Latin,low-resolution,"21:15
4G
Nova Mobile Banking
Secure transaction centre
WAITING
EUR 2,055.89
OTP eka thawama awe naha.
Date & time
12 Jan 2024 • 04:55
Reference
NMB-2401-787350
Error code
YDJ-140
Issue
OTP not received
Get help
Back to activity"
0405,screenshots/synthetic_bank_0405.png,Tamil,Tamil,clean,"19:30
4G
Nova Mobile Banking
Secure transaction centre
FAILED
GBP 1,700.21
பணப் பரிமாற்றத்தை நிறைவு செய்ய முடியவில்லை.
Date & time
23 Sep 2024 • 11:46
Reference
NMB-2409-293553
Error code
RFZ-562
Issue
Transfer failed
Get help
Back to activity"
0405,screenshots/augmented/synthetic_bank_0405_blur.png,Tamil,Tamil,blur,"19:30
4G
Nova Mobile Banking
Secure transaction centre
FAILED
GBP 1,700.21
பணப் பரிமாற்றத்தை நிறைவு செய்ய முடியவில்லை.
Date & time
23 Sep 2024 • 11:46
Reference
NMB-2409-293553
Error code
RFZ-562
Issue
Transfer failed
Get help
Back to activity"
0405,screenshots/augmented/synthetic_bank_0405_rot.png,Tamil,Tamil,rotation,"19:30
4G
Nova Mobile Banking
Secure transaction centre
FAILED
GBP 1,700.21
பணப் பரிமாற்றத்தை நிறைவு செய்ய முடியவில்லை.
Date & time
23 Sep 2024 • 11:46
Reference
NMB-2409-293553
Error code
RFZ-562
Issue
Transfer failed
Get help
Back to activity"
0405,screenshots/augmented/synthetic_bank_0405_lowres.png,Tamil,Tamil,low-resolution,"19:30
4G
Nova Mobile Banking
Secure transaction centre
FAILED
GBP 1,700.21
பணப் பரிமாற்றத்தை நிறைவு செய்ய முடியவில்லை.
Date & time
23 Sep 2024 • 11:46
Reference
NMB-2409-293553
Error code
RFZ-562
Issue
Transfer failed
Get help
Back to activity"
0406,screenshots/synthetic_bank_0406.png,Singlish,Latin,clean,"12:45
4G
Nova Mobile Banking
Secure transaction centre
PENDING
GBP 940.14
Transfer eka thawama process wenawa.
Date & time
08 Nov 2024 • 18:02
Reference
NMB-2411-239366
Error code
JDF-495
Issue
Transfer pending
Get help
Back to activity"
0406,screenshots/augmented/synthetic_bank_0406_blur.png,Singlish,Latin,blur,"12:45
4G
Nova Mobile Banking
Secure transaction centre
PENDING
GBP 940.14
Transfer eka thawama process wenawa.
Date & time
08 Nov 2024 • 18:02
Reference
NMB-2411-239366
Error code
JDF-495
Issue
Transfer pending
Get help
Back to activity"
0406,screenshots/augmented/synthetic_bank_0406_rot.png,Singlish,Latin,rotation,"12:45
4G
Nova Mobile Banking
Secure transaction centre
PENDING
GBP 940.14
Transfer eka thawama process wenawa.
Date & time
08 Nov 2024 • 18:02
Reference
NMB-2411-239366
Error code
JDF-495
Issue
Transfer pending
Get help
Back to activity"
0406,screenshots/augmented/synthetic_bank_0406_lowres.png,Singlish,Latin,low-resolution,"12:45
4G
Nova Mobile Banking
Secure transaction centre
PENDING
GBP 940.14
Transfer eka thawama process wenawa.
Date & time
08 Nov 2024 • 18:02
Reference
NMB-2411-239366
Error code
JDF-495
Issue
Transfer pending
Get help
Back to activity"
0407,screenshots/synthetic_bank_0407.png,Tamil,Tamil,clean,"19:05
4G
Nova Mobile Banking
Secure transaction centre
REVIEW
SGD 88.44
பணம் எடுத்த கட்டணம் தவறாக இருக்கலாம்.
Date & time
21 Jan 2026 • 08:52
Reference
NMB-2601-186789
Error code
EOM-848
Issue
Cash withdrawal charged incorrectly
Get help
Back to activity"
0407,screenshots/augmented/synthetic_bank_0407_blur.png,Tamil,Tamil,blur,"19:05
4G
Nova Mobile Banking
Secure transaction centre
REVIEW
SGD 88.44
பணம் எடுத்த கட்டணம் தவறாக இருக்கலாம்.
Date & time
21 Jan 2026 • 08:52
Reference
NMB-2601-186789
Error code
EOM-848
Issue
Cash withdrawal charged incorrectly
Get help
Back to activity"
0407,screenshots/augmented/synthetic_bank_0407_rot.png,Tamil,Tamil,rotation,"19:05
4G
Nova Mobile Banking
Secure transaction centre
REVIEW
SGD 88.44
பணம் எடுத்த கட்டணம் தவறாக இருக்கலாம்.
Date & time
21 Jan 2026 • 08:52
Reference
NMB-2601-186789
Error code
EOM-848
Issue
Cash withdrawal charged incorrectly
Get help
Back to activity"
0407,screenshots/augmented/synthetic_bank_0407_lowres.png,Tamil,Tamil,low-resolution,"19:05
4G
Nova Mobile Banking
Secure transaction centre
REVIEW
SGD 88.44
பணம் எடுத்த கட்டணம் தவறாக இருக்கலாம்.
Date & time
21 Jan 2026 • 08:52
Reference
NMB-2601-186789
Error code
EOM-848
Issue
Cash withdrawal charged incorrectly
Get help
Back to activity"
0408,screenshots/synthetic_bank_0408.png,Tanglish,Latin,clean,"11:00
4G
Nova Mobile Banking
Secure transaction centre
REVIEW
GBP 1,070.25
Exchange rate sari illa pola.
Date & time
13 Dec 2024 • 17:56
Reference
NMB-2412-360165
Error code
UUZ-721
Issue
Wrong exchange rate
Get help
Back to activity"
0408,screenshots/augmented/synthetic_bank_0408_blur.png,Tanglish,Latin,blur,"11:00
4G
Nova Mobile Banking
Secure transaction centre
REVIEW
GBP 1,070.25
Exchange rate sari illa pola.
Date & time
13 Dec 2024 • 17:56
Reference
NMB-2412-360165
Error code
UUZ-721
Issue
Wrong exchange rate
Get help
Back to activity"
0408,screenshots/augmented/synthetic_bank_0408_rot.png,Tanglish,Latin,rotation,"11:00
4G
Nova Mobile Banking
Secure transaction centre
REVIEW
GBP 1,070.25
Exchange rate sari illa pola.
Date & time
13 Dec 2024 • 17:56
Reference
NMB-2412-360165
Error code
UUZ-721
Issue
Wrong exchange rate
Get help
Back to activity"
0408,screenshots/augmented/synthetic_bank_0408_lowres.png,Tanglish,Latin,low-resolution,"11:00
4G
Nova Mobile Banking
Secure transaction centre
REVIEW
GBP 1,070.25
Exchange rate sari illa pola.
Date & time
13 Dec 2024 • 17:56
Reference
NMB-2412-360165
Error code
UUZ-721
Issue
Wrong exchange rate
Get help
Back to activity"
0409,screenshots/synthetic_bank_0409.png,Tanglish,Latin,clean,"21:15
4G
Nova Mobile Banking
Secure transaction centre
FAILED
USD 1,175.22
Account-la debit aachu, cash kidaikala.
Date & time
19 May 2024 • 23:11
Reference
NMB-2405-896269
Error code
JCR-952
Issue
Cash not received
Get help
Back to activity"
0409,screenshots/augmented/synthetic_bank_0409_blur.png,Tanglish,Latin,blur,"21:15
4G
Nova Mobile Banking
Secure transaction centre
FAILED
USD 1,175.22
Account-la debit aachu, cash kidaikala.
Date & time
19 May 2024 • 23:11
Reference
NMB-2405-896269
Error code
JCR-952
Issue
Cash not received
Get help
Back to activity"
0409,screenshots/augmented/synthetic_bank_0409_rot.png,Tanglish,Latin,rotation,"21:15
4G
Nova Mobile Banking
Secure transaction centre
FAILED
USD 1,175.22
Account-la debit aachu, cash kidaikala.
Date & time
19 May 2024 • 23:11
Reference
NMB-2405-896269
Error code
JCR-952
Issue
Cash not received
Get help
Back to activity"
0409,screenshots/augmented/synthetic_bank_0409_lowres.png,Tanglish,Latin,low-resolution,"21:15
4G
Nova Mobile Banking
Secure transaction centre
FAILED
USD 1,175.22
Account-la debit aachu, cash kidaikala.
Date & time
19 May 2024 • 23:11
Reference
NMB-2405-896269
Error code
JCR-952
Issue
Cash not received
Get help
Back to activity"
0410,screenshots/synthetic_bank_0410.png,Sinhala,Sinhala,clean,"18:10
4G
Nova Mobile Banking
Secure transaction centre
REVIEW
EUR 348.79
විනිමය අනුපාතය පරීක්ෂා කරන්න.
Date & time
16 May 2026 • 07:40
Reference
NMB-2605-351743
Error code
CPF-467
Issue
Wrong exchange rate
Get help
Back to activity"
0410,screenshots/augmented/synthetic_bank_0410_blur.png,Sinhala,Sinhala,blur,"18:10
4G
Nova Mobile Banking
Secure transaction centre
REVIEW
EUR 348.79
විනිමය අනුපාතය පරීක්ෂා කරන්න.
Date & time
16 May 2026 • 07:40
Reference
NMB-2605-351743
Error code
CPF-467
Issue
Wrong exchange rate
Get help
Back to activity"
0410,screenshots/augmented/synthetic_bank_0410_rot.png,Sinhala,Sinhala,rotation,"18:10
4G
Nova Mobile Banking
Secure transaction centre
REVIEW
EUR 348.79
විනිමය අනුපාතය පරීක්ෂා කරන්න.
Date & time
16 May 2026 • 07:40
Reference
NMB-2605-351743
Error code
CPF-467
Issue
Wrong exchange rate
Get help
Back to activity"
0410,screenshots/augmented/synthetic_bank_0410_lowres.png,Sinhala,Sinhala,low-resolution,"18:10
4G
Nova Mobile Banking
Secure transaction centre
REVIEW
EUR 348.79
විනිමය අනුපාතය පරීක්ෂා කරන්න.
Date & time
16 May 2026 • 07:40
Reference
NMB-2605-351743
Error code
CPF-467
Issue
Wrong exchange rate
Get help
Back to activity"
0411,screenshots/synthetic_bank_0411.png,Tanglish,Latin,clean,"19:10
4G
Nova Mobile Banking
Secure transaction centre
REVIEW
GBP 372.46
Exchange rate sari illa pola.
Date & time
23 Aug 2024 • 06:39
Reference
NMB-2408-124435
Error code
KEI-623
Issue
Wrong exchange rate
Get help
Back to activity"
0411,screenshots/augmented/synthetic_bank_0411_blur.png,Tanglish,Latin,blur,"19:10
4G
Nova Mobile Banking
Secure transaction centre
REVIEW
GBP 372.46
Exchange rate sari illa pola.
Date & time
23 Aug 2024 • 06:39
Reference
NMB-2408-124435
Error code
KEI-623
Issue
Wrong exchange rate
Get help
Back to activity"
0411,screenshots/augmented/synthetic_bank_0411_rot.png,Tanglish,Latin,rotation,"19:10
4G
Nova Mobile Banking
Secure transaction centre
REVIEW
GBP 372.46
Exchange rate sari illa pola.
Date & time
23 Aug 2024 • 06:39
Reference
NMB-2408-124435
Error code
KEI-623
Issue
Wrong exchange rate
Get help
Back to activity"
0411,screenshots/augmented/synthetic_bank_0411_lowres.png,Tanglish,Latin,low-resolution,"19:10
4G
Nova Mobile Banking
Secure transaction centre
REVIEW
GBP 372.46
Exchange rate sari illa pola.
Date & time
23 Aug 2024 • 06:39
Reference
NMB-2408-124435
Error code
KEI-623
Issue
Wrong exchange rate
Get help
Back to activity"
0412,screenshots/synthetic_bank_0412.png,Mixed-language,Latin,clean,"17:45
4G
Nova Mobile Banking
Secure transaction centre
FAILED
GBP 1,295.96
Salli transfer eka complete une naha. Money transfer complete aagala.
Date & time
13 Apr 2026 • 02:23
Reference
NMB-2604-724810
Error code
SWJ-174
Issue
Transfer failed
Get help
Back to activity"
0412,screenshots/augmented/synthetic_bank_0412_blur.png,Mixed-language,Latin,blur,"17:45
4G
Nova Mobile Banking
Secure transaction centre
FAILED
GBP 1,295.96
Salli transfer eka complete une naha. Money transfer complete aagala.
Date & time
13 Apr 2026 • 02:23
Reference
NMB-2604-724810
Error code
SWJ-174
Issue
Transfer failed
Get help
Back to activity"
0412,screenshots/augmented/synthetic_bank_0412_rot.png,Mixed-language,Latin,rotation,"17:45
4G
Nova Mobile Banking
Secure transaction centre
FAILED
GBP 1,295.96
Salli transfer eka complete une naha. Money transfer complete aagala.
Date & time
13 Apr 2026 • 02:23
Reference
NMB-2604-724810
Error code
SWJ-174
Issue
Transfer failed
Get help
Back to activity"
0412,screenshots/augmented/synthetic_bank_0412_lowres.png,Mixed-language,Latin,low-resolution,"17:45
4G
Nova Mobile Banking
Secure transaction centre
FAILED
GBP 1,295.96
Salli transfer eka complete une naha. Money transfer complete aagala.
Date & time
13 Apr 2026 • 02:23
Reference
NMB-2604-724810
Error code
SWJ-174
Issue
Transfer failed
Get help
Back to activity"
0413,screenshots/synthetic_bank_0413.png,Tanglish,Latin,clean,"22:30
4G
Nova Mobile Banking
Secure transaction centre
PENDING
USD 1,681.39
Refund innum pending-la irukku.
Date & time
13 Jan 2026 • 12:47
Reference
NMB-2601-318371
Error code
SZM-174
Issue
Refund pending
Get help
Back to activity"
0413,screenshots/augmented/synthetic_bank_0413_blur.png,Tanglish,Latin,blur,"22:30
4G
Nova Mobile Banking
Secure transaction centre
PENDING
USD 1,681.39
Refund innum pending-la irukku.
Date & time
13 Jan 2026 • 12:47
Reference
NMB-2601-318371
Error code
SZM-174
Issue
Refund pending
Get help
Back to activity"
0413,screenshots/augmented/synthetic_bank_0413_rot.png,Tanglish,Latin,rotation,"22:30
4G
Nova Mobile Banking
Secure transaction centre
PENDING
USD 1,681.39
Refund innum pending-la irukku.
Date & time
13 Jan 2026 • 12:47
Reference
NMB-2601-318371
Error code
SZM-174
Issue
Refund pending
Get help
Back to activity"
0413,screenshots/augmented/synthetic_bank_0413_lowres.png,Tanglish,Latin,low-resolution,"22:30
4G
Nova Mobile Banking
Secure transaction centre
PENDING
USD 1,681.39
Refund innum pending-la irukku.
Date & time
13 Jan 2026 • 12:47
Reference
NMB-2601-318371
Error code
SZM-174
Issue
Refund pending
Get help
Back to activity"
0414,screenshots/synthetic_bank_0414.png,Tamil,Tamil,clean,"08:05
4G
Nova Mobile Banking
Secure transaction centre
REVIEW
USD 2,400.07
பணம் எடுத்த கட்டணம் தவறாக இருக்கலாம்.
Date & time
15 May 2024 • 20:34
Reference
NMB-2405-169530
Error code
QFU-193
Issue
Cash withdrawal charged incorrectly
Get help
Back to activity"
0414,screenshots/augmented/synthetic_bank_0414_blur.png,Tamil,Tamil,blur,"08:05
4G
Nova Mobile Banking
Secure transaction centre
REVIEW
USD 2,400.07
பணம் எடுத்த கட்டணம் தவறாக இருக்கலாம்.
Date & time
15 May 2024 • 20:34
Reference
NMB-2405-169530
Error code
QFU-193
Issue
Cash withdrawal charged incorrectly
Get help
Back to activity"
0414,screenshots/augmented/synthetic_bank_0414_rot.png,Tamil,Tamil,rotation,"08:05
4G
Nova Mobile Banking
Secure transaction centre
REVIEW
USD 2,400.07
பணம் எடுத்த கட்டணம் தவறாக இருக்கலாம்.
Date & time
15 May 2024 • 20:34
Reference
NMB-2405-169530
Error code
QFU-193
Issue
Cash withdrawal charged incorrectly
Get help
Back to activity"
0414,screenshots/augmented/synthetic_bank_0414_lowres.png,Tamil,Tamil,low-resolution,"08:05
4G
Nova Mobile Banking
Secure transaction centre
REVIEW
USD 2,400.07
பணம் எடுத்த கட்டணம் தவறாக இருக்கலாம்.
Date & time
15 May 2024 • 20:34
Reference
NMB-2405-169530
Error code
QFU-193
Issue
Cash withdrawal charged incorrectly
Get help
Back to activity"
0415,screenshots/synthetic_bank_0415.png,Tamil,Tamil,clean,"13:10
4G
Nova Mobile Banking
Secure transaction centre
REVIEW
EUR 2,340.15
இந்தப் பரிவர்த்தனை இருமுறை காணப்படுகிறது.
Date & time
09 Jun 2026 • 15:08
Reference
NMB-2606-167062
Error code
MEG-588
Issue
Duplicate transaction
Get help
Back to activity"
0415,screenshots/augmented/synthetic_bank_0415_blur.png,Tamil,Tamil,blur,"13:10
4G
Nova Mobile Banking
Secure transaction centre
REVIEW
EUR 2,340.15
இந்தப் பரிவர்த்தனை இருமுறை காணப்படுகிறது.
Date & time
09 Jun 2026 • 15:08
Reference
NMB-2606-167062
Error code
MEG-588
Issue
Duplicate transaction
Get help
Back to activity"
0415,screenshots/augmented/synthetic_bank_0415_rot.png,Tamil,Tamil,rotation,"13:10
4G
Nova Mobile Banking
Secure transaction centre
REVIEW
EUR 2,340.15
இந்தப் பரிவர்த்தனை இருமுறை காணப்படுகிறது.
Date & time
09 Jun 2026 • 15:08
Reference
NMB-2606-167062
Error code
MEG-588
Issue
Duplicate transaction
Get help
Back to activity"
0415,screenshots/augmented/synthetic_bank_0415_lowres.png,Tamil,Tamil,low-resolution,"13:10
4G
Nova Mobile Banking
Secure transaction centre
REVIEW
EUR 2,340.15
இந்தப் பரிவர்த்தனை இருமுறை காணப்படுகிறது.
Date & time
09 Jun 2026 • 15:08
Reference
NMB-2606-167062
Error code
MEG-588
Issue
Duplicate transaction
Get help
Back to activity"
0416,screenshots/synthetic_bank_0416.png,English,Latin,clean,"20:30
4G
Nova Mobile Banking
Secure transaction centre
URGENT
LKR 1,972.00
Freeze your stolen card immediately.
Date & time
29 Aug 2024 • 04:06
Reference
NMB-2408-182459
Error code
SQO-134
Issue
Card stolen
Freeze card
Back to activity"
0416,screenshots/augmented/synthetic_bank_0416_blur.png,English,Latin,blur,"20:30
4G
Nova Mobile Banking
Secure transaction centre
URGENT
LKR 1,972.00
Freeze your stolen card immediately.
Date & time
29 Aug 2024 • 04:06
Reference
NMB-2408-182459
Error code
SQO-134
Issue
Card stolen
Freeze card
Back to activity"
0416,screenshots/augmented/synthetic_bank_0416_rot.png,English,Latin,rotation,"20:30
4G
Nova Mobile Banking
Secure transaction centre
URGENT
LKR 1,972.00
Freeze your stolen card immediately.
Date & time
29 Aug 2024 • 04:06
Reference
NMB-2408-182459
Error code
SQO-134
Issue
Card stolen
Freeze card
Back to activity"
0416,screenshots/augmented/synthetic_bank_0416_lowres.png,English,Latin,low-resolution,"20:30
4G
Nova Mobile Banking
Secure transaction centre
URGENT
LKR 1,972.00
Freeze your stolen card immediately.
Date & time
29 Aug 2024 • 04:06
Reference
NMB-2408-182459
Error code
SQO-134
Issue
Card stolen
Freeze card
Back to activity"
0417,screenshots/synthetic_bank_0417.png,Singlish,Latin,clean,"12:00
4G
Nova Mobile Banking
Secure transaction centre
FAILED
USD 283.79
Salli ganna transaction eka fail una.
Date & time
10 Oct 2025 • 07:01
Reference
NMB-2510-643712
Error code
PYP-477
Issue
Cash withdrawal failure
Get help
Back to activity"
0417,screenshots/augmented/synthetic_bank_0417_blur.png,Singlish,Latin,blur,"12:00
4G
Nova Mobile Banking
Secure transaction centre
FAILED
USD 283.79
Salli ganna transaction eka fail una.
Date & time
10 Oct 2025 • 07:01
Reference
NMB-2510-643712
Error code
PYP-477
Issue
Cash withdrawal failure
Get help
Back to activity"
0417,screenshots/augmented/synthetic_bank_0417_rot.png,Singlish,Latin,rotation,"12:00
4G
Nova Mobile Banking
Secure transaction centre
FAILED
USD 283.79
Salli ganna transaction eka fail una.
Date & time
10 Oct 2025 • 07:01
Reference
NMB-2510-643712
Error code
PYP-477
Issue
Cash withdrawal failure
Get help
Back to activity"
0417,screenshots/augmented/synthetic_bank_0417_lowres.png,Singlish,Latin,low-resolution,"12:00
4G
Nova Mobile Banking
Secure transaction centre
FAILED
USD 283.79
Salli ganna transaction eka fail una.
Date & time
10 Oct 2025 • 07:01
Reference
NMB-2510-643712
Error code
PYP-477
Issue
Cash withdrawal failure
Get help
Back to activity"
0418,screenshots/synthetic_bank_0418.png,Tanglish,Latin,clean,"16:10
4G
Nova Mobile Banking
Secure transaction centre
PENDING
USD 1,613.38
Refund innum pending-la irukku.
Date & time
10 Oct 2024 • 13:40
Reference
NMB-2410-123434
Error code
UEI-783
Issue
Refund pending
Get help
Back to activity"
0418,screenshots/augmented/synthetic_bank_0418_blur.png,Tanglish,Latin,blur,"16:10
4G
Nova Mobile Banking
Secure transaction centre
PENDING
USD 1,613.38
Refund innum pending-la irukku.
Date & time
10 Oct 2024 • 13:40
Reference
NMB-2410-123434
Error code
UEI-783
Issue
Refund pending
Get help
Back to activity"
0418,screenshots/augmented/synthetic_bank_0418_rot.png,Tanglish,Latin,rotation,"16:10
4G
Nova Mobile Banking
Secure transaction centre
PENDING
USD 1,613.38
Refund innum pending-la irukku.
Date & time
10 Oct 2024 • 13:40
Reference
NMB-2410-123434
Error code
UEI-783
Issue
Refund pending
Get help
Back to activity"
0418,screenshots/augmented/synthetic_bank_0418_lowres.png,Tanglish,Latin,low-resolution,"16:10
4G
Nova Mobile Banking
Secure transaction centre
PENDING
USD 1,613.38
Refund innum pending-la irukku.
Date & time
10 Oct 2024 • 13:40
Reference
NMB-2410-123434
Error code
UEI-783
Issue
Refund pending
Get help
Back to activity"
0419,screenshots/synthetic_bank_0419.png,English,Latin,clean,"13:05
4G
Nova Mobile Banking
Secure transaction centre
URGENT
EUR 978.97
Freeze your stolen card immediately.
Date & time
23 Aug 2024 • 11:35
Reference
NMB-2408-388459
Error code
CKE-646
Issue
Card stolen
Freeze card
Back to activity"
0419,screenshots/augmented/synthetic_bank_0419_blur.png,English,Latin,blur,"13:05
4G
Nova Mobile Banking
Secure transaction centre
URGENT
EUR 978.97
Freeze your stolen card immediately.
Date & time
23 Aug 2024 • 11:35
Reference
NMB-2408-388459
Error code
CKE-646
Issue
Card stolen
Freeze card
Back to activity"
0419,screenshots/augmented/synthetic_bank_0419_rot.png,English,Latin,rotation,"13:05
4G
Nova Mobile Banking
Secure transaction centre
URGENT
EUR 978.97
Freeze your stolen card immediately.
Date & time
23 Aug 2024 • 11:35
Reference
NMB-2408-388459
Error code
CKE-646
Issue
Card stolen
Freeze card
Back to activity"
0419,screenshots/augmented/synthetic_bank_0419_lowres.png,English,Latin,low-resolution,"13:05
4G
Nova Mobile Banking
Secure transaction centre
URGENT
EUR 978.97
Freeze your stolen card immediately.
Date & time
23 Aug 2024 • 11:35
Reference
NMB-2408-388459
Error code
CKE-646
Issue
Card stolen
Freeze card
Back to activity"
0420,screenshots/synthetic_bank_0420.png,Tamil,Tamil,clean,"12:45
4G
Nova Mobile Banking
Secure transaction centre
REVIEW
GBP 1,354.03
இந்தப் பரிவர்த்தனை இருமுறை காணப்படுகிறது.
Date & time
26 Mar 2025 • 02:53
Reference
NMB-2503-385363
Error code
ZUA-386
Issue
Duplicate transaction
Get help
Back to activity"
0420,screenshots/augmented/synthetic_bank_0420_blur.png,Tamil,Tamil,blur,"12:45
4G
Nova Mobile Banking
Secure transaction centre
REVIEW
GBP 1,354.03
இந்தப் பரிவர்த்தனை இருமுறை காணப்படுகிறது.
Date & time
26 Mar 2025 • 02:53
Reference
NMB-2503-385363
Error code
ZUA-386
Issue
Duplicate transaction
Get help
Back to activity"
0420,screenshots/augmented/synthetic_bank_0420_rot.png,Tamil,Tamil,rotation,"12:45
4G
Nova Mobile Banking
Secure transaction centre
REVIEW
GBP 1,354.03
இந்தப் பரிவர்த்தனை இருமுறை காணப்படுகிறது.
Date & time
26 Mar 2025 • 02:53
Reference
NMB-2503-385363
Error code
ZUA-386
Issue
Duplicate transaction
Get help
Back to activity"
0420,screenshots/augmented/synthetic_bank_0420_lowres.png,Tamil,Tamil,low-resolution,"12:45
4G
Nova Mobile Banking
Secure transaction centre
REVIEW
GBP 1,354.03
இந்தப் பரிவர்த்தனை இருமுறை காணப்படுகிறது.
Date & time
26 Mar 2025 • 02:53
Reference
NMB-2503-385363
Error code
ZUA-386
Issue
Duplicate transaction
Get help
Back to activity"
0421,screenshots/synthetic_bank_0421.png,Singlish,Latin,clean,"09:30
4G
Nova Mobile Banking
Secure transaction centre
FAILED
SGD 1,905.24
Beneficiary add karanna bari una.
Date & time
03 Feb 2024 • 13:15
Reference
NMB-2402-428603
Error code
UNO-145
Issue
Beneficiary not added
Get help
Back to activity"
0421,screenshots/augmented/synthetic_bank_0421_blur.png,Singlish,Latin,blur,"09:30
4G
Nova Mobile Banking
Secure transaction centre
FAILED
SGD 1,905.24
Beneficiary add karanna bari una.
Date & time
03 Feb 2024 • 13:15
Reference
NMB-2402-428603
Error code
UNO-145
Issue
Beneficiary not added
Get help
Back to activity"
0421,screenshots/augmented/synthetic_bank_0421_rot.png,Singlish,Latin,rotation,"09:30
4G
Nova Mobile Banking
Secure transaction centre
FAILED
SGD 1,905.24
Beneficiary add karanna bari una.
Date & time
03 Feb 2024 • 13:15
Reference
NMB-2402-428603
Error code
UNO-145
Issue
Beneficiary not added
Get help
Back to activity"
0421,screenshots/augmented/synthetic_bank_0421_lowres.png,Singlish,Latin,low-resolution,"09:30
4G
Nova Mobile Banking
Secure transaction centre
FAILED
SGD 1,905.24
Beneficiary add karanna bari una.
Date & time
03 Feb 2024 • 13:15
Reference
NMB-2402-428603
Error code
UNO-145
Issue
Beneficiary not added
Get help
Back to activity"
0422,screenshots/synthetic_bank_0422.png,Tanglish,Latin,clean,"16:45
4G
Nova Mobile Banking
Secure transaction centre
PENDING
USD 427.48
Balance innum update aagala.
Date & time
29 Jul 2025 • 12:07
Reference
NMB-2507-677380
Error code
NBO-465
Issue
Balance not updated
Get help
Back to activity"
0422,screenshots/augmented/synthetic_bank_0422_blur.png,Tanglish,Latin,blur,"16:45
4G
Nova Mobile Banking
Secure transaction centre
PENDING
USD 427.48
Balance innum update aagala.
Date & time
29 Jul 2025 • 12:07
Reference
NMB-2507-677380
Error code
NBO-465
Issue
Balance not updated
Get help
Back to activity"
0422,screenshots/augmented/synthetic_bank_0422_rot.png,Tanglish,Latin,rotation,"16:45
4G
Nova Mobile Banking
Secure transaction centre
PENDING
USD 427.48
Balance innum update aagala.
Date & time
29 Jul 2025 • 12:07
Reference
NMB-2507-677380
Error code
NBO-465
Issue
Balance not updated
Get help
Back to activity"
0422,screenshots/augmented/synthetic_bank_0422_lowres.png,Tanglish,Latin,low-resolution,"16:45
4G
Nova Mobile Banking
Secure transaction centre
PENDING
USD 427.48
Balance innum update aagala.
Date & time
29 Jul 2025 • 12:07
Reference
NMB-2507-677380
Error code
NBO-465
Issue
Balance not updated
Get help
Back to activity"
0423,screenshots/synthetic_bank_0423.png,Singlish,Latin,clean,"14:10
4G
Nova Mobile Banking
Secure transaction centre
FAILED
LKR 1,552.26
Salli ganna transaction eka fail una.
Date & time
26 Nov 2024 • 12:01
Reference
NMB-2411-205147
Error code
SXH-635
Issue
Cash withdrawal failure
Get help
Back to activity"
0423,screenshots/augmented/synthetic_bank_0423_blur.png,Singlish,Latin,blur,"14:10
4G
Nova Mobile Banking
Secure transaction centre
FAILED
LKR 1,552.26
Salli ganna transaction eka fail una.
Date & time
26 Nov 2024 • 12:01
Reference
NMB-2411-205147
Error code
SXH-635
Issue
Cash withdrawal failure
Get help
Back to activity"
0423,screenshots/augmented/synthetic_bank_0423_rot.png,Singlish,Latin,rotation,"14:10
4G
Nova Mobile Banking
Secure transaction centre
FAILED
LKR 1,552.26
Salli ganna transaction eka fail una.
Date & time
26 Nov 2024 • 12:01
Reference
NMB-2411-205147
Error code
SXH-635
Issue
Cash withdrawal failure
Get help
Back to activity"
0423,screenshots/augmented/synthetic_bank_0423_lowres.png,Singlish,Latin,low-resolution,"14:10
4G
Nova Mobile Banking
Secure transaction centre
FAILED
LKR 1,552.26
Salli ganna transaction eka fail una.
Date & time
26 Nov 2024 • 12:01
Reference
NMB-2411-205147
Error code
SXH-635
Issue
Cash withdrawal failure
Get help
Back to activity"
0424,screenshots/synthetic_bank_0424.png,Tamil,Tamil,clean,"11:45
4G
Nova Mobile Banking
Secure transaction centre
REVIEW
LKR 2,133.68
பணம் எடுத்த கட்டணம் தவறாக இருக்கலாம்.
Date & time
30 Jun 2024 • 16:10
Reference
NMB-2406-519339
Error code
KBI-407
Issue
Cash withdrawal charged incorrectly
Get help
Back to activity"
0424,screenshots/augmented/synthetic_bank_0424_blur.png,Tamil,Tamil,blur,"11:45
4G
Nova Mobile Banking
Secure transaction centre
REVIEW
LKR 2,133.68
பணம் எடுத்த கட்டணம் தவறாக இருக்கலாம்.
Date & time
30 Jun 2024 • 16:10
Reference
NMB-2406-519339
Error code
KBI-407
Issue
Cash withdrawal charged incorrectly
Get help
Back to activity"
0424,screenshots/augmented/synthetic_bank_0424_rot.png,Tamil,Tamil,rotation,"11:45
4G
Nova Mobile Banking
Secure transaction centre
REVIEW
LKR 2,133.68
பணம் எடுத்த கட்டணம் தவறாக இருக்கலாம்.
Date & time
30 Jun 2024 • 16:10
Reference
NMB-2406-519339
Error code
KBI-407
Issue
Cash withdrawal charged incorrectly
Get help
Back to activity"
0424,screenshots/augmented/synthetic_bank_0424_lowres.png,Tamil,Tamil,low-resolution,"11:45
4G
Nova Mobile Banking
Secure transaction centre
REVIEW
LKR 2,133.68
பணம் எடுத்த கட்டணம் தவறாக இருக்கலாம்.
Date & time
30 Jun 2024 • 16:10
Reference
NMB-2406-519339
Error code
KBI-407
Issue
Cash withdrawal charged incorrectly
Get help
Back to activity"
0425,screenshots/synthetic_bank_0425.png,Tanglish,Latin,clean,"22:10
4G
Nova Mobile Banking
Secure transaction centre
REVIEW
LKR 1,008.87
Exchange rate sari illa pola.
Date & time
22 Sep 2025 • 21:24
Reference
NMB-2509-696629
Error code
MQH-227
Issue
Wrong exchange rate
Get help
Back to activity"
0425,screenshots/augmented/synthetic_bank_0425_blur.png,Tanglish,Latin,blur,"22:10
4G
Nova Mobile Banking
Secure transaction centre
REVIEW
LKR 1,008.87
Exchange rate sari illa pola.
Date & time
22 Sep 2025 • 21:24
Reference
NMB-2509-696629
Error code
MQH-227
Issue
Wrong exchange rate
Get help
Back to activity"
0425,screenshots/augmented/synthetic_bank_0425_rot.png,Tanglish,Latin,rotation,"22:10
4G
Nova Mobile Banking
Secure transaction centre
REVIEW
LKR 1,008.87
Exchange rate sari illa pola.
Date & time
22 Sep 2025 • 21:24
Reference
NMB-2509-696629
Error code
MQH-227
Issue
Wrong exchange rate
Get help
Back to activity"
0425,screenshots/augmented/synthetic_bank_0425_lowres.png,Tanglish,Latin,low-resolution,"22:10
4G
Nova Mobile Banking
Secure transaction centre
REVIEW
LKR 1,008.87
Exchange rate sari illa pola.
Date & time
22 Sep 2025 • 21:24
Reference
NMB-2509-696629
Error code
MQH-227
Issue
Wrong exchange rate
Get help
Back to activity"
0426,screenshots/synthetic_bank_0426.png,Sinhala,Sinhala,clean,"09:00
4G
Nova Mobile Banking
Secure transaction centre
REVIEW
GBP 748.03
විනිමය අනුපාතය පරීක්ෂා කරන්න.
Date & time
12 Nov 2024 • 02:12
Reference
NMB-2411-810751
Error code
QDF-100
Issue
Wrong exchange rate
Get help
Back to activity"
0426,screenshots/augmented/synthetic_bank_0426_blur.png,Sinhala,Sinhala,blur,"09:00
4G
Nova Mobile Banking
Secure transaction centre
REVIEW
GBP 748.03
විනිමය අනුපාතය පරීක්ෂා කරන්න.
Date & time
12 Nov 2024 • 02:12
Reference
NMB-2411-810751
Error code
QDF-100
Issue
Wrong exchange rate
Get help
Back to activity"
0426,screenshots/augmented/synthetic_bank_0426_rot.png,Sinhala,Sinhala,rotation,"09:00
4G
Nova Mobile Banking
Secure transaction centre
REVIEW
GBP 748.03
විනිමය අනුපාතය පරීක්ෂා කරන්න.
Date & time
12 Nov 2024 • 02:12
Reference
NMB-2411-810751
Error code
QDF-100
Issue
Wrong exchange rate
Get help
Back to activity"
0426,screenshots/augmented/synthetic_bank_0426_lowres.png,Sinhala,Sinhala,low-resolution,"09:00
4G
Nova Mobile Banking
Secure transaction centre
REVIEW
GBP 748.03
විනිමය අනුපාතය පරීක්ෂා කරන්න.
Date & time
12 Nov 2024 • 02:12
Reference
NMB-2411-810751
Error code
QDF-100
Issue
Wrong exchange rate
Get help
Back to activity"
0427,screenshots/synthetic_bank_0427.png,Tamil,Tamil,clean,"11:05
4G
Nova Mobile Banking
Secure transaction centre
BLOCKED
LKR 720.55
பாதுகாப்பிற்காக உங்கள் கணக்கு முடக்கப்பட்டுள்ளது.
Date & time
16 Jan 2024 • 03:12
Reference
NMB-2401-624810
Error code
GPN-342
Issue
Account blocked
Get help
Back to activity"
0427,screenshots/augmented/synthetic_bank_0427_blur.png,Tamil,Tamil,blur,"11:05
4G
Nova Mobile Banking
Secure transaction centre
BLOCKED
LKR 720.55
பாதுகாப்பிற்காக உங்கள் கணக்கு முடக்கப்பட்டுள்ளது.
Date & time
16 Jan 2024 • 03:12
Reference
NMB-2401-624810
Error code
GPN-342
Issue
Account blocked
Get help
Back to activity"
0427,screenshots/augmented/synthetic_bank_0427_rot.png,Tamil,Tamil,rotation,"11:05
4G
Nova Mobile Banking
Secure transaction centre
BLOCKED
LKR 720.55
பாதுகாப்பிற்காக உங்கள் கணக்கு முடக்கப்பட்டுள்ளது.
Date & time
16 Jan 2024 • 03:12
Reference
NMB-2401-624810
Error code
GPN-342
Issue
Account blocked
Get help
Back to activity"
0427,screenshots/augmented/synthetic_bank_0427_lowres.png,Tamil,Tamil,low-resolution,"11:05
4G
Nova Mobile Banking
Secure transaction centre
BLOCKED
LKR 720.55
பாதுகாப்பிற்காக உங்கள் கணக்கு முடக்கப்பட்டுள்ளது.
Date & time
16 Jan 2024 • 03:12
Reference
NMB-2401-624810
Error code
GPN-342
Issue
Account blocked
Get help
Back to activity"
0428,screenshots/synthetic_bank_0428.png,Mixed-language,Latin,clean,"16:45
4G
Nova Mobile Banking
Secure transaction centre
REVIEW
LKR 433.71
Transaction eka deparak penenawa. Transaction rendu murai kaatuthu.
Date & time
09 Feb 2026 • 13:36
Reference
NMB-2602-265571
Error code
IFB-457
Issue
Duplicate transaction
Get help
Back to activity"
0428,screenshots/augmented/synthetic_bank_0428_blur.png,Mixed-language,Latin,blur,"16:45
4G
Nova Mobile Banking
Secure transaction centre
REVIEW
LKR 433.71
Transaction eka deparak penenawa. Transaction rendu murai kaatuthu.
Date & time
09 Feb 2026 • 13:36
Reference
NMB-2602-265571
Error code
IFB-457
Issue
Duplicate transaction
Get help
Back to activity"
0428,screenshots/augmented/synthetic_bank_0428_rot.png,Mixed-language,Latin,rotation,"16:45
4G
Nova Mobile Banking
Secure transaction centre
REVIEW
LKR 433.71
Transaction eka deparak penenawa. Transaction rendu murai kaatuthu.
Date & time
09 Feb 2026 • 13:36
Reference
NMB-2602-265571
Error code
IFB-457
Issue
Duplicate transaction
Get help
Back to activity"
0428,screenshots/augmented/synthetic_bank_0428_lowres.png,Mixed-language,Latin,low-resolution,"16:45
4G
Nova Mobile Banking
Secure transaction centre
REVIEW
LKR 433.71
Transaction eka deparak penenawa. Transaction rendu murai kaatuthu.
Date & time
09 Feb 2026 • 13:36
Reference
NMB-2602-265571
Error code
IFB-457
Issue
Duplicate transaction
Get help
Back to activity"
0429,screenshots/synthetic_bank_0429.png,Tanglish,Latin,clean,"21:30
4G
Nova Mobile Banking
Secure transaction centre
PENDING
GBP 417.37
Refund innum pending-la irukku.
Date & time
27 Nov 2024 • 12:36
Reference
NMB-2411-742181
Error code
OWA-749
Issue
Refund pending
Get help
Back to activity"
0429,screenshots/augmented/synthetic_bank_0429_blur.png,Tanglish,Latin,blur,"21:30
4G
Nova Mobile Banking
Secure transaction centre
PENDING
GBP 417.37
Refund innum pending-la irukku.
Date & time
27 Nov 2024 • 12:36
Reference
NMB-2411-742181
Error code
OWA-749
Issue
Refund pending
Get help
Back to activity"
0429,screenshots/augmented/synthetic_bank_0429_rot.png,Tanglish,Latin,rotation,"21:30
4G
Nova Mobile Banking
Secure transaction centre
PENDING
GBP 417.37
Refund innum pending-la irukku.
Date & time
27 Nov 2024 • 12:36
Reference
NMB-2411-742181
Error code
OWA-749
Issue
Refund pending
Get help
Back to activity"
0429,screenshots/augmented/synthetic_bank_0429_lowres.png,Tanglish,Latin,low-resolution,"21:30
4G
Nova Mobile Banking
Secure transaction centre
PENDING
GBP 417.37
Refund innum pending-la irukku.
Date & time
27 Nov 2024 • 12:36
Reference
NMB-2411-742181
Error code
OWA-749
Issue
Refund pending
Get help
Back to activity"
0430,screenshots/synthetic_bank_0430.png,Sinhala,Sinhala,clean,"20:15
4G
Nova Mobile Banking
Secure transaction centre
PENDING
SGD 1,618.88
ඔබගේ මුදල් ආපසු ගෙවීම තවම පවතී.
Date & time
09 Apr 2024 • 11:18
Reference
NMB-2404-545608
Error code
AMM-533
Issue
Refund pending
Get help
Back to activity"
0430,screenshots/augmented/synthetic_bank_0430_blur.png,Sinhala,Sinhala,blur,"20:15
4G
Nova Mobile Banking
Secure transaction centre
PENDING
SGD 1,618.88
ඔබගේ මුදල් ආපසු ගෙවීම තවම පවතී.
Date & time
09 Apr 2024 • 11:18
Reference
NMB-2404-545608
Error code
AMM-533
Issue
Refund pending
Get help
Back to activity"
0430,screenshots/augmented/synthetic_bank_0430_rot.png,Sinhala,Sinhala,rotation,"20:15
4G
Nova Mobile Banking
Secure transaction centre
PENDING
SGD 1,618.88
ඔබගේ මුදල් ආපසු ගෙවීම තවම පවතී.
Date & time
09 Apr 2024 • 11:18
Reference
NMB-2404-545608
Error code
AMM-533
Issue
Refund pending
Get help
Back to activity"
0430,screenshots/augmented/synthetic_bank_0430_lowres.png,Sinhala,Sinhala,low-resolution,"20:15
4G
Nova Mobile Banking
Secure transaction centre
PENDING
SGD 1,618.88
ඔබගේ මුදල් ආපසු ගෙවීම තවම පවතී.
Date & time
09 Apr 2024 • 11:18
Reference
NMB-2404-545608
Error code
AMM-533
Issue
Refund pending
Get help
Back to activity"
0431,screenshots/synthetic_bank_0431.png,Tanglish,Latin,clean,"14:05
4G
Nova Mobile Banking
Secure transaction centre
DECLINED
EUR 1,720.11
Card payment decline aayiduchu.
Date & time
19 Mar 2024 • 14:43
Reference
NMB-2403-426362
Error code
IZQ-209
Issue
Card payment declined
Get help
Back to activity"
0431,screenshots/augmented/synthetic_bank_0431_blur.png,Tanglish,Latin,blur,"14:05
4G
Nova Mobile Banking
Secure transaction centre
DECLINED
EUR 1,720.11
Card payment decline aayiduchu.
Date & time
19 Mar 2024 • 14:43
Reference
NMB-2403-426362
Error code
IZQ-209
Issue
Card payment declined
Get help
Back to activity"
0431,screenshots/augmented/synthetic_bank_0431_rot.png,Tanglish,Latin,rotation,"14:05
4G
Nova Mobile Banking
Secure transaction centre
DECLINED
EUR 1,720.11
Card payment decline aayiduchu.
Date & time
19 Mar 2024 • 14:43
Reference
NMB-2403-426362
Error code
IZQ-209
Issue
Card payment declined
Get help
Back to activity"
0431,screenshots/augmented/synthetic_bank_0431_lowres.png,Tanglish,Latin,low-resolution,"14:05
4G
Nova Mobile Banking
Secure transaction centre
DECLINED
EUR 1,720.11
Card payment decline aayiduchu.
Date & time
19 Mar 2024 • 14:43
Reference
NMB-2403-426362
Error code
IZQ-209
Issue
Card payment declined
Get help
Back to activity"
0432,screenshots/synthetic_bank_0432.png,Sinhala,Sinhala,clean,"09:10
4G
Nova Mobile Banking
Secure transaction centre
PENDING
GBP 776.63
ඔබගේ මුදල් ආපසු ගෙවීම තවම පවතී.
Date & time
09 May 2024 • 14:44
Reference
NMB-2405-864131
Error code
AGH-227
Issue
Refund pending
Get help
Back to activity"
0432,screenshots/augmented/synthetic_bank_0432_blur.png,Sinhala,Sinhala,blur,"09:10
4G
Nova Mobile Banking
Secure transaction centre
PENDING
GBP 776.63
ඔබගේ මුදල් ආපසු ගෙවීම තවම පවතී.
Date & time
09 May 2024 • 14:44
Reference
NMB-2405-864131
Error code
AGH-227
Issue
Refund pending
Get help
Back to activity"
0432,screenshots/augmented/synthetic_bank_0432_rot.png,Sinhala,Sinhala,rotation,"09:10
4G
Nova Mobile Banking
Secure transaction centre
PENDING
GBP 776.63
ඔබගේ මුදල් ආපසු ගෙවීම තවම පවතී.
Date & time
09 May 2024 • 14:44
Reference
NMB-2405-864131
Error code
AGH-227
Issue
Refund pending
Get help
Back to activity"
0432,screenshots/augmented/synthetic_bank_0432_lowres.png,Sinhala,Sinhala,low-resolution,"09:10
4G
Nova Mobile Banking
Secure transaction centre
PENDING
GBP 776.63
ඔබගේ මුදල් ආපසු ගෙවීම තවම පවතී.
Date & time
09 May 2024 • 14:44
Reference
NMB-2405-864131
Error code
AGH-227
Issue
Refund pending
Get help
Back to activity"
0433,screenshots/synthetic_bank_0433.png,Tamil,Tamil,clean,"20:00
4G
Nova Mobile Banking
Secure transaction centre
BLOCKED
LKR 481.03
பாதுகாப்பிற்காக உங்கள் கணக்கு முடக்கப்பட்டுள்ளது.
Date & time
22 Jul 2024 • 20:57
Reference
NMB-2407-480513
Error code
NMN-134
Issue
Account blocked
Get help
Back to activity"
0433,screenshots/augmented/synthetic_bank_0433_blur.png,Tamil,Tamil,blur,"20:00
4G
Nova Mobile Banking
Secure transaction centre
BLOCKED
LKR 481.03
பாதுகாப்பிற்காக உங்கள் கணக்கு முடக்கப்பட்டுள்ளது.
Date & time
22 Jul 2024 • 20:57
Reference
NMB-2407-480513
Error code
NMN-134
Issue
Account blocked
Get help
Back to activity"
0433,screenshots/augmented/synthetic_bank_0433_rot.png,Tamil,Tamil,rotation,"20:00
4G
Nova Mobile Banking
Secure transaction centre
BLOCKED
LKR 481.03
பாதுகாப்பிற்காக உங்கள் கணக்கு முடக்கப்பட்டுள்ளது.
Date & time
22 Jul 2024 • 20:57
Reference
NMB-2407-480513
Error code
NMN-134
Issue
Account blocked
Get help
Back to activity"
0433,screenshots/augmented/synthetic_bank_0433_lowres.png,Tamil,Tamil,low-resolution,"20:00
4G
Nova Mobile Banking
Secure transaction centre
BLOCKED
LKR 481.03
பாதுகாப்பிற்காக உங்கள் கணக்கு முடக்கப்பட்டுள்ளது.
Date & time
22 Jul 2024 • 20:57
Reference
NMB-2407-480513
Error code
NMN-134
Issue
Account blocked
Get help
Back to activity"
0434,screenshots/synthetic_bank_0434.png,Sinhala,Sinhala,clean,"17:00
4G
Nova Mobile Banking
Secure transaction centre
DECLINED
EUR 1,501.53
ඔබගේ කාඩ් ගෙවීම ප්‍රතික්ෂේප විය.
Date & time
29 Sep 2024 • 19:43
Reference
NMB-2409-921086
Error code
FWF-302
Issue
Card payment declined
Get help
Back to activity"
0434,screenshots/augmented/synthetic_bank_0434_blur.png,Sinhala,Sinhala,blur,"17:00
4G
Nova Mobile Banking
Secure transaction centre
DECLINED
EUR 1,501.53
ඔබගේ කාඩ් ගෙවීම ප්‍රතික්ෂේප විය.
Date & time
29 Sep 2024 • 19:43
Reference
NMB-2409-921086
Error code
FWF-302
Issue
Card payment declined
Get help
Back to activity"
0434,screenshots/augmented/synthetic_bank_0434_rot.png,Sinhala,Sinhala,rotation,"17:00
4G
Nova Mobile Banking
Secure transaction centre
DECLINED
EUR 1,501.53
ඔබගේ කාඩ් ගෙවීම ප්‍රතික්ෂේප විය.
Date & time
29 Sep 2024 • 19:43
Reference
NMB-2409-921086
Error code
FWF-302
Issue
Card payment declined
Get help
Back to activity"
0434,screenshots/augmented/synthetic_bank_0434_lowres.png,Sinhala,Sinhala,low-resolution,"17:00
4G
Nova Mobile Banking
Secure transaction centre
DECLINED
EUR 1,501.53
ඔබගේ කාඩ් ගෙවීම ප්‍රතික්ෂේප විය.
Date & time
29 Sep 2024 • 19:43
Reference
NMB-2409-921086
Error code
FWF-302
Issue
Card payment declined
Get help
Back to activity"
0435,screenshots/synthetic_bank_0435.png,Mixed-language,Latin,clean,"10:30
4G
Nova Mobile Banking
Secure transaction centre
URGENT
GBP 1,261.46
Mama nodanna transaction ekak thiyenawa. Enakku theriyatha transaction irukku.
Date & time
16 Jul 2024 • 11:03
Reference
NMB-2407-362513
Error code
CNW-689
Issue
Unauthorized transaction
Secure account
Back to activity"
0435,screenshots/augmented/synthetic_bank_0435_blur.png,Mixed-language,Latin,blur,"10:30
4G
Nova Mobile Banking
Secure transaction centre
URGENT
GBP 1,261.46
Mama nodanna transaction ekak thiyenawa. Enakku theriyatha transaction irukku.
Date & time
16 Jul 2024 • 11:03
Reference
NMB-2407-362513
Error code
CNW-689
Issue
Unauthorized transaction
Secure account
Back to activity"
0435,screenshots/augmented/synthetic_bank_0435_rot.png,Mixed-language,Latin,rotation,"10:30
4G
Nova Mobile Banking
Secure transaction centre
URGENT
GBP 1,261.46
Mama nodanna transaction ekak thiyenawa. Enakku theriyatha transaction irukku.
Date & time
16 Jul 2024 • 11:03
Reference
NMB-2407-362513
Error code
CNW-689
Issue
Unauthorized transaction
Secure account
Back to activity"
0435,screenshots/augmented/synthetic_bank_0435_lowres.png,Mixed-language,Latin,low-resolution,"10:30
4G
Nova Mobile Banking
Secure transaction centre
URGENT
GBP 1,261.46
Mama nodanna transaction ekak thiyenawa. Enakku theriyatha transaction irukku.
Date & time
16 Jul 2024 • 11:03
Reference
NMB-2407-362513
Error code
CNW-689
Issue
Unauthorized transaction
Secure account
Back to activity"
0436,screenshots/synthetic_bank_0436.png,Tanglish,Latin,clean,"10:45
4G
Nova Mobile Banking
Secure transaction centre
PENDING
EUR 1,340.20
Balance innum update aagala.
Date & time
24 Oct 2024 • 02:50
Reference
NMB-2410-726984
Error code
GRZ-154
Issue
Balance not updated
Get help
Back to activity"
0436,screenshots/augmented/synthetic_bank_0436_blur.png,Tanglish,Latin,blur,"10:45
4G
Nova Mobile Banking
Secure transaction centre
PENDING
EUR 1,340.20
Balance innum update aagala.
Date & time
24 Oct 2024 • 02:50
Reference
NMB-2410-726984
Error code
GRZ-154
Issue
Balance not updated
Get help
Back to activity"
0436,screenshots/augmented/synthetic_bank_0436_rot.png,Tanglish,Latin,rotation,"10:45
4G
Nova Mobile Banking
Secure transaction centre
PENDING
EUR 1,340.20
Balance innum update aagala.
Date & time
24 Oct 2024 • 02:50
Reference
NMB-2410-726984
Error code
GRZ-154
Issue
Balance not updated
Get help
Back to activity"
0436,screenshots/augmented/synthetic_bank_0436_lowres.png,Tanglish,Latin,low-resolution,"10:45
4G
Nova Mobile Banking
Secure transaction centre
PENDING
EUR 1,340.20
Balance innum update aagala.
Date & time
24 Oct 2024 • 02:50
Reference
NMB-2410-726984
Error code
GRZ-154
Issue
Balance not updated
Get help
Back to activity"
0437,screenshots/synthetic_bank_0437.png,Sinhala,Sinhala,clean,"15:15
4G
Nova Mobile Banking
Secure transaction centre
PENDING
SGD 1,953.33
ඔබගේ ශේෂය තවම යාවත්කාලීන වී නැත.
Date & time
23 Sep 2025 • 04:05
Reference
NMB-2509-398492
Error code
MDU-487
Issue
Balance not updated
Get help
Back to activity"
0437,screenshots/augmented/synthetic_bank_0437_blur.png,Sinhala,Sinhala,blur,"15:15
4G
Nova Mobile Banking
Secure transaction centre
PENDING
SGD 1,953.33
ඔබගේ ශේෂය තවම යාවත්කාලීන වී නැත.
Date & time
23 Sep 2025 • 04:05
Reference
NMB-2509-398492
Error code
MDU-487
Issue
Balance not updated
Get help
Back to activity"
0437,screenshots/augmented/synthetic_bank_0437_rot.png,Sinhala,Sinhala,rotation,"15:15
4G
Nova Mobile Banking
Secure transaction centre
PENDING
SGD 1,953.33
ඔබගේ ශේෂය තවම යාවත්කාලීන වී නැත.
Date & time
23 Sep 2025 • 04:05
Reference
NMB-2509-398492
Error code
MDU-487
Issue
Balance not updated
Get help
Back to activity"
0437,screenshots/augmented/synthetic_bank_0437_lowres.png,Sinhala,Sinhala,low-resolution,"15:15
4G
Nova Mobile Banking
Secure transaction centre
PENDING
SGD 1,953.33
ඔබගේ ශේෂය තවම යාවත්කාලීන වී නැත.
Date & time
23 Sep 2025 • 04:05
Reference
NMB-2509-398492
Error code
MDU-487
Issue
Balance not updated
Get help
Back to activity"
0438,screenshots/synthetic_bank_0438.png,Sinhala,Sinhala,clean,"09:05
4G
Nova Mobile Banking
Secure transaction centre
PENDING
SGD 634.79
ඔබගේ ශේෂය තවම යාවත්කාලීන වී නැත.
Date & time
11 Apr 2024 • 22:42
Reference
NMB-2404-214161
Error code
MZF-133
Issue
Balance not updated
Get help
Back to activity"
0438,screenshots/augmented/synthetic_bank_0438_blur.png,Sinhala,Sinhala,blur,"09:05
4G
Nova Mobile Banking
Secure transaction centre
PENDING
SGD 634.79
ඔබගේ ශේෂය තවම යාවත්කාලීන වී නැත.
Date & time
11 Apr 2024 • 22:42
Reference
NMB-2404-214161
Error code
MZF-133
Issue
Balance not updated
Get help
Back to activity"
0438,screenshots/augmented/synthetic_bank_0438_rot.png,Sinhala,Sinhala,rotation,"09:05
4G
Nova Mobile Banking
Secure transaction centre
PENDING
SGD 634.79
ඔබගේ ශේෂය තවම යාවත්කාලීන වී නැත.
Date & time
11 Apr 2024 • 22:42
Reference
NMB-2404-214161
Error code
MZF-133
Issue
Balance not updated
Get help
Back to activity"
0438,screenshots/augmented/synthetic_bank_0438_lowres.png,Sinhala,Sinhala,low-resolution,"09:05
4G
Nova Mobile Banking
Secure transaction centre
PENDING
SGD 634.79
ඔබගේ ශේෂය තවම යාවත්කාලීන වී නැත.
Date & time
11 Apr 2024 • 22:42
Reference
NMB-2404-214161
Error code
MZF-133
Issue
Balance not updated
Get help
Back to activity"
0439,screenshots/synthetic_bank_0439.png,Tanglish,Latin,clean,"20:10
4G
Nova Mobile Banking
Secure transaction centre
PENDING
LKR 1,374.29
Balance innum update aagala.
Date & time
03 Jun 2025 • 01:43
Reference
NMB-2506-724128
Error code
SRY-468
Issue
Balance not updated
Get help
Back to activity"
0439,screenshots/augmented/synthetic_bank_0439_blur.png,Tanglish,Latin,blur,"20:10
4G
Nova Mobile Banking
Secure transaction centre
PENDING
LKR 1,374.29
Balance innum update aagala.
Date & time
03 Jun 2025 • 01:43
Reference
NMB-2506-724128
Error code
SRY-468
Issue
Balance not updated
Get help
Back to activity"
0439,screenshots/augmented/synthetic_bank_0439_rot.png,Tanglish,Latin,rotation,"20:10
4G
Nova Mobile Banking
Secure transaction centre
PENDING
LKR 1,374.29
Balance innum update aagala.
Date & time
03 Jun 2025 • 01:43
Reference
NMB-2506-724128
Error code
SRY-468
Issue
Balance not updated
Get help
Back to activity"
0439,screenshots/augmented/synthetic_bank_0439_lowres.png,Tanglish,Latin,low-resolution,"20:10
4G
Nova Mobile Banking
Secure transaction centre
PENDING
LKR 1,374.29
Balance innum update aagala.
Date & time
03 Jun 2025 • 01:43
Reference
NMB-2506-724128
Error code
SRY-468
Issue
Balance not updated
Get help
Back to activity"
0440,screenshots/synthetic_bank_0440.png,Tanglish,Latin,clean,"10:45
4G
Nova Mobile Banking
Secure transaction centre
FAILED
GBP 1,133.52
Account-la debit aachu, cash kidaikala.
Date & time
10 May 2025 • 02:58
Reference
NMB-2505-259343
Error code
NLJ-467
Issue
Cash not received
Get help
Back to activity"
0440,screenshots/augmented/synthetic_bank_0440_blur.png,Tanglish,Latin,blur,"10:45
4G
Nova Mobile Banking
Secure transaction centre
FAILED
GBP 1,133.52
Account-la debit aachu, cash kidaikala.
Date & time
10 May 2025 • 02:58
Reference
NMB-2505-259343
Error code
NLJ-467
Issue
Cash not received
Get help
Back to activity"
0440,screenshots/augmented/synthetic_bank_0440_rot.png,Tanglish,Latin,rotation,"10:45
4G
Nova Mobile Banking
Secure transaction centre
FAILED
GBP 1,133.52
Account-la debit aachu, cash kidaikala.
Date & time
10 May 2025 • 02:58
Reference
NMB-2505-259343
Error code
NLJ-467
Issue
Cash not received
Get help
Back to activity"
0440,screenshots/augmented/synthetic_bank_0440_lowres.png,Tanglish,Latin,low-resolution,"10:45
4G
Nova Mobile Banking
Secure transaction centre
FAILED
GBP 1,133.52
Account-la debit aachu, cash kidaikala.
Date & time
10 May 2025 • 02:58
Reference
NMB-2505-259343
Error code
NLJ-467
Issue
Cash not received
Get help
Back to activity"
0441,screenshots/synthetic_bank_0441.png,Tamil,Tamil,clean,"14:30
4G
Nova Mobile Banking
Secure transaction centre
BLOCKED
LKR 1,826.55
பாதுகாப்பிற்காக உங்கள் கணக்கு முடக்கப்பட்டுள்ளது.
Date & time
26 Nov 2024 • 13:42
Reference
NMB-2411-716113
Error code
YIA-750
Issue
Account blocked
Get help
Back to activity"
0441,screenshots/augmented/synthetic_bank_0441_blur.png,Tamil,Tamil,blur,"14:30
4G
Nova Mobile Banking
Secure transaction centre
BLOCKED
LKR 1,826.55
பாதுகாப்பிற்காக உங்கள் கணக்கு முடக்கப்பட்டுள்ளது.
Date & time
26 Nov 2024 • 13:42
Reference
NMB-2411-716113
Error code
YIA-750
Issue
Account blocked
Get help
Back to activity"
0441,screenshots/augmented/synthetic_bank_0441_rot.png,Tamil,Tamil,rotation,"14:30
4G
Nova Mobile Banking
Secure transaction centre
BLOCKED
LKR 1,826.55
பாதுகாப்பிற்காக உங்கள் கணக்கு முடக்கப்பட்டுள்ளது.
Date & time
26 Nov 2024 • 13:42
Reference
NMB-2411-716113
Error code
YIA-750
Issue
Account blocked
Get help
Back to activity"
0441,screenshots/augmented/synthetic_bank_0441_lowres.png,Tamil,Tamil,low-resolution,"14:30
4G
Nova Mobile Banking
Secure transaction centre
BLOCKED
LKR 1,826.55
பாதுகாப்பிற்காக உங்கள் கணக்கு முடக்கப்பட்டுள்ளது.
Date & time
26 Nov 2024 • 13:42
Reference
NMB-2411-716113
Error code
YIA-750
Issue
Account blocked
Get help
Back to activity"
0442,screenshots/synthetic_bank_0442.png,English,Latin,clean,"11:30
4G
Nova Mobile Banking
Secure transaction centre
PENDING
GBP 619.86
Your transfer is still being processed.
Date & time
14 Jun 2025 • 09:47
Reference
NMB-2506-436637
Error code
OMF-247
Issue
Transfer pending
Get help
Back to activity"
0442,screenshots/augmented/synthetic_bank_0442_blur.png,English,Latin,blur,"11:30
4G
Nova Mobile Banking
Secure transaction centre
PENDING
GBP 619.86
Your transfer is still being processed.
Date & time
14 Jun 2025 • 09:47
Reference
NMB-2506-436637
Error code
OMF-247
Issue
Transfer pending
Get help
Back to activity"
0442,screenshots/augmented/synthetic_bank_0442_rot.png,English,Latin,rotation,"11:30
4G
Nova Mobile Banking
Secure transaction centre
PENDING
GBP 619.86
Your transfer is still being processed.
Date & time
14 Jun 2025 • 09:47
Reference
NMB-2506-436637
Error code
OMF-247
Issue
Transfer pending
Get help
Back to activity"
0442,screenshots/augmented/synthetic_bank_0442_lowres.png,English,Latin,low-resolution,"11:30
4G
Nova Mobile Banking
Secure transaction centre
PENDING
GBP 619.86
Your transfer is still being processed.
Date & time
14 Jun 2025 • 09:47
Reference
NMB-2506-436637
Error code
OMF-247
Issue
Transfer pending
Get help
Back to activity"
0443,screenshots/synthetic_bank_0443.png,English,Latin,clean,"15:15
4G
Nova Mobile Banking
Secure transaction centre
URGENT
USD 327.92
Freeze your stolen card immediately.
Date & time
05 Sep 2025 • 20:46
Reference
NMB-2509-402104
Error code
CUH-807
Issue
Card stolen
Freeze card
Back to activity"
0443,screenshots/augmented/synthetic_bank_0443_blur.png,English,Latin,blur,"15:15
4G
Nova Mobile Banking
Secure transaction centre
URGENT
USD 327.92
Freeze your stolen card immediately.
Date & time
05 Sep 2025 • 20:46
Reference
NMB-2509-402104
Error code
CUH-807
Issue
Card stolen
Freeze card
Back to activity"
0443,screenshots/augmented/synthetic_bank_0443_rot.png,English,Latin,rotation,"15:15
4G
Nova Mobile Banking
Secure transaction centre
URGENT
USD 327.92
Freeze your stolen card immediately.
Date & time
05 Sep 2025 • 20:46
Reference
NMB-2509-402104
Error code
CUH-807
Issue
Card stolen
Freeze card
Back to activity"
0443,screenshots/augmented/synthetic_bank_0443_lowres.png,English,Latin,low-resolution,"15:15
4G
Nova Mobile Banking
Secure transaction centre
URGENT
USD 327.92
Freeze your stolen card immediately.
Date & time
05 Sep 2025 • 20:46
Reference
NMB-2509-402104
Error code
CUH-807
Issue
Card stolen
Freeze card
Back to activity"
0444,screenshots/synthetic_bank_0444.png,Tamil,Tamil,clean,"21:00
4G
Nova Mobile Banking
Secure transaction centre
REVIEW
SGD 2,479.31
இந்தப் பரிவர்த்தனை இருமுறை காணப்படுகிறது.
Date & time
15 Feb 2024 • 19:17
Reference
NMB-2402-384453
Error code
GLU-906
Issue
Duplicate transaction
Get help
Back to activity"
0444,screenshots/augmented/synthetic_bank_0444_blur.png,Tamil,Tamil,blur,"21:00
4G
Nova Mobile Banking
Secure transaction centre
REVIEW
SGD 2,479.31
இந்தப் பரிவர்த்தனை இருமுறை காணப்படுகிறது.
Date & time
15 Feb 2024 • 19:17
Reference
NMB-2402-384453
Error code
GLU-906
Issue
Duplicate transaction
Get help
Back to activity"
0444,screenshots/augmented/synthetic_bank_0444_rot.png,Tamil,Tamil,rotation,"21:00
4G
Nova Mobile Banking
Secure transaction centre
REVIEW
SGD 2,479.31
இந்தப் பரிவர்த்தனை இருமுறை காணப்படுகிறது.
Date & time
15 Feb 2024 • 19:17
Reference
NMB-2402-384453
Error code
GLU-906
Issue
Duplicate transaction
Get help
Back to activity"
0444,screenshots/augmented/synthetic_bank_0444_lowres.png,Tamil,Tamil,low-resolution,"21:00
4G
Nova Mobile Banking
Secure transaction centre
REVIEW
SGD 2,479.31
இந்தப் பரிவர்த்தனை இருமுறை காணப்படுகிறது.
Date & time
15 Feb 2024 • 19:17
Reference
NMB-2402-384453
Error code
GLU-906
Issue
Duplicate transaction
Get help
Back to activity"
0445,screenshots/synthetic_bank_0445.png,Singlish,Latin,clean,"11:45
4G
Nova Mobile Banking
Secure transaction centre
URGENT
USD 2,376.83
Card eka horakam kala; danma freeze karanna.
Date & time
30 Oct 2025 • 04:02
Reference
NMB-2510-277332
Error code
ZAU-810
Issue
Card stolen
Freeze card
Back to activity"
0445,screenshots/augmented/synthetic_bank_0445_blur.png,Singlish,Latin,blur,"11:45
4G
Nova Mobile Banking
Secure transaction centre
URGENT
USD 2,376.83
Card eka horakam kala; danma freeze karanna.
Date & time
30 Oct 2025 • 04:02
Reference
NMB-2510-277332
Error code
ZAU-810
Issue
Card stolen
Freeze card
Back to activity"
0445,screenshots/augmented/synthetic_bank_0445_rot.png,Singlish,Latin,rotation,"11:45
4G
Nova Mobile Banking
Secure transaction centre
URGENT
USD 2,376.83
Card eka horakam kala; danma freeze karanna.
Date & time
30 Oct 2025 • 04:02
Reference
NMB-2510-277332
Error code
ZAU-810
Issue
Card stolen
Freeze card
Back to activity"
0445,screenshots/augmented/synthetic_bank_0445_lowres.png,Singlish,Latin,low-resolution,"11:45
4G
Nova Mobile Banking
Secure transaction centre
URGENT
USD 2,376.83
Card eka horakam kala; danma freeze karanna.
Date & time
30 Oct 2025 • 04:02
Reference
NMB-2510-277332
Error code
ZAU-810
Issue
Card stolen
Freeze card
Back to activity"
0446,screenshots/synthetic_bank_0446.png,Sinhala,Sinhala,clean,"15:05
4G
Nova Mobile Banking
Secure transaction centre
PENDING
EUR 256.93
ඔබගේ මුදල් ආපසු ගෙවීම තවම පවතී.
Date & time
14 Jan 2024 • 21:33
Reference
NMB-2401-421074
Error code
VWZ-438
Issue
Refund pending
Get help
Back to activity"
0446,screenshots/augmented/synthetic_bank_0446_blur.png,Sinhala,Sinhala,blur,"15:05
4G
Nova Mobile Banking
Secure transaction centre
PENDING
EUR 256.93
ඔබගේ මුදල් ආපසු ගෙවීම තවම පවතී.
Date & time
14 Jan 2024 • 21:33
Reference
NMB-2401-421074
Error code
VWZ-438
Issue
Refund pending
Get help
Back to activity"
0446,screenshots/augmented/synthetic_bank_0446_rot.png,Sinhala,Sinhala,rotation,"15:05
4G
Nova Mobile Banking
Secure transaction centre
PENDING
EUR 256.93
ඔබගේ මුදල් ආපසු ගෙවීම තවම පවතී.
Date & time
14 Jan 2024 • 21:33
Reference
NMB-2401-421074
Error code
VWZ-438
Issue
Refund pending
Get help
Back to activity"
0446,screenshots/augmented/synthetic_bank_0446_lowres.png,Sinhala,Sinhala,low-resolution,"15:05
4G
Nova Mobile Banking
Secure transaction centre
PENDING
EUR 256.93
ඔබගේ මුදල් ආපසු ගෙවීම තවම පවතී.
Date & time
14 Jan 2024 • 21:33
Reference
NMB-2401-421074
Error code
VWZ-438
Issue
Refund pending
Get help
Back to activity"
0447,screenshots/synthetic_bank_0447.png,Sinhala,Sinhala,clean,"21:10
4G
Nova Mobile Banking
Secure transaction centre
DECLINED
GBP 1,118.16
ඔබගේ කාඩ් ගෙවීම ප්‍රතික්ෂේප විය.
Date & time
01 Oct 2025 • 21:40
Reference
NMB-2510-821867
Error code
BJT-818
Issue
Card payment declined
Get help
Back to activity"
0447,screenshots/augmented/synthetic_bank_0447_blur.png,Sinhala,Sinhala,blur,"21:10
4G
Nova Mobile Banking
Secure transaction centre
DECLINED
GBP 1,118.16
ඔබගේ කාඩ් ගෙවීම ප්‍රතික්ෂේප විය.
Date & time
01 Oct 2025 • 21:40
Reference
NMB-2510-821867
Error code
BJT-818
Issue
Card payment declined
Get help
Back to activity"
0447,screenshots/augmented/synthetic_bank_0447_rot.png,Sinhala,Sinhala,rotation,"21:10
4G
Nova Mobile Banking
Secure transaction centre
DECLINED
GBP 1,118.16
ඔබගේ කාඩ් ගෙවීම ප්‍රතික්ෂේප විය.
Date & time
01 Oct 2025 • 21:40
Reference
NMB-2510-821867
Error code
BJT-818
Issue
Card payment declined
Get help
Back to activity"
0447,screenshots/augmented/synthetic_bank_0447_lowres.png,Sinhala,Sinhala,low-resolution,"21:10
4G
Nova Mobile Banking
Secure transaction centre
DECLINED
GBP 1,118.16
ඔබගේ කාඩ් ගෙවීම ප්‍රතික්ෂේප විය.
Date & time
01 Oct 2025 • 21:40
Reference
NMB-2510-821867
Error code
BJT-818
Issue
Card payment declined
Get help
Back to activity"
0448,screenshots/synthetic_bank_0448.png,Tamil,Tamil,clean,"20:10
4G
Nova Mobile Banking
Secure transaction centre
BLOCKED
EUR 326.31
பாதுகாப்பிற்காக உங்கள் கணக்கு முடக்கப்பட்டுள்ளது.
Date & time
04 May 2025 • 03:34
Reference
NMB-2505-518468
Error code
BDK-584
Issue
Account blocked
Get help
Back to activity"
0448,screenshots/augmented/synthetic_bank_0448_blur.png,Tamil,Tamil,blur,"20:10
4G
Nova Mobile Banking
Secure transaction centre
BLOCKED
EUR 326.31
பாதுகாப்பிற்காக உங்கள் கணக்கு முடக்கப்பட்டுள்ளது.
Date & time
04 May 2025 • 03:34
Reference
NMB-2505-518468
Error code
BDK-584
Issue
Account blocked
Get help
Back to activity"
0448,screenshots/augmented/synthetic_bank_0448_rot.png,Tamil,Tamil,rotation,"20:10
4G
Nova Mobile Banking
Secure transaction centre
BLOCKED
EUR 326.31
பாதுகாப்பிற்காக உங்கள் கணக்கு முடக்கப்பட்டுள்ளது.
Date & time
04 May 2025 • 03:34
Reference
NMB-2505-518468
Error code
BDK-584
Issue
Account blocked
Get help
Back to activity"
0448,screenshots/augmented/synthetic_bank_0448_lowres.png,Tamil,Tamil,low-resolution,"20:10
4G
Nova Mobile Banking
Secure transaction centre
BLOCKED
EUR 326.31
பாதுகாப்பிற்காக உங்கள் கணக்கு முடக்கப்பட்டுள்ளது.
Date & time
04 May 2025 • 03:34
Reference
NMB-2505-518468
Error code
BDK-584
Issue
Account blocked
Get help
Back to activity"
0449,screenshots/synthetic_bank_0449.png,Mixed-language,Latin,clean,"20:30
4G
Nova Mobile Banking
Secure transaction centre
REVIEW
LKR 498.60
ATM charge eka waradi wage. ATM charge thappa irukku.
Date & time
24 May 2024 • 11:28
Reference
NMB-2405-311251
Error code
XHC-344
Issue
Cash withdrawal charged incorrectly
Get help
Back to activity"
0449,screenshots/augmented/synthetic_bank_0449_blur.png,Mixed-language,Latin,blur,"20:30
4G
Nova Mobile Banking
Secure transaction centre
REVIEW
LKR 498.60
ATM charge eka waradi wage. ATM charge thappa irukku.
Date & time
24 May 2024 • 11:28
Reference
NMB-2405-311251
Error code
XHC-344
Issue
Cash withdrawal charged incorrectly
Get help
Back to activity"
0449,screenshots/augmented/synthetic_bank_0449_rot.png,Mixed-language,Latin,rotation,"20:30
4G
Nova Mobile Banking
Secure transaction centre
REVIEW
LKR 498.60
ATM charge eka waradi wage. ATM charge thappa irukku.
Date & time
24 May 2024 • 11:28
Reference
NMB-2405-311251
Error code
XHC-344
Issue
Cash withdrawal charged incorrectly
Get help
Back to activity"
0449,screenshots/augmented/synthetic_bank_0449_lowres.png,Mixed-language,Latin,low-resolution,"20:30
4G
Nova Mobile Banking
Secure transaction centre
REVIEW
LKR 498.60
ATM charge eka waradi wage. ATM charge thappa irukku.
Date & time
24 May 2024 • 11:28
Reference
NMB-2405-311251
Error code
XHC-344
Issue
Cash withdrawal charged incorrectly
Get help
Back to activity"
0450,screenshots/synthetic_bank_0450.png,Tamil,Tamil,clean,"12:00
4G
Nova Mobile Banking
Secure transaction centre
BLOCKED
SGD 312.42
பாதுகாப்பிற்காக உங்கள் கணக்கு முடக்கப்பட்டுள்ளது.
Date & time
21 Jan 2026 • 21:33
Reference
NMB-2601-166817
Error code
BJX-616
Issue
Account blocked
Get help
Back to activity"
0450,screenshots/augmented/synthetic_bank_0450_blur.png,Tamil,Tamil,blur,"12:00
4G
Nova Mobile Banking
Secure transaction centre
BLOCKED
SGD 312.42
பாதுகாப்பிற்காக உங்கள் கணக்கு முடக்கப்பட்டுள்ளது.
Date & time
21 Jan 2026 • 21:33
Reference
NMB-2601-166817
Error code
BJX-616
Issue
Account blocked
Get help
Back to activity"
0450,screenshots/augmented/synthetic_bank_0450_rot.png,Tamil,Tamil,rotation,"12:00
4G
Nova Mobile Banking
Secure transaction centre
BLOCKED
SGD 312.42
பாதுகாப்பிற்காக உங்கள் கணக்கு முடக்கப்பட்டுள்ளது.
Date & time
21 Jan 2026 • 21:33
Reference
NMB-2601-166817
Error code
BJX-616
Issue
Account blocked
Get help
Back to activity"
0450,screenshots/augmented/synthetic_bank_0450_lowres.png,Tamil,Tamil,low-resolution,"12:00
4G
Nova Mobile Banking
Secure transaction centre
BLOCKED
SGD 312.42
பாதுகாப்பிற்காக உங்கள் கணக்கு முடக்கப்பட்டுள்ளது.
Date & time
21 Jan 2026 • 21:33
Reference
NMB-2601-166817
Error code
BJX-616
Issue
Account blocked
Get help
Back to activity"
0451,screenshots/synthetic_bank_0451.png,Tamil,Tamil,clean,"17:10
4G
Nova Mobile Banking
Secure transaction centre
REVIEW
EUR 1,998.95
பணம் எடுத்த கட்டணம் தவறாக இருக்கலாம்.
Date & time
29 May 2026 • 09:01
Reference
NMB-2605-578134
Error code
QBS-241
Issue
Cash withdrawal charged incorrectly
Get help
Back to activity"
0451,screenshots/augmented/synthetic_bank_0451_blur.png,Tamil,Tamil,blur,"17:10
4G
Nova Mobile Banking
Secure transaction centre
REVIEW
EUR 1,998.95
பணம் எடுத்த கட்டணம் தவறாக இருக்கலாம்.
Date & time
29 May 2026 • 09:01
Reference
NMB-2605-578134
Error code
QBS-241
Issue
Cash withdrawal charged incorrectly
Get help
Back to activity"
0451,screenshots/augmented/synthetic_bank_0451_rot.png,Tamil,Tamil,rotation,"17:10
4G
Nova Mobile Banking
Secure transaction centre
REVIEW
EUR 1,998.95
பணம் எடுத்த கட்டணம் தவறாக இருக்கலாம்.
Date & time
29 May 2026 • 09:01
Reference
NMB-2605-578134
Error code
QBS-241
Issue
Cash withdrawal charged incorrectly
Get help
Back to activity"
0451,screenshots/augmented/synthetic_bank_0451_lowres.png,Tamil,Tamil,low-resolution,"17:10
4G
Nova Mobile Banking
Secure transaction centre
REVIEW
EUR 1,998.95
பணம் எடுத்த கட்டணம் தவறாக இருக்கலாம்.
Date & time
29 May 2026 • 09:01
Reference
NMB-2605-578134
Error code
QBS-241
Issue
Cash withdrawal charged incorrectly
Get help
Back to activity"
0452,screenshots/synthetic_bank_0452.png,Mixed-language,Latin,clean,"11:15
4G
Nova Mobile Banking
Secure transaction centre
REVIEW
SGD 2,176.72
ATM charge eka waradi wage. ATM charge thappa irukku.
Date & time
07 Aug 2024 • 12:35
Reference
NMB-2408-750613
Error code
IIT-373
Issue
Cash withdrawal charged incorrectly
Get help
Back to activity"
0452,screenshots/augmented/synthetic_bank_0452_blur.png,Mixed-language,Latin,blur,"11:15
4G
Nova Mobile Banking
Secure transaction centre
REVIEW
SGD 2,176.72
ATM charge eka waradi wage. ATM charge thappa irukku.
Date & time
07 Aug 2024 • 12:35
Reference
NMB-2408-750613
Error code
IIT-373
Issue
Cash withdrawal charged incorrectly
Get help
Back to activity"
0452,screenshots/augmented/synthetic_bank_0452_rot.png,Mixed-language,Latin,rotation,"11:15
4G
Nova Mobile Banking
Secure transaction centre
REVIEW
SGD 2,176.72
ATM charge eka waradi wage. ATM charge thappa irukku.
Date & time
07 Aug 2024 • 12:35
Reference
NMB-2408-750613
Error code
IIT-373
Issue
Cash withdrawal charged incorrectly
Get help
Back to activity"
0452,screenshots/augmented/synthetic_bank_0452_lowres.png,Mixed-language,Latin,low-resolution,"11:15
4G
Nova Mobile Banking
Secure transaction centre
REVIEW
SGD 2,176.72
ATM charge eka waradi wage. ATM charge thappa irukku.
Date & time
07 Aug 2024 • 12:35
Reference
NMB-2408-750613
Error code
IIT-373
Issue
Cash withdrawal charged incorrectly
Get help
Back to activity"
0453,screenshots/synthetic_bank_0453.png,Tanglish,Latin,clean,"14:05
4G
Nova Mobile Banking
Secure transaction centre
DECLINED
GBP 769.54
Card payment decline aayiduchu.
Date & time
13 Aug 2025 • 04:00
Reference
NMB-2508-868639
Error code
DLB-750
Issue
Card payment declined
Get help
Back to activity"
0453,screenshots/augmented/synthetic_bank_0453_blur.png,Tanglish,Latin,blur,"14:05
4G
Nova Mobile Banking
Secure transaction centre
DECLINED
GBP 769.54
Card payment decline aayiduchu.
Date & time
13 Aug 2025 • 04:00
Reference
NMB-2508-868639
Error code
DLB-750
Issue
Card payment declined
Get help
Back to activity"
0453,screenshots/augmented/synthetic_bank_0453_rot.png,Tanglish,Latin,rotation,"14:05
4G
Nova Mobile Banking
Secure transaction centre
DECLINED
GBP 769.54
Card payment decline aayiduchu.
Date & time
13 Aug 2025 • 04:00
Reference
NMB-2508-868639
Error code
DLB-750
Issue
Card payment declined
Get help
Back to activity"
0453,screenshots/augmented/synthetic_bank_0453_lowres.png,Tanglish,Latin,low-resolution,"14:05
4G
Nova Mobile Banking
Secure transaction centre
DECLINED
GBP 769.54
Card payment decline aayiduchu.
Date & time
13 Aug 2025 • 04:00
Reference
NMB-2508-868639
Error code
DLB-750
Issue
Card payment declined
Get help
Back to activity"
0454,screenshots/synthetic_bank_0454.png,Sinhala,Sinhala,clean,"15:45
4G
Nova Mobile Banking
Secure transaction centre
DECLINED
GBP 598.88
ඔබගේ කාඩ් ගෙවීම ප්‍රතික්ෂේප විය.
Date & time
25 Dec 2025 • 13:41
Reference
NMB-2512-969962
Error code
WVQ-693
Issue
Card payment declined
Get help
Back to activity"
0454,screenshots/augmented/synthetic_bank_0454_blur.png,Sinhala,Sinhala,blur,"15:45
4G
Nova Mobile Banking
Secure transaction centre
DECLINED
GBP 598.88
ඔබගේ කාඩ් ගෙවීම ප්‍රතික්ෂේප විය.
Date & time
25 Dec 2025 • 13:41
Reference
NMB-2512-969962
Error code
WVQ-693
Issue
Card payment declined
Get help
Back to activity"
0454,screenshots/augmented/synthetic_bank_0454_rot.png,Sinhala,Sinhala,rotation,"15:45
4G
Nova Mobile Banking
Secure transaction centre
DECLINED
GBP 598.88
ඔබගේ කාඩ් ගෙවීම ප්‍රතික්ෂේප විය.
Date & time
25 Dec 2025 • 13:41
Reference
NMB-2512-969962
Error code
WVQ-693
Issue
Card payment declined
Get help
Back to activity"
0454,screenshots/augmented/synthetic_bank_0454_lowres.png,Sinhala,Sinhala,low-resolution,"15:45
4G
Nova Mobile Banking
Secure transaction centre
DECLINED
GBP 598.88
ඔබගේ කාඩ් ගෙවීම ප්‍රතික්ෂේප විය.
Date & time
25 Dec 2025 • 13:41
Reference
NMB-2512-969962
Error code
WVQ-693
Issue
Card payment declined
Get help
Back to activity"
0455,screenshots/synthetic_bank_0455.png,Tanglish,Latin,clean,"21:45
4G
Nova Mobile Banking
Secure transaction centre
FAILED
GBP 1,637.40
Account-la debit aachu, cash kidaikala.
Date & time
10 Dec 2025 • 13:15
Reference
NMB-2512-356595
Error code
LKR-675
Issue
Cash not received
Get help
Back to activity"
0455,screenshots/augmented/synthetic_bank_0455_blur.png,Tanglish,Latin,blur,"21:45
4G
Nova Mobile Banking
Secure transaction centre
FAILED
GBP 1,637.40
Account-la debit aachu, cash kidaikala.
Date & time
10 Dec 2025 • 13:15
Reference
NMB-2512-356595
Error code
LKR-675
Issue
Cash not received
Get help
Back to activity"
0455,screenshots/augmented/synthetic_bank_0455_rot.png,Tanglish,Latin,rotation,"21:45
4G
Nova Mobile Banking
Secure transaction centre
FAILED
GBP 1,637.40
Account-la debit aachu, cash kidaikala.
Date & time
10 Dec 2025 • 13:15
Reference
NMB-2512-356595
Error code
LKR-675
Issue
Cash not received
Get help
Back to activity"
0455,screenshots/augmented/synthetic_bank_0455_lowres.png,Tanglish,Latin,low-resolution,"21:45
4G
Nova Mobile Banking
Secure transaction centre
FAILED
GBP 1,637.40
Account-la debit aachu, cash kidaikala.
Date & time
10 Dec 2025 • 13:15
Reference
NMB-2512-356595
Error code
LKR-675
Issue
Cash not received
Get help
Back to activity"
0456,screenshots/synthetic_bank_0456.png,Tamil,Tamil,clean,"21:05
4G
Nova Mobile Banking
Secure transaction centre
REVIEW
SGD 2,082.81
பணம் எடுத்த கட்டணம் தவறாக இருக்கலாம்.
Date & time
15 Dec 2024 • 07:31
Reference
NMB-2412-385898
Error code
NVF-790
Issue
Cash withdrawal charged incorrectly
Get help
Back to activity"
0456,screenshots/augmented/synthetic_bank_0456_blur.png,Tamil,Tamil,blur,"21:05
4G
Nova Mobile Banking
Secure transaction centre
REVIEW
SGD 2,082.81
பணம் எடுத்த கட்டணம் தவறாக இருக்கலாம்.
Date & time
15 Dec 2024 • 07:31
Reference
NMB-2412-385898
Error code
NVF-790
Issue
Cash withdrawal charged incorrectly
Get help
Back to activity"
0456,screenshots/augmented/synthetic_bank_0456_rot.png,Tamil,Tamil,rotation,"21:05
4G
Nova Mobile Banking
Secure transaction centre
REVIEW
SGD 2,082.81
பணம் எடுத்த கட்டணம் தவறாக இருக்கலாம்.
Date & time
15 Dec 2024 • 07:31
Reference
NMB-2412-385898
Error code
NVF-790
Issue
Cash withdrawal charged incorrectly
Get help
Back to activity"
0456,screenshots/augmented/synthetic_bank_0456_lowres.png,Tamil,Tamil,low-resolution,"21:05
4G
Nova Mobile Banking
Secure transaction centre
REVIEW
SGD 2,082.81
பணம் எடுத்த கட்டணம் தவறாக இருக்கலாம்.
Date & time
15 Dec 2024 • 07:31
Reference
NMB-2412-385898
Error code
NVF-790
Issue
Cash withdrawal charged incorrectly
Get help
Back to activity"
0457,screenshots/synthetic_bank_0457.png,Sinhala,Sinhala,clean,"14:05
4G
Nova Mobile Banking
Secure transaction centre
PENDING
LKR 1,144.98
ඔබගේ ශේෂය තවම යාවත්කාලීන වී නැත.
Date & time
12 Sep 2024 • 18:36
Reference
NMB-2409-982141
Error code
POO-816
Issue
Balance not updated
Get help
Back to activity"
0457,screenshots/augmented/synthetic_bank_0457_blur.png,Sinhala,Sinhala,blur,"14:05
4G
Nova Mobile Banking
Secure transaction centre
PENDING
LKR 1,144.98
ඔබගේ ශේෂය තවම යාවත්කාලීන වී නැත.
Date & time
12 Sep 2024 • 18:36
Reference
NMB-2409-982141
Error code
POO-816
Issue
Balance not updated
Get help
Back to activity"
0457,screenshots/augmented/synthetic_bank_0457_rot.png,Sinhala,Sinhala,rotation,"14:05
4G
Nova Mobile Banking
Secure transaction centre
PENDING
LKR 1,144.98
ඔබගේ ශේෂය තවම යාවත්කාලීන වී නැත.
Date & time
12 Sep 2024 • 18:36
Reference
NMB-2409-982141
Error code
POO-816
Issue
Balance not updated
Get help
Back to activity"
0457,screenshots/augmented/synthetic_bank_0457_lowres.png,Sinhala,Sinhala,low-resolution,"14:05
4G
Nova Mobile Banking
Secure transaction centre
PENDING
LKR 1,144.98
ඔබගේ ශේෂය තවම යාවත්කාලීන වී නැත.
Date & time
12 Sep 2024 • 18:36
Reference
NMB-2409-982141
Error code
POO-816
Issue
Balance not updated
Get help
Back to activity"
0458,screenshots/synthetic_bank_0458.png,English,Latin,clean,"18:10
4G
Nova Mobile Banking
Secure transaction centre
URGENT
EUR 824.06
Freeze your stolen card immediately.
Date & time
18 Feb 2026 • 19:58
Reference
NMB-2602-571848
Error code
STR-820
Issue
Card stolen
Freeze card
Back to activity"
0458,screenshots/augmented/synthetic_bank_0458_blur.png,English,Latin,blur,"18:10
4G
Nova Mobile Banking
Secure transaction centre
URGENT
EUR 824.06
Freeze your stolen card immediately.
Date & time
18 Feb 2026 • 19:58
Reference
NMB-2602-571848
Error code
STR-820
Issue
Card stolen
Freeze card
Back to activity"
0458,screenshots/augmented/synthetic_bank_0458_rot.png,English,Latin,rotation,"18:10
4G
Nova Mobile Banking
Secure transaction centre
URGENT
EUR 824.06
Freeze your stolen card immediately.
Date & time
18 Feb 2026 • 19:58
Reference
NMB-2602-571848
Error code
STR-820
Issue
Card stolen
Freeze card
Back to activity"
0458,screenshots/augmented/synthetic_bank_0458_lowres.png,English,Latin,low-resolution,"18:10
4G
Nova Mobile Banking
Secure transaction centre
URGENT
EUR 824.06
Freeze your stolen card immediately.
Date & time
18 Feb 2026 • 19:58
Reference
NMB-2602-571848
Error code
STR-820
Issue
Card stolen
Freeze card
Back to activity"
0459,screenshots/synthetic_bank_0459.png,English,Latin,clean,"22:30
4G
Nova Mobile Banking
Secure transaction centre
PENDING
LKR 1,019.87
Your transfer is still being processed.
Date & time
28 May 2024 • 15:51
Reference
NMB-2405-174873
Error code
RXW-566
Issue
Transfer pending
Get help
Back to activity"
0459,screenshots/augmented/synthetic_bank_0459_blur.png,English,Latin,blur,"22:30
4G
Nova Mobile Banking
Secure transaction centre
PENDING
LKR 1,019.87
Your transfer is still being processed.
Date & time
28 May 2024 • 15:51
Reference
NMB-2405-174873
Error code
RXW-566
Issue
Transfer pending
Get help
Back to activity"
0459,screenshots/augmented/synthetic_bank_0459_rot.png,English,Latin,rotation,"22:30
4G
Nova Mobile Banking
Secure transaction centre
PENDING
LKR 1,019.87
Your transfer is still being processed.
Date & time
28 May 2024 • 15:51
Reference
NMB-2405-174873
Error code
RXW-566
Issue
Transfer pending
Get help
Back to activity"
0459,screenshots/augmented/synthetic_bank_0459_lowres.png,English,Latin,low-resolution,"22:30
4G
Nova Mobile Banking
Secure transaction centre
PENDING
LKR 1,019.87
Your transfer is still being processed.
Date & time
28 May 2024 • 15:51
Reference
NMB-2405-174873
Error code
RXW-566
Issue
Transfer pending
Get help
Back to activity"
0460,screenshots/synthetic_bank_0460.png,Singlish,Latin,clean,"11:05
4G
Nova Mobile Banking
Secure transaction centre
WAITING
EUR 145.49
OTP eka thawama awe naha.
Date & time
11 Jan 2024 • 13:13
Reference
NMB-2401-743033
Error code
ZSB-250
Issue
OTP not received
Get help
Back to activity"
0460,screenshots/augmented/synthetic_bank_0460_blur.png,Singlish,Latin,blur,"11:05
4G
Nova Mobile Banking
Secure transaction centre
WAITING
EUR 145.49
OTP eka thawama awe naha.
Date & time
11 Jan 2024 • 13:13
Reference
NMB-2401-743033
Error code
ZSB-250
Issue
OTP not received
Get help
Back to activity"
0460,screenshots/augmented/synthetic_bank_0460_rot.png,Singlish,Latin,rotation,"11:05
4G
Nova Mobile Banking
Secure transaction centre
WAITING
EUR 145.49
OTP eka thawama awe naha.
Date & time
11 Jan 2024 • 13:13
Reference
NMB-2401-743033
Error code
ZSB-250
Issue
OTP not received
Get help
Back to activity"
0460,screenshots/augmented/synthetic_bank_0460_lowres.png,Singlish,Latin,low-resolution,"11:05
4G
Nova Mobile Banking
Secure transaction centre
WAITING
EUR 145.49
OTP eka thawama awe naha.
Date & time
11 Jan 2024 • 13:13
Reference
NMB-2401-743033
Error code
ZSB-250
Issue
OTP not received
Get help
Back to activity"
0461,screenshots/synthetic_bank_0461.png,English,Latin,clean,"15:15
4G
Nova Mobile Banking
Secure transaction centre
FAILED
GBP 1,484.34
The new beneficiary could not be added.
Date & time
14 Apr 2026 • 15:53
Reference
NMB-2604-481470
Error code
GRZ-770
Issue
Beneficiary not added
Get help
Back to activity"
0461,screenshots/augmented/synthetic_bank_0461_blur.png,English,Latin,blur,"15:15
4G
Nova Mobile Banking
Secure transaction centre
FAILED
GBP 1,484.34
The new beneficiary could not be added.
Date & time
14 Apr 2026 • 15:53
Reference
NMB-2604-481470
Error code
GRZ-770
Issue
Beneficiary not added
Get help
Back to activity"
0461,screenshots/augmented/synthetic_bank_0461_rot.png,English,Latin,rotation,"15:15
4G
Nova Mobile Banking
Secure transaction centre
FAILED
GBP 1,484.34
The new beneficiary could not be added.
Date & time
14 Apr 2026 • 15:53
Reference
NMB-2604-481470
Error code
GRZ-770
Issue
Beneficiary not added
Get help
Back to activity"
0461,screenshots/augmented/synthetic_bank_0461_lowres.png,English,Latin,low-resolution,"15:15
4G
Nova Mobile Banking
Secure transaction centre
FAILED
GBP 1,484.34
The new beneficiary could not be added.
Date & time
14 Apr 2026 • 15:53
Reference
NMB-2604-481470
Error code
GRZ-770
Issue
Beneficiary not added
Get help
Back to activity"
0462,screenshots/synthetic_bank_0462.png,Singlish,Latin,clean,"08:10
4G
Nova Mobile Banking
Secure transaction centre
FAILED
SGD 1,767.82
Beneficiary add karanna bari una.
Date & time
16 Sep 2024 • 02:56
Reference
NMB-2409-428089
Error code
CSO-750
Issue
Beneficiary not added
Get help
Back to activity"
0462,screenshots/augmented/synthetic_bank_0462_blur.png,Singlish,Latin,blur,"08:10
4G
Nova Mobile Banking
Secure transaction centre
FAILED
SGD 1,767.82
Beneficiary add karanna bari una.
Date & time
16 Sep 2024 • 02:56
Reference
NMB-2409-428089
Error code
CSO-750
Issue
Beneficiary not added
Get help
Back to activity"
0462,screenshots/augmented/synthetic_bank_0462_rot.png,Singlish,Latin,rotation,"08:10
4G
Nova Mobile Banking
Secure transaction centre
FAILED
SGD 1,767.82
Beneficiary add karanna bari una.
Date & time
16 Sep 2024 • 02:56
Reference
NMB-2409-428089
Error code
CSO-750
Issue
Beneficiary not added
Get help
Back to activity"
0462,screenshots/augmented/synthetic_bank_0462_lowres.png,Singlish,Latin,low-resolution,"08:10
4G
Nova Mobile Banking
Secure transaction centre
FAILED
SGD 1,767.82
Beneficiary add karanna bari una.
Date & time
16 Sep 2024 • 02:56
Reference
NMB-2409-428089
Error code
CSO-750
Issue
Beneficiary not added
Get help
Back to activity"
0463,screenshots/synthetic_bank_0463.png,English,Latin,clean,"14:30
4G
Nova Mobile Banking
Secure transaction centre
PENDING
LKR 667.17
Your transfer is still being processed.
Date & time
11 Mar 2024 • 13:45
Reference
NMB-2403-963574
Error code
FRJ-105
Issue
Transfer pending
Get help
Back to activity"
0463,screenshots/augmented/synthetic_bank_0463_blur.png,English,Latin,blur,"14:30
4G
Nova Mobile Banking
Secure transaction centre
PENDING
LKR 667.17
Your transfer is still being processed.
Date & time
11 Mar 2024 • 13:45
Reference
NMB-2403-963574
Error code
FRJ-105
Issue
Transfer pending
Get help
Back to activity"
0463,screenshots/augmented/synthetic_bank_0463_rot.png,English,Latin,rotation,"14:30
4G
Nova Mobile Banking
Secure transaction centre
PENDING
LKR 667.17
Your transfer is still being processed.
Date & time
11 Mar 2024 • 13:45
Reference
NMB-2403-963574
Error code
FRJ-105
Issue
Transfer pending
Get help
Back to activity"
0463,screenshots/augmented/synthetic_bank_0463_lowres.png,English,Latin,low-resolution,"14:30
4G
Nova Mobile Banking
Secure transaction centre
PENDING
LKR 667.17
Your transfer is still being processed.
Date & time
11 Mar 2024 • 13:45
Reference
NMB-2403-963574
Error code
FRJ-105
Issue
Transfer pending
Get help
Back to activity"
0464,screenshots/synthetic_bank_0464.png,Tamil,Tamil,clean,"08:30
4G
Nova Mobile Banking
Secure transaction centre
REVIEW
EUR 1,959.69
இந்தப் பரிவர்த்தனை இருமுறை காணப்படுகிறது.
Date & time
20 Aug 2025 • 16:39
Reference
NMB-2508-592563
Error code
QHH-320
Issue
Duplicate transaction
Get help
Back to activity"
0464,screenshots/augmented/synthetic_bank_0464_blur.png,Tamil,Tamil,blur,"08:30
4G
Nova Mobile Banking
Secure transaction centre
REVIEW
EUR 1,959.69
இந்தப் பரிவர்த்தனை இருமுறை காணப்படுகிறது.
Date & time
20 Aug 2025 • 16:39
Reference
NMB-2508-592563
Error code
QHH-320
Issue
Duplicate transaction
Get help
Back to activity"
0464,screenshots/augmented/synthetic_bank_0464_rot.png,Tamil,Tamil,rotation,"08:30
4G
Nova Mobile Banking
Secure transaction centre
REVIEW
EUR 1,959.69
இந்தப் பரிவர்த்தனை இருமுறை காணப்படுகிறது.
Date & time
20 Aug 2025 • 16:39
Reference
NMB-2508-592563
Error code
QHH-320
Issue
Duplicate transaction
Get help
Back to activity"
0464,screenshots/augmented/synthetic_bank_0464_lowres.png,Tamil,Tamil,low-resolution,"08:30
4G
Nova Mobile Banking
Secure transaction centre
REVIEW
EUR 1,959.69
இந்தப் பரிவர்த்தனை இருமுறை காணப்படுகிறது.
Date & time
20 Aug 2025 • 16:39
Reference
NMB-2508-592563
Error code
QHH-320
Issue
Duplicate transaction
Get help
Back to activity"
0465,screenshots/synthetic_bank_0465.png,Tanglish,Latin,clean,"22:05
4G
Nova Mobile Banking
Secure transaction centre
FAILED
EUR 2,435.82
Account-la debit aachu, cash kidaikala.
Date & time
05 May 2025 • 12:27
Reference
NMB-2505-558876
Error code
BFT-567
Issue
Cash not received
Get help
Back to activity"
0465,screenshots/augmented/synthetic_bank_0465_blur.png,Tanglish,Latin,blur,"22:05
4G
Nova Mobile Banking
Secure transaction centre
FAILED
EUR 2,435.82
Account-la debit aachu, cash kidaikala.
Date & time
05 May 2025 • 12:27
Reference
NMB-2505-558876
Error code
BFT-567
Issue
Cash not received
Get help
Back to activity"
0465,screenshots/augmented/synthetic_bank_0465_rot.png,Tanglish,Latin,rotation,"22:05
4G
Nova Mobile Banking
Secure transaction centre
FAILED
EUR 2,435.82
Account-la debit aachu, cash kidaikala.
Date & time
05 May 2025 • 12:27
Reference
NMB-2505-558876
Error code
BFT-567
Issue
Cash not received
Get help
Back to activity"
0465,screenshots/augmented/synthetic_bank_0465_lowres.png,Tanglish,Latin,low-resolution,"22:05
4G
Nova Mobile Banking
Secure transaction centre
FAILED
EUR 2,435.82
Account-la debit aachu, cash kidaikala.
Date & time
05 May 2025 • 12:27
Reference
NMB-2505-558876
Error code
BFT-567
Issue
Cash not received
Get help
Back to activity"
0466,screenshots/synthetic_bank_0466.png,Tamil,Tamil,clean,"12:45
4G
Nova Mobile Banking
Secure transaction centre
REVIEW
LKR 1,181.89
இந்தப் பரிவர்த்தனை இருமுறை காணப்படுகிறது.
Date & time
06 May 2026 • 04:23
Reference
NMB-2605-591069
Error code
GSH-582
Issue
Duplicate transaction
Get help
Back to activity"
0466,screenshots/augmented/synthetic_bank_0466_blur.png,Tamil,Tamil,blur,"12:45
4G
Nova Mobile Banking
Secure transaction centre
REVIEW
LKR 1,181.89
இந்தப் பரிவர்த்தனை இருமுறை காணப்படுகிறது.
Date & time
06 May 2026 • 04:23
Reference
NMB-2605-591069
Error code
GSH-582
Issue
Duplicate transaction
Get help
Back to activity"
0466,screenshots/augmented/synthetic_bank_0466_rot.png,Tamil,Tamil,rotation,"12:45
4G
Nova Mobile Banking
Secure transaction centre
REVIEW
LKR 1,181.89
இந்தப் பரிவர்த்தனை இருமுறை காணப்படுகிறது.
Date & time
06 May 2026 • 04:23
Reference
NMB-2605-591069
Error code
GSH-582
Issue
Duplicate transaction
Get help
Back to activity"
0466,screenshots/augmented/synthetic_bank_0466_lowres.png,Tamil,Tamil,low-resolution,"12:45
4G
Nova Mobile Banking
Secure transaction centre
REVIEW
LKR 1,181.89
இந்தப் பரிவர்த்தனை இருமுறை காணப்படுகிறது.
Date & time
06 May 2026 • 04:23
Reference
NMB-2605-591069
Error code
GSH-582
Issue
Duplicate transaction
Get help
Back to activity"
0467,screenshots/synthetic_bank_0467.png,Sinhala,Sinhala,clean,"14:05
4G
Nova Mobile Banking
Secure transaction centre
FAILED
USD 1,988.88
ගිණුමෙන් අඩු වූ නමුත් මුදල් ලැබුණේ නැත.
Date & time
06 Dec 2025 • 08:21
Reference
NMB-2512-320616
Error code
JXU-200
Issue
Cash not received
Get help
Back to activity"
0467,screenshots/augmented/synthetic_bank_0467_blur.png,Sinhala,Sinhala,blur,"14:05
4G
Nova Mobile Banking
Secure transaction centre
FAILED
USD 1,988.88
ගිණුමෙන් අඩු වූ නමුත් මුදල් ලැබුණේ නැත.
Date & time
06 Dec 2025 • 08:21
Reference
NMB-2512-320616
Error code
JXU-200
Issue
Cash not received
Get help
Back to activity"
0467,screenshots/augmented/synthetic_bank_0467_rot.png,Sinhala,Sinhala,rotation,"14:05
4G
Nova Mobile Banking
Secure transaction centre
FAILED
USD 1,988.88
ගිණුමෙන් අඩු වූ නමුත් මුදල් ලැබුණේ නැත.
Date & time
06 Dec 2025 • 08:21
Reference
NMB-2512-320616
Error code
JXU-200
Issue
Cash not received
Get help
Back to activity"
0467,screenshots/augmented/synthetic_bank_0467_lowres.png,Sinhala,Sinhala,low-resolution,"14:05
4G
Nova Mobile Banking
Secure transaction centre
FAILED
USD 1,988.88
ගිණුමෙන් අඩු වූ නමුත් මුදල් ලැබුණේ නැත.
Date & time
06 Dec 2025 • 08:21
Reference
NMB-2512-320616
Error code
JXU-200
Issue
Cash not received
Get help
Back to activity"
0468,screenshots/synthetic_bank_0468.png,Sinhala,Sinhala,clean,"21:45
4G
Nova Mobile Banking
Secure transaction centre
PENDING
LKR 1,831.33
ඔබගේ ශේෂය තවම යාවත්කාලීන වී නැත.
Date & time
14 Oct 2025 • 07:27
Reference
NMB-2510-242936
Error code
FHA-376
Issue
Balance not updated
Get help
Back to activity"
0468,screenshots/augmented/synthetic_bank_0468_blur.png,Sinhala,Sinhala,blur,"21:45
4G
Nova Mobile Banking
Secure transaction centre
PENDING
LKR 1,831.33
ඔබගේ ශේෂය තවම යාවත්කාලීන වී නැත.
Date & time
14 Oct 2025 • 07:27
Reference
NMB-2510-242936
Error code
FHA-376
Issue
Balance not updated
Get help
Back to activity"
0468,screenshots/augmented/synthetic_bank_0468_rot.png,Sinhala,Sinhala,rotation,"21:45
4G
Nova Mobile Banking
Secure transaction centre
PENDING
LKR 1,831.33
ඔබගේ ශේෂය තවම යාවත්කාලීන වී නැත.
Date & time
14 Oct 2025 • 07:27
Reference
NMB-2510-242936
Error code
FHA-376
Issue
Balance not updated
Get help
Back to activity"
0468,screenshots/augmented/synthetic_bank_0468_lowres.png,Sinhala,Sinhala,low-resolution,"21:45
4G
Nova Mobile Banking
Secure transaction centre
PENDING
LKR 1,831.33
ඔබගේ ශේෂය තවම යාවත්කාලීන වී නැත.
Date & time
14 Oct 2025 • 07:27
Reference
NMB-2510-242936
Error code
FHA-376
Issue
Balance not updated
Get help
Back to activity"
0469,screenshots/synthetic_bank_0469.png,Sinhala,Sinhala,clean,"18:45
4G
Nova Mobile Banking
Secure transaction centre
PENDING
LKR 1,945.14
ඔබගේ මුදල් ආපසු ගෙවීම තවම පවතී.
Date & time
19 May 2026 • 15:38
Reference
NMB-2605-787964
Error code
RAE-254
Issue
Refund pending
Get help
Back to activity"
0469,screenshots/augmented/synthetic_bank_0469_blur.png,Sinhala,Sinhala,blur,"18:45
4G
Nova Mobile Banking
Secure transaction centre
PENDING
LKR 1,945.14
ඔබගේ මුදල් ආපසු ගෙවීම තවම පවතී.
Date & time
19 May 2026 • 15:38
Reference
NMB-2605-787964
Error code
RAE-254
Issue
Refund pending
Get help
Back to activity"
0469,screenshots/augmented/synthetic_bank_0469_rot.png,Sinhala,Sinhala,rotation,"18:45
4G
Nova Mobile Banking
Secure transaction centre
PENDING
LKR 1,945.14
ඔබගේ මුදල් ආපසු ගෙවීම තවම පවතී.
Date & time
19 May 2026 • 15:38
Reference
NMB-2605-787964
Error code
RAE-254
Issue
Refund pending
Get help
Back to activity"
0469,screenshots/augmented/synthetic_bank_0469_lowres.png,Sinhala,Sinhala,low-resolution,"18:45
4G
Nova Mobile Banking
Secure transaction centre
PENDING
LKR 1,945.14
ඔබගේ මුදල් ආපසු ගෙවීම තවම පවතී.
Date & time
19 May 2026 • 15:38
Reference
NMB-2605-787964
Error code
RAE-254
Issue
Refund pending
Get help
Back to activity"
0470,screenshots/synthetic_bank_0470.png,Tamil,Tamil,clean,"10:15
4G
Nova Mobile Banking
Secure transaction centre
BLOCKED
SGD 1,215.65
பாதுகாப்பிற்காக உங்கள் கணக்கு முடக்கப்பட்டுள்ளது.
Date & time
11 Nov 2024 • 02:35
Reference
NMB-2411-685553
Error code
RWQ-945
Issue
Account blocked
Get help
Back to activity"
0470,screenshots/augmented/synthetic_bank_0470_blur.png,Tamil,Tamil,blur,"10:15
4G
Nova Mobile Banking
Secure transaction centre
BLOCKED
SGD 1,215.65
பாதுகாப்பிற்காக உங்கள் கணக்கு முடக்கப்பட்டுள்ளது.
Date & time
11 Nov 2024 • 02:35
Reference
NMB-2411-685553
Error code
RWQ-945
Issue
Account blocked
Get help
Back to activity"
0470,screenshots/augmented/synthetic_bank_0470_rot.png,Tamil,Tamil,rotation,"10:15
4G
Nova Mobile Banking
Secure transaction centre
BLOCKED
SGD 1,215.65
பாதுகாப்பிற்காக உங்கள் கணக்கு முடக்கப்பட்டுள்ளது.
Date & time
11 Nov 2024 • 02:35
Reference
NMB-2411-685553
Error code
RWQ-945
Issue
Account blocked
Get help
Back to activity"
0470,screenshots/augmented/synthetic_bank_0470_lowres.png,Tamil,Tamil,low-resolution,"10:15
4G
Nova Mobile Banking
Secure transaction centre
BLOCKED
SGD 1,215.65
பாதுகாப்பிற்காக உங்கள் கணக்கு முடக்கப்பட்டுள்ளது.
Date & time
11 Nov 2024 • 02:35
Reference
NMB-2411-685553
Error code
RWQ-945
Issue
Account blocked
Get help
Back to activity"
0471,screenshots/synthetic_bank_0471.png,Mixed-language,Latin,clean,"20:10
4G
Nova Mobile Banking
Secure transaction centre
REVIEW
LKR 67.35
Transaction eka deparak penenawa. Transaction rendu murai kaatuthu.
Date & time
10 Oct 2025 • 23:35
Reference
NMB-2510-578449
Error code
AZD-919
Issue
Duplicate transaction
Get help
Back to activity"
0471,screenshots/augmented/synthetic_bank_0471_blur.png,Mixed-language,Latin,blur,"20:10
4G
Nova Mobile Banking
Secure transaction centre
REVIEW
LKR 67.35
Transaction eka deparak penenawa. Transaction rendu murai kaatuthu.
Date & time
10 Oct 2025 • 23:35
Reference
NMB-2510-578449
Error code
AZD-919
Issue
Duplicate transaction
Get help
Back to activity"
0471,screenshots/augmented/synthetic_bank_0471_rot.png,Mixed-language,Latin,rotation,"20:10
4G
Nova Mobile Banking
Secure transaction centre
REVIEW
LKR 67.35
Transaction eka deparak penenawa. Transaction rendu murai kaatuthu.
Date & time
10 Oct 2025 • 23:35
Reference
NMB-2510-578449
Error code
AZD-919
Issue
Duplicate transaction
Get help
Back to activity"
0471,screenshots/augmented/synthetic_bank_0471_lowres.png,Mixed-language,Latin,low-resolution,"20:10
4G
Nova Mobile Banking
Secure transaction centre
REVIEW
LKR 67.35
Transaction eka deparak penenawa. Transaction rendu murai kaatuthu.
Date & time
10 Oct 2025 • 23:35
Reference
NMB-2510-578449
Error code
AZD-919
Issue
Duplicate transaction
Get help
Back to activity"
0472,screenshots/synthetic_bank_0472.png,Tanglish,Latin,clean,"14:00
4G
Nova Mobile Banking
Secure transaction centre
PENDING
EUR 405.19
Balance innum update aagala.
Date & time
10 Mar 2026 • 12:57
Reference
NMB-2603-240211
Error code
FJK-511
Issue
Balance not updated
Get help
Back to activity"
0472,screenshots/augmented/synthetic_bank_0472_blur.png,Tanglish,Latin,blur,"14:00
4G
Nova Mobile Banking
Secure transaction centre
PENDING
EUR 405.19
Balance innum update aagala.
Date & time
10 Mar 2026 • 12:57
Reference
NMB-2603-240211
Error code
FJK-511
Issue
Balance not updated
Get help
Back to activity"
0472,screenshots/augmented/synthetic_bank_0472_rot.png,Tanglish,Latin,rotation,"14:00
4G
Nova Mobile Banking
Secure transaction centre
PENDING
EUR 405.19
Balance innum update aagala.
Date & time
10 Mar 2026 • 12:57
Reference
NMB-2603-240211
Error code
FJK-511
Issue
Balance not updated
Get help
Back to activity"
0472,screenshots/augmented/synthetic_bank_0472_lowres.png,Tanglish,Latin,low-resolution,"14:00
4G
Nova Mobile Banking
Secure transaction centre
PENDING
EUR 405.19
Balance innum update aagala.
Date & time
10 Mar 2026 • 12:57
Reference
NMB-2603-240211
Error code
FJK-511
Issue
Balance not updated
Get help
Back to activity"
0473,screenshots/synthetic_bank_0473.png,Tanglish,Latin,clean,"09:15
4G
Nova Mobile Banking
Secure transaction centre
PENDING
LKR 304.48
Refund innum pending-la irukku.
Date & time
14 Jul 2024 • 10:10
Reference
NMB-2407-162395
Error code
OXW-415
Issue
Refund pending
Get help
Back to activity"
0473,screenshots/augmented/synthetic_bank_0473_blur.png,Tanglish,Latin,blur,"09:15
4G
Nova Mobile Banking
Secure transaction centre
PENDING
LKR 304.48
Refund innum pending-la irukku.
Date & time
14 Jul 2024 • 10:10
Reference
NMB-2407-162395
Error code
OXW-415
Issue
Refund pending
Get help
Back to activity"
0473,screenshots/augmented/synthetic_bank_0473_rot.png,Tanglish,Latin,rotation,"09:15
4G
Nova Mobile Banking
Secure transaction centre
PENDING
LKR 304.48
Refund innum pending-la irukku.
Date & time
14 Jul 2024 • 10:10
Reference
NMB-2407-162395
Error code
OXW-415
Issue
Refund pending
Get help
Back to activity"
0473,screenshots/augmented/synthetic_bank_0473_lowres.png,Tanglish,Latin,low-resolution,"09:15
4G
Nova Mobile Banking
Secure transaction centre
PENDING
LKR 304.48
Refund innum pending-la irukku.
Date & time
14 Jul 2024 • 10:10
Reference
NMB-2407-162395
Error code
OXW-415
Issue
Refund pending
Get help
Back to activity"
0474,screenshots/synthetic_bank_0474.png,Mixed-language,Latin,clean,"17:45
4G
Nova Mobile Banking
Secure transaction centre
BLOCKED
SGD 301.35
Security nisa account eka block wela. Security-kaaga account block aayiduchu.
Date & time
06 Apr 2025 • 16:01
Reference
NMB-2504-964036
Error code
DRA-844
Issue
Account blocked
Get help
Back to activity"
0474,screenshots/augmented/synthetic_bank_0474_blur.png,Mixed-language,Latin,blur,"17:45
4G
Nova Mobile Banking
Secure transaction centre
BLOCKED
SGD 301.35
Security nisa account eka block wela. Security-kaaga account block aayiduchu.
Date & time
06 Apr 2025 • 16:01
Reference
NMB-2504-964036
Error code
DRA-844
Issue
Account blocked
Get help
Back to activity"
0474,screenshots/augmented/synthetic_bank_0474_rot.png,Mixed-language,Latin,rotation,"17:45
4G
Nova Mobile Banking
Secure transaction centre
BLOCKED
SGD 301.35
Security nisa account eka block wela. Security-kaaga account block aayiduchu.
Date & time
06 Apr 2025 • 16:01
Reference
NMB-2504-964036
Error code
DRA-844
Issue
Account blocked
Get help
Back to activity"
0474,screenshots/augmented/synthetic_bank_0474_lowres.png,Mixed-language,Latin,low-resolution,"17:45
4G
Nova Mobile Banking
Secure transaction centre
BLOCKED
SGD 301.35
Security nisa account eka block wela. Security-kaaga account block aayiduchu.
Date & time
06 Apr 2025 • 16:01
Reference
NMB-2504-964036
Error code
DRA-844
Issue
Account blocked
Get help
Back to activity"
0475,screenshots/synthetic_bank_0475.png,English,Latin,clean,"21:05
4G
Nova Mobile Banking
Secure transaction centre
FAILED
EUR 2,107.24
The new beneficiary could not be added.
Date & time
16 Jan 2024 • 10:04
Reference
NMB-2401-805492
Error code
BUD-372
Issue
Beneficiary not added
Get help
Back to activity"
0475,screenshots/augmented/synthetic_bank_0475_blur.png,English,Latin,blur,"21:05
4G
Nova Mobile Banking
Secure transaction centre
FAILED
EUR 2,107.24
The new beneficiary could not be added.
Date & time
16 Jan 2024 • 10:04
Reference
NMB-2401-805492
Error code
BUD-372
Issue
Beneficiary not added
Get help
Back to activity"
0475,screenshots/augmented/synthetic_bank_0475_rot.png,English,Latin,rotation,"21:05
4G
Nova Mobile Banking
Secure transaction centre
FAILED
EUR 2,107.24
The new beneficiary could not be added.
Date & time
16 Jan 2024 • 10:04
Reference
NMB-2401-805492
Error code
BUD-372
Issue
Beneficiary not added
Get help
Back to activity"
0475,screenshots/augmented/synthetic_bank_0475_lowres.png,English,Latin,low-resolution,"21:05
4G
Nova Mobile Banking
Secure transaction centre
FAILED
EUR 2,107.24
The new beneficiary could not be added.
Date & time
16 Jan 2024 • 10:04
Reference
NMB-2401-805492
Error code
BUD-372
Issue
Beneficiary not added
Get help
Back to activity"
0476,screenshots/synthetic_bank_0476.png,Singlish,Latin,clean,"11:45
4G
Nova Mobile Banking
Secure transaction centre
FAILED
LKR 604.47
Beneficiary add karanna bari una.
Date & time
18 Nov 2024 • 19:18
Reference
NMB-2411-243834
Error code
SBX-496
Issue
Beneficiary not added
Get help
Back to activity"
0476,screenshots/augmented/synthetic_bank_0476_blur.png,Singlish,Latin,blur,"11:45
4G
Nova Mobile Banking
Secure transaction centre
FAILED
LKR 604.47
Beneficiary add karanna bari una.
Date & time
18 Nov 2024 • 19:18
Reference
NMB-2411-243834
Error code
SBX-496
Issue
Beneficiary not added
Get help
Back to activity"
0476,screenshots/augmented/synthetic_bank_0476_rot.png,Singlish,Latin,rotation,"11:45
4G
Nova Mobile Banking
Secure transaction centre
FAILED
LKR 604.47
Beneficiary add karanna bari una.
Date & time
18 Nov 2024 • 19:18
Reference
NMB-2411-243834
Error code
SBX-496
Issue
Beneficiary not added
Get help
Back to activity"
0476,screenshots/augmented/synthetic_bank_0476_lowres.png,Singlish,Latin,low-resolution,"11:45
4G
Nova Mobile Banking
Secure transaction centre
FAILED
LKR 604.47
Beneficiary add karanna bari una.
Date & time
18 Nov 2024 • 19:18
Reference
NMB-2411-243834
Error code
SBX-496
Issue
Beneficiary not added
Get help
Back to activity"
0477,screenshots/synthetic_bank_0477.png,Tanglish,Latin,clean,"17:05
4G
Nova Mobile Banking
Secure transaction centre
FAILED
USD 2,188.84
Account-la debit aachu, cash kidaikala.
Date & time
23 Jun 2024 • 06:33
Reference
NMB-2406-946487
Error code
VOP-774
Issue
Cash not received
Get help
Back to activity"
0477,screenshots/augmented/synthetic_bank_0477_blur.png,Tanglish,Latin,blur,"17:05
4G
Nova Mobile Banking
Secure transaction centre
FAILED
USD 2,188.84
Account-la debit aachu, cash kidaikala.
Date & time
23 Jun 2024 • 06:33
Reference
NMB-2406-946487
Error code
VOP-774
Issue
Cash not received
Get help
Back to activity"
0477,screenshots/augmented/synthetic_bank_0477_rot.png,Tanglish,Latin,rotation,"17:05
4G
Nova Mobile Banking
Secure transaction centre
FAILED
USD 2,188.84
Account-la debit aachu, cash kidaikala.
Date & time
23 Jun 2024 • 06:33
Reference
NMB-2406-946487
Error code
VOP-774
Issue
Cash not received
Get help
Back to activity"
0477,screenshots/augmented/synthetic_bank_0477_lowres.png,Tanglish,Latin,low-resolution,"17:05
4G
Nova Mobile Banking
Secure transaction centre
FAILED
USD 2,188.84
Account-la debit aachu, cash kidaikala.
Date & time
23 Jun 2024 • 06:33
Reference
NMB-2406-946487
Error code
VOP-774
Issue
Cash not received
Get help
Back to activity"
0478,screenshots/synthetic_bank_0478.png,Tamil,Tamil,clean,"17:30
4G
Nova Mobile Banking
Secure transaction centre
BLOCKED
SGD 2,096.50
பாதுகாப்பிற்காக உங்கள் கணக்கு முடக்கப்பட்டுள்ளது.
Date & time
08 Nov 2024 • 15:26
Reference
NMB-2411-798979
Error code
IRU-389
Issue
Account blocked
Get help
Back to activity"
0478,screenshots/augmented/synthetic_bank_0478_blur.png,Tamil,Tamil,blur,"17:30
4G
Nova Mobile Banking
Secure transaction centre
BLOCKED
SGD 2,096.50
பாதுகாப்பிற்காக உங்கள் கணக்கு முடக்கப்பட்டுள்ளது.
Date & time
08 Nov 2024 • 15:26
Reference
NMB-2411-798979
Error code
IRU-389
Issue
Account blocked
Get help
Back to activity"
0478,screenshots/augmented/synthetic_bank_0478_rot.png,Tamil,Tamil,rotation,"17:30
4G
Nova Mobile Banking
Secure transaction centre
BLOCKED
SGD 2,096.50
பாதுகாப்பிற்காக உங்கள் கணக்கு முடக்கப்பட்டுள்ளது.
Date & time
08 Nov 2024 • 15:26
Reference
NMB-2411-798979
Error code
IRU-389
Issue
Account blocked
Get help
Back to activity"
0478,screenshots/augmented/synthetic_bank_0478_lowres.png,Tamil,Tamil,low-resolution,"17:30
4G
Nova Mobile Banking
Secure transaction centre
BLOCKED
SGD 2,096.50
பாதுகாப்பிற்காக உங்கள் கணக்கு முடக்கப்பட்டுள்ளது.
Date & time
08 Nov 2024 • 15:26
Reference
NMB-2411-798979
Error code
IRU-389
Issue
Account blocked
Get help
Back to activity"
0479,screenshots/synthetic_bank_0479.png,Singlish,Latin,clean,"21:00
4G
Nova Mobile Banking
Secure transaction centre
FAILED
EUR 2,085.77
Salli ganna transaction eka fail una.
Date & time
03 Nov 2025 • 17:44
Reference
NMB-2511-932035
Error code
CFC-609
Issue
Cash withdrawal failure
Get help
Back to activity"
0479,screenshots/augmented/synthetic_bank_0479_blur.png,Singlish,Latin,blur,"21:00
4G
Nova Mobile Banking
Secure transaction centre
FAILED
EUR 2,085.77
Salli ganna transaction eka fail una.
Date & time
03 Nov 2025 • 17:44
Reference
NMB-2511-932035
Error code
CFC-609
Issue
Cash withdrawal failure
Get help
Back to activity"
0479,screenshots/augmented/synthetic_bank_0479_rot.png,Singlish,Latin,rotation,"21:00
4G
Nova Mobile Banking
Secure transaction centre
FAILED
EUR 2,085.77
Salli ganna transaction eka fail una.
Date & time
03 Nov 2025 • 17:44
Reference
NMB-2511-932035
Error code
CFC-609
Issue
Cash withdrawal failure
Get help
Back to activity"
0479,screenshots/augmented/synthetic_bank_0479_lowres.png,Singlish,Latin,low-resolution,"21:00
4G
Nova Mobile Banking
Secure transaction centre
FAILED
EUR 2,085.77
Salli ganna transaction eka fail una.
Date & time
03 Nov 2025 • 17:44
Reference
NMB-2511-932035
Error code
CFC-609
Issue
Cash withdrawal failure
Get help
Back to activity"
0480,screenshots/synthetic_bank_0480.png,English,Latin,clean,"08:05
4G
Nova Mobile Banking
Secure transaction centre
WAITING
EUR 1,502.09
The verification code has not arrived.
Date & time
09 May 2025 • 12:57
Reference
NMB-2505-663047
Error code
SDT-349
Issue
OTP not received
Get help
Back to activity"
0480,screenshots/augmented/synthetic_bank_0480_blur.png,English,Latin,blur,"08:05
4G
Nova Mobile Banking
Secure transaction centre
WAITING
EUR 1,502.09
The verification code has not arrived.
Date & time
09 May 2025 • 12:57
Reference
NMB-2505-663047
Error code
SDT-349
Issue
OTP not received
Get help
Back to activity"
0480,screenshots/augmented/synthetic_bank_0480_rot.png,English,Latin,rotation,"08:05
4G
Nova Mobile Banking
Secure transaction centre
WAITING
EUR 1,502.09
The verification code has not arrived.
Date & time
09 May 2025 • 12:57
Reference
NMB-2505-663047
Error code
SDT-349
Issue
OTP not received
Get help
Back to activity"
0480,screenshots/augmented/synthetic_bank_0480_lowres.png,English,Latin,low-resolution,"08:05
4G
Nova Mobile Banking
Secure transaction centre
WAITING
EUR 1,502.09
The verification code has not arrived.
Date & time
09 May 2025 • 12:57
Reference
NMB-2505-663047
Error code
SDT-349
Issue
OTP not received
Get help
Back to activity"
0481,screenshots/synthetic_bank_0481.png,Tanglish,Latin,clean,"12:05
4G
Nova Mobile Banking
Secure transaction centre
DECLINED
SGD 2,205.21
Card payment decline aayiduchu.
Date & time
19 Apr 2026 • 06:44
Reference
NMB-2604-164548
Error code
MYI-863
Issue
Card payment declined
Get help
Back to activity"
0481,screenshots/augmented/synthetic_bank_0481_blur.png,Tanglish,Latin,blur,"12:05
4G
Nova Mobile Banking
Secure transaction centre
DECLINED
SGD 2,205.21
Card payment decline aayiduchu.
Date & time
19 Apr 2026 • 06:44
Reference
NMB-2604-164548
Error code
MYI-863
Issue
Card payment declined
Get help
Back to activity"
0481,screenshots/augmented/synthetic_bank_0481_rot.png,Tanglish,Latin,rotation,"12:05
4G
Nova Mobile Banking
Secure transaction centre
DECLINED
SGD 2,205.21
Card payment decline aayiduchu.
Date & time
19 Apr 2026 • 06:44
Reference
NMB-2604-164548
Error code
MYI-863
Issue
Card payment declined
Get help
Back to activity"
0481,screenshots/augmented/synthetic_bank_0481_lowres.png,Tanglish,Latin,low-resolution,"12:05
4G
Nova Mobile Banking
Secure transaction centre
DECLINED
SGD 2,205.21
Card payment decline aayiduchu.
Date & time
19 Apr 2026 • 06:44
Reference
NMB-2604-164548
Error code
MYI-863
Issue
Card payment declined
Get help
Back to activity"
0482,screenshots/synthetic_bank_0482.png,Mixed-language,Latin,clean,"16:00
4G
Nova Mobile Banking
Secure transaction centre
FAILED
SGD 1,235.88
Salli transfer eka complete une naha. Money transfer complete aagala.
Date & time
11 Apr 2024 • 15:42
Reference
NMB-2404-777654
Error code
YBJ-111
Issue
Transfer failed
Get help
Back to activity"
0482,screenshots/augmented/synthetic_bank_0482_blur.png,Mixed-language,Latin,blur,"16:00
4G
Nova Mobile Banking
Secure transaction centre
FAILED
SGD 1,235.88
Salli transfer eka complete une naha. Money transfer complete aagala.
Date & time
11 Apr 2024 • 15:42
Reference
NMB-2404-777654
Error code
YBJ-111
Issue
Transfer failed
Get help
Back to activity"
0482,screenshots/augmented/synthetic_bank_0482_rot.png,Mixed-language,Latin,rotation,"16:00
4G
Nova Mobile Banking
Secure transaction centre
FAILED
SGD 1,235.88
Salli transfer eka complete une naha. Money transfer complete aagala.
Date & time
11 Apr 2024 • 15:42
Reference
NMB-2404-777654
Error code
YBJ-111
Issue
Transfer failed
Get help
Back to activity"
0482,screenshots/augmented/synthetic_bank_0482_lowres.png,Mixed-language,Latin,low-resolution,"16:00
4G
Nova Mobile Banking
Secure transaction centre
FAILED
SGD 1,235.88
Salli transfer eka complete une naha. Money transfer complete aagala.
Date & time
11 Apr 2024 • 15:42
Reference
NMB-2404-777654
Error code
YBJ-111
Issue
Transfer failed
Get help
Back to activity"
0483,screenshots/synthetic_bank_0483.png,Sinhala,Sinhala,clean,"14:30
4G
Nova Mobile Banking
Secure transaction centre
REVIEW
LKR 1,195.86
විනිමය අනුපාතය පරීක්ෂා කරන්න.
Date & time
23 Aug 2025 • 17:23
Reference
NMB-2508-211968
Error code
VLC-937
Issue
Wrong exchange rate
Get help
Back to activity"
0483,screenshots/augmented/synthetic_bank_0483_blur.png,Sinhala,Sinhala,blur,"14:30
4G
Nova Mobile Banking
Secure transaction centre
REVIEW
LKR 1,195.86
විනිමය අනුපාතය පරීක්ෂා කරන්න.
Date & time
23 Aug 2025 • 17:23
Reference
NMB-2508-211968
Error code
VLC-937
Issue
Wrong exchange rate
Get help
Back to activity"
0483,screenshots/augmented/synthetic_bank_0483_rot.png,Sinhala,Sinhala,rotation,"14:30
4G
Nova Mobile Banking
Secure transaction centre
REVIEW
LKR 1,195.86
විනිමය අනුපාතය පරීක්ෂා කරන්න.
Date & time
23 Aug 2025 • 17:23
Reference
NMB-2508-211968
Error code
VLC-937
Issue
Wrong exchange rate
Get help
Back to activity"
0483,screenshots/augmented/synthetic_bank_0483_lowres.png,Sinhala,Sinhala,low-resolution,"14:30
4G
Nova Mobile Banking
Secure transaction centre
REVIEW
LKR 1,195.86
විනිමය අනුපාතය පරීක්ෂා කරන්න.
Date & time
23 Aug 2025 • 17:23
Reference
NMB-2508-211968
Error code
VLC-937
Issue
Wrong exchange rate
Get help
Back to activity"
0484,screenshots/synthetic_bank_0484.png,English,Latin,clean,"11:00
4G
Nova Mobile Banking
Secure transaction centre
WAITING
LKR 266.19
The verification code has not arrived.
Date & time
09 Feb 2026 • 17:22
Reference
NMB-2602-688524
Error code
OHP-568
Issue
OTP not received
Get help
Back to activity"
0484,screenshots/augmented/synthetic_bank_0484_blur.png,English,Latin,blur,"11:00
4G
Nova Mobile Banking
Secure transaction centre
WAITING
LKR 266.19
The verification code has not arrived.
Date & time
09 Feb 2026 • 17:22
Reference
NMB-2602-688524
Error code
OHP-568
Issue
OTP not received
Get help
Back to activity"
0484,screenshots/augmented/synthetic_bank_0484_rot.png,English,Latin,rotation,"11:00
4G
Nova Mobile Banking
Secure transaction centre
WAITING
LKR 266.19
The verification code has not arrived.
Date & time
09 Feb 2026 • 17:22
Reference
NMB-2602-688524
Error code
OHP-568
Issue
OTP not received
Get help
Back to activity"
0484,screenshots/augmented/synthetic_bank_0484_lowres.png,English,Latin,low-resolution,"11:00
4G
Nova Mobile Banking
Secure transaction centre
WAITING
LKR 266.19
The verification code has not arrived.
Date & time
09 Feb 2026 • 17:22
Reference
NMB-2602-688524
Error code
OHP-568
Issue
OTP not received
Get help
Back to activity"
0485,screenshots/synthetic_bank_0485.png,English,Latin,clean,"21:05
4G
Nova Mobile Banking
Secure transaction centre
URGENT
GBP 852.24
Freeze your stolen card immediately.
Date & time
10 Jun 2024 • 06:28
Reference
NMB-2406-931853
Error code
PWB-219
Issue
Card stolen
Freeze card
Back to activity"
0485,screenshots/augmented/synthetic_bank_0485_blur.png,English,Latin,blur,"21:05
4G
Nova Mobile Banking
Secure transaction centre
URGENT
GBP 852.24
Freeze your stolen card immediately.
Date & time
10 Jun 2024 • 06:28
Reference
NMB-2406-931853
Error code
PWB-219
Issue
Card stolen
Freeze card
Back to activity"
0485,screenshots/augmented/synthetic_bank_0485_rot.png,English,Latin,rotation,"21:05
4G
Nova Mobile Banking
Secure transaction centre
URGENT
GBP 852.24
Freeze your stolen card immediately.
Date & time
10 Jun 2024 • 06:28
Reference
NMB-2406-931853
Error code
PWB-219
Issue
Card stolen
Freeze card
Back to activity"
0485,screenshots/augmented/synthetic_bank_0485_lowres.png,English,Latin,low-resolution,"21:05
4G
Nova Mobile Banking
Secure transaction centre
URGENT
GBP 852.24
Freeze your stolen card immediately.
Date & time
10 Jun 2024 • 06:28
Reference
NMB-2406-931853
Error code
PWB-219
Issue
Card stolen
Freeze card
Back to activity"
0486,screenshots/synthetic_bank_0486.png,Tamil,Tamil,clean,"15:00
4G
Nova Mobile Banking
Secure transaction centre
BLOCKED
LKR 1,214.33
பாதுகாப்பிற்காக உங்கள் கணக்கு முடக்கப்பட்டுள்ளது.
Date & time
30 Jan 2026 • 16:43
Reference
NMB-2601-155851
Error code
HFE-187
Issue
Account blocked
Get help
Back to activity"
0486,screenshots/augmented/synthetic_bank_0486_blur.png,Tamil,Tamil,blur,"15:00
4G
Nova Mobile Banking
Secure transaction centre
BLOCKED
LKR 1,214.33
பாதுகாப்பிற்காக உங்கள் கணக்கு முடக்கப்பட்டுள்ளது.
Date & time
30 Jan 2026 • 16:43
Reference
NMB-2601-155851
Error code
HFE-187
Issue
Account blocked
Get help
Back to activity"
0486,screenshots/augmented/synthetic_bank_0486_rot.png,Tamil,Tamil,rotation,"15:00
4G
Nova Mobile Banking
Secure transaction centre
BLOCKED
LKR 1,214.33
பாதுகாப்பிற்காக உங்கள் கணக்கு முடக்கப்பட்டுள்ளது.
Date & time
30 Jan 2026 • 16:43
Reference
NMB-2601-155851
Error code
HFE-187
Issue
Account blocked
Get help
Back to activity"
0486,screenshots/augmented/synthetic_bank_0486_lowres.png,Tamil,Tamil,low-resolution,"15:00
4G
Nova Mobile Banking
Secure transaction centre
BLOCKED
LKR 1,214.33
பாதுகாப்பிற்காக உங்கள் கணக்கு முடக்கப்பட்டுள்ளது.
Date & time
30 Jan 2026 • 16:43
Reference
NMB-2601-155851
Error code
HFE-187
Issue
Account blocked
Get help
Back to activity"
0487,screenshots/synthetic_bank_0487.png,Singlish,Latin,clean,"11:05
4G
Nova Mobile Banking
Secure transaction centre
FAILED
EUR 2,096.34
Salli ganna transaction eka fail una.
Date & time
21 Sep 2025 • 08:05
Reference
NMB-2509-141502
Error code
CEP-124
Issue
Cash withdrawal failure
Get help
Back to activity"
0487,screenshots/augmented/synthetic_bank_0487_blur.png,Singlish,Latin,blur,"11:05
4G
Nova Mobile Banking
Secure transaction centre
FAILED
EUR 2,096.34
Salli ganna transaction eka fail una.
Date & time
21 Sep 2025 • 08:05
Reference
NMB-2509-141502
Error code
CEP-124
Issue
Cash withdrawal failure
Get help
Back to activity"
0487,screenshots/augmented/synthetic_bank_0487_rot.png,Singlish,Latin,rotation,"11:05
4G
Nova Mobile Banking
Secure transaction centre
FAILED
EUR 2,096.34
Salli ganna transaction eka fail una.
Date & time
21 Sep 2025 • 08:05
Reference
NMB-2509-141502
Error code
CEP-124
Issue
Cash withdrawal failure
Get help
Back to activity"
0487,screenshots/augmented/synthetic_bank_0487_lowres.png,Singlish,Latin,low-resolution,"11:05
4G
Nova Mobile Banking
Secure transaction centre
FAILED
EUR 2,096.34
Salli ganna transaction eka fail una.
Date & time
21 Sep 2025 • 08:05
Reference
NMB-2509-141502
Error code
CEP-124
Issue
Cash withdrawal failure
Get help
Back to activity"
0488,screenshots/synthetic_bank_0488.png,Mixed-language,Latin,clean,"09:45
4G
Nova Mobile Banking
Secure transaction centre
BLOCKED
GBP 2,061.82
Security nisa account eka block wela. Security-kaaga account block aayiduchu.
Date & time
02 Nov 2025 • 18:37
Reference
NMB-2511-870536
Error code
XBB-764
Issue
Account blocked
Get help
Back to activity"
0488,screenshots/augmented/synthetic_bank_0488_blur.png,Mixed-language,Latin,blur,"09:45
4G
Nova Mobile Banking
Secure transaction centre
BLOCKED
GBP 2,061.82
Security nisa account eka block wela. Security-kaaga account block aayiduchu.
Date & time
02 Nov 2025 • 18:37
Reference
NMB-2511-870536
Error code
XBB-764
Issue
Account blocked
Get help
Back to activity"
0488,screenshots/augmented/synthetic_bank_0488_rot.png,Mixed-language,Latin,rotation,"09:45
4G
Nova Mobile Banking
Secure transaction centre
BLOCKED
GBP 2,061.82
Security nisa account eka block wela. Security-kaaga account block aayiduchu.
Date & time
02 Nov 2025 • 18:37
Reference
NMB-2511-870536
Error code
XBB-764
Issue
Account blocked
Get help
Back to activity"
0488,screenshots/augmented/synthetic_bank_0488_lowres.png,Mixed-language,Latin,low-resolution,"09:45
4G
Nova Mobile Banking
Secure transaction centre
BLOCKED
GBP 2,061.82
Security nisa account eka block wela. Security-kaaga account block aayiduchu.
Date & time
02 Nov 2025 • 18:37
Reference
NMB-2511-870536
Error code
XBB-764
Issue
Account blocked
Get help
Back to activity"
0489,screenshots/synthetic_bank_0489.png,English,Latin,clean,"10:45
4G
Nova Mobile Banking
Secure transaction centre
FAILED
SGD 1,464.28
The new beneficiary could not be added.
Date & time
05 May 2024 • 06:04
Reference
NMB-2405-924648
Error code
GNF-338
Issue
Beneficiary not added
Get help
Back to activity"
0489,screenshots/augmented/synthetic_bank_0489_blur.png,English,Latin,blur,"10:45
4G
Nova Mobile Banking
Secure transaction centre
FAILED
SGD 1,464.28
The new beneficiary could not be added.
Date & time
05 May 2024 • 06:04
Reference
NMB-2405-924648
Error code
GNF-338
Issue
Beneficiary not added
Get help
Back to activity"
0489,screenshots/augmented/synthetic_bank_0489_rot.png,English,Latin,rotation,"10:45
4G
Nova Mobile Banking
Secure transaction centre
FAILED
SGD 1,464.28
The new beneficiary could not be added.
Date & time
05 May 2024 • 06:04
Reference
NMB-2405-924648
Error code
GNF-338
Issue
Beneficiary not added
Get help
Back to activity"
0489,screenshots/augmented/synthetic_bank_0489_lowres.png,English,Latin,low-resolution,"10:45
4G
Nova Mobile Banking
Secure transaction centre
FAILED
SGD 1,464.28
The new beneficiary could not be added.
Date & time
05 May 2024 • 06:04
Reference
NMB-2405-924648
Error code
GNF-338
Issue
Beneficiary not added
Get help
Back to activity"
0490,screenshots/synthetic_bank_0490.png,Tamil,Tamil,clean,"19:05
4G
Nova Mobile Banking
Secure transaction centre
BLOCKED
GBP 1,465.85
பாதுகாப்பிற்காக உங்கள் கணக்கு முடக்கப்பட்டுள்ளது.
Date & time
10 Aug 2025 • 04:51
Reference
NMB-2508-777052
Error code
DWO-738
Issue
Account blocked
Get help
Back to activity"
0490,screenshots/augmented/synthetic_bank_0490_blur.png,Tamil,Tamil,blur,"19:05
4G
Nova Mobile Banking
Secure transaction centre
BLOCKED
GBP 1,465.85
பாதுகாப்பிற்காக உங்கள் கணக்கு முடக்கப்பட்டுள்ளது.
Date & time
10 Aug 2025 • 04:51
Reference
NMB-2508-777052
Error code
DWO-738
Issue
Account blocked
Get help
Back to activity"
0490,screenshots/augmented/synthetic_bank_0490_rot.png,Tamil,Tamil,rotation,"19:05
4G
Nova Mobile Banking
Secure transaction centre
BLOCKED
GBP 1,465.85
பாதுகாப்பிற்காக உங்கள் கணக்கு முடக்கப்பட்டுள்ளது.
Date & time
10 Aug 2025 • 04:51
Reference
NMB-2508-777052
Error code
DWO-738
Issue
Account blocked
Get help
Back to activity"
0490,screenshots/augmented/synthetic_bank_0490_lowres.png,Tamil,Tamil,low-resolution,"19:05
4G
Nova Mobile Banking
Secure transaction centre
BLOCKED
GBP 1,465.85
பாதுகாப்பிற்காக உங்கள் கணக்கு முடக்கப்பட்டுள்ளது.
Date & time
10 Aug 2025 • 04:51
Reference
NMB-2508-777052
Error code
DWO-738
Issue
Account blocked
Get help
Back to activity"
0491,screenshots/synthetic_bank_0491.png,Tanglish,Latin,clean,"16:15
4G
Nova Mobile Banking
Secure transaction centre
FAILED
LKR 2,335.92
Account-la debit aachu, cash kidaikala.
Date & time
27 Dec 2024 • 16:34
Reference
NMB-2412-428696
Error code
YFR-921
Issue
Cash not received
Get help
Back to activity"
0491,screenshots/augmented/synthetic_bank_0491_blur.png,Tanglish,Latin,blur,"16:15
4G
Nova Mobile Banking
Secure transaction centre
FAILED
LKR 2,335.92
Account-la debit aachu, cash kidaikala.
Date & time
27 Dec 2024 • 16:34
Reference
NMB-2412-428696
Error code
YFR-921
Issue
Cash not received
Get help
Back to activity"
0491,screenshots/augmented/synthetic_bank_0491_rot.png,Tanglish,Latin,rotation,"16:15
4G
Nova Mobile Banking
Secure transaction centre
FAILED
LKR 2,335.92
Account-la debit aachu, cash kidaikala.
Date & time
27 Dec 2024 • 16:34
Reference
NMB-2412-428696
Error code
YFR-921
Issue
Cash not received
Get help
Back to activity"
0491,screenshots/augmented/synthetic_bank_0491_lowres.png,Tanglish,Latin,low-resolution,"16:15
4G
Nova Mobile Banking
Secure transaction centre
FAILED
LKR 2,335.92
Account-la debit aachu, cash kidaikala.
Date & time
27 Dec 2024 • 16:34
Reference
NMB-2412-428696
Error code
YFR-921
Issue
Cash not received
Get help
Back to activity"
0492,screenshots/synthetic_bank_0492.png,Mixed-language,Latin,clean,"15:15
4G
Nova Mobile Banking
Secure transaction centre
REVIEW
SGD 991.23
ATM charge eka waradi wage. ATM charge thappa irukku.
Date & time
05 Aug 2025 • 21:32
Reference
NMB-2508-306595
Error code
QRZ-147
Issue
Cash withdrawal charged incorrectly
Get help
Back to activity"
0492,screenshots/augmented/synthetic_bank_0492_blur.png,Mixed-language,Latin,blur,"15:15
4G
Nova Mobile Banking
Secure transaction centre
REVIEW
SGD 991.23
ATM charge eka waradi wage. ATM charge thappa irukku.
Date & time
05 Aug 2025 • 21:32
Reference
NMB-2508-306595
Error code
QRZ-147
Issue
Cash withdrawal charged incorrectly
Get help
Back to activity"
0492,screenshots/augmented/synthetic_bank_0492_rot.png,Mixed-language,Latin,rotation,"15:15
4G
Nova Mobile Banking
Secure transaction centre
REVIEW
SGD 991.23
ATM charge eka waradi wage. ATM charge thappa irukku.
Date & time
05 Aug 2025 • 21:32
Reference
NMB-2508-306595
Error code
QRZ-147
Issue
Cash withdrawal charged incorrectly
Get help
Back to activity"
0492,screenshots/augmented/synthetic_bank_0492_lowres.png,Mixed-language,Latin,low-resolution,"15:15
4G
Nova Mobile Banking
Secure transaction centre
REVIEW
SGD 991.23
ATM charge eka waradi wage. ATM charge thappa irukku.
Date & time
05 Aug 2025 • 21:32
Reference
NMB-2508-306595
Error code
QRZ-147
Issue
Cash withdrawal charged incorrectly
Get help
Back to activity"
0493,screenshots/synthetic_bank_0493.png,Sinhala,Sinhala,clean,"15:30
4G
Nova Mobile Banking
Secure transaction centre
PENDING
USD 758.40
ඔබගේ මුදල් ආපසු ගෙවීම තවම පවතී.
Date & time
11 May 2024 • 08:00
Reference
NMB-2405-947487
Error code
PNG-157
Issue
Refund pending
Get help
Back to activity"
0493,screenshots/augmented/synthetic_bank_0493_blur.png,Sinhala,Sinhala,blur,"15:30
4G
Nova Mobile Banking
Secure transaction centre
PENDING
USD 758.40
ඔබගේ මුදල් ආපසු ගෙවීම තවම පවතී.
Date & time
11 May 2024 • 08:00
Reference
NMB-2405-947487
Error code
PNG-157
Issue
Refund pending
Get help
Back to activity"
0493,screenshots/augmented/synthetic_bank_0493_rot.png,Sinhala,Sinhala,rotation,"15:30
4G
Nova Mobile Banking
Secure transaction centre
PENDING
USD 758.40
ඔබගේ මුදල් ආපසු ගෙවීම තවම පවතී.
Date & time
11 May 2024 • 08:00
Reference
NMB-2405-947487
Error code
PNG-157
Issue
Refund pending
Get help
Back to activity"
0493,screenshots/augmented/synthetic_bank_0493_lowres.png,Sinhala,Sinhala,low-resolution,"15:30
4G
Nova Mobile Banking
Secure transaction centre
PENDING
USD 758.40
ඔබගේ මුදල් ආපසු ගෙවීම තවම පවතී.
Date & time
11 May 2024 • 08:00
Reference
NMB-2405-947487
Error code
PNG-157
Issue
Refund pending
Get help
Back to activity"
0494,screenshots/synthetic_bank_0494.png,Sinhala,Sinhala,clean,"19:00
4G
Nova Mobile Banking
Secure transaction centre
PENDING
EUR 1,504.00
ඔබගේ මුදල් ආපසු ගෙවීම තවම පවතී.
Date & time
02 Mar 2024 • 05:08
Reference
NMB-2403-107454
Error code
IFB-183
Issue
Refund pending
Get help
Back to activity"
0494,screenshots/augmented/synthetic_bank_0494_blur.png,Sinhala,Sinhala,blur,"19:00
4G
Nova Mobile Banking
Secure transaction centre
PENDING
EUR 1,504.00
ඔබගේ මුදල් ආපසු ගෙවීම තවම පවතී.
Date & time
02 Mar 2024 • 05:08
Reference
NMB-2403-107454
Error code
IFB-183
Issue
Refund pending
Get help
Back to activity"
0494,screenshots/augmented/synthetic_bank_0494_rot.png,Sinhala,Sinhala,rotation,"19:00
4G
Nova Mobile Banking
Secure transaction centre
PENDING
EUR 1,504.00
ඔබගේ මුදල් ආපසු ගෙවීම තවම පවතී.
Date & time
02 Mar 2024 • 05:08
Reference
NMB-2403-107454
Error code
IFB-183
Issue
Refund pending
Get help
Back to activity"
0494,screenshots/augmented/synthetic_bank_0494_lowres.png,Sinhala,Sinhala,low-resolution,"19:00
4G
Nova Mobile Banking
Secure transaction centre
PENDING
EUR 1,504.00
ඔබගේ මුදල් ආපසු ගෙවීම තවම පවතී.
Date & time
02 Mar 2024 • 05:08
Reference
NMB-2403-107454
Error code
IFB-183
Issue
Refund pending
Get help
Back to activity"
0495,screenshots/synthetic_bank_0495.png,Tanglish,Latin,clean,"19:05
4G
Nova Mobile Banking
Secure transaction centre
PENDING
USD 2,477.95
Balance innum update aagala.
Date & time
21 Feb 2024 • 17:47
Reference
NMB-2402-371131
Error code
ITV-238
Issue
Balance not updated
Get help
Back to activity"
0495,screenshots/augmented/synthetic_bank_0495_blur.png,Tanglish,Latin,blur,"19:05
4G
Nova Mobile Banking
Secure transaction centre
PENDING
USD 2,477.95
Balance innum update aagala.
Date & time
21 Feb 2024 • 17:47
Reference
NMB-2402-371131
Error code
ITV-238
Issue
Balance not updated
Get help
Back to activity"
0495,screenshots/augmented/synthetic_bank_0495_rot.png,Tanglish,Latin,rotation,"19:05
4G
Nova Mobile Banking
Secure transaction centre
PENDING
USD 2,477.95
Balance innum update aagala.
Date & time
21 Feb 2024 • 17:47
Reference
NMB-2402-371131
Error code
ITV-238
Issue
Balance not updated
Get help
Back to activity"
0495,screenshots/augmented/synthetic_bank_0495_lowres.png,Tanglish,Latin,low-resolution,"19:05
4G
Nova Mobile Banking
Secure transaction centre
PENDING
USD 2,477.95
Balance innum update aagala.
Date & time
21 Feb 2024 • 17:47
Reference
NMB-2402-371131
Error code
ITV-238
Issue
Balance not updated
Get help
Back to activity"
0496,screenshots/synthetic_bank_0496.png,Mixed-language,Latin,clean,"14:45
4G
Nova Mobile Banking
Secure transaction centre
BLOCKED
USD 378.74
Security nisa account eka block wela. Security-kaaga account block aayiduchu.
Date & time
11 Mar 2024 • 04:03
Reference
NMB-2403-807695
Error code
XTN-977
Issue
Account blocked
Get help
Back to activity"
0496,screenshots/augmented/synthetic_bank_0496_blur.png,Mixed-language,Latin,blur,"14:45
4G
Nova Mobile Banking
Secure transaction centre
BLOCKED
USD 378.74
Security nisa account eka block wela. Security-kaaga account block aayiduchu.
Date & time
11 Mar 2024 • 04:03
Reference
NMB-2403-807695
Error code
XTN-977
Issue
Account blocked
Get help
Back to activity"
0496,screenshots/augmented/synthetic_bank_0496_rot.png,Mixed-language,Latin,rotation,"14:45
4G
Nova Mobile Banking
Secure transaction centre
BLOCKED
USD 378.74
Security nisa account eka block wela. Security-kaaga account block aayiduchu.
Date & time
11 Mar 2024 • 04:03
Reference
NMB-2403-807695
Error code
XTN-977
Issue
Account blocked
Get help
Back to activity"
0496,screenshots/augmented/synthetic_bank_0496_lowres.png,Mixed-language,Latin,low-resolution,"14:45
4G
Nova Mobile Banking
Secure transaction centre
BLOCKED
USD 378.74
Security nisa account eka block wela. Security-kaaga account block aayiduchu.
Date & time
11 Mar 2024 • 04:03
Reference
NMB-2403-807695
Error code
XTN-977
Issue
Account blocked
Get help
Back to activity"
0497,screenshots/synthetic_bank_0497.png,Sinhala,Sinhala,clean,"15:05
4G
Nova Mobile Banking
Secure transaction centre
PENDING
USD 2,263.92
ඔබගේ මුදල් ආපසු ගෙවීම තවම පවතී.
Date & time
24 Jul 2024 • 14:58
Reference
NMB-2407-780830
Error code
SUU-120
Issue
Refund pending
Get help
Back to activity"
0497,screenshots/augmented/synthetic_bank_0497_blur.png,Sinhala,Sinhala,blur,"15:05
4G
Nova Mobile Banking
Secure transaction centre
PENDING
USD 2,263.92
ඔබගේ මුදල් ආපසු ගෙවීම තවම පවතී.
Date & time
24 Jul 2024 • 14:58
Reference
NMB-2407-780830
Error code
SUU-120
Issue
Refund pending
Get help
Back to activity"
0497,screenshots/augmented/synthetic_bank_0497_rot.png,Sinhala,Sinhala,rotation,"15:05
4G
Nova Mobile Banking
Secure transaction centre
PENDING
USD 2,263.92
ඔබගේ මුදල් ආපසු ගෙවීම තවම පවතී.
Date & time
24 Jul 2024 • 14:58
Reference
NMB-2407-780830
Error code
SUU-120
Issue
Refund pending
Get help
Back to activity"
0497,screenshots/augmented/synthetic_bank_0497_lowres.png,Sinhala,Sinhala,low-resolution,"15:05
4G
Nova Mobile Banking
Secure transaction centre
PENDING
USD 2,263.92
ඔබගේ මුදල් ආපසු ගෙවීම තවම පවතී.
Date & time
24 Jul 2024 • 14:58
Reference
NMB-2407-780830
Error code
SUU-120
Issue
Refund pending
Get help
Back to activity"
0498,screenshots/synthetic_bank_0498.png,Singlish,Latin,clean,"14:15
4G
Nova Mobile Banking
Secure transaction centre
PENDING
USD 2,289.23
Transfer eka thawama process wenawa.
Date & time
12 Jan 2024 • 05:15
Reference
NMB-2401-240966
Error code
LLA-910
Issue
Transfer pending
Get help
Back to activity"
0498,screenshots/augmented/synthetic_bank_0498_blur.png,Singlish,Latin,blur,"14:15
4G
Nova Mobile Banking
Secure transaction centre
PENDING
USD 2,289.23
Transfer eka thawama process wenawa.
Date & time
12 Jan 2024 • 05:15
Reference
NMB-2401-240966
Error code
LLA-910
Issue
Transfer pending
Get help
Back to activity"
0498,screenshots/augmented/synthetic_bank_0498_rot.png,Singlish,Latin,rotation,"14:15
4G
Nova Mobile Banking
Secure transaction centre
PENDING
USD 2,289.23
Transfer eka thawama process wenawa.
Date & time
12 Jan 2024 • 05:15
Reference
NMB-2401-240966
Error code
LLA-910
Issue
Transfer pending
Get help
Back to activity"
0498,screenshots/augmented/synthetic_bank_0498_lowres.png,Singlish,Latin,low-resolution,"14:15
4G
Nova Mobile Banking
Secure transaction centre
PENDING
USD 2,289.23
Transfer eka thawama process wenawa.
Date & time
12 Jan 2024 • 05:15
Reference
NMB-2401-240966
Error code
LLA-910
Issue
Transfer pending
Get help
Back to activity"
0499,screenshots/synthetic_bank_0499.png,Sinhala,Sinhala,clean,"20:45
4G
Nova Mobile Banking
Secure transaction centre
PENDING
LKR 1,951.78
ඔබගේ ශේෂය තවම යාවත්කාලීන වී නැත.
Date & time
30 May 2024 • 08:32
Reference
NMB-2405-116815
Error code
IDQ-542
Issue
Balance not updated
Get help
Back to activity"
0499,screenshots/augmented/synthetic_bank_0499_blur.png,Sinhala,Sinhala,blur,"20:45
4G
Nova Mobile Banking
Secure transaction centre
PENDING
LKR 1,951.78
ඔබගේ ශේෂය තවම යාවත්කාලීන වී නැත.
Date & time
30 May 2024 • 08:32
Reference
NMB-2405-116815
Error code
IDQ-542
Issue
Balance not updated
Get help
Back to activity"
0499,screenshots/augmented/synthetic_bank_0499_rot.png,Sinhala,Sinhala,rotation,"20:45
4G
Nova Mobile Banking
Secure transaction centre
PENDING
LKR 1,951.78
ඔබගේ ශේෂය තවම යාවත්කාලීන වී නැත.
Date & time
30 May 2024 • 08:32
Reference
NMB-2405-116815
Error code
IDQ-542
Issue
Balance not updated
Get help
Back to activity"
0499,screenshots/augmented/synthetic_bank_0499_lowres.png,Sinhala,Sinhala,low-resolution,"20:45
4G
Nova Mobile Banking
Secure transaction centre
PENDING
LKR 1,951.78
ඔබගේ ශේෂය තවම යාවත්කාලීන වී නැත.
Date & time
30 May 2024 • 08:32
Reference
NMB-2405-116815
Error code
IDQ-542
Issue
Balance not updated
Get help
Back to activity"
0500,screenshots/synthetic_bank_0500.png,Sinhala,Sinhala,clean,"13:10
4G
Nova Mobile Banking
Secure transaction centre
PENDING
SGD 43.95
ඔබගේ මුදල් ආපසු ගෙවීම තවම පවතී.
Date & time
05 Oct 2024 • 07:14
Reference
NMB-2410-639964
Error code
EEI-834
Issue
Refund pending
Get help
Back to activity"
0500,screenshots/augmented/synthetic_bank_0500_blur.png,Sinhala,Sinhala,blur,"13:10
4G
Nova Mobile Banking
Secure transaction centre
PENDING
SGD 43.95
ඔබගේ මුදල් ආපසු ගෙවීම තවම පවතී.
Date & time
05 Oct 2024 • 07:14
Reference
NMB-2410-639964
Error code
EEI-834
Issue
Refund pending
Get help
Back to activity"
0500,screenshots/augmented/synthetic_bank_0500_rot.png,Sinhala,Sinhala,rotation,"13:10
4G
Nova Mobile Banking
Secure transaction centre
PENDING
SGD 43.95
ඔබගේ මුදල් ආපසු ගෙවීම තවම පවතී.
Date & time
05 Oct 2024 • 07:14
Reference
NMB-2410-639964
Error code
EEI-834
Issue
Refund pending
Get help
Back to activity"
0500,screenshots/augmented/synthetic_bank_0500_lowres.png,Sinhala,Sinhala,low-resolution,"13:10
4G
Nova Mobile Banking
Secure transaction centre
PENDING
SGD 43.95
ඔබගේ මුදල් ආපසු ගෙවීම තවම පවතී.
Date & time
05 Oct 2024 • 07:14
Reference
NMB-2410-639964
Error code
EEI-834
Issue
Refund pending
Get help
Back to activity"
